time,t_rel,target_pos
1785583349.5780957,3.148000004671303e-06,2.96692220792038e-06
1785583349.5830514,0.005176739999996016,0.004884636725074311
1785583349.587973,0.010105166999991866,0.009545485220921524
1785583349.5927556,0.015086722999996027,0.014266952565830167
1785583349.5977721,0.02013024199999336,0.019057724708952006
1785583349.6027572,0.025089632000003803,0.02377891299897538
1785583349.6077924,0.030131909999994377,0.028589458691210823
1785583349.612811,0.035094669999992334,0.03333438050987046
1785583349.6178057,0.0400928370000031,0.03812337192765019
1785583349.6227658,0.04508989299999655,0.042921497393514974
1785583349.627754,0.05008907900000281,0.04773182008305919
1785583349.6327746,0.055091950000004886,0.05255580130690601
1785583349.6377447,0.06008835800000156,0.05738359427626073
1785583349.6427486,0.0650886729999911,0.06222515739719224
1785583349.6477535,0.07008687699999427,0.06707461455506675
1785583349.6527653,0.07509097099999451,0.07193968457188014
1785583349.6577477,0.08008989699999347,0.0768095628492469
1785583349.6628213,0.08509963800000264,0.08169977962898523
1785583349.6678135,0.09009147199999745,0.08658222016108277
1785583349.6727605,0.09509076899999513,0.09148161010841148
1785583349.6777518,0.1000889729999983,0.09638952432544856
1785583349.6827545,0.10508875200000034,0.10130852469056266
1785583349.6877801,0.1100905670000003,0.10623901503509603
1785583349.6927593,0.11508941900000025,0.11117600429765662
1785583349.6977518,0.12008693900000367,0.11612102980620118
1785583349.702846,0.1250872539999932,0.12107811723439098
1785583349.7078054,0.13009045799999797,0.1260473127533183
1785583349.7129104,0.135098217999996,0.13103022895008426
1785583349.7178612,0.14009564399999874,0.136011969540244
1785583349.7228138,0.1450921640000047,0.1410018373771224
1785583349.7278311,0.1500931270000052,0.1460051183271328
1785583349.7328146,0.15509410900000375,0.1510173319930328
1785583349.737808,0.16009388700000216,0.1560371823924528
1785583349.7428052,0.16509223999999278,0.16106437292678305
1785583349.7478507,0.17009433299999444,0.16610403595966275
1785583349.7528615,0.17510583300000349,0.17116184589315694
1785583349.757823,0.18009198199999332,0.17620261248687646
1785583349.7628105,0.1850933719999972,0.1812672757922945
1785583349.7678306,0.19009394600000462,0.1863395410376347
1785583349.77336,0.19509392799999148,0.19141955971954044
1785583349.7778444,0.20009274400000265,0.19650667139435424
1785583349.7827833,0.20508785500000215,0.20159820664748124
1785583349.787771,0.21009002299999224,0.20670506912358372
1785583349.7928238,0.21509317099999237,0.21182099904726992
1785583349.797849,0.22009163500000284,0.21694011992382956
1785583349.8028047,0.2250937280000045,0.22207086623520264
1785583349.8077974,0.2300939320000026,0.22720750480684776
1785583349.8128207,0.23509489599999256,0.23235267611722013
1785583349.8178046,0.2400940259999942,0.23750363001469274
1785583349.8228085,0.24509250799999904,0.2426615032326197
1785583349.8278012,0.2500935639999966,0.24782954450646824
1785583349.832821,0.25509523099999853,0.25300565126174596
1785583349.8378093,0.26009324999999706,0.25818532730380017
1785583349.8428054,0.26509439899999165,0.26337551313891994
1785583349.847823,0.2700911400000052,0.26856829969258694
1785583349.8528137,0.2750947339999925,0.27377531075121636
1785583349.8578043,0.2800936790000037,0.2789844963956418
1785583349.862812,0.28509401299999126,0.2842020559049028
1785583349.8678,0.29009277199999417,0.28942480960435274
1785583349.872816,0.29509408799999903,0.29465698928946715
1785583349.877801,0.3000934399999977,0.2998937783448654
1785583349.8828413,0.30509320000000173,0.3051375694035032
1785583349.8878088,0.3100932379999932,0.31038813777020413
1785583349.8928175,0.3150955529999919,0.31564749700175865
1785583349.8978114,0.32009173899999155,0.32090671056410114
1785583349.9028025,0.32509297999999376,0.32617745712866303
1785583349.9078228,0.3300943509999996,0.33145446303152637
1785583349.9128065,0.33509418500000265,0.33673587310880215
1785583349.9177976,0.34009324100000526,0.34202239046015076
1785583349.922799,0.345092778999998,0.34731525175484906
1785583349.927832,0.3500932239999912,0.35261481326165567
1785583349.9328063,0.355093760999992,0.3579201160234684
1785583349.9377956,0.36009290999999166,0.36322948995303506
1785583349.9427967,0.36509344699999247,0.36854578478559274
1785583349.947843,0.37009166999999366,0.3738649639733271
1785583349.9528174,0.375094782000005,0.37919459694415203
1785583349.9578116,0.3800910229999914,0.3845220522130196
1785583349.9627964,0.3850924129999953,0.38986004216784853
1785583349.967873,0.3900928949999951,0.3952020059633552
1785583349.9728096,0.39509526599999845,0.4005508295297329
1785583349.9777997,0.40009359900000163,0.4059000680305538
1785583349.982802,0.4050935629999941,0.41125567998028595
1785583349.9878216,0.41009302700000205,0.41661527850797564
1785583349.9928043,0.4150933969999926,0.42198026471689787
1785583349.9977999,0.4200916389999918,0.4273472742697373
1785583350.0027962,0.4250938250000047,0.4327227210622824
1785583350.007819,0.43009312399999544,0.4380991564869273
1785583350.0128164,0.43509446000000196,0.44348176485156576
1785583350.0178053,0.44009357400000226,0.44886585138845236
1785583350.0228143,0.4450943169999988,0.45425545122546573
1785583350.027837,0.4500916719999992,0.4596450428054363
1785583350.0328145,0.4550909900000022,0.4650402822431896
1785583350.037849,0.4600930480000045,0.4704418987708642
1785583350.0428312,0.46509297699999763,0.47584451998026706
1785583350.0478532,0.4700927199999967,0.48125012714647514
1785583350.052894,0.47509455699999137,0.4866610703459142
1785583350.0578375,0.48009317099999294,0.4920714790780415
1785583350.0628285,0.4850926729999969,0.49748568253274716
1785583350.0678334,0.4900927869999947,0.5029032638137994
1785583350.0728486,0.49509417899999164,0.5083248258658778
1785583350.0778332,0.5000932749999976,0.5137463726650798
1785583350.0828316,0.5050932589999917,0.5191712344021184
1785583350.087851,0.5100933730000037,0.5245984666993333
1785583350.092837,0.5150937460000051,0.5300280862799103
1785583350.0978432,0.5200931379999929,0.5354586218731983
1785583350.1028333,0.5250926960000015,0.5408911937008807
1785583350.1078336,0.5300923660000052,0.5463256171778615
1785583350.1128402,0.5350934979999948,0.5517632335247331
1785583350.1178482,0.5400924819999915,0.5571999895682567
1785583350.1228595,0.5450963739999963,0.5626434316147064
1785583350.1278586,0.5500941920000031,0.5680814830361682
1785583350.1328387,0.5550933239999978,0.5735220505587968
1785583350.1378765,0.560092123000004,0.5789632109451417
1785583350.1428323,0.5650925340000015,0.5844069496212547
1785583350.1478589,0.5700925179999956,0.5898509141772837
1785583350.152832,0.5750929280000037,0.5952958995457203
1785583350.1578317,0.580092116000003,0.6007399764606707
1785583350.1628578,0.5850943229999928,0.6061876279700544
1785583350.16784,0.5900956219999927,0.6116344410921424
1785583350.1728647,0.5950976430000026,0.617082053651679
1785583350.177807,0.6000938680000019,0.6225232290506074
1785583350.1828089,0.6050936120000046,0.6279679730956805
1785583350.1877992,0.6100927260000049,0.6334116275787797
1785583350.1928139,0.6150934509999928,0.6388564920024968
1785583350.197808,0.6200919540000029,0.6442982516082644
1785583350.2028062,0.6250938080000026,0.6497428309415842
1785583350.207799,0.6300937930000003,0.6551844043591268
1785583350.212821,0.6350954069999943,0.6606266346962787
1785583350.217813,0.6400938729999979,0.6660641797514218
1785583350.2228348,0.6451004489999974,0.6715091384722875
1785583350.2278037,0.6500928039999962,0.676937080734867
1785583350.2328243,0.6551029000000028,0.6823826076994959
1785583350.2378013,0.6600940879999939,0.6878057377346609
1785583350.2427928,0.6650932569999952,0.6932355438697655
1785583350.247821,0.670091056000004,0.6986617158180259
1785583350.2528186,0.6750953180000039,0.7040926036128865
1785583350.2577982,0.6800934319999925,0.7095143691896368
1785583350.2627964,0.6850929350000001,0.7149350393354874
1785583350.2678058,0.690093418999993,0.7203540163875053
1785583350.2728179,0.6950951820000029,0.7257714670149152
1785583350.2778015,0.7000936289999942,0.7311822610107538
1785583350.282833,0.7050933169999922,0.7365911772662002
1785583350.287799,0.710093263999994,0.7419969951498337
1785583350.2928169,0.7150958969999976,0.7474021778650844
1785583350.2978013,0.7200914740000002,0.7527960458032581
1785583350.302794,0.7250934759999978,0.7581929961008975
1785583350.3078346,0.7300926639999972,0.7635828959338951
1785583350.3128364,0.7350939260000047,0.7689708551055241
1785583350.317816,0.7400930029999984,0.7743521236063002
1785583350.3227994,0.7450930990000018,0.7797299892051456
1785583350.3277962,0.7500932869999986,0.7851032898202781
1785583350.332823,0.7550959929999976,0.7904744642846063
1785583350.3378031,0.7600932179999944,0.7958347636214289
1785583350.3427994,0.7650930180000017,0.80119266752189
1785583350.3478246,0.7700910389999933,0.8065433422050344
1785583350.3528306,0.7750970599999931,0.8118970787267682
1785583350.3578072,0.7800942479999975,0.8172357077714785
1785583350.3627958,0.7850932139999998,0.8225704080898533
1785583350.3678021,0.7900929759999968,0.8278999571608843
1785583350.3728235,0.7950962009999927,0.8332270190889799
1785583350.377803,0.8000939450000004,0.8385419029845447
1785583350.3827972,0.8050930400000027,0.8438517097443481
1785583350.3878014,0.8100931359999919,0.8491558896693159
1785583350.3928595,0.815096804999996,0.8544569875674648
1785583350.3978064,0.8200919929999912,0.8597420682256387
1785583350.4027972,0.8250934409999928,0.8650265570175517
1785583350.407797,0.8300935550000048,0.870302242925735
1785583350.412818,0.8350947429999991,0.8755714897397848
1785583350.4178038,0.8400942640000011,0.8808312326908823
1785583350.4227977,0.8450930449999987,0.8860822737174348
1785583350.4277987,0.8500931399999985,0.891326589370725
1785583350.4328246,0.8550960129999936,0.8965655244677722
1785583350.4378185,0.8600944789999971,0.9017913777064211
1785583350.4428022,0.865092962999995,0.9070086045306591
1785583350.4478219,0.8700910959999959,0.9122166379525571
1785583350.452816,0.8750962839999943,0.9174229932854414
1785583350.4578054,0.880094138000004,0.9226125195389636
1785583350.4627995,0.8850919559999966,0.9277926298942631
1785583350.467798,0.8900932549999965,0.9329667739767289
1785583350.472842,0.8950982399999958,0.9381349562089021
1785583350.4778376,0.900093928000004,0.9432835993351055
1785583350.4828014,0.9050934859999984,0.9484261015677156
1785583350.4878035,0.9100937850000008,0.9535590415038417
1785583350.4928129,0.915094584000002,0.9586819781319642
1785583350.4978054,0.9200919569999968,0.9637907084927079
1785583350.502799,0.9250932749999947,0.968892574960249
1785583350.5078015,0.9300932590000031,0.973981991941705
1785583350.512816,0.9350941699999993,0.9790610695042333
1785583350.5177994,0.940094098000003,0.9841276745886425
1785583350.5228114,0.9450949350000002,0.9891835305226844
1785583350.5278,0.9500930859999954,0.994224814276784
1785583350.5328195,0.9550944399999963,0.9992572682715639
1785583350.5378423,0.9600918879999938,1.0042735457897762
1785583350.5428054,0.965093502000002,1.0092815513215574
1785583350.547822,0.9700915229999936,1.0142733163227695
1785583350.5528,0.9750925259999974,1.01925521154967
1785583350.5577943,0.9800937320000003,1.024224257260471
1785583350.562834,0.9850925679999989,1.0291777058438332
1785583350.5678003,0.9900930339999974,1.034119323564188
1785583350.5728624,0.9951042409999928,1.0390578624175544
1785583350.577818,1.0000922619999955,1.043959737153277
1785583350.5828485,1.005093617,1.0488606757895735
1785583350.5878365,1.0100929529999974,1.0537453830890078
1785583350.5928311,1.0150925669999964,1.0586159072149424
1785583350.5978348,1.0200930139999969,1.0634725797165285
1785583350.6028295,1.0250936279999934,1.0683145443586974
1785583350.6078365,1.0300930199999954,1.0731402553711111
1785583350.6128323,1.0350922079999947,1.0779504957208041
1785583350.6178312,1.0400920069999984,1.0827458409811679
1785583350.622828,1.0450919359999915,1.087525618978542
1785583350.627831,1.050092253999992,1.0922898668133754
1785583350.6328316,1.0550923489999917,1.0970377919335945
1785583350.6378298,1.060091963000005,1.1017689435425155
1785583350.642827,1.0650925399999949,1.106484475887417
1785583350.6478894,1.0700925430000012,1.1111827272303052
1785583350.6528285,1.0750927489999924,1.1158642185338121
1785583350.6578255,1.0800925850000027,1.1205282026207999
1785583350.6629193,1.0850978839999925,1.1251798819146752
1785583350.667846,1.0900954800000022,1.1298068195833824
1785583350.6728365,1.0950926489999944,1.1344155818822976
1785583350.6778312,1.1000921889999944,1.1390085253592472
1785583350.6828296,1.1050921180000017,1.1435836000471848
1785583350.6878283,1.1100926579999992,1.1481407887434678
1785583350.692831,1.1150925679999943,1.1526787452102552
1785583350.6978338,1.1200936639999952,1.1571988985844888
1785583350.7028265,1.1250923329999978,1.161697774030345
1785583350.7078307,1.1300927249999972,1.1661788937586688
1785583350.7128294,1.1350918760000042,1.1706393814755294
1785583350.7178273,1.1400925450000017,1.1750814793843758
1785583350.722824,1.145091973999996,1.1795025176008305
1785583350.7278407,1.1500933290000006,1.183905072832205
1785583350.7328699,1.1550929240000016,1.1882856801108423
1785583350.7378888,1.1600935750000048,1.1926465913223296
1785583350.7428317,1.1650922820000034,1.1969849756702273
1785583350.7478483,1.1700920250000024,1.2013032046287353
1785583350.7528253,1.1750926759999913,1.2056009343048346
1785583350.7578526,1.1800932719999935,1.2098771100926349
1785583350.762835,1.1850925520000004,1.2141304406711177
1785583350.7678297,1.1900927220000028,1.2183625833876837
1785583350.7728276,1.1950919840000012,1.2225717939310323
1785583350.7778344,1.2000925979999977,1.2267597491130593
1785583350.7828286,1.2050919710000016,1.2309240531892462
1785583350.7878468,1.2101101039999946,1.235081022021422
1785583350.7928557,1.2150916989999985,1.2391847458107024
1785583350.7978532,1.2201117390000036,1.2432967548776759
1785583350.8028262,1.2250923529999938,1.2473530467389997
1785583350.8078263,1.2300922999999955,1.251401392648601
1785583350.812829,1.235093710000001,1.255426950420302
1785583350.8178601,1.2400918609999962,1.2594257065816377
1785583350.8228393,1.2450929009999925,1.2634023563469403
1785583350.827826,1.2500919409999938,1.2673527792982733
1785583350.8328295,1.255092591999997,1.2712796051210637
1785583350.8378248,1.2600922620000006,1.2751805667572054
1785583350.8428261,1.2650925049999984,1.2790566525214322
1785583350.847847,1.270091655999991,1.282906348256628
1785583350.8528273,1.2750919369999991,1.2867311370358487
1785583350.8578277,1.2800920880000035,1.2905298193534707
1785583350.8628302,1.2850921649999947,1.2943022111356703
1785583350.8678293,1.2900919450000004,1.29804791866372
1785583350.8728268,1.2950920589999981,1.301767185762802
1785583350.8778286,1.3000926919999927,1.3054599143589163
1785583350.8828316,1.305092842999997,1.3091251359438516
1785583350.8878272,1.3100923269999925,1.312762495144465
1785583350.892826,1.3150918669999925,1.3163722937422073
1785583350.897827,1.3200922030000015,1.3199548295207228
1785583350.9028618,1.325092576000003,1.3235093221002785
1785583350.9078302,1.330091987000003,1.327034839445365
1785583350.9128754,1.3350950819999952,1.3305344046646115
1785583350.9178925,1.3400923629999966,1.3340011625070325
1785583350.9228354,1.345092495000003,1.3374409197122006
1785583350.927833,1.350093239000003,1.3408518757551195
1785583350.9328313,1.3550925379999939,1.3442324047316954
1785583350.9378302,1.3600925220000022,1.3475837234484187
1785583350.942828,1.3650921549999993,1.3509049043035204
1785583350.9478528,1.3700929350000024,1.3541967048950716
1785583350.9528277,1.3750926419999985,1.3574574328954536
1785583350.9578273,1.3800923849999975,1.3606875907093599
1785583350.9628234,1.385092869999994,1.3638873969597962
1785583350.967834,1.390092224,1.3670554264390047
1785583350.972832,1.3950932270000038,1.3701932056205024
1785583350.9778233,1.4000923779999965,1.3732983095779216
1785583350.9828346,1.405092400000001,1.3763722087415065
1785583350.9878628,1.410092309999996,1.3794140614561945
1785583350.9928312,1.4150929049999945,1.382424117017828
1785583350.9978287,1.4200922039999995,1.3854009589792373
1785583351.0028255,1.4250927260000026,1.3883458581278723
1785583351.0078275,1.430092676000001,1.391257521249941
1785583351.012827,1.4350925689999912,1.3941360248732986
1785583351.0178244,1.440091370999994,1.396980555783339
1785583351.022823,1.4450919869999979,1.3997925305281704
1785583351.0278237,1.4500914179999995,1.4025700272905428
1785583351.0328348,1.4550921999999957,1.4053142243188408
1785583351.0378242,1.4600915019999974,1.4080233407264733
1785583351.042825,1.4650918399999995,1.4106985159773515
1785583351.0478792,1.4700914750000038,1.4133385880133662
1785583351.052828,1.4750921649999924,1.415944253400836
1785583351.0578256,1.4800920029999958,1.4185142885626658
1785583351.062825,1.4850918409999991,1.4210489129435158
1785583351.0678244,1.4900920319999926,1.4235480745151428
1785583351.0728605,1.4950919810000016,1.4260112477801465
1785583351.077824,1.5000917449999918,1.428438238825295
1785583351.082827,1.5050917869999978,1.4308290451218033
1785583351.0878222,1.5100915700000002,1.4331831837778166
1785583351.092823,1.5150908339999916,1.4355003153946058
1785583351.0978281,1.5200914499999953,1.4377810727588929
1785583351.1028233,1.5250924919999989,1.4400247888789224
1785583351.1078212,1.530091830999993,1.442230298435317
1785583351.1128304,1.5350915580000049,1.444398314705968
1785583351.1178358,1.540091321999995,1.446528457166181
1785583351.1228275,1.545091733999996,1.4486207552144572
1785583351.1278248,1.5500919619999962,1.4506746327400806
1785583351.1328297,1.5550919850000042,1.4526898634107135
1785583351.1378274,1.5600912679999936,1.4546660209149338
1785583351.1428244,1.5650917539999938,1.456603646740374
1785583351.1478465,1.5700915369999962,1.4585017758658374
1785583351.1528268,1.5750916530000012,1.460360585859748
1785583351.1578732,1.580091232000001,1.4621795362161052
1785583351.162863,1.5850983109999959,1.4639612485623008
1785583351.1725056,1.590092538999997,1.4656983271047719
1785583351.1731577,1.5954885219999966,1.467529925665481
1785583351.1777897,1.6000913449999956,1.4690549785044078
1785583351.1831527,1.6050885909999977,1.4706716081797864
1785583351.187885,1.6100910579999947,1.4722489388121724
1785583351.192881,1.6150913040000034,1.4737843717621146
1785583351.1978807,1.6200889200000006,1.4752776270496395
1785583351.2028906,1.6250922400000007,1.4767309426996886
1785583351.207997,1.6300955039999963,1.4781423616999991
1785583351.2129977,1.6350953059999966,1.479510754937923
1785583351.2179935,1.640095458999994,1.4808369936454049
1785583351.2230713,1.6451720190000003,1.4821400563005782
1785583351.2278843,1.6501002279999994,1.4833629611556574
1785583351.2328858,1.6550973810000045,1.4845604377798316
1785583351.2378607,1.6600971270000002,1.4857154634806498
1785583351.242888,1.6650955389999922,1.4868269074648333
1785583351.2478318,1.6700923589999945,1.4878945440260487
1785583351.2527916,1.675093382,1.4889193715803548
1785583351.2577834,1.6800928319999997,1.4898999672072397
1785583351.2627876,1.6850928549999935,1.4908365610636538
1785583351.2677836,1.690092711999995,1.4917288063468674
1785583351.2727838,1.6950920879999956,1.4925764534410066
1785583351.277829,1.7000965550000018,1.4933801841000356
1785583351.2828288,1.7050954679999961,1.4941380947603913
1785583351.2877975,1.7100927319999926,1.494850675636785
1785583351.2927845,1.7150924780000025,1.4955183065626558
1785583351.297784,1.7200909639999935,1.4961402743691636
1785583351.3027778,1.725091636000002,1.4967167992333792
1785583351.3078501,1.730097826000005,1.4972479642703214
1785583351.3128297,1.7350954049999956,1.497732119143775
1785583351.317785,1.7400909290000044,1.4981698541229624
1785583351.3227844,1.7450933779999929,1.4985616969187312
1785583351.3278136,1.750092030999994,1.4989065737998244
1785583351.332794,1.7550932949999947,1.4992047541007862
1785583351.337815,1.760092708000002,1.4994557730856966
1785583351.3427815,1.7650930279999955,1.49965959570819
1785583351.3478003,1.7700903660000051,1.4998159074203958
1785583351.352781,1.7750927780000012,1.4999247459979572
1785583351.357802,1.7800941719999912,1.4999857377320203
1785583351.3627841,1.7850931589999988,1.4999987329881868
1785583351.3677866,1.7900930710000011,1.4999635812734184
1785583351.3728116,1.7950929830000035,1.4998800965677697
1785583351.377782,1.8000927289999993,1.4997481062307785
1785583351.3827848,1.8050924930000036,1.4995674311047213
1785583351.3878262,1.810097017000004,1.4993376546423045
1785583351.3928363,1.8150962069999963,1.4990590749407235
1785583351.3977876,1.8200914530000034,1.498731579020332
1785583351.4027832,1.8250928279999954,1.4983543034537832
1785583351.4077797,1.830092406999995,1.4979276125479486
1785583351.4128137,1.8350920970000004,1.4974512007145129
1785583351.417832,1.8400967319999921,1.4969243652282747
1785583351.422829,1.8450947550000052,1.496348182754453
1785583351.4277868,1.850091704999997,1.4957219669746316
1785583351.4327824,1.8550925619999958,1.4950448893858694
1785583351.4377813,1.8600921409999955,1.4943174521009428
1785583351.4427824,1.8650925529999967,1.4935391960854334
1785583351.4478502,1.8700944280000016,1.492709831259711
1785583351.452828,1.875093636999992,1.491829905249512
1785583351.4578364,1.8800927529999996,1.4908988537474093
1785583351.4627972,1.8850915360000045,1.489916576070397
1785583351.467786,1.8900926329999947,1.488882371242402
1785583351.472782,1.8950926199999998,1.4877967801297145
1785583351.477786,1.900093032000001,1.4866593331687512
1785583351.482785,1.9050927779999967,1.4854701371744534
1785583351.4877791,1.9100931720000034,1.4842287365502254
1785583351.4927926,1.9150921949999997,1.4829355023441448
1785583351.4978678,1.9200951819999972,1.4815888739673257
1785583351.5028298,1.9250950389999986,1.4801906098685982
1785583351.5077875,1.930090210000003,1.4787411324204898
1785583351.5127878,1.9350927889999952,1.477236755154945
1785583351.517806,1.940093349999998,1.4756800951414961
1785583351.5227895,1.9450932439999917,1.4740706440874285
1785583351.5277822,1.9500930260000047,1.4724081073827484
1785583351.5327842,1.9550924389999977,1.4706924517968967
1785583351.5378351,1.9600953140000001,1.4689221887010016
1785583351.5428326,1.9650962270000036,1.4670990908559969
1785583351.5478063,1.9700914910000051,1.4652245043106265
1785583351.5527837,1.975092348000004,1.4632940928718616
1785583351.5577996,1.9800912049999937,1.4613106134645555
1785583351.5628073,1.9850943389999998,1.4592714243758298
1785583351.5677829,1.990091954999997,1.4571804259495953
1785583351.5727954,1.9950931079999918,1.4550337517631904
1785583351.5777924,2.0000919839999938,1.4528337691672255
1785583351.582822,2.0050929519999983,1.4505784527555268
1785583351.5877826,2.0100924199999923,1.4482693093570644
1785583351.5927813,2.0150924059999937,1.445905321748406
1785583351.597827,2.0200946519999974,1.4434855217378215
1785583351.6028352,2.025093396999992,1.4410126198141464
1785583351.6077883,2.030091162000005,1.438485348120016
1785583351.6127853,2.0350925190000027,1.4359012595060094
1785583351.61778,2.0400927089999925,1.4332626829751671
1785583351.6227825,2.0450925100000035,1.4305691461770482
1785583351.6278524,2.0500953479999993,1.4278186743498906
1785583351.6328447,2.0550956679999928,1.4250142301026523
1785583351.6377957,2.060093932000001,1.4221555499099123
1785583351.642782,2.06509303,1.4192409232757974
1785583351.6478066,2.0700911459999958,1.4162713359932186
1785583351.652783,2.0750924099999963,1.4132442250792823
1785583351.6577795,2.0800923599999948,1.4101621900393566
1785583351.6627924,2.0850939199999914,1.4070233554015248
1785583351.6678662,2.0900936470000033,1.4038298200485866
1785583351.6728497,2.0950959489999974,1.4005786928899437
1785583351.6778145,2.100095213000003,1.397273569259475
1785583351.6827836,2.105092810000002,1.3939135639252096
1785583351.6877809,2.1100922969999942,1.390496226439507
1785583351.6927807,2.1150918200000035,1.38702273904947
1785583351.697775,2.120090806999997,1.383493457590148
1785583351.7027795,2.1250919780000004,1.3799063866046302
1785583351.7077777,2.130092242999993,1.3762636761468805
1785583351.712826,2.1350936549999915,1.3725637845406489
1785583351.7178264,2.1400945120000046,1.3688079216096591
1785583351.7227817,2.1450919800000037,1.3649982460276724
1785583351.7277799,2.1500920959999945,1.3611301344794846
1785583351.7327898,2.155092971000002,1.3572049596831097
1785583351.737783,2.160092605999992,1.3532242706555653
1785583351.742822,2.1650936479999956,1.3491859317103876
1785583351.747843,2.1700940970000033,1.3450915215663963
1785583351.752825,2.1750896389999923,1.340944646251661
1785583351.7577841,2.1800898669999924,1.3367373295058385
1785583351.7628233,2.185091853000003,1.332471911843142
1785583351.7677813,2.1900928019999952,1.3281507535370494
1785583351.7727797,2.195092548000005,1.3237740281061392
1785583351.7777784,2.200092294000001,1.3193406978937583
1785583351.7827806,2.205091964999994,1.314850828665877
1785583351.7877831,2.210092247999995,1.3103037953432308
1785583351.7928221,2.2150941240000037,1.30569867240798
1785583351.797833,2.2200935729999998,1.301039182205395
1785583351.8027859,2.2250929300000024,1.2963232013946961
1785583351.807781,2.2300924529999975,1.2915504985252901
1785583351.8127887,2.235092014000003,1.286721208605083
1785583351.8178024,2.240093036999994,1.2818339500813463
1785583351.8228211,2.245093913000005,1.2768902955862016
1785583351.827826,2.2500943619999987,1.27189055734428
1785583351.832785,2.2550925709999916,1.2668366221378031
1785583351.8379047,2.2600931869999954,1.2617238203723007
1785583351.842782,2.2650876919999945,1.2565609590056437
1785583351.8478007,2.2700906230000015,1.2513330103444995
1785583351.8527875,2.275092201999996,1.2460501143327058
1785583351.8577876,2.2800925029999917,1.2407122822692542
1785583351.8627872,2.285093175,1.2353178174458042
1785583351.8678062,2.290095717,1.2298651166348158
1785583351.8727865,2.295093092000002,1.2243619604883411
1785583351.877779,2.3000928379999976,1.2188001533591826
1785583351.882813,2.305093658000004,1.213181141701346
1785583351.8877828,2.3100923850000044,1.2075085660488694
1785583351.8927832,2.315092407999998,1.201778662240711
1785583351.8977807,2.3200907279999967,1.195994945557421
1785583351.9028249,2.325094511000003,1.1901491362819587
1785583351.907824,2.3300954049999945,1.1842510274942413
1785583351.9127848,2.335093557999997,1.1783006206544935
1785583351.9177833,2.3400914700000044,1.172295074579599
1785583351.9228158,2.345092772000001,1.1662300628290845
1785583351.9277775,2.350099165000003,1.1601034743934453
1785583351.9327824,2.3550923929999925,1.1539378799380688
1785583351.9377756,2.3600985089999966,1.1477012137524714
1785583351.9428227,2.365096198999993,1.141420058372789
1785583351.9478514,2.3700931110000028,1.1350850601180755
1785583351.952784,2.375090671999999,1.1286945220821174
1785583351.957778,2.380092195000003,1.1222442459401687
1785583351.9627802,2.3850924970000023,1.1157409885720297
1785583351.967781,2.3900923899999924,1.10918384171126
1785583351.972779,2.3950926919999915,1.1025718573556538
1785583351.9777725,2.400092215000001,1.0959067408433012
1785583351.9828305,2.4050981270000023,1.0891789773209748
1785583351.9878266,2.410095224999992,1.0824091741506339
1785583351.9927883,2.415089655999992,1.0755893285062847
1785583351.9977796,2.420091142000004,1.068706237473664
1785583352.002777,2.425093517999997,1.061768404639548
1785583352.0078156,2.430092524999992,1.0547819273120045
1785583352.0127883,2.4350931799999955,1.0477399758709443
1785583352.017778,2.4400929279999986,1.040646294663528
1785583352.0227804,2.4450923419999953,1.0335002524055095
1785583352.0277774,2.4500929969999987,1.0262997492627308
1785583352.032828,2.4550969299999963,1.0190419505574473
1785583352.037816,2.4600934559999956,1.011742592391979
1785583352.0427792,2.4650906109999937,1.0043902185084197
1785583352.0477955,2.4700899509999914,0.9969826764732386
1785583352.0527897,2.475092680000003,0.9895182805026989
1785583352.0577772,2.480092482999993,0.9820066346997031
1785583352.0627766,2.4850924899999995,0.9744432714945597
1785583352.0677793,2.4900925160000043,0.9668286639169836
1785583352.0728598,2.495098764000005,0.9591534703979705
1785583352.0778375,2.500092566999996,0.9514466091829645
1785583352.0828001,2.5050907410000036,0.9436824595615219
1785583352.0877812,2.510092728999993,0.9358619748951666
1785583352.0928159,2.515092531999997,0.9279947261444071
1785583352.097777,2.5200903909999965,0.9200806163173632
1785583352.102777,2.525092454000003,0.912110100472046
1785583352.1077738,2.530091979000005,0.90409412494815
1785583352.112824,2.535094282000003,0.8960243951604873
1785583352.1178248,2.5400940669999983,0.8879096870163874
1785583352.1227856,2.5450879999999927,0.8797557743868074
1785583352.1277802,2.550092062999994,0.8715367441291529
1785583352.1327834,2.5550919960000016,0.8632761787802357
1785583352.1378026,2.560092651000005,0.8549663639425028
1785583352.1427886,2.5650920100000008,0.846610917538114
1785583352.1477904,2.570089682999992,0.8382107942111295
1785583352.1527803,2.5750922639999914,0.8297551292963967
1785583352.1577823,2.5800926050000044,0.8212562354928702
1785583352.1628244,2.585095648999996,0.8127059777160921
1785583352.1677895,2.590093581000005,0.8041180221851318
1785583352.1727939,2.5950931069999967,0.7954811755742108
1785583352.1778262,2.6000927070000017,0.7867983252904552
1785583352.1827884,2.6050925840000048,0.7780694027605661
1785583352.1877775,2.610092295000001,0.769295472772894
1785583352.19278,2.6150923390000003,0.7604759544108777
1785583352.1977766,2.620090493999996,0.7516150889943307
1785583352.202833,2.625092037999991,0.7427038047804382
1785583352.2078242,2.630093303999999,0.7337489034271243
1785583352.212791,2.635094311000003,0.7247506717496305
1785583352.2177923,2.640090280999999,0.7157180935218218
1785583352.2227936,2.645093342999999,0.7066295349873394
1785583352.2277837,2.650092479999998,0.6975052945208104
1785583352.2327857,2.6550928019999986,0.6883364108320382
1785583352.2377806,2.6600924379999924,0.6791266424684537
1785583352.242837,2.665096297000005,0.6698672406718357
1785583352.2478454,2.6700939889999944,0.6605777984060713
1785583352.252796,2.675094403999992,0.6512421808742119
1785583352.2577817,2.6800920590000032,0.6418709755378303
1785583352.262822,2.6850922510000004,0.6324546073996086
1785583352.267789,2.690092906000004,0.6229973049315998
1785583352.2727833,2.6950924129999976,0.6135024862724889
1785583352.2777781,2.700092939000001,0.6039664048866401
1785583352.2827938,2.7050925380000024,0.594393142185066
1785583352.2878256,2.7100941559999967,0.5847774202217162
1785583352.2928274,2.7150942749999984,0.5751263762890737
1785583352.2977774,2.720090263000003,0.5654455384752999
1785583352.302778,2.7250918069999983,0.5557165079171985
1785583352.307781,2.730092850999995,0.5459514003567233
1785583352.3127866,2.735092025,0.5361533135257601
1785583352.3178189,2.740094087000003,0.5263133115728498
1785583352.3228269,2.7450947049999996,0.5164403054655965
1785583352.3278043,2.750093063999998,0.5065363526872407
1785583352.3327875,2.755092959999999,0.4965943520951373
1785583352.337778,2.760092114999992,0.48661924178418703
1785583352.3427823,2.7650913439999982,0.47660982335680624
1785583352.3478777,2.7700939810000023,0.46655981132914826
1785583352.3528326,2.775094746999997,0.4564802249310632
1785583352.3577852,2.780093217000001,0.44637239573448223
1785583352.3627758,2.785092316999993,0.43623086051599835
1785583352.367776,2.7900915639999937,0.42605703290510055
1785583352.3729172,2.7950929419999966,0.4158472992453994
1785583352.3778243,2.8000959860000023,0.40560302313498375
1785583352.3828175,2.8050929740000043,0.3953405107470105
1785583352.3878326,2.8100928890000034,0.3850417998148894
1785583352.3928475,2.815092524999997,0.3747139317416626
1785583352.3978066,2.820092920999997,0.3643552219272354
1785583352.4028084,2.8250920210000032,0.3539704040789833
1785583352.4078043,2.8300921940000023,0.34355503287680755
1785583352.4130294,2.8351532380000037,0.33298450923696626
1785583352.4177966,2.8400919310000035,0.3226425012852018
1785583352.423116,2.8450924929999957,0.3121442176200191
1785583352.427644,2.850075222000001,0.30165711799257866
1785583352.432685,2.8550767109999953,0.29110467096015974
1785583352.437809,2.86009344,0.28049453957762427
1785583352.4427974,2.8650918729999972,0.26989817712569497
1785583352.4478762,2.8701007319999974,0.25925526150821576
1785583352.4528189,2.875092812999995,0.24862415167921403
1785583352.4578156,2.8800932089999947,0.23795198365583642
1785583352.4628067,2.8850918819999976,0.227260652009711
1785583352.4678051,2.890092870999993,0.21654203538472594
1785583352.4728065,2.895091784999991,0.20580606845848895
1785583352.4778032,2.900092477000001,0.1950450073932129
1785583352.482806,2.9050920210000015,0.18426567751425732
1785583352.4878044,2.9100922129999987,0.17346474639123988
1785583352.4928024,2.9150923870000014,0.1626441893932643
1785583352.497806,2.920093042000005,0.15180346839328562
1785583352.5028052,2.925091901000002,0.14094807505697615
1785583352.5078015,2.930091945000001,0.130072091068358
1785583352.5128033,2.9350922480000037,0.11917807840253038
1785583352.5178418,2.940092440000001,0.10826740171296295
1785583352.5228188,2.9450928549999986,0.09733989468309422
1785583352.5278022,2.9500923429999943,0.0863986404344055
1785583352.5328329,2.9550930730000005,0.07543946105619098
1785583352.5378294,2.9600923019999925,0.06446894283830429
1785583352.5428107,2.9650924009999926,0.053482463004197095
1785583352.547823,2.9700922419999927,0.042483078509082825
1785583352.5528069,2.9750918780000006,0.03147125919134372
1785583352.5578015,2.980092404000004,0.020445178907582302
1785583352.563043,2.985111966000005,0.009365348409969804
1785583352.5678098,2.990094491999997,-0.001643806292137159
1785583352.5728285,2.9951106839999966,-0.012737892469638808
1785583352.5778253,3.000092468999995,-0.023765754745892667
1785583352.5828638,3.005111290000002,-0.034884941227519985
1785583352.5878053,3.0100932419999964,-0.045931109907424356
1785583352.5928497,3.0151113229999993,-0.05706549739075728
1785583352.5978296,3.020093293000002,-0.0681272009907978
1785583352.602817,3.0250930779999976,-0.07923529631548945
1785583352.6078048,3.030092824999997,-0.09034953409575468
1785583352.612803,3.035092646999999,-0.10146954009877593
1785583352.617805,3.040092950000002,-0.11259558938246589
1785583352.6228292,3.045092365000002,-0.12372400329900907
1785583352.6278117,3.0500930009999934,-0.1348588414903339
1785583352.6328013,3.0550922120000052,-0.14599357370417346
1785583352.6378005,3.060092107999992,-0.15713225745537565
1785583352.642835,3.065092410999995,-0.16827362961060957
1785583352.647848,3.070093288999999,-0.1794174171444127
1785583352.6528058,3.0750925180000053,-0.19055801320771562
1785583352.6578016,3.0800929319999995,-0.2017010794702282
1785583352.6628942,3.0850990870000032,-0.21285611016211747
1785583352.6678107,3.0900934649999954,-0.22398341315505604
1785583352.672802,3.0950929899999977,-0.2351200354827132
1785583352.6778026,3.100092219000004,-0.24625318468045182
1785583352.6828048,3.1050924860000038,-0.25738516276276735
1785583352.687805,3.110092456000004,-0.26851232590498664
1785583352.6928082,3.1150927399999944,-0.27963536000623274
1785583352.6978023,3.1200924139999984,-0.29075153364721923
1785583352.7027993,3.125091365000003,-0.30185991890011177
1785583352.7078025,3.1300920580000025,-0.3129653095893476
1785583352.7128499,3.1350921760000006,-0.3240618732760836
1785583352.7178094,3.1400931830000047,-0.3351521709142675
1785583352.7228029,3.1450928189999985,-0.3462305022821803
1785583352.7278018,3.1500919930000038,-0.35729819459533363
1785583352.7328057,3.155093463,-0.3683606536941769
1785583352.737824,3.160092524999996,-0.3794067785480103
1785583352.7428093,3.1650920879999944,-0.39044230407895664
1785583352.7478247,3.170092373000003,-0.4014670121066308
1785583352.7528012,3.175092343000003,-0.4124779106895895
1785583352.7577977,3.1800925719999924,-0.42347555774451784
1785583352.7627985,3.185092634,-0.434458307373761
1785583352.7678032,3.1900921040000014,-0.4454245187830819
1785583352.7728164,3.1950912039999935,-0.45637397077719666
1785583352.7778106,3.200093377999991,-0.46731347838094817
1785583352.782804,3.2050917179999914,-0.4782272211701497
1785583352.7878036,3.2100927059999975,-0.48912863944258844
1785583352.7928028,3.2150918060000038,-0.5000071204954496
1785583352.7977993,3.2200925169999977,-0.5108695570167049
1785583352.8028033,3.2250920789999924,-0.5217092264051462
1785583352.807801,3.230092678999995,-0.532530144300758
1785583352.8128028,3.235092334000001,-0.5433272907359277
1785583352.8178034,3.2400930820000013,-0.5541043356842775
1785583352.8227985,3.245092550999999,-0.5648554368210006
1785583352.8279593,3.2500915210000016,-0.57
1785583352.8328311,3.2550948989999995,-0.57
1785583352.8378072,3.260093795000003,-0.57
1785583352.8427665,3.265091171999998,-0.57
1785583352.8478262,3.2700928639999916,-0.57
1785583352.8528073,3.275092704000002,-0.57
1785583352.8578022,3.2800920450000035,-0.57
1785583352.8628066,3.2850924589999977,-0.57
1785583352.8677983,3.2900921330000017,-0.57
1785583352.8728049,3.2950917139999945,-0.57
1785583352.8778002,3.3000925730000006,-0.57
1785583352.8828,3.3050917279999936,-0.57
1785583352.8878002,3.3100917350000003,-0.57
1785583352.8928058,3.315091964000004,-0.57
1785583352.897827,3.32009223,-0.57
1785583352.902844,3.325092773999998,-0.57
1785583352.9078043,3.330093132999991,-0.57
1785583352.9128585,3.3350959179999933,-0.57
1785583352.9178092,3.3400930920000036,-0.57
1785583352.9228017,3.3450922650000052,-0.57
1785583352.927799,3.3500913829999917,-0.57
1785583352.9328098,3.355093224000001,-0.57
1785583352.9378138,3.3600925450000005,-0.57
1785583352.9428067,3.365092403999995,-0.57
1785583352.9478233,3.370092521999993,-0.57
1785583352.9528003,3.375091900000001,-0.57
1785583352.957801,3.380092146999999,-0.57
1785583352.9627988,3.385091450999994,-0.57
1785583352.9678018,3.3900923089999964,-0.57
1785583352.972799,3.3950923529999955,-0.57
1785583352.9778037,3.400092231000002,-0.57
1785583352.9828262,3.4050923490000002,-0.57
1785583352.9878116,3.410091762999997,-0.57
1785583352.9928055,3.415091973999992,-0.57
1785583352.9978263,3.4200914989999944,-0.57
1785583353.002802,3.4250932110000036,-0.57
1785583353.0077975,3.4300918120000006,-0.57
1785583353.0128007,3.4350925250000017,-0.57
1785583353.0177999,3.440091977999998,-0.57
1785583353.0228019,3.445093412999995,-0.57
1785583353.0278008,3.4500917550000025,-0.57
1785583353.0328093,3.455094004000003,-0.57
1785583353.0378013,3.460093032000003,-0.57
1785583353.0428,3.465091892999993,-0.57
1785583353.0478144,3.4700921980000032,-0.57
1785583353.0527985,3.475092207000003,-0.57
1785583353.057799,3.4800914380000023,-0.57
1785583353.062803,3.4850921869999922,-0.57
1785583353.0678017,3.4900923999999947,-0.57
1785583353.0728016,3.4950922419999984,-0.57
1785583353.0778015,3.5000923620000037,-0.57
1785583353.082828,3.505091667000002,-0.57
1785583353.0877998,3.5100921760000006,-0.57
1785583353.092839,3.515091776999995,-0.57
1785583353.0978012,3.5200916379999967,-0.57
1785583353.102798,3.5250916279999984,-0.57
1785583353.1077964,3.5300915450000048,-0.57
1785583353.1127956,3.5350911089999926,-0.57
1785583353.1177988,3.5400916370000033,-0.57
1785583353.1227994,3.5450912940000023,-0.57
1785583353.1277966,3.550090764999993,-0.57
1785583353.1328013,3.5550909779999955,-0.57
1785583353.1377962,3.560091689999993,-0.57
1785583353.1427975,3.5650906989999953,-0.57
1785583353.147821,3.570091449000003,-0.57
1785583353.1528037,3.575091698999998,-0.57
1785583353.1578574,3.5801107439999953,-0.57
1785583353.16287,3.5850971050000027,-0.57
1785583353.1678686,3.5900928359999966,-0.57
1785583353.172838,3.5950928449999964,-0.57
1785583353.1778286,3.6000919279999977,-0.57
1785583353.1828303,3.6050931959999986,-0.57
1785583353.1878257,3.6100922609999913,-0.57
1785583353.192835,3.6150931579999934,-0.57
1785583353.197826,3.6200917230000016,-0.57
1785583353.202828,3.6250924719999915,-0.57
1785583353.207827,3.6300924809999913,-0.57
1785583353.2128294,3.6350928049999993,-0.57
1785583353.2178257,3.6400918690000026,-0.57
1785583353.2228289,3.6450921929999964,-0.57
1785583353.2278237,3.650092035,-0.57
1785583353.2328303,3.6550926369999956,-0.57
1785583353.2378259,3.660091867999995,-0.57
1785583353.2428265,3.665091672999992,-0.57
1785583353.2478423,3.670092404000002,-0.57
1785583353.2528548,3.675091765000005,-0.57
1785583353.257824,3.680092309999992,-0.57
1785583353.2628436,3.685093522999992,-0.57
1785583353.2678294,3.6900927730000035,-0.57
1785583353.2728288,3.6950918,-0.57
1785583353.2778287,3.700092049999995,-0.57
1785583353.2828302,3.7050924469999984,-0.57
1785583353.287832,3.7100924930000048,-0.57
1785583353.2928298,3.7150918349999955,-0.57
1785583353.2978275,3.7200926780000003,-0.57
1785583353.3028276,3.725093242,-0.57
1785583353.3078237,3.730092009999993,-0.57
1785583353.312827,3.735092222999995,-0.57
1785583353.317851,3.7400953060000006,-0.57
1785583353.3227975,3.7450902030000037,-0.57
1785583353.32779,3.750091748999992,-0.57
1785583353.3328357,3.7550937949999934,-0.57
1785583353.3378637,3.7600928600000003,-0.57
1785583353.342831,3.7650924609999947,-0.57
1785583353.347866,3.7700920629999928,-0.57
1785583353.3528264,3.775092385999997,-0.57
1785583353.3578298,3.7800925800000016,-0.57
1785583353.3628278,3.7850919219999923,-0.57
1785583353.3678298,3.7900928760000028,-0.57
1785583353.3728411,3.7950932920000042,-0.57
1785583353.3778667,3.800092023000005,-0.57
1785583353.3828597,3.8050929019999984,-0.57
1785583353.387828,3.8100920589999987,-0.57
1785583353.3928246,3.8150921609999955,-0.57
1785583353.3978226,3.8200916699999965,-0.57
1785583353.4028273,3.825092140999999,-0.57
1785583353.4078264,3.8300918730000006,-0.57
1785583353.4128962,3.8350954919999936,-0.57
1785583353.4178348,3.8400932050000023,-0.57
1785583353.4228306,3.8450918249999972,-0.57
1785583353.4278264,3.8500921669999997,-0.57
1785583353.4328327,3.855093101999998,-0.57
1785583353.4378247,3.8600916850000004,-0.57
1785583353.4428256,3.865092563999994,-0.57
1785583353.4478838,3.8700924989999947,-0.57
1785583353.452833,3.875092785999996,-0.57
1785583353.4578245,3.880092183000002,-0.57
1785583353.462827,3.885092506999996,-0.57
1785583353.4678257,3.8900925530000023,-0.57
1785583353.4728305,3.895091598999997,-0.57
1785583353.477833,3.900092940999997,-0.57
1785583353.4828289,3.9050918939999946,-0.57
1785583353.487824,3.9100914959999926,-0.57
1785583353.4928584,3.9150917079999914,-0.57
1785583353.4978263,3.9200919390000024,-0.57
1785583353.502829,3.9250928189999996,-0.57
1785583353.5078216,3.9300923090000026,-0.57
1785583353.512829,3.9350924099999958,-0.57
1785583353.5178266,3.9400925119999926,-0.57
1785583353.5228243,3.945092058,-0.57
1785583353.5278196,3.9500923810000046,-0.57
1785583353.5328236,3.955092167999993,-0.57
1785583353.5378265,3.960091750999993,-0.57
1785583353.5428379,3.9650923889999916,-0.57
1785583353.547845,3.9700919719999916,-0.57
1785583353.5528302,3.975092704000005,-0.57
1785583353.5578563,3.9800916570000027,-0.57
1785583353.5628245,3.9850917210000034,-0.57
1785583353.5678256,3.9900912490000024,-0.57
1785583353.572822,3.995091813000002,-0.57
1785583353.577821,4.000091377000004,-0.57
1785583353.582834,4.005092422999994,-0.57
1785583353.5878236,4.010091431999996,-0.57
1785583353.5928257,4.015091718999997,-0.57
1785583353.597818,4.020091339000004,-0.57
1785583353.6028857,4.025091199999991,-0.57
1785583353.6078365,4.030091893999995,-0.57
1785583353.6128378,4.035092328000005,-0.57
1785583353.6178265,4.040092004000002,-0.57
1785583353.6228313,4.045092013000001,-0.57
1785583353.6277895,4.050091318,-0.57
1785583353.6327896,4.055090548999999,-0.57
1785583353.6378293,4.060092373000003,-0.57
1785583353.642825,4.065091547999998,-0.57
1785583353.6478436,4.0700916870000015,-0.57
1785583353.6528308,4.075092158000004,-0.57
1785583353.657822,4.080091037999992,-0.57
1785583353.6628625,4.085099212999992,-0.57
1785583353.6678808,4.090094167000004,-0.57
1785583353.672833,4.095092026999993,-0.57
1785583353.6778233,4.100092017999998,-0.57
1785583353.6828294,4.105092599999992,-0.57
1785583353.687822,4.110092295000001,-0.57
1785583353.6928303,4.115091617999994,-0.57
1785583353.6978226,4.120091664,-0.57
1785583353.7028263,4.125091951000002,-0.57
1785583353.7078218,4.1300920150000024,-0.57
1785583353.7128534,4.135092172,-0.57
1785583353.7178273,4.140092050999996,-0.57
1785583353.7228243,4.145092059999996,-0.57
1785583353.7278214,4.150091883999991,-0.57
1785583353.7328584,4.155111058999992,-0.57
1785583353.7378256,4.160092457000005,-0.57
1785583353.742841,4.165108984,-0.57
1785583353.7478426,4.170091733999996,-0.57
1785583353.7528512,4.175100743000002,-0.57
1785583353.7578435,4.180093900000003,-0.57
1785583353.7628462,4.185092372,-0.57
1785583353.7678177,4.190093640000001,-0.57
1785583353.772815,4.195092075000005,-0.57
1785583353.7778409,4.200093158000001,-0.57
1785583353.7828116,4.205092406999995,-0.57
1785583353.787804,4.210091767999998,-0.57
1785583353.792805,4.215091831999999,-0.57
1785583353.7978137,4.220092359999995,-0.57
1785583353.8028119,4.225092387000004,-0.57
1785583353.8078022,4.230092006999996,-0.57
1785583353.8128035,4.235093071999998,-0.57
1785583353.817803,4.2400914880000045,-0.57
1785583353.8228078,4.245092107999994,-0.57
1785583353.827801,4.250092080000002,-0.57
1785583353.8328037,4.2550925139999975,-0.57
1785583353.8378015,4.260091782999993,-0.57
1785583353.8428028,4.265092457999998,-0.57
1785583353.8478274,4.270092633999994,-0.57
1785583353.8528023,4.275092178999998,-0.57
1785583353.8578217,4.280091873999993,-0.57
1785583353.8628268,4.285092401,-0.57
1785583353.8678012,4.290092539,-0.57
1785583353.8728135,4.295093030000004,-0.57
1785583353.8778148,4.300092945999992,-0.57
1785583353.8828125,4.305092565999999,-0.57
1785583353.8878047,4.310092185999991,-0.57
1785583353.8928044,4.3150927869999975,-0.57
1785583353.8978026,4.320092926000001,-0.57
1785583353.9027998,4.325092064000003,-0.57
1785583353.907805,4.330092035999996,-0.57
1785583353.9128044,4.335091544999997,-0.57
1785583353.9178,4.340092424000005,-0.57
1785583353.9228256,4.345092507000004,-0.57
1785583353.9278073,4.350092145999994,-0.57
1785583353.9328065,4.355092542999998,-0.57
1785583353.9377987,4.360091682000004,-0.57
1785583353.9428031,4.365092172000004,-0.57
1785583353.9478638,4.370092810999992,-0.57
1785583353.9528067,4.375092300999995,-0.57
1785583353.9580271,4.380093051000003,-0.57
1785583353.9628103,4.385092985,-0.57
1785583353.9678068,4.390092772000003,-0.57
1785583353.9728112,4.395091948000001,-0.57
1785583353.977802,4.400091512000003,-0.57
1785583353.9828048,4.4050920020000035,-0.57
1785583353.9878058,4.410091973999997,-0.57
1785583353.9928043,4.415091668000002,-0.57
1785583353.9978065,4.420093288000004,-0.57
1785583354.002803,4.425091260000002,-0.57
1785583354.0078027,4.430092344999991,-0.57
1785583354.012801,4.435091595999992,-0.57
1785583354.0178015,4.440091754999997,-0.57
1785583354.022801,4.445092024999994,-0.57
1785583354.0277991,4.450091850999996,-0.57
1785583354.0328348,4.455091620000005,-0.57
1785583354.0378273,4.4600925940000025,-0.57
1785583354.0428188,4.4650921049999965,-0.57
1785583354.047823,4.470091912000001,-0.57
1785583354.0528116,4.475091958999997,-0.57
1785583354.057806,4.480092376999991,-0.57
1785583354.0628035,4.485092166000001,-0.57
1785583354.0678008,4.490093102000003,-0.57
1785583354.0727985,4.495092056999994,-0.57
1785583354.077803,4.500091789999999,-0.57
1785583354.0828032,4.5050919859999965,-0.57
1785583354.0877986,4.5100921260000035,-0.57
1785583354.0928068,4.515092339999995,-0.57
1785583354.0978045,4.520092425000001,-0.57
1785583354.102802,4.5250919169999975,-0.57
1785583354.1078014,4.530092316999998,-0.57
1785583354.1128273,4.535092031000005,-0.57
1785583354.1178334,4.540092634000004,-0.57
1785583354.122804,4.545091478000003,-0.57
1785583354.127797,4.5500918780000035,-0.57
1785583354.132802,4.5550912220000015,-0.57
1785583354.1378012,4.560091825000001,-0.57
1785583354.1428025,4.565091260999992,-0.57
1785583354.1478217,4.570091476000002,-0.57
1785583354.1528025,4.575091745999998,-0.57
1785583354.1577992,4.580091960000004,-0.57
1785583354.1628835,4.585104637000001,-0.57
1785583354.1678405,4.590093702999994,-0.57
1785583354.172835,4.595092139999991,-0.57
1785583354.1778579,4.600092242999992,-0.57
1785583354.1828415,4.605093049999994,-0.57
1785583354.1878283,4.610092800999993,-0.5591833355536657
1785583354.1928344,4.615092904999997,-0.5457081862032911
1785583354.19783,4.620092248999995,-0.5321742342128666
1785583354.2028599,4.625092203999998,-0.5185789257484242
1785583354.207829,4.630092011000002,-0.5049254813851094
1785583354.2128272,4.635091798999994,-0.4912147269430417
1785583354.2178252,4.640091975999994,-0.47744672251379705
1785583354.2228515,4.645091968000003,-0.4636242403828409
1785583354.2278311,4.650091459999999,-0.44974936748664496
1785583354.2328272,4.655091933999998,-0.4358191980085028
1785583354.2378244,4.660091777999995,-0.42183944149423513
1785583354.2428544,4.6650928069999935,-0.407806249091172
1785583354.2478452,4.670091706999997,-0.3937301775048198
1785583354.252828,4.675092347000003,-0.37960159106545543
1785583354.2578266,4.680092191,-0.36542890361821
1785583354.2628255,4.685092034999997,-0.3512111412998852
1785583354.2678313,4.690092656999994,-0.33694736209731946
1785583354.2728271,4.695092185999997,-0.3226441965427369
1785583354.2778225,4.700092084999994,-0.3082987668544659
1785583354.282826,4.705091854999992,-0.2939138090212279
1785583354.287827,4.710091735999995,-0.27948994881376205
1785583354.2928233,4.715091653999991,-0.2650287227346211
1785583354.2978237,4.720091998000001,-0.2505303340088846
1785583354.3028283,4.725092489999994,-0.23599692461440458
1785583354.3078508,4.730094352999998,-0.22142627545741161
1785583354.3128457,4.735092621999996,-0.20683422992153733
1785583354.3178332,4.740091707000005,-0.19220930570652256
1785583354.3227909,4.7450906809999935,-0.1775555818921125
1785583354.3277886,4.750090450999991,-0.1628717756679503
1785583354.3328347,4.755092258000005,-0.14815560964709928
1785583354.337823,4.760091712999994,-0.13342139739974812
1785583354.3428235,4.765092612000004,-0.11865936411398842
1785583354.3478498,4.770091901000001,-0.10387993852032998
1785583354.3528302,4.775092873999995,-0.0890748025163019
1785583354.3578277,4.780092311000004,-0.07425491491716771
1785583354.3628268,4.785092358,-0.059415353923409894
1785583354.3678472,4.790092442999992,-0.044559254889878684
1785583354.3728259,4.7950920649999915,-0.029689556287825256
1785583354.3778238,4.800092483,-0.01480396695717412
1785583354.382827,4.805091529999999,8.959912797798758e-05
1785583354.3878782,4.810092707999999,0.015000110095179701
1785583354.3928306,4.8150928660000005,0.029916700902415327
1785583354.3978214,4.820092524999993,0.04483944163923885
1785583354.4028218,4.825092036000001,0.05976789275537696
1785583354.4078536,4.830092508999996,0.07470387817094218
1785583354.4128273,4.835091723999994,0.08963926923509308
1785583354.4178228,4.840092420000005,0.10458074557999103
1785583354.4228275,4.845092393000002,0.11952021353251491
1785583354.4278386,4.850109348000004,0.1345090512923431
1785583354.4328656,4.855094100000002,0.14939880324514304
1785583354.437843,4.860092387999998,0.16432458961108795
1785583354.442829,4.865093399000003,0.17925257175784265
1785583354.4478445,4.870092038999999,0.19416601045886406
1785583354.4528306,4.875092086999999,0.20907464444534946
1785583354.457823,4.880091355999994,0.22397040888903916
1785583354.4628272,4.885092810999993,0.2388605862250559
1785583354.467821,4.890092210999995,0.2537309987958715
1785583354.4728565,4.895091906999994,0.2685870918981407
1785583354.4778275,4.900092528000002,0.28342916998607004
1785583354.4828246,4.905092298,0.2982503990403046
1785583354.4878244,4.9100912530000045,0.3130493296715051
1785583354.4928582,4.915092189999996,0.3278326657671653
1785583354.4978244,4.920092292999996,0.34259050303056204
1785583354.5028262,4.925093082000004,0.35732575292571334
1785583354.5078223,4.930092443999996,0.3720306168669162
1785583354.512826,4.935092269999998,0.3867090839847005
1785583354.5178258,4.940092261999993,0.4013586911056617
1785583354.5228236,4.945092364999994,0.41597768913160815
1785583354.5278206,4.950092338000005,0.43056378600722883
1785583354.532828,4.955092127,0.4451152378319607
1785583354.5378218,4.960092044999996,0.4596313649036931
1785583354.5428226,4.965092314999993,0.4741112164529734
1785583354.54784,4.970092547999997,0.48855206792397066
1785583354.5528228,4.975092150999998,0.5029506190257038
1785583354.557856,4.980092106000001,0.5173081046630315
1785583354.5628297,4.985093061000001,0.5316247704407195
1785583354.5678434,4.99009246,0.5458917081891749
1785583354.57283,4.995092322999994,0.5601130986143128
1785583354.5778544,5.000091759,0.5742848081625103
1785583354.5828288,5.005092159,0.5884091726687443
1785583354.5878239,5.0100919660000045,0.6024801893794921
1785583354.592827,5.0150911620000045,0.6164962277248424
1785583354.5978222,5.020091856999997,0.6304615904074033
1785583354.6028295,5.025091293999992,0.6443669761997202
1785583354.6078234,5.030091786,0.6582172244069611
1785583354.6128237,5.035091796999993,0.6720064742710208
1785583354.6178222,5.040092510999997,0.6857363914940763
1785583354.6228466,5.045091761999998,0.6993994495591673
1785583354.6278229,5.050092179999993,0.7130012495446869
1785583354.6328826,5.055096746999993,0.7265482069057789
1785583354.637832,5.060092998000002,0.740005074848973
1785583354.6428323,5.065089119999996,0.7533924918391914
1785583354.6478093,5.070091555999994,0.7667260098630406
1785583354.6528354,5.075092826000002,0.7799839998641873
1785583354.6578417,5.080092614999998,0.7931641050289061
1785583354.6629372,5.085102383999995,0.8062947677897196
1785583354.667839,5.090094153999999,0.8193012660738712
1785583354.6728315,5.095092664999996,0.8322467551573445
1785583354.6778214,5.100091972000001,0.8451140963067258
1785583354.682829,5.105092908000003,0.8579038128473122
1785583354.6878557,5.110091807999993,0.8706049839592498
1785583354.6928313,5.115092521999998,0.883225843022319
1785583354.6978228,5.120091755000004,0.8957565163084661
1785583354.7028236,5.125092025000001,0.9082017816284617
1785583354.7078254,5.130091350000001,0.920555163581366
1785583354.7128258,5.135091693999996,0.9328199778411089
1785583354.7178218,5.140092205000002,0.9449925717413686
1785583354.7228239,5.145092140999992,0.957069625476545
1785583354.7278738,5.150092059000002,0.9690509820173966
1785583354.7328322,5.155091810999991,0.9809347787719731
1785583354.737823,5.160091988000005,0.9927209055290576
1785583354.742824,5.165092424999997,1.0044074516770096
1785583354.747877,5.170091528,1.015989229801983
1785583354.7528718,5.175102000999999,1.0274938722397942
1785583354.7578647,5.180096770999995,1.0388578694379504
1785583354.762841,5.185093003999995,1.050119252358356
1785583354.767835,5.190093810999997,1.0612833751677957
1785583354.772835,5.1950920999999965,1.0723328806023935
1785583354.7778275,5.200092850999994,1.0832773278286392
1785583354.782832,5.2050925469999925,1.0941075294238687
1785583354.7878265,5.210092149999994,1.1048241723680006
1785583354.7928305,5.215092400999993,1.1154273988078158
1785583354.7978265,5.220092726999994,1.125914549830727
1785583354.8028264,5.2250925519999925,1.136283022250069
1785583354.8078256,5.230093100000005,1.1465339452374335
1785583354.8129246,5.235091702999995,1.1566605019093474
1785583354.8178294,5.240093287999997,1.1666712533406716
1785583354.8228343,5.2450932980000005,1.1765556541572704
1785583354.8278277,5.250092049999992,1.1863130732111837
1785583354.8328657,5.2550928200000016,1.1959485237155891
1785583354.8378248,5.260092329999992,1.2054543184980742
1785583354.8428278,5.265093155999992,1.2148340206883603
1785583354.847842,5.270093148000001,1.2240822573949157
1785583354.8528254,5.275091899000003,1.2331970465214983
1785583354.857824,5.280093354000002,1.2421842238525473
1785583354.862827,5.285092105000004,1.251032783805156
1785583354.867835,5.2900925609999945,1.25974929427194
1785583354.8728247,5.2950918859999945,1.268327523752943
1785583354.8778462,5.300091840999997,1.2767692614511321
1785583354.8828251,5.305092536999993,1.2850733970162753
1785583354.887824,5.310092361999992,1.293236030364813
1785583354.8928254,5.315092280000002,1.3012575520263423
1785583354.8978553,5.320092383999992,1.309136896157492
1785583354.90283,5.325093078999998,1.3168734772237793
1785583354.9078236,5.330092479000001,1.3244632308251858
1785583354.9128242,5.335092322999998,1.3319076704796429
1785583354.917851,5.3400915,1.3392040021565412
1785583354.9228265,5.345092399999999,1.3463545310507472
1785583354.9278266,5.350092429,1.353354387931998
1785583354.932829,5.355092253999999,1.360203446804182
1785583354.937824,5.360092135000002,1.3669009770597804
1785583354.9428496,5.3650921090000026,1.3734459426266101
1785583354.9478436,5.370092138000004,1.3798372229135696
1785583354.9528284,5.375091647999994,1.3860730567537516
1785583354.9578204,5.380092232999999,1.3921543725576584
1785583354.9628284,5.385092298999993,1.3980781873682548
1785583354.967826,5.390092088000003,1.4038438226349081
1785583354.9728265,5.395092413,1.4094512166183262
1785583354.977822,5.400091739000004,1.4148976993294098
1785583354.982861,5.405092620000005,1.4201850716497
1785583354.9878244,5.410092277999993,1.4253094421780406
1785583354.9928253,5.415092436999998,1.4302716912327464
1785583354.9978204,5.420092225999994,1.4350700432318968
1785583355.0028527,5.425091588000001,1.4397035949273163
1785583355.0078363,5.43009223,1.4441730155420345
1785583355.0128288,5.435092093999998,1.4484755874601252
1785583355.0178277,5.4400928470000025,1.452611903636634
1785583355.0228276,5.445092303999999,1.4565793591871732
1785583355.0278277,5.450091667999999,1.4603781788031074
1785583355.0328293,5.455092124999993,1.464008431061509
1785583355.0378225,5.460092377999999,1.467468365354035
1785583355.0428247,5.4650920379999945,1.470757007962722
1785583355.0478423,5.470092421000004,1.4738744911508128
1785583355.0528293,5.475092117999992,1.4768192268138312
1785583355.0578227,5.480091704999992,1.4795909066620945
1785583355.0628276,5.4850919209999915,1.482189243802585
1785583355.0678577,5.490091821999997,1.4846130810356835
1785583355.0728657,5.495113649000004,1.486871432509659
1785583355.0778382,5.500092569000003,1.4889356351182856
1785583355.082832,5.505092895999994,1.4908328951622467
1785583355.0878599,5.5100917409999965,1.4925529061639868
1785583355.09283,5.515091791000003,1.4940960563366812
1785583355.0978239,5.520092988000002,1.4954616717112552
1785583355.102825,5.525091945,1.4966483755579367
1785583355.107821,5.530091808999998,1.49765649669314
1785583355.1128285,5.535091968999993,1.498485378568469
1785583355.1178231,5.540091666999999,1.4991344566180627
1785583355.1228251,5.5450923639999985,1.4996034646889855
1785583355.127821,5.550091672999997,1.4998917944757082
1785583355.1328492,5.555091574000002,1.4999992192129956
1785583355.1378238,5.560091659999998,1.4999253254135425
1785583355.142871,5.565093543000003,1.4996696403045313
1785583355.1478503,5.570092629000001,1.4992321341712112
1785583355.1528778,5.575092807999994,1.4986122625054243
1785583355.1578286,5.580092153999999,1.4978099749433527
1785583355.1628568,5.585098258999992,1.4968234751798377
1785583355.1678598,5.590095289999994,1.495655779880137
1785583355.1728704,5.595094117000002,1.4943045408791
1785583355.1778271,5.6000929249999984,1.4927699660275977
1785583355.1828375,5.605095603999999,1.491050486526863
1785583355.1878269,5.610092949999995,1.48914920683544
1785583355.1928272,5.615092720999996,1.4870632190002593
1785583355.197863,5.620092658999994,1.4847932285991128
1785583355.2028294,5.625091987000005,1.4823395424740147
1785583355.2078247,5.6300918689999975,1.479701545366286
1785583355.2128263,5.635092917999998,1.4768787951778892
1785583355.2178261,5.640092171999996,1.4738729983361991
1785583355.222825,5.645092016999996,1.470682810284765
1785583355.2278228,5.650091584999998,1.4673088147802227
1785583355.2328281,5.655092504999999,1.4637499242554168
1785583355.2378535,5.6600916280000035,1.4600084992514197
1785583355.242825,5.665092287999997,1.4560821779524433
1785583355.247842,5.670091503999998,1.4519734389124934
1785583355.252825,5.675091960999993,1.447680253925595
1785583355.2578514,5.680092196000004,1.4432040146259444
1785583355.262828,5.685092208,1.438544962349033
1785583355.267822,5.6900923310000024,1.43370303242618
1785583355.2728286,5.695092176999992,1.428678874565827
1785583355.277822,5.700092170999994,1.4234723582199384
1785583355.28283,5.7050924609999925,1.4180836191328599
1785583355.287822,5.710091566000003,1.4125146405699063
1785583355.2928257,5.715092040999991,1.4067629297716224
1785583355.297819,5.720092145999999,1.4008308221841315
1785583355.3028247,5.725091712999998,1.3947189795764212
1785583355.3078265,5.730091595999994,1.3884268080913302
1785583355.3128245,5.735091793999999,1.3819547380722292
1785583355.3181531,5.740129565000004,1.3752529938087052
1785583355.3234963,5.7452989100000025,1.3681878662636697
1785583355.3282225,5.750100848999992,1.3614544805052207
1785583355.332817,5.7551058429999955,1.354262235708231
1785583355.3378146,5.760105687999996,1.3469005096196802
1785583355.3428748,5.765108830000003,1.3393575794337704
1785583355.3478663,5.770115082999993,1.3316340275095475
1785583355.3529081,5.775091317999994,1.323783039624483
1785583355.3576653,5.780079014999998,1.315740828466372
1785583355.3626308,5.785075360999997,1.3075115926856693
1785583355.368002,5.790112484000005,1.2990405888273182
1785583355.3729568,5.795103126000001,1.290475623167597
1785583355.3779545,5.8001029339999945,1.2817239139397683
1785583355.3828363,5.805092557999998,1.2728201959511423
1785583355.3878589,5.810093292000005,1.2637272637133348
1785583355.3927941,5.815090693999991,1.2544718471193554
1785583355.397792,5.820090854,1.2450435874806456
1785583355.4028304,5.825092885000004,1.235444841632633
1785583355.4078608,5.830092507999993,1.2256847898754308
1785583355.412833,5.835093075999993,1.2157579268549439
1785583355.4178264,5.840092384999991,1.2056696354723901
1785583355.422822,5.845091749000005,1.1954183404588745
1785583355.4278574,5.850092446000005,1.1850023959976868
1785583355.4328282,5.855092346999996,1.1744272780644402
1785583355.4378242,5.860091674000003,1.1636936755007459
1785583355.4428244,5.865092204999996,1.1527988582966398
1785583355.44784,5.870092291999995,1.1417475233020298
1785583355.452858,5.8750927299999915,1.1305390852476191
1785583355.4578276,5.880091945999993,1.1191783026010733
1785583355.4628344,5.885092939000003,1.1076595513201966
1785583355.4678442,5.890093062999995,1.095990125579919
1785583355.4728303,5.895092056999999,1.0841719916698482
1785583355.4778237,5.900092123999997,1.0722012343646425
1785583355.482829,5.905092600000003,1.0600806916890437
1785583355.4878237,5.910092555999995,1.0478139597201634
1785583355.4928603,5.915092180000002,1.0354019782633508
1785583355.4978244,5.920092635999993,1.0228432234929279
1785583355.502826,5.9250921670000025,1.0101435237595875
1785583355.507821,5.930092309000003,0.9973004265629674
1785583355.5128498,5.935092320999999,0.9843172742987154
1785583355.5178297,5.940093445000002,0.9711922845599821
1785583355.522824,5.945091660999992,0.9579375885800553
1785583355.5278227,5.950092673,0.9445395953551843
1785583355.5328298,5.9550930369999975,0.9310089982060753
1785583355.5378292,5.960092622999994,0.9173477835246943
1785583355.5428252,5.965092431999992,0.9035548383778974
1785583355.547843,5.970091832999998,0.8896335336986056
1785583355.552824,5.975092179000001,0.875581727345734
1785583355.5578296,5.9800929499999995,0.8614024975515003
1785583355.5628235,5.9850921289999945,0.8471032988592182
1785583355.5678427,5.990110716000004,0.8326251241217316
1785583355.5728226,5.995091895000002,0.8181342750836511
1785583355.5778565,6.000091924999992,0.8034695166137595
1785583355.5828352,6.005092603999998,0.7886853156374385
1785583355.5878234,6.010093080000004,0.7737859780879648
1785583355.5928311,6.015092961999997,0.7587745206865877
1785583355.59787,6.020091863000005,0.7436540037833788
1785583355.602827,6.025091967999998,0.7284196771087772
1785583355.6078255,6.030092479999993,0.7130758036926372
1785583355.6128268,6.035091399999999,0.6976304639397523
1785583355.6178248,6.040091541999999,0.682076904317596
1785583355.622832,6.0450925359999985,0.6664181612639926
1785583355.6278224,6.0500914929999965,0.6506652868368047
1785583355.6328297,6.055092301000002,0.6348080253550584
1785583355.6378236,6.060091349999993,0.6188598308585115
1785583355.6428497,6.065091676999998,0.6028130584664791
1785583355.6478424,6.070091968,0.5866739394040875
1785583355.6528285,6.075091849999993,0.5704457586590782
1785583355.65782,6.080092121999996,0.5541280113494614
1785583355.6628919,6.085097633999993,0.5377068318090816
1785583355.667833,6.090093312999997,0.5212339113179139
1785583355.672832,6.095093102999996,0.5046655573015768
1785583355.6778235,6.100092152000002,0.48801992567614816
1785583355.6828642,6.105092775999992,0.47129146428646274
1785583355.6878264,6.1100920290000005,0.45449222005522066
1785583355.6928246,6.115093078000001,0.4376137561622564
1785583355.6978247,6.120091774999992,0.42067231490894086
1785583355.702852,6.1250958990000015,0.40364371782934594
1785583355.7078557,6.1300920409999975,0.38657591023308546
1785583355.7128332,6.135092868000001,0.3694279658529185
1785583355.7178261,6.140091675999997,0.3522251174644919
1785583355.722825,6.145091596,0.33495891942623424
1785583355.7278283,6.150091868000004,0.31763429850602226
1785583355.732831,6.155092508999999,0.300253527650283
1785583355.7378206,6.160091465999997,0.2828261219950484
1785583355.7428257,6.165091441000001,0.26534504503710765
1785583355.747875,6.170091454000001,0.24781609442331665
1785583355.7528274,6.175092187999994,0.23023926687197566
1785583355.7578237,6.180092219000002,0.21262198270404056
1785583355.7628715,6.185091212999993,0.19496786888070877
1785583355.767871,6.1900925030000025,0.1772675818355307
1785583355.7728288,6.195092922000001,0.15953476886130924
1785583355.7778225,6.200092174999995,0.14177296437600923
1785583355.7828302,6.205092187999995,0.12397780825511041
1785583355.7878242,6.2100927179999985,0.10615264470664548
1785583355.7928407,6.215093526999993,0.08830081857949573
1785583355.7978325,6.220092520999998,0.07043232970069827
1785583355.8028276,6.225091958999997,0.052541636350888994
1785583355.8078241,6.230092916000004,0.03462741458195401
1785583355.81283,6.235092316999996,0.016703224256934077
1785583355.8178232,6.240092551000004,-0.001236941776093592
1785583355.8228228,6.245092155999998,-0.019185275240828692
1785583355.8278193,6.250091983000004,-0.037142257140027786
1785583355.8328314,6.255092402999992,-0.05510663980437226
1785583355.8378282,6.260093248999993,-0.07307523377764781
1785583355.8428226,6.26509265,-0.09103871750683128
1785583355.8478508,6.27009194,-0.10899927918540352
1785583355.8528335,6.275093248000005,-0.12696195216311584
1785583355.8578246,6.280092427,-0.14490922265166475
1785583355.8628273,6.285092014,-0.16284757664640206
1785583355.867823,6.290091785000001,-0.18077357652218332
1785583355.872856,6.295092519999997,-0.1986873754556469
1785583355.8778293,6.300092587999998,-0.2165804853120118
1785583355.8828285,6.305092599999995,-0.23445244763368933
1785583355.8878226,6.310092148999999,-0.25229915795945745
1785583355.8928533,6.315091809999998,-0.2701200142745884
1785583355.897847,6.320091691999991,-0.2879127414177839
1785583355.9028254,6.325092908000002,-0.30567862074798446
1785583355.9078248,6.330091660999997,-0.3234015076810401
1785583355.9129126,6.335104154999996,-0.341136054505814
1785583355.9178405,6.340094222999994,-0.35875172781243747
1785583355.9228294,6.345092605000005,-0.37635454124679424
1785583355.9278245,6.350092007000001,-0.3939160164086084
1785583355.9328291,6.355092482000003,-0.4114336344442256
1785583355.9378242,6.360091623999992,-0.4288962936517827
1785583355.9428263,6.365092246999993,-0.4463111435182954
1785583355.9478426,6.370091666999997,-0.4636661555622777
1785583355.9528272,6.375091808999997,-0.48096534357301635
1785583355.9578245,6.3800918759999945,-0.49820326318455543
1785583355.9628499,6.385092721999996,-0.5153801707400105
1785583355.9678257,6.390092289999998,-0.5324863382875662
1785583355.9728246,6.395091949999994,-0.54952380754577
1785583355.9778256,6.400092091999994,-0.5664912287775137
1785583355.9828289,6.405092511999996,-0.57
1785583355.9878197,6.410092079999998,-0.57
1785583355.9928231,6.415092462000004,-0.57
1785583355.9978266,6.420092029999992,-0.57
1785583356.0028272,6.425092079999999,-0.57
1785583356.0078247,6.430092333999994,-0.57
1785583356.0128217,6.435092440999995,-0.57
1785583356.0178506,6.440092140000004,-0.57
1785583356.022825,6.445091691000002,-0.57
1785583356.0278285,6.450091518999997,-0.57
1785583356.0328293,6.455092033,-0.57
1785583356.037822,6.460092195000001,-0.57
1785583356.0428317,6.4650913379999935,-0.57
1785583356.0478468,6.470091722999996,-0.57
1785583356.0528498,6.475093125000001,-0.57
1785583356.057829,6.4800930100000045,-0.57
1785583356.0628512,6.485110671000001,-0.57
1785583356.067841,6.490091945000003,-0.57
1785583356.0728357,6.495092255000003,-0.57
1785583356.0778236,6.5000928430000045,-0.57
1785583356.082832,6.505093097,-0.57
1785583356.0878265,6.510092759000003,-0.57
1785583356.092836,6.515092346999992,-0.57
1785583356.0978246,6.520091972000003,-0.57
1785583356.1028614,6.525092263999994,-0.57
1785583356.1078246,6.530092240000002,-0.57
1785583356.112821,6.5350913099999985,-0.57
1785583356.1178255,6.540091989999993,-0.57
1785583356.1228244,6.5450927079999985,-0.57
1785583356.1278229,6.550092444000001,-0.57
1785583356.1328292,6.555091902000001,-0.57
1785583356.1378238,6.560092638,-0.57
1785583356.1428227,6.565091929999994,-0.57
1785583356.1478417,6.570091794999996,-0.57
1785583356.1528482,6.575091623999995,-0.57
1785583356.157826,6.580092081999993,-0.57
1785583356.1628592,6.5850973369999934,-0.57
1785583356.1678374,6.590094831999991,-0.57
1785583356.1728294,6.595092030999993,-0.57
1785583356.1778257,6.600091766999995,-0.57
1785583356.182829,6.605092021999994,-0.57
1785583356.187854,6.610091386999997,-0.57
1785583356.1928277,6.615091622999998,-0.57
1785583356.1978233,6.620092267000004,-0.57
1785583356.2028253,6.6250924099999935,-0.57
1785583356.2078254,6.630092609000002,-0.57
1785583356.212826,6.635092381999996,-0.57
1785583356.2178495,6.640092026000005,-0.57
1785583356.2228298,6.645091780000001,-0.57
1785583356.2278216,6.6500919049999965,-0.57
1785583356.2328327,6.655093066999996,-0.57
1785583356.2378254,6.660092136999992,-0.57
1785583356.242822,6.665091113000003,-0.57
1785583356.247846,6.670091960999997,-0.57
1785583356.2528305,6.675092751999998,-0.57
1785583356.2578244,6.680092395999992,-0.57
1785583356.2628222,6.685091224000004,-0.57
1785583356.2678246,6.690092015999994,-0.57
1785583356.272854,6.695091732999998,-0.57
1785583356.277827,6.700092192,-0.57
1785583356.2828283,6.705092261000004,-0.57
1785583356.2878249,6.710091922999993,-0.57
1785583356.2928257,6.715091917999999,-0.57
1785583356.297824,6.720091728,-0.57
1785583356.3028283,6.725092223999994,-0.57
1785583356.307824,6.730091940999998,-0.57
1785583356.3128242,6.735092010999992,-0.57
1785583356.3178256,6.740092486999998,-0.57
1785583356.3228228,6.745092037999996,-0.57
1785583356.3278227,6.750091718999997,-0.57
1785583356.332825,6.7550921029999955,-0.57
1785583356.3378587,6.7600917460000005,-0.57
1785583356.3428257,6.765091001000002,-0.57
1785583356.347847,6.770091977999996,-0.57
1785583356.3528297,6.775091528999994,-0.57
1785583356.3578315,6.780092561000004,-0.57
1785583356.3628304,6.785091777999995,-0.57
1785583356.3678422,6.790091996000001,-0.57
1785583356.3728251,6.795090935999994,-0.57
1785583356.3778203,6.800092061000001,-0.57
1785583356.3828263,6.805092055999992,-0.57
1785583356.3878286,6.810092069999996,-0.57
1785583356.3928254,6.815091434999999,-0.57
1785583356.3978245,6.820091782999995,-0.57
1785583356.4028704,6.825093370000005,-0.57
1785583356.4078496,6.830092069000003,-0.57
1785583356.4128847,6.835097324000003,-0.57
1785583356.4178464,6.840095078999994,-0.57
1785583356.4228318,6.845092665999999,-0.57
1785583356.4278338,6.850092328000002,-0.57
1785583356.4328334,6.855091935000004,-0.57
1785583356.4378278,6.860091689000001,-0.57
1785583356.442827,6.865092239999996,-0.57
1785583356.4478884,6.870092532000001,-0.57
1785583356.4528313,6.875092785999996,-0.57
1785583356.4578273,6.880092374,-0.57
1785583356.4628255,6.885092239999992,-0.57
1785583356.4678252,6.890092994,-0.57
1785583356.4728694,6.895092470999998,-0.57
1785583356.4778259,6.9000928180000045,-0.57
1785583356.4828324,6.905093257999994,-0.57
1785583356.4878423,6.910092308999992,-0.57
1785583356.4928322,6.915092100999999,-0.57
1785583356.4978228,6.920091576999994,-0.57
1785583356.5028324,6.925092590999995,-0.57
1785583356.5078292,6.930092623999997,-0.57
1785583356.5128648,6.935092045000005,-0.57
1785583356.5178335,6.940092391999997,-0.57
1785583356.5228312,6.945092201999998,-0.57
1785583356.527825,6.950092382999998,-0.57
1785583356.5328293,6.955092284999992,-0.57
1785583356.5378277,6.960092336000002,-0.57
1785583356.542826,6.965092775999992,-0.57
1785583356.5478487,6.970092159999993,-0.57
1785583356.5528276,6.975091859000003,-0.57
1785583356.5578496,6.9800925769999935,-0.57
1785583356.5628285,6.9850921270000015,-0.57
1785583356.5678291,6.99009203,-0.57
1785583356.5728269,6.995093025000003,-0.57
1785583356.5778258,7.000093020999998,-0.57
1785583356.5828333,7.005092757,-0.57
1785583356.587825,7.010092714999999,-0.57
1785583356.5928361,7.015093784000001,-0.57
1785583356.5978327,7.020091687000004,-0.57
1785583356.6028414,7.025093385999995,-0.57
1785583356.6078255,7.030091826000003,-0.57
1785583356.61285,7.035092691999992,-0.57
1785583356.6178288,7.0400933159999965,-0.57
1785583356.6228585,7.0450919599999935,-0.57
1785583356.6278243,7.050092102999997,-0.57
1785583356.6328313,7.055092135999999,-0.57
1785583356.637825,7.060093112000004,-0.57
1785583356.6428287,7.065091811000002,-0.57
1785583356.647848,7.070092639999999,-0.57
1785583356.6528244,7.075092171999998,-0.57
1785583356.657824,7.080092241999992,-0.57
1785583356.6628876,7.0850976259999925,-0.57
1785583356.667847,7.090093713999991,-0.57
1785583356.672828,7.095092468000004,-0.57
1785583356.677829,7.100092481999994,-0.57
1785583356.682829,7.105092865999993,-0.57
1785583356.687849,7.110112121,-0.57
1785583356.6928275,7.115092356999995,-0.57
1785583356.6978285,7.120092314999994,-0.57
1785583356.7028253,7.1250926439999915,-0.57
1785583356.707852,7.130092176000005,-0.57
1785583356.712825,7.135092783000005,-0.57
1785583356.7178247,7.140092703999997,-0.57
1785583356.7228231,7.145092809999994,-0.57
1785583356.7278485,7.1500929350000035,-0.57
1785583356.73283,7.155092541999991,-0.57
1785583356.737822,7.160092315,-0.57
1785583356.742823,7.165092142999995,-0.57
1785583356.7480547,7.170092397999994,-0.57
1785583356.7528365,7.175093392999997,-0.57
1785583356.7578247,7.180092443999996,-0.57
1785583356.762827,7.185092384000001,-0.57
1785583356.7678227,7.190093250000004,-0.57
1785583356.7728302,7.195092670999998,-0.57
1785583356.7778244,7.200092166000005,-0.57
1785583356.7828252,7.205092105999995,-0.57
1785583356.787825,7.210092156999991,-0.57
1785583356.7928557,7.215092781999999,-0.57
1785583356.7978237,7.220092831999992,-0.57
1785583356.8028255,7.225093216999994,-0.57
1785583356.8078575,7.230094229999992,-0.57
1785583356.812833,7.235093300000003,-0.57
1785583356.8178291,7.240093277,-0.57
1785583356.822828,7.245092235000001,-0.57
1785583356.827825,7.2500923599999965,-0.57
1785583356.8328273,7.255092929,-0.57
1785583356.8378246,7.260092720999992,-0.57
1785583356.8428235,7.265091956999996,-0.57
1785583356.847843,7.270091952000001,-0.57
1785583356.852827,7.2750928920000035,-0.57
1785583356.8578274,7.280092534999994,-0.57
1785583356.8628263,7.285091734000005,-0.57
1785583356.8678238,7.290092525999995,-0.57
1785583356.8728294,7.295093261999995,-0.57
1785583356.877857,7.300092867999993,-0.57
1785583356.8828309,7.305092807999998,-0.57
1785583356.887823,7.310092248000004,-0.57
1785583356.8928237,7.3150924840000044,-0.57
1785583356.897822,7.320092052999996,-0.57
1785583356.9028263,7.325092697000002,-0.5540144110938209
1785583356.90782,7.330092802999999,-0.535144884231025
1785583356.9128246,7.335092965000001,-0.516167645089489
1785583356.9178467,7.340092720000001,-0.49708777391194614
1785583356.9228256,7.345092566999995,-0.47790671589201317
1785583356.9278224,7.350091784,-0.45863062341973637
1785583356.932832,7.3550923909999995,-0.439255080133078
1785583356.9378283,7.360092460000004,-0.4197909532893487
1785583356.9428291,7.365092658999998,-0.40023910063906254
1785583356.947842,7.370091914,-0.3806072141077439
1785583356.9528263,7.3750925199999955,-0.360889768064886
1785583356.9578238,7.380092903999994,-0.34109645907759367
1785583356.962828,7.385092065999999,-0.3212348222766985
1785583356.9678364,7.390092358000004,-0.30129908237913416
1785583356.9728243,7.395091909000001,-0.2813002797100196
1785583356.977825,7.400092921999999,-0.2612332001486394
1785583356.9828513,7.405092750999998,-0.24111208851844593
1785583356.9878244,7.410092301999995,-0.22093697697407874
1785583356.992827,7.4150924079999925,-0.2007081720551412
1785583356.997822,7.420091773999999,-0.1804346068626379
1785583357.0028288,7.4250926210000046,-0.1601109754923911
1785583357.0078237,7.430092376999994,-0.1397514540549781
1785583357.0128255,7.435092299999994,-0.11935467678090905
1785583357.0178251,7.440092112000002,-0.09892553918783292
1785583357.022859,7.445092071000005,-0.07846676491423456
1785583357.0278256,7.450091623999995,-0.05798441192274084
1785583357.0328257,7.455092453999995,-0.037475387739401886
1785583357.0378187,7.460091875999993,-0.016954526466691856
1785583357.042854,7.465091966000003,0.0035828539156824643
1785583357.047844,7.470092258999998,0.02413099888508919
1785583357.0528266,7.475092384999996,0.04468452802224203
1785583357.0578191,7.480091196999993,0.0652348545412604
1785583357.062822,7.485091694000005,0.08579042659497568
1785583357.0678277,7.490092672000003,0.10634240159801359
1785583357.0728252,7.495091853999995,0.12687752489088722
1785583357.0778193,7.500092183999996,0.14740398325629944
1785583357.0828252,7.505091792000002,0.16791018377121375
1785583357.0878232,7.510092622000002,0.18840017414734206
1785583357.092826,7.515091988999998,0.20885902701062356
1785583357.0978394,7.520095060000003,0.2293039327694854
1785583357.1028252,7.525092055999991,0.2496910152200621
1785583357.1078317,7.530092405000005,0.2700548254979831
1785583357.1128345,7.5350932169999965,0.29037960679544045
1785583357.1178243,7.540092528000002,0.310653443339366
1785583357.1228247,7.545091728999992,0.33087805114949115
1785583357.127855,7.550092891999995,0.3510578359147865
1785583357.132828,7.555092704000003,0.37117547117670907
1785583357.137824,7.560092533999992,0.39123254052818635
1785583357.142823,7.565091733999992,0.4112225110939578
1785583357.1478412,7.570092137999993,0.43114876189702367
1785583357.1528351,7.575092819999995,0.4510036313460729
1785583357.1578221,7.580091909999993,0.4707757881167085
1785583357.1628876,7.585101442999999,0.49050868505615186
1785583357.1678393,7.590094421999993,0.5100922051695254
1785583357.1728618,7.595092992000005,0.529609568283355
1785583357.177825,7.6000926929999935,0.5490392738254251
1785583357.1828332,7.605092892999991,0.5683749175248811
1785583357.187823,7.610092057000003,0.5876066856372247
1785583357.1928396,7.615094442,0.6067470016144987
1785583357.1978252,7.620092753999998,0.6257641101966963
1785583357.2028286,7.625092676999998,0.6446758545047246
1785583357.2078235,7.630092155,0.66347056936994
1785583357.2128735,7.635092466000003,0.6821492079370919
1785583357.2178288,7.640093351999994,0.7007069308162289
1785583357.2228243,7.6450931269999955,0.7191336915586684
1785583357.2278256,7.650092716000003,0.7374291552011589
1785583357.23283,7.655093323999992,0.7555939204907784
1785583357.2378511,7.660093117000002,0.7736175566109598
1785583357.2428272,7.665092483999999,0.791497775469103
1785583357.2478452,7.6700925549999965,0.809234883061651
1785583357.2528472,7.675110513999996,0.8268852954465863
1785583357.2578278,7.680092993000002,0.8442584102149401
1785583357.2628477,7.685109100999995,0.8615916063831828
1785583357.2678363,7.6900924119999985,0.8786516852649333
1785583357.2728283,7.695092242000001,0.8956046486104089
1785583357.2778304,7.7000933319999945,0.9123942922920807
1785583357.282826,7.7050930509999915,0.9290082188413781
1785583357.2878268,7.710093473000001,0.9454498089864893
1785583357.2928264,7.715093044,0.9617104425343004
1785583357.2978601,7.720092484999995,0.9777890259382778
1785583357.3028288,7.725092666999998,0.9936848631408719
1785583357.3078234,7.730092220000003,1.0093901575384439
1785583357.3128235,7.735092198000004,1.0249048254999789
1785583357.3178246,7.740092434999994,1.040224936068922
1785583357.3228292,7.745092728000003,1.055346502921196
1785583357.3278272,7.750092373000001,1.0702641188408157
1785583357.3328252,7.755092926000003,1.0849791289698212
1785583357.337822,7.760091719000002,1.0994804879304245
1785583357.342825,7.765092697,1.1137763988876093
1785583357.3478432,7.770092027000004,1.1278526920136993
1785583357.3528252,7.7750927459999986,1.1417147908803278
1785583357.3578253,7.780092334999992,1.1553525888983505
1785583357.3628302,7.785093184000004,1.1687695259356095
1785583357.3678317,7.790092384000005,1.1819547919459605
1785583357.372823,7.795091955000004,1.1949108090205929
1785583357.377826,7.800092230000004,1.207635411887828
1785583357.3828597,7.805091985999994,1.2201225616851539
1785583357.387825,7.810092037999993,1.232371436774005
1785583357.392826,7.815092923999998,1.244380441893216
1785583357.3978221,7.8200919570000025,1.2561404101323312
1785583357.4028234,7.825092694999995,1.2676569761013794
1785583357.407827,7.830091765999995,1.2789196701467693
1785583357.4128273,7.8350927249999955,1.2899338268738825
1785583357.4178202,7.840092814999991,1.300690684470601
1785583357.4228249,7.845092089000005,1.3111879203140275
1785583357.4278443,7.850092160000003,1.3214264034444603
1785583357.4328272,7.855091693999995,1.3314009102588356
1785583357.4378242,7.860091728,1.3411110885333493
1785583357.4428244,7.865092336000004,1.3505546205194867
1785583357.4478683,7.870093905999994,1.3597297878572083
1785583357.4528344,7.875092662,1.3686275379234003
1785583357.457824,7.880092344000005,1.3772524571879443
1785583357.462821,7.885092192999991,1.3856009725946774
1785583357.4678566,7.890092652999996,1.3936716385019445
1785583357.4728253,7.895091983,1.401459619153091
1785583357.4778244,7.900093034999998,1.40896729050358
1785583357.4828234,7.905091661,1.4161865233836086
1785583357.4878206,7.9100916400000045,1.4231209594110545
1785583357.4928722,7.915093080999995,1.4297686535549559
1785583357.4978497,7.920093206999994,1.4361241038783898
1785583357.5028372,7.9250940929999985,1.442188253947279
1785583357.5078263,7.930092533999996,1.4479556809575067
1785583357.5128353,7.935093456999994,1.4534304389117867
1785583357.5178258,7.940092860999997,1.458606492913809
1785583357.5228245,7.9450921170000015,1.4634839000561866
1785583357.5278249,7.950093409999994,1.4680631699065525
1785583357.5328302,7.955091832999997,1.4723384919166083
1785583357.5378258,7.960092089,1.476312649307249
1785583357.5428238,7.965092103999993,1.4799825762262508
1785583357.5478437,7.970092340999997,1.4833474019964523
1785583357.552857,7.975092227000005,1.4864056020266259
1785583357.557824,7.980091594000001,1.4891560647191318
1785583357.5628245,7.9850921649999975,1.4915986478547445
1785583357.567839,7.990091531999994,1.4937312111575483
1785583357.5728264,7.995091991999999,1.4955538434809368
1785583357.5778222,8.000091932999993,1.4970650660814786
1785583357.5828285,8.005092169999998,1.4982643721596745
1785583357.5878239,8.010092149000002,1.4991509156338438
1785583357.5928242,8.015091423000001,1.4997240627248267
1785583357.5978286,8.020092660999993,1.4999834208289229
1785583357.6028242,8.025091545999999,1.4999282880970106
1785583357.6078186,8.030092080000003,1.499558237671014
1785583357.6128247,8.035092207000005,1.4988729212330334
1785583357.6178274,8.040092259000005,1.4978720219963608
1785583357.6228285,8.045092182000005,1.4965553198071717
1785583357.6278224,8.050092234000005,1.4949225632873107
1785583357.6328266,8.055091860000005,1.4929738455202464
1785583357.637859,8.060091653,1.490708910979757
1785583357.6428282,8.065092316999994,1.4881273609360142
1785583357.6478472,8.070091925,1.4852302941980196
1785583357.6528242,8.075092291999994,1.4820168417365311
1785583357.6578217,8.080091788000004,1.4784882843820426
1785583357.6628609,8.085098525999996,1.4746385843347318
1785583357.6678286,8.090093041000003,1.4704835390777626
1785583357.6728272,8.095092631,1.466009861893985
1785583357.6778247,8.100092423999996,1.461221911440656
1785583357.6828487,8.105091587000004,1.4561210917913454
1785583357.6878264,8.110092546999994,1.4507054523861465
1785583357.6928263,8.11509221,1.4449790014640262
1785583357.697823,8.120092854999996,1.4389399323394247
1785583357.7028308,8.125092980999995,1.4325908578078006
1785583357.707828,8.130091977999996,1.4259336183496163
1785583357.7128239,8.135092012000001,1.4189663199187725
1785583357.7178242,8.140092526999993,1.4116906483025058
1785583357.722853,8.145092282999997,1.4041095542429354
1785583357.7278204,8.150092595000004,1.3962222529349306
1785583357.7328238,8.155091257999999,1.388033581708168
1785583357.7378242,8.160092866,1.3795372261280683
1785583357.742825,8.165092084999998,1.370743594866843
1785583357.7478669,8.170092303999994,1.3616483198574871
1785583357.7528234,8.175091578999996,1.3522564683424334
1785583357.7578523,8.180094834999991,1.3425601234995952
1785583357.7628303,8.185095109000002,1.3325743662178124
1785583357.7678378,8.190096623999992,1.3222926618236088
1785583357.772793,8.195093546999999,1.311729106435604
1785583357.777805,8.200112857999997,1.3008269986494732
1785583357.7827806,8.205090818000002,1.2897283672938094
1785583357.7878153,8.210114258999994,1.2782412878194016
1785583357.7927916,8.215094089999994,1.2665713979989703
1785583357.7977922,8.220090994000003,1.254580894490272
1785583357.802788,8.225093971999996,1.2422964359732078
1785583357.807819,8.230093580000002,1.2297432712766039
1785583357.812787,8.235092577000003,1.216917155854831
1785583357.8177798,8.240092591999996,1.2038162951572187
1785583357.8228304,8.245097365999996,1.190432904639952
1785583357.8278265,8.250093992999993,1.1768043203888605
1785583357.8327956,8.255091433999993,1.1629093014765406
1785583357.8377833,8.260093041999994,1.1487408110362258
1785583357.842782,8.265092260999992,1.134320026464712
1785583357.8477983,8.270091702000002,1.119642393848641
1785583357.8528385,8.275097735999992,1.1046915645034612
1785583357.8578253,8.280095492000001,1.0895150172987087
1785583357.8627875,8.285090118,1.0741009707471147
1785583357.8677967,8.290092633,1.0584181277381557
1785583357.8727877,8.295093370999993,1.0424994684591706
1785583357.877784,8.300092905,1.0263465708946073
1785583357.88278,8.305091124,1.0099632180720546
1785583357.8877788,8.310092656999998,0.9933374039000101
1785583357.8928201,8.315091987999992,0.9764907536360995
1785583357.8977783,8.320091707000003,0.9594180894555608
1785583357.9028323,8.325095203000004,0.9421110469322934
1785583357.907824,8.330093384999998,0.9246047162522937
1785583357.9127896,8.335088345000003,0.9068959208588443
1785583357.9177887,8.340093471000003,0.8889404102781747
1785583357.9227824,8.345093023999993,0.8707980715312104
1785583357.9277797,8.350092594000003,0.852452733473852
1785583357.9328249,8.355093943,0.8339016463029283
1785583357.9378486,8.360094994999997,0.8151563016747363
1785583357.942788,8.365090991999992,0.7962387736786984
1785583357.9477954,8.370092710999998,0.7771122003176022
1785583357.9527843,8.375093114999999,0.7578072796623025
1785583357.9577823,8.380092555999994,0.7383268646884127
1785583357.962782,8.385092572000005,0.7186691202809276
1785583357.96778,8.390092530999993,0.6988406904640496
1785583357.972831,8.395094361000005,0.6788380746304195
1785583357.977858,8.400094542999994,0.6586796193733779
1785583357.9828005,8.405090650999995,0.6383797090300517
1785583357.9877815,8.410091944000001,0.6179050464447898
1785583357.9927826,8.415092126000005,0.5972856412473679
1785583357.9977746,8.420091585999998,0.576524437867695
1785583358.002855,8.425098730999991,0.5555907440291141
1785583358.007824,8.430094432999994,0.5345692389149544
1785583358.0127985,8.435094356999997,0.5133988934312145
1785583358.0177844,8.440093410000003,0.4921057732252411
1785583358.0227876,8.445093259999993,0.4706874512727217
1785583358.027779,8.450093183999996,0.4491517072763736
1785583358.0328243,8.455094552999995,0.42749733786008937
1785583358.0378191,8.460092699,0.40574940167818
1785583358.0428,8.465095622999996,0.38387786466417173
1785583358.047802,8.470092898999994,0.361933191379344
1785583358.052785,8.475093100999999,0.3398827045534932
1785583358.05778,8.480092765999999,0.317746535662759
1785583358.0628083,8.485092245000004,0.2955281083649087
1785583358.0677855,8.490092614000005,0.27322761395028444
1785583358.0727875,8.495092556000003,0.25085593548729995
1785583358.0778215,8.500093647,0.22841105665375117
1785583358.0828288,8.505094737999997,0.205903190267685
1785583358.0877829,8.510093179999998,0.1833494099178592
1785583358.092777,8.515092233999994,0.16074016251317114
1785583358.0977802,8.520092157999997,0.138079408939291
1785583358.1027865,8.525092489000002,0.11537440537775198
1785583358.1078265,8.530094653999996,0.09262384581322944
1785583358.1128275,8.535094763000004,0.0698506456667094
1785583358.1177819,8.540092872999992,0.04705981952362635
1785583358.1227794,8.545092611000001,0.024240086006391326
1785583358.127787,8.550093406000002,0.001399308316552343
1785583358.1327887,8.555090811,-0.021436905514268842
1785583358.1377804,8.560092939,-0.044300326434778506
1785583358.142975,8.565092751999998,-0.067153470855129
1785583358.147806,8.570092250000002,-0.09000014994766728
1785583358.1527853,8.575093155999994,-0.11284289282263973
1785583358.1577802,8.580092449999995,-0.13566255469999391
1785583358.1628032,8.585093763000003,-0.1584703450401096
1785583358.1678364,8.590094186999991,-0.18124762566935368
1785583358.1727867,8.595093406999993,-0.20398760513938297
1785583358.177777,8.600092554,-0.22669006367221606
1785583358.182779,8.605090922000002,-0.2493464265094823
1785583358.1878088,8.610092753999993,-0.2719705052454789
1785583358.1928084,8.615092473999994,-0.29453167301407057
1785583358.1978254,8.620094823999992,-0.31704592915529956
1785583358.202829,8.625094321999995,-0.3394832195453723
1785583358.207783,8.630093376000005,-0.361849034811747
1785583358.2127898,8.635092447999995,-0.3841400766962223
1785583358.2177868,8.640093445999995,-0.40635943704818495
1785583358.2227817,8.64509287,-0.4284861927672057
1785583358.2277777,8.650092200999993,-0.4505215861866117
1785583358.2327816,8.655091107000004,-0.4724588238034956
1785583358.2378235,8.660096549000002,-0.4943229307600643
1785583358.2428257,8.665101307,-0.5160768528722068
1785583358.2478063,8.670090286000004,-0.5376502101479175
1785583358.2527916,8.675099580999998,-0.5591936255312361
1785583358.2578068,8.680093227,-0.57
1785583358.262782,8.685099206999993,-0.57
1785583358.2677786,8.690092704999998,-0.57
1785583358.2727845,8.695093202999999,-0.57
1785583358.2777896,8.700091737999998,-0.57
1785583358.28278,8.705090494999993,-0.57
1785583358.2878273,8.710097715999993,-0.57
1785583358.292862,8.715094102999998,-0.57
1785583358.2977836,8.720090655999996,-0.57
1785583358.3027854,8.725092709999998,-0.57
1785583358.3077793,8.730093041999993,-0.57
1785583358.3128366,8.735091057999995,-0.57
1785583358.3177888,8.740093316,-0.57
1785583358.3227804,8.745092517000003,-0.57
1785583358.3277776,8.750093144999994,-0.57
1785583358.3327804,8.755091014000001,-0.57
1785583358.337836,8.760097751999993,-0.57
1785583358.34283,8.765094916999999,-0.57
1785583358.3478017,8.770089951999992,-0.57
1785583358.3527842,8.775092135999998,-0.57
1785583358.3578024,8.780094059999996,-0.57
1785583358.3627865,8.785092853999998,-0.57
1785583358.3677828,8.790092407999992,-0.57
1785583358.372783,8.795092627999992,-0.57
1785583358.3778124,8.800092681999999,-0.57
1785583358.382781,8.805091273000002,-0.57
1785583358.3877823,8.810092288999996,-0.57
1785583358.3927853,8.815092398000004,-0.57
1785583358.3978064,8.820092304,-0.57
1785583358.4027846,8.825092783000002,-0.57
1785583358.407827,8.830097577999993,-0.57
1785583358.4128704,8.835097871999992,-0.57
1785583358.4177985,8.840092056000003,-0.57
1785583358.4227936,8.845093590999994,-0.57
1785583358.427789,8.850092755999995,-0.57
1785583358.432785,8.855090198,-0.57
1785583358.4378324,8.860095251999994,-0.57
1785583358.4428554,8.865095213000004,-0.57
1785583358.4478364,8.870089507000003,-0.57
1785583358.4527895,8.875093078999996,-0.57
1785583358.4577808,8.880092022,-0.57
1785583358.4628127,8.885092001999993,-0.57
1785583358.4678488,8.890095295999998,-0.57
1785583358.4728363,8.895094849999992,-0.57
1785583358.4777894,8.900091310999997,-0.57
1785583358.4828238,8.905091271999993,-0.57
1785583358.4877875,8.910093732999997,-0.57
1785583358.4928164,8.915097027000002,-0.57
1785583358.4977884,8.920093581000003,-0.57
1785583358.5027838,8.925092337999999,-0.57
1785583358.5077868,8.930092724999994,-0.57
1785583358.5128284,8.935095242000003,-0.57
1785583358.5178175,8.940093183999991,-0.57
1785583358.5227914,8.945092904999996,-0.57
1785583358.5277865,8.950093088000003,-0.57
1785583358.5327902,8.955091216,-0.57
1785583358.5377855,8.960093287999996,-0.57
1785583358.5427828,8.965092193999993,-0.57
1785583358.5478938,8.970097413999994,-0.57
1785583358.5528545,8.975095431,-0.57
1785583358.557817,8.980094558000005,-0.57
1785583358.5628047,8.985092555999998,-0.57
1785583358.567799,8.990092646999997,-0.57
1785583358.5728035,8.995092755999991,-0.57
1785583358.577805,9.000093327999991,-0.57
1785583358.5827997,9.005090363999997,-0.57
1785583358.587796,9.010092473,-0.57
1785583358.5928273,9.015092303999992,-0.57
1785583358.5978024,9.020093117000002,-0.57
1785583358.6027982,9.02509293,-0.57
1785583358.6077995,9.030093225000002,-0.57
1785583358.6127982,9.035093536999995,-0.57
1785583358.6178014,9.040092498999996,-0.57
1785583358.622799,9.04509333,-0.57
1785583358.6277943,9.050092550000002,-0.57
1785583358.632794,9.055090566999993,-0.57
1785583358.6378026,9.06009401,-0.57
1785583358.6428034,9.065093470999997,-0.57
1785583358.6478171,9.070093190999998,-0.57
1785583358.6528006,9.075092837,-0.57
1785583358.657831,9.080092223999998,-0.57
1785583358.6628468,9.085095332999998,-0.57
1785583358.6678371,9.090096054,-0.57
1785583358.6727896,9.095093496000004,-0.57
1785583358.6777818,9.100092957000001,-0.57
1785583358.6827886,9.105092084999995,-0.57
1785583358.687783,9.110093860999996,-0.57
1785583358.6927865,9.115093415000004,-0.57
1785583358.6977832,9.120093135000005,-0.57
1785583358.7028818,9.125094078000004,-0.57
1785583358.7078433,9.130094112999998,-0.57
1785583358.712787,9.135092665999991,-0.57
1785583358.7177825,9.140092646,-0.57
1785583358.72278,9.145092699999992,-0.57
1785583358.7277956,9.150091476,-0.57
1785583358.7327967,9.155091732999992,-0.57
1785583358.7377791,9.160092546000001,-0.57
1785583358.7427795,9.16509284,-0.57
1785583358.7478046,9.170093226999995,-0.57
1785583358.752784,9.175093429,-0.57
1785583358.7578154,9.180091148999992,-0.57
1785583358.7628267,9.185094165999999,-0.57
1785583358.7678852,9.190093496999992,-0.57
1785583358.7728145,9.195092513999995,-0.57
1785583358.7778096,9.200093068000001,-0.57
1785583358.782806,9.205092417999992,-0.57
1785583358.7878058,9.210092267999997,-0.57
1785583358.792809,9.215092618,-0.57
1785583358.797806,9.220093004999995,-0.57
1785583358.8028114,9.225092762000003,-0.57
1785583358.8078003,9.230092482000003,-0.57
1785583358.8128116,9.235092757999993,-0.57
1785583358.8178082,9.240093145000003,-0.57
1785583358.8228052,9.245092642999992,-0.57
1785583358.8278024,9.250092197,-0.57
1785583358.8328094,9.255092583999996,-0.57
1785583358.8378046,9.260092526999998,-0.57
1785583358.8428268,9.265093339000003,-0.57
1785583358.847849,9.270112393000005,-0.57
1785583358.8528726,9.275093464999998,-0.57
1785583358.8578436,9.280092667000005,-0.57
1785583358.8628292,9.285093739000004,-0.57
1785583358.8678224,9.290093311999996,-0.57
1785583358.8728082,9.295093586999997,-0.57
1785583358.8778145,9.300092122999999,-0.57
1785583358.8828273,9.305093047,-0.57
1785583358.887814,9.310092377999993,-0.57
1785583358.8928053,9.315092449999995,-0.57
1785583358.8978105,9.320092373999998,-0.57
1785583358.9028041,9.325092464999997,-0.57
1785583358.9078028,9.330092481999998,-0.57
1785583358.9128048,9.335091554000002,-0.57
1785583358.9178154,9.340093088999993,-0.57
1785583358.9228072,9.345092643000001,-0.57
1785583358.9277995,9.350091715000005,-0.57
1785583358.9328012,9.355091693999995,-0.57
1785583358.9378521,9.360092562999995,-0.57
1785583358.9428184,9.365092375999993,-0.57
1785583358.9478176,9.370091837000004,-0.57
1785583358.9528062,9.375091983000004,-0.57
1785583358.9578238,9.380091648000004,-0.57
1785583358.962802,9.385091665000004,-0.57
1785583358.9678025,9.390092328999998,-0.57
1785583358.9728026,9.395091993999998,-0.57
1785583358.9777985,9.400091787999997,-0.57
1785583358.9828098,9.405091916000003,-0.57
1785583358.9878006,9.410092895999995,-0.57
1785583358.9928007,9.415092004999991,-0.57
1785583358.997797,9.420092021999992,-0.5642831322961086
1785583359.0028062,9.425092371999995,-0.5413263127070984
1785583359.0078003,9.430092316,-0.518214700961089
1785583359.012799,9.435092037000004,-0.4949535640306203
1785583359.0177996,9.440091758999998,-0.4715480069743797
1785583359.022825,9.445092035999991,-0.4480016033121764
1785583359.0278003,9.450091684,-0.42432617300629705
1785583359.032801,9.455092331000003,-0.40052028503634185
1785583359.037802,9.460092330999998,-0.37659810221246887
1785583359.0428302,9.465091997000002,-0.352564547687609
1785583359.0478199,9.470092218000005,-0.32842177149725377
1785583359.0528007,9.475092051000004,-0.30418079504125073
1785583359.057798,9.480091958000003,-0.27984590283709215
1785583359.06283,9.485091901999994,-0.2554238266144015
1785583359.067815,9.490091918999994,-0.23092098069613654
1785583359.0728023,9.495091993000003,-0.20634406992274593
1785583359.0777967,9.500092195999997,-0.1816994008084358
1785583359.0828252,9.505092157999997,-0.15699549614780262
1785583359.0878043,9.510091935999995,-0.13223880927777654
1785583359.0928013,9.515091545999994,-0.10743602239383038
1785583359.0977988,9.520092007999992,-0.08258885071109003
1785583359.102807,9.525093007999999,-0.05770565058725835
1785583359.1078012,9.530092174000004,-0.03280507023825347
1785583359.1128037,9.535092117999994,-0.007880962867090736
1785583359.1177967,9.540092079999994,0.017056012530901846
1785583359.1228054,9.545092505,0.042001182305106285
1785583359.127801,9.550091856999998,0.06693997386042495
1785583359.1328018,9.555091633999993,0.09187293657491638
1785583359.1377995,9.560092706999995,0.11679747064223911
1785583359.1427977,9.565091835999993,0.14169048480377577
1785583359.1478224,9.570092279999997,0.16656125443133832
1785583359.152809,9.575091889999996,0.19139212484505863
1785583359.157794,9.580092481999998,0.216185144835199
1785583359.1628718,9.585098074000001,0.2409531738055693
1785583359.1678724,9.590093202999995,0.2656128156484228
1785583359.1728456,9.595093109999993,0.2902324411009024
1785583359.177829,9.600093053999998,0.31478164914802936
1785583359.1828322,9.605093053000004,0.3392535646024366
1785583359.1878576,9.610092644999995,0.3636389809296644
1785583359.1928463,9.615094236999994,0.38794264880665985
1785583359.197829,9.620091848000001,0.4121286299163558
1785583359.2028303,9.625092607,0.4362245286587344
1785583359.207827,9.630092994999998,0.4602063944549041
1785583359.2128532,9.635093123999994,0.48406789576623277
1785583359.217826,9.640092641999999,0.5078005151888125
1785583359.2228253,9.645092289000004,0.5314009367362736
1785583359.2278247,9.650092974000003,0.5548665785765456
1785583359.232832,9.655092233000005,0.5781790960918686
1785583359.2378714,9.660097601999993,0.6013666399186888
1785583359.2428415,9.665092971999997,0.6243480258936589
1785583359.247863,9.670093768000001,0.6471877257724485
1785583359.2528968,9.675095081999999,0.6698563459799558
1785583359.2578464,9.680094062999999,0.6923344162566208
1785583359.262849,9.685093784000003,0.7146292360035824
1785583359.2678556,9.690095747,0.73674076577149
1785583359.2728765,9.695093634999992,0.7586346652448619
1785583359.2778535,9.700092596999994,0.7803271925570134
1785583359.2828305,9.705093023000003,0.8018134481473798
1785583359.2878292,9.710092504000002,0.823076660353911
1785583359.2928286,9.715092132999999,0.8441151922290642
1785583359.2978284,9.720092502,0.8649251868724617
1785583359.3028271,9.725092335,0.8854950855290584
1785583359.3078237,9.730091759999993,0.9058193044017095
1785583359.312965,9.735106888999994,0.9259560677039034
1785583359.3178508,9.740094388999992,0.9457262299536537
1785583359.3228438,9.745093870000005,0.9652820121879742
1785583359.327755,9.750088238999993,0.9845500937593723
1785583359.3327568,9.755088108999999,1.0035655205710576
1785583359.3378685,9.760094182999993,1.022324186860331
1785583359.3428335,9.765093125999996,1.0407704606179549
1785583359.3478434,9.770092180999995,1.0589260039732298
1785583359.3528311,9.775092365999996,1.0767888120330638
1785583359.3578649,9.780093179999994,1.0943514168125024
1785583359.3628318,9.785094271999995,1.1116070564736202
1785583359.367844,9.790092678999997,1.1285403658515365
1785583359.3728297,9.795092585999996,1.145160349142689
1785583359.377822,9.800092121999995,1.1614554762683653
1785583359.382827,9.805092622000004,1.1774249192632622
1785583359.3878233,9.810092101999999,1.1930573123387707
1785583359.3928223,9.815092286999999,1.20835313157772
1785583359.3978229,9.820092137999993,1.2233043006241717
1785583359.402833,9.825092081999998,1.2379073509997323
1785583359.4078267,9.830092526000001,1.2521587303075206
1785583359.4128294,9.835092433,1.2660509019328536
1785583359.4178257,9.840092321,1.279580875192629
1785583359.422861,9.845092097999995,1.2927440227767337
1785583359.4278238,9.850092246000003,1.3055372904442606
1785583359.4328465,9.855111338,1.3180018230004997
1785583359.4378216,9.860092484999996,1.3299944009770623
1785583359.4428716,9.865109724999996,1.3416894808070712
1785583359.4478478,9.870092169000003,1.3529178058862708
1785583359.4528487,9.875109928,1.363833518764924
1785583359.4578226,9.880092242000003,1.374279046976126
1785583359.462845,9.885108740999996,1.3843969415201258
1785583359.4678473,9.890092518000003,1.3940486430217565
1785583359.4728246,9.895091777000005,1.4033262448370276
1785583359.477831,9.900092776999998,1.4121989301029538
1785583359.482829,9.905091869000003,1.420657130284217
1785583359.48783,9.910093293999992,1.4287049668272576
1785583359.4928517,9.915092367,1.436332020057368
1785583359.4978294,9.920093589000004,1.4435424153429892
1785583359.502829,9.925091921999993,1.4503263364826489
1785583359.5078557,9.930091809999993,1.456687457498723
1785583359.512829,9.935092530999995,1.4626221489774636
1785583359.5178244,9.940091937999995,1.4681256409487793
1785583359.5228255,9.945091882,1.4731979106968194
1785583359.5278652,9.950091788999998,1.4778362748818252
1785583359.5328522,9.955092362000002,1.4820393921975705
1785583359.5380387,9.96009214,1.485804266390299
1785583359.5428364,9.965093045999993,1.4891306431710163
1785583359.547852,9.970092934999997,1.4920155508613955
1785583359.552833,9.975092840999991,1.4944583168804169
1785583359.557825,9.980092489,1.4964575671348312
1785583359.562824,9.985091858999994,1.4980122236294906
1785583359.567827,9.990092727999993,1.4991216652701784
1785583359.5728285,9.995092968999998,1.4997844246005188
1785583359.5778294,10.000092135000003,1.4999999239675597
1785583359.582826,10.005092152999993,1.4997676626791343
1785583359.5878239,10.010091892999995,1.4990871359136098
1785583359.5928543,10.015092170000003,1.497957851615654
1785583359.5978281,10.020092465000005,1.496379640495253
1785583359.6028242,10.025092039,1.4943527536448586
1785583359.6078262,10.030091982999991,1.4918768545538965
1785583359.6128573,10.035091816000005,1.4889523407517125
1785583359.6178312,10.040092778000002,1.4855786802931938
1785583359.6228266,10.045092111000002,1.4817582675665302
1785583359.6278224,10.050092109999994,1.4774900813439207
1785583359.6328266,10.055091258000004,1.4727761811345872
1785583359.6378214,10.060091275000005,1.467615819468552
1785583359.6428232,10.065091756000001,1.4620102502178685
1785583359.6478431,10.070091996000002,1.4559613852640656
1785583359.6528418,10.075093291999991,1.4494688361814123
1785583359.657846,10.080091995000004,1.4425389690737198
1785583359.6628969,10.085103771999997,1.4351502464376376
1785583359.667837,10.090094586999996,1.4273555833224645
1785583359.6728134,10.095092049000002,1.4191155725304976
1785583359.6778457,10.100091992999992,1.4104378604717684
1785583359.6828058,10.105092048000003,1.4013283343032468
1785583359.6878128,10.110092676999997,1.3917883083623839
1785583359.6928287,10.115092176000005,1.3818234868979256
1785583359.697867,10.120092435000004,1.3714326679242035
1785583359.7028332,10.125092619,1.360620152350748
1785583359.7078257,10.130091581999991,1.3493913688855823
1785583359.7128282,10.135093377000004,1.3377399342907383
1785583359.71783,10.140092803000002,1.3256809618260148
1785583359.7228515,10.145091820999994,1.3132132531634717
1785583359.7278244,10.150092246,1.3003354799176627
1785583359.7328272,10.155092208,1.2870557959683178
1785583359.737823,10.160092188999997,1.2733765592519848
1785583359.7428281,10.165091707000002,1.2593028558076005
1785583359.747848,10.170092447000002,1.2448336974410492
1785583359.7528512,10.175096334999992,1.2299669768647696
1785583359.7578523,10.180097649999993,1.2147237306134642
1785583359.7629244,10.185092796999996,1.1991201452596392
1785583359.7678323,10.190093371000003,1.1831244375937744
1785583359.7728243,10.195093185000005,1.1667603513885156
1785583359.777824,10.200092405999996,1.150032092852665
1785583359.7828557,10.205092312999994,1.1329400976808799
1785583359.7878487,10.210092404999997,1.1154908322088757
1785583359.7928293,10.215092385999995,1.0976902904300005
1785583359.7978215,10.220092108000003,1.0795441261018908
1785583359.8028255,10.225093755000003,1.0610494486875255
1785583359.8078284,10.230092903,1.042227998704846
1785583359.8128324,10.235092717,1.0230734832280888
1785583359.8178267,10.240092771999997,1.003592993069811
1785583359.8228273,10.245091641999991,0.9837978393022111
1785583359.8278255,10.250092084999991,0.9636828399715172
1785583359.8328276,10.255092159,0.9432615804560851
1785583359.8378286,10.260092547,0.9225372721121686
1785583359.842827,10.265092527999997,0.9015190131986377
1785583359.8478703,10.270091786999998,0.8802144326281767
1785583359.8528275,10.275091970999995,0.8586228030835246
1785583359.8578222,10.280092007999997,0.8367550985208134
1785583359.8628213,10.285091451,0.8146198449910549
1785583359.8678572,10.290093228999993,0.7922105456198962
1785583359.872824,10.295091912999993,0.7695582873164579
1785583359.877826,10.300092672000005,0.7466465251151599
1785583359.882824,10.305091968,0.7234983133042947
1785583359.887846,10.310094336999995,0.7000995193121037
1785583359.8928363,10.315092188999998,0.6764928157567021
1785583359.8978226,10.320091872999996,0.6526555536545475
1785583359.9028234,10.325091705999995,0.6286028652572261
1785583359.9078262,10.330091631000002,0.6043423329765362
1785583359.912833,10.335093353000005,0.579872975397205
1785583359.9178305,10.340092111000004,0.5552256357128121
1785583359.9228265,10.34509174,0.5303890826355193
1785583359.9278235,10.350091665999997,0.5053737340419974
1785583359.9328542,10.355091406,0.48018970360726887
1785583359.9378245,10.360092108999993,0.4548389391842991
1785583359.942829,10.365091664000005,0.4293399911778989
1785583359.9478462,10.370092181999993,0.40369000778400155
1785583359.9528704,10.375092033000001,0.3779053043344718
1785583359.9578295,10.380091957999994,0.35199011101207395
1785583359.9628267,10.385091383999992,0.3259554970831831
1785583359.96784,10.390091752999993,0.2998020770003465
1785583359.972825,10.395091549,0.2735459590648618
1785583359.9778454,10.400092419000003,0.24718672312704548
1785583359.9828255,10.405091436999996,0.22074810263001055
1785583359.9878256,10.410092066000004,0.19422012493135815
1785583359.9928257,10.415091509999996,0.16762598819090008
1785583359.9978225,10.420091397999997,0.14096545953527492
1785583360.0028255,10.425091434999999,0.11424855457581212
1785583360.007822,10.430091656999991,0.08748356500543056
1785583360.0128243,10.435091916999994,0.06067979655482887
1785583360.0178568,10.440091881,0.03384759312748013
1785583360.0228236,10.445091380999997,0.006996438358551218
1785583360.0278232,10.450091807999996,-0.019872540314434223
1785583360.032824,10.455092011999994,-0.04674454363310396
1785583360.0378525,10.460091679000001,-0.07360924362518408
1785583360.0428495,10.465091790999992,-0.10046326135990659
1785583360.047845,10.470092124999994,-0.12729672706177908
1785583360.0528245,10.475091254999995,-0.15409331846147645
1785583360.0578198,10.480091903999991,-0.18085894191507404
1785583360.0628254,10.485092034000004,-0.2075739864444177
1785583360.0678234,10.490092312000002,-0.2342333278857397
1785583360.0728219,10.495092127999996,-0.2608250289386462
1785583360.0778222,10.500091665,-0.2873413925981979
1785583360.082824,10.505091054999994,-0.3137744517141582
1785583360.087826,10.510092481000001,-0.34012702863062383
1785583360.092822,10.515091704,-0.3663681364593026
1785583360.0978205,10.520092390000002,-0.3925083971731194
1785583360.1028235,10.525091797999991,-0.41852485512500487
1785583360.107821,10.530091317,-0.444416180038736
1785583360.1128242,10.535091855000005,-0.47017845369724587
1785583360.1178236,10.540091485000005,-0.495793194468496
1785583360.1228266,10.545091855999999,-0.5212603368472932
1785583360.1278417,10.550110911999994,-0.5466618402996235
1785583360.1328278,10.555091856999994,-0.57
1785583360.137824,10.560091580000005,-0.57
1785583360.1428285,10.565092617000005,-0.57
1785583360.1478448,10.570091969999993,-0.57
1785583360.152828,10.575092136999999,-0.57
1785583360.1578205,10.580091248999992,-0.57
1785583360.1628966,10.585096898000003,-0.57
1785583360.1678312,10.590092787000003,-0.57
1785583360.1728354,10.595092343000005,-0.57
1785583360.1778233,10.600091436,-0.57
1785583360.1828575,10.605091993000002,-0.57
1785583360.1878247,10.610092123000001,-0.57
1785583360.1928246,10.615091863999993,-0.57
1785583360.197827,10.620092419999992,-0.57
1785583360.2028275,10.625092495000004,-0.57
1785583360.2078261,10.630091754999995,-0.57
1785583360.212832,10.635092106999991,-0.57
1785583360.2178245,10.640092737000003,-0.57
1785583360.222824,10.645091941999993,-0.57
1785583360.227826,10.650091552999996,-0.57
1785583360.232848,10.655091460999998,-0.57
1785583360.237845,10.660094405999999,-0.57
1785583360.2428303,10.665092591999993,-0.57
1785583360.2478883,10.670091869999993,-0.57
1785583360.252831,10.675092890000002,-0.57
1785583360.2578301,10.680091963999999,-0.57
1785583360.2628334,10.685092964999996,-0.57
1785583360.2678776,10.690092538999991,-0.57
1785583360.2728314,10.695092150999997,-0.57
1785583360.2778223,10.700091911000001,-0.57
1785583360.2828236,10.705091522999993,-0.57
1785583360.287822,10.710091875000003,-0.57
1785583360.2928255,10.715092060999993,-0.57
1785583360.2978501,10.720091728,-0.57
1785583360.3028283,10.725092043999993,-0.57
1785583360.3078222,10.730092137,-0.57
1785583360.312827,10.735091433999997,-0.57
1785583360.3178225,10.740091527000004,-0.57
1785583360.3228238,10.745091305000003,-0.57
1785583360.3278277,10.750093195000005,-0.57
1785583360.3328617,10.755091805999996,-0.57
1785583360.3378248,10.760091806999995,-0.57
1785583360.3428273,10.765091974,-0.57
1785583360.3478436,10.770091640999993,-0.57
1785583360.3528562,10.775091735000004,-0.57
1785583360.3578293,10.780091939000002,-0.57
1785583360.3628287,10.785091588,-0.57
1785583360.367829,10.790091847,-0.57
1785583360.3728251,10.795091478000003,-0.57
1785583360.3778262,10.800091756,-0.57
1785583360.3828285,10.805091348999994,-0.57
1785583360.3878245,10.810091349999993,-0.57
1785583360.3928244,10.815091831999993,-0.57
1785583360.3978627,10.820091332000004,-0.57
1785583360.4028258,10.825091647999997,-0.57
1785583360.407823,10.830091777999996,-0.57
1785583360.4128268,10.835092316,-0.57
1785583360.417823,10.840091760999996,-0.57
1785583360.4228277,10.845091835000005,-0.57
1785583360.4278247,10.850092020999995,-0.57
1785583360.432828,10.855092076999995,-0.57
1785583360.437828,10.860092836999996,-0.57
1785583360.4428267,10.865092430000004,-0.57
1785583360.447844,10.870092134000004,-0.57
1785583360.452826,10.875091838999992,-0.57
1785583360.4578235,10.880092062000003,-0.57
1785583360.4628565,10.885091673000005,-0.57
1785583360.4678311,10.890092636999995,-0.57
1785583360.4728248,10.895091971,-0.57
1785583360.4778214,10.900091731000003,-0.57
1785583360.482827,10.905092213000003,-0.57
1785583360.4878457,10.910092695000003,-0.57
1785583360.4928284,10.915091547000003,-0.57
1785583360.497828,10.920092824999998,-0.57
1785583360.5028272,10.925091899999998,-0.57
1785583360.507856,10.930091993000005,-0.57
1785583360.5128312,10.935092216000001,-0.57
1785583360.5178227,10.940091105999997,-0.57
1785583360.5228257,10.945092142999997,-0.57
1785583360.52782,10.950091439999994,-0.57
1785583360.5328293,10.955091995999993,-0.57
1785583360.537823,10.960091774999995,-0.57
1785583360.5428276,10.965091868000002,-0.57
1785583360.5478418,10.970092238999996,-0.57
1785583360.552852,10.975092349999997,-0.57
1785583360.557825,10.980091962000003,-0.57
1785583360.5628262,10.985091889000003,-0.57
1785583360.5678413,10.990092074000003,-0.57
1785583360.5728607,10.995092149000001,-0.57
1785583360.5778236,11.000091501,-0.57
1785583360.5828233,11.005091797999995,-0.57
1785583360.5878353,11.010093002999994,-0.57
1785583360.59283,11.015091706999996,-0.57
1785583360.5978277,11.020092058999992,-0.57
1785583360.6028292,11.025092023,-0.57
1785583360.6078212,11.030091893999995,-0.57
1785583360.6128228,11.035091468000005,-0.57
1785583360.6178265,11.040091691,-0.57
1785583360.6228266,11.045091747,-0.57
1785583360.627824,11.050092581000001,-0.57
1785583360.6328273,11.055091804,-0.57
1785583360.6378279,11.060092064000003,-0.57
1785583360.6428244,11.065091491000004,-0.57
1785583360.6478457,11.070092583999994,-0.57
1785583360.6528277,11.075092046999998,-0.57
1785583360.6578536,11.080091547999999,-0.57
1785583360.6628597,11.085098251999995,-0.57
1785583360.6678283,11.090093678999992,-0.57
1785583360.6728272,11.095093234999993,-0.57
1785583360.6778235,11.100092902,-0.57
1785583360.6828377,11.105093643000004,-0.57
1785583360.6878262,11.110092198999993,-0.57
1785583360.6928265,11.115093126000005,-0.57
1785583360.697822,11.120093163999996,-0.57
1785583360.7028258,11.125093441999994,-0.57
1785583360.707822,11.130092497999996,-0.57
1785583360.7128313,11.135093257999998,-0.57
1785583360.7178292,11.140093276999991,-0.57
1785583360.7228298,11.145092388999998,-0.57
1785583360.7278216,11.150092888999993,-0.57
1785583360.7328236,11.155092315999994,-0.57
1785583360.737824,11.160092649999996,-0.57
1785583360.7428925,11.165112428,-0.57
1785583360.7478456,11.170093003000005,-0.57
1785583360.7528737,11.175117428999997,-0.57
1785583360.757826,11.180093077999999,-0.57
1785583360.7628267,11.185093559999999,-0.57
1785583360.7678308,11.190093060999999,-0.57
1785583360.77284,11.195092579999994,-0.557121621087634
1785583360.7778292,11.200093099,-0.5305981198010239
1785583360.782826,11.205092284999992,-0.5038807676448359
1785583360.7878268,11.210092211000003,-0.4769679370097646
1785583360.792826,11.215092396999992,-0.4498716577180752
1785583360.7978225,11.220092008999998,-0.4226060525800797
1785583360.802823,11.225091750000004,-0.3951769770478526
1785583360.8078556,11.230092306000003,-0.36759036765647696
1785583360.8128252,11.235091936000003,-0.33986565201345026
1785583360.8178256,11.240092621999992,-0.312001724732414
1785583360.8228247,11.245092122999992,-0.28402103268407963
1785583360.8278246,11.250092604999992,-0.25592148153212285
1785583360.832826,11.255091863999994,-0.22772554140560725
1785583360.8378248,11.260092606,-0.19942807962239972
1785583360.8428254,11.265091605999999,-0.1710575378385571
1785583360.847871,11.270092050999992,-0.14260607434957817
1785583360.8528285,11.275092626000003,-0.1140914221025517
1785583360.8578212,11.280092349,-0.08552951938651479
1785583360.8628252,11.285092590000005,-0.05692290894792218
1785583360.8678672,11.290092608999998,-0.02828621851900103
1785583360.87283,11.295092647000004,0.0003715016249563538
1785583360.8778224,11.300091758999997,0.029034377576284014
1785583360.8828204,11.305092092999999,0.057704247814087825
1785583360.8878524,11.310092686000004,0.08636509082142768
1785583360.892826,11.315092964000002,0.11500310120108792
1785583360.8978207,11.320092075999995,0.14360289185796266
1785583360.9028275,11.325091983999997,0.17216515970363513
1785583360.9078214,11.330092706999991,0.20067945413325802
1785583360.912873,11.335095948000003,0.2291448825153305
1785583360.917836,11.340094077999993,0.2575075576298846
1785583360.9228277,11.345091448999995,0.2857817913198507
1785583360.9278226,11.350092208999996,0.3139804753329802
1785583360.9330578,11.355093858000004,0.34207888726793384
1785583360.9379308,11.360094469000003,0.37005572232878203
1785583360.9428325,11.365092543999992,0.39789227428591
1785583360.947848,11.370092432999996,0.4256023738334054
1785583360.9528303,11.375092749000004,0.45316784689857226
1785583360.9578254,11.380092305000005,0.4805718055609247
1785583360.962825,11.385092102000002,0.5078094415981063
1785583360.9678316,11.390092472999996,0.5348722499348109
1785583360.9728582,11.395092083999998,0.5617427915170279
1785583360.9778318,11.400092936999997,0.5884216172982267
1785583360.9828255,11.405091752000004,0.6148811558825809
1785583360.9878247,11.410091937999994,0.6411294295884646
1785583360.9928255,11.415092141999992,0.6671492431251478
1785583360.9978478,11.420092291000003,0.6929302836900677
1785583361.00286,11.425095069999998,0.7184763370377998
1785583361.007796,11.430089479000003,0.7437218872695363
1785583361.0127888,11.435090203000001,0.7687316172046067
1785583361.017841,11.440093703999992,0.7934774644789904
1785583361.0228312,11.445092853999995,0.8179147627929118
1785583361.0278237,11.450091986000004,0.8420556203497128
1785583361.032824,11.455091449999998,0.865892345948863
1785583361.0378294,11.460092340999992,0.8894207379324829
1785583361.042828,11.465092028,0.9126192388560903
1785583361.0478454,11.470092178000002,0.9354866023529141
1785583361.0528276,11.475091734999992,0.9580090695444785
1785583361.057855,11.480091161999994,0.980179971543577
1785583361.062847,11.485092072,1.0019976020901638
1785583361.0678253,11.490091980999992,1.0234424761363248
1785583361.0728254,11.495091501000005,1.0445089013503082
1785583361.0778244,11.500091335999997,1.0651915087008355
1785583361.0828288,11.505091855999993,1.08548349744769
1785583361.0878239,11.510091562,1.105370719335864
1785583361.092822,11.515092062999997,1.1248516318200217
1785583361.0978231,11.520091527999995,1.143911329397283
1785583361.1028304,11.525092900000004,1.1625532603792523
1785583361.1078281,11.530092475999993,1.1807560961940875
1785583361.1128275,11.535091459,1.1985171680758597
1785583361.1178215,11.540092313000002,1.2158378534944032
1785583361.1228309,11.545092350999994,1.2327016531009645
1785583361.1278281,11.550092038000003,1.2491034037332898
1785583361.1328254,11.555091372999996,1.2650364734533386
1785583361.1378243,11.560091763999992,1.2804986888938603
1785583361.142858,11.565091987999992,1.29547974817558
1785583361.147845,11.570091675,1.309972423348658
1785583361.1528268,11.575091880000002,1.3239737284800304
1785583361.1578238,11.5800919,1.3374757764454888
1785583361.1628592,11.585098512999991,1.3504902083177128
1785583361.1678514,11.590093330000002,1.3629645082353155
1785583361.1728292,11.595092424,1.3749346508670128
1785583361.1778245,11.600092703000001,1.3863872572988676
1785583361.182822,11.605092427000002,1.3973133013693402
1785583361.1878302,11.610092909999992,1.4077108712844626
1785583361.192832,11.615092504999993,1.417572007838233
1785583361.1978242,11.62009234,1.4268946819654549
1785583361.2028277,11.625093026999991,1.4356756985500196
1785583361.207822,11.630092564999998,1.4439076352247837
1785583361.2128267,11.635092474999993,1.4515893703620286
1785583361.2178261,11.640092643000003,1.4587170763923931
1785583361.2228265,11.645091847999993,1.465285790087485
1785583361.2278578,11.650092775999994,1.471295781255126
1785583361.2328317,11.655093166,1.4767412119435936
1785583361.2378247,11.660092297999995,1.4816188943893673
1785583361.2428255,11.665092985000001,1.4859290287077827
1785583361.2478456,11.670092152999999,1.4896666818133286
1785583361.252849,11.675092581000001,1.492831914862957
1785583361.2578251,11.680092618999993,1.4954216914196174
1785583361.262827,11.685092639999993,1.4974346523203037
1785583361.267821,11.690091918999997,1.4988692358321347
1785583361.2728267,11.695092309999993,1.4997247302933974
1785583361.2778304,11.700093347999996,1.4999997936454017
1785583361.2828472,11.705094184000004,1.4996935690135387
1785583361.2878413,11.710092852000002,1.4988060826521077
1785583361.292835,11.715092854000005,1.4973365765699695
1785583361.2978263,11.720092780999991,1.4952851896618862
1785583361.3028255,11.725092246000003,1.4926523458304524
1785583361.3078237,11.730092544000001,1.4894376971774392
1785583361.3128586,11.735092082999998,1.485642880819675
1785583361.3178682,11.740092861999997,1.4812671506284647
1785583361.3228278,11.745092474999993,1.47631368212764
1785583361.3278444,11.750110790999997,1.4707610615977624
1785583361.3328257,11.755091551999996,1.4646763367966416
1785583361.3378246,11.760092349999994,1.457993943442516
1785583361.3428273,11.765092334000002,1.4507404321087591
1785583361.3478422,11.770092168999994,1.4429172287988616
1785583361.3528273,11.775092078,1.4345264506023794
1785583361.357826,11.780093209,1.4255686322044974
1785583361.3628242,11.785092526,1.4160522195357461
1785583361.367823,11.790092526999999,1.4059757822011538
1785583361.3728244,11.795092343999997,1.3953443453172623
1785583361.3778257,11.800092548999999,1.3841602437778988
1785583361.3828254,11.805092329000004,1.372429111065163
1785583361.38782,11.810092218999998,1.3601537757053297
1785583361.392825,11.815091887999998,1.347339322197246
1785583361.3978515,11.820091574999992,1.3339896454130078
1785583361.4028301,11.825092205999994,1.3201068142262002
1785583361.4078238,11.830092671000003,1.305698701212247
1785583361.412824,11.835091856999995,1.2907738708494556
1785583361.4178212,11.840091767000004,1.275331775302037
1785583361.4228244,11.845091861,1.2593795018473422
1785583361.4278235,11.850091880999997,1.2429236291306514
1785583361.4328232,11.855092568000003,1.2259676130370405
1785583361.4378214,11.860092440000003,1.2085226924744297
1785583361.442829,11.86509246,1.1905920039938735
1785583361.447848,11.870092276999998,1.1721834163850353
1785583361.452825,11.875092056,1.1533031609736666
1785583361.4578218,11.880092075999997,1.1339571603654666
1785583361.462823,11.885091485999993,1.1141559601529165
1785583361.4678378,11.890091838999993,1.0939007624909989
1785583361.472825,11.895091969999996,1.0732037812725432
1785583361.4778266,11.900091860999993,1.052072934492799
1785583361.4828546,11.905091400000003,1.0305167411927976
1785583361.4878252,11.910092141999996,1.0085365442755718
1785583361.4928255,11.915092161999993,0.9861490824581827
1785583361.4978204,11.920092367999999,0.9633588738000187
1785583361.502822,11.925091944000002,0.9401783828542299
1785583361.5078418,11.930092259999995,0.9166101112935165
1785583361.5128264,11.935092761999996,0.8926656016672112
1785583361.5178258,11.940092226999994,0.8683600083027412
1785583361.5228264,11.945092450000004,0.8436940021368897
1785583361.5278256,11.950092007999999,0.8186841181977548
1785583361.5328286,11.955092898000004,0.793329983371907
1785583361.5378215,11.960092844000002,0.7676529352919441
1785583361.5428226,11.965091401999999,0.7416654649281649
1785583361.5478432,11.970091940000003,0.7153601374435603
1785583361.5528255,11.975092016000005,0.6887599335438142
1785583361.557821,11.980091629,0.6618753527848683
1785583361.562825,11.985091983000004,0.634710444816534
1785583361.567853,11.990092003,0.6072816939823145
1785583361.5728447,11.995091541999997,0.5796007741451535
1785583361.5778253,12.000091173000001,0.5516754666084773
1785583361.5828254,12.005091878000002,0.5235112475430859
1785583361.5878217,12.010092380000003,0.495126409889838
1785583361.5928285,12.015092121999999,0.4665354481515138
1785583361.5978196,12.020091382999993,0.4377482156866345
1785583361.6028244,12.025093052000003,0.4087594417472564
1785583361.6078227,12.030091756999994,0.37961186110732564
1785583361.6128259,12.035091463,0.3502941181495548
1785583361.617824,12.040091611999998,0.32082116348826
1785583361.6228235,12.045091447000004,0.2912092862168346
1785583361.6278188,12.050091357,0.2614681037589923
1785583361.6328447,12.055092376999994,0.23160340328638185
1785583361.6378245,12.060091786000001,0.20164350492911948
1785583361.642824,12.065092027999995,0.17158590588103842
1785583361.6478431,12.070091492999993,0.1414524576137295
1785583361.6528559,12.075091771999993,0.11124580173809043
1785583361.6578238,12.080092014999991,0.08098333942688715
1785583361.6628652,12.085099646000003,0.05063237630498077
1785583361.6678336,12.090094018000002,0.020330485023833188
1785583361.672832,12.095093278999997,-0.010019972637911486
1785583361.6778264,12.100092188000005,-0.04037478659272271
1785583361.6828246,12.105093135000004,-0.07073601814319751
1785583361.6878228,12.110092655000003,-0.10107015839229319
1785583361.6928263,12.115092841999996,-0.13137742929237983
1785583361.6978216,12.120092583999991,-0.1616385940951346
1785583361.7028327,12.125093437999993,-0.19185056471866635
1785583361.707821,12.130092290999997,-0.22198205462673987
1785583361.712826,12.135092440999998,-0.2520404666555673
1785583361.717826,12.140093683999993,-0.2820120312035575
1785583361.722823,12.145092110999997,-0.3118609117779031
1785583361.7278233,12.150092353999995,-0.341602360790947
1785583361.73283,12.155091632999998,-0.3712074028425372
1785583361.7378263,12.160093189999998,-0.4006827980906564
1785583361.7428267,12.165092154999996,-0.42998751861266005
1785583361.7478397,12.170091786,-0.4591284553274453
1785583361.7528493,12.175096991999993,-0.48812163303137296
1785583361.7578466,12.180093881999994,-0.5168745398711591
1785583361.7628658,12.185093272999993,-0.5454376190278003
1785583361.7681892,12.190131570999995,-0.57
1785583361.7730627,12.195123886999994,-0.57
1785583361.7779465,12.200107129999992,-0.57
1785583361.7830496,12.205116982999996,-0.57
1785583361.7878234,12.210093114999992,-0.57
1785583361.7929459,12.215086208999992,-0.57
1785583361.7981727,12.220162896000005,-0.57
1785583361.8028162,12.225092711999991,-0.57
1785583361.8076694,12.230075696,-0.57
1785583361.812689,12.235123493999993,-0.57
1785583361.8179967,12.240114292000001,-0.57
1785583361.8229358,12.245125664,-0.57
1785583361.8279364,12.250098702000003,-0.57
1785583361.8329575,12.255177296,-0.57
1785583361.837856,12.260094483999993,-0.57
1785583361.84284,12.265092503999995,-0.57
1785583361.8478575,12.270093060999997,-0.57
1785583361.8528368,12.275092544000003,-0.57
1785583361.8578355,12.280092934999999,-0.57
1785583361.8628702,12.285091917999992,-0.57
1785583361.8678825,12.290092974999993,-0.57
1785583361.8728414,12.295094883999994,-0.57
1785583361.8778377,12.300093719000003,-0.57
1785583361.8828628,12.305091851,-0.57
1785583361.8878312,12.310092389999994,-0.57
1785583361.8928332,12.315092206000003,-0.57
1785583361.897827,12.320091949000002,-0.57
1785583361.9028268,12.325091838999995,-0.57
1785583361.9078312,12.330092766999996,-0.57
1785583361.9128308,12.335091398000003,-0.57
1785583361.9178295,12.340091825999991,-0.57
1785583361.922829,12.345092160999997,-0.57
1785583361.9278255,12.350091792,-0.57
1785583361.9328249,12.355091959999996,-0.57
1785583361.9378276,12.360092332999997,-0.57
1785583361.942825,12.365091464000002,-0.57
1785583361.947879,12.370091779999996,-0.57
1785583361.952834,12.375092003999995,-0.57
1785583361.9578297,12.380091653999997,-0.57
1785583361.962825,12.385091877999997,-0.57
1785583361.9678264,12.390091768999994,-0.57
1785583361.9728374,12.395093251999995,-0.57
1785583361.9778283,12.400091754000002,-0.57
1785583361.9828398,12.405092607,-0.57
1785583361.9878294,12.410091515999994,-0.57
1785583361.9928336,12.415091629000003,-0.57
1785583361.9978304,12.420092779,-0.57
1785583362.0028303,12.425092429000003,-0.57
1785583362.0078282,12.430091839,-0.57
1785583362.0128603,12.435092119999993,-0.57
1785583362.0178504,12.440092140999994,-0.57
1785583362.022826,12.445091013999999,-0.57
1785583362.027828,12.450091887,-0.57
1785583362.03283,12.455091779,-0.57
1785583362.0378284,12.460091540999997,-0.57
1785583362.0428298,12.465091635999997,-0.57
1785583362.0478463,12.470091639000003,-0.57
1785583362.0528302,12.475091605000003,-0.57
1785583362.0578275,12.480091995999999,-0.57
1785583362.0628252,12.485091740000001,-0.57
1785583362.0678453,12.49009178,-0.57
1785583362.0728295,12.495091337999995,-0.57
1785583362.0778248,12.500092358999993,-0.57
1785583362.0828505,12.505091176999997,-0.57
1785583362.087826,12.510091993999993,-0.57
1785583362.0928235,12.515092033999991,-0.57
1785583362.0978227,12.520091518000001,-0.57
1785583362.1028285,12.525091520999993,-0.57
1785583362.1078238,12.530091986999992,-0.57
1785583362.1128237,12.535091266999999,-0.57
1785583362.1178238,12.540091899999993,-0.57
1785583362.1228597,12.545091662000004,-0.57
1785583362.127827,12.550092109000005,-0.57
1785583362.1328282,12.555091352000005,-0.57
1785583362.1378253,12.560091688,-0.57
1785583362.1428232,12.565091506000002,-0.57
1785583362.1478505,12.570092046,-0.57
1785583362.152827,12.575091862999997,-0.57
1785583362.1578226,12.580092218000004,-0.57
1785583362.1629212,12.585104349999995,-0.57
1785583362.167848,12.590094261000004,-0.57
1785583362.1727931,12.595091596999993,-0.57
1785583362.177791,12.600090248,-0.57
1785583362.1828306,12.605092120999998,-0.57
1785583362.1878717,12.610091901000004,-0.57
1785583362.1928296,12.615091996999993,-0.57
1785583362.1978269,12.620091481000003,-0.57
1785583362.2028272,12.625092021,-0.57
1785583362.2078269,12.630092097000002,-0.57
1785583362.2128303,12.635092581999999,-0.57
1785583362.2178268,12.640091843999997,-0.57
1785583362.22283,12.645091827999991,-0.57
1785583362.227825,12.650091942000003,-0.57
1785583362.232829,12.655091778,-0.57
1785583362.2378254,12.660092317999997,-0.57
1785583362.2428248,12.665091727999993,-0.57
1785583362.2478466,12.670092174999994,-0.57
1785583362.2528312,12.675092585000002,-0.57
1785583362.2578232,12.680091699000002,-0.57
1785583362.2628233,12.685091442000001,-0.57
1785583362.267828,12.690091353,-0.57
1785583362.27289,12.695091578000003,-0.57
1785583362.2778258,12.700091579999992,-0.57
1785583362.2828243,12.705091119999992,-0.57
1785583362.2878277,12.710092529999997,-0.57
1785583362.2928245,12.715090791999998,-0.57
1785583362.2978253,12.720091702000005,-0.57
1785583362.3028274,12.725091613000004,-0.57
1785583362.3078232,12.730092004,-0.57
1785583362.3128412,12.735092950999999,-0.57
1785583362.3178349,12.740093638999994,-0.57
1785583362.3227882,12.745088937999995,-0.57
1785583362.3279874,12.750090737999997,-0.57
1785583362.332837,12.755090666000001,-0.57
1785583362.3378572,12.760091965,-0.556933103524168
1785583362.3428278,12.765091505000001,-0.5273081202351685
1785583362.3478656,12.770111322999995,-0.49731490372097575
1785583362.3528254,12.775092010999998,-0.46732294419661435
1785583362.3578541,12.780111050000002,-0.43687911311433003
1785583362.3628263,12.785092053,-0.4064600938746604
1785583362.3678412,12.790092278000003,-0.3757309031621054
1785583362.372854,12.795094781000003,-0.34480808225439863
1785583362.3778884,12.800091987000002,-0.3137523735180177
1785583362.3828306,12.805092119999998,-0.28252664354423873
1785583362.3878279,12.810092178000005,-0.2511634608928826
1785583362.3928266,12.815091662,-0.21968001874874354
1785583362.3978498,12.820092183,-0.18808027465759025
1785583362.402828,12.825092334000004,-0.1563872909199419
1785583362.4078236,12.830092652000005,-0.12461193061290671
1785583362.4128227,12.835091543999994,-0.09277866160629542
1785583362.4178517,12.840092157,-0.06088181187477972
1785583362.422828,12.845091771,-0.02895313926976637
1785583362.4278214,12.850091941000002,0.003002818710362928
1785583362.432826,12.855092257999999,0.03496895418521685
1785583362.437821,12.860091483000005,0.06692282151171565
1785583362.4428263,12.865092856000004,0.0988705753849632
1785583362.4478388,12.870091692999992,0.1307677390451329
1785583362.452823,12.875092176999999,0.16262644126051756
1785583362.4578211,12.880091493999998,0.19441417778854986
1785583362.4628258,12.885091422999992,0.22612770486094858
1785583362.4678252,12.890093518,0.2577622478136137
1785583362.4728267,12.895092577,0.2892703944616585
1785583362.477822,12.900091282999995,0.3206546588558555
1785583362.4828305,12.905091786,0.35191400762537717
1785583362.4878204,12.910091473999998,0.38301763188631327
1785583362.4928234,12.915092180000002,0.4139625253659974
1785583362.497818,12.920090923999993,0.44471595453845486
1785583362.5028787,12.925091222999995,0.47528529327947366
1785583362.5078285,12.930092669999993,0.5056536685912943
1785583362.512826,12.935092025000003,0.5357873174978552
1785583362.517822,12.940091878999993,0.5656878947109591
1785583362.522824,12.945091734000002,0.5953384043310003
1785583362.5278459,12.950091865999994,0.6247265703271125
1785583362.5328248,12.955092090999997,0.6538374878139835
1785583362.5378256,12.960092187,0.6826561789190804
1785583362.5428267,12.965092282,0.711169816689732
1785583362.5478487,12.970091951,0.7393625614250259
1785583362.5528305,12.975092286999995,0.7672272211474935
1785583362.5578222,12.980092142000004,0.7947441806742664
1785583362.5628223,12.985092144999996,0.8219038747047942
1785583362.5678248,12.990091961999994,0.848691577037338
1785583362.5728261,12.995092112999998,0.8750972907519906
1785583362.5778234,13.000091634,0.9011033521010697
1785583362.5828228,13.005091636999992,0.9267031182118726
1785583362.5878506,13.010091954999993,0.9518833591947244
1785583362.5928483,13.015092179999996,0.9766298904030647
1785583362.597824,13.020092070999993,1.0009296557379959
1785583362.6028247,13.025091869999997,1.0247721582057836
1785583362.6078188,13.030090595000004,1.0481413433127755
1785583362.6128316,13.035091709,1.0710418760288973
1785583362.617823,13.040091675,1.093446247975798
1785583362.6228266,13.045092232999991,1.1153514131941087
1785583362.6278217,13.050090940000004,1.1367361585366167
1785583362.632826,13.055091757,1.157606905251334
1785583362.637825,13.060091870999997,1.1779414361435734
1785583362.6428263,13.065091891999998,1.1977323357633136
1785583362.6478426,13.070091246999993,1.2169676773159517
1785583362.652831,13.075091935000003,1.235645498577128
1785583362.657828,13.080092196999999,1.2537497817690908
1785583362.6628613,13.085097903000005,1.2712918593002351
1785583362.6678426,13.090093590999999,1.2882095666424793
1785583362.6728663,13.095092297999997,1.304539779144507
1785583362.6778636,13.100096097000005,1.3202795546662864
1785583362.6828318,13.105093617999998,1.3353853670359206
1785583362.6878273,13.110092065000003,1.3498722801550027
1785583362.6928265,13.115091567999997,1.3637328825447737
1785583362.6978245,13.120091700999993,1.376958537465265
1785583362.702831,13.125092573999993,1.3895424225007469
1785583362.7078211,13.130092242999993,1.4014731783459424
1785583362.712826,13.135093005000002,1.412750045761309
1785583362.717827,13.140091712,1.4233601571206964
1785583362.722832,13.145092640000001,1.4333068977284507
1785583362.727829,13.150092736000005,1.442578566462164
1785583362.7328274,13.155091868,1.4511702428693973
1785583362.7378275,13.160092648999992,1.4590815512520277
1785583362.7428281,13.165092095999995,1.4663032983537547
1785583362.747844,13.170091524,1.4728335727064419
1785583362.752855,13.175097285999996,1.4786755852762101
1785583362.7578795,13.180093103999994,1.4838076489972458
1785583362.76284,13.185093328999997,1.4882425496465048
1785583362.7678292,13.190092054000004,1.4919716487313504
1785583362.772827,13.195091742000002,1.4949944394715684
1785583362.7778268,13.200091985,1.4973082276574747
1785583362.782854,13.205092024999999,1.4989107966023907
1785583362.7878256,13.210092434999993,1.4998008393997835
1785583362.7928295,13.215091622999992,1.4999771381210627
1785583362.7978222,13.220092347999994,1.4994389446063616
1785583362.8028321,13.225093407000003,1.4981855493970477
1785583362.8078296,13.23009202,1.4962180056984176
1785583362.8128257,13.235092855999994,1.4935347690559857
1785583362.8178236,13.240092192999995,1.4901382693078613
1785583362.8228314,13.245093120999996,1.486027318934463
1785583362.8278224,13.250091865000002,1.4812064222537253
1785583362.8328233,13.255091960000001,1.475673966072477
1785583362.8378243,13.260092426,1.4694326299286846
1785583362.8428533,13.265091614,1.4624869696313663
1785583362.8478684,13.270092097999992,1.4548360538333878
1785583362.8528304,13.275093064000004,1.4464837450177308
1785583362.8578224,13.280092714999995,1.4374365527469621
1785583362.8628223,13.285092087999999,1.4276966069865793
1785583362.867829,13.290092756999996,1.4172646442026038
1785583362.8728287,13.295092612000005,1.40614931967143
1785583362.8778222,13.300092726000003,1.3943530531020034
1785583362.882847,13.305110264999996,1.3818367924347368
1785583362.8878272,13.310092545999993,1.3687409107973247
1785583362.8928494,13.315111955999996,1.35488048785656
1785583362.8978238,13.320092810999995,1.3404707936129687
1785583362.9028454,13.325109665,1.3253030279187716
1785583362.9078276,13.330092909000001,1.3095938258396158
1785583362.9128294,13.335092597,1.2931957094684794
1785583362.9178271,13.340092636999998,1.27616556040989
1785583362.922826,13.345092601999994,1.2585124212861618
1785583362.927857,13.350092124,1.24024564263836
1785583362.9328275,13.3550927,1.2213679107675968
1785583362.9378247,13.360092980999994,1.2018927575764482
1785583362.9428246,13.365092558,1.1818308358040837
1785583362.9478457,13.370092486000004,1.1611871560720317
1785583362.9528673,13.375095025999997,1.1399613555007573
1785583362.9578338,13.380093918,1.118189946259978
1785583362.9628272,13.385092087000004,1.0958709809128129
1785583362.9678457,13.390092775,1.0730000322575104
1785583362.9728324,13.395092332999994,1.0496041906689768
1785583362.9778297,13.400091946999993,1.025688979739207
1785583362.9828272,13.405092097999997,1.001263181860488
1785583362.9878278,13.410091675000004,0.9763436706227414
1785583362.9928274,13.415091270000005,0.9509392796279125
1785583362.9978235,13.420091329000002,0.925059631865384
1785583363.0028267,13.425091608999992,0.8987181001613569
1785583363.0078237,13.430091649999994,0.871929567881991
1785583363.0128677,13.435091931999992,0.8447041614625168
1785583363.017835,13.440092675999992,0.8170535209185255
1785583363.0228314,13.445091716999997,0.7890029311794466
1785583363.027846,13.450093924,0.7605382827864561
1785583363.0328343,13.455092280000002,0.7317131808492797
1785583363.0378547,13.460092136,0.7025108420573688
1785583363.0428262,13.465092028,0.6729536566991345
1785583363.0478475,13.470091939,0.643055927653566
1785583363.0528328,13.475092498999999,0.6128282218789469
1785583363.0578291,13.480092095000003,0.5822949033201226
1785583363.062829,13.485092801999997,0.5514580500442386
1785583363.067821,13.490091972999991,0.5203489503757273
1785583363.0728254,13.495091939999995,0.4889682477262896
1785583363.0778255,13.500092147000004,0.45733459913649366
1785583363.082824,13.505092058000002,0.42546679873296894
1785583363.0878243,13.510091840000001,0.39337935133809765
1785583363.092827,13.515091565999995,0.3610874728979634
1785583363.097854,13.520092014,0.3286019002383186
1785583363.102865,13.525092388000004,0.29594369089404193
1785583363.1078281,13.530092187999998,0.26313217564781516
1785583363.112826,13.535091562000005,0.23018256131549958
1785583363.1178238,13.540092306999995,0.19709919741844514
1785583363.1228275,13.545091494999994,0.16391777648353226
1785583363.1278224,13.550092183999993,0.1306344042409085
1785583363.1328232,13.555092336000001,0.09727909052140542
1785583363.137825,13.560092544,0.0638644266934223
1785583363.1428266,13.565091972999994,0.030412592325291612
1785583363.147846,13.570091828999992,-0.003067842901915038
1785583363.1528268,13.575092721999994,-0.0365642944427752
1785583363.157823,13.580092743999998,-0.0700472732253809
1785583363.16286,13.585098285,-0.10354279485468829
1785583363.1678307,13.590093269999997,-0.13692659857214423
1785583363.1728323,13.595093347999992,-0.17028659874597435
1785583363.1778274,13.600092851,-0.20356816172115122
1785583363.182831,13.605092485,-0.23675926437827402
1785583363.1878293,13.610093395999996,-0.26985075505121703
1785583363.192826,13.61509264,-0.30280647899440283
1785583363.197824,13.620092976999999,-0.3356279981972192
1785583363.2028568,13.625092832999997,-0.3682883479425141
1785583363.207822,13.630091984999993,-0.4007695781513134
1785583363.2128239,13.635092432999997,-0.433068159338858
1785583363.2178233,13.640092604000003,-0.46515744882893073
1785583363.2228565,13.645092329999997,-0.4970200700661638
1785583363.2278259,13.650092573999999,-0.5286458974508914
1785583363.2328358,13.655093317999999,-0.5600185777298812
1785583363.23783,13.660092821999996,-0.57
1785583363.2428575,13.665092363,-0.57
1785583363.2478483,13.670092478,-0.57
1785583363.2528265,13.675091315000003,-0.57
1785583363.2578244,13.680092485000003,-0.57
1785583363.2628262,13.685092358999995,-0.57
1785583363.2678373,13.690092899999996,-0.57
1785583363.2728322,13.695092867,-0.57
1785583363.2778213,13.700091685000004,-0.57
1785583363.2828214,13.705091893000002,-0.57
1785583363.2878253,13.710092173999996,-0.57
1785583363.2928455,13.715091622999992,-0.57
1785583363.2978213,13.720091940999993,-0.57
1785583363.3028228,13.725092093,-0.57
1785583363.307854,13.730091799999997,-0.57
1785583363.31283,13.735092266999999,-0.57
1785583363.3178267,13.740092012000005,-0.57
1785583363.3228242,13.745092145000001,-0.57
1785583363.327854,13.750092186000003,-0.57
1785583363.332843,13.755092152999993,-0.57
1785583363.3378627,13.760094859999995,-0.57
1785583363.3428478,13.765094734000002,-0.57
1785583363.3478842,13.770093997000004,-0.57
1785583363.3528597,13.775094722999995,-0.57
1785583363.357915,13.780100430000005,-0.57
1785583363.3628547,13.785094786000002,-0.57
1785583363.3679078,13.790103678999998,-0.57
1785583363.372887,13.795097904999992,-0.57
1785583363.3778808,13.800097519000005,-0.57
1785583363.3828003,13.805091207999993,-0.57
1785583363.3877938,13.810090693999996,-0.57
1785583363.3928688,13.815095659999997,-0.57
1785583363.3978033,13.820093626999991,-0.57
1785583363.402805,13.825094316000005,-0.57
1785583363.407801,13.830094505000005,-0.57
1785583363.4128816,13.835096527000005,-0.57
1785583363.4178126,13.840092900999991,-0.57
1785583363.422804,13.845093848999994,-0.57
1785583363.4278007,13.850093575000002,-0.57
1785583363.4327989,13.855093652999997,-0.57
1785583363.4378111,13.860092472000005,-0.57
1785583363.442803,13.865093845999994,-0.57
1785583363.4478176,13.870091961,-0.57
1785583363.4528,13.875092093999996,-0.57
1785583363.4578254,13.880098782999994,-0.57
1785583363.4628088,13.885093509,-0.57
1785583363.4677992,13.890090716000003,-0.57
1785583363.4728005,13.895092238999993,-0.57
1785583363.4777982,13.900092539,-0.57
1785583363.482804,13.905093523999994,-0.57
1785583363.4878063,13.910092786999996,-0.57
1785583363.4927957,13.915093087000002,-0.57
1785583363.497802,13.920093312999995,-0.57
1785583363.5028062,13.925093316999991,-0.57
1785583363.5077949,13.930092338999998,-0.57
1785583363.5128484,13.935097045999996,-0.57
1785583363.5178413,13.940094161000005,-0.57
1785583363.5228322,13.945090738999994,-0.57
1785583363.5278027,13.950095058000002,-0.57
1785583363.5327947,13.955092506,-0.57
1785583363.5377955,13.96009325,-0.57
1785583363.5427988,13.965092568999992,-0.57
1785583363.54784,13.970093590999994,-0.57
1785583363.5527983,13.975092427999996,-0.57
1785583363.5577948,13.980092616999997,-0.57
1785583363.5627937,13.985092249999994,-0.57
1785583363.5678322,13.990093290999994,-0.57
1785583363.572801,13.995092775999993,-0.57
1785583363.5777936,14.000092428000002,-0.57
1785583363.5828462,14.005097727999996,-0.57
1785583363.5878441,14.010094342999992,-0.57
1785583363.5928066,14.015088754000004,-0.57
1785583363.5978012,14.020091461999996,-0.57
1785583363.6027982,14.025092243000003,-0.57
1785583363.6077914,14.030093246999996,-0.57
1785583363.6128216,14.035091176999998,-0.57
1785583363.617796,14.040092458000004,-0.57
1785583363.6227973,14.045092166000003,-0.57
1785583363.6277952,14.050092855000003,-0.57
1785583363.6328154,14.055093339999999,-0.57
1785583363.6377962,14.060092639999993,-0.57
1785583363.6427956,14.065093051000005,-0.57
1785583363.6478133,14.070093055000001,-0.57
1785583363.6528265,14.075092983999994,-0.57
1785583363.6577978,14.080093988000002,-0.57
1785583363.6628122,14.085093361999995,-0.57
1785583363.6677992,14.090093050999997,-0.57
1785583363.6727986,14.095093296000002,-0.57
1785583363.6778023,14.100093521999995,-0.57
1785583363.682798,14.105092822000003,-0.57
1785583363.6877978,14.110093121999995,-0.57
1785583363.6927953,14.115092570000002,-0.57
1785583363.6978004,14.120093202999996,-0.57
1785583363.7028444,14.125095002999998,-0.57
1785583363.7078397,14.130094413999998,-0.57
1785583363.7128017,14.135091547999991,-0.57
1785583363.7178023,14.140091976999997,-0.57
1785583363.722996,14.145093222,-0.57
1785583363.7278008,14.150091188999994,-0.57
1785583363.732814,14.155093117999996,-0.57
1785583363.737884,14.160092659,-0.57
1785583363.7428052,14.165093217999996,-0.57
1785583363.7478187,14.170092480999998,-0.57
1785583363.752799,14.175093355000001,-0.565237138657318
1785583363.7577941,14.180092247999994,-0.532881878769349
1785583363.7628007,14.185092252000004,-0.500223038641157
1785583363.7677944,14.190092551999996,-0.46728312820298
1785583363.772797,14.195092536999994,-0.43408366282562205
1785583363.7777922,14.200092392999991,-0.40064109757652966
1785583363.7828116,14.205092545,-0.3669703926277104
1785583363.787801,14.21009377,-0.33308419509419673
1785583363.792836,14.215094237000002,-0.29901300223771776
1785583363.7978399,14.220094333999995,-0.26477247256821207
1785583363.80285,14.225095689,-0.23036977690027316
1785583363.8077967,14.230093674000003,-0.19585530382409821
1785583363.8127975,14.235092918999996,-0.1612157232774008
1785583363.8177946,14.240092662999999,-0.1264748990036815
1785583363.8227985,14.245093444999995,-0.09164778456403559
1785583363.827802,14.250093911999997,-0.056762602590879924
1785583363.8327954,14.255093470999995,-0.021842384584990972
1785583363.8377948,14.260093177999991,0.013101314506455942
1785583363.8428025,14.265093163000003,0.04805044264509782
1785583363.8478148,14.270092555999994,0.08297992722700333
1785583363.852793,14.275093134000002,0.11788316273504469
1785583363.8577948,14.280092377999992,0.15272354657413273
1785583363.862822,14.285092586000005,0.18749807419967313
1785583363.8678212,14.290091312000001,0.22217074008988363
1785583363.8727968,14.295092166999993,0.2567475774857464
1785583363.877793,14.300092097000004,0.2911884678001281
1785583363.8827915,14.305092656,0.32548520217930693
1785583363.887795,14.310093159999994,0.3596141912203977
1785583363.8927975,14.315092718999992,0.3935506071815156
1785583363.8978453,14.320094667999996,0.42729826347050603
1785583363.9028432,14.325094374999992,0.4608072489688779
1785583363.9077978,14.330093379000004,0.4940695286273589
1785583363.9127984,14.335093642000004,0.5270796707532829
1785583363.9177952,14.340093127000003,0.5598058614884199
1785583363.9227927,14.345092315999992,0.5922331454357553
1785583363.9277976,14.350092227000005,0.6243500203297159
1785583363.9328094,14.355093100999994,0.656139945255303
1785583363.9377928,14.360092511999994,0.6875697808312838
1785583363.942792,14.365091441999994,0.7186283102688344
1785583363.94784,14.370092241999998,0.7493125595210053
1785583363.9527974,14.375089672000001,0.7795733257897325
1785583363.957794,14.380090842000001,0.8094365731167354
1785583363.9627924,14.385098697999993,0.8389016923208699
1785583363.967793,14.390092479000003,0.8678308930174405
1785583363.9727936,14.395099278999993,0.8963648481503126
1785583363.9777937,14.400091950000004,0.9243328685373515
1785583363.9827917,14.405092100999994,0.9518410695925161
1785583363.9877927,14.410092363999993,0.9788321180105661
1785583363.9928112,14.415095127,1.0053030838407309
1785583363.9978237,14.420093093999995,1.031200607676995
1785583364.002806,14.425090616999995,1.0565332731697505
1785583364.0078037,14.430092066,1.0813080901812548
1785583364.0128005,14.435092847999996,1.1054874821018383
1785583364.0177956,14.440092167999993,1.1290540357617556
1785583364.0227966,14.445092617,1.1520063924334574
1785583364.0277941,14.450092343999998,1.1743226737180694
1785583364.0328238,14.455092311000001,1.1959942901430871
1785583364.03781,14.460090631,1.2170007083940395
1785583364.0428002,14.465092247000001,1.2373500858651925
1785583364.0478163,14.470092936,1.2570128280638801
1785583364.0527964,14.475091551999995,1.2759734782088157
1785583364.0578175,14.480093445999998,1.2942408788570425
1785583364.0627952,14.485093136000003,1.3117839600016314
1785583364.0677965,14.490092344000004,1.3285989066538417
1785583364.0728211,14.495092514999996,1.344680429398406
1785583364.077806,14.500093593999992,1.3600182857631333
1785583364.0827992,14.505093062,1.374595662681384
1785583364.0877972,14.510092639999996,1.388409084571707
1785583364.0927944,14.515092977999998,1.401451727660993
1785583364.097798,14.520093261,1.4137133025936217
1785583364.1027954,14.525091098999994,1.4251809669924453
1785583364.107799,14.530092565999993,1.4358612351696762
1785583364.112795,14.535093274999994,1.4457373466400507
1785583364.1178386,14.540092891,1.4548028212490252
1785583364.122821,14.545093284000004,1.4630553076707011
1785583364.1278,14.550093732999997,1.4704880432292144
1785583364.1327932,14.555093329999991,1.4770949598597327
1785583364.1378486,14.560094871999993,1.48287502415533
1785583364.142842,14.565094357999996,1.487819643932521
1785583364.147822,14.570090252,1.4919251848296788
1785583364.152797,14.575091181999994,1.4951953113955667
1785583364.1577978,14.580092928,1.4976231940253042
1785583364.16281,14.585094858000005,1.4992061484567833
1785583364.1678,14.590092862999995,1.4999421746457298
1785583364.1727993,14.595093405,1.4998314050818853
1785583364.1777976,14.600092891000003,1.4988728498019865
1785583364.1827981,14.605092896000002,1.497066129508684
1785583364.187799,14.610092604000002,1.4944117491964406
1785583364.192796,14.615093219999991,1.4909096619323696
1785583364.197797,14.620093686999994,1.4865616455086217
1785583364.2028277,14.625090266,1.4813736857628599
1785583364.2078016,14.630092993000005,1.475336985702418
1785583364.2127922,14.635092368000002,1.4684649794224587
1785583364.2177937,14.640092447,1.460755917143401
1785583364.2227952,14.645092043999995,1.4522152102400452
1785583364.2277951,14.650092493000002,1.4428446066934872
1785583364.232808,14.655092312999997,1.4326514234592453
1785583364.2378013,14.660091151000003,1.4216418499318881
1785583364.2427936,14.665093302999992,1.4098114035299854
1785583364.247819,14.670093140999995,1.3971791734454122
1785583364.2527986,14.675091645999998,1.3837500527425504
1785583364.2577956,14.680092853999994,1.3695198291128436
1785583364.2627964,14.685092062999999,1.3545091354285406
1785583364.2677977,14.690092753000002,1.338715530426886
1785583364.2727933,14.695092404999997,1.3221552073854173
1785583364.277796,14.700092873000003,1.3048308731740528
1785583364.282794,14.705092284999992,1.2867583114310828
1785583364.287838,14.71009266,1.2679399350829843
1785583364.2928028,14.715092646000002,1.248390834896988
1785583364.297797,14.720092984000004,1.228118689213436
1785583364.302794,14.725090452000003,1.2071480921092423
1785583364.3077955,14.730093159999996,1.185455934661263
1785583364.3128119,14.735092257999995,1.1630920890420633
1785583364.3177993,14.740093002999998,1.1400456997511408
1785583364.3228798,14.745099619000001,1.116308469128196
1785583364.3277087,14.750084994000005,1.0920249989458481
1785583364.3326907,14.755082497999993,1.0670479353245452
1785583364.3378587,14.760096521999998,1.0413637616317226
1785583364.342842,14.765094266999995,1.0151546849405069
1785583364.3478632,14.770094697999994,0.9883383341207739
1785583364.3528485,14.775095683999993,0.9609405230113772
1785583364.357835,14.780096559,0.9329801459122931
1785583364.3627985,14.785093618999994,0.9044942248928928
1785583364.3677976,14.790092809,0.8754651384145336
1785583364.3728282,14.795092757999996,0.8459167160472882
1785583364.3778212,14.800093410999992,0.8158657169153176
1785583364.3827963,14.805093064000005,0.7853393957025256
1785583364.387803,14.810092920000002,0.7543477963371107
1785583364.3927982,14.815093016999995,0.7229081913464747
1785583364.397795,14.820092892000005,0.6910413441309634
1785583364.402795,14.825091322999995,0.6587733775380047
1785583364.4077942,14.830092456999992,0.6260957641019378
1785583364.4127936,14.835092665999994,0.5930506548136878
1785583364.417798,14.840092892000001,0.5596508262090749
1785583364.4228265,14.845097416000002,0.525886387277392
1785583364.4278011,14.850094197999994,0.49185826269499977
1785583364.4327946,14.855093480999997,0.45751675239543677
1785583364.4378035,14.860094504000003,0.4228864769511878
1785583364.442798,14.865093600999998,0.38801279339479133
1785583364.4478173,14.870092735,0.3529022846673061
1785583364.452798,14.87509061,0.3175844269962001
1785583364.457846,14.880092873999999,0.2820395773554537
1785583364.4628012,14.885092509000003,0.24633811080206927
1785583364.4677997,14.890092717000002,0.210478015083161
1785583364.472798,14.895092203000004,0.17448944276519618
1785583364.4777937,14.900093503999997,0.1383750669431591
1785583364.4827933,14.905092656999997,0.10218458069121392
1785583364.4878032,14.910092902000002,0.06591571067606658
1785583364.492798,14.915092591999993,0.029601613783519044
1785583364.4977992,14.920092467000003,-0.006741796521356872
1785583364.5028503,14.925094879,-0.043110289398687676
1785583364.507846,14.930095327999993,-0.07944977110186377
1785583364.5127966,14.935093370000004,-0.11573565502674228
1785583364.517796,14.940092449000005,-0.1519715736166447
1785583364.5227983,14.945093009000004,-0.18813930670958903
1785583364.527792,14.950092662000003,-0.22420018962435212
1785583364.5328066,14.955091628999995,-0.2601345195290221
1785583364.537799,14.960093004,-0.2959431552415738
1785583364.5427976,14.965093065000005,-0.33157813830264676
1785583364.5478177,14.970093031999994,-0.36702703816828025
1785583364.5527942,14.975090277999996,-0.40225029380391153
1785583364.5577915,14.980092282000001,-0.43727946686080743
1785583364.562798,14.985093027999994,-0.47205126120347907
1785583364.5678158,14.990092477000005,-0.5065447937232637
1785583364.5727923,14.995092185000004,-0.5407502151860839
1785583364.577794,15.000091560000001,-0.57
1785583364.5828252,15.005092693999998,-0.57
1785583364.587796,15.010098384000003,-0.57
1785583364.5927994,15.015092981999999,-0.57
1785583364.5977955,15.020099004999992,-0.57
1785583364.602817,15.025090508999995,-0.57
1785583364.607796,15.030091791999993,-0.57
1785583364.6127942,15.035091684999998,-0.57
1785583364.6177938,15.040092393999998,-0.57
1785583364.6228077,15.045092732,-0.57
1785583364.6277912,15.050093365999999,-0.57
1785583364.6328027,15.055093537000005,-0.57
1785583364.637784,15.060092597999997,-0.57
1785583364.6427827,15.065092213,-0.57
1785583364.6478045,15.070092680999991,-0.57
1785583364.6527812,15.075090223000004,-0.57
1785583364.6577766,15.080092356999998,-0.57
1785583364.6628742,15.085101436000002,-0.57
1785583364.6678836,15.090094644000004,-0.57
1785583364.6727943,15.095091629999999,-0.57
1785583364.677788,15.100093893999997,-0.57
1785583364.682788,15.105093232000002,-0.57
1785583364.687811,15.110093754999994,-0.57
1785583364.6928313,15.115097352999996,-0.57
1785583364.6978288,15.120095135,-0.57
1785583364.7027955,15.125091768999994,-0.57
1785583364.7077873,15.130094107000005,-0.57
1785583364.7127886,15.135092389999997,-0.57
1785583364.717785,15.140093746000005,-0.57
1785583364.7227836,15.145092750999993,-0.57
1785583364.7277825,15.150092052000005,-0.57
1785583364.7327843,15.155092667999995,-0.57
1785583364.7377841,15.160093301999993,-0.57
1785583364.7427838,15.165092509999994,-0.57
1785583364.7477982,15.170092014999994,-0.57
1785583364.7528353,15.175092612,-0.57
1785583364.757788,15.180092524000003,-0.57
1785583364.762789,15.185092158999993,-0.57
1785583364.767782,15.190092292999992,-0.57
1785583364.7727923,15.195091000999994,-0.57
1785583364.777792,15.200093023999997,-0.57
1785583364.782788,15.205093492000003,-0.57
1785583364.787784,15.210092867,-0.57
1785583364.7927804,15.215092724000002,-0.57
1785583364.797786,15.220093820999992,-0.57
1785583364.8027885,15.225091473999996,-0.57
1785583364.8077836,15.230093256000004,-0.57
1785583364.8127797,15.235092186999992,-0.57
1785583364.8178117,15.240092043000004,-0.57
1785583364.8228068,15.245092936999995,-0.57
1785583364.8277848,15.250092460000005,-0.57
1785583364.8327916,15.255092816000001,-0.57
1785583364.8377807,15.260092487999998,-0.57
1785583364.8428326,15.265095974000005,-0.57
1785583364.8478484,15.270094792999998,-0.57
1785583364.8527918,15.275091205999999,-0.57
1785583364.8577793,15.280091673000001,-0.57
1785583364.8628085,15.285092399999996,-0.57
1785583364.8677816,15.290092533999996,-0.57
1785583364.8727798,15.295092686999993,-0.57
1785583364.8777776,15.300092229,-0.57
1785583364.8827784,15.305092103999996,-0.57
1785583364.8878064,15.310092979000004,-0.57
1785583364.8928277,15.315096464999996,-0.57
1785583364.8978288,15.320094432999994,-0.57
1785583364.9027896,15.325090770999992,-0.57
1785583364.9077868,15.330092293999996,-0.57
1785583364.9127796,15.335092427999996,-0.57
1785583364.9177797,15.340092544,-0.57
1785583364.9228296,15.345094734,-0.57
1785583364.9278626,15.350092830999998,-0.57
1785583364.9327996,15.355092262,-0.57
1785583364.9377859,15.360092358999992,-0.57
1785583364.9427805,15.365092438000005,-0.57
1785583364.9478269,15.370092256999996,-0.57
1785583364.9527838,15.375091464999997,-0.57
1785583364.9577813,15.380092452,-0.57
1785583364.9628224,15.385095123,-0.57
1785583364.9678242,15.390094331,-0.57
1785583364.9728136,15.395094002999997,-0.57
1785583364.9777813,15.400093210999998,-0.57
1785583364.9827805,15.405091937999998,-0.57
1785583364.9877803,15.410093109000002,-0.57
1785583364.9928167,15.415093631999994,-0.57
1785583364.9978309,15.420094321999997,-0.57
1785583365.0028214,15.425095030999998,-0.57
1785583365.0077837,15.430093072999995,-0.57
1785583365.0128164,15.435092264000005,-0.57
1785583365.0177848,15.440092992000004,-0.57
1785583365.02278,15.445092422999991,-0.57
1785583365.0277803,15.450092576999992,-0.57
1785583365.0328076,15.455092471,-0.57
1785583365.037823,15.460095088000003,-0.57
1785583365.0428226,15.465094296999993,-0.57
1785583365.0477993,15.470092710000003,-0.57
1785583365.0527787,15.475090475000002,-0.57
1785583365.057787,15.480093314000001,-0.5543038944352823
1785583365.0627837,15.485093355999993,-0.5192467553797184
1785583365.0677812,15.490092861999997,-0.4838581048204271
1785583365.0727792,15.495092459999995,-0.4481554548040246
1785583365.077802,15.500093187999994,-0.4121534271608629
1785583365.0827842,15.505093989999992,-0.37588188776858256
1785583365.0878234,15.510094605999996,-0.3393653012907273
1785583365.092824,15.515094407999996,-0.30263107694867597
1785583365.097788,15.520093357999997,-0.2657025174274553
1785583365.1027834,15.525091141000004,-0.22860512726325305
1785583365.1077762,15.530092850999992,-0.1913241758135859
1785583365.112779,15.535092707999993,-0.15392600477448487
1785583365.11804,15.540095010000002,-0.11640193373440486
1785583365.1228297,15.545094534,-0.07881472805414942
1785583365.127785,15.550093391000004,-0.04117225208089588
1785583365.1327915,15.555092582,-0.003490689766240879
1785583365.1378167,15.560092975999993,0.0342127429457131
1785583365.1428216,15.565093610999995,0.07190696613568268
1785583365.1478536,15.570095487000003,0.10957564062949175
1785583365.1528268,15.575095160000004,0.1471689704043884
1785583365.1578085,15.580093332000004,0.18466845317348718
1785583365.1627958,15.585094021999993,0.22208037715149567
1785583365.1677804,15.590092842999994,0.2593481040062232
1785583365.1727767,15.595092292999993,0.2964665558136199
1785583365.1777773,15.600092187000001,0.3334106208453235
1785583365.1827812,15.605092137,0.3701537933856105
1785583365.187784,15.610092938999998,0.40667834269128633
1785583365.192776,15.615091499999991,0.4429383724773413
1785583365.1977782,15.620092745999997,0.47894629351634777
1785583365.2027903,15.625091307000005,0.5146403094096069
1785583365.207825,15.630094460999999,0.5500492119425996
1785583365.212827,15.635101910999992,0.5851471621741516
1785583365.2177851,15.640091304999999,0.6197563205303169
1785583365.2228105,15.645098458999996,0.6541026967392315
1785583365.2277818,15.650093224000003,0.6879566793365147
1785583365.232776,15.655092377999992,0.7214109949844725
1785583365.2377818,15.660092308999992,0.7544190747813233
1785583365.2428024,15.665091778000004,0.7869512178215996
1785583365.2478244,15.670096689999994,0.8190238939930314
1785583365.252786,15.675091252000001,0.8505157262833052
1785583365.257827,15.680097183,0.8815428440591446
1785583365.2628224,15.685094726000003,0.9119620101338669
1785583365.2677908,15.690090619999992,0.9417959682108272
1785583365.2727883,15.695092884999994,0.9710721579637631
1785583365.2777817,15.700093445999997,0.9997231972536554
1785583365.2827811,15.705092933000003,1.0277342930073479
1785583365.2878304,15.710097624,1.0551212702848056
1785583365.2928245,15.715095054999992,1.0817981902116873
1785583365.2977912,15.720091264000004,1.1077812850505917
1785583365.3027825,15.725090714000004,1.1330760522755876
1785583365.3078127,15.730092627000005,1.1576604597289566
1785583365.312785,15.735093798999998,1.1815019346041544
1785583365.3177845,15.740091359999994,1.2045717828392921
1785583365.3227806,15.745093050999998,1.2268900957143622
1785583365.3278697,15.750097037999993,1.2484321358357895
1785583365.3328495,15.755095118,1.2691488819146035
1785583365.337791,15.760090383000005,1.2890412078321203
1785583365.3427784,15.765092887999998,1.3081345215714348
1785583365.3478,15.770092985999995,1.3263777653653135
1785583365.3527825,15.775090844000005,1.3437602185290374
1785583365.35779,15.780094534,1.360297050195547
1785583365.3627791,15.785092946999995,1.3759399740504992
1785583365.367823,15.790094916000001,1.3907062027205226
1785583365.3728566,15.795095254999993,1.4045695956951336
1785583365.3778021,15.800090611999991,1.4175129091116059
1785583365.3827848,15.805093339999999,1.4295583285597169
1785583365.3877847,15.810093049000002,1.4406710545940395
1785583365.3928132,15.815091979999991,1.450849128784403
1785583365.397805,15.820093856,1.4600921221774348
1785583365.4028296,15.825093768999992,1.468383890540514
1785583365.407788,15.830091589999995,1.4757191887795844
1785583365.4128091,15.835093040000004,1.4821003985440506
1785583365.4177823,15.840093064000001,1.487515479694715
1785583365.422778,15.845092605999994,1.4919616733428978
1785583365.4278233,15.850094611999992,1.4954373144641064
1785583365.432837,15.855093784000005,1.4979357535348004
1785583365.4378035,15.860091640999997,1.4994565229790044
1785583365.4427857,15.865092535999992,1.4999986361673385
1785583365.4478035,15.870091523,1.4995600581496604
1785583365.452776,15.875090121,1.498140805306979
1785583365.4577847,15.880092496999993,1.495738813081668
1785583365.4627807,15.885092686999997,1.4923572366679445
1785583365.467857,15.890095970999994,1.4879936444069457
1785583365.4728286,15.895094401999998,1.4826575330723317
1785583365.477827,15.900094686000003,1.4763453170211647
1785583365.4827843,15.905093746999995,1.4690640319186532
1785583365.4877787,15.910092566999992,1.4608166526138238
1785583365.4927802,15.915092923999993,1.4516044919733964
1785583365.4978743,15.920096540999992,1.4414282603651993
1785583365.502842,15.925095158000005,1.4303111576830188
1785583365.507791,15.930094478000001,1.4182482605490576
1785583365.5127883,15.935093483000003,1.405249078945449
1785583365.5177815,15.940092859000004,1.3913196058284514
1785583365.5227864,15.945092716999994,1.3764677125878992
1785583365.5277822,15.950093221999992,1.3607016386605484
1785583365.5327806,15.955092375999996,1.3440375296707208
1785583365.5377781,15.960092511,1.3264779776292324
1785583365.5427823,15.965092775999992,1.3080365447943236
1785583365.5478096,15.970093040999998,1.2887251467907777
1785583365.5528243,15.975094267999992,1.268551884267941
1785583365.5578284,15.980094995999991,1.247535183484608
1785583365.5628092,15.985092593999994,1.225700236858971
1785583365.5677836,15.990092599999997,1.2030368177883475
1785583365.5727794,15.995092587000002,1.179569694552968
1785583365.5777907,16.000092537,1.1553138744834945
1785583365.5828502,16.005094431000003,1.1302747609965307
1785583365.5878503,16.010094881,1.1044851957933082
1785583365.592781,16.015092627,1.0779691253933907
1785583365.597778,16.020092707000003,1.0507169287816027
1785583365.602777,16.025091082999992,1.0227680020593746
1785583365.6077876,16.030093459,0.994108007025879
1785583365.6128263,16.035094334999997,0.964786465327627
1785583365.6178253,16.040095339999993,0.9348131019636816
1785583365.622782,16.045093456999993,0.9042259772945904
1785583365.6277857,16.050093517999997,0.8730155918439739
1785583365.6327803,16.055092746,0.8412194003237664
1785583365.637781,16.060091158999995,0.8088583213234865
1785583365.6427789,16.065092331000002,0.7759300510494856
1785583365.6478279,16.070092429,0.7424811134858985
1785583365.6528487,16.07509523099999,0.7085079465564865
1785583365.657832,16.080095125,0.6740710148895884
1785583365.6627927,16.085093001000004,0.6391875575869924
1785583365.6678224,16.090092135999996,0.6038578000596942
1785583365.6728177,16.095093789999993,0.5680956827305988
1785583365.6778076,16.100093481000002,0.5319568292708017
1785583365.6828053,16.105092096999996,0.4954591049672442
1785583365.6878045,16.110092288000004,0.45860731909130004
1785583365.6928039,16.115092848999993,0.42143463753964855
1785583365.6978061,16.120092483999997,0.3839754755279925
1785583365.702806,16.125093119,0.34624036149091486
1785583365.7078018,16.130092866,0.3082687080154132
1785583365.7128036,16.135092204999992,0.2700823312601383
1785583365.7178009,16.140092265999996,0.23169813147875684
1785583365.722799,16.145092122999998,0.1931489045305833
1785583365.7278013,16.150092220999994,0.15445708481066422
1785583365.7328486,16.155092170999993,0.11565167535388168
1785583365.737805,16.160093231999994,0.07674899186291013
1785583365.7427988,16.165092478999995,0.03779800908977575
1785583365.7478428,16.170112001999996,-0.0013472599300023752
1785583365.752849,16.175092840999994,-0.04020056722172404
1785583365.7578452,16.180113773000002,-0.0793498823165839
1785583365.762809,16.185092240999992,-0.11812524114212697
1785583365.7678242,16.190109969000005,-0.1571366704573472
1785583365.772799,16.195092067000004,-0.19577557284454872
1785583365.7778091,16.200092850999994,-0.23443734893769236
1785583365.7828102,16.205093652000002,-0.27295067140635776
1785583365.7878025,16.210092916999997,-0.3112773852095782
1785583365.792806,16.215092219,-0.349403455423168
1785583365.797802,16.220091983999993,-0.38730602706811623
1785583365.802799,16.225092452,-0.4249608768907104
1785583365.807797,16.230091754,-0.462328147071456
1785583365.8128192,16.235092777999995,-0.49940370110608373
1785583365.817852,16.240093969,-0.5361503279325014
1785583365.8228173,16.245093623000002,-0.57
1785583365.8278086,16.250093109999995,-0.57
1785583365.8328054,16.255092762999993,-0.57
1785583365.8378036,16.260092823999997,-0.57
1785583365.8428223,16.265092144999997,-0.57
1785583365.8478239,16.270092575999996,-0.57
1785583365.8528028,16.27509196999999,-0.57
1785583365.8578312,16.280091717000005,-0.57
1785583365.8628016,16.285091758999997,-0.57
1785583365.8678029,16.290092802000004,-0.57
1785583365.872803,16.295092158999992,-0.57
1785583365.8778296,16.300091942999998,-0.57
1785583365.8828027,16.305091985000004,-0.57
1785583365.8877964,16.310092304999998,-0.57
1785583365.892797,16.315092421999992,-0.57
1785583365.8978002,16.320091761,-0.57
1785583365.9028032,16.32509174799999,-0.57
1785583365.9078367,16.330092068,-0.57
1785583365.9128404,16.335094869999992,-0.57
1785583365.9178085,16.340093171999996,-0.57
1785583365.9228058,16.345092973999996,-0.57
1785583365.9278045,16.350093387,-0.57
1785583365.932801,16.355092059,-0.57
1785583365.9378011,16.360092435,-0.57
1785583365.9428456,16.365092513999997,-0.57
1785583365.9478278,16.370092946,-0.57
1785583365.9528072,16.375092525,-0.57
1785583365.9578009,16.380091624000002,-0.57
1785583365.9628265,16.385091907000003,-0.57
1785583365.9677992,16.390092393999993,-0.57
1785583365.972804,16.395092140000003,-0.57
1785583365.9778013,16.40009270099999,-0.57
1785583365.9827974,16.405091835999997,-0.57
1785583365.987804,16.410092823,-0.57
1785583365.9928043,16.41509260699999,-0.57
1785583365.9978013,16.420091594,-0.57
1785583366.0028007,16.425091191999996,-0.57
1785583366.0078323,16.430092254,-0.57
1785583366.012801,16.435092389999994,-0.57
1785583366.0177999,16.440092543999995,-0.57
1785583366.0228019,16.445091939999998,-0.57
1785583366.0277984,16.450091224000005,-0.57
1785583366.0328166,16.455092636999993,-0.57
1785583366.0378087,16.460092199,-0.57
1785583366.0427988,16.465091705999995,-0.57
1785583366.0478199,16.470092156999996,-0.57
1785583366.0528026,16.475092125999993,-0.57
1785583366.057799,16.480091983999998,-0.57
1785583366.0628033,16.485092064,-0.57
1785583366.0677998,16.490091903999996,-0.57
1785583366.0728316,16.495091243999994,-0.57
1785583366.077804,16.500092787,-0.57
1785583366.0828004,16.505092534,-0.57
1785583366.08781,16.510093280999996,-0.57
1785583366.092802,16.515092788000004,-0.57
1785583366.0978248,16.520092793999993,-0.57
1785583366.1028032,16.525092651999998,-0.57
1785583366.1077988,16.530092398999997,-0.57
1785583366.112802,16.53509238699999,-0.57
1785583366.1178315,16.540091985999993,-0.57
1785583366.1228075,16.545092269999998,-0.57
1785583366.1278002,16.550092738999993,-0.57
1785583366.1327975,16.555091616,-0.57
1785583366.1378312,16.560092733999994,-0.57
1785583366.142799,16.565091609999996,-0.57
1785583366.147819,16.570091598000005,-0.57
1785583366.152799,16.575091919000002,-0.57
1785583366.1578028,16.580091611,-0.57
1785583366.1628368,16.58509267299999,-0.57
1785583366.1678164,16.590093198000005,-0.57
1785583366.1728065,16.595092351999995,-0.57
1785583366.177804,16.600092024999995,-0.57
1785583366.1828065,16.605092475999996,-0.57
1785583366.1878052,16.610092538000004,-0.57
1785583366.1927977,16.615092081,-0.57
1785583366.1978006,16.620092420999995,-0.57
1785583366.2028368,16.625091575,-0.57
1785583366.2078023,16.630092582000003,-0.57
1785583366.2127972,16.635091884000005,-0.57
1785583366.2177973,16.640092316999997,-0.57
1785583366.2228317,16.645092766999994,-0.57
1785583366.2278008,16.650092513999994,-0.57
1785583366.2327993,16.655093206000004,-0.57
1785583366.237796,16.660092046000003,-0.57
1785583366.2428017,16.665091719000003,-0.57
1785583366.247824,16.670092335999996,-0.57
1785583366.2528014,16.675091361,-0.57
1785583366.257802,16.680092181999996,-0.57
1785583366.2628,16.685091892000003,-0.57
1785583366.2677982,16.690092491,-0.57
1785583366.2727997,16.695091831,-0.5447635447318591
1785583366.2777996,16.70009209599999,-0.5071896873373879
1785583366.2827985,16.705091750999998,-0.4692475407682319
1785583366.2878091,16.710091664999993,-0.4309574296434001
1785583366.2928047,16.715092467000005,-0.3923415906719042
1785583366.2977998,16.720091807000003,-0.3534456526456263
1785583366.3027995,16.725092146999998,-0.3142781789072584
1785583366.3078256,16.730092467999995,-0.27487497923432835
1785583366.3128114,16.735092973999997,-0.235262550009891
1785583366.3177989,16.740092090999994,-0.19548172363206767
1785583366.3228009,16.745092005000004,-0.15554359383170013
1785583366.3277948,16.750090919,-0.11549111778302215
1785583366.3327818,16.755091666,-0.07533030205337835
1785583366.3378024,16.760095320999994,-0.035081258986897706
1785583366.342799,16.765093215999997,0.005157311053794143
1785583366.3478644,16.770092092,0.04541065678364547
1785583366.3528235,16.775092987999997,0.08565812034964969
1785583366.3578053,16.780093013,0.12584737199894588
1785583366.3628237,16.785110962999994,0.16609998066555368
1785583366.3677914,16.790092024999993,0.20594778878724
1785583366.3728182,16.795110050000005,0.24595246348111882
1785583366.3777974,16.800092112,0.2855037914111836
1785583366.3827956,16.805091933,0.3250003763532828
1785583366.387801,16.810091810000003,0.36427261723656723
1785583366.3927994,16.815091593999995,0.4032907302133977
1785583366.3977978,16.820092860000003,0.44203841594082255
1785583366.4027994,16.825092958,0.4804668043339533
1785583366.407813,16.830092945999994,0.5185560250741023
1785583366.4128258,16.835091379000005,0.5562673462084046
1785583366.4178255,16.840092310999992,0.5936035682287144
1785583366.4228013,16.845092520999998,0.6305130007019386
1785583366.4277983,16.85009271199999,0.6669737631059429
1785583366.4328206,16.855092107999994,0.7029534431207334
1785583366.4378037,16.860092261999995,0.7384366663839932
1785583366.4427993,16.865092491,0.7733922325778696
1785583366.4478161,16.87009159,0.8077860166661919
1785583366.452795,16.875091337,0.8416048318003668
1785583366.4577994,16.880092231999996,0.8748266262355633
1785583366.462796,16.885092256999997,0.9074132328381469
1785583366.467798,16.890092003999996,0.9393444474349624
1785583366.4728062,16.895091898999993,0.9705991841934227
1785583366.4777994,16.900092165000004,1.0011553605057315
1785583366.482797,16.905092208,1.030986426731325
1785583366.4877977,16.910092028999998,1.0600700988164977
1785583366.4927986,16.915091720999996,1.0883851290179445
1785583366.4978273,16.920092709000002,1.1159179762414144
1785583366.5028021,16.925091769999995,1.142630264616662
1785583366.5077977,16.930092703,1.1685220841056263
1785583366.5130033,16.935091857000003,1.1935548780302063
1785583366.5178394,16.940093974999996,1.217733044497812
1785583366.5228045,16.945092351,1.2410059549246226
1785583366.527803,16.950092042999998,1.2633800154290622
1785583366.532797,16.955092123,1.2848334606680196
1785583366.5378027,16.960091926000004,1.305346912278269
1785583366.5428035,16.96509152499999,1.324904982016628
1785583366.547823,16.970091994,1.3434965358066255
1785583366.5527964,16.97509185199999,1.3611015436988372
1785583366.5577981,16.980092228999993,1.3777102684051319
1785583366.5627975,16.985092421000004,1.3933072471508152
1785583366.5677977,16.990092112,1.4078794095603528
1785583366.5727963,16.99509267399999,1.4214190853316786
1785583366.5777988,17.000091736,1.4339092489217187
1785583366.582828,17.005091983,1.4453466629973124
1785583366.587803,17.010091508000002,1.455717543674228
1785583366.5927963,17.015091643999995,1.4650161907237897
1785583366.5977957,17.020091797999996,1.4732335813507096
1785583366.6028259,17.025091731000003,1.480362462492017
1785583366.607821,17.030092681,1.4863982088703291
1785583366.6128,17.03509228,1.4913327473270401
1785583366.6178021,17.04009256399999,1.4951637908911748
1785583366.6227984,17.045091811999995,1.497886436310226
1785583366.6278026,17.050092151,1.4994989398162235
1785583366.6328208,17.055092454000004,1.4999985240922589
1785583366.6378014,17.060091997,1.4993841452647643
1785583366.642796,17.065092300000003,1.497655206315832
1785583366.6478229,17.070092214,1.4948123992574516
1785583366.652798,17.075092182999995,1.4908568321730908
1785583366.657797,17.080092245000003,1.4857905052757747
1785583366.6628091,17.085091788,1.4796170904766637
1785583366.6678345,17.090092349999992,1.4723382633474973
1785583366.6728275,17.095092281999996,1.4639608645990905
1785583366.677799,17.100091566000003,1.45449074051528
1785583366.682798,17.105091962000003,1.4439306251441135
1785583366.6878295,17.110092412,1.432289414877268
1785583366.692803,17.115092011,1.4195773332572745
1785583366.6978002,17.120091684000002,1.4058009486340253
1785583366.7027957,17.125091987000005,1.3909679839248665
1785583366.7077987,17.130091844999995,1.3750918509049546
1785583366.7128007,17.135091426000002,1.3581833182400749
1785583366.7178032,17.140091858000005,1.3402502607713618
1785583366.722797,17.145092272,1.321308190553916
1785583366.7277975,17.150092556000004,1.3013710012987454
1785583366.7327993,17.155091765999998,1.280457000239195
1785583366.7378035,17.16009195699999,1.2585725594375332
1785583366.742798,17.165091538,1.235740219945104
1785583366.7478185,17.170091618,1.2119713714631384
1785583366.7528622,17.17509945799999,1.1872463781307927
1785583366.7578552,17.180094167999997,1.1616877058947592
1785583366.762827,17.185093378000005,1.1352260163428471
1785583366.767811,17.190094273,1.1078938215169087
1785583366.7728193,17.195093465,1.079729561446269
1785583366.7777827,17.200093081999995,1.0507421484949244
1785583366.7827802,17.205093163,1.0209523646780072
1785583366.78778,17.21009302099999,0.9903861039403501
1785583366.7927809,17.215092471999995,0.9590671091296792
1785583366.7977867,17.220093458999997,0.9270060343676481
1785583366.8027859,17.225091242999994,0.8942572704347849
1785583366.8077886,17.230093361,0.860795426944972
1785583366.8128226,17.235094274999994,0.8266816965853206
1785583366.8178227,17.240094670000005,0.7919370656295739
1785583366.822782,17.245092749999998,0.7566003578913447
1785583366.8277822,17.250092405000004,0.7206705095763831
1785583366.8327744,17.255092169999998,0.6841845374746214
1785583366.8378153,17.26009343599999,0.6471592793100283
1785583366.8428214,17.26509473899999,0.609633030436268
1785583366.8478453,17.270095225999995,0.5716404196747129
1785583366.852784,17.275091047999993,0.5332399217745971
1785583366.8578146,17.280093554000004,0.4943729082486024
1785583366.8628273,17.28509332,0.45514132967300597
1785583366.867784,17.290092751999993,0.4155562116561448
1785583366.8727818,17.295092888,0.3756391546157736
1785583366.8777802,17.300092468000003,0.33543034535116856
1785583366.882784,17.305092919000003,0.29494869455859074
1785583366.8877869,17.310093573000003,0.2542301870834336
1785583366.8927784,17.315092375999996,0.21332252749445435
1785583366.89778,17.320093307999997,0.17222420237238922
1785583366.9027805,17.325090574,0.13101412694664943
1785583366.9077842,17.33009261699999,0.08965402840664694
1785583366.9128199,17.335093587000003,0.04822368511833501
1785583366.9178312,17.34009526,0.006740035817631903
1785583366.9228141,17.345092172999998,-0.03471988573859849
1785583366.9277973,17.350092012999994,-0.0761881216958318
1785583366.9328272,17.355092927,-0.11761750897442985
1785583366.9378114,17.360093043999996,-0.15896076169297607
1785583366.9428453,17.365092606000005,-0.2001881600345531
1785583366.947827,17.37009202,-0.24127138182911467
1785583366.952831,17.375092526000003,-0.28218893316735394
1785583366.9578164,17.380092421,-0.3228953059292076
1785583366.9628384,17.385092760999996,-0.36336767396946407
1785583366.967806,17.390092416,-0.40356562398264983
1785583366.9728024,17.395092070000004,-0.4434635961362805
1785583366.9778235,17.400092075999993,-0.48303344991225133
1785583366.9828138,17.405092509,-0.5222449844830994
1785583366.987805,17.410093089,-0.5610654599926862
1785583366.9928055,17.415092040000005,-0.57
1785583366.997804,17.420092656999998,-0.57
1785583367.0028005,17.425092812000003,-0.57
1785583367.0078034,17.430092392999995,-0.57
1785583367.0128033,17.435091862999997,-0.57
1785583367.0178018,17.440092444,-0.57
1785583367.0228,17.445091969999993,-0.57
1785583367.0278018,17.450092698999995,-0.57
1785583367.032799,17.455092520999997,-0.57
1785583367.037802,17.460092435999996,-0.57
1785583367.042798,17.465091849999993,-0.57
1785583367.0478523,17.470091690999993,-0.57
1785583367.0528004,17.475092086999993,-0.57
1785583367.0578055,17.480092427000002,-0.57
1785583367.0627966,17.485091842000003,-0.57
1785583367.0678658,17.490109793000002,-0.57
1785583367.0728037,17.495092634000002,-0.57
1785583367.0778182,17.500109456000004,-0.57
1785583367.0828001,17.505091777000004,-0.57
1785583367.0878305,17.510091266000003,-0.57
1785583367.09282,17.515091958,-0.57
1785583367.0978131,17.520092836000003,-0.57
1785583367.1028028,17.525092583999992,-0.57
1785583367.1078012,17.530091460999998,-0.57
1785583367.1128144,17.535092394000003,-0.57
1785583367.1178236,17.540092809,-0.57
1785583367.1228037,17.545092296999997,-0.57
1785583367.1278002,17.550092414999995,-0.57
1785583367.1328304,17.555092255999995,-0.57
1785583367.1378016,17.560091744000005,-0.57
1785583367.1428053,17.56509193699999,-0.57
1785583367.147845,17.570091703000003,-0.57
1785583367.152812,17.575092544,-0.57
1785583367.1578074,17.58009244,-0.57
1785583367.1628928,17.585102927999998,-0.57
1785583367.1678152,17.590093656999997,-0.57
1785583367.1728122,17.595091886999995,-0.57
1785583367.1778076,17.600092689999997,-0.57
1785583367.1828299,17.605092623000004,-0.57
1785583367.187802,17.610093093000003,-0.57
1785583367.1928015,17.615092951999998,-0.57
1785583367.1978533,17.620092626,-0.57
1785583367.2028022,17.625092225999992,-0.57
1785583367.2078118,17.630091324999995,-0.57
1785583367.212821,17.635093944000005,-0.57
1785583367.2178013,17.640092173,-0.57
1785583367.222806,17.645092421,-0.57
1785583367.2278032,17.650091872000004,-0.57
1785583367.232815,17.655091787000003,-0.57
1785583367.2378273,17.660092219999996,-0.57
1785583367.242832,17.665092837999993,-0.57
1785583367.247836,17.670092271,-0.57
1785583367.2528033,17.675091870999992,-0.57
1785583367.2578008,17.680091673999996,-0.57
1785583367.2628236,17.685092607,-0.57
1785583367.2678118,17.690092429000003,-0.57
1785583367.272816,17.69509264,-0.57
1785583367.2778025,17.700092184,-0.57
1785583367.282799,17.705092875999995,-0.57
1785583367.2878044,17.710092402,-0.57
1785583367.2928026,17.715091982999994,-0.57
1785583367.2977986,17.720092268000002,-0.57
1785583367.3028173,17.725092126999996,-0.57
1785583367.3078434,17.730092708,-0.57
1785583367.3128088,17.735092844999997,-0.57
1785583367.317801,17.740091945000003,-0.57
1785583367.3228037,17.745092154999995,-0.57
1785583367.3278306,17.750092273999996,-0.57
1785583367.3328009,17.755092891999993,-0.57
1785583367.3378043,17.760092287999996,-0.57
1785583367.3427982,17.765092295000002,-0.57
1785583367.3478186,17.770092839,-0.57
1785583367.3528023,17.775092419999993,-0.57
1785583367.3578053,17.780093352999998,-0.57
1785583367.362801,17.785092063999997,-0.57
1785583367.3678024,17.79009234899999,-0.57
1785583367.3728352,17.795093041,-0.57
1785583367.377803,17.800092789000004,-0.57
1785583367.382801,17.805092074,-0.57
1785583367.3877978,17.810091858999996,-0.57
1785583367.3928332,17.815091940000002,-0.57
1785583367.3978045,17.820093002999997,-0.57
1785583367.4028006,17.82509175,-0.57
1785583367.407797,17.830091886999995,-0.57
1785583367.412825,17.835092042,-0.5474022063358038
1785583367.4177978,17.84009329,-0.5075728162439035
1785583367.4228222,17.845092000999998,-0.4673454831552266
1785583367.4278123,17.850092582000002,-0.4267169089051668
1785583367.4328127,17.855092718999998,-0.38573816329632493
1785583367.4378428,17.860093596,-0.344432281940781
1785583367.4428115,17.865092899999993,-0.3028515042711436
1785583367.4478197,17.870091962000004,-0.26101823467874113
1785583367.4527993,17.875091951,-0.2189562099078966
1785583367.457804,17.880092069,-0.17670587116304265
1785583367.4627984,17.88509191,-0.13430464828708574
1785583367.4677951,17.890091490999993,-0.0917865743554438
1785583367.472798,17.895091831000002,-0.04917726443435354
1785583367.4778228,17.900091689999996,-0.006521685619312307
1785583367.4828136,17.905092382999996,0.036156885281376484
1785583367.4878008,17.910092055999996,0.07880807696361902
1785583367.4928172,17.915091951999997,0.12140792361945005
1785583367.4978125,17.920092682000003,0.16392703086135252
1785583367.5028028,17.925093688999993,0.2063260696939584
1785583367.5077982,17.930092196000004,0.24854709888408869
1785583367.51282,17.935093073000004,0.29059684936458263
1785583367.5178392,17.94009283999999,0.3324116955177111
1785583367.5228252,17.945092790999993,0.37396836987330395
1785583367.5278108,17.950092834999992,0.4152321114684161
1785583367.5328138,17.955092027999996,0.4561614200617732
1785583367.5378497,17.960092349999996,0.4967389178923129
1785583367.5428016,17.965092634,0.5369217042293742
1785583367.5478323,17.97009265999999,0.5766750148749041
1785583367.5527968,17.975092259999997,0.6159648848652209
1785583367.5577972,17.980091767000005,0.6547616246545542
1785583367.562815,17.985092551999998,0.6930436685002478
1785583367.5678108,17.990092911000005,0.7307661953775701
1785583367.572801,17.995093029000003,0.7678994875441014
1785583367.577821,18.000092128999995,0.8044072271299205
1785583367.5828156,18.005092136000002,0.8402731864281434
1785583367.5878022,18.010091994999996,0.8754598361062853
1785583367.5928054,18.015092371999998,0.9099424857737666
1785583367.5977948,18.020092027000004,0.9436838745622212
1785583367.6028538,18.025091126999996,0.9766572345858907
1785583367.6078138,18.030092893000003,1.0088557188065397
1785583367.612798,18.035092401,1.0402205517767387
1785583367.617819,18.040092259000005,1.0707422242528906
1785583367.6228411,18.045092617999998,1.1003957620899447
1785583367.6278222,18.050092237,1.1291488764398554
1785583367.6327987,18.055092114000004,1.1569831502996555
1785583367.6378016,18.06009238,1.1838755719884504
1785583367.6427977,18.065091776000003,1.209796697425221
1785583367.6478467,18.070091801999993,1.2347323295830102
1785583367.6528091,18.075092513,1.258661089732176
1785583367.6577995,18.080092223999998,1.2815545582889976
1785583367.662859,18.085098322999997,1.303425227135143
1785583367.6678343,18.090092571,1.3241763707429488
1785583367.6728308,18.095093614999996,1.3438691660907005
1785583367.6778266,18.100092789,1.3624508416601797
1785583367.682827,18.105092499999998,1.3799146289663238
1785583367.6878603,18.110092839999993,1.3962452037742534
1785583367.6928499,18.115091718000002,1.4114216927385212
1785583367.6978273,18.120092835999998,1.4254416636076255
1785583367.7028239,18.125092084000002,1.438281013967811
1785583367.7078524,18.130092147,1.4499355166729986
1785583367.7128294,18.135091802000005,1.4603916520539677
1785583367.7178226,18.140092346000003,1.4696424124079246
1785583367.7228222,18.145091705,1.477675512991301
1785583367.727824,18.150092082,1.484486995742945
1785583367.7328248,18.155091756000004,1.4900678493691597
1785583367.7378247,18.160092300000002,1.4944142285904367
1785583367.7428205,18.165092251999994,1.4975202406599233
1785583367.7478426,18.170091628999998,1.4993828374293334
1785583367.7528267,18.175093302999997,1.4999999819312972
1785583367.7578287,18.180092791999996,1.4993696496423612
1785583367.7628267,18.185092279999992,1.497491990411727
1785583367.7678304,18.190092084,1.4943674132728741
1785583367.7729688,18.195108904999998,1.4899806875357164
1785583367.7778015,18.200092876,1.4843840512236657
1785583367.78282,18.205157233999998,1.4774364053433595
1785583367.7878652,18.210098333999994,1.4694377974914123
1785583367.7928865,18.21509367499999,1.4601322470267422
1785583367.7980096,18.220116477999994,1.4495465245911054
1785583367.8029015,18.225108152000004,1.4378133671370446
1785583367.8077672,18.230088029,1.4249118188083116
1785583367.8127675,18.235089239999994,1.4107625209992423
1785583367.8178456,18.240096099,1.3954111666005586
1785583367.822869,18.245097625,1.3789032978619502
1785583367.8278463,18.250094484,1.361253187736717
1785583367.8328505,18.255093028000005,1.342453370739476
1785583367.837811,18.260091461000002,1.3225249714774043
1785583367.8427904,18.265091819999995,1.3014751413015415
1785583367.8478549,18.270095030999997,1.2793152503553107
1785583367.8528726,18.275100038000005,1.2560662762912043
1785583367.8578854,18.28009523,1.2318034544050227
1785583367.862848,18.285095978,1.206473107244006
1785583367.867808,18.290091188999995,1.180151909601722
1785583367.8728383,18.295097158999994,1.1527738403832883
1785583367.8780713,18.30009057299999,1.12448919280039
1785583367.882837,18.305090284000002,1.0952161227628847
1785583367.8878102,18.310094512999996,1.064985942412881
1785583367.8928053,18.315093094000005,1.0338851596132053
1785583367.897799,18.320092527,1.0019001997760633
1785583367.9028025,18.325090664,0.9690712427292174
1785583367.9080126,18.330092559999997,0.935391560965947
1785583367.9128017,18.335090363999996,0.9009419099246709
1785583367.917801,18.340092223,0.8656946887491858
1785583367.9228058,18.345092969999996,0.8297148619703889
1785583367.9278016,18.350094033000005,0.7930222331222425
1785583367.932797,18.355092835999997,0.7556666296808084
1785583367.9378517,18.36009565799999,0.7176319313313944
1785583367.9429355,18.365100184,0.6789664095536363
1785583367.9478753,18.370092783999993,0.6398094875283451
1785583367.952823,18.375093234999994,0.6000395606768198
1785583367.95781,18.380094334999995,0.5597458264586803
1785583367.9628477,18.385093897999994,0.51897984281238
1785583367.967802,18.390093034000003,0.4777670918167427
1785583367.972799,18.395092671,0.4361345849925238
1785583367.977796,18.400092826000005,0.39411712962715795
1785583367.9827938,18.405092963,0.3517546190035251
1785583367.9878073,18.410093599999996,0.3090784053080234
1785583367.9927988,18.415093698999996,0.2661334440511054
1785583367.9977987,18.42009335499999,0.2229553619474602
1785583368.0027933,18.425090732,0.17959678214206393
1785583368.0078046,18.430094054999998,0.13602297572763214
1785583368.012801,18.435093469999998,0.09235667701521202
1785583368.0177972,18.440092199999995,0.048607059821226914
1785583368.0227928,18.445091837999996,0.004797445777483987
1785583368.0278008,18.450092716,-0.03903772754874106
1785583368.0328007,18.455092723999996,-0.08284253046083687
1785583368.0377984,18.460091582999993,-0.12657708857642766
1785583368.0427933,18.465091943000004,-0.17022713122977196
1785583368.047842,18.470092413999993,-0.21374305873638413
1785583368.052798,18.475090680999998,-0.2570674874956098
1785583368.057798,18.480092263000003,-0.3002109463963405
1785583368.0627904,18.485093047999996,-0.3431006859545143
1785583368.0678253,18.490091741,-0.3856888841518338
1785583368.0727968,18.495092896999992,-0.42797756860258995
1785583368.0777981,18.500092331000005,-0.4698947757916755
1785583368.082794,18.505092191000003,-0.5114224106082286
1785583368.087826,18.510092958,-0.5525283510922885
1785583368.0927973,18.51509204,-0.57
1785583368.0977962,18.520093214,-0.57
1785583368.1027918,18.525090184999996,-0.57
1785583368.1077962,18.530092248000003,-0.57
1785583368.1127968,18.535092886,-0.57
1785583368.1178033,18.540092966999993,-0.57
1785583368.1227922,18.54509179,-0.57
1785583368.1277952,18.550092167999992,-0.57
1785583368.1328027,18.555092621,-0.57
1785583368.1378222,18.560093202000004,-0.57
1785583368.1427937,18.565092765999992,-0.57
1785583368.1478152,18.570092403000004,-0.57
1785583368.1528225,18.575090004000003,-0.57
1785583368.157796,18.580090086,-0.57
1785583368.1628098,18.585094075,-0.57
1785583368.167813,18.590091174999998,-0.57
1785583368.1728368,18.595093145999996,-0.57
1785583368.1778016,18.600092486999998,-0.57
1785583368.1827946,18.60509216199999,-0.57
1785583368.187802,18.610092392,-0.57
1785583368.1927998,18.615092473999994,-0.57
1785583368.1977975,18.620092240999995,-0.57
1785583368.2028193,18.625091210999997,-0.57
1785583368.2077985,18.630092386,-0.57
1785583368.212796,18.635092227,-0.57
1785583368.2177994,18.640092846,-0.57
1785583368.2227976,18.645092853999998,-0.57
1785583368.2277954,18.650092528000002,-0.57
1785583368.2327952,18.655092276999994,-0.57
1785583368.2378352,18.660093024999995,-0.57
1785583368.2427943,18.665092791999996,-0.57
1785583368.2478185,18.670092893000003,-0.57
1785583368.2527955,18.675090419,-0.57
1785583368.2578206,18.680093130999992,-0.57
1785583368.262802,18.685093026999994,-0.57
1785583368.2678077,18.690092016999998,-0.57
1785583368.2728107,18.695093912999994,-0.57
1785583368.277808,18.700093569000003,-0.57
1785583368.282804,18.705092687999993,-0.57
1785583368.2878218,18.710091677999998,-0.57
1785583368.2928026,18.715093351999997,-0.57
1785583368.297816,18.720092840999996,-0.57
1785583368.3028278,18.725090367999996,-0.57
1785583368.307802,18.730092709000004,-0.57
1785583368.312808,18.735093624,-0.57
1785583368.3178022,18.740092723999993,-0.57
1785583368.3227973,18.745092916999994,-0.57
1785583368.3278067,18.750092388,-0.57
1785583368.3328123,18.755093821999992,-0.57
1785583368.3378048,18.760093756000003,-0.57
1785583368.342799,18.765090244999996,-0.57
1785583368.3478475,18.770092270999996,-0.57
1785583368.3527982,18.775090742000003,-0.57
1785583368.3578043,18.78009075,-0.57
1785583368.3627954,18.785092312999993,-0.57
1785583368.3677976,18.79009295099999,-0.57
1785583368.3728056,18.795092662000002,-0.57
1785583368.3777993,18.800093521999997,-0.57
1785583368.382792,18.805092196000004,-0.57
1785583368.387802,18.810092334000004,-0.57
1785583368.3928216,18.815092804999992,-0.57
1785583368.3977985,18.820092183,-0.57
1785583368.4027948,18.825090598000003,-0.57
1785583368.407793,18.830091587,-0.57
1785583368.412847,18.835097798999996,-0.57
1785583368.4178119,18.840101770000004,-0.57
1785583368.4227993,18.84509274,-0.57
1785583368.4277987,18.850092173999997,-0.57
1785583368.4328334,18.855093570999998,-0.57
1785583368.4378045,18.860092855999994,-0.57
1785583368.4427974,18.865092493999995,-0.57
1785583368.447818,18.870091927999994,-0.57
1785583368.4527957,18.875091232000003,-0.57
1785583368.4578383,18.880092684000005,-0.57
1785583368.4627998,18.885093061999996,-0.57
1785583368.4677968,18.890091514000005,-0.57
1785583368.4728525,18.89509672599999,-0.57
1785583368.4778488,18.900095197,-0.57
1785583368.4828014,18.905090556000005,-0.57
1785583368.4878008,18.910092898000002,-0.57
1785583368.492798,18.915092701999995,-0.5383518940670019
1785583368.4978049,18.920092876,-0.4962743671937309
1785583368.5027966,18.925090514000004,-0.4537651648604861
1785583368.5077982,18.930092372999994,-0.4108042945262024
1785583368.512797,18.935092029000003,-0.36748479712331017
1785583368.5178173,18.940090537000003,-0.3238363915900246
1785583368.5228045,18.945093322999995,-0.27985025551074316
1785583368.5277977,18.950092589999997,-0.23563404118972517
1785583368.532798,18.955092820000004,-0.1911877568105202
1785583368.5378296,18.960091957000003,-0.14656936227010262
1785583368.5428011,18.965093112999995,-0.10179094239049344
1785583368.5478168,18.970092620999992,-0.05692538587883475
1785583368.5527956,18.975090702999992,-0.012010978236922413
1785583368.557825,18.980091970000004,0.03295342939488233
1785583368.5627959,18.985092977999997,0.07789649193947154
1785583368.5677938,18.990092949,0.12277080284438927
1785583368.5727978,18.995092993,0.16754593166758763
1785583368.5777957,19.000092205,0.212173444000854
1785583368.582848,19.005095268000005,0.2566546918581551
1785583368.5878494,19.010095257999993,0.30088788452636783
1785583368.5928047,19.015088672999994,0.3448027492278535
1785583368.597797,19.020092218000002,0.38850608225522143
1785583368.602799,19.025091595999996,0.4318328659198154
1785583368.607822,19.030095399999993,0.47481813830584046
1785583368.6127996,19.035093148,0.5173329987969764
1785583368.6177983,19.040092915999992,0.559407945964407
1785583368.6228013,19.045092608999994,0.6009867451513097
1785583368.6278038,19.050092320000005,0.6420322387097614
1785583368.6327975,19.055092328,0.6825091613181162
1785583368.6377985,19.060092595,0.7223800722716465
1785583368.642835,19.06509301,0.7616074775065903
1785583368.6478379,19.070092629,0.8001481125032865
1785583368.6527908,19.075091063000002,0.8379639932085965
1785583368.657796,19.080092366999992,0.8750506258902059
1785583368.6628077,19.085093782,0.9113526955835642
1785583368.667802,19.090092494000004,0.9468169025521245
1785583368.6728034,19.095094020000005,0.9814495606159097
1785583368.677795,19.100092176000004,1.0151759568198364
1785583368.6827998,19.105092517000003,1.048002606505458
1785583368.687851,19.110094654999997,1.0798953584219557
1785583368.6928053,19.115091347999993,1.110779432507916
1785583368.6978018,19.120093003999997,1.1406904824080053
1785583368.7027965,19.125092697,1.1695582556660258
1785583368.7078042,19.130093223000003,1.1973722144655066
1785583368.7128217,19.135093045999994,1.2240976830070245
1785583368.7177958,19.140092738999996,1.2497128658740349
1785583368.7227979,19.145092875999993,1.2741964511265742
1785583368.727822,19.150092754,1.2975217931239182
1785583368.7328014,19.155092057999994,1.3196656058557144
1785583368.737799,19.160091491999992,1.3406101119487226
1785583368.742796,19.165092647999998,1.3603413215938012
1785583368.7478168,19.170092507999996,1.3788282759760182
1785583368.7528007,19.175092348999996,1.3960584038412807
1785583368.7578018,19.180093079000002,1.4120178507419776
1785583368.7627964,19.185092994,1.426685644631084
1785583368.7677982,19.190092871999994,1.440050056516494
1785583368.7728157,19.195093694999997,1.452100190107163
1785583368.7778032,19.200093350999992,1.462819073918561
1785583368.7827978,19.205091822,1.4721968480488448
1785583368.7878015,19.21009257,1.4802300215547375
1785583368.7928047,19.215092541000004,1.486904762007491
1785583368.797801,19.220092604,1.4922154260515461
1785583368.8027952,19.225092371000002,1.4961558499279448
1785583368.8077986,19.230092193999994,1.4987218281647772
1785583368.8128383,19.235092202000004,1.4999100056166979
1785583368.817799,19.240091949999993,1.499718250614844
1785583368.8227973,19.245092494999994,1.49814551202634
1785583368.8277926,19.250092354999992,1.4951926932101112
1785583368.8327932,19.255092102999996,1.4908615426802618
1785583368.8378022,19.2600925,1.4851542103266748
1785583368.8428018,19.265092526000004,1.4780760499412107
1785583368.8478162,19.270092053,1.4696331750687452
1785583368.8528025,19.27509235699999,1.4598301606503583
1785583368.8578448,19.280093846,1.4486735189363042
1785583368.8628447,19.285094743000002,1.4361763450459877
1785583368.8678012,19.290093047,1.4223555349841241
1785583368.8728037,19.295093073000004,1.4072113643869861
1785583368.877803,19.300093155,1.3907612717398044
1785583368.8827999,19.305092162999998,1.3730236900899113
1785583368.8877969,19.310092356,1.3540060948278
1785583368.8927956,19.315092863999993,1.3337279596728209
1785583368.8978224,19.320091871999992,1.3122150115494744
1785583368.902821,19.325093213000002,1.2894695488387324
1785583368.9077988,19.330093535000003,1.2655265936954825
1785583368.9127967,19.335093005999994,1.2404074088425567
1785583368.9177961,19.340092458,1.2141306320662202
1785583368.9227984,19.345092465999997,1.1867166705990062
1785583368.927798,19.350092882,1.1581907122377995
1785583368.932794,19.355092518999996,1.1285854132461173
1785583368.9377997,19.360092823000002,1.097919051728863
1785583368.9427965,19.365093330999997,1.0662220148498611
1785583368.9478111,19.370091950000003,1.033536887752379
1785583368.9527926,19.375092995000003,0.9998650754650991
1785583368.9578073,19.380090780000003,0.9652757975847199
1785583368.9628022,19.385093936000004,0.9297403799211157
1785583368.9678285,19.390093944,0.893351249486642
1785583368.972801,19.395093118999995,0.8561259703929518
1785583368.9777951,19.400092607999994,0.818090317022896
1785583368.9828398,19.405092948999993,0.77927490356772
1785583368.9878533,19.410094216000005,0.7397145148662039
1785583368.992847,19.41509518699999,0.6994551851154311
1785583368.997801,19.420093805999997,0.6585511975367786
1785583369.0028021,19.425093868999994,0.6170095141036488
1785583369.0078018,19.430093118000002,0.5748872425786887
1785583369.012796,19.435093441999996,0.5322074957478994
1785583369.0177941,19.440091635,0.48903742028328
1785583369.0227947,19.445092551000002,0.44537516124262433
1785583369.0277996,19.450092412000004,0.40129411271273874
1785583369.0327978,19.455092234999995,0.3568265406830333
1785583369.0377982,19.460091872999996,0.3120152754318028
1785583369.0427926,19.465092141,0.2668948439235793
1785583369.0478222,19.470092907999998,0.2215085487418303
1785583369.0528028,19.475091917,0.17591946869122577
1785583369.0577948,19.480092202999998,0.13014271703673355
1785583369.062795,19.485091248999993,0.08424429393874283
1785583369.0678244,19.490091645999996,0.038243556249724156
1785583369.0727966,19.495091098999993,-0.007795118295603903
1785583369.077798,19.500092069999994,-0.05385101855887914
1785583369.0827913,19.505098042,-0.09991269510715833
1785583369.0877962,19.510091884000005,-0.14577921420125578
1785583369.092795,19.515092132999996,-0.19157758347141246
1785583369.0977972,19.520091937999993,-0.237201500594028
1785583369.102796,19.525091872000004,-0.2826129789132987
1785583369.1077995,19.530092807000003,-0.32777677128822186
1785583369.1127973,19.535092019000004,-0.3726254511253829
1785583369.1178458,19.540096637999994,-0.4171799291183368
1785583369.1228414,19.545094480000003,-0.46128950108462885
1785583369.1277993,19.550089932999995,-0.5049519620026031
1785583369.1327984,19.555092664,-0.5482094700016618
1785583369.1378062,19.560091208999992,-0.57
1785583369.142794,19.565092328999995,-0.57
1785583369.1478112,19.5700923,-0.57
1785583369.1527998,19.575093104999993,-0.57
1785583369.1578338,19.580091038999996,-0.57
1785583369.162807,19.585093732999994,-0.57
1785583369.1677964,19.590092315999996,-0.57
1785583369.1728334,19.595092860999998,-0.57
1785583369.177799,19.60009253599999,-0.57
1785583369.1827986,19.60509211899999,-0.57
1785583369.1877952,19.610090608999997,-0.57
1785583369.192825,19.615092340000004,-0.57
1785583369.1977956,19.620092348,-0.57
1785583369.2027943,19.625091986,-0.57
1785583369.207792,19.630091995,-0.57
1785583369.212795,19.635092059,-0.57
1785583369.2177975,19.640092771,-0.57
1785583369.2228208,19.645092871999992,-0.57
1785583369.227797,19.650091992,-0.57
1785583369.2327986,19.655092056,-0.57
1785583369.237799,19.66009049,-0.57
1785583369.242795,19.665092665000003,-0.57
1785583369.2478135,19.670091487999997,-0.57
1785583369.2527957,19.675092144999994,-0.57
1785583369.2578838,19.680094190999995,-0.57
1785583369.262841,19.685093292000005,-0.57
1785583369.2678041,19.690088892999995,-0.57
1785583369.2728016,19.695093419999992,-0.57
1785583369.2777965,19.700090001999996,-0.57
1785583369.282798,19.705092511000004,-0.57
1785583369.2878017,19.710090834,-0.57
1785583369.2927942,19.715092342999995,-0.57
1785583369.2977967,19.720092592,-0.57
1785583369.3029966,19.725092173999997,-0.57
1785583369.3078094,19.730091404999996,-0.57
1785583369.3128374,19.735100117,-0.57
1785583369.3181167,19.740324903,-0.57
1785583369.3229942,19.745113116,-0.57
1785583369.327894,19.750111680000003,-0.57
1785583369.3328397,19.755109929,-0.57
1785583369.3378215,19.760107808,-0.57
1785583369.342856,19.76511616799999,-0.57
1785583369.3478663,19.770094973,-0.57
1785583369.352712,19.775082352,-0.57
1785583369.357647,19.780075804999996,-0.57
1785583369.3627615,19.785087942999994,-0.57
1785583369.3678057,19.790134135999992,-0.57
1785583369.3729055,19.795103552,-0.57
1785583369.3779302,19.80016567199999,-0.57
1785583369.3828354,19.805093439999993,-0.57
1785583369.3878443,19.810094745,-0.57
1785583369.3928382,19.815094678999998,-0.57
1785583369.397829,19.820092391000003,-0.57
1785583369.402845,19.825092696,-0.57
1785583369.4078329,19.830092277999995,-0.57
1785583369.4128995,19.835092898,-0.57
1785583369.4178398,19.840093776999993,-0.57
1785583369.422837,19.845092988999994,-0.57
1785583369.4278293,19.850092645999993,-0.57
1785583369.4328294,19.855092395,-0.57
1785583369.4378335,19.860094015,-0.57
1785583369.442826,19.865092689999997,-0.57
1785583369.4478452,19.870092383,-0.57
1785583369.4528604,19.875092891999998,-0.57
1785583369.4578273,19.880092863,-0.57
1785583369.4628236,19.885092094,-0.57
1785583369.467824,19.890091842999993,-0.57
1785583369.4728267,19.89509287,-0.57
1785583369.4778574,19.900092453,-0.57
1785583369.4828305,19.905092443,-0.57
1785583369.4878316,19.910093359,-0.57
1785583369.4928238,19.915092497000003,-0.57
1785583369.4978287,19.920092431,-0.57
1785583369.502827,19.92509244,-0.57
1785583369.5078244,19.930092725999998,-0.57
1785583369.512829,19.935092678999993,-0.57
1785583369.5178251,19.940092223999997,-0.5506707325501791
1785583369.5228243,19.945092622000004,-0.5066837688364252
1785583369.5278246,19.950092001,-0.4621982976588009
1785583369.5328212,19.955092230999995,-0.4172410837959645
1785583369.5378525,19.960091813999995,-0.3718694445501376
1785583369.5428293,19.965092432999995,-0.3261124122231069
1785583369.547846,19.970092089999994,-0.2800330256229919
1785583369.5528224,19.975092339,-0.2336621462662213
1785583369.5578568,19.980092310999993,-0.18705328289492865
1785583369.5628223,19.985093003999992,-0.14024287737532107
1785583369.5678232,19.990092512999993,-0.09329479457678576
1785583369.5728247,19.995092835999998,-0.046236499731028245
