time,t_rel,target_pos
1785583349.578423,3.148000004671303e-06,1.2856662900988315e-06
1785583349.583371,0.005176739999996016,0.0021166759141988682
1785583349.5882914,0.010105166999991866,0.004136376929065994
1785583349.592949,0.015086722999996027,0.0061823461118597385
1785583349.5979643,0.02013024199999336,0.008258347373879203
1785583349.6029623,0.025089632000003803,0.010304195632889333
1785583349.6079972,0.030131909999994377,0.012388765432858023
1785583349.613176,0.035094669999992334,0.014444898220943869
1785583349.6180358,0.0400928370000031,0.016520127835315083
1785583349.6229746,0.04508989299999655,0.018599315537189822
1785583349.6279624,0.05008907900000281,0.020683788702658985
1785583349.6329844,0.055091950000004886,0.022774180566325936
1785583349.637951,0.06008835800000156,0.024866224186379654
1785583349.642985,0.0650886729999911,0.02696423487211664
1785583349.648052,0.07008687699999427,0.029065666307195592
1785583349.6529715,0.07509097099999451,0.031173863314481395
1785583349.657954,0.08008989699999347,0.03328414390134033
1785583349.6630309,0.08509963800000264,0.035403237839226935
1785583349.6680205,0.09009147199999745,0.037518962069802535
1785583349.6729653,0.09509076899999513,0.039642031046978304
1785583349.6779602,0.1000889729999983,0.04176879387436105
1785583349.6829612,0.10508875200000034,0.04390036069924382
1785583349.6879828,0.1100905670000003,0.04603690651520828
1785583349.6929624,0.11508941900000025,0.04817626852898454
1785583349.6979566,0.12008693900000367,0.05031911291602051
1785583349.7030618,0.1250872539999932,0.052467184134902756
1785583349.7080572,0.13009045799999797,0.05462050219310459
1785583349.7131698,0.135098217999996,0.056779765878369845
1785583349.7181158,0.14009564399999874,0.058938520134105735
1785583349.7230449,0.1450921640000047,0.06110079619675304
1785583349.7280617,0.1500931270000052,0.06326888460842421
1785583349.7330825,0.15509410900000375,0.06544084386364755
1785583349.7380378,0.16009388700000216,0.06761611237006288
1785583349.7430358,0.16509223999999278,0.06979456160160599
1785583349.74808,0.17009433299999444,0.07197841558252052
1785583349.753092,0.17510583300000349,0.07417013322036801
1785583349.7580533,0.18009198199999332,0.0763544654109798
1785583349.7630384,0.1850933719999972,0.07854915284332763
1785583349.76806,0.19009394600000462,0.08074713444964171
1785583349.7736313,0.19509392799999148,0.08294847587846753
1785583349.7780814,0.20009274400000265,0.08515289093755352
1785583349.7829952,0.20508785500000215,0.08735922288057521
1785583349.7879815,0.21009002299999224,0.08957219662021962
1785583349.793053,0.21509317099999237,0.0917890995871503
1785583349.798078,0.22009163500000284,0.09400738530032614
1785583349.8030338,0.2250937280000045,0.09623070870192114
1785583349.8080268,0.2300939320000026,0.0984565854163007
1785583349.81305,0.23509489599999256,0.10068615965079539
1785583349.8180711,0.2400940259999942,0.10291823967303353
1785583349.8230367,0.24509250799999904,0.10515331806746854
1785583349.828031,0.2500935639999966,0.10739280261946957
1785583349.833051,0.25509523099999853,0.10963578221342325
1785583349.8380692,0.26009324999999706,0.11188030849831342
1785583349.843037,0.26509439899999165,0.1141293890268653
1785583349.8480525,0.2700911400000052,0.11637959653345435
1785583349.8530426,0.2750947339999925,0.11863596799219377
1785583349.858034,0.2800936790000037,0.12089328177144479
1785583349.8630424,0.28509401299999126,0.12315422422545788
1785583349.8680277,0.29009277199999417,0.1254174174952195
1785583349.873046,0.29509408799999903,0.12768469535876908
1785583349.8780303,0.3000934399999977,0.12995397061610833
1785583349.8830712,0.30509320000000173,0.13222628007485138
1785583349.8880405,0.3100932379999932,0.13450152636708845
1785583349.8930469,0.3150955529999919,0.13678058203409543
1785583349.8980703,0.32009173899999155,0.13905957457777718
1785583349.9030588,0.32509297999999376,0.141343564755754
1785583349.9080513,0.3300943509999996,0.14363026731366144
1785583349.9130335,0.33509418500000265,0.14591887834714762
1785583349.9180245,0.34009324100000526,0.148209702532732
1785583349.9230273,0.345092778999998,0.1505032757604346
1785583349.9280612,0.3500932239999912,0.15279975241338414
1785583349.9330344,0.355093760999992,0.155098716943503
1785583349.9380243,0.36009290999999166,0.1573994456463152
1785583349.9430258,0.36509344699999247,0.1597031734070902
1785583349.9480717,0.37009166999999366,0.1620081510551084
1785583349.9530451,0.375094782000005,0.16431765867579923
1785583349.9580472,0.3800910229999914,0.16662622262564183
1785583349.963061,0.3850924129999953,0.1689393516060677
1785583349.9681041,0.3900928949999951,0.17125420258412058
1785583349.9730382,0.39509526599999845,0.17357202612955094
1785583349.9780264,0.40009359900000163,0.17589002947990665
1785583349.983033,0.4050935629999941,0.17821079465812392
1785583349.988086,0.41009302700000205,0.1805332873534561
1785583349.9930317,0.4150933969999926,0.18285811471065574
1785583349.9980276,0.4200916389999918,0.1851838188502195
1785583350.003024,0.4250938250000047,0.18751317912698903
1785583350.0080466,0.43009312399999544,0.18984296781100185
1785583350.0130467,0.43509446000000196,0.19217543143567853
1785583350.0180318,0.44009357400000226,0.1945085356016627
1785583350.0230432,0.4450943169999988,0.19684402886436847
1785583350.0280707,0.4500916719999992,0.19917951854902238
1785583350.0330412,0.4550909900000022,0.20151745563871548
1785583350.038103,0.4600930480000045,0.20385815613404115
1785583350.0430782,0.46509297699999763,0.20619929199144907
1785583350.048101,0.4700927199999967,0.20854172176347258
1785583350.053142,0.47509455699999137,0.21088646381656284
1785583350.0580833,0.48009317099999294,0.21323097426715135
1785583350.0630734,0.4850926729999969,0.21557712909752377
1785583350.0680826,0.4900927869999947,0.2179247476526464
1785583350.0731323,0.49509417899999164,0.22027409120854705
1785583350.0780797,0.5000932749999976,0.22262342815486794
1785583350.0830767,0.5050932589999917,0.22497420157425133
1785583350.0880969,0.5100933730000037,0.22732600223637775
1785583350.0930817,0.5150937460000051,0.2296788373879611
1785583350.0980914,0.5200931379999929,0.2320320694783859
1785583350.1030788,0.5250926960000015,0.23438618393704827
1785583350.1080809,0.5300923660000052,0.23674110077707333
1785583350.113086,0.5350934979999948,0.23909740119405104
1785583350.1180995,0.5400924819999915,0.2414533288129112
1785583350.1231043,0.5450963739999963,0.2438121536997061
1785583350.1281042,0.5500941920000031,0.24616864264900623
1785583350.1330836,0.5550933239999978,0.24852622190881193
1785583350.138122,0.560092123000004,0.2508840580762281
1785583350.1430762,0.5650925340000015,0.25324301150254375
1785583350.1481044,0.5700925179999956,0.2556020628101563
1785583350.1531036,0.5750929280000037,0.2579615564698121
1785583350.158105,0.580092116000003,0.2603206564662906
1785583350.1631093,0.5850943229999928,0.26268130545369023
1785583350.1680877,0.5900956219999927,0.26504159113992837
1785583350.1731174,0.5950976430000026,0.26740222324906093
1785583350.178034,0.6000938680000019,0.2697600659219299
1785583350.183036,0.6050936120000046,0.27211945500812823
1785583350.1880252,0.6100927260000049,0.27447837195080454
1785583350.1930418,0.6150934509999928,0.276837813201082
1785583350.1980386,0.6200919540000029,0.2791959090302479
1785583350.203034,0.6250938080000026,0.2815552267413532
1785583350.2080271,0.6300937930000003,0.283913241888955
1785583350.213049,0.6350954069999943,0.28627154170172076
1785583350.2180798,0.6400938729999979,0.28862781122561615
1785583350.2230656,0.6451004489999974,0.2909872933379913
1785583350.2280312,0.6500928039999962,0.29333940165177574
1785583350.233052,0.6551029000000028,0.29569913000311493
1785583350.2380288,0.6600940879999939,0.29804915301835305
1785583350.243054,0.6650932569999952,0.3004020690102317
1785583350.2480493,0.670091056000004,0.30275341018781127
1785583350.2530456,0.6750953180000039,0.3051067948989175
1785583350.258026,0.6800934319999925,0.30745622664884265
1785583350.2630262,0.6850929350000001,0.3098051837120445
1785583350.2680333,0.690093418999993,0.3121534071012523
1785583350.273045,0.6950951820000029,0.31450096903979663
1785583350.2780285,0.7000936289999942,0.31684564643799334
1785583350.2830687,0.7050933169999922,0.31918951014868674
1785583350.2880254,0.710093263999994,0.32153203123159463
1785583350.293045,0.7150958969999976,0.32387427707486993
1785583350.2980285,0.7200914740000002,0.32621161984807856
1785583350.303022,0.7250934759999978,0.32855029831038896
1785583350.3080642,0.7300926639999972,0.33088592157135455
1785583350.3130672,0.7350939260000047,0.33322070387906044
1785583350.318092,0.7400930029999984,0.3355525868960635
1785583350.3230305,0.7450930990000018,0.33788299532222976
1785583350.3280566,0.7500932869999986,0.3402114255887872
1785583350.3330524,0.7550959929999976,0.3425389345233294
1785583350.3380294,0.7600932179999944,0.34486173090261923
1785583350.3430278,0.7650930180000017,0.34718348925948567
1785583350.348053,0.7700910389999933,0.3495021149555149
1785583350.3530598,0.7750970599999931,0.3518220674482662
1785583350.3580341,0.7800942479999975,0.3541354733676407
1785583350.3630223,0.7850932139999998,0.3564471768389364
1785583350.368031,0.7900929759999968,0.3587566481030499
1785583350.3730536,0.7950962009999927,0.3610650416052246
1785583350.3780322,0.8000939450000004,0.36336815795996935
1785583350.3830285,0.8050930400000027,0.36566907422255085
1785583350.388029,0.8100931359999919,0.36796755219003685
1785583350.393088,0.815096804999996,0.3702646946125681
1785583350.3980339,0.8200919929999912,0.37255489623111016
1785583350.403025,0.8250934409999928,0.37484484137427243
1785583350.408049,0.8300935550000048,0.3771309719344852
1785583350.4130814,0.8350947429999991,0.3794143122205734
1785583350.418033,0.8400942640000011,0.381693534166049
1785583350.4230242,0.8450930449999987,0.3839689852775551
1785583350.4280252,0.8500931399999985,0.3862415220606475
1785583350.4330528,0.8550960129999936,0.38851172726936795
1785583350.4380538,0.8600944789999971,0.3907762636727825
1785583350.443032,0.865092962999995,0.39303706196328564
1785583350.4480495,0.8700910959999959,0.3952938764461081
1785583350.453045,0.8750962839999943,0.3975499637570246
1785583350.4580355,0.880094138000004,0.3997987584668843
1785583350.4630296,0.8850919559999966,0.40204347295418075
1785583350.4680262,0.8900932549999965,0.40428560205658254
1785583350.4731112,0.8950982399999958,0.4065251476905242
1785583350.4780672,0.900093928000004,0.40875622637854575
1785583350.4830294,0.9050934859999984,0.41098464401267676
1785583350.4880316,0.9100937850000008,0.4132089179849981
1785583350.4930425,0.915094584000002,0.41542885719051786
1785583350.4980721,0.9200919569999968,0.41764264034684007
1785583350.5030274,0.9250932749999947,0.4198534491494412
1785583350.508029,0.9300932590000031,0.42205886317473884
1785583350.5130432,0.9350941699999993,0.4242597967851678
1785583350.5180264,0.940094098000003,0.4264553256550784
1785583350.5230396,0.9450949350000002,0.4286461965598299
1785583350.528027,0.9500930859999954,0.43083075285327305
1785583350.5330493,0.9550944399999963,0.4330114829176777
1785583350.5380766,0.9600918879999938,0.4351852031755697
1785583350.5430336,0.965093502000002,0.4373553389060082
1785583350.5480528,0.9700915229999936,0.4395184370732001
1785583350.5530276,0.9750925259999974,0.4416772583381904
1785583350.5580223,0.9800937320000003,0.44383051147953745
1785583350.5630653,0.9850925679999989,0.4459770058656611
1785583350.5680296,0.9900930339999974,0.44811837354448136
1785583350.5730898,0.9951042409999928,0.45025840704760695
1785583350.5780678,1.0000922619999955,0.45238255276642003
1785583350.5831432,1.005093617,0.4545062928421485
1785583350.5880852,1.0100929529999974,0.45662299933857
1785583350.5930808,1.0150925669999964,0.45873355979314173
1785583350.598083,1.0200930139999969,0.46083811787716245
1785583350.6030743,1.0250936279999934,0.4629363025554356
1785583350.6080844,1.0300930199999954,0.46502744399414814
1785583350.6130805,1.0350922079999947,0.4671118814790151
1785583350.6180756,1.0400920069999984,0.4691898644251728
1785583350.6230733,1.0450919359999915,0.4712611015573682
1785583350.6280758,1.050092253999992,0.4733256089524627
1785583350.6330743,1.0550923489999917,0.47538304317122426
1785583350.638075,1.060091963000005,0.4774332088684234
1785583350.6430736,1.0650925399999949,0.4794766062178807
1785583350.6481364,1.0700925430000012,0.4815125151331323
1785583350.6530726,1.0750927489999924,0.48354116136465186
1785583350.6580682,1.0800925850000027,0.48556222113568
1785583350.663204,1.0850978839999925,0.4875779488296927
1785583350.668124,1.0900954800000022,0.48958295515279904
1785583350.6730819,1.0950926489999944,0.49158008548232895
1785583350.6780767,1.1000921889999944,0.49357036098900714
1785583350.6830766,1.1050921180000017,0.4955528933537801
1785583350.6880727,1.1100926579999992,0.4975276751221694
1785583350.6930757,1.1150925679999943,0.4994941229244439
1785583350.6980765,1.1200936639999952,0.5014528560532784
1785583350.7030702,1.1250923329999978,0.5034023687464828
1785583350.7080748,1.1300927249999972,0.5053441872954232
1785583350.7130754,1.1350918760000042,0.5072770653060626
1785583350.7180698,1.1400925450000017,0.5092019743998961
1785583350.723067,1.145091973999996,0.5111177576270266
1785583350.7281213,1.1500933290000006,0.5130255315606221
1785583350.7331173,1.1550929240000016,0.5149237947146983
1785583350.7381504,1.1600935750000048,0.5168135229063429
1785583350.7430782,1.1650922820000034,0.5186934894570986
1785583350.7480934,1.1700920250000024,0.5205647220057853
1785583350.753101,1.1750926759999913,0.522427071532095
1785583350.758097,1.1800932719999935,0.5242800810401418
1785583350.7630794,1.1850925520000004,0.5261231909574844
1785583350.7680714,1.1900927220000028,0.5279571194679963
1785583350.7730708,1.1950919840000012,0.5297811107034474
1785583350.7780776,1.2000925979999977,0.5315958912823258
1785583350.7830725,1.2050919710000016,0.5334004230486734
1785583350.7880883,1.2101101039999946,0.5352017762092829
1785583350.793108,1.2150916989999985,0.5369800565179711
1785583350.7980983,1.2201117390000036,0.5387619271136596
1785583350.8030725,1.2250923529999938,0.5405196535868998
1785583350.808071,1.2300922999999955,0.5422739368143938
1785583350.8130724,1.235093710000001,0.5440183451821309
1785583350.8183048,1.2400918609999962,0.5457511395187097
1785583350.8230853,1.2450929009999925,0.5474743544170075
1785583350.8280656,1.2500919409999938,0.5491862043625851
1785583350.8330758,1.255092591999997,0.5508878288857944
1785583350.8381023,1.2600922620000006,0.552578245594789
1785583350.8430698,1.2650925049999984,0.5542578827592873
1785583350.8480906,1.270091655999991,0.5559260842445389
1785583350.8530705,1.2750919369999991,0.5575834927155344
1785583350.858071,1.2800920880000035,0.559229588386504
1785583350.8630753,1.2850921649999947,0.5608642914921239
1785583350.8680758,1.2900919450000004,0.5624874314209454
1785583350.8730695,1.2950920589999981,0.5640991138305476
1785583350.878069,1.3000926919999927,0.5656992962221971
1785583350.8830774,1.305092842999997,0.5672875589090024
1785583350.8880694,1.3100923269999925,0.5688637478959349
1785583350.893069,1.3150918669999925,0.5704279939549566
1785583350.898071,1.3200922030000015,0.5719804261256466
1785583350.903106,1.325092576000003,0.5735207062434541
1785583350.9080744,1.330091987000003,0.5750484304263249
1785583350.9131238,1.3350950819999952,0.5765649086879983
1785583350.9181607,1.3400923629999966,0.5780671704197141
1785583350.9231107,1.345092495000003,0.5795577318752869
1785583350.9280741,1.350093239000003,0.5810358128272185
1785583350.9330742,1.3550925379999939,0.5825007087170679
1785583350.9380748,1.3600925220000022,0.5839529468276482
1785583350.9430716,1.3650921549999993,0.5853921251981922
1785583350.9480977,1.3700929350000024,0.5868185721211977
1785583350.9530725,1.3750926419999985,0.5882315542546966
1785583350.9580698,1.3800923849999975,0.5896312893073893
1785583350.963066,1.385092869999994,0.5910178720159117
1785583350.9680774,1.390092224,0.5923906847902354
1785583350.9730766,1.3950932270000038,0.5937503891022178
1785583350.9780664,1.4000923779999965,0.5950959341504327
1785583350.9831166,1.405092400000001,0.5964279571213195
1785583350.9881108,1.410092309999996,0.5977460932976844
1785583350.993074,1.4150929049999945,0.5990504507077254
1785583350.9980721,1.4200922039999995,0.6003404155576695
1785583351.0030715,1.4250927260000026,0.601616538522078
1785583351.0081034,1.430092676000001,0.6028782592083077
1785583351.0130703,1.4350925689999912,0.6041256107784293
1785583351.0180657,1.440091370999994,0.6053582408394469
1785583351.023065,1.4450919869999979,0.6065767632288739
1785583351.0280676,1.4500914179999995,0.6077803451592353
1785583351.0330787,1.4550921999999957,0.608969497204831
1785583351.0380652,1.4600915019999974,0.6101434476481384
1785583351.0430698,1.4650918399999995,0.6113026902568524
1785583351.0481305,1.4700914750000038,0.6124467214724587
1785583351.053072,1.4750921649999924,0.6135758431403623
1785583351.0580697,1.4800920029999958,0.6146895250438219
1785583351.0630682,1.4850918409999991,0.6157878622755235
1785583351.0680661,1.4900920319999926,0.6168708322898951
1785583351.0731065,1.4950919810000016,0.6179382073713969
1785583351.078069,1.5000917449999918,0.6189899034909612
1785583351.0830686,1.5050917869999978,0.6200259195527814
1785583351.088065,1.5100915700000002,0.6210460463037205
1785583351.093099,1.5150908339999916,0.6220501366709958
1785583351.098072,1.5200914499999953,0.623038464862187
1785583351.1030703,1.5250924919999989,0.6240107418475331
1785583351.1080637,1.530091830999993,0.6249664626553041
1785583351.1130736,1.5350915580000049,0.6259059363725862
1785583351.1180928,1.540091321999995,0.6268289981053451
1785583351.1230729,1.545091733999996,0.6277356605929314
1785583351.1280692,1.5500919619999962,0.6286256741873683
1785583351.1330757,1.5550919850000042,0.6294989408113092
1785583351.138071,1.5600912679999936,0.6303552757298047
1785583351.1430676,1.5650917539999938,0.6311949135874954
1785583351.1480904,1.5700915369999962,0.6320174362085296
1785583351.1530716,1.5750916530000012,0.6328229205392242
1785583351.1581175,1.580091232000001,0.6336111323603122
1785583351.163107,1.5850983109999959,0.6343832077103304
1785583351.1727767,1.590092538999997,0.6351359417454012
1785583351.1736193,1.5954885219999966,0.6359296344550418
1785583351.1783376,1.6000913449999956,0.6365904906852434
1785583351.1835966,1.6050885909999977,0.6372910302112408
1785583351.1881096,1.6100910579999947,0.6379745401519414
1785583351.193104,1.6150913040000034,0.6386398944302497
1785583351.1981044,1.6200889200000006,0.6392869717215104
1785583351.2031186,1.6250922400000007,0.6399167418365317
1785583351.208327,1.6300955039999963,0.6405283567366663
1785583351.213327,1.6350953059999966,0.6411213271397667
1785583351.2183213,1.640095458999994,0.6416960305796755
1785583351.223399,1.6451720190000003,0.6422606910635839
1785583351.2281609,1.6501002279999994,0.6427906165007848
1785583351.2331564,1.6550973810000045,0.643309523037927
1785583351.2381139,1.6600971270000002,0.6438100341749482
1785583351.243163,1.6650955389999922,0.6442916599014278
1785583351.2480617,1.6700923589999945,0.6447543024112878
1785583351.2530181,1.675093382,0.6451983943514872
1785583351.2580097,1.6800928319999997,0.6456233191231373
1785583351.263045,1.6850928549999935,0.6460291764609166
1785583351.2680073,1.690092711999995,0.6464158160836426
1785583351.2730083,1.6950920879999956,0.6467831298244362
1785583351.2780762,1.7000965550000018,0.6471314131100154
1785583351.2830768,1.7050954679999961,0.6474598410628363
1785583351.2880235,1.7100927319999926,0.6477686261092734
1785583351.2930079,1.7150924780000025,0.6480579328438176
1785583351.298009,1.7200909639999935,0.6483274522266376
1785583351.3030024,1.725091636000002,0.6485772796677977
1785583351.3081012,1.730097826000005,0.6488074511838059
1785583351.313074,1.7350954049999956,0.6490172516289692
1785583351.318009,1.7400909290000044,0.6492069367866171
1785583351.3230083,1.7450933779999929,0.6493767353314502
1785583351.3280392,1.750092030999994,0.649526181979924
1785583351.3330197,1.7550932949999947,0.6496553934436741
1785583351.3380692,1.760092708000002,0.6497641683371352
1785583351.3430045,1.7650930279999955,0.649852491473549
1785583351.3480499,1.7700903660000051,0.6499202265488382
1785583351.353004,1.7750927780000012,0.6499673899324482
1785583351.3580253,1.7800941719999912,0.6499938196838755
1785583351.3630078,1.7850931589999988,0.6499994509615477
1785583351.3680096,1.7900930710000011,0.6499842185518147
1785583351.3730361,1.7950929830000035,0.6499480418460335
1785583351.3780046,1.8000927289999993,0.6498908460333374
1785583351.3830075,1.8050924930000036,0.6498125534787126
1785583351.3880706,1.810097017000004,0.649712983678332
1785583351.3930833,1.8150962069999963,0.6495922658076468
1785583351.3980083,1.8200914530000034,0.6494503509088105
1785583351.4030058,1.8250928279999954,0.6492868648299728
1785583351.4080024,1.830092406999995,0.6491019654374445
1785583351.4130375,1.8350920970000004,0.6488955203096222
1785583351.4180758,1.8400967319999921,0.6486672249322524
1785583351.4230757,1.8450947550000052,0.6484175458602629
1785583351.4280093,1.850091704999997,0.6481461856890071
1785583351.4330359,1.8550925619999958,0.6478527854005434
1785583351.4380066,1.8600921409999955,0.6475375625770753
1785583351.443006,1.8650925529999967,0.6472003183036878
1785583351.4480953,1.8700944280000016,0.646840926879208
1785583351.4530733,1.875093636999992,0.646459625608122
1785583351.458062,1.8800927529999996,0.6460561699572107
1785583351.4630196,1.8850915360000045,0.645630516297172
1785583351.4680088,1.8900926329999947,0.6451823608717075
1785583351.4730046,1.8950926199999998,0.6447119380562096
1785583351.478008,1.900093032000001,0.6442190443731256
1785583351.483008,1.9050927779999967,0.6437037261089299
1785583351.4880013,1.9100931720000034,0.643165785838431
1785583351.4930172,1.9150921949999997,0.6426053843491294
1785583351.4981346,1.9200951819999972,0.6420218453858412
1785583351.5030768,1.9250950389999986,0.6414159309430593
1785583351.5080125,1.930090210000003,0.6407878240488789
1785583351.513011,1.9350927889999952,0.6401359272338095
1785583351.5180655,1.940093349999998,0.639461374561315
1785583351.5230145,1.9450932439999917,0.638763945771219
1785583351.5280042,1.9500930260000047,0.638043513199191
1785583351.5330062,1.9550924389999977,0.6373000624453219
1785583351.5380821,1.9600953140000001,0.6365329484371006
1785583351.5430796,1.9650962270000036,0.635742939370932
1785583351.5480285,1.9700914910000051,0.6349306185346049
1785583351.553007,1.975092348000004,0.6340941069111401
1785583351.5580235,1.9800912049999937,0.6332345991679741
1785583351.5630348,1.9850943389999998,0.6323509505628596
1785583351.5680037,1.990091954999997,0.6314448512448246
1785583351.5730186,1.9950931079999918,0.6305146257640493
1785583351.5780213,2.0000919839999938,0.6295612999724643
1785583351.583047,2.0050929519999983,0.6285839961940616
1785583351.5880044,2.0100924199999923,0.6275833673880613
1785583351.5930042,2.0150924059999937,0.6265589727576426
1785583351.598074,2.0200946519999974,0.6255103927530561
1785583351.603115,2.025093396999992,0.6244388019194634
1785583351.608012,2.030091162000005,0.6233436508520068
1785583351.6130087,2.0350925190000027,0.6222238791192708
1785583351.618003,2.0400927089999925,0.6210804959559058
1785583351.6230059,2.0450925100000035,0.6199132966767209
1785583351.628102,2.0500953479999993,0.6187214255516192
1785583351.633094,2.0550956679999928,0.6175061663778161
1785583351.6380208,2.060093932000001,0.6162674049609621
1785583351.6430051,2.06509303,0.6150044000861788
1785583351.6480293,2.0700911459999958,0.6137175789303947
1785583351.6530054,2.0750924099999963,0.612405830867689
1785583351.6580017,2.0800923599999948,0.611070282350388
1785583351.6630154,2.0850939199999914,0.6097101206739941
1785583351.668111,2.0900936470000033,0.6083262553543876
1785583351.6731,2.0950959489999974,0.6069174335856423
1785583351.678039,2.100095213000003,0.6054852133457725
1785583351.6830065,2.105092810000002,0.6040292110342574
1785583351.6880329,2.1100922969999942,0.6025483647904532
1785583351.6930041,2.1150918200000035,0.601043186921437
1785583351.6979957,2.120090806999997,0.5995138316223975
1785583351.7030017,2.1250919780000004,0.5979594341953398
1785583351.7080228,2.130092242999993,0.5963809263303149
1785583351.7130735,2.1350936549999915,0.5947776399676146
1785583351.7180526,2.1400945120000046,0.5931500993641856
1785583351.723004,2.1450919800000037,0.5914992399453247
1785583351.7280016,2.1500920959999945,0.5898230582744434
1785583351.7330124,2.155092971000002,0.5881221491960141
1785583351.7380302,2.160092605999992,0.586397183950745
1785583351.743065,2.1650936479999956,0.5846472370745013
1785583351.7480893,2.1700940970000033,0.5828729926787718
1785583351.7530668,2.1750896389999923,0.5810760133757197
1785583351.7580097,2.1800898669999924,0.5792528427858633
1785583351.7630477,2.185091853000003,0.5774044951320283
1785583351.7680051,2.1900928019999952,0.5755319931993881
1785583351.7730353,2.195092548000005,0.573635412179327
1785583351.778002,2.200092294000001,0.5717143024206286
1785583351.7830052,2.205091964999994,0.56976869242188
1785583351.788006,2.210092247999995,0.5677983113154
1785583351.7930663,2.2150941240000037,0.565802758043458
1785583351.7980795,2.2200935729999998,0.563783645622338
1785583351.8030086,2.2250929300000024,0.5617400539377017
1785583351.8080034,2.2300924529999975,0.5596718826942925
1785583351.813012,2.235092014000003,0.5575791903955359
1785583351.81803,2.240093036999994,0.5554613783685834
1785583351.823065,2.245093913000005,0.5533191280873541
1785583351.8280709,2.2500943619999987,0.5511525748491881
1785583351.833009,2.2550925709999916,0.5489625362597147
1785583351.8381317,2.2600931869999954,0.546746988827997
1785583351.8430083,2.2650876919999945,0.5445097489024456
1785583351.8480241,2.2700906230000015,0.5422443044826164
1785583351.8530104,2.275092201999996,0.5399550495441726
1785583351.8580956,2.2800925029999917,0.5376419889833435
1785583351.86301,2.285093175,0.5353043875598484
1785583351.8680294,2.290095717,0.5329415505417535
1785583351.8730094,2.295093092000002,0.5305568495449479
1785583351.8780024,2.3000928379999976,0.5281467331223125
1785583351.8830395,2.305093658000004,0.5257118280705834
1785583351.888007,2.3100923850000044,0.5232537119545101
1785583351.8930056,2.315092407999998,0.5207707536376414
1785583351.8980029,2.3200907279999967,0.5182644764082158
1785583351.90307,2.325094511000003,0.5157312923888488
1785583351.9080696,2.3300954049999945,0.5131754452475045
1785583351.9130068,2.335093557999997,0.5105969356169472
1785583351.9180083,2.3400914700000044,0.5079945323178262
1785583351.9230406,2.345092772000001,0.50536636055927
1785583351.9279985,2.350099165000003,0.502711505570493
1785583351.9330044,2.3550923929999925,0.5000397479731632
1785583351.9379957,2.3600985089999966,0.49733719262607096
1785583351.9430983,2.365096198999993,0.49461535862820855
1785583351.948095,2.3700931110000028,0.4918701927178328
1785583351.9530063,2.375090671999999,0.4891009595689176
1785583351.957999,2.380092195000003,0.48630583990740645
1785583351.963004,2.3850924970000023,0.48348776171454627
1785583351.968005,2.3900923899999924,0.4806463314082127
1785583351.9730017,2.3950926919999915,0.47778113818744994
1785583351.9779932,2.400092215000001,0.47489292103209724
1785583351.9830759,2.4050981270000023,0.47197755683908904
1785583351.9880736,2.410095224999992,0.4690439754652747
1785583351.9930122,2.415089655999992,0.4660887090193901
1785583351.9980023,2.420091142000004,0.4631060362385877
1785583352.0029995,2.425093517999997,0.46009964201047077
1785583352.0080574,2.430092524999992,0.4570721685018686
1785583352.013012,2.4350931799999955,0.4540206562107425
1785583352.0180008,2.4400929279999986,0.4509467276875288
1785583352.0230033,2.4450923419999953,0.4478501093757208
1785583352.0280292,2.4500929969999987,0.44472989134718344
1785583352.0330713,2.4550969299999963,0.44158484524156055
1785583352.038061,2.4600934559999956,0.43842179003652426
1785583352.043001,2.4650906109999937,0.43523576135364855
1785583352.0480187,2.4700899509999914,0.4320258264717367
1785583352.053014,2.475092680000003,0.42879125488450287
1785583352.057999,2.480092482999993,0.4255362083698713
1785583352.062999,2.4850924899999995,0.42225875098097587
1785583352.068002,2.4900925160000043,0.41895908769735957
1785583352.0731091,2.495098764000005,0.4156331705057872
1785583352.0780883,2.500092566999996,0.4122935306459513
1785583352.083027,2.5050907410000036,0.4089290658099928
1785583352.0880063,2.510092728999993,0.4055401891212389
1785583352.0930412,2.515092531999997,0.40213104799590976
1785583352.0980017,2.5200903909999965,0.39870160040419067
1785583352.1029994,2.525092454000003,0.3952477102045533
1785583352.1079962,2.530091979000005,0.391774120810865
1785583352.113098,2.535094282000003,0.3882772379028778
1785583352.1180713,2.5400940669999983,0.3847608643737679
1785583352.1230092,2.5450879999999927,0.3812275022342832
1785583352.1280026,2.550092062999994,0.3776659224559663
1785583352.1330042,2.5550919960000016,0.3740863441381021
1785583352.1380265,2.560092651000005,0.3704854243750846
1785583352.1430137,2.5650920100000008,0.3668647309331828
1785583352.148011,2.570089682999992,0.36322467749148946
1785583352.1530018,2.5750922639999914,0.35956055602843856
1785583352.158006,2.5800926050000044,0.35587770204691044
1785583352.1630483,2.585095648999996,0.3521725903436399
1785583352.168013,2.590093581000005,0.34845114294689045
1785583352.1730182,2.5950931069999967,0.34470850941549136
1785583352.178061,2.6000927070000017,0.3409459409591973
1785583352.1830096,2.6050925840000048,0.337163407862912
1785583352.1879988,2.610092295000001,0.33336137153492074
1785583352.1930032,2.6150923390000003,0.3295395802447137
1785583352.1980264,2.620090493999996,0.3256998718975433
1785583352.2030814,2.625092037999991,0.3218383154048566
1785583352.2080715,2.630093303999999,0.31795785815175387
1785583352.213195,2.635094311000003,0.3140586244248399
1785583352.2180169,2.640090280999999,0.31014450719278946
1785583352.2230172,2.645093342999999,0.30620613182784706
1785583352.2280083,2.650092479999998,0.3022522942923512
1785583352.2330086,2.6550928019999986,0.2982791113605499
1785583352.2380025,2.6600924379999924,0.2942882117363299
1785583352.243083,2.665096297000005,0.2902758042911288
1785583352.2480917,2.6700939889999944,0.2862503793092976
1785583352.2530208,2.675094403999992,0.2822049450454919
1785583352.2580056,2.6800920590000032,0.27814408939972646
1785583352.263069,2.6850922510000004,0.27406366320649705
1785583352.2680144,2.690092906000004,0.2699654988036932
1785583352.2730064,2.6950924129999976,0.2658510773847452
1785583352.278003,2.700092939000001,0.2617187754508774
1785583352.2830741,2.7050925380000024,0.2575703616135286
1785583352.2880733,2.7100941559999967,0.25340354876274374
1785583352.2930524,2.7150942749999984,0.2492214297252653
1785583352.2980006,2.720090263000003,0.24502640000596326
1785583352.3030019,2.7250918069999983,0.24081048676411937
1785583352.308005,2.730092850999995,0.23657894015458011
1785583352.3130338,2.735092025,0.23233310252782938
1785583352.3180635,2.740094087000003,0.22806910168156827
1785583352.3230753,2.7450947049999996,0.22379079903509183
1785583352.3280299,2.750093063999998,0.21949908616447097
1785583352.333011,2.755092959999999,0.21519088590789284
1785583352.337999,2.760092114999992,0.21086833810648106
1785583352.3430076,2.7650913439999982,0.20653092345461604
1785583352.3481226,2.7700939810000023,0.20217591824263093
1785583352.3530805,2.775094746999997,0.19780809747012743
1785583352.3580062,2.780093217000001,0.19342803815160897
1785583352.362997,2.785092316999993,0.18903337289026595
1785583352.3680315,2.7900915639999937,0.18462471425887692
1785583352.3731492,2.7950929419999966,0.1802004963396731
1785583352.378069,2.8000959860000023,0.17576131002515963
1785583352.3830614,2.8050929740000043,0.17131422132370455
1785583352.3880808,2.8100928890000034,0.16685144658645207
1785583352.3930933,2.815092524999997,0.16237603708805382
1785583352.3980472,2.820092920999997,0.15788726283513535
1785583352.4030488,2.8250920210000032,0.15338717510089275
1785583352.4080436,2.8300921940000023,0.14887384757994995
1785583352.4132795,2.8351532380000037,0.14429328733601873
1785583352.4180188,2.8400919310000035,0.13981175055692077
1785583352.4237347,2.8450924929999957,0.1352624943020083
1785583352.42779,2.850075222000001,0.13071808446345076
1785583352.4328334,2.8550767109999953,0.12614535741606922
1785583352.4380383,2.86009344,0.12154763381697051
1785583352.4430268,2.8650918729999972,0.11695587675446782
1785583352.4481208,2.8701007319999974,0.11234394665356016
1785583352.453098,2.875092812999995,0.10773713239432609
1785583352.4580545,2.8800932089999947,0.10311252625086245
1785583352.4630475,2.8850918819999976,0.09847961587087477
1785583352.4680452,2.890092870999993,0.09383488200004791
1785583352.4730482,2.895091784999991,0.08918262966534521
1785583352.4780438,2.900092477000001,0.08451950320372559
1785583352.4830456,2.9050920210000015,0.07984846025617817
1785583352.4880443,2.9100922129999987,0.07516805676953728
1785583352.4930418,2.9150923870000014,0.07047914873708121
1785583352.4980469,2.920093042000005,0.06578150297042377
1785583352.5030456,2.925091901000002,0.061077499191356334
1785583352.5080404,2.930091945000001,0.05636457279628847
1785583352.513043,2.9350922480000037,0.05164383397442983
1785583352.518101,2.940092440000001,0.04691587407561728
1785583352.5230591,2.9450928549999986,0.04218062102934083
1785583352.528041,2.9500923429999943,0.03743941085490905
1785583352.5330791,2.9550930730000005,0.032690433124349424
1785583352.538104,2.9600923019999925,0.027936541896598527
1785583352.5430486,2.9650924009999926,0.02317573396848541
1785583352.5480623,2.9700922419999927,0.018409334020602557
1785583352.553045,2.9750918780000006,0.013637545649582278
1785583352.5580378,2.980092404000004,0.008859577526618997
1785583352.5632834,2.985111966000005,0.004058317644320249
1785583352.5680482,2.990094491999997,-0.0007123160599261022
1785583352.5730674,2.9951106839999966,-0.00551975340351015
1785583352.5780678,3.000092468999995,-0.010298493723220156
1785583352.5831091,3.005111290000002,-0.015116807865258661
1785583352.5880446,3.0100932419999964,-0.01990348095988389
1785583352.5930927,3.0151113229999993,-0.02472838220266149
1785583352.598073,3.020093293000002,-0.029521787096012383
1785583352.6030548,3.0250930779999976,-0.03433529507004543
1785583352.6080437,3.030092824999997,-0.03915146477482703
1785583352.6130407,3.035092646999999,-0.0439701340428029
1785583352.6180441,3.040092950000002,-0.04879142206573522
1785583352.6230712,3.045092365000002,-0.05361373476290393
1785583352.6280484,3.0500930009999934,-0.05843883131247801
1785583352.6330373,3.0550922120000052,-0.06326388193847517
1785583352.63804,3.060092107999992,-0.06809064489732945
1785583352.643073,3.065092410999995,-0.07291857283126416
1785583352.648088,3.070093288999999,-0.0777475474292455
1785583352.6530452,3.0750925180000053,-0.08257513905667677
1785583352.658039,3.0800929319999995,-0.08740380110376555
1785583352.663134,3.0850990870000032,-0.09223764773691757
1785583352.6680496,3.0900934649999954,-0.09705947903385763
1785583352.6730397,3.0950929899999977,-0.10188534870917572
1785583352.67804,3.100092219000004,-0.10670971336152914
1785583352.6830797,3.1050924860000038,-0.11153357053053252
1785583352.688042,3.110092456000004,-0.11635534122549422
1785583352.6930463,3.1150927399999944,-0.12117532266936752
1785583352.6980386,3.1200924139999984,-0.12599233124712833
1785583352.7030652,3.125091365000003,-0.1308059648567151
1785583352.708041,3.1300920580000025,-0.13561830082205062
1785583352.7130892,3.1350921760000006,-0.14042681175296956
1785583352.718047,3.1400931830000047,-0.1452326073961826
1785583352.723041,3.1450928189999985,-0.15003321765561145
1785583352.72804,3.1500919930000038,-0.1548292176579779
1785583352.733042,3.155093463,-0.15962294993414333
1785583352.7380652,3.160092524999996,-0.16440960403747115
1785583352.743048,3.1650920879999944,-0.1691916651008812
1785583352.7480624,3.170092373000003,-0.17396903857954002
1785583352.7530384,3.175092343000003,-0.17874042796548878
1785583352.7580338,3.1800925719999924,-0.1835060750226244
1785583352.7630348,3.185092634,-0.18826526652862977
1785583352.7680397,3.1900921040000014,-0.19301729147266883
1785583352.7730782,3.1950912039999935,-0.19776205400345187
1785583352.7780492,3.200093377999991,-0.20250250729841088
1785583352.78304,3.2050917179999914,-0.2072317958403982
1785583352.7880418,3.2100927059999975,-0.21195574375845502
1785583352.7930398,3.2150918060000038,-0.2166697522146948
1785583352.798037,3.2200925169999977,-0.2213768080405721
1785583352.8030407,3.2250920789999924,-0.22607399810889667
1785583352.8080368,3.230092678999995,-0.23076306253032847
1785583352.81304,3.235092334000001,-0.23544182598556865
1785583352.8180406,3.2400930820000013,-0.24011187879652027
1785583352.8230352,3.245092550999999,-0.24477068928910029
1785583352.828206,3.2500915210000016,-0.24941867199228743
1785583352.8330715,3.2550948989999995,-0.25406005838572304
1785583352.838027,3.260093795000003,-0.25868628269357585
1785583352.84298,3.265091171999998,-0.26329978730959286
1785583352.8481145,3.2700928639999916,-0.2679056281222686
1785583352.853045,3.275092704000002,-0.2724977965460201
1785583352.8580375,3.2800920450000035,-0.2770772221263164
1785583352.8630443,3.2850924589999977,-0.2816450205152086
1785583352.8680341,3.2900921330000017,-0.2861992116177961
1785583352.8730414,3.2950917139999945,-0.2907400648422398
1785583352.8780382,3.3000925730000006,-0.29526849688723966
1785583352.8830373,3.3050917279999936,-0.29978148506778635
1785583352.8880358,3.3100917350000003,-0.30428101575870037
1785583352.8930447,3.315091964000004,-0.30876619237106423
1785583352.8980699,3.32009223,-0.31323652233322874
1785583352.9030833,3.325092773999998,-0.3176918937871938
1785583352.9080427,3.330093132999991,-0.3221315675326617
1785583352.913096,3.3350959179999933,-0.3265575244919026
1785583352.9180465,3.3400930920000036,-0.33096234287186443
1785583352.9230373,3.3450922650000052,-0.3353524212485313
1785583352.9280367,3.3500913829999917,-0.3397256191374897
1785583352.9330764,3.355093224000001,-0.34408402552951806
1785583352.9381225,3.3600925450000005,-0.3484227430811478
1785583352.9430423,3.365092403999995,-0.3527441081972854
1785583352.9480581,3.370092521999993,-0.3570475474050949
1785583352.953037,3.375091900000001,-0.3613318753823173
1785583352.9580367,3.380092146999999,-0.3655981419797008
1785583352.9630353,3.385091450999994,-0.3698444733034926
1785583352.9680371,3.3900923089999964,-0.3740726582662835
1785583352.973035,3.3950923529999955,-0.37828036194343095
1785583352.9780385,3.400092231000002,-0.3824678070260689
1785583352.9830687,3.4050923490000002,-0.38663500468701295
1785583352.9880493,3.410091762999997,-0.39078084275108643
1785583352.9930432,3.415091973999992,-0.3949062371175889
1785583352.998065,3.4200914989999944,-0.39900963546588414
1785583353.0030406,3.4250932110000036,-0.4030930580032421
1785583353.0080335,3.4300918120000006,-0.4071518577111962
1785583353.013038,3.4350925250000017,-0.41118995454918195
1785583353.0180697,3.440091977999998,-0.4152042925449481
1785583353.0230374,3.445093412999995,-0.4191971426542969
1785583353.0280604,3.4500917550000025,-0.42316413426110794
1785583353.0330486,3.455094004000003,-0.4271104905256536
1785583353.0380385,3.460093032000003,-0.4310302569950172
1785583353.043038,3.465091892999993,-0.4349255270781428
1785583353.048049,3.4700921980000032,-0.4387972213900753
1785583353.053034,3.475092207000003,-0.4426436591556185
1785583353.058035,3.4800914380000023,-0.44646415317584853
1785583353.0630403,3.4850921869999922,-0.45026012835210033
1785583353.0680373,3.4900923999999947,-0.4540296943711217
1785583353.0730379,3.4950922419999984,-0.4577726596883133
1785583353.0780382,3.5000923620000037,-0.461489188455794
1785583353.0830648,3.505091667000002,-0.4651781508133045
1785583353.088037,3.5100921760000006,-0.46884071221788914
1785583353.0930817,3.515091776999995,-0.4724750028590748
1785583353.098038,3.5200916379999967,-0.476081557352808
1785583353.1030686,3.5250916279999984,-0.47965995887559215
1785583353.108033,3.5300915450000048,-0.483209744070558
1785583353.1130311,3.5350911089999926,-0.4867304003148004
1785583353.1180365,3.5400916370000033,-0.4902225329834459
1785583353.1230361,3.5450912940000023,-0.4936845439423627
1785583353.128035,3.550090764999993,-0.4971166019674424
1785583353.1330385,3.5550909779999955,-0.5005190250874891
1785583353.138032,3.560091689999993,-0.5038913235307939
1785583353.143035,3.5650906989999953,-0.5072317112842749
1785583353.1480563,3.570091449000003,-0.5105421781370156
1785583353.1530397,3.575091698999998,-0.5138209188588565
1785583353.1580968,3.5801107439999953,-0.5170801017627407
1785583353.1631162,3.5850971050000027,-0.5202861230743824
1785583353.1681116,3.5900928359999966,-0.5234659396682958
1785583353.1730812,3.5950928449999964,-0.5266158732066313
1785583353.1780708,3.6000919279999977,-0.5297323082567708
1785583353.1830726,3.6050931959999986,-0.5328168685416618
1785583353.1881146,3.6100922609999913,-0.5358665460968267
1785583353.1930792,3.6150931579999934,-0.538883505551491
1785583353.1980677,3.6200917230000016,-0.5418649407978555
1785583353.203071,3.6250924719999915,-0.5448132490569053
1785583353.2080681,3.6300924809999913,-0.5477263950239808
1785583353.2130737,3.6350928049999993,-0.550604702714436
1785583353.218067,3.6400918690000026,-0.5534469819657095
1785583353.223072,3.6450921929999964,-0.5562543734944889
1785583353.228065,3.650092035,-0.5590256004488627
1785583353.2330728,3.6550926369999956,-0.5617610592059006
1785583353.238069,3.660091867999995,-0.5644593033818138
1785583353.2430687,3.665091672999992,-0.5671211057972093
1785583353.248086,3.670092404000002,-0.5697463532039423
1785583353.2530978,3.675091765000005,-0.5723335628832255
1785583353.258065,3.680092309999992,-0.5748837779801187
1785583353.2630866,3.685093522999992,-0.5773964354673562
1785583353.2680736,3.6900927730000035,-0.5798699511965434
1785583353.2731202,3.6950918,-0.5823049360166221
1785583353.278072,3.700092049999995,-0.5847018094408738
1785583353.2830975,3.7050924469999984,-0.5870597683280864
1785583353.2880754,3.7100924930000048,-0.5893783107262536
1785583353.2930727,3.7150918349999955,-0.5916570179240256
1785583353.2980719,3.7200926780000003,-0.593896619969778
1785583353.3030694,3.725093242,-0.59609604158737
1785583353.3080647,3.730092009999993,-0.5982543791854994
1785583353.3131902,3.735092222999995,-0.6
1785583353.3180945,3.7400953060000006,-0.6
1785583353.3230183,3.7450902030000037,-0.6
1785583353.3280115,3.750091748999992,-0.6
1785583353.3330789,3.7550937949999934,-0.6
1785583353.3381164,3.7600928600000003,-0.6
1785583353.343074,3.7650924609999947,-0.6
1785583353.3481228,3.7700920629999928,-0.6
1785583353.353068,3.775092385999997,-0.6
1785583353.3580737,3.7800925800000016,-0.6
1785583353.3630707,3.7850919219999923,-0.6
1785583353.3680747,3.7900928760000028,-0.6
1785583353.373084,3.7950932920000042,-0.6
1785583353.3781333,3.800092023000005,-0.6
1785583353.3831024,3.8050929019999984,-0.6
1785583353.3880692,3.8100920589999987,-0.6
1785583353.393066,3.8150921609999955,-0.6
1785583353.398069,3.8200916699999965,-0.6
1785583353.403071,3.825092140999999,-0.6
1785583353.4080687,3.8300918730000006,-0.6
1785583353.4131472,3.8350954919999936,-0.6
1785583353.418079,3.8400932050000023,-0.6
1785583353.4230733,3.8450918249999972,-0.6
1785583353.4280696,3.8500921669999997,-0.6
1785583353.4330766,3.855093101999998,-0.6
1785583353.4380653,3.8600916850000004,-0.6
1785583353.4430673,3.865092563999994,-0.6
1785583353.4481394,3.8700924989999947,-0.6
1785583353.453076,3.875092785999996,-0.6
1785583353.458067,3.880092183000002,-0.6
1785583353.4630718,3.885092506999996,-0.6
1785583353.4680686,3.8900925530000023,-0.6
1785583353.4730766,3.895091598999997,-0.6
1785583353.4780743,3.900092940999997,-0.6
1785583353.483072,3.9050918939999946,-0.6
1785583353.4880674,3.9100914959999926,-0.6
1785583353.493103,3.9150917079999914,-0.6
1785583353.4980724,3.9200919390000024,-0.6
1785583353.5030699,3.9250928189999996,-0.6
1785583353.5080667,3.9300923090000026,-0.6
1785583353.51307,3.9350924099999958,-0.6
1785583353.51807,3.9400925119999926,-0.6
1785583353.523067,3.945092058,-0.6
1785583353.5280612,3.9500923810000046,-0.6
1785583353.5330698,3.955092167999993,-0.6
1785583353.5380921,3.960091750999993,-0.6
1785583353.5430818,3.9650923889999916,-0.6
1785583353.5480893,3.9700919719999916,-0.6
1785583353.5530744,3.975092704000005,-0.6
1785583353.558099,3.9800916570000027,-0.6
1785583353.5630655,3.9850917210000034,-0.6
1785583353.56807,3.9900912490000024,-0.6
1785583353.5730648,3.995091813000002,-0.6
1785583353.5780647,4.000091377000004,-0.6
1785583353.5830789,4.005092422999994,-0.6
1785583353.5880659,4.010091431999996,-0.6
1785583353.593068,4.015091718999997,-0.6
1785583353.5980628,4.020091339000004,-0.6
1785583353.6031415,4.025091199999991,-0.6
1785583353.6082761,4.030091893999995,-0.6
1785583353.6130817,4.035092328000005,-0.6
1785583353.618069,4.040092004000002,-0.6
1785583353.6230752,4.045092013000001,-0.6
1785583353.6280105,4.050091318,-0.6
1785583353.6330101,4.055090548999999,-0.6
1785583353.638071,4.060092373000003,-0.6
1785583353.6430676,4.065091547999998,-0.6
1785583353.6480916,4.0700916870000015,-0.6
1785583353.6530762,4.075092158000004,-0.6
1785583353.6580691,4.080091037999992,-0.6
1785583353.6631062,4.085099212999992,-0.6
1785583353.668132,4.090094167000004,-0.6
1785583353.6730766,4.095092026999993,-0.6
1785583353.678067,4.100092017999998,-0.6
1785583353.6830714,4.105092599999992,-0.6
1785583353.6880648,4.110092295000001,-0.6
1785583353.6930737,4.115091617999994,-0.6
1785583353.6980658,4.120091664,-0.6
1785583353.7030683,4.125091951000002,-0.6
1785583353.708065,4.1300920150000024,-0.6
1785583353.713098,4.135092172,-0.6
1785583353.7180705,4.140092050999996,-0.6
1785583353.7230678,4.145092059999996,-0.6
1785583353.728064,4.150091883999991,-0.6
1785583353.7331407,4.155111058999992,-0.6
1785583353.7380695,4.160092457000005,-0.6
1785583353.743085,4.165108984,-0.6
1785583353.7480867,4.170091733999996,-0.6
1785583353.753094,4.175100743000002,-0.6
1785583353.7580876,4.180093900000003,-0.6
1785583353.7630916,4.185092372,-0.6
1785583353.7680602,4.190093640000001,-0.5980879134747729
1785583353.773054,4.195092075000005,-0.5957557301866643
1785583353.7780788,4.200093158000001,-0.5933714314870216
1785583353.7830522,4.205092406999995,-0.5909372236849495
1785583353.7880428,4.210091767999998,-0.5884522722518972
1785583353.7930715,4.215091831999999,-0.5859163627037336
1785583353.798082,4.220092359999995,-0.5833296951382463
1785583353.8030505,4.225092387000004,-0.5806928708062302
1785583353.8080404,4.230092006999996,-0.5780059602981678
1785583353.8130417,4.235093071999998,-0.575268064067793
1785583353.8180416,4.2400914880000045,-0.5724815578612182
1785583353.8230457,4.245092107999994,-0.5696438642609793
1785583353.828037,4.250092080000002,-0.5667567046914065
1785583353.8330421,4.2550925139999975,-0.5638195723356045
1785583353.838038,4.260091782999993,-0.5608335696554092
1785583353.8430393,4.265092457999998,-0.5577972988395326
1785583353.8480663,4.270092633999994,-0.5547120495413073
1785583353.8530395,4.275092178999998,-0.551578071371523
1785583353.8580623,4.280091873999993,-0.548395038355135
1785583353.863063,4.285092401,-0.545162663502695
1785583353.8680394,4.290092539,-0.5418818963044362
1785583353.8730502,4.295093030000004,-0.5385524222620434
1785583353.8780618,4.300092945999992,-0.5351750393943109
1785583353.8830774,4.305092565999999,-0.5317497538375179
1785583353.888041,4.310092185999991,-0.5282765541516471
1785583353.893042,4.3150927869999975,-0.524754937010552
1785583353.8980403,4.320092926000001,-0.5211861086019742
1785583353.9030385,4.325092064000003,-0.5175706769621189
1785583353.908043,4.330092035999996,-0.5139075250015113
1785583353.9130435,4.335091544999997,-0.5101978104629031
1785583353.9180372,4.340092424000005,-0.5064403784854753
1785583353.923067,4.345092507000004,-0.5026370716199505
1785583353.9280457,4.350092145999994,-0.4987878676793375
1785583353.9330447,4.355092542999998,-0.49489207036819455
1785583353.9380374,4.360091682000004,-0.4909514958054652
1785583353.943041,4.365092172000004,-0.4869643299770145
1785583353.948101,4.370092810999992,-0.4829317598476976
1785583353.9530423,4.375092300999995,-0.47885509984836416
1785583353.9582658,4.380093051000003,-0.4747326435173118
1785583353.9630482,4.385092985,-0.47056636078290887
1785583353.968071,4.390092772000003,-0.4663559766922635
1785583353.9730504,4.395091948000001,-0.4621021667772906
1785583353.978038,4.400091512000003,-0.45780436383746653
1785583353.9830449,4.4050920020000035,-0.4534623733532494
1785583353.9880445,4.410091973999997,-0.4490777341978567
1785583353.9930441,4.415091668000002,-0.44465054166141105
1785583353.9980462,4.420093288000004,-0.4401791237612625
1785583354.0030406,4.425091260000002,-0.4356687912169642
1785583354.0080397,4.430092344999991,-0.4311137604458726
1785583354.0130382,4.435091595999992,-0.42651883715429284
1785583354.0180385,4.440091754999997,-0.4218818338685228
1785583354.0230377,4.445092024999994,-0.4172038034544689
1785583354.0280366,4.450091850999996,-0.4124856006829315
1785583354.033074,4.455091620000005,-0.4077272029812844
1785583354.0380719,4.4600925940000025,-0.4029277371763264
1785583354.0430553,4.4650921049999965,-0.3980901135920338
1785583354.0480862,4.470091912000001,-0.3932129958358328
1785583354.0530758,4.475091958999997,-0.38829678910878135
1785583354.0580442,4.480092376999991,-0.38334171949234375
1785583354.0630398,4.485092166000001,-0.3783491478928232
1785583354.0680377,4.490093102000003,-0.3733176671025092
1785583354.0730352,4.495092056999994,-0.3682508106277609
1785583354.0780423,4.500091789999999,-0.36314617745075806
1785583354.0830407,4.5050919859999965,-0.35800446242927053
1785583354.0880353,4.5100921260000035,-0.3528265868180573
1785583354.0930462,4.515092339999995,-0.34761281281213685
1785583354.0980415,4.520092425000001,-0.34236375460881535
1785583354.1030383,4.5250919169999975,-0.3370803137468066
1785583354.1080387,4.530092316999998,-0.33176131242638596
1785583354.1130683,4.535092031000005,-0.32640886049092865
1785583354.118074,4.540092634000004,-0.32102169130501956
1785583354.1230428,4.545091478000003,-0.315603092559992
1785583354.1280344,4.5500918780000035,-0.31014990407106013
1785583354.13304,4.5550912220000015,-0.3046654052632728
1785583354.1380663,4.560091825000001,-0.29914749529572937
1785583354.1430392,4.565091260999992,-0.29359929567341136
1785583354.1480582,4.570091476000002,-0.2880191007027654
1785583354.15304,4.575091745999998,-0.28240816554806175
1785583354.158034,4.580091960000004,-0.27676707445339754
1785583354.1631303,4.585104637000001,-0.27108205775685307
1785583354.1680844,4.590093702999994,-0.26539459552752925
1785583354.1730824,4.595092139999991,-0.25966768664474815
1785583354.1781108,4.600092242999992,-0.2539105413617089
1785583354.183087,4.605093049999994,-0.24812472992679588
1785583354.1880727,4.610092800999993,-0.2423127787399218
1785583354.1930778,4.615092904999997,-0.23647354735475948
1785583354.198072,4.620092248999995,-0.2306088348255755
1785583354.203105,4.625092203999998,-0.22471753449098386
1785583354.2080724,4.630092011000002,-0.2188010419335474
1785583354.2130702,4.635091798999994,-0.2128597150086514
1785583354.218067,4.640091975999994,-0.20689357975597872
1785583354.223097,4.645091968000003,-0.20090383749923105
1785583354.2280757,4.650091459999999,-0.19489139257754617
1785583354.2330716,4.655091933999998,-0.18885498580368457
1785583354.2380655,4.660091777999995,-0.18279709131416857
1785583354.2430983,4.6650928069999935,-0.1767160412728412
1785583354.2480888,4.670091706999997,-0.1706164102520886
1785583354.2530687,4.675092347000003,-0.1644940227950307
1785583354.2580693,4.680092191,-0.15835252490122434
1785583354.2631016,4.685092034999997,-0.1521914945632836
1785583354.2680748,4.690092656999994,-0.14601052357550512
1785583354.2730713,4.695092185999997,-0.13981248516851932
1785583354.2780635,4.700092084999994,-0.1335961323036019
1785583354.2830682,4.705091854999992,-0.1273626505758654
1785583354.2880707,4.710091735999995,-0.12111231115263023
1785583354.2930639,4.715091653999991,-0.11484577985166915
1785583354.2980683,4.720091998000001,-0.10856314473718331
1785583354.3030984,4.725092489999994,-0.10226533399957533
1785583354.3080926,4.730094352999998,-0.09595138603154503
1785583354.3130906,4.735092621999996,-0.08962816629933285
1785583354.3180747,4.740091707000005,-0.08329069913949311
1785583354.3230126,4.7450906809999935,-0.07694075215324875
1785583354.328007,4.750090450999991,-0.0705777694561118
1785583354.333079,4.755092258000005,-0.0642007641804097
1785583354.338064,4.760091712999994,-0.057815938873224185
1785583354.3430636,4.765092612000004,-0.05141905778272832
1785583354.348092,4.770091901000001,-0.045014640025476324
1785583354.353073,4.775092873999995,-0.03859908109039749
1785583354.3580685,4.780092311000004,-0.03217712979743934
1785583354.3630695,4.785092358,-0.025746653366810954
1785583354.3681033,4.790092442999992,-0.019309010452280763
1785583354.3730676,4.7950920649999915,-0.012865474391390946
1785583354.3780649,4.800092483,-0.006415052348108785
1785583354.3830698,4.805091529999999,3.882628879046129e-05
1785583354.3881185,4.810092707999999,0.006500047707911205
1785583354.3930714,4.8150928660000005,0.012963903724379975
1785583354.3980668,4.820092524999993,0.019430424710336836
1785583354.4030645,4.825092036000001,0.025899420193996683
1785583354.4080968,4.830092508999996,0.03237168054074161
1785583354.41307,4.835091723999994,0.038843683335207
1785583354.4180665,4.840092420000005,0.04531832308466278
1785583354.42307,4.845092393000002,0.05179209253075646
1785583354.4280806,4.850109348000004,0.05828725556001536
1785583354.4331164,4.855094100000002,0.06473948140622866
1785583354.4380894,4.860092387999998,0.07120732216480478
1785583354.443071,4.865093399000003,0.07767611442839849
1785583354.4480877,4.870092038999999,0.08413860453217444
1785583354.4530747,4.875092086999999,0.09059901259298477
1785583354.4580648,4.880091355999994,0.09705384385191697
1785583354.4630697,4.885092810999993,0.10350625403085756
1785583354.4680607,4.890092210999995,0.10995009947821101
1785583354.4730997,4.895091906999994,0.11638773982252763
1785583354.4780674,4.900092528000002,0.12281930699396369
1785583354.4830673,4.905092298,0.129241839584132
1785583354.4880643,4.9100912530000045,0.13565470952431888
1785583354.4930987,4.915092189999996,0.1420608218324383
1785583354.4980671,4.920092292999996,0.14845588464657689
1785583354.5030696,4.925093082000004,0.15484115960114245
1785583354.5080633,4.930092443999996,0.16121326730899702
1785583354.5130692,4.935092269999998,0.16757393639337023
1785583354.5180693,4.940092261999993,0.17392209947912007
1785583354.5230656,4.945092364999994,0.18025699862369687
1785583354.5280616,4.950092338000005,0.1865776406031325
1785583354.5330725,4.955092127,0.192883269727183
1785583354.5380652,4.960092044999996,0.19917359145826702
1785583354.5430646,4.965092314999993,0.20544819379628848
1785583354.5480833,4.970092547999997,0.2117058961003873
1785583354.5530622,4.975092150999998,0.21794526824447166
1785583354.558117,4.980092106000001,0.22416684535398032
1785583354.5630724,4.985093061000001,0.23037073385764512
1785583354.5680869,4.99009246,0.23655307354864244
1785583354.5730724,4.995092322999994,0.24271567606620223
1785583354.5780957,5.000091759,0.24885675020375445
1785583354.5830724,5.005092159,0.25497730815645586
1785583354.5880637,5.0100919660000045,0.26107474873111325
1785583354.5930731,5.0150911620000045,0.2671483653474317
1785583354.5980663,5.020091856999997,0.2732000225098748
1785583354.6030753,5.025091293999992,0.2792256896865454
1785583354.6080656,5.030091786,0.2852274639096831
1785583354.613065,5.035091796999993,0.2912028055174424
1785583354.6180644,5.040092510999997,0.2971524363140997
1785583354.6231048,5.045091761999998,0.30307309480897254
1785583354.6280653,5.050092179999993,0.308967208136031
1785583354.6331267,5.055096746999993,0.31483755632583754
1785583354.6380737,5.060092998000002,0.32066886576788833
1785583354.6430533,5.065089119999996,0.32647007979698295
1785583354.6480312,5.070091555999994,0.33224793760731763
1785583354.653079,5.075092826000002,0.3379930666078145
1785583354.6580865,5.080092614999998,0.343704445512526
1785583354.6631846,5.085102383999995,0.3493943993755452
1785583354.6680815,5.090094153999999,0.3550305486320109
1785583354.6730757,5.095092664999996,0.36064026056818266
1785583354.6780634,5.100091972000001,0.36621610839958124
1785583354.683073,5.105092908000003,0.3717583189005019
1785583354.688107,5.110091807999993,0.37726215971567495
1785583354.6930745,5.115092521999998,0.38273119864300487
1785583354.6980636,5.120091755000004,0.388161157067002
1785583354.7030673,5.125092025000001,0.3935541053723334
1785583354.708069,5.130091350000001,0.3989072375519253
1785583354.7130692,5.135091693999996,0.40422199039781387
1785583354.7180638,5.140092205000002,0.4094967810879264
1785583354.7230687,5.145092140999992,0.4147301710398361
1785583354.7281177,5.150092059000002,0.4199220922075385
1785583354.7330744,5.155091810999991,0.425071737467855
1785583354.7380664,5.160091988000005,0.43017905906259163
1785583354.7430677,5.165092424999997,0.4352432290600375
1785583354.7481234,5.170091528,0.4402619995808594
1785583354.7531173,5.175102000999999,0.44524734463724414
1785583354.7581081,5.180096770999995,0.4501717434231119
1785583354.7630837,5.185093003999995,0.4550516760219543
1785583354.768077,5.190093810999997,0.45988946257271146
1785583354.7730806,5.1950920999999965,0.4646775815943705
1785583354.7780683,5.200092850999994,0.4694201753924103
1785583354.7830765,5.2050925469999925,0.4741132627503431
1785583354.7880676,5.210092149999994,0.4787571413594669
1785583354.7930741,5.215092400999993,0.4833518728167202
1785583354.7980716,5.220092726999994,0.48789630492664837
1785583354.8030684,5.2250925519999925,0.4923893096416966
1785583354.8080707,5.230093100000005,0.4968313762695546
1785583354.813186,5.235091702999995,0.5012195508273839
1785583354.8180726,5.240093287999997,0.505557543114291
1785583354.8230793,5.2450932980000005,0.5098407834681505
1785583354.8280694,5.250092049999992,0.514068998391513
1785583354.83311,5.2550928200000016,0.5182443602767554
1785583354.8380675,5.260092329999992,0.5223635380158321
1785583354.843069,5.265093155999992,0.5264280756316229
1785583354.8480835,5.270093148000001,0.5304356448711302
1785583354.8530662,5.275091899000003,0.5343853868259826
1785583354.8580678,5.280093354000002,0.5382798303361038
1785583354.86307,5.285092105000004,0.5421142063155676
1785583354.8680775,5.2900925609999945,0.545891360851174
1785583354.873068,5.2950918859999945,0.5496085936262753
1785583354.8781013,5.300091840999997,0.5532666799621573
1785583354.8830678,5.305092536999993,0.5568651387070527
1785583354.8880668,5.310092361999992,0.5604022798247523
1785583354.8930671,5.315092280000002,0.5638782725447484
1785583354.8980985,5.320092383999992,0.56729265500158
1785583354.9030724,5.325093078999998,0.5706451734636376
1785583354.9080667,5.330092479000001,0.5739340666909138
1785583354.913066,5.335092322999998,0.5771599905411786
1785583354.9180918,5.3400915,0.5803217342678345
1785583354.9230692,5.345092399999999,0.5834202967886571
1785583354.9280686,5.350092429,0.5864535681038657
1785583354.9330742,5.355092253999999,0.5894214936151455
1785583354.938065,5.360092135000002,0.5923237567259049
1785583354.943098,5.3650921090000026,0.5951599084715311
1785583354.948086,5.370092138000004,0.5979294632625468
1785583354.9530725,5.375091647999994,0.6006316579266257
1785583354.9580643,5.380092232999999,0.6032668947749853
1785583354.963074,5.385092298999993,0.6058338811929105
1785583354.9680696,5.390092088000003,0.6083323231417935
1785583354.9730706,5.395092413,0.6107621938679414
1785583354.978066,5.400091739000004,0.6131223363760775
1785583354.983105,5.405092620000005,0.6154135310482034
1785583354.9880695,5.410092277999993,0.6176340916104842
1785583354.9930687,5.415092436999998,0.6197843995341902
1785583354.9980643,5.420092225999994,0.6218636854004885
1785583355.0032907,5.425091588000001,0.6238715578018371
1785583355.0080807,5.43009223,0.6258083067348815
1785583355.013071,5.435092093999998,0.6276727545660542
1785583355.0180705,5.4400928470000025,0.6294651582425413
1785583355.0230696,5.445092303999999,0.6311843889811084
1785583355.0280712,5.450091667999999,0.6328305441480132
1785583355.0330706,5.455092124999993,0.6344036534599872
1785583355.0380647,5.460092377999999,0.6359029583200818
1785583355.0430684,5.4650920379999945,0.6373280367838462
1785583355.0480866,5.470092421000004,0.6386789461653523
1785583355.053072,5.475092117999992,0.6399549982859936
1785583355.0580628,5.480091704999992,0.6411560595535742
1785583355.0630682,5.4850919209999915,0.6422820056477869
1785583355.0681207,5.490091821999997,0.6433323351154628
1785583355.0731094,5.495113649000004,0.6443109540875189
1785583355.0780869,5.500092569000003,0.6452054418845904
1785583355.083075,5.505092895999994,0.6460275879036403
1785583355.0880995,5.5100917409999965,0.6467729260043944
1785583355.093072,5.515091791000003,0.6474416244125619
1785583355.0980668,5.520092988000002,0.6480333910748773
1785583355.103068,5.525091945,0.6485476294084392
1785583355.1080651,5.530091808999998,0.6489844819003607
1785583355.1130733,5.535091968999993,0.6493436640463367
1785583355.1180656,5.540091666999999,0.6496249312011605
1785583355.1230662,5.5450923639999985,0.6498281680318937
1785583355.128064,5.550091672999997,0.6499531109394735
1785583355.133105,5.555091574000002,0.6499996616589648
1785583355.1380692,5.560091659999998,0.6499676410125351
1785583355.143116,5.565093543000003,0.6498568441319635
1785583355.1480927,5.570092629000001,0.6496672581408581
1785583355.153121,5.575092807999994,0.649398647085684
1785583355.1580725,5.580092153999999,0.6490509891421196
1785583355.1631014,5.585098258999992,0.648623505911263
1785583355.1681025,5.590095289999994,0.6481175046147262
1785583355.1731145,5.595094117000002,0.6475319677142767
1785583355.1780684,5.6000929249999984,0.6468669852786257
1785583355.1830814,5.605095603999999,0.646121877494974
1785583355.1880693,5.610092949999995,0.6452979896286907
1785583355.1930702,5.615092720999996,0.644394061566779
1785583355.198112,5.620092658999994,0.6434103990596156
1785583355.2030716,5.625091987000005,0.6423471350720731
1785583355.2080677,5.6300918689999975,0.6412040029920573
1785583355.2130706,5.635092917999998,0.639980811243752
1785583355.2180681,5.640092171999996,0.6386782992790196
1785583355.2230697,5.645092016999996,0.6372958844567316
1785583355.2280633,5.650091584999998,0.6358338197380965
1785583355.2330718,5.655092504999999,0.634291633844014
1785583355.2380943,5.6600916280000035,0.6326703496756152
1785583355.2430658,5.665092287999997,0.6309689437793922
1785583355.2480862,5.670091503999998,0.6291884901954138
1785583355.2530682,5.675091960999993,0.6273281100344246
1785583355.2580929,5.680092196000004,0.6253884063379093
1785583355.2630715,5.685092208,0.6233694836845809
1785583355.268064,5.6900923310000024,0.6212713140513446
1785583355.2730706,5.695092176999992,0.619094178978525
1785583355.2780638,5.700092170999994,0.6168380218953067
1785583355.2830744,5.7050924609999925,0.6145029016242393
1785583355.288066,5.710091566000003,0.6120896775802928
1785583355.293067,5.715092040999991,0.609597269567703
1785583355.2980626,5.720092145999999,0.6070266896131237
1785583355.3030674,5.725091712999998,0.604378224483116
1785583355.3080688,5.730091595999994,0.6016516168395765
1785583355.3130677,5.735091793999999,0.5988470531646327
1785583355.3184164,5.740129565000004,0.5959429639837722
1785583355.3238196,5.7452989100000025,0.5928814087142569
1785583355.3285558,5.750100848999992,0.5899636082189289
1785583355.332961,5.7551058429999955,0.5868469688069001
1785583355.337956,5.760105687999996,0.5836568875018614
1785583355.3430195,5.765108830000003,0.5803882844213005
1785583355.3480108,5.770115082999993,0.5770414119208039
1785583355.3530521,5.775091317999994,0.5736393171706092
1785583355.3578014,5.780079014999998,0.5701543590020945
1785583355.3627667,5.785075360999997,0.5665883568304567
1785583355.3683116,5.790112484000005,0.5629175884918379
1785583355.3732626,5.795103126000001,0.5592061033726253
1785583355.3782449,5.8001029339999945,0.5554136960405662
1785583355.383083,5.805092557999998,0.551555418245495
1785583355.388096,5.810093292000005,0.5476151476091118
1785583355.393017,5.815090693999991,0.543604467085054
1785583355.3980358,5.820090854,0.5395188879082797
1785583355.4030745,5.825092885000004,0.535359431374141
1785583355.4081044,5.830092507999993,0.5311300756126868
1785583355.4130745,5.835093075999993,0.5268284349704757
1785583355.4180694,5.840092384999991,0.5224568420380358
1785583355.4230642,5.845091749000005,0.5180146141988456
1785583355.4281023,5.850092446000005,0.5135010382656643
1785583355.4330723,5.855092346999996,0.5089184871612575
1785583355.4380674,5.860091674000003,0.5042672593836565
1785583355.4430678,5.865092204999996,0.4995461719285439
1785583355.4480813,5.870092291999995,0.4947572600975463
1785583355.4531083,5.8750927299999915,0.4899002702739683
1785583355.4580715,5.880091945999993,0.4849772644604651
1785583355.463077,5.885092939000003,0.47998580557208526
1785583355.4680903,5.890093062999995,0.4749290544179649
1785583355.4730737,5.895092056999999,0.4698078630569342
1785583355.4780653,5.900092123999997,0.46462053489134514
1785583355.483071,5.905092600000003,0.45936829973191895
1785583355.4880683,5.910092555999995,0.4540527158787375
1785583355.4931045,5.915092180000002,0.4486741905807854
1785583355.4980679,5.920092635999993,0.4432320635136021
1785583355.503071,5.9250921670000025,0.4377288602958212
1785583355.5080638,5.930092309000003,0.4321635181772859
1785583355.5130932,5.935092320999999,0.42653748552944337
1785583355.5180733,5.940093445000002,0.42084998997599227
1785583355.5230653,5.945091660999992,0.41510628838469066
1785583355.5280685,5.950092673,0.4093004913205799
1785583355.5330749,5.9550930369999975,0.403437232555966
1785583355.5380704,5.960092622999994,0.3975173728607009
1785583355.5430694,5.965092431999992,0.39154042996375554
1785583355.5480857,5.970091832999998,0.3855078646027292
1785583355.553063,5.975092179000001,0.3794187485164847
1785583355.5580726,5.9800929499999995,0.37327441560565017
1785583355.5630689,5.9850921289999945,0.36707809617232795
1785583355.568085,5.990110716000004,0.3608042204527504
1785583355.5730646,5.995091895000002,0.3545248525362488
1785583355.5781202,6.000091924999992,0.34817012386596247
1785583355.5830805,6.005092603999998,0.34176363677622335
1785583355.5880656,6.010093080000004,0.3353072571714514
1785583355.5930758,6.015092961999997,0.3288022922975214
1785583355.5981147,6.020091863000005,0.32225006830613084
1785583355.6030688,6.025091967999998,0.31564852674713684
1785583355.6080709,6.030092479999993,0.3089995149334761
1785583355.6130695,6.035091399999999,0.30230653437389265
1785583355.6180692,6.040091541999999,0.295566658537625
1785583355.6230764,6.0450925359999985,0.28878120321439676
1785583355.628065,6.0500914929999965,0.281954957629282
1785583355.633073,6.055092301000002,0.27508347765385865
1785583355.6380663,6.060091349999993,0.26817259337202165
1785583355.6431067,6.065091676999998,0.26121899200214094
1785583355.6480854,6.070091968,0.25422537374177123
1785583355.6530714,6.075091849999993,0.24719316208560058
1785583355.658062,6.080092121999996,0.2401221382514333
1785583355.6631362,6.085097633999993,0.2330062937839354
1785583355.6680791,6.090093312999997,0.22586802823776264
1785583355.673074,6.095093102999996,0.21868840816401663
1785583355.678067,6.100092152000002,0.2114753011263309
1785583355.6831052,6.105092775999992,0.2042263011908005
1785583355.6880693,6.1100920290000005,0.19694662869059562
1785583355.6930683,6.115093078000001,0.1896326276703111
1785583355.6980696,6.120091774999992,0.18229133646054105
1785583355.7030969,6.1250958990000015,0.1749122777260499
1785583355.708107,6.1300920409999975,0.16751622776767036
1785583355.7130785,6.135092868000001,0.160085451869598
1785583355.7180681,6.140091675999997,0.15263088423461316
1785583355.7230694,6.145091596,0.1451488650847015
1785583355.7280724,6.150091868000004,0.13764152935260965
1785583355.733073,6.155092508999999,0.1301098619817893
1785583355.738063,6.160091465999997,0.12255798619785431
1785583355.7430675,6.165091441000001,0.11498285284941331
1785583355.7481186,6.170091454000001,0.10738697425010388
1785583355.7530713,6.175092187999994,0.09977034897785611
1785583355.7580686,6.180092219000002,0.09213619250508424
1785583355.7631166,6.185091212999993,0.0844860765149738
1785583355.768114,6.1900925030000025,0.07681595212872998
1785583355.7730727,6.195092922000001,0.06913173317323401
1785583355.7780638,6.200092174999995,0.061434951229604004
1785583355.7830708,6.205092187999995,0.05372371691054785
1785583355.788068,6.2100927179999985,0.04599947937287971
1785583355.7930834,6.215093526999993,0.03826368805111482
1785583355.7980797,6.220092520999998,0.03052067620363592
1785583355.80307,6.225091958999997,0.022768042418718566
1785583355.8080657,6.230092916000004,0.015005212985513404
1785583355.8130732,6.235092316999996,0.007238063844671434
1785583355.8180647,6.240092551000004,-0.00053600810297389
1785583355.823066,6.245092155999998,-0.008313619271025766
1785583355.828061,6.250091983000004,-0.01609497809401204
1785583355.8330925,6.255092402999992,-0.02387954391522798
1785583355.83807,6.260093248999993,-0.03166593463698072
1785583355.8430657,6.26509265,-0.039450110919626885
1785583355.8480942,6.27009194,-0.047233020980341524
1785583355.8530767,6.275093248000005,-0.055016845937350206
1785583355.8580656,6.280092427,-0.06279399648238806
1785583355.8630695,6.285092014,-0.0705672832134409
1785583355.8680634,6.290091785000001,-0.0783352164929461
1785583355.8730998,6.295092519999997,-0.08609786269744699
1785583355.878072,6.300092587999998,-0.0938515436352051
1785583355.883071,6.305092599999995,-0.10159606064126539
1785583355.8880641,6.310092148999999,-0.10932963511576489
1785583355.8930955,6.315091809999998,-0.11705200618565498
1785583355.898103,6.320091691999991,-0.12476218794770637
1785583355.9030676,6.325092908000002,-0.13246073565745994
1785583355.908067,6.330091660999997,-0.14014065332845071
1785583355.913207,6.335104154999996,-0.14782562361918608
1785583355.918084,6.340094222999994,-0.15545908205205625
1785583355.9230728,6.345092605000005,-0.16308696787361082
1785583355.928066,6.350092007000001,-0.1706969404437303
1785583355.9331055,6.355092482000003,-0.17828790825916443
1785583355.9380662,6.360091623999992,-0.1858550605824392
1785583355.9430692,6.365092246999993,-0.19340149552459465
1785583355.9480836,6.370091666999997,-0.20092200074365368
1785583355.9530673,6.375091808999997,-0.20841831554830711
1785583355.958067,6.3800918759999945,-0.21588808071330734
1785583355.9630973,6.385092721999996,-0.22333140732067122
1785583355.968068,6.390092289999998,-0.23074407992461204
1785583355.9730675,6.395091949999994,-0.2381269832698337
1785583355.9780672,6.400092091999994,-0.24547953247025597
1785583355.9830723,6.405092511999996,-0.2528002660108868
1785583355.988062,6.410092079999998,-0.2600863824967769
1785583355.993064,6.415092462000004,-0.2673391592325281
1785583355.9980688,6.420092029999992,-0.2745550860944519
1785583356.003068,6.425092079999999,-0.281734890412542
1785583356.0080657,6.430092333999994,-0.2888770208947377
1785583356.0130632,6.435092440999995,-0.29597983354191315
1785583356.018092,6.440092140000004,-0.30304182502022153
1785583356.0230675,6.445091691000002,-0.31006223327194415
1785583356.0280693,6.450091518999997,-0.3170405205236653
1785583356.0330708,6.455092033,-0.32397611535578974
1785583356.0381157,6.460092195000001,-0.33086644722720604
1785583356.043075,6.4650913379999935,-0.33770949305100056
1785583356.0480871,6.470091722999996,-0.34450722594404365
1785583356.0530918,6.475093125000001,-0.3512581929105468
1785583356.0580695,6.4800930100000045,-0.3579578700938153
1785583356.0630925,6.485110671000001,-0.3646307558074185
1785583356.0680845,6.490091945000003,-0.37120400390029756
1785583356.0730772,6.495092255000003,-0.37774992347960157
1785583356.0780654,6.5000928430000045,-0.384242564037121
1785583356.0830758,6.505093097,-0.39068004552903784
1785583356.088094,6.510092759000003,-0.3970609703813524
1785583356.0930786,6.515092346999992,-0.40338493603226067
1785583356.0980678,6.520091972000003,-0.4096510145738304
1785583356.1031027,6.525092263999994,-0.415858920179983
1785583356.1080678,6.530092240000002,-0.4220063692900633
1785583356.1130614,6.5350913099999985,-0.4280916083552482
1785583356.1180675,6.540091989999993,-0.43411664314558013
1785583356.1231108,6.5450927079999985,-0.44007851151519817
1785583356.1280658,6.550092444000001,-0.4459749851789729
1785583356.1330721,6.555091902000001,-0.45180589601732113
1785583356.138064,6.560092638,-0.4575720236029772
1785583356.1430626,6.565091929999994,-0.4632692249191504
1785583356.1480842,6.570091794999996,-0.46889881615111767
1785583356.1531038,6.575091623999995,-0.4744591086220127
1785583356.1580672,6.580092081999993,-0.47994984549055286
1785583356.1631017,6.5850973369999934,-0.4853745115145248
1785583356.1680818,6.590094831999991,-0.490718593818286
1785583356.1730704,6.595092030999993,-0.49598929130485603
1785583356.1780677,6.600091766999995,-0.5011885942428156
1785583356.1830707,6.605092021999994,-0.5063133961049446
1785583356.1880956,6.610091386999997,-0.5113613304734929
1785583356.1930711,6.615091622999998,-0.516333254535975
1785583356.1980636,6.620092267000004,-0.5212277665429497
1785583356.2030652,6.6250924099999935,-0.5260430770319496
1785583356.2081096,6.630092609000002,-0.5307788411048684
1785583356.2130682,6.635092381999996,-0.5354337296939171
1785583356.2180994,6.640092026000005,-0.5400071618643285
1785583356.2230718,6.645091780000001,-0.5444984964971851
1785583356.2280633,6.6500919049999965,-0.5489071066714507
1785583356.2330744,6.655093066999996,-0.5532327056178086
1785583356.2380683,6.660092136999992,-0.5574717863197952
1785583356.2430654,6.665091113000003,-0.5616252829641155
1785583356.2480867,6.670091960999997,-0.5656939789028732
1785583356.2530718,6.675092751999998,-0.5696754646642693
1785583356.2580667,6.680092395999992,-0.5735681230188272
1785583356.2630613,6.685091224000004,-0.5773714950259935
1785583356.26807,6.690092015999994,-0.5810869087498642
1785583356.2730982,6.695091732999998,-0.5847113384151164
1785583356.2780685,6.700092192,-0.5882453786036325
1785583356.2830696,6.705092261000004,-0.5916875008954656
1785583356.2880661,6.710091922999993,-0.5950370097661104
1785583356.2931104,6.715091917999999,-0.5982937103787523
1785583356.2980685,6.720091728,-0.6
1785583356.3030705,6.725092223999994,-0.6
1785583356.3080673,6.730091940999998,-0.6
1785583356.313067,6.735092010999992,-0.6
1785583356.3180666,6.740092486999998,-0.6
1785583356.3230648,6.745092037999996,-0.6
1785583356.328066,6.750091718999997,-0.6
1785583356.3330672,6.7550921029999955,-0.6
1785583356.3381004,6.7600917460000005,-0.6
1785583356.343092,6.765091001000002,-0.6
1785583356.348091,6.770091977999996,-0.6
1785583356.3530726,6.775091528999994,-0.6
1785583356.358074,6.780092561000004,-0.6
1785583356.3630764,6.785091777999995,-0.6
1785583356.3680851,6.790091996000001,-0.6
1785583356.3730679,6.795090935999994,-0.6
1785583356.378063,6.800092061000001,-0.6
1785583356.3830676,6.805092055999992,-0.6
1785583356.3880696,6.810092069999996,-0.6
1785583356.3930671,6.815091434999999,-0.6
1785583356.3982584,6.820091782999995,-0.6
1785583356.4031217,6.825093370000005,-0.6
1785583356.408106,6.830092069000003,-0.6
1785583356.4131303,6.835097324000003,-0.6
1785583356.4180896,6.840095078999994,-0.6
1785583356.423072,6.845092665999999,-0.6
1785583356.4280772,6.850092328000002,-0.6
1785583356.4330764,6.855091935000004,-0.6
1785583356.4380693,6.860091689000001,-0.6
1785583356.4430685,6.865092239999996,-0.6
1785583356.4481306,6.870092532000001,-0.6
1785583356.4530737,6.875092785999996,-0.6
1785583356.4580693,6.880092374,-0.6
1785583356.4630675,6.885092239999992,-0.6
1785583356.4680662,6.890092994,-0.6
1785583356.4731207,6.895092470999998,-0.6
1785583356.478069,6.9000928180000045,-0.6
1785583356.4830732,6.905093257999994,-0.6
1785583356.4880867,6.910092308999992,-0.6
1785583356.4930773,6.915092100999999,-0.6
1785583356.4980652,6.920091576999994,-0.6
1785583356.5030737,6.925092590999995,-0.6
1785583356.508071,6.930092623999997,-0.6
1785583356.51312,6.935092045000005,-0.6
1785583356.5180743,6.940092391999997,-0.6
1785583356.5230746,6.945092201999998,-0.6
1785583356.5280678,6.950092382999998,-0.6
1785583356.5330732,6.955092284999992,-0.6
1785583356.5380726,6.960092336000002,-0.6
1785583356.5430691,6.965092775999992,-0.6
1785583356.5480905,6.970092159999993,-0.6
1785583356.5530686,6.975091859000003,-0.6
1785583356.5580893,6.9800925769999935,-0.6
1785583356.5630717,6.9850921270000015,-0.6
1785583356.5680714,6.99009203,-0.6
1785583356.5730696,6.995093025000003,-0.6
1785583356.5780668,7.000093020999998,-0.6
1785583356.5830758,7.005092757,-0.6
1785583356.588066,7.010092714999999,-0.6
1785583356.5930758,7.015093784000001,-0.6
1785583356.5981746,7.020091687000004,-0.6
1785583356.6030848,7.025093385999995,-0.5998507229096971
1785583356.6080678,7.030091826000003,-0.5965267483028851
1785583356.613093,7.035092691999992,-0.5930972663688908
1785583356.6180675,7.0400933159999965,-0.5895644607495284
1785583356.6230986,7.0450919599999935,-0.5859300692920834
1785583356.6280684,7.050092102999997,-0.5821920377168276
1785583356.633071,7.055092135999999,-0.578352005762256
1785583356.638064,7.060093112000004,-0.5744096382391064
1785583356.6431038,7.065091811000002,-0.5703680320588228
1785583356.6480901,7.070092639999999,-0.5662241657621727
1785583356.6530643,7.075092171999998,-0.5619814102412761
1785583356.658065,7.080092241999992,-0.5576388064811809
1785583356.6631358,7.0850976259999925,-0.55319262763611
1785583356.6680906,7.090093713999991,-0.5486565827657998
1785583356.6730697,7.095092468000004,-0.5440206387521237
1785583356.6780708,7.100092481999994,-0.5392866359397036
1785583356.6830692,7.105092865999993,-0.5344560400971093
1785583356.68809,7.110112121,-0.5295111164819939
1785583356.6930683,7.115092356999995,-0.5245101805746158
1785583356.6980698,7.120092314999994,-0.5193955216187789
1785583356.703067,7.1250926439999915,-0.5141871126824752
1785583356.708093,7.130092176000005,-0.508886946380952
1785583356.713066,7.135092783000005,-0.503493813271104
1785583356.7180672,7.140092703999997,-0.49801040309146233
1785583356.7230659,7.145092809999994,-0.4924365939344177
1785583356.7281318,7.1500929350000035,-0.4867734032711384
1785583356.7330732,7.155092541999991,-0.48102230871150103
1785583356.7380626,7.160092315,-0.47518340692362304
1785583356.743063,7.165092142999995,-0.4692577139136337
1785583356.7482994,7.170092397999994,-0.463245686542565
1785583356.753079,7.175093392999997,-0.45714784688419025
1785583356.758066,7.180092443999996,-0.4509684439441277
1785583356.7630687,7.185092384000001,-0.44470496572653095
1785583356.7680643,7.190093250000004,-0.43835830191178454
1785583356.7730722,7.195092670999998,-0.4319324726395531
1785583356.7780662,7.200092166000005,-0.4254265742630823
1785583356.783067,7.205092105999995,-0.41884114420473223
1785583356.788068,7.210092156999991,-0.4121776590190802
1785583356.7930994,7.215092781999999,-0.4054365526464153
1785583356.7980654,7.220092831999992,-0.3986204576533949
1785583356.803067,7.225093216999994,-0.39172923930381826
1785583356.8081007,7.230094229999992,-0.3847635893164993
1785583356.81311,7.235093300000003,-0.37772825047307934
1785583356.8180716,7.240093277,-0.37062038338011283
1785583356.8230703,7.245092235000001,-0.3634438929962987
1785583356.8280668,7.2500923599999965,-0.35619681882750875
1785583356.833068,7.255092929,-0.34888137234856215
1785583356.838066,7.260092720999992,-0.3415005588083307
1785583356.8430662,7.265091956999996,-0.3340553058030784
1785583356.848086,7.270091952000001,-0.32654489355765215
1785583356.8530996,7.2750928920000035,-0.3189702681106153
1785583356.8580704,7.280092534999994,-0.3113361045719768
1785583356.8630698,7.285091734000005,-0.3036424194811161
1785583356.8680675,7.290092525999995,-0.2958873590770246
1785583356.8730721,7.295093261999995,-0.28807476986329195
1785583356.8781004,7.300092867999993,-0.28020768034197796
1785583356.8830738,7.305092807999998,-0.27228514417311167
1785583356.888063,7.310092248000004,-0.2643098428661729
1785583356.893064,7.3150924840000044,-0.25628107528781313
1785583356.8980968,7.320092052999996,-0.24820257262615092
1785583356.9030704,7.325092697000002,-0.24007291147398904
1785583356.9080617,7.330092802999999,-0.23189611650011083
1785583356.913068,7.335092965000001,-0.22367264620544522
1785583356.9181008,7.340092720000001,-0.21540470202851
1785583356.9230664,7.345092566999995,-0.2070929102198724
1785583356.9280663,7.350091784,-0.19873993681521912
1785583356.933075,7.3550923909999995,-0.19034386805766715
1785583356.93807,7.360092460000004,-0.1819094130920511
1785583356.9430761,7.365092658999998,-0.17343694361026044
1785583356.9480815,7.370091914,-0.16492979278002237
1785583356.9530675,7.3750925199999955,-0.1563855661614506
1785583356.9580657,7.380092903999994,-0.1478084656002906
1785583356.9630723,7.385092065999999,-0.13920175631990267
1785583356.9680784,7.390092358000004,-0.1305629356976248
1785583356.9730678,7.395091909000001,-0.12189678787434181
1785583356.978067,7.400092921999999,-0.11320105339774375
1785583356.9831002,7.405092750999998,-0.1044819050246599
1785583356.9880662,7.410092301999995,-0.09573935668876746
1785583356.9930701,7.4150924079999925,-0.08697354122389452
1785583356.9980676,7.420091773999999,-0.07818832964047642
1785583357.0030737,7.4250926210000046,-0.06938142271336947
1785583357.0080652,7.430092376999994,-0.060558963423823844
1785583357.0130677,7.435092299999994,-0.051720359938393926
1785583357.0180683,7.440092112000002,-0.04286773364806093
1785583357.0231028,7.445092071000005,-0.03400226479616831
1785583357.0280685,7.450091623999995,-0.025126578499854363
1785583357.0330687,7.455092453999995,-0.01623933468707415
1785583357.0380595,7.460091875999993,-0.007346961468899805
1785583357.0430954,7.465091966000003,0.001552570030129068
1785583357.048088,7.470092258999998,0.010456766183538649
1785583357.05307,7.475092384999996,0.01936329547630488
1785583357.0580616,7.480091196999993,0.02826843696787951
1785583357.0631046,7.485091694000005,0.03717585152448946
1785583357.068071,7.490092672000003,0.046081707359139225
1785583357.0730681,7.495091853999995,0.05498026078605113
1785583357.0780637,7.500092183999996,0.06387505941106308
1785583357.0830686,7.505091792000002,0.07276107963419264
1785583357.088065,7.510092622000002,0.08164007546384823
1785583357.0930717,7.515091988999998,0.09050557837127021
1785583357.098082,7.520095060000003,0.09936503753344368
1785583357.1030664,7.525092055999991,0.10819943992869357
1785583357.1080973,7.530092405000005,0.11702375771579268
1785583357.1130788,7.5350932169999965,0.12583116294469088
1785583357.1180673,7.540092528000002,0.13461649211372528
1785583357.1230676,7.545091728999992,0.14338048883144616
1785583357.1280975,7.550092891999995,0.15212506222974082
1785583357.1330702,7.555092704000003,0.16084270417657393
1785583357.1380653,7.560092533999992,0.1695341008955474
1785583357.1430662,7.565091733999992,0.1781964214740484
1785583357.1481252,7.570092137999993,0.18683113015537692
1785583357.1530797,7.575092819999995,0.1954349069166316
1785583357.1580634,7.580091909999993,0.20400284151724035
1785583357.1631327,7.585101442999999,0.21255376352433247
1785583357.1680822,7.590094421999993,0.22103995557346098
1785583357.1731179,7.595092992000005,0.22949747958945385
1785583357.1780689,7.6000926929999935,0.23791701865768422
1785583357.1830757,7.605092892999991,0.24629579759411516
1785583357.1880682,7.610092057000003,0.2546295637761307
1785583357.1930857,7.615094442,0.2629237006996161
1785583357.1980717,7.620092753999998,0.27116444775190174
1785583357.2030706,7.625092676999998,0.27935953695204735
1785583357.2080665,7.630092155,0.2875039133936407
1785583357.213119,7.635092466000003,0.2955979901060732
1785583357.2180712,7.640093351999994,0.3036396700203659
1785583357.2230673,7.6450931269999955,0.31162459967542294
1785583357.2280707,7.650092716000003,0.3195526339205022
1785583357.2331133,7.655093323999992,0.3274240322126707
1785583357.2381015,7.660093117000002,0.3352342745314159
1785583357.2430735,7.665092483999999,0.3429823693699447
1785583357.248089,7.6700925549999965,0.3506684493267155
1785583357.2530942,7.675110513999996,0.3583169613601874
1785583357.258071,7.680092993000002,0.3658453110931407
1785583357.26309,7.685109100999995,0.3733563627660459
1785583357.2680805,7.6900924119999985,0.38074906361480443
1785583357.2730727,7.695092242000001,0.3880953477311772
1785583357.2780762,7.7000933319999945,0.39537085999323496
1785583357.2830691,7.7050930509999915,0.4025702281645972
1785583357.288067,7.710093473000001,0.4096949172274787
1785583357.2930706,7.715093044,0.4167411917648635
1785583357.2981036,7.720092484999995,0.423708577906587
1785583357.303071,7.725092666999998,0.4305967740277111
1785583357.3080676,7.730092220000003,0.4374024015999924
1785583357.3130672,7.735092198000004,0.44412542438332414
1785583357.318108,7.740092434999994,0.4507641389631995
1785583357.323072,7.745092728000003,0.4573168179325182
1785583357.3280718,7.750092373000001,0.46378111816435347
1785583357.3330693,7.755092926000003,0.4701576225535892
1785583357.338065,7.760091719000002,0.4764415447698507
1785583357.3430707,7.765092697,0.482636439517964
1785583357.3480864,7.770092027000004,0.4887361665392697
1785583357.3530662,7.7750927459999986,0.494743076048142
1785583357.3580673,7.780092334999992,0.5006527885226186
1785583357.3630917,7.785093184000004,0.5064667945720975
1785583357.3680756,7.790092384000005,0.5121804098432496
1785583357.3730657,7.795091955000004,0.5177946839089236
1785583357.378071,7.800092230000004,0.5233086784847255
1785583357.3831046,7.805091985999994,0.5287197767302333
1785583357.3880696,7.810092037999993,0.5340276226020689
1785583357.3930717,7.815092923999998,0.5392315248203936
1785583357.3980656,7.8200919570000025,0.5443275110573436
1785583357.4031055,7.825092694999995,0.5493180229772644
1785583357.4080696,7.830091765999995,0.5541985237302668
1785583357.4130733,7.8350927249999955,0.5589713249786824
1785583357.4180646,7.840092814999991,0.5636326299372605
1785583357.4230688,7.845092089000005,0.5681814321360786
1785583357.4281013,7.850092160000003,0.5726181081592661
1785583357.433071,7.855091693999995,0.5769403944454954
1785583357.4380705,7.860091728,0.5811481383644513
1785583357.443067,7.865092336000004,0.5852403355584443
1785583357.4481118,7.870093905999994,0.5892162414047903
1785583357.453078,7.875092662,0.5930719331001402
1785583357.4580667,7.880092344000005,0.5968093981147758
1785583357.4630659,7.885092192999991,0.6004270881243602
1785583357.4680996,7.890092652999996,0.603924376684176
1785583357.4730673,7.895091983,0.6072991682996728
1785583357.4780688,7.900093034999998,0.6105524925515513
1785583357.4830666,7.905091661,0.6136808267995637
1785583357.4881022,7.9100916400000045,0.6166857490781237
1785583357.4931238,7.915093080999995,0.619566416540481
1785583357.4981923,7.920093206999994,0.6223204450139689
1785583357.5030825,7.9250940929999985,0.6249482433771543
1785583357.5080707,7.930092533999996,0.6274474617482529
1785583357.5130801,7.935093456999994,0.6298198568617743
1785583357.5180676,7.940092860999997,0.6320628135959839
1785583357.5230672,7.9450921170000015,0.6341763566910142
1785583357.528069,7.950093409999994,0.6361607069595061
1785583357.5330744,7.955091832999997,0.638013346497197
1785583357.5380688,7.960092089,0.6397354813664745
1785583357.5430682,7.965092103999993,0.6413257830313753
1785583357.5480874,7.970092340999997,0.6427838741984627
1785583357.5531008,7.975092227000005,0.6441090942115378
1785583357.5580685,7.980091594000001,0.6453009613782904
1785583357.5630655,7.9850921649999975,0.6463594140703893
1785583357.568084,7.990091531999994,0.6472835248349376
1785583357.5731084,7.995091991999999,0.6480733321750726
1785583357.578065,8.000091932999993,0.6487281953019741
1785583357.5830722,8.005092169999998,0.6492478946025256
1785583357.5880682,8.010092149000002,0.6496320634413324
1785583357.593069,8.015091423000001,0.6498804271807582
1785583357.5980718,8.020092660999993,0.6499928156925332
1785583357.6030667,8.025091545999999,0.6499689248420379
1785583357.60806,8.030092080000003,0.6498085696574394
1785583357.6130664,8.035092207000005,0.6495115992009811
1785583357.618091,8.040092259000005,0.6490778761984229
1785583357.6230705,8.045092182000005,0.6485073052497744
1785583357.6280663,8.050092234000005,0.6477997774245012
1785583357.6330714,8.055091860000005,0.6469553330587734
1785583357.638102,8.060091653,0.6459738614245615
1785583357.6430707,8.065092316999994,0.6448551897389395
1785583357.64809,8.070091925,0.6435997941524751
1785583357.6530678,8.075092291999994,0.6422072980858302
1785583357.6581035,8.080091788000004,0.6406782565655518
1785583357.663104,8.085098525999996,0.6390100532117171
1785583357.6680696,8.090093041000003,0.6372095336003638
1785583357.6730697,8.095092631,0.6352709401540602
1785583357.6780677,8.100092423999996,0.6331961616242842
1785583357.6831074,8.105091587000004,0.6309858064429164
1785583357.6880689,8.110092546999994,0.6286390293673301
1785583357.6930692,8.11509221,0.6261575673010781
1785583357.6980662,8.120092854999996,0.6235406373470841
1785583357.7030733,8.125092980999995,0.6207893717167137
1785583357.708071,8.130091977999996,0.6179045679515004
1785583357.7130673,8.135092012000001,0.6148854052981348
1785583357.7180662,8.140092526999993,0.6117326142644193
1785583357.7230952,8.145092282999997,0.6084474735052721
1785583357.7280626,8.150092595000004,0.60502964293847
1785583357.7330663,8.155091257999999,0.6014812187402061
1785583357.7380667,8.160092866,0.5977994646554963
1785583357.7431095,8.165092084999998,0.5939888911089652
1785583357.748117,8.170092303999994,0.5900476052715777
1785583357.7530708,8.175091578999996,0.5859778029483877
1785583357.7580984,8.180094834999991,0.5817760535164913
1785583357.7630785,8.185095109000002,0.5774488920277188
1785583357.7680857,8.190096623999992,0.5729934867902304
1785583357.7730167,8.195093546999999,0.5684159461220951
1785583357.7780292,8.200112857999997,0.5636916994147717
1785583357.783006,8.205090818000002,0.558882292493984
1785583357.78804,8.210114258999994,0.5539045580550741
1785583357.7931988,8.215094089999994,0.5488476057995538
1785583357.798017,8.220090994000003,0.5436517209457846
1785583357.8030121,8.225093971999996,0.53832845558839
1785583357.8080437,8.230093580000002,0.5328887508865284
1785583357.813011,8.235092577000003,0.5273307675370935
1785583357.818002,8.240092591999996,0.5216537279014615
1785583357.823074,8.245097365999996,0.5158542586773126
1785583357.8281145,8.250093992999993,0.5099485388351729
1785583357.8330214,8.255091433999993,0.5039273639731675
1785583357.8380058,8.260093041999994,0.49778768478236457
1785583357.8430057,8.265092260999992,0.4915386781347085
1785583357.8480213,8.270091702000002,0.4851783706677445
1785583357.8530843,8.275097735999992,0.4786996779514998
1785583357.858073,8.280095492000001,0.4721231741627738
1785583357.8630114,8.285090118,0.46544375399041643
1785583357.8680203,8.290092633,0.45864785535320085
1785583357.8730307,8.295093370999993,0.4517497696656406
1785583357.8780067,8.300092905,0.44475018072099654
1785583357.8830025,8.305091124,0.43765072783122366
1785583357.8880024,8.310092656999998,0.4304462083566711
1785583357.8930452,8.315091987999992,0.4231459932423098
1785583357.8980014,8.320091707000003,0.4157478387640764
1785583357.9030771,8.325095203000004,0.40824812033732716
1785583357.9080708,8.330093384999998,0.40066204370932723
1785583357.9130454,8.335088345000003,0.3929882323721659
1785583357.9180152,8.340093471000003,0.3852075111205424
1785583357.9230063,8.345093023999993,0.3773458309968578
1785583357.928002,8.350092594000003,0.36939618450533585
1785583357.9330707,8.355093943,0.3613573800646023
1785583357.9381015,8.360094994999997,0.35323439739238577
1785583357.9430118,8.365090991999992,0.345036801927436
1785583357.9480176,8.370092710999998,0.33674862013762763
1785583357.9530075,8.375093114999999,0.3283831545203311
1785583357.958004,8.380092555999994,0.3199416413649789
1785583357.9630048,8.385092572000005,0.31142328545506864
1785583357.9680033,8.390092530999993,0.3028309658677548
1785583357.973076,8.395094361000005,0.29416316567318174
1785583357.978105,8.400094542999994,0.2854278350617971
1785583357.9830277,8.405090650999995,0.27663120724635576
1785583357.9880066,8.410091944000001,0.267758853459409
1785583357.9930072,8.415092126000005,0.25882377787385946
1785583357.998027,8.420091585999998,0.2498272564093345
1785583358.0031037,8.425098730999991,0.24075598907928278
1785583358.0080702,8.430094432999994,0.23164667019648028
1785583358.0130224,8.435094356999997,0.22247285382019294
1785583358.018006,8.440093410000003,0.21324583506427117
1785583358.023013,8.445093259999993,0.20396456221817943
1785583358.0280018,8.450093183999996,0.19463240648642857
1785583358.0330691,8.455094552999995,0.18524884640603873
1785583358.038065,8.460092699,0.17582474072721135
1785583358.0430233,8.465095622999996,0.16634707468780777
1785583358.0480251,8.470092898999994,0.1568377162643824
1785583358.0530088,8.475093100999999,0.1472825053065137
1785583358.0580032,8.480092765999999,0.13769016545386223
1785583358.0630314,8.485092245000004,0.12806218029146046
1785583358.0680118,8.490092614000005,0.11839863271178992
1785583358.073035,8.495092556000003,0.10870423871116332
1785583358.0780666,8.500093647,0.09897812454995884
1785583358.083107,8.505094737999997,0.0892247157826635
1785583358.0880065,8.510093179999998,0.07945141096440565
1785583358.0930014,8.515092233999994,0.06965407042237416
1785583358.0980031,8.520092157999997,0.05983441054035943
1785583358.103013,8.525092489000002,0.04999557566369253
1785583358.108073,8.530094653999996,0.04013699985239943
1785583358.1130745,8.535094763000004,0.03026861312224074
1785583358.1180036,8.540092872999992,0.02039258846023809
1785583358.1230006,8.545092611000001,0.010504037269436243
1785583358.128029,8.550093406000002,0.000606366937172682
1785583358.1330132,8.555090811,-0.009289325722849833
1785583358.1380038,8.560092939,-0.019196808121737356
1785583358.1431978,8.565092751999998,-0.029099837370555902
1785583358.1480284,8.570092250000002,-0.03900006497732249
1785583358.1530073,8.575093155999994,-0.04889858688981056
1785583358.1580038,8.580092449999995,-0.05878710703666403
1785583358.1630259,8.585093763000003,-0.06867048285071416
1785583358.1680586,8.590094186999991,-0.07854063779005327
1785583358.1730084,8.595093406999993,-0.08839462889373262
1785583358.1779985,8.600092554,-0.09823236092462696
1785583358.1829996,8.605090922000002,-0.108050118154109
1785583358.1880333,8.610092753999993,-0.11785388560637419
1785583358.1930363,8.615092473999994,-0.1276303916394306
1785583358.1980703,8.620094823999992,-0.1373865693006298
1785583358.2030756,8.625094321999995,-0.147109395136328
1785583358.208041,8.630093376000005,-0.15680124841842372
1785583358.2130122,8.635092447999995,-0.16646069990169635
1785583358.218012,8.640093445999995,-0.1760890893875468
1785583358.2230039,8.64509287,-0.18567735019912246
1785583358.2280278,8.650092200999993,-0.1952260206808651
1785583358.2330074,8.655091107000004,-0.20473215698151476
1785583358.2380676,8.660096549000002,-0.2142066033293612
1785583358.24307,8.665101307,-0.2236333029112896
1785583358.2480297,8.670090286000004,-0.23298175773076424
1785583358.2530153,8.675099580999998,-0.24231723773020233
1785583358.2580307,8.680093227,-0.2515703614702206
1785583358.2630057,8.685099206999993,-0.26079074930830365
1785583358.2679994,8.690092704999998,-0.26993042743090684
1785583358.2730079,8.695093202999999,-0.2790228865092279
1785583358.2780128,8.700091737999998,-0.2880494858590461
1785583358.2830036,8.705090494999993,-0.2970119607018634
1785583358.2880726,8.710097715999993,-0.30592268078423773
1785583358.2931101,8.715094102999998,-0.3147451287052067
1785583358.2980063,8.720090655999996,-0.3234967402943066
1785583358.303009,8.725092709999998,-0.3321845396852311
1785583358.308002,8.730093041999993,-0.3407937112778339
1785583358.3130603,8.735091057999995,-0.3493211518565655
1785583358.3180122,8.740093316,-0.3577758450148928
1785583358.3230042,8.745092517000003,-0.3661432809619087
1785583358.3279989,8.750093144999994,-0.37442887460484764
1785583358.3330016,8.755091014000001,-0.38262361110761717
1785583358.3380814,8.760097751999993,-0.3907442954401752
1785583358.3430765,8.765094916999999,-0.3987589531537128
1785583358.3480215,8.770089951999992,-0.4066777793128508
1785583358.3530073,8.775092135999998,-0.4145132993845133
1785583358.3580282,8.780094059999996,-0.4222516831812233
1785583358.3630087,8.785092853999998,-0.42988658032992955
1785583358.3680053,8.790092407999992,-0.43742201390028057
1785583358.3730073,8.795092627999992,-0.4448558305088361
1785583358.378036,8.800092681999999,-0.452184829667969
1785583358.3830254,8.805091273000002,-0.4594052354283208
1785583358.3880045,8.810092288999996,-0.4665207278652321
1785583358.3930075,8.815092398000004,-0.4735246338300436
1785583358.3980327,8.820092304,-0.48041611617922686
1785583358.4030068,8.825092783000002,-0.48719439523567454
1785583358.4080713,8.830097577999993,-0.4938625616209615
1785583358.4131162,8.835097871999992,-0.5004070846119899
1785583358.418021,8.840092056000003,-0.5068244725774994
1785583358.4230168,8.845093590999994,-0.5131302411778143
1785583358.428014,8.850092755999995,-0.519310242790775
1785583358.433009,8.855090198,-0.5253637445689173
1785583358.438075,8.860095251999994,-0.5313001739438836
1785583358.4431088,8.865095213000004,-0.537102734781066
1785583358.448065,8.870089507000003,-0.542769573704725
1785583358.4530137,8.875093078999996,-0.5483159336289035
1785583358.458004,8.880092022,-0.553724671672032
1785583358.463035,8.885092001999993,-0.5590005455723945
1785583358.4680934,8.890095295999998,-0.5641442958755911
1785583358.4730825,8.895094849999992,-0.5691472322766641
1785583358.4780123,8.900091310999997,-0.5740088604137229
1785583358.483046,8.905091271999993,-0.5787341865686327
1785583358.4880097,8.910093732999997,-0.5833206522292869
1785583358.4930406,8.915097027000002,-0.5877652569689907
1785583358.4980118,8.920093581000003,-0.5920602305502487
1785583358.5030084,8.925092337999999,-0.5962121939768634
1785583358.5080104,8.930092724999994,-0.6
1785583358.5130532,8.935095242000003,-0.6
1785583358.5180552,8.940093183999991,-0.6
1785583358.5230162,8.945092904999996,-0.6
1785583358.5280118,8.950093088000003,-0.6
1785583358.5330138,8.955091216,-0.6
1785583358.538009,8.960093287999996,-0.6
1785583358.5430062,8.965092193999993,-0.6
1785583358.548144,8.970097413999994,-0.6
1785583358.5531087,8.975095431,-0.6
1785583358.5580466,8.980094558000005,-0.6
1785583358.5630326,8.985092555999998,-0.6
1785583358.568028,8.990092646999997,-0.6
1785583358.5730314,8.995092755999991,-0.6
1785583358.5780346,9.000093327999991,-0.6
1785583358.5830288,9.005090363999997,-0.6
1785583358.5880225,9.010092473,-0.6
1785583358.5930536,9.015092303999992,-0.6
1785583358.5980308,9.020093117000002,-0.6
1785583358.6030245,9.02509293,-0.6
1785583358.608027,9.030093225000002,-0.6
1785583358.6130238,9.035093536999995,-0.6
1785583358.6180286,9.040092498999996,-0.6
1785583358.6230264,9.04509333,-0.6
1785583358.62802,9.050092550000002,-0.6
1785583358.6330194,9.055090566999993,-0.6
1785583358.63805,9.06009401,-0.6
1785583358.6430316,9.065093470999997,-0.6
1785583358.648044,9.070093190999998,-0.6
1785583358.6530278,9.075092837,-0.6
1785583358.6580813,9.080092223999998,-0.6
1785583358.6630938,9.085095332999998,-0.6
1785583358.6680627,9.090096054,-0.6
1785583358.6730142,9.095093496000004,-0.6
1785583358.6780043,9.100092957000001,-0.6
1785583358.6830137,9.105092084999995,-0.6
1785583358.6880066,9.110093860999996,-0.6
1785583358.6930103,9.115093415000004,-0.6
1785583358.6980298,9.120093135000005,-0.6
1785583358.7031324,9.125094078000004,-0.6
1785583358.7080922,9.130094112999998,-0.6
1785583358.7130108,9.135092665999991,-0.6
1785583358.7180064,9.140092646,-0.6
1785583358.7230027,9.145092699999992,-0.6
1785583358.7280216,9.150091476,-0.6
1785583358.7330215,9.155091732999992,-0.6
1785583358.7380025,9.160092546000001,-0.6
1785583358.7430027,9.16509284,-0.6
1785583358.7480283,9.170093226999995,-0.6
1785583358.753006,9.175093429,-0.6
1785583358.75804,9.180091148999992,-0.5978693877360358
1785583358.7630684,9.185094165999999,-0.5936770127964732
1785583358.7681308,9.190093496999992,-0.589331445277432
1785583358.7730553,9.195092513999995,-0.5848308698765551
1785583358.7780492,9.200093068000001,-0.5801745344867182
1785583358.7830467,9.205092417999992,-0.5753659898573396
1785583358.7880964,9.210092267999997,-0.570404685938389
1785583358.7930493,9.215092618,-0.5652916762187856
1785583358.798046,9.220093004999995,-0.560028551383553
1785583358.8030512,9.225092762000003,-0.5546172236781657
1785583358.8080409,9.230092482000003,-0.5490583063596993
1785583358.8130505,9.235092757999993,-0.5433523843125843
1785583358.8180466,9.240093145000003,-0.5375012449242882
1785583358.8230417,9.245092642999992,-0.5315074419983418
1785583358.8280396,9.250092197,-0.5253712691900185
1785583358.833048,9.255092583999996,-0.519093166736009
1785583358.8380418,9.260092526999998,-0.5126761938483317
1785583358.8430634,9.265093339000003,-0.5061201607079325
1785583358.8480883,9.270112393000005,-0.4994030633838877
1785583358.8531106,9.275093464999998,-0.49260254150899146
1785583358.858088,9.280092667000005,-0.485644417608552
1785583358.8630712,9.285093739000004,-0.47855219438095825
1785583358.8680623,9.290093311999996,-0.4713323442942547
1785583358.8730798,9.295093586999997,-0.46398346792110917
1785583358.878055,9.300092122999999,-0.45651097752016573
1785583358.8830683,9.305093047,-0.44891050262188087
1785583358.8880537,9.310092377999993,-0.44118992436324306
1785583358.8930728,9.315092449999995,-0.4333475672320162
1785583358.8980498,9.320092373999998,-0.42538673814440386
1785583358.9030402,9.325092464999997,-0.4173089051448002
1785583358.9080431,9.330092481999998,-0.40911646020681763
1785583358.9130437,9.335091554000002,-0.40081290590090596
1785583358.918056,9.340093088999993,-0.39239460681666327
1785583358.9230459,9.345092643000001,-0.3838711370209677
1785583358.928037,9.350091715000005,-0.3752421643861708
1785583358.9330378,9.355091693999995,-0.36650745463473455
1785583358.9380956,9.360092562999995,-0.35766919198067554
1785583358.9430587,9.365092375999993,-0.34873306338679183
1785583358.9480546,9.370091837000004,-0.3397001266259277
1785583358.9530444,9.375091983000004,-0.33057080380739656
1785583358.9580834,9.380091648000004,-0.32134955404191046
1785583358.9630404,9.385091665000004,-0.3120372110296169
1785583358.9680417,9.390092328999998,-0.302635594996726
1785583358.9730392,9.395091993999998,-0.2931502351271595
1785583358.978036,9.400091787999997,-0.28358146733542616
1785583358.9830477,9.405091916000003,-0.27393136945013397
1785583358.9880357,9.410092895999995,-0.26420142301827765
1785583358.993038,9.415092004999991,-0.25439948521068945
1785583358.9980335,9.420092021999992,-0.24452269066164709
1785583359.0030432,9.425092371999995,-0.23457473550640928
1785583359.008037,9.430092316,-0.22455970374980525
1785583359.013038,9.435092037000004,-0.21447987774660215
1785583359.0180361,9.440091758999998,-0.2043374696888979
1785583359.023062,9.445092035999991,-0.1941340281019431
1785583359.0280366,9.450091684,-0.1838746749693954
1785583359.033037,9.455092331000003,-0.1735587901824148
1785583359.0380394,9.460092330999998,-0.16319251095873652
1785583359.043067,9.465091997000002,-0.15277797066463056
1785583359.0480568,9.470092218000005,-0.1423161009821433
1785583359.053036,9.475092051000004,-0.13181167785120865
1785583359.0580366,9.480091958000003,-0.12126655789607328
1785583359.063069,9.485091901999994,-0.11068365819957399
1785583359.0680525,9.490091918999994,-0.10006575830165916
1785583359.0730398,9.495091993000003,-0.0894157636331899
1785583359.078031,9.500092195999997,-0.07873640701698885
1785583359.0830622,9.505092157999997,-0.0680313816640478
1785583359.0880413,9.510091935999995,-0.05730348402036983
1785583359.0930388,9.515091545999994,-0.04655560970399317
1785583359.098036,9.520092007999992,-0.03578850197480568
1785583359.1030827,9.525093007999999,-0.025005781921145286
1785583359.1080365,9.530092174000004,-0.014215530436576505
1785583359.1130373,9.535092117999994,-0.0034150839090726524
1785583359.1180322,9.540092079999994,0.007390938763390801
1785583359.1230452,9.545092505,0.018200512332212725
1785583359.128039,9.550091856999998,0.02900732200618415
1785583359.133039,9.555091633999993,0.03981160584913043
1785583359.1380367,9.560092706999995,0.05061223727830362
1785583359.143035,9.565091835999993,0.06139921008163617
1785583359.1480803,9.570092279999997,0.07217654358691328
1785583359.1530468,9.575091889999996,0.08293658743285874
1785583359.1580298,9.580092481999998,0.09368022942858623
1785583359.1631167,9.585098074000001,0.10441304198241337
1785583359.1681163,9.590093202999995,0.11509888678098323
1785583359.1730897,9.595093109999993,0.12576739114372437
1785583359.1780736,9.600093053999998,0.1364053812974794
1785583359.1830745,9.605093053000004,0.1470098779943892
1785583359.1883073,9.610092644999995,0.1575768917361879
1785583359.1930926,9.615094236999994,0.1681084811495526
1785583359.198073,9.620091848000001,0.1785890729637542
1785583359.2030742,9.625092607,0.18903062908545157
1785583359.208072,9.630092994999998,0.19942277093045846
1785583359.2131104,9.635093123999994,0.20976275483203422
1785583359.2180693,9.640092641999999,0.22004688991515212
1785583359.2230685,9.645092289000004,0.23027373925238526
1785583359.2280676,9.650092974000003,0.24044218404983642
1785583359.2330756,9.655092233000005,0.250544274973143
1785583359.2381158,9.660097601999993,0.26059221063143184
1785583359.2430854,9.665092971999997,0.2705508112205855
1785583359.24811,9.670093768000001,0.28044801450139434
1785583359.2531395,9.675095081999999,0.2902710832579809
1785583359.25809,9.680094062999999,0.30001158037786907
1785583359.2630923,9.685093784000003,0.30967266893488576
1785583359.268103,9.690095747,0.31925433183431234
1785583359.2731278,9.695093634999992,0.3287416882727735
1785583359.2781048,9.700092596999994,0.3381417834413725
1785583359.283076,9.705093023000003,0.3474524941971979
1785583359.2880726,9.710092504000002,0.3566665528200281
1785583359.293071,9.715092132999999,0.36578324996592787
1785583359.2980747,9.720092502,0.37480091431140006
1785583359.3030694,9.725092335,0.38371453706259195
1785583359.308064,9.730091759999993,0.39252169857407415
1785583359.3132117,9.735106888999994,0.40124762933835817
1785583359.3180943,9.740094388999992,0.4098146996465833
1785583359.3230882,9.745093870000005,0.4182888719481222
1785583359.3279595,9.750088238999993,0.4266383739623947
1785583359.332961,9.755088108999999,0.4348783922474583
1785583359.3381145,9.760094182999993,0.44300714763947674
1785583359.3430765,9.765093125999996,0.45100053293444714
1785583359.348087,9.770092180999995,0.4588679350550663
1785583359.353073,9.775092365999996,0.46660848521432763
1785583359.3581173,9.780093179999994,0.4742189472854177
1785583359.3630748,9.785094271999995,0.48169639113856877
1785583359.368087,9.790092678999997,0.4890341585356658
1785583359.3730717,9.795092585999996,0.49623615129516524
1785583359.3780644,9.800092121999995,0.503297373049625
1785583359.383069,9.805092622000004,0.5102174650140803
1785583359.3880663,9.810092101999999,0.5169915020134673
1785583359.3930662,9.815092286999999,0.5236196903503454
1785583359.398065,9.820092137999993,0.5300985302704745
1785583359.4031007,9.825092081999998,0.5364265187665507
1785583359.4080696,9.830092526000001,0.5426021164665923
1785583359.4130712,9.835092433,0.5486220575042365
1785583359.4180706,9.840092321,0.5544850459168059
1785583359.4231055,9.845092097999995,0.5601890765365846
1785583359.428069,9.850092246000003,0.5657328258591796
1785583359.43309,9.855111338,0.5711341233002166
1785583359.438064,9.860092484999996,0.5763309070900604
1785583359.443123,9.865109724999996,0.5813987750163975
1785583359.4480917,9.870092169000003,0.5862643825507173
1785583359.4530928,9.875109928,0.5909945247981337
1785583359.4580667,9.880092242000003,0.5955209203563212
1785583359.4630888,9.885108740999996,0.5999053413253879
1785583359.4681032,9.890092518000003,0.6040877453094279
1785583359.473067,9.895091777000005,0.6081080394293786
1785583359.4780755,9.900092776999998,0.6119528697112799
1785583359.4830742,9.905091869000003,0.6156180897898275
1785583359.488073,9.910093293999992,0.6191054856251449
1785583359.4930973,9.915092367,0.6224105420248595
1785583359.4980726,9.920093589000004,0.6255350466486287
1785583359.5030732,9.925091921999993,0.6284747458091479
1785583359.5080998,9.930091809999993,0.63123123158278
1785583359.513073,9.935092530999995,0.6338029312235676
1785583359.5180707,9.940091937999995,0.636187777744471
1785583359.52307,9.945091882,0.638385761301955
1785583359.5281174,9.950091788999998,0.6403957191154577
1785583359.5331047,9.955092362000002,0.6422170699522806
1785583359.5382845,9.96009214,0.6438485154357962
1785583359.5430827,9.965093045999993,0.6452899453741071
1785583359.5480962,9.970092934999997,0.646540072039938
1785583359.5530772,9.975092840999991,0.6475986039815139
1785583359.558068,9.980092489,0.648464945758427
1785583359.5630689,9.985091858999994,0.649138630239446
1785583359.5680714,9.990092727999993,0.649619388283744
1785583359.5730722,9.995092968999998,0.6499065839935582
1785583359.5780745,10.000092135000003,0.6499999670526092
1785583359.5830705,10.005092152999993,0.6498993204942916
1785583359.5880663,10.010091892999995,0.6496044255625643
1785583359.5930972,10.015092170000003,0.6491150690334501
1785583359.598073,10.020092465000005,0.648431177547943
1785583359.6030686,10.025092039,0.6475528599127721
1785583359.6080723,10.030091982999991,0.6464799703066885
1785583359.6131089,10.035091816000005,0.6452126809924087
1785583359.6180744,10.040092778000002,0.643750761460384
1785583359.623071,10.045092111000002,0.6420952492788298
1785583359.6280658,10.050092109999994,0.640245701915699
1785583359.6330702,10.055091258000004,0.6382030118249877
1785583359.6380672,10.060091275000005,0.6359668551030392
1785583359.6430655,10.065091756000001,0.6335377750944097
1785583359.6480849,10.070091996000002,0.6309166002810951
1785583359.653086,10.075093291999991,0.6281031623452787
1785583359.6581159,10.080091995000004,0.6251002199319453
1785583359.663144,10.085103771999997,0.6218984401229762
1785583359.6680794,10.090094586999996,0.618520752773068
1785583359.6730566,10.095092049000002,0.6149500814298823
1785583359.6780868,10.100091992999992,0.6111897395377663
1785583359.6830447,10.105092048000003,0.6072422781980736
1785583359.688054,10.110092676999997,0.603108266957033
1785583359.6930728,10.115092176000005,0.5987901776557678
1785583359.6981192,10.120092435000004,0.5942874894338216
1785583359.703078,10.125092619,0.5896020660186574
1785583359.7080708,10.130091581999991,0.584736259850419
1785583359.7130718,10.135093377000004,0.57968730485932
1785583359.7180727,10.140092803000002,0.5744617501246064
1785583359.7231088,10.145091820999994,0.5690590763708377
1785583359.728068,10.150092246,0.5634787079643205
1785583359.7330713,10.155092208,0.5577241782529377
1785583359.7380657,10.160092188999997,0.5517965090091934
1785583359.7430692,10.165091707000002,0.5456979041832936
1785583359.7480922,10.170092447000002,0.539427935557788
1785583359.753096,10.175096334999992,0.5329856899747335
1785583359.7580955,10.180097649999993,0.5263802832658344
1785583359.7631698,10.185092796999996,0.5196187296125103
1785583359.7680779,10.190093371000003,0.5126872562906356
1785583359.773066,10.195093185000005,0.5055961522683569
1785583359.77807,10.200092405999996,0.4983472402361549
1785583359.783108,10.205092312999994,0.49094070899504794
1785583359.7880986,10.210092404999997,0.4833793606238461
1785583359.793072,10.215092385999995,0.4756657925196669
1785583359.7980635,10.220092108000003,0.46780245464415265
1785583359.803067,10.225093755000003,0.459788094431261
1785583359.8080707,10.230092903,0.45163213277209996
1785583359.813074,10.235092717,0.44333184273217174
1785583359.8180697,10.240092771999997,0.4348902969969181
1785583359.823071,10.245091641999991,0.42631239703095813
1785583359.8280685,10.250092084999991,0.4175958973209908
1785583359.8330681,10.255092159,0.40874668486430354
1785583359.8380718,10.260092547,0.3997661512486064
1785583359.8430705,10.265092527999997,0.390658239052743
1785583359.8481145,10.270091786999998,0.3814262541388766
1785583359.8530705,10.275091970999995,0.372069881336194
1785583359.8580635,10.280092007999997,0.3625938760256859
1785583359.8630648,10.285091451,0.35300193282945713
1785583359.8681083,10.290093228999993,0.34329123643528836
1785583359.873067,10.295091912999993,0.3334752578371318
1785583359.8780682,10.300092672000005,0.32354682754990266
1785583359.883066,10.305091968,0.3135159357651944
1785583359.8880868,10.310094336999995,0.3033764583685783
1785583359.8930762,10.315092188999998,0.2931468868279042
1785583359.8980653,10.320091872999996,0.28281740658363724
1785583359.9030657,10.325091705999995,0.272394574944798
1785583359.9080656,10.330091631000002,0.2618816776231657
1785583359.9130986,10.335093353000005,0.2512782893387888
1785583359.918074,10.340092111000004,0.24059777547555192
1785583359.9230695,10.34509174,0.22983526914205835
1785583359.928068,10.350091665999997,0.2189952847515322
1785583359.9330978,10.355091406,0.20808220489648319
1785583359.9380672,10.360092108999993,0.1970968736465296
1785583359.943073,10.365091664000005,0.18604732951042285
1785583359.94809,10.370092181999993,0.17493233670640068
1785583359.9531224,10.375092033000001,0.16375896521160443
1785583359.958072,10.380091957999994,0.15252904810523205
1785583359.9630697,10.385091383999992,0.14124738206937934
1785583359.9680848,10.390091752999993,0.12991423336681682
1785583359.9730694,10.395091549,0.11853658226144012
1785583359.978101,10.400092419000003,0.10711424668838639
1785583359.9830704,10.405091436999996,0.09565751113967123
1785583359.9880698,10.410092066000004,0.08416205413692186
1785583359.9930687,10.415091509999996,0.0726379282160567
1785583359.9980662,10.420091397999997,0.0610850324652858
1785583360.003069,10.425091434999999,0.04950770698285192
1785583360.0080638,10.430091656999991,0.03790954483568657
1785583360.0130663,10.435091916999994,0.026294578507092513
1785583360.018101,10.440091881,0.014667290355241391
1785583360.0230653,10.445091380999997,0.0030317899553721946
1785583360.0280652,10.450091807999996,-0.00861143413625483
1785583360.0330644,10.455092011999994,-0.020255968907678383
1785583360.0380948,10.460091679000001,-0.03189733890424644
1785583360.0430992,10.465091790999992,-0.04353407992262619
1785583360.0480857,10.470092124999994,-0.05516191506010426
1785583360.0530653,10.475091254999995,-0.06677377133330646
1785583360.0581012,10.480091903999991,-0.07837220816319876
1785583360.0630696,10.485092034000004,-0.08994872745924767
1785583360.068063,10.490092312000002,-0.1015011087504872
1785583360.073062,10.495092127999996,-0.11302417920674669
1785583360.0780654,10.500091665,-0.12451460345921911
1785583360.083065,10.505091054999994,-0.13596892907613523
1785583360.088068,10.510092481000001,-0.14738837907327032
1785583360.0930626,10.515091704,-0.15875952579903113
1785583360.098062,10.520092390000002,-0.17008697210835175
1785583360.103066,10.525091797999991,-0.18136077055416877
1785583360.108063,10.530091317,-0.19258034468345228
1785583360.1130655,10.535091855000005,-0.20374399660213988
1785583360.1180665,10.540091485000005,-0.21484371760301493
1785583360.1230683,10.545091855999999,-0.2258794793004937
1785583360.1280823,10.550110911999994,-0.23688679746317018
1785583360.1330698,10.555091856999994,-0.24773786788061503
1785583360.1380653,10.560091580000005,-0.2585534090812609
1785583360.1430726,10.565092617000005,-0.26929155731260673
1785583360.1480868,10.570091969999993,-0.27994227632762847
1785583360.1530678,10.575092136999999,-0.29050732204020996
1785583360.1580606,10.580091248999992,-0.3009791869958015
1785583360.163142,10.585096898000003,-0.311370075081207
1785583360.1680992,10.590092787000003,-0.321642731402983
1785583360.1730766,10.595092343000005,-0.33182145254843
1785583360.1780658,10.600091436,-0.3418942684970049
1785583360.1831102,10.605091993000002,-0.3518615918852154
1785583360.188065,10.610092123000001,-0.36171621012134414
1785583360.193067,10.615091863999993,-0.37145484661110667
1785583360.198069,10.620092419999992,-0.38107648384291665
1785583360.2030704,10.625092495000004,-0.3905753013278739
1785583360.2080674,10.630091754999995,-0.3999474320375583
1785583360.2130735,10.635092106999991,-0.4091931951360915
1785583360.2180688,10.640092737000003,-0.4183078228647277
1785583360.2230654,10.645091941999993,-0.4272850854005359
1785583360.2280715,10.650091552999996,-0.43612517978539644
1785583360.233102,10.655091460999998,-0.444824791629359
1785583360.2380893,10.660094405999999,-0.453385492120255
1785583360.243073,10.665092591999993,-0.46179100632767184
1785583360.248132,10.670091869999993,-0.4700483701972785
1785583360.2530713,10.675092890000002,-0.4781556071055775
1785583360.2580726,10.680091963999999,-0.4861038715373928
1785583360.2630768,10.685092964999996,-0.4938964911938556
1785583360.2681282,10.690092538999991,-0.5015254335607224
1785583360.2730758,10.695092150999997,-0.508990267887241
1785583360.2780633,10.700091911000001,-0.5162884656012677
1785583360.2830646,10.705091522999993,-0.5234169618451023
1785583360.288063,10.710091875000003,-0.5303744110107336
1785583360.2930696,10.715092060999993,-0.5371569939578964
1785583360.2981017,10.720091728,-0.5437617931039448
1785583360.3030705,10.725092043999993,-0.550187924380512
1785583360.3080645,10.730092137,-0.5564318798780131
1785583360.3130693,10.735091433999997,-0.5624906927445625
1785583360.3180654,10.740091527000004,-0.568364042821952
1785583360.3230653,10.745091305000003,-0.5740484073009202
1785583360.3280725,10.750093195000005,-0.5795443107770795
1785583360.3331046,10.755091805999996,-0.5848438258196431
1785583360.338065,10.760091806999995,-0.5899500020443368
1785583360.343068,10.765091974,-0.5948595507573229
1785583360.348084,10.770091640999993,-0.5995699530480939
1785583360.353108,10.775091735000004,-0.6
1785583360.358073,10.780091939000002,-0.6
1785583360.363074,10.785091588,-0.6
1785583360.3680708,10.790091847,-0.6
1785583360.3730683,10.795091478000003,-0.6
1785583360.3780713,10.800091756,-0.6
1785583360.3830738,10.805091348999994,-0.6
1785583360.3880672,10.810091349999993,-0.6
1785583360.3930693,10.815091831999993,-0.6
1785583360.3981068,10.820091332000004,-0.6
1785583360.4030702,10.825091647999997,-0.6
1785583360.408068,10.830091777999996,-0.6
1785583360.413069,10.835092316,-0.6
1785583360.418066,10.840091760999996,-0.6
1785583360.4230928,10.845091835000005,-0.6
1785583360.4280674,10.850092020999995,-0.6
1785583360.4330697,10.855092076999995,-0.6
1785583360.4380705,10.860092836999996,-0.6
1785583360.4430695,10.865092430000004,-0.6
1785583360.4480872,10.870092134000004,-0.6
1785583360.4530702,10.875091838999992,-0.6
1785583360.4580662,10.880092062000003,-0.6
1785583360.4631078,10.885091673000005,-0.6
1785583360.4680765,10.890092636999995,-0.6
1785583360.4730697,10.895091971,-0.6
1785583360.4780655,10.900091731000003,-0.6
1785583360.48307,10.905092213000003,-0.6
1785583360.4881003,10.910092695000003,-0.6
1785583360.4930713,10.915091547000003,-0.6
1785583360.4980707,10.920092824999998,-0.6
1785583360.50307,10.925091899999998,-0.6
1785583360.5080984,10.930091993000005,-0.6
1785583360.5130746,10.935092216000001,-0.6
1785583360.5180655,10.940091105999997,-0.6
1785583360.5230675,10.945092142999997,-0.6
1785583360.5280607,10.950091439999994,-0.6
1785583360.5330725,10.955091995999993,-0.6
1785583360.5380661,10.960091774999995,-0.6
1785583360.543072,10.965091868000002,-0.6
1785583360.548084,10.970092238999996,-0.6
1785583360.5531027,10.975092349999997,-0.6
1785583360.5580692,10.980091962000003,-0.6
1785583360.5630677,10.985091889000003,-0.5987330597003419
1785583360.568085,10.990092074000003,-0.5939036324600429
1785583360.5731046,10.995092149000001,-0.5888652378170047
1785583360.5780663,11.000091501,-0.5836200695293643
1785583360.583258,11.005091797999995,-0.5781679636778242
1785583360.5880787,11.010093002999994,-0.5725105221814234
1785583360.5930722,11.015091706999996,-0.5666534488500687
1785583360.5980706,11.020092058999992,-0.5605937589471859
1785583360.603076,11.025092023,-0.554335742919456
1785583360.6080635,11.030091893999995,-0.5478810328720081
1785583360.6130662,11.035091468000005,-0.5412319606783577
1785583360.6180682,11.040091691,-0.5343893661383625
1785583360.6230693,11.045091747,-0.5273565286517544
1785583360.628066,11.050092581000001,-0.52013434686173
1785583360.6330695,11.055091804,-0.5127286505072522
1785583360.6380675,11.060092064000003,-0.505137952044977
1785583360.6430662,11.065091491000004,-0.49736755107953756
1785583360.6480887,11.070092583999994,-0.4894160605416341
1785583360.6530676,11.075092046999998,-0.4812913283884288
1785583360.6580951,11.080091547999999,-0.47299340426704456
1785583360.6631043,11.085098251999995,-0.46451276967718663
1785583360.6680682,11.090093678999992,-0.4558837429917905
1785583360.673068,11.095093234999993,-0.44708294441929014
1785583360.6780972,11.100092902,-0.43812017426123817
1785583360.6830797,11.105093643000004,-0.42899665068441484
1785583360.6880686,11.110092198999993,-0.41972143487881725
1785583360.693069,11.115093126000005,-0.4102891896899553
1785583360.6980639,11.120093163999996,-0.40070918165490577
1785583360.7030656,11.125093441999994,-0.3909825221355989
1785583360.7080638,11.130092497999996,-0.3811154003762356
1785583360.7130718,11.135093257999998,-0.3711053814481565
1785583360.7180703,11.140093276999991,-0.3609607363177114
1785583360.72307,11.145092388999998,-0.3506853401989421
1785583360.728064,11.150092888999993,-0.34027798299930884
1785583360.733066,11.155092315999994,-0.32974735295794777
1785583360.7380672,11.160092649999996,-0.3190929168523401
1785583360.7431378,11.165112428,-0.3082781403269305
1785583360.7480881,11.170093003000005,-0.2974337919538744
1785583360.7531154,11.175117428999997,-0.28638268190680755
1785583360.758069,11.180093077999999,-0.27533250942118154
1785583360.7630684,11.185093559999999,-0.26412442850373663
1785583360.768075,11.190093060999999,-0.2528194723823519
1785583360.773082,11.195092579999994,-0.24141936913797474
1785583360.7780752,11.200093099,-0.229925851913777
1785583360.7830684,11.205092284999992,-0.21834833264609557
1785583360.7880688,11.210092211000003,-0.20668610603756465
1785583360.7930691,11.215092396999992,-0.19494438501116593
1785583360.798066,11.220092008999998,-0.1831292894513679
1785583360.8030677,11.225091750000004,-0.17124335672073615
1785583360.8081093,11.230092306000003,-0.15928915931780668
1785583360.8130686,11.235091936000003,-0.14727511587249512
1785583360.8180676,11.240092621999992,-0.13520074738404608
1785583360.8230698,11.245092122999992,-0.12307578082976786
1785583360.828068,11.250092604999992,-0.11089930866391991
1785583360.8330681,11.255091863999994,-0.09868106794242981
1785583360.838068,11.260092606,-0.08641883450303989
1785583360.8430698,11.265091605999999,-0.07412493306337475
1785583360.848114,11.270092050999992,-0.061795965551483874
1785583360.8530698,11.275092626000003,-0.04943961624443907
1785583360.858062,11.280092349,-0.03706279173415641
1785583360.8630705,11.285092590000005,-0.024666593877432946
1785583360.8681135,11.290092608999998,-0.01225736135823378
1785583360.8730764,11.295092647000004,0.00016098403748108665
1785583360.8780656,11.300091758999997,0.012581563616389738
1785583360.8830647,11.305092092999999,0.025005174052771393
1785583360.888097,11.310092686000004,0.03742487268928533
1785583360.893072,11.315092964000002,0.0498346771871381
1785583360.8980632,11.320092075999995,0.06222791980511715
1785583360.9030714,11.325091983999997,0.0746049025382419
1785583360.9080646,11.330092706999991,0.08696109679107848
1785583360.9131184,11.335095948000003,0.09929611575664322
1785583360.9180799,11.340094077999993,0.11158660830628332
1785583360.9230719,11.345091448999995,0.123838776238602
1785583360.9280655,11.350092208999996,0.13605820597762475
1785583360.9333432,11.355093858000004,0.14823418448277134
1785583360.9381804,11.360094469000003,0.16035747967580555
1785583360.9430766,11.365092543999992,0.17241998552389434
1785583360.9480956,11.370092432999996,0.184427695327809
1785583360.953076,11.375092749000004,0.196372733656048
1785583360.9580698,11.380092305000005,0.20824778240973404
1785583360.9630704,11.385092102000002,0.22005075802584603
1785583360.9680746,11.390092472999996,0.23177797497175134
1785583360.973102,11.395092083999998,0.2434218763240454
1785583360.978077,11.400092936999997,0.2549827008292316
1785583360.9830697,11.405091752000004,0.2664485008824517
1785583360.9880674,11.410091937999994,0.277822752821668
1785583360.9930704,11.415092141999992,0.2890980053542307
1785583360.9981036,11.420092291000003,0.3002697895990294
1785583361.003104,11.425095069999998,0.31133974604971326
1785583361.0080185,11.430089479000003,0.3222794844834657
1785583361.0130115,11.435090203000001,0.3331170341219962
1785583361.018087,11.440093703999992,0.3438402346075625
1785583361.0230758,11.445092853999995,0.3544297305435951
1785583361.0280666,11.450091986000004,0.3648907688182089
1785583361.0330658,11.455091449999998,0.37522001657784065
1785583361.038078,11.460092340999992,0.38541565310407594
1785583361.0430698,11.465092028,0.39546833683763916
1785583361.048088,11.470092178000002,0.4053775276862628
1785583361.0530713,11.475091734999992,0.41513726346927404
1785583361.0580978,11.480091161999994,0.4247446543355501
1785583361.0630991,11.485092072,0.4341989609057376
1785583361.0680685,11.490091980999992,0.44349173965907407
1785583361.073066,11.495091501000005,0.45262052391846685
1785583361.07807,11.500091335999997,0.4615829871036954
1785583361.0830724,11.505091855999993,0.4703761822273323
1785583361.0880673,11.510091562,0.47899397837887436
1785583361.0930657,11.515092062999997,0.48743570712200945
1785583361.0980656,11.520091527999995,0.49569490940548927
1785583361.103074,11.525092900000004,0.503773079497676
1785583361.108072,11.530092475999993,0.511660975017438
1785583361.1130705,11.535091459,0.5193574394995393
1785583361.1180642,11.540092313000002,0.5268630698475747
1785583361.1230726,11.545092350999994,0.5341707163437514
1785583361.1280735,11.550092038000003,0.541278141617759
1785583361.133071,11.555091372999996,0.54818247182978
1785583361.138067,11.560091763999992,0.5548827651873395
1785583361.1431017,11.565091987999992,0.5613745575427513
1785583361.148086,11.570091675,0.5676547167844186
1785583361.153068,11.575091880000002,0.5737219490080132
1785583361.158067,11.5800919,0.5795728364597118
1785583361.1631038,11.585098512999991,0.5852124236043422
1785583361.1680977,11.590093330000002,0.5906179535686368
1785583361.173074,11.595092424,0.5958050153757056
1785583361.1780667,11.600092703000001,0.600767811496176
1785583361.1830652,11.605092427000002,0.6055024305933808
1785583361.1880982,11.610092909999992,0.610008044223267
1785583361.1930745,11.615092504999993,0.6142812033965677
1785583361.1980655,11.62009234,0.6183210288516972
1785583361.203072,11.625093026999991,0.6221261360383419
1785583361.2080646,11.630092564999998,0.6256933085974062
1785583361.2130685,11.635092474999993,0.6290220604902125
1785583361.2180684,11.640092643000003,0.6321107331033704
1785583361.2230701,11.645091847999993,0.6349571757045769
1785583361.2281017,11.650092775999994,0.6375615052105545
1785583361.233075,11.655093166,0.639921191842224
1785583361.2380657,11.660092297999995,0.6420348542353925
1785583361.2430668,11.665092985000001,0.6439025791067058
1785583361.2480893,11.670092152999999,0.6455222287857757
1785583361.2531054,11.675092581000001,0.646893829773948
1785583361.258069,11.680092618999993,0.6480160662818342
1785583361.2630727,11.685092639999993,0.6488883493387982
1785583361.2680624,11.690091918999997,0.6495100021939251
1785583361.2730706,11.695092309999993,0.6498807164604723
1785583361.278076,11.700093347999996,0.649999910579674
1785583361.2830908,11.705094184000004,0.6498672132392002
1785583361.2880847,11.710092852000002,0.6494826358159134
1785583361.2930799,11.715092854000005,0.6488458498469869
1785583361.2980707,11.720092780999991,0.6479569155201507
1785583361.3030689,11.725092246000003,0.6468160165265294
1785583361.308067,11.730092544000001,0.6454230021102237
1785583361.3131032,11.735092082999998,0.643778581688526
1785583361.3181205,11.740092861999997,0.6418824319390014
1785583361.323072,11.745092474999993,0.6397359289219774
1785583361.328088,11.750110790999997,0.6373297933590304
1785583361.333068,11.755091551999996,0.6346930792785447
1785583361.3380687,11.760092349999994,0.631797375491757
1785583361.3430698,11.765092334000002,0.628654187247129
1785583361.348084,11.770092168999994,0.6252641324795066
1785583361.3530698,11.775092078,0.6216281285943644
1785583361.3580658,11.780093209,0.6177464072886156
1785583361.3630683,11.785092526,0.61362262846549
1785583361.368066,11.790092526999999,0.6092561722871667
1785583361.373067,11.795092343999997,0.604649216304147
1785583361.3780708,11.800092548999999,0.5998027723037561
1785583361.383072,11.805092329000004,0.5947192814615707
1785583361.3880613,11.810092218999998,0.5893999694723095
1785583361.3930678,11.815091887999998,0.5838470396188067
1785583361.398096,11.820091574999992,0.5780621796789701
1785583361.4030745,11.825092205999994,0.5720462861646868
1785583361.4080698,11.830092671000003,0.565802770525307
1785583361.4130654,11.835091856999995,0.5593353440347641
1785583361.418065,11.840091767000004,0.5526437692975494
1785583361.4230678,11.845091861,0.5457311174671816
1785583361.4280694,11.850091880999997,0.5386002392899489
1785583361.4330645,11.855092568000003,0.5312526323160508
1785583361.4380646,11.860092440000003,0.5236931667389195
1785583361.443094,11.86509246,0.5159232017306785
1785583361.4480906,11.870092276999998,0.507946147100182
1785583361.4530659,11.875092056,0.49976470308858884
1785583361.458064,11.880092075999997,0.4913814361583689
1785583361.4630663,11.885091485999993,0.4828009160662638
1785583361.468081,11.890091838999993,0.4740236637460995
1785583361.4730666,11.895091969999996,0.4650549718847688
1785583361.4780679,11.900091860999993,0.45589827161354624
1785583361.4830968,11.905091400000003,0.446557254516879
1785583361.4880693,11.910092141999996,0.43703250251941445
1785583361.4930704,11.915092161999993,0.42733126906521246
1785583361.4980617,11.920092367999999,0.41745551198000813
1785583361.5030658,11.925091944000002,0.4074106325701663
1785583361.5080993,11.930092259999995,0.3971977148938572
1785583361.5130692,11.935092761999996,0.3868217607224582
1785583361.5180693,11.940092226999994,0.3762893369311879
1785583361.523071,11.945092450000004,0.3656007342593189
1785583361.5280693,11.950092007999999,0.35476311788569376
1785583361.5330703,11.955092898000004,0.3437763261278264
1785583361.5380669,11.960092844000002,0.3326496052931758
1785583361.5430658,11.965091401999999,0.3213883681355381
1785583361.5480862,11.970091940000003,0.30998939289220945
1785583361.5530689,11.975092016000005,0.29846263786898614
1785583361.558063,11.980091629,0.28681265287344293
1785583361.563069,11.985091983000004,0.27504119275383143
1785583361.5680978,11.990092003,0.2631554007256696
1785583361.5730937,11.995091541999997,0.25116033546289984
1785583361.5780694,12.000091173000001,0.23905936886367352
1785583361.5830653,12.005091878000002,0.2268548739353372
1785583361.5880656,12.010092380000003,0.21455477761892983
1785583361.5930715,12.015092121999999,0.20216536086565598
1785583361.5980618,12.020091382999993,0.1896908934642083
1785583361.603067,12.025093052000003,0.1771290914238111
1785583361.6080658,12.030091756999994,0.16449847314650778
1785583361.613068,12.035091463,0.1517941178648071
1785583361.618066,12.040091611999998,0.13902250417824602
1785583361.6230645,12.045091447000004,0.12619069069396166
1785583361.6280618,12.050091357,0.11330284496223
1785583361.6330867,12.055092376999994,0.10036147475743214
1785583361.6380703,12.060091786000001,0.08737885213595177
1785583361.6430671,12.065092027999995,0.07435389254844998
1785583361.648086,12.070091492999993,0.06129606496594944
1785583361.6531,12.075091771999993,0.04820651408650586
1785583361.658067,12.080092014999991,0.035092780418317766
1785583361.6631079,12.085099646000003,0.021940696398825003
1785583361.668075,12.090094018000002,0.008809876843661048
1785583361.673076,12.095093278999997,-0.0043419881430949775
1785583361.6780682,12.100092188000005,-0.017495740856846506
1785583361.6830676,12.105093135000004,-0.030652274528718923
1785583361.6880655,12.110092655000003,-0.043797068636660386
1785583361.6930673,12.115092841999996,-0.05693021936003126
1785583361.6980877,12.120092583999991,-0.07004339077455833
1785583361.7030761,12.125093437999993,-0.08313524471142208
1785583361.708062,12.130092290999997,-0.09619222367158728
1785583361.7130682,12.135092440999998,-0.10921753555074583
1785583361.7180662,12.140093683999993,-0.1222052135215416
1785583361.7230628,12.145092110999997,-0.13513972843709135
1785583361.7280664,12.150092353999995,-0.14802768967607705
1785583361.7330709,12.155091632999998,-0.16085654123176613
1785583361.7380664,12.160093189999998,-0.1736292125059511
1785583361.7430685,12.165092154999996,-0.18632792473215268
1785583361.7480805,12.170091786,-0.19895566397522632
1785583361.7530906,12.175096991999993,-0.21151937431359497
1785583361.758088,12.180093881999994,-0.22397896727750227
1785583361.7631192,12.185093272999993,-0.23635630157871346
1785583361.768493,12.190131570999995,-0.24873510276439714
1785583361.773391,12.195123886999994,-0.26090178199589276
1785583361.7781878,12.200107129999992,-0.27294278083522794
1785583361.783281,12.205116982999996,-0.28493863505217637
1785583361.7880065,12.210093114999992,-0.2967400602575509
1785583361.7931023,12.215086208999992,-0.3084628001036598
1785583361.7983952,12.220162896000005,-0.32025452867369336
1785583361.8032665,12.225092711999991,-0.3315773963742164
1785583361.8078117,12.230075696,-0.3428896248522614
1785583361.8128304,12.235123493999993,-0.35420797744993887
1785583361.81828,12.240114292000001,-0.36525414236263126
1785583361.8232164,12.245125664,-0.3761965862335018
1785583361.8282182,12.250098702000003,-0.38690278859416266
1785583361.833237,12.255177296,-0.39767462481908616
1785583361.838107,12.260094483999993,-0.4079439845274805
1785583361.8430846,12.265092503999995,-0.4182162000451187
1785583361.8481088,12.270093060999997,-0.4283217279398324
1785583361.8530831,12.275092544000003,-0.43824877273855717
1785583361.8580806,12.280092934999999,-0.4479969213462784
1785583361.8631148,12.285091917999992,-0.4575573990907386
1785583361.8681288,12.290092974999993,-0.4669326096899572
1785583361.8730867,12.295094883999994,-0.4761159479710274
1785583361.8780823,12.300093719000003,-0.4850962646552452
1785583361.883114,12.305091851,-0.49387405203470713
1785583361.8880763,12.310092389999994,-0.5024507542759501
1785583361.8930793,12.315092206000003,-0.5108170643652169
1785583361.8980691,12.320091949000002,-0.5189703670328147
1785583361.9030702,12.325091838999995,-0.5269073473024528
1785583361.9080775,12.330092766999996,-0.5346257577366769
1785583361.9130726,12.335091398000003,-0.5421170390929915
1785583361.9180737,12.340091825999991,-0.5493839531307987
1785583361.9230714,12.345092160999997,-0.5564203201370959
1785583361.9280677,12.350091792,-0.563222111278123
1785583361.9330668,12.355091959999996,-0.5697878961746545
1785583361.9380713,12.360092332999997,-0.5761141509281796
1785583361.943067,12.365091464000002,-0.5821961823882423
1785583361.9481244,12.370091779999996,-0.5880341082055008
1785583361.9530995,12.375092003999995,-0.5936236174935497
1785583361.958073,12.380091653999997,-0.5989615833913741
1785583361.9630697,12.385091877999997,-0.6
1785583361.96811,12.390091768999994,-0.6
1785583361.973082,12.395093251999995,-0.6
1785583361.97827,12.400091754000002,-0.6
1785583361.983085,12.405092607,-0.6
1785583361.9880745,12.410091515999994,-0.6
1785583361.9930787,12.415091629000003,-0.6
1785583361.9980721,12.420092779,-0.6
1785583362.0030746,12.425092429000003,-0.6
1785583362.0080712,12.430091839,-0.6
1785583362.0131044,12.435092119999993,-0.6
1785583362.0181081,12.440092140999994,-0.6
1785583362.0230699,12.445091013999999,-0.6
1785583362.0280743,12.450091887,-0.6
1785583362.0330734,12.455091779,-0.6
1785583362.0380733,12.460091540999997,-0.6
1785583362.0430748,12.465091635999997,-0.6
1785583362.0480905,12.470091639000003,-0.6
1785583362.053073,12.475091605000003,-0.6
1785583362.0580735,12.480091995999999,-0.6
1785583362.0630705,12.485091740000001,-0.6
1785583362.0680904,12.49009178,-0.6
1785583362.0730734,12.495091337999995,-0.6
1785583362.0781076,12.500092358999993,-0.6
1785583362.0831017,12.505091176999997,-0.6
1785583362.0880723,12.510091993999993,-0.6
1785583362.0930662,12.515092033999991,-0.6
1785583362.098068,12.520091518000001,-0.6
1785583362.1030734,12.525091520999993,-0.6
1785583362.1080658,12.530091986999992,-0.6
1785583362.113068,12.535091266999999,-0.6
1785583362.1180685,12.540091899999993,-0.6
1785583362.1231027,12.545091662000004,-0.6
1785583362.1280696,12.550092109000005,-0.6
1785583362.133072,12.555091352000005,-0.6
1785583362.138068,12.560091688,-0.6
1785583362.1430635,12.565091506000002,-0.6
1785583362.1480947,12.570092046,-0.6
1785583362.1530693,12.575091862999997,-0.5957261952666928
1785583362.1580663,12.580092218000004,-0.5901554713355054
1785583362.163173,12.585104349999995,-0.5843103209240954
1785583362.1680727,12.590094261000004,-0.5782334981292813
1785583362.173015,12.595091596999993,-0.5718924513039187
1785583362.178037,12.600090248,-0.5652967871505286
1785583362.1830745,12.605092120999998,-0.558446288932874
1785583362.1881166,12.610091901000004,-0.551350909662454
1785583362.193072,12.615091996999993,-0.5440102350929896
1785583362.198068,12.620091481000003,-0.5364286337621844
1785583362.2030709,12.625092021,-0.5286066411508905
1785583362.2081153,12.630092097000002,-0.5205498003150258
1785583362.213074,12.635092581999999,-0.5122600263431454
1785583362.2180698,12.640091843999997,-0.5037435063598724
1785583362.223073,12.645091827999991,-0.4950004936258634
1785583362.228068,12.650091942000003,-0.48603560411035873
1785583362.2330697,12.655091778,-0.4768533218316292
1785583362.2380679,12.660092317999997,-0.46745566197714844
1785583362.243066,12.665091727999993,-0.4578500453774448
1785583362.2480886,12.670092174999994,-0.4480363620645359
1785583362.2530735,12.675092585000002,-0.4380208045320719
1785583362.258065,12.680091699000002,-0.4278102168268772
1785583362.2630622,12.685091442000001,-0.4174050434839025
1785583362.2680728,12.690091353,-0.406810628192177
1785583362.2731462,12.695091578000003,-0.39603115725332955
1785583362.2780674,12.700091579999992,-0.38507239603972865
1785583362.2830653,12.705091119999992,-0.37393960518060454
1785583362.288069,12.710092529999997,-0.3626323066912008
1785583362.2931097,12.715090791999998,-0.35116677935723367
1785583362.29807,12.720091702000005,-0.3395347061707795
1785583362.3030705,12.725091613000004,-0.32774952374115895
1785583362.3080652,12.730092004,-0.3158128822323725
1785583362.3130848,12.735092950999999,-0.3037297426565343
1785583362.3180773,12.740093638999994,-0.29150732437537874
1785583362.3230069,12.745088937999995,-0.2791637269389212
1785583362.3282099,12.750090737999997,-0.2666749260635926
1785583362.3330793,12.755090666000001,-0.2540671172217923
1785583362.338106,12.760091965,-0.24133767819380617
1785583362.3430724,12.765091505000001,-0.22850018543523967
1785583362.3481073,12.770111322999995,-0.21550312494575619
1785583362.3530645,12.775092010999998,-0.20250660915186625
1785583362.3580985,12.780111050000002,-0.18931428234954303
1785583362.363068,12.785092053,-0.17613270734568617
1785583362.368085,12.790092278000003,-0.162816724703579
1785583362.3730974,12.795094781000003,-0.14941683564357275
1785583362.378256,12.800091987000002,-0.1359593618578077
1785583362.3830721,12.805092119999998,-0.12242821220250345
1785583362.3880706,12.810092178000005,-0.10883749972024914
1785583362.3930686,12.815091662,-0.0951946747911222
1785583362.3980925,12.820092183,-0.08150145235162246
1785583362.4030693,12.825092334000004,-0.06776782606530816
1785583362.4080632,12.830092652000005,-0.053998503265592905
1785583362.4130647,12.835091543999994,-0.04020408669606135
1785583362.4181023,12.840092157,-0.026382118479071213
1785583362.4230697,12.845091771,-0.012546360350232095
1785583362.4280646,12.850091941000002,0.001301221441157269
1785583362.4330697,12.855092257999999,0.015153213480260636
1785583362.4380648,12.860091483000005,0.02899988932174345
1785583362.4430692,12.865092856000004,0.04284391600015072
1785583362.4480824,12.870091692999992,0.05666602025289092
1785583362.4530632,12.875092176999999,0.07047145787955761
1785583362.4580634,12.880091493999998,0.08424614370837162
1785583362.4630923,12.885091422999992,0.09798867210641106
1785583362.4680676,12.890093518,0.11169697405256594
1785583362.473069,12.895092577,0.12535050426671868
1785583362.4780655,12.900091282999995,0.1389503521708707
1785583362.4830732,12.905091786,0.15249606997099677
1785583362.4880626,12.910091473999998,0.16597430715073574
1785583362.4930673,12.915092180000002,0.17938376099193223
1785583362.4980602,12.920090923999993,0.19271024696666378
1785583362.503122,12.925091222999995,0.20595696042110526
1785583362.5080743,12.930092669999993,0.21911658972289422
1785583362.51307,12.935092025000003,0.2321745042490706
1785583362.518066,12.940091878999993,0.24513142104141564
1785583362.5230665,12.945091734000002,0.25797997521010013
1785583362.5281034,12.950091865999994,0.2707148471417488
1785583362.5330682,12.955092090999997,0.28332957805272624
1785583362.5380688,12.960092187,0.29581767753160154
1785583362.5430703,12.965092282,0.30817358723221716
1785583362.5480924,12.970091951,0.32039044328417793
1785583362.553074,12.975092286999995,0.33246512916391385
1785583362.5580645,12.980092142000004,0.3443891449588488
1785583362.5630643,12.985092144999996,0.3561583457054109
1785583362.56807,12.990091961999994,0.36776635004951314
1785583362.5730686,12.995092112999998,0.37920882599252925
1785583362.5780654,13.000091634,0.3904781192437969
1785583362.583065,13.005091636999992,0.4015713512251448
1785583362.5880916,13.010091954999993,0.4124827889843806
1785583362.593099,13.015092179999996,0.423206285841328
1785583362.5980692,13.020092070999993,0.43373618415313153
1785583362.6030674,13.025091869999997,0.44406793522250626
1785583362.608061,13.030090595000004,0.45419458210220276
1785583362.6130753,13.035091709,0.46411814627918885
1785583362.6180665,13.040091675,0.47382670745617916
1785583362.6230698,13.045092232999991,0.48331894571744716
1785583362.6280668,13.050090940000004,0.4925856686992006
1785583362.6330676,13.055091757,0.5016296589422448
1785583362.6380677,13.060091870999997,0.5104412889955484
1785583362.6430697,13.065091891999998,0.519017345497436
1785583362.6480873,13.070091246999993,0.5273526601702457
1785583362.6530726,13.075091935000003,0.5354463827167554
1785583362.658074,13.080092196999999,0.5432915720999394
1785583362.6631043,13.085097903000005,0.550893139030102
1785583362.668084,13.090093590999999,0.5582241455450744
1785583362.6731107,13.095092297999997,0.5653005709626198
1785583362.6781101,13.100096097000005,0.5721211403553909
1785583362.6830733,13.105093617999998,0.5786669923822323
1785583362.6880713,13.110092065000003,0.5849446547338345
1785583362.6930702,13.115091567999997,0.590950915769402
1785583362.698068,13.120091700999993,0.5966820329016149
1785583362.7030742,13.125092573999993,0.6021350497503236
1785583362.7080624,13.130092242999993,0.6073050439499084
1785583362.7130687,13.135093005000002,0.6121916864965673
1785583362.7180972,13.140091712,0.6167894014189685
1785583362.7230759,13.145092640000001,0.6210996556823286
1785583362.728073,13.150092736000005,0.6251173788002711
1785583362.7330723,13.155091868,0.6288404385767389
1785583362.7380695,13.160092648999992,0.632268672209212
1785583362.7430692,13.165092095999995,0.6353980959532937
1785583362.7480884,13.170091524,0.6382278815061249
1785583362.7530992,13.175097285999996,0.6407594202863577
1785583362.7581239,13.180093103999994,0.6429833145654732
1785583362.7630835,13.185093328999997,0.6449051048468187
1785583362.7680736,13.190092054000004,0.6465210477835852
1785583362.7730706,13.195091742000002,0.6478309237710129
1785583362.7780728,13.200091985,0.6488335653182391
1785583362.7831144,13.205092024999999,0.6495280118610359
1785583362.7880712,13.210092434999993,0.6499136970732395
1785583362.7930744,13.215091622999992,0.6499900931857938
1785583362.7980676,13.220092347999994,0.64975687599609
1785583362.803075,13.225093407000003,0.6492137380720541
1785583362.8080745,13.23009202,0.6483611358026476
1785583362.8130703,13.235092855999994,0.6471983999242605
1785583362.8180666,13.240092192999995,0.6457265833667399
1785583362.8230767,13.245093120999996,0.6439451715382674
1785583362.8280647,13.250091865000002,0.6418561163099477
1785583362.833068,13.255091960000001,0.6394587186314067
1785583362.8380685,13.260092426,0.6367541396357634
1785583362.843095,13.265091614,0.6337443535069254
1785583362.8481202,13.270092097999992,0.6304289566611347
1785583362.8530736,13.275093064000004,0.6268096228410166
1785583362.8580656,13.280092714999995,0.622889172857017
1785583362.863067,13.285092087999999,0.6186685296941844
1785583362.8680744,13.290092756999996,0.614148012487795
1785583362.8730724,13.295092612000005,0.6093313718576197
1785583362.8780644,13.300092726000003,0.6042196563442015
1785583362.8830917,13.305110264999996,0.5987959433883859
1785583362.8880723,13.310092545999993,0.5931210613455075
1785583362.893091,13.315111955999996,0.5871148780711759
1785583362.8980637,13.320092810999995,0.5808706772322865
1785583362.9030883,13.325109665,0.574297978764801
1785583362.9080703,13.330092909000001,0.5674906578638336
1785583362.913075,13.335092597,0.5603848074363411
1785583362.9180703,13.340092636999998,0.5530050761776191
1785583362.92307,13.345092601999994,0.5453553825573367
1785583362.9281015,13.350092124,0.5374397784766227
1785583362.9330714,13.3550927,0.5292594279992919
1785583362.9380684,13.360092980999994,0.5208201949497943
1785583362.9430716,13.365092558,0.5121266955151029
1785583362.9480903,13.370092486000004,0.503181100964547
1785583362.9531136,13.375095025999997,0.49398325405032817
1785583362.9580786,13.380093918,0.4845489767126572
1785583362.9630709,13.385092087000004,0.4748774250622189
1785583362.96809,13.390092775,0.4649666806449212
1785583362.9731016,13.395092332999994,0.4548284826232233
1785583362.9780755,13.400091946999993,0.4444652245536564
1785583362.9830704,13.405092097999997,0.4338807121395448
1785583362.9880726,13.410091675000004,0.4230822572698546
1785583362.9930718,13.415091270000005,0.4120736878387621
1785583362.9980652,13.420091329000002,0.4008591738083331
1785583363.0030704,13.425091608999992,0.3894445100699213
1785583363.0080664,13.430091649999994,0.3778361460821961
1785583363.0131109,13.435091931999992,0.3660384699670906
1785583363.0180805,13.440092675999992,0.3540565257313611
1785583363.023073,13.445091716999997,0.34190127017776023
1785583363.0280893,13.450093924,0.3295665892074643
1785583363.0330784,13.455092280000002,0.31707571170135457
1785583363.038112,13.460092136,0.3044213648915265
1785583363.0430686,13.465092028,0.29161325123629167
1785583363.0480905,13.470091939,0.2786575686498786
1785583363.0530748,13.475092498999999,0.2655588961475437
1785583363.0580711,13.480092095000003,0.25232779143871975
1785583363.0630724,13.485092801999997,0.2389651550191701
1785583363.0680616,13.490091972999991,0.22548454516281513
1785583363.0730662,13.495091939999995,0.21188624068139217
1785583363.0780697,13.500092147000004,0.1981783262924806
1785583363.0830662,13.505092058000002,0.1843689461176199
1785583363.088067,13.510091840000001,0.1704643855798423
1785583363.0930696,13.515091565999995,0.15647123825578413
1785583363.0980957,13.520092014,0.14239415676993808
1785583363.1031163,13.525092388000004,0.12824226605408484
1785583363.1080742,13.530092187999998,0.1140239427807199
1785583363.1130733,13.535091562000005,0.09974577657004982
1785583363.1180675,13.540092306999995,0.08540965221465957
1785583363.1230721,13.545091494999994,0.07103103647619732
1785583363.1280663,13.550092183999993,0.05660824183772701
1785583363.1330664,13.555092336000001,0.04215427255927568
1785583363.1380699,13.560092544,0.027674584900482992
1785583363.14307,13.565091972999994,0.013178790007626366
1785583363.1480877,13.570091828999992,-0.00132939859082985
1785583363.153069,13.575092721999994,-0.015844527591869256
1785583363.1580648,13.580092743999998,-0.03035381839766506
1785583363.1631026,13.585098285,-0.044868544437031595
1785583363.1680737,13.590093269999997,-0.059334859381262504
1785583363.1730752,13.595093347999992,-0.07379085945658888
1785583363.1780705,13.600092851,-0.08821287007916553
1785583363.1830745,13.605092485,-0.1025956812305854
1785583363.188071,13.610093395999996,-0.11693532718886071
1785583363.1930673,13.61509264,-0.13121614089757458
1785583363.198066,13.620092976999999,-0.145438799218795
1785583363.2030983,13.625092832999997,-0.15959161744175612
1785583363.208064,13.630091984999993,-0.17366681719890248
1785583363.2130668,13.635092432999997,-0.18766286904683846
1785583363.2180636,13.640092604000003,-0.20156822782587
1785583363.2230995,13.645092329999997,-0.21537536369533766
1785583363.2280927,13.650092573999999,-0.2290798888953863
1785583363.2330804,13.655093317999999,-0.24267471701628188
1785583363.2380724,13.660092821999996,-0.256148184519257
1785583363.2431073,13.665092363,-0.2694968673382195
1785583363.248089,13.670092478,-0.282715319601273
1785583363.253067,13.675091315000003,-0.295791874767205
1785583363.2580657,13.680092485000003,-0.30872919154374995
1785583363.2630658,13.685092358999995,-0.321511157674397
1785583363.2680788,13.690092899999996,-0.33413620616379014
1785583363.2730727,13.695092867,-0.34659465668389594
1785583363.278062,13.700091685000004,-0.3588786957605797
1785583363.283062,13.705091893000002,-0.3709881593777292
1785583363.2880676,13.710092173999996,-0.3829134682640387
1785583363.2931015,13.715091622999992,-0.39464627944935016
1785583363.2980642,13.720091940999993,-0.4061844422239414
1785583363.3030672,13.725092093,-0.4175194766703474
1785583363.3080957,13.730091799999997,-0.42864483188445607
1785583363.313072,13.735092266999999,-0.4395573098430755
1785583363.3180687,13.740092012000005,-0.45024791551978244
1785583363.3230655,13.745092145000001,-0.460713389020606
1785583363.3281038,13.750092186000003,-0.4709471568764268
1785583363.3330872,13.755092152999993,-0.4809438284391235
1785583363.3381028,13.760094859999995,-0.49070350873741425
1785583363.3430927,13.765094734000002,-0.5002101195223647
1785583363.3481317,13.770093997000004,-0.5094630498636227
1785583363.353104,13.775094722999995,-0.5184611026083319
1785583363.3581667,13.780100430000005,-0.5272052529925146
1785583363.3630986,13.785094786000002,-0.5356627589438202
1785583363.3681664,13.790103678999998,-0.5438726022174278
1785583363.3733532,13.795097904999992,-0.5517824739667142
1785583363.378135,13.800097519000005,-0.559420586404157
1785583363.3830135,13.805091207999993,-0.5667655283131178
1785583363.3880036,13.810090693999996,-0.5738305122643945
1785583363.3930993,13.815095659999997,-0.5806102061672609
1785583363.3980334,13.820093626999991,-0.5870840815156394
1785583363.403032,13.825094316000005,-0.5932614986640866
1785583363.4080296,13.830094505000005,-0.5991348157157911
1785583363.4131174,13.835096527000005,-0.6
1785583363.4180465,13.840092900999991,-0.6
1785583363.4230342,13.845093848999994,-0.6
1785583363.42803,13.850093575000002,-0.6
1785583363.4330275,13.855093652999997,-0.6
1785583363.4380429,13.860092472000005,-0.6
1785583363.4430315,13.865093845999994,-0.6
1785583363.4480474,13.870091961,-0.6
1785583363.453029,13.875092093999996,-0.6
1785583363.4580564,13.880098782999994,-0.6
1785583363.4630356,13.885093509,-0.6
1785583363.4680307,13.890090716000003,-0.6
1785583363.4730303,13.895092238999993,-0.6
1785583363.4780304,13.900092539,-0.6
1785583363.483056,13.905093523999994,-0.6
1785583363.488036,13.910092786999996,-0.6
1785583363.4930232,13.915093087000002,-0.6
1785583363.4980316,13.920093312999995,-0.6
1785583363.5030339,13.925093316999991,-0.6
1785583363.5080223,13.930092338999998,-0.6
1785583363.5130997,13.935097045999996,-0.6
1785583363.518094,13.940094161000005,-0.6
1785583363.523065,13.945090738999994,-0.6
1785583363.5280306,13.950095058000002,-0.6
1785583363.5330203,13.955092506,-0.6
1785583363.5380273,13.96009325,-0.6
1785583363.543029,13.965092568999992,-0.6
1785583363.548079,13.970093590999994,-0.6
1785583363.553028,13.975092427999996,-0.6
1785583363.5580254,13.980092616999997,-0.6
1785583363.5630238,13.985092249999994,-0.6
1785583363.5680614,13.990093290999994,-0.6
1785583363.57303,13.995092775999993,-0.6
1785583363.5780241,14.000092428000002,-0.6
1785583363.5830958,14.005097727999996,-0.5985942601753445
1785583363.5880947,14.010094342999992,-0.5926284659823196
1785583363.5930338,14.015088754000004,-0.5863519803534766
1785583363.5980303,14.020091461999996,-0.5797540555162992
1785583363.6030269,14.025092243000003,-0.5728507745709831
1785583363.6080182,14.030093246999996,-0.5656426887593576
1785583363.6130545,14.035091176999998,-0.5581383343514252
1785583363.6180253,14.040092458000004,-0.5503317304589206
1785583363.623025,14.045092166000003,-0.5422342580318881
1785583363.6280224,14.050092855000003,-0.5338458488923761
1785583363.633044,14.055093339999999,-0.5251725991446955
1785583363.6380253,14.060092639999993,-0.5162206609270691
1785583363.6430216,14.065093051000005,-0.5069904176002992
1785583363.6480415,14.070093055000001,-0.4974892548380909
1785583363.6530576,14.075092983999994,-0.48772137446784186
1785583363.658028,14.080093988000002,-0.4776893942997776
1785583363.6630394,14.085093361999995,-0.46740387359244173
1785583363.668024,14.090093050999997,-0.45686614569669687
1785583363.6730254,14.095093296000002,-0.4460810134237178
1785583363.6780329,14.100093521999995,-0.43505519397932024
1785583363.6830235,14.105092822000003,-0.423796407427044
1785583363.688024,14.110093121999995,-0.4123060982554189
1785583363.6930213,14.115092570000002,-0.40059442936754447
1785583363.6980293,14.120093202999996,-0.3886626545295312
1785583363.703095,14.125095002999998,-0.3765168403283125
1785583363.7080886,14.130094413999998,-0.364171994911721
1785583363.7130272,14.135091547999991,-0.35163453609795564
1785583363.7180305,14.140091976999997,-0.33889695161852695
1785583363.7232232,14.145093222,-0.32597196512289317
1785583363.7280273,14.150091188999994,-0.3128770431670632
1785583363.73304,14.155093117999996,-0.29960004204931506
1785583363.738131,14.160092659,-0.2861646978170832
1785583363.7430356,14.165093217999996,-0.27256898780803246
1785583363.7480469,14.170092480999998,-0.2588263714623202
1785583363.7530267,14.175093355000001,-0.2449360934181711
1785583363.7580547,14.180092247999994,-0.23091548080005125
1785583363.7630267,14.185092252000004,-0.2167633167445014
1785583363.7680194,14.190092551999996,-0.2024893555546247
1785583363.7730267,14.195092536999994,-0.1881029205577696
1785583363.778021,14.200092392999991,-0.17361114228316288
1785583363.7830403,14.205092545,-0.15902050347200786
1785583363.7880282,14.21009377,-0.1443364845408186
1785583363.7930865,14.215094237000002,-0.1295723009696777
1785583363.7980907,14.220094333999995,-0.1147347381128919
1785583363.803088,14.225095689,-0.09982690332345172
1785583363.8080235,14.230093674000003,-0.08487063165710923
1785583363.8130252,14.235092918999996,-0.06986014675354035
1785583363.8180237,14.240092662999999,-0.05480578956826199
1785583363.823026,14.245093444999995,-0.03971403997774876
1785583363.8280313,14.250093911999997,-0.0245971277893813
1785583363.8330219,14.255093470999995,-0.009465033320162755
1785583363.8380225,14.260093177999991,0.0056772362861309085
1785583363.8430328,14.265093163000003,0.02082185847954239
1785583363.848042,14.270092555999994,0.03595796846503478
1785583363.8530202,14.275093134000002,0.0510827038518527
1785583363.8580256,14.280092377999992,0.06618020351545752
1785583363.863051,14.285092586000005,0.08124916548652503
1785583363.8680549,14.290091312000001,0.09627398737228292
1785583363.8730247,14.295092166999993,0.11125728357715677
1785583363.8780227,14.300092097000004,0.1261816693800555
1785583363.8830528,14.305092656,0.14104358761103303
1785583363.8880239,14.310093159999994,0.15583281619550568
1785583363.8930254,14.315092718999992,0.17053859644532343
1785583363.8980966,14.320094667999996,0.1851625808372193
1785583363.9030967,14.325094374999992,0.19968314121984712
1785583363.9080243,14.330093379000004,0.2140967957385222
1785583363.9130254,14.335093642000004,0.22840119065975592
1785583363.9180238,14.340093127000003,0.2425825399783153
1785583363.9230208,14.345092315999992,0.2566343630221607
1785583363.9280252,14.350092227000005,0.27055167547621023
1785583363.9330366,14.355093100999994,0.2843273096106313
1785583363.9380207,14.360092511999994,0.2979469050268897
1785583363.9430196,14.365091441999994,0.31140560111649496
1785583363.948068,14.370092241999998,0.32470210912576897
1785583363.9530265,14.375089672000001,0.3378151078422174
1785583363.958022,14.380090842000001,0.3507558483505854
1785583363.9630206,14.385098697999993,0.3635240666723769
1785583363.9680567,14.390092479000003,0.3760600536408909
1785583363.973021,14.395099278999993,0.38842476753180216
1785583363.9780226,14.400091950000004,0.4005442430328523
1785583363.9830203,14.405092100999994,0.4124644634900903
1785583363.9880211,14.410092363999993,0.4241605844712453
1785583363.9930654,14.415095127,0.43563133633098344
1785583363.998073,14.420093093999995,0.4468535966600312
1785583364.0030365,14.425090616999995,0.45783108504022524
1785583364.0080361,14.430092066,0.4685668390785438
1785583364.01303,14.435092847999996,0.47904457557746327
1785583364.0180268,14.440092167999993,0.48925674883009407
1785583364.023024,14.445092617,0.49920277005449826
1785583364.0280216,14.450092343999998,0.5088731586111633
1785583364.0330508,14.455092311000001,0.5182641923953378
1785583364.0380416,14.460090631,0.5273669736374171
1785583364.0430276,14.465092247000001,0.5361850372082501
1785583364.0480447,14.470092936,0.5447055588276815
1785583364.0530598,14.475091551999995,0.5529218405571534
1785583364.058059,14.480093445999998,0.5608377141713852
1785583364.0630243,14.485093136000003,0.568439716000707
1785583364.0680258,14.490092344000004,0.5757261928833315
1785583364.0730488,14.495092514999996,0.5826948527393093
1785583364.0780349,14.500093593999992,0.5893412571640244
1785583364.0830262,14.505093062,0.5956581204952665
1785583364.0880244,14.510092639999996,0.6016439366477397
1785583364.0930214,14.515092977999998,0.607295748653097
1785583364.0980277,14.520093261,0.6126090977905694
1785583364.1030214,14.525091098999994,0.6175784190300597
1785583364.108025,14.530092565999993,0.622206535240193
1785583364.1130238,14.535093274999994,0.6264861835440221
1785583364.1180675,14.540092891,0.6304145558745776
1785583364.1230567,14.545093284000004,0.6339906333239705
1785583364.1280277,14.550093732999997,0.6372114853993263
1785583364.1330202,14.555093329999991,0.6400744826058842
1785583364.1381419,14.560094871999993,0.6425791771339764
1785583364.143094,14.565094357999996,0.6447218457040925
1785583364.148051,14.570090252,0.6465009134261942
1785583364.1530254,14.575091181999994,0.6479179682714122
1785583364.158027,14.580092928,0.6489700507442985
1785583364.1630394,14.585094858000005,0.6496559976646061
1785583364.1680279,14.590092862999995,0.6499749423464829
1785583364.1730273,14.595093405,0.6499269422021503
1785583364.1780262,14.600092891000003,0.6495115682475275
1785583364.1830246,14.605092896000002,0.6487286561204297
1785583364.1880295,14.610092604000002,0.6475784246517909
1785583364.193023,14.615093219999991,0.6460608535040269
1785583364.198025,14.620093686999994,0.6441767130537361
1785583364.2030559,14.625090266,0.6419285971639059
1785583364.2080286,14.630092993000005,0.6393126938043812
1785583364.2130172,14.635092368000002,0.6363348244163988
1785583364.2180245,14.640092447,0.6329942307621405
1785583364.2230587,14.645092043999995,0.6292932577706862
1785583364.2280254,14.650092493000002,0.6252326629005112
1785583364.2330363,14.655092312999997,0.6208156168323397
1785583364.2380288,14.660091151000003,0.6160448016371516
1785583364.2430193,14.665093302999992,0.6109182748629937
1785583364.2480662,14.670093140999995,0.605444308493012
1785583364.2530258,14.675091645999998,0.5996250228551052
1785583364.2580245,14.680092853999994,0.5934585926155655
1785583364.2630265,14.685092062999999,0.586953958685701
1785583364.2680254,14.690092753000002,0.580110063184984
1785583364.2730207,14.695092404999997,0.5729339232003474
1785583364.2780254,14.700092873000003,0.5654267117087562
1785583364.28302,14.705092284999992,0.5575952682868025
1785583364.288065,14.71009266,0.5494406385359598
1785583364.293031,14.715092646000002,0.5409693617886949
1785583364.298024,14.720092984000004,0.5321847653258222
1785583364.3030214,14.725090452000003,0.5230975065806718
1785583364.308057,14.730093159999996,0.5136975716865473
1785583364.3130531,14.735092257999995,0.5040065719182274
1785583364.3180356,14.740093002999998,0.4940198032254944
1785583364.3231118,14.745099619000001,0.4837336699555516
1785583364.3278768,14.750084994000005,0.47321083287653426
1785583364.3328578,14.755082497999993,0.4623874386406363
1785583364.3381114,14.760096521999998,0.4512576300404132
1785583364.3430932,14.765094266999995,0.4399003634742196
1785583364.3481104,14.770094697999994,0.4282799447856687
1785583364.353101,14.775095683999993,0.4164075599715968
1785583364.3580668,14.780096559,0.4042913965619937
1785583364.3630247,14.785093618999994,0.39194749745358687
1785583364.3680258,14.790092809,0.37936822664629793
1785583364.373056,14.795092757999996,0.3665639102871583
1785583364.3780582,14.800093410999992,0.3535418106633043
1785583364.3830235,14.805093064000005,0.3403137381377611
1785583364.38803,14.810092920000002,0.32688404507941465
1785583364.3930624,14.815093016999995,0.31326021625013906
1785583364.3980267,14.820092892000005,0.2994512491234175
1785583364.4030218,14.825091322999995,0.285468463599802
1785583364.408021,14.830092456999992,0.27130816444417305
1785583364.4130208,14.835092665999994,0.25698861708593135
1785583364.4180264,14.840092892000001,0.24251535802393245
1785583364.4230547,14.845097416000002,0.22788410115353658
1785583364.4280303,14.850094197999994,0.21313858050116657
1785583364.4330223,14.855093480999997,0.19825725937135594
1785583364.4380333,14.860094504000003,0.18325080667884805
1785583364.4430273,14.865093600999998,0.16813887713774292
1785583364.4480455,14.870092735,0.15292432335583264
1785583364.453026,14.87509061,0.13761991836502005
1785583364.458076,14.880092873999999,0.12221715018736329
1785583364.4630282,14.885092509000003,0.10674651468089669
1785583364.4680274,14.890092717000002,0.09120713986936976
1785583364.473025,14.895092203000004,0.07561209186491835
1785583364.478059,14.900093503999997,0.059962529008702276
1785583364.4830213,14.905092656999997,0.044279984966192704
1785583364.488031,14.910092902000002,0.028563474626295517
1785583364.4930243,14.915092591999993,0.012827365972858253
1785583364.4980268,14.920092467000003,-0.002921445159254645
1785583364.5031211,14.925094879,-0.018681125406097992
1785583364.508098,14.930095327999993,-0.034428234144140965
1785583364.5130246,14.935093370000004,-0.05015211717825499
1785583364.5180254,14.940092449000005,-0.06585434856721271
1785583364.523026,14.945093009000004,-0.08152703290748858
1785583364.528018,14.950092662000003,-0.09715341550388593
1785583364.5330324,14.955091628999995,-0.11272495846257624
1785583364.5380251,14.960093004,-0.12824203393801528
1785583364.5430233,14.965093065000005,-0.14368385993114693
1785583364.5480437,14.970093031999994,-0.15904504987292145
1785583364.5530193,14.975090277999996,-0.17430846064836167
1785583364.55802,14.980092282000001,-0.18948776897301658
1785583364.5630276,14.985093027999994,-0.2045555465215076
1785583364.5680542,14.990092477000005,-0.21950274394674757
1785583364.5730217,14.995092185000004,-0.234325093247303
1785583364.578021,15.000091560000001,-0.24901194874240157
1785583364.5830505,15.005092693999998,-0.2635605668207107
1785583364.5880237,15.010098384000003,-0.2779700360097719
1785583364.5930274,15.015092981999999,-0.29218693922137684
1785583364.5980234,15.020099004999992,-0.30626674352626104
1785583364.603049,15.025090508999995,-0.320128150066645
1785583364.6080256,15.030091791999993,-0.333830477880894
1785583364.61302,15.035091684999998,-0.3473343459093234
1785583364.6180217,15.040092393999998,-0.36063753176083374
1785583364.623032,15.045092732,-0.37372874660171806
1785583364.6280143,15.050093365999999,-0.38660175082436476
1785583364.6330268,15.055093537000005,-0.39924673131731225
1785583364.6380067,15.060092597999997,-0.4116544164781812
1785583364.643007,15.065092213,-0.42382136216288085
1785583364.6480265,15.070092680999991,-0.43574071183985397
1785583364.6530051,15.075090223000004,-0.4473962761615531
1785583364.6579995,15.080092356999998,-0.45879825801643165
1785583364.6631207,15.085101436000002,-0.4699440294442263
1785583364.6681297,15.090094644000004,-0.48077665538016584
1785583364.673016,15.095091629999999,-0.4913330415804961
1785583364.678011,15.100093893999997,-0.5016090031921686
1785583364.6830096,15.105093232000002,-0.5115810664549599
1785583364.6880345,15.110093754999994,-0.5212513400450697
1785583364.693077,15.115097352999996,-0.5306170102667106
1785583364.6980782,15.120095135,-0.5396557975114048
1785583364.703021,15.125091768999994,-0.5483711003246684
1785583364.7080097,15.130094107000005,-0.5567689033933355
1785583364.7130132,15.135092389999997,-0.5648273271929412
1785583364.7180114,15.140093746000005,-0.5725528159104245
1785583364.7230077,15.145092750999993,-0.5799319717969365
1785583364.728007,15.150092052000005,-0.5869641673700007
1785583364.7330089,15.155092667999995,-0.5936461233302094
1785583364.7380095,15.160093301999993,-0.599971626313048
1785583364.7430043,15.165092509999994,-0.6
1785583364.748019,15.170092014999994,-0.6
1785583364.7530603,15.175092612,-0.6
1785583364.7580388,15.180092524000003,-0.6
1785583364.7630148,15.185092158999993,-0.6
1785583364.768184,15.190092292999992,-0.6
1785583364.7730162,15.195091000999994,-0.6
1785583364.7780166,15.200093023999997,-0.6
1785583364.783011,15.205093492000003,-0.6
1785583364.7880073,15.210092867,-0.6
1785583364.7930014,15.215092724000002,-0.6
1785583364.798014,15.220093820999992,-0.6
1785583364.803012,15.225091473999996,-0.6
1785583364.8080063,15.230093256000004,-0.6
1785583364.8130028,15.235092186999992,-0.6
1785583364.81804,15.240092043000004,-0.6
1785583364.8230345,15.245092936999995,-0.6
1785583364.828009,15.250092460000005,-0.6
1785583364.8330145,15.255092816000001,-0.6
1785583364.8380034,15.260092487999998,-0.6
1785583364.8430789,15.265095974000005,-0.6
1785583364.848094,15.270094792999998,-0.6
1785583364.8530161,15.275091205999999,-0.6
1785583364.8580036,15.280091673000001,-0.6
1785583364.8630316,15.285092399999996,-0.6
1785583364.8680055,15.290092533999996,-0.6
1785583364.8730032,15.295092686999993,-0.6
1785583364.8780022,15.300092229,-0.6
1785583364.8830006,15.305092103999996,-0.6
1785583364.8880324,15.310092979000004,-0.6
1785583364.8930736,15.315096464999996,-0.6
1785583364.8980756,15.320094432999994,-0.5999283668328371
1785583364.903011,15.325090770999992,-0.5935441735300135
1785583364.9080098,15.330092293999996,-0.5867862119283389
1785583364.9130013,15.335092427999996,-0.5796667949445433
1785583364.918005,15.340092544,-0.5721882021885777
1785583364.923075,15.345094734,-0.5643513919979332
1785583364.9281065,15.350092830999998,-0.556170770240491
1785583364.933022,15.355092262,-0.5476424961767433
1785583364.9380088,15.360092358999992,-0.5387724753000858
1785583364.9430017,15.365092438000005,-0.5295670469145861
1785583364.9480507,15.370092256999996,-0.5200320914465286
1785583364.953005,15.375091464999997,-0.5101739820516941
1785583364.9580035,15.380092452,-0.4999937218189166
1785583364.963067,15.385095123,-0.48949721401670726
1785583364.968071,15.390094331,-0.47870166307790185
1785583364.9730377,15.395094002999997,-0.46760529993909306
1785583364.9780045,15.400093210999998,-0.4562168130183908
1785583364.983001,15.405091937999998,-0.44454314304277265
1785583364.9880025,15.410093109000002,-0.4325843026140142
1785583364.993063,15.415093631999994,-0.42035473175480326
1785583364.9980795,15.420094321999997,-0.40785985412809767
1785583365.0030427,15.425095030999998,-0.3951075778460235
1785583365.0080059,15.430093072999995,-0.3821126736585443
1785583365.0130577,15.435092264000005,-0.3688732167636279
1785583365.0180092,15.440092992000004,-0.3553960346155186
1785583365.023,15.445092422999991,-0.34169695396779354
1785583365.0280018,15.450092576999992,-0.3277788381091578
1785583365.033053,15.455092471,-0.3136528996566219
1785583365.0380692,15.460095088000003,-0.2993192145039506
1785583365.0430708,15.465094296999993,-0.2848041785879043
1785583365.0480218,15.470092710000003,-0.27010936325173596
1785583365.0530007,15.475090475000002,-0.255243447749753
1785583365.0580115,15.480093314000001,-0.240198354255289
1785583365.0630054,15.485093355999993,-0.2250069273312113
1785583365.0680037,15.490092861999997,-0.2096718454221851
1785583365.0730007,15.495092459999995,-0.19420069708174398
1785583365.078032,15.500093187999994,-0.17859981843637393
1785583365.0830047,15.505093989999992,-0.16288215136638579
1785583365.0880675,15.510094605999996,-0.14705829722598182
1785583365.0930674,15.515094407999996,-0.13114013334442626
1785583365.0980122,15.520093357999997,-0.11513775755189731
1785583365.103006,15.525091141000004,-0.09906222181407633
1785583365.1079967,15.530092850999992,-0.0829071428525539
1785583365.1130002,15.535092707999993,-0.06670126873561012
1785583365.11829,15.540095010000002,-0.05044083795157544
1785583365.123075,15.545094534,-0.034153048823464746
1785583365.128005,15.550093391000004,-0.01784130923505488
1785583365.133016,15.555092582,-0.0015126322320377142
1785583365.1380413,15.560092975999993,0.014825521943142345
1785583365.1430476,15.565093610999995,0.031159685325462493
1785583365.1481001,15.570095487000003,0.047482777606113094
1785583365.1530726,15.575095160000004,0.0637732205085683
1785583365.1580353,15.580093332000004,0.08002299637517779
1785583365.1630213,15.585094021999993,0.09623483009898146
1785583365.1680038,15.590092842999994,0.11238417840269674
1785583365.1729987,15.595092292999993,0.12846884085256866
1785583365.1780012,15.600092187000001,0.14447793569964018
1785583365.1830032,15.605092137,0.16039997713376455
1785583365.1880054,15.610092938999998,0.17622728183289077
1785583365.1929986,15.615091499999991,0.1919399614068479
1785583365.1980035,15.620092745999997,0.20754339385708406
1785583365.2030146,15.625091307000005,0.223010800744163
1785583365.208072,15.630094460999999,0.23835465850845985
1785583365.2130716,15.635101910999992,0.2535637702754657
1785583365.2180128,15.640091304999999,0.268561072229804
1785583365.2230325,15.645098458999996,0.28344450192033366
1785583365.2280056,15.650093224000003,0.29811456104582307
1785583365.2329974,15.655092377999992,0.31261143115993806
1785583365.2380073,15.660092308999992,0.3269149324052401
1785583365.2430315,15.665091778000004,0.34101219438935987
1785583365.2480462,15.670096689999994,0.35491035406364696
1785583365.253009,15.675091252000001,0.3685568147227656
1785583365.2580743,15.680097183,0.38200189909229604
1785583365.2630684,15.685094726000003,0.3951835377246757
1785583365.2680385,15.690090619999992,0.4081115862246918
1785583365.2730117,15.695092884999994,0.4207979351176307
1785583365.278007,15.700093445999997,0.43321338547658406
1785583365.283003,15.705092933000003,0.44535152696985075
1785583365.288073,15.710097624,0.4572192171234158
1785583365.2930694,15.715095054999992,0.4687792157583978
1785583365.2980175,15.720091264000004,0.4800385568552564
1785583365.3030047,15.725090714000004,0.49099962265275465
1785583365.308037,15.730092627000005,0.5016528658825479
1785583365.313008,15.735093798999998,0.5119841716618003
1785583365.318008,15.740091359999994,0.5219811058970266
1785583365.323002,15.745093050999998,0.531652374809557
1785583365.3281167,15.750097037999993,0.5409872588621755
1785583365.3331006,15.755095118,0.5499645154963282
1785583365.3380158,15.760090383000005,0.5585845233939188
1785583365.3430011,15.765092887999998,0.5668582926809551
1785583365.348022,15.770092985999995,0.5747636983249692
1785583365.3530068,15.775090844000005,0.5822960946959161
1785583365.358015,15.780094534,0.589462055084737
1785583365.3630018,15.785092946999995,0.596240655421883
1785583365.3680668,15.790094916000001,0.6026393545122265
1785583365.373111,15.795095254999993,0.6086468248012247
1785583365.3780293,15.800090611999991,0.6142555939483625
1785583365.3830085,15.805093339999999,0.6194752757092107
1785583365.3880098,15.810093049000002,0.6242907903240837
1785583365.3930354,15.815091979999991,0.628701289139908
1785583365.398032,15.820093856,0.6327065862768885
1785583365.403077,15.825093768999992,0.6362996859008895
1785583365.4080129,15.830091589999995,0.6394783151378199
1785583365.4130352,15.835093040000004,0.6422435060357553
1785583365.4180083,15.840093064000001,0.6445900412010431
1785583365.4229994,15.845092605999994,0.6465167251152557
1785583365.4280696,15.850094611999992,0.6480228362677795
1785583365.4330835,15.855093784000005,0.6491054931984135
1785583365.4380322,15.860091640999997,0.6497644932909019
1785583365.4430091,15.865092535999992,0.6499994090058467
1785583365.4480245,15.870091523,0.6498093585315196
1785583365.452999,15.875090121,0.6491943489663575
1785583365.4580104,15.880092496999993,0.6481534856687228
1785583365.4630015,15.885092686999997,0.6466881358894426
1785583365.4681044,15.890095970999994,0.6447972459096765
1785583365.4730723,15.895094401999998,0.6424849309980104
1785583365.478054,15.900094686000003,0.6397496373758381
1785583365.4830058,15.905093746999995,0.6365944138314165
1785583365.4879978,15.910092566999992,0.6330205494659904
1785583365.4930027,15.915092923999993,0.6290286131884717
1785583365.4981256,15.920096540999992,0.6246189128249197
1785583365.5030901,15.925095158000005,0.6198015016626415
1785583365.5080123,15.930094478000001,0.614574246237925
1785583365.5130124,15.935093483000003,0.6089412675430279
1785583365.5180051,15.940092859000004,0.6029051625256623
1785583365.5230315,15.945092716999994,0.5964693421214231
1785583365.528005,15.950093221999992,0.5896373767529044
1785583365.5330029,15.955092375999996,0.5824162628573124
1785583365.5380054,15.960092511,0.5748071236393341
1785583365.5430064,15.965092775999992,0.5668158360775403
1785583365.5480547,15.970093040999998,0.558447563609337
1785583365.5530715,15.975094267999992,0.5497058165161078
1785583365.5580578,15.980094995999991,0.5405985795099969
1785583365.5630307,15.985092593999994,0.5311367693055541
1785583365.5680072,15.990092599999997,0.5213159543749506
1785583365.573001,15.995092587000002,0.5111468676396194
1785583365.5780387,16.000092537,0.5006360122761809
1785583365.5830991,16.005094431000003,0.4897857297651633
1785583365.588101,16.010094881,0.47861025151043357
1785583365.5930037,16.015092627,0.467119954337136
1785583365.5980015,16.020092707000003,0.4553106691386945
1785583365.602998,16.025091082999992,0.44319946755906225
1785583365.6080186,16.030093459,0.4307801363778809
1785583365.6130712,16.035094334999997,0.41807413497530505
1785583365.6180744,16.040095339999993,0.4050856775175954
1785583365.6230047,16.045093456999993,0.39183125682765585
1785583365.6280103,16.050093517999997,0.37830675646572204
1785583365.633002,16.055092746,0.36452840680696547
1785583365.638006,16.060091158999995,0.35050527257351083
1785583365.6430025,16.065092331000002,0.33623635545477715
1785583365.64805,16.070092429,0.3217418158438894
1785583365.653095,16.07509523099999,0.3070201101744775
1785583365.6580813,16.080095125,0.29209743978548836
1785583365.6630156,16.085093001000004,0.27698127495436337
1785583365.668046,16.090092135999996,0.26167171335920086
1785583365.673059,16.095093789999993,0.24617479584992616
1785583365.6780488,16.100093481000002,0.23051462601734743
1785583365.6830456,16.105092096999996,0.21469894548580584
1785583365.6880438,16.110092288000004,0.1987298382728967
1785583365.6930423,16.115092848999993,0.18262167626718104
1785583365.698047,16.120092483999997,0.16638937272879675
1785583365.7030437,16.125093119,0.15003748997939645
1785583365.7080405,16.130092866,0.13358310680667904
1785583365.7130423,16.135092204999992,0.11703567687939327
1785583365.7180412,16.140092265999996,0.10040252364079465
1785583365.7230368,16.145092122999998,0.08369785862991945
1785583365.7280402,16.150092220999994,0.06693140341795449
1785583365.7330887,16.155092170999993,0.05011572598668207
1785583365.7380457,16.160093231999994,0.033257896473927726
1785583365.7430365,16.165092478999995,0.01637913727223616
1785583365.7480814,16.170112001999996,-0.0005838126363343627
1785583365.7530894,16.175092840999994,-0.017420245796080418
1785583365.7580874,16.180113773000002,-0.03438494900385303
1785583365.7630482,16.185092240999992,-0.05118760449492169
1785583365.7680593,16.190109969000005,-0.06809255719818379
1785583365.773075,16.195092067000004,-0.08483608156597111
1785583365.778074,16.200092850999994,-0.10158951787300004
1785583365.7830486,16.205093652000002,-0.11827862427608836
1785583365.7880392,16.210092916999997,-0.13488686692415056
1785583365.7930439,16.215092219,-0.15140816401670615
1785583365.7980413,16.220091983999993,-0.16783261172951705
1785583365.8030355,16.225092452,-0.18414971331930782
1785583365.808035,16.230091754,-0.2003421970642976
1785583365.813056,16.235092777999995,-0.21640827047930294
1785583365.818221,16.240093969,-0.2323318087707506
1785583365.823055,16.245093623000002,-0.24809647804419188
1785583365.828045,16.250093109999995,-0.26369580319057495
1785583365.8330412,16.255092762999993,-0.27912004822122144
1785583365.8380418,16.260092823999997,-0.2943592580264486
1785583365.8430638,16.265092144999997,-0.30939939575675646
1785583365.8480601,16.270092575999996,-0.32423556572939405
1785583365.8530412,16.27509196999999,-0.33885108413409937
1785583365.8580701,16.280091717000005,-0.35323988477602747
1785583365.863038,16.285091758999997,-0.36739172329663045
1785583365.8680394,16.290092802000004,-0.3812986173922941
1785583365.87304,16.295092158999992,-0.3949434186912047
1785583365.878072,16.300091942999998,-0.40832242824680837
1785583365.8830404,16.305091985000004,-0.4214257456320853
1785583365.8880334,16.310092304999998,-0.43424416105437297
1785583365.8930328,16.315092421999992,-0.44676740125799
1785583365.8980389,16.320091761,-0.45898527214524354
1785583365.9030423,16.32509174799999,-0.4708926259089119
1785583365.9080772,16.330092068,-0.48248017757967127
1785583365.9130783,16.335094869999992,-0.49374439460786435
1785583365.9180481,16.340093171999996,-0.5046617392295882
1785583365.9230416,16.345092973999996,-0.5152378252713538
1785583365.9280417,16.350093387,-0.5254629853319815
1785583365.9330406,16.355092059,-0.5353251966855527
1785583365.9380398,16.360092435,-0.5448241632577486
1785583365.9430895,16.365092513999997,-0.5539490755432654
1785583365.9480648,16.370092946,-0.5626945076352644
1785583365.9530444,16.375092525,-0.5710520573128444
1785583365.9580393,16.380091624000002,-0.5790164132932969
1785583365.9630647,16.385091907000003,-0.5865843161656854
1785583365.9680357,16.390092393999993,-0.5937485561166996
1785583365.9730425,16.395092140000003,-0.6
1785583365.9780414,16.40009270099999,-0.6
1785583365.9830334,16.405091835999997,-0.6
1785583365.9880416,16.410092823,-0.6
1785583365.9930418,16.41509260699999,-0.6
1785583365.9980412,16.420091594,-0.6
1785583366.0030391,16.425091191999996,-0.6
1785583366.008069,16.430092254,-0.6
1785583366.0130377,16.435092389999994,-0.6
1785583366.0180383,16.440092543999995,-0.6
1785583366.023038,16.445091939999998,-0.6
1785583366.0280352,16.450091224000005,-0.6
1785583366.0330772,16.455092636999993,-0.6
1785583366.0380492,16.460092199,-0.6
1785583366.0430362,16.465091705999995,-0.6
1785583366.0480561,16.470092156999996,-0.6
1785583366.0530388,16.475092125999993,-0.6
1785583366.0580385,16.480091983999998,-0.6
1785583366.0630414,16.485092064,-0.6
1785583366.0680368,16.490091903999996,-0.6
1785583366.0730667,16.495091243999994,-0.6
1785583366.0780435,16.500092787,-0.6
1785583366.0830352,16.505092534,-0.6
1785583366.088046,16.510093280999996,-0.6
1785583366.0930407,16.515092788000004,-0.6
1785583366.0980709,16.520092793999993,-0.6
1785583366.1030402,16.525092651999998,-0.6
1785583366.108036,16.530092398999997,-0.6
1785583366.1130393,16.53509238699999,-0.6
1785583366.1180727,16.540091985999993,-0.6
1785583366.123044,16.545092269999998,-0.5986912209534911
1785583366.1280377,16.550092738999993,-0.5917640357736677
1785583366.133034,16.555091616,-0.584420519132058
1785583366.1380699,16.560092733999994,-0.5766598033081305
1785583366.143035,16.565091609999996,-0.5684939855280067
1785583366.148056,16.570091598000005,-0.5599231622668582
1785583366.1530328,16.575091919000002,-0.5509542239496236
1785583366.1580408,16.580091611,-0.54159494935112
1785583366.1632748,16.58509267299999,-0.5318478149442861
1785583366.168055,16.590093198000005,-0.5217230278910828
1785583366.1730418,16.595092351999995,-0.5112293537589284
1785583366.1780422,16.600092024999995,-0.5003700524546882
1785583366.1830454,16.605092475999996,-0.4891518217269142
1785583366.188043,16.610092538000004,-0.4775849035289613
1785583366.1930344,16.615092081,-0.46567761601054175
1785583366.1980405,16.620092420999995,-0.4534349731367127
1785583366.2030742,16.625091575,-0.4408702905767719
1785583366.20804,16.630092582000003,-0.42798453362567407
1785583366.2130358,16.635091884000005,-0.4147957573636919
1785583366.218035,16.640092316999997,-0.40130566735666073
1785583366.2230697,16.645092766999994,-0.3875265258341472
1785583366.2280383,16.650092513999994,-0.37346995248477977
1785583366.2330346,16.655093206000004,-0.3591410840291515
1785583366.2380342,16.660092046000003,-0.34455799814546617
1785583366.2430403,16.665091719000003,-0.3297231301091886
1785583366.248059,16.670092335999996,-0.3146464017070576
1785583366.253038,16.675091361,-0.29934607001565106
1785583366.2580428,16.680092181999996,-0.28382249826363704
1785583366.263037,16.685091892000003,-0.2680955799467994
1785583366.2680342,16.690092491,-0.25217011727400573
1785583366.273035,16.695091831,-0.23606420271713893
1785583366.2780375,16.70009209599999,-0.21978219784620143
1785583366.2830362,16.705091750999998,-0.20334060099956716
1785583366.2880683,16.710091664999993,-0.18674821951214005
1785583366.2930436,16.715092467000005,-0.1700146892911585
1785583366.2980378,16.720091807000003,-0.15315978281310472
1785583366.3030355,16.725092146999998,-0.13618721085981197
1785583366.3080614,16.730092467999995,-0.1191124910015423
1785583366.3130465,16.735092973999997,-0.10194710500428611
1785583366.318036,16.740092090999994,-0.08470874690722933
1785583366.3230364,16.745092005000004,-0.06740222399373673
1785583366.3280094,16.750090919,-0.0500461510393096
1785583366.3329973,16.755091666,-0.032643130889797284
1785583366.33804,16.760095320999994,-0.01520187889432234
1785583366.343035,16.765093215999997,0.002234834789977462
1785583366.3481061,16.770092092,0.01967795127291304
1785583366.3530648,16.775092987999997,0.03711851881818153
1785583366.3580444,16.780093013,0.05453386119954322
1785583366.3630605,16.785110962999994,0.07197665828840659
1785583366.3680253,16.790092024999993,0.089244041807804
1785583366.373054,16.795110050000005,0.10657940084181816
1785583366.3780365,16.800092112,0.1237183096115129
1785583366.3830314,16.805091933,0.14083349641975587
1785583366.3880377,16.810091810000003,0.15785146746917914
1785583366.3930352,16.815091593999995,0.17475931642580567
1785583366.398037,16.820092860000003,0.1915499802410231
1785583366.4030347,16.825092958,0.20820228187804643
1785583366.40805,16.830092945999994,0.2247076108654443
1785583366.4130654,16.835091379000005,0.24104918335697534
1785583366.4180655,16.840092310999992,0.2572282128991096
1785583366.4230387,16.845092520999998,0.2732223003041734
1785583366.428035,16.85009271199999,0.2890219640125753
1785583366.433061,16.855092107999994,0.30461315868565114
1785583366.438045,16.860092261999995,0.3199892220997304
1785583366.443037,16.865092491,0.33513663411707684
1785583366.4480526,16.87009159,0.3500406072220165
1785583366.4530327,16.875091337,0.36469542711349234
1785583366.4580407,16.880092231999996,0.3790915380354108
1785583366.463031,16.885092256999997,0.3932124008965303
1785583366.4680345,16.890092003999996,0.4070492605551504
1785583366.473042,16.895091898999993,0.4205929798171499
1785583366.4780383,16.900092165000004,0.43383398955248365
1785583366.4830332,16.905092208,0.4467607849169075
1785583366.488035,16.910092028999998,0.45936370948714905
1785583366.4930358,16.915091720999996,0.47163355590777595
1785583366.4980679,16.920092709000002,0.4835644563712796
1785583366.5030398,16.925091769999995,0.4951397813338868
1785583366.5080338,16.930092703,0.5063595697791048
1785583366.513243,16.935091857000003,0.5172071138130895
1785583366.5180838,16.940093974999996,0.5276843192823852
1785583366.5230432,16.945092351,0.5377692471340032
1785583366.5280406,16.950092042999998,0.5474646733525936
1785583366.5330334,16.955092123,0.5567611662894751
1785583366.538044,16.960091926000004,0.5656503286539166
1785583366.5430627,16.96509152499999,0.5741254922072055
1785583366.5480595,16.970091994,0.5821818321828711
1785583366.5530322,16.97509185199999,0.5898106689361629
1785583366.5580373,16.980092228999993,0.5970077829755572
1785583366.5630343,16.985092421000004,0.6037664737653533
1785583366.568035,16.990092112,0.6100810774761529
1785583366.5730355,16.99509267399999,0.615948270310394
1785583366.5780382,17.000091736,0.6213606745327448
1785583366.5830636,17.005091983,0.6263168872988354
1785583366.5880404,17.010091508000002,0.6308109355921655
1785583366.5930343,17.015091643999995,0.6348403493136422
1785583366.5980327,17.020091797999996,0.6384012185853075
1785583366.6030662,17.025091731000003,0.6414904004132074
1785583366.6080632,17.030092681,0.644105890510476
1785583366.6130376,17.03509228,0.646244190508384
1785583366.6180432,17.04009256399999,0.6479043093861757
1785583366.623036,17.045091811999995,0.6490841224010979
1785583366.6280413,17.050092151,0.6497828739203635
1785583366.6330588,17.055092454000004,0.6499993604399789
1785583366.6380377,17.060091997,0.6497331296147313
1785583366.6430326,17.065092300000003,0.6489839227368605
1785583366.648061,17.070092214,0.647752039678229
1785583366.6530337,17.075092182999995,0.6460379606083394
1785583366.6580372,17.080092245000003,0.643842552286169
1785583366.6630497,17.085091788,0.641167405873221
1785583366.6680732,17.090092349999992,0.6380132474505821
1785583366.6730657,17.095092281999996,0.6343830413262725
1785583366.6780403,17.100091566000003,0.6302793208899548
1785583366.6830359,17.105091962000003,0.6257032708957826
1785583366.6880696,17.110092412,0.6206587464468162
1785583366.6930416,17.115092011,0.6151501777448191
1785583366.698038,17.120091684000002,0.6091804110747443
1785583366.7030325,17.125091987000005,0.6027527930341088
1785583366.7080364,17.130091844999995,0.5958731353921469
1785583366.7130394,17.135091426000002,0.5885461045706991
1785583366.7180421,17.140091858000005,0.5807751130009234
1785583366.723035,17.145092272,0.5725668825733635
1785583366.728036,17.150092556000004,0.5639274338961231
1785583366.7330353,17.155091765999998,0.5548647001036513
1785583366.7380455,17.16009195699999,0.5453814424229311
1785583366.7430358,17.165091538,0.5354874286428785
1785583366.7480564,17.170091618,0.5251875943006934
1785583366.7531006,17.17509945799999,0.5144734305233436
1785583366.7581017,17.180094167999997,0.503398005887729
1785583366.7630713,17.185093378000005,0.4919312737485671
1785583366.7680352,17.190094273,0.4800873226573271
1785583366.773046,17.195093465,0.46788280996004994
1785583366.778008,17.200093081999995,0.45532159768113395
1785583366.7830017,17.205093163,0.4424126913604698
1785583366.7880037,17.21009302099999,0.429167311707485
1785583366.7930033,17.215092471999995,0.41559574728952764
1785583366.7980342,17.220093458999997,0.4017026148926475
1785583366.8030117,17.225091242999994,0.38751148385507345
1785583366.8080354,17.230093361,0.3730113516761545
1785583366.81307,17.235094274999994,0.3582287351869723
1785583366.8180478,17.240094670000005,0.343172728439482
1785583366.8230057,17.245092749999998,0.3278601550862494
1785583366.8280032,17.250092405000004,0.31229055414976603
1785583366.8329966,17.255092169999998,0.29647996623900263
1785583366.8380654,17.26009343599999,0.28043568770101224
1785583366.8430655,17.26509473899999,0.2641743131890495
1785583366.848091,17.270095225999995,0.24771084852570893
1785583366.8530073,17.275091047999993,0.2310706327689921
1785583366.8580413,17.280093554000004,0.21422826024106106
1785583366.8630555,17.28509332,0.19722790952496927
1785583366.8680043,17.290092751999993,0.18007435838432942
1785583366.8730042,17.295092888,0.16277696700016855
1785583366.8780034,17.300092468000003,0.14535314965217305
1785583366.8830054,17.305092919000003,0.1278111009753893
1785583366.8880095,17.310093573000003,0.11016641440282122
1785583366.892999,17.315092375999996,0.09243976191426355
1785583366.8980014,17.320093307999997,0.074630487694702
1785583366.9030023,17.325090574,0.05677278834354809
1785583366.9080055,17.33009261699999,0.038850078976213676
1785583366.9130652,17.335093587000003,0.020896930217945173
1785583366.9180799,17.34009526,0.0029206821876404917
1785583366.9230354,17.345092172999998,-0.015045283820059345
1785583366.9280207,17.350092012999994,-0.033014852734860455
1785583366.9330685,17.355092927,-0.05096758722225294
1785583366.9380534,17.360093043999996,-0.06888299673362297
1785583366.9430869,17.365092606000005,-0.08674820268163967
1785583366.9480689,17.37009202,-0.1045509321259497
1785583366.9530776,17.375092526000003,-0.12228187103918671
1785583366.9580584,17.380092421,-0.13992129923598998
1785583366.9630842,17.385092760999996,-0.15745932538676777
1785583366.9680452,17.390092416,-0.17487843705914827
1785583366.97304,17.395092070000004,-0.19216755832572158
1785583366.9780703,17.400092075999993,-0.20931449496197557
1785583366.9830852,17.405092509,-0.22630615994267644
1785583366.9880445,17.410093089,-0.2431283659968307
1785583366.9930456,17.415092040000005,-0.25976212665119225
1785583366.9980428,17.420092656999998,-0.2762054363256895
1785583367.003039,17.425092812000003,-0.2924383941147489
1785583367.008043,17.430092392999995,-0.30844801577758457
1785583367.0130403,17.435091862999997,-0.3242233009952791
1785583367.0180397,17.440092444,-0.3397556676018134
1785583367.0230365,17.445091969999993,-0.35502619318099526
1785583367.028039,17.450092698999995,-0.370029753154374
1785583367.0330353,17.455092520999997,-0.3847481796828125
1785583367.0380409,17.460092435999996,-0.3991728764800043
1785583367.043034,17.465091849999993,-0.4132907725350911
1785583367.0480905,17.470091690999993,-0.4270933233071889
1785583367.0530603,17.475092086999993,-0.4405698457269152
1785583367.058044,17.480092427000002,-0.45370794018819827
1785583367.0630322,17.485091842000003,-0.466494971509512
1785583367.0681064,17.490109793000002,-0.47896860941965874
1785583367.073041,17.495092634000002,-0.4909873893074226
1785583367.078058,17.500109456000004,-0.50270838816774
1785583367.083038,17.505091777000004,-0.5139623408662993
1785583367.0880756,17.510091266000003,-0.5248589087620046
1785583367.0930588,17.515091958,-0.5353523348451589
1785583367.098053,17.520092836000003,-0.5454318328202774
1785583367.1030402,17.525092583999992,-0.5550866992186378
1785583367.1080375,17.530091460999998,-0.5643098424830149
1785583367.1130564,17.535092394000003,-0.5730989866207306
1785583367.1180665,17.540092809,-0.5814422140416808
1785583367.1230416,17.545092296999997,-0.5893321839808022
1785583367.1280384,17.550092414999995,-0.5967648868761796
1785583367.133068,17.555092255999995,-0.6
1785583367.1380432,17.560091744000005,-0.6
1785583367.1430442,17.56509193699999,-0.6
1785583367.1480892,17.570091703000003,-0.6
1785583367.1530802,17.575092544,-0.6
1785583367.1580498,17.58009244,-0.6
1785583367.163135,17.585102927999998,-0.6
1785583367.168054,17.590093656999997,-0.6
1785583367.1730533,17.595091886999995,-0.6
1785583367.1780493,17.600092689999997,-0.6
1785583367.183071,17.605092623000004,-0.6
1785583367.1880398,17.610093093000003,-0.6
1785583367.1930382,17.615092951999998,-0.6
1785583367.1980982,17.620092626,-0.6
1785583367.203042,17.625092225999992,-0.6
1785583367.2080514,17.630091324999995,-0.6
1785583367.2130597,17.635093944000005,-0.6
1785583367.2180414,17.640092173,-0.6
1785583367.223043,17.645092421,-0.6
1785583367.2280402,17.650091872000004,-0.6
1785583367.2330549,17.655091787000003,-0.6
1785583367.2380688,17.660092219999996,-0.6
1785583367.243076,17.665092837999993,-0.6
1785583367.2480764,17.670092271,-0.6
1785583367.2530422,17.675091870999992,-0.6
1785583367.2580414,17.680091673999996,-0.6
1785583367.263102,17.685092607,-0.6
1785583367.268051,17.690092429000003,-0.6
1785583367.273054,17.69509264,-0.5971453285632826
1785583367.2780452,17.700092184,-0.5896800620417394
1785583367.2830362,17.705092875999995,-0.5817433468972246
1785583367.2880437,17.710092402,-0.5733448039595347
1785583367.2930412,17.715091982999994,-0.5644888577293854
1785583367.2980366,17.720092268000002,-0.555180948398019
1785583367.3030524,17.725092126999996,-0.5454302025036067
1785583367.3080971,17.730092708,-0.5352417662563537
1785583367.313048,17.735092844999997,-0.5246257596412787
1785583367.3180416,17.740091945000003,-0.5135917606115482
1785583367.3230414,17.745092154999995,-0.5021434965966334
1785583367.3280673,17.750092273999996,-0.4902924067497035
1785583367.3330379,17.755092891999993,-0.47804619350256033
1785583367.3380427,17.760092287999996,-0.4654186295694728
1785583367.343034,17.765092295000002,-0.45241494765475876
1785583367.3480544,17.770092839,-0.43904531709998074
1785583367.3530388,17.775092419999993,-0.425324202658514
1785583367.358044,17.780093352999998,-0.41125591757874896
1785583367.36304,17.785092063999997,-0.3968615947283991
1785583367.368041,17.79009234899999,-0.3821416400203468
1785583367.3730772,17.795093041,-0.36711084475686473
1785583367.3780427,17.800092789000004,-0.35178512684964175
1785583367.383037,17.805092074,-0.33617519480693947
1785583367.388034,17.810091858999996,-0.3202903405676684
1785583367.3930726,17.815091940000002,-0.3041436857997628
1785583367.3980436,17.820093002999997,-0.2877456848429301
1785583367.4030383,17.82509175,-0.271120227192589
1785583367.408034,17.830091886999995,-0.2542682363411811
1785583367.413063,17.835092042,-0.237207622745515
1785583367.4180355,17.84009329,-0.2199482203723582
1785583367.423065,17.845092000999998,-0.20251637603393155
1785583367.428052,17.850092582000002,-0.18491066052557226
1785583367.4330842,17.855092718999998,-0.16715320409507414
1785583367.4380875,17.860093596,-0.14925398884100513
1785583367.4430494,17.865092899999993,-0.1312356518508289
1785583367.448058,17.870091962000004,-0.11310790169412117
1785583367.4530354,17.875091951,-0.09488102429342186
1785583367.4580448,17.880092069,-0.0765725441706518
1785583367.4630344,17.88509191,-0.05819868092440383
1785583367.468032,17.890091490999993,-0.03977418222069231
1785583367.473035,17.895091831000002,-0.0213101479215532
1785583367.4780667,17.900091689999996,-0.0028260637683686666
1785583367.483053,17.905092382999996,0.01566798362192981
1785583367.4880397,17.910092055999996,0.03415016668423491
1785583367.4930592,17.915091951999997,0.05261010023509502
1785583367.4980521,17.920092682000003,0.0710350467065861
1785583367.5030415,17.925093688999993,0.08940796353404863
1785583367.5080345,17.930092196000004,0.10770374284977177
1785583367.513062,17.935093073000004,0.12592530139131913
1785583367.5180807,17.94009283999999,0.14404506805767484
1785583367.5230665,17.945092790999993,0.16205296027843172
1785583367.5280488,17.950092834999992,0.179933914969647
1785583367.5330515,17.955092027999996,0.19766994869343507
1785583367.5381033,17.960092349999996,0.21525353108666892
1785583367.5430403,17.965092634,0.23266607183272883
1785583367.5480711,17.97009265999999,0.2498925064457918
1785583367.5530336,17.975092259999997,0.26691811677492905
1785583367.5582266,17.980091767000005,0.28373003735030683
1785583367.5630798,17.985092551999998,0.30031892301677404
1785583367.5680506,17.990092911000005,0.3166653513302804
1785583367.5730388,17.995093029000003,0.33275644460244397
1785583367.5780666,18.000092128999995,0.34857646508963225
1785583367.5830536,18.005092136000002,0.36411838078552883
1785583367.5880394,18.010091994999996,0.3793659289793903
1785583367.593044,18.015092371999998,0.3943084105019656
1785583367.5980341,18.020092027000004,0.40892967897696253
1785583367.603096,18.025091126999996,0.42321813498721933
1785583367.6080532,18.030092893000003,0.4371708114828339
1785583367.6130378,18.035092401,0.45076223910325347
1785583367.6180625,18.040092259000005,0.46398829717625256
1785583367.6230822,18.045092617999998,0.47683816357230946
1785583367.6280665,18.050092237,0.4892978464572707
1785583367.6330347,18.055092114000004,0.5013593651298507
1785583367.638043,18.06009238,0.5130127478616618
1785583367.643036,18.065091776000003,0.5242452355509292
1785583367.6480894,18.070091801999993,0.5350506761526377
1785583367.6530461,18.075092513,0.5454198055506096
1785583367.6580367,18.080092223999998,0.555340308591899
1785583367.6631017,18.085098322999997,0.5648175984252287
1785583367.6680796,18.090092571,0.5738097606552778
1785583367.6730714,18.095093614999996,0.5823433053059702
1785583367.678072,18.100092789,0.5903953647194112
1785583367.6830678,18.105092499999998,0.5979630058854071
1785583367.6881049,18.110092839999993,0.6050395883021765
1785583367.6930995,18.115091718000002,0.6116160668533592
1785583367.6980727,18.120092835999998,0.6176913875633044
1785583367.703067,18.125092084000002,0.6232551060527182
1785583367.708104,18.130092147,0.6283053905582994
1785583367.713074,18.135091802000005,0.6328363825567194
1785583367.7180667,18.140092346000003,0.6368450453767673
1785583367.7230644,18.145091705,0.6403260556295638
1785583367.7280664,18.150092082,0.6432776981552761
1785583367.733068,18.155091756000004,0.6456960680599693
1785583367.7380695,18.160092300000002,0.647579499055856
1785583367.743063,18.165092251999994,0.6489254376193001
1785583367.7480857,18.170091628999998,0.6497325628860445
1785583367.7530687,18.175093302999997,0.6499999921702289
1785583367.7580721,18.180092791999996,0.6497268481783565
1785583367.7630692,18.185092279999992,0.6489131958450817
1785583367.7680757,18.190092084,0.6475592124182454
1785583367.7732193,18.195108904999998,0.6456582979321438
1785583367.7780242,18.200092876,0.6432330888635884
1785583367.7830386,18.205157233999998,0.6402224423154559
1785583367.7881093,18.210098333999994,0.6367563789129453
1785583367.7931392,18.21509367499999,0.6327239737115883
1785583367.7982743,18.220116477999994,0.6281368273228124
1785583367.803151,18.225108152000004,0.6230524590927193
1785583367.807973,18.230088029,0.6174617881502684
1785583367.812971,18.235089239999994,0.6113304257663383
1785583367.8181217,18.240096099,0.6046781721935754
1785583367.823116,18.245097625,0.5975247624068452
1785583367.8280928,18.250094484,0.5898763813525774
1785583367.8330967,18.255093028000005,0.5817297939871062
1785583367.8380346,18.260091461000002,0.5730941543068752
1785583367.8430135,18.265091819999995,0.563972561230668
1785583367.8480976,18.270095030999997,0.5543699418206347
1785583367.8531322,18.275100038000005,0.5442953863928551
1785583367.858143,18.28009523,0.5337814969088432
1785583367.863103,18.285095978,0.5228050131390692
1785583367.8680382,18.290091188999995,0.5113991608274129
1785583367.873069,18.295097158999994,0.49953533083275825
1785583367.878349,18.30009057299999,0.48727865021350225
1785583367.8830795,18.305090284000002,0.47459365319725005
1785583367.8880417,18.310094512999996,0.4614939083789151
1785583367.8930352,18.315093094000005,0.4480169024990556
1785583367.898029,18.320092527,0.4341567532362941
1785583367.9030323,18.325090664,0.41993087184932754
1785583367.9082453,18.330092559999997,0.4053363430852437
1785583367.9130325,18.335090363999996,0.3904081609673574
1785583367.9180315,18.340092223,0.37513436512464715
1785583367.9230356,18.345092969999996,0.3595431068538352
1785583367.9280329,18.350094033000005,0.3436429676863051
1785583367.9330263,18.355092835999997,0.3274555395283503
1785583367.9381075,18.36009565799999,0.3109738369102709
1785583367.943194,18.365100184,0.2942187774732424
1785583367.9481099,18.370092783999993,0.27725077792894953
1785583367.9530542,18.375093234999994,0.26001714295995526
1785583367.9580376,18.380094334999995,0.2425565247987615
1785583367.9630852,18.385093897999994,0.224891265218698
1785583367.9680333,18.390093034000003,0.20703240645392185
1785583367.973029,18.395092671,0.1889916534967603
1785583367.9780252,18.400092826000005,0.1707840895051018
1785583367.9830227,18.405092963,0.15242700156819422
1785583367.9880397,18.410093599999996,0.1339339756334768
1785583367.993027,18.415093698999996,0.11532449242214567
1785583367.998029,18.42009335499999,0.09661399017723277
1785583368.0030205,18.425090732,0.07782527226156104
1785583368.0080342,18.430094054999998,0.05894328948197393
1785583368.0130322,18.435093469999998,0.04002122670659188
1785583368.018025,18.440092199999995,0.021063059255864998
1785583368.0230198,18.445091837999996,0.002078893170243061
1785583368.0280292,18.450092716,-0.01691634860445446
1785583368.0330298,18.455092723999996,-0.035898429866362644
1785583368.0380275,18.460091582999993,-0.05485007171645199
1785583368.04302,18.465091943000004,-0.07376509019956784
1785583368.048071,18.470092413999993,-0.0926219921190998
1785583368.0530248,18.475090680999998,-0.1113959112480976
1785583368.0580266,18.480092263000003,-0.13009141010508088
1785583368.0630152,18.485093047999996,-0.1486769639136229
1785583368.0680532,18.490091741,-0.16713184979912799
1785583368.0730448,18.495092896999992,-0.18545694639445565
1785583368.078028,18.500092331000005,-0.20362106950972605
1785583368.0830185,18.505092191000003,-0.22161637793023237
1785583368.088061,18.510092958,-0.23942895213999169
1785583368.093027,18.51509204,-0.25703416822079617
1785583368.0980241,18.520093214,-0.2744300145434713
1785583368.1030195,18.525090184999996,-0.2915796314222964
1785583368.1080222,18.530092248000003,-0.3084999185212887
1785583368.1130226,18.535092886,-0.325153814573049
1785583368.1180303,18.540092966999993,-0.3415298299302894
1785583368.1230195,18.54509179,-0.35761151294747956
1785583368.1280217,18.550092167999992,-0.3733938099726485
1785583368.1330292,18.555092621,-0.38885806643213766
1785583368.1380606,18.560093202000004,-0.40399084829456744
1785583368.143019,18.565092765999992,-0.4187754755167378
1785583368.1480436,18.570092403000004,-0.43320224964949133
1785583368.15305,18.575090004000003,-0.44725258052674494
1785583368.1580222,18.580090086,-0.46092670050409756
1785583368.1630366,18.585094075,-0.4742156535006807
1785583368.1680384,18.590091174999998,-0.4870793497137663
1785583368.1730688,18.595093145999996,-0.49953686401493586
1785583368.1780298,18.600092486999998,-0.5115581450869635
1785583368.183021,18.60509216199999,-0.5231398867018073
1785583368.1880286,18.610092392,-0.5342721223525985
1785583368.1930277,18.615092473999994,-0.5449432491314499
1785583368.198026,18.620092240999995,-0.5551433810726474
1785583368.203053,18.625091210999997,-0.564862498584381
1785583368.208025,18.630092386,-0.5740974424517357
1785583368.213024,18.635092227,-0.5828331726501209
1785583368.2180266,18.640092846,-0.5910655052216058
1785583368.2230253,18.645092853999998,-0.598784602672757
1785583368.2280235,18.650092528000002,-0.6
1785583368.2330232,18.655092276999994,-0.6
1785583368.2380645,18.660093024999995,-0.6
1785583368.2430217,18.665092791999996,-0.6
1785583368.248046,18.670092893000003,-0.6
1785583368.2530239,18.675090419,-0.6
1785583368.2580495,18.680093130999992,-0.6
1785583368.263029,18.685093026999994,-0.6
1785583368.2680368,18.690092016999998,-0.6
1785583368.273038,18.695093912999994,-0.6
1785583368.2780368,18.700093569000003,-0.6
1785583368.2830312,18.705092687999993,-0.6
1785583368.2880492,18.710091677999998,-0.6
1785583368.2930293,18.715093351999997,-0.6
1785583368.2980444,18.720092840999996,-0.6
1785583368.3030634,18.725090367999996,-0.6
1785583368.308029,18.730092709000004,-0.6
1785583368.313036,18.735093624,-0.6
1785583368.3180296,18.740092723999993,-0.6
1785583368.323024,18.745092916999994,-0.6
1785583368.3280568,18.750092388,-0.6
1785583368.3330426,18.755093821999992,-0.6
1785583368.3380322,18.760093756000003,-0.6
1785583368.343027,18.765090244999996,-0.6
1785583368.3480752,18.770092270999996,-0.6
1785583368.3530254,18.775090742000003,-0.6
1785583368.3580325,18.78009075,-0.5988282548117456
1785583368.363025,18.785092312999993,-0.5910561716422105
1785583368.3680565,18.79009295099999,-0.5827621626074134
1785583368.373032,18.795092662000002,-0.5739534683804406
1785583368.3780265,18.800093521999997,-0.5646338096568094
1785583368.3830173,18.805092196000004,-0.5548174259848452
1785583368.388032,18.810092334000004,-0.544505578422951
1785583368.3930595,18.815092804999992,-0.5337091019658774
1785583368.3980267,18.820092183,-0.5224403903828689
1785583368.4030218,18.825090598000003,-0.5107090742621828
1785583368.4080238,18.830091587,-0.49851668873824007
1785583368.4130747,18.835097798999996,-0.485866211486511
1785583368.4180396,18.840101770000004,-0.47278701651855837
1785583368.4230287,18.84509274,-0.45932046613365224
1785583368.4280255,18.850092173999997,-0.44542087046653733
1785583368.4330616,18.855093570999998,-0.43111706517685305
1785583368.4380336,18.860092855999994,-0.41643313735231424
1785583368.443024,18.865092493999995,-0.4013748223668583
1785583368.4480472,18.870091927999994,-0.385956898105992
1785583368.453056,18.875091232000003,-0.37019262466227265
1785583368.458074,18.880092684000005,-0.35408839604396397
1785583368.463029,18.885093061999996,-0.33766857916938203
1785583368.4680247,18.890091514000005,-0.3209506488763928
1785583368.4731023,18.89509672599999,-0.3039198212151794
1785583368.478101,18.900095197,-0.28663699692219463
1785583368.4830284,18.905090556000005,-0.2691056399663879
1785583368.4880285,18.910092898000002,-0.2513054933793816
1785583368.4930258,18.915092701999995,-0.2332858207623675
1785583368.4980338,18.920092876,-0.21505222578395006
1785583368.5030239,18.925090514000004,-0.196631571439544
1785583368.5080235,18.930092372999994,-0.1780151942946877
1785583368.513024,18.935092029000003,-0.15924341208676773
1785583368.5180428,18.940090537000003,-0.140329103022344
1785583368.523033,18.945093322999995,-0.12126844405465537
1785583368.5280254,18.950092589999997,-0.10210808451554758
1785583368.5330248,18.955092820000004,-0.08284802795122542
1785583368.53806,18.960091957000003,-0.06351339031704446
1785583368.5430274,18.965093112999995,-0.04410940836921382
1785583368.548046,18.970092620999992,-0.024667667214161724
1785583368.553025,18.975090702999992,-0.005204757235999712
1785583368.5580552,18.980091970000004,0.01427981940444901
1785583368.5630233,18.985092977999997,0.03375514650710433
1785583368.568021,18.990092949,0.05320068123256868
1785583368.573024,18.995092993,0.07260323705595464
1785583368.5780246,19.000092205,0.09194182573370341
1785583368.5831213,19.005095268000005,0.11121703313853387
1785583368.5881028,19.010095257999993,0.13038474996142607
1785583368.5930326,19.015088672999994,0.14941452466540317
1785583368.5980258,19.020092218000002,0.16835263564392927
1785583368.6030269,19.025091595999996,0.18712757523192
1785583368.6080513,19.030095399999993,0.20575452659919755
1785583368.613028,19.035093148,0.22417763281202308
1785583368.6180272,19.040092915999992,0.24241010991790968
1785583368.6230283,19.045092608999994,0.26042758956556755
1785583368.6280327,19.050092320000005,0.2782139701075633
1785583368.6330247,19.055092328,0.295753969904517
1785583368.638027,19.060092595,0.3130313646510468
1785583368.643063,19.06509301,0.3300299069195225
1785583368.6480765,19.070092629,0.3467308487514242
1785583368.6530204,19.075091063000002,0.3631177303903918
1785583368.6580245,19.080092366999992,0.37918860455242254
1785583368.6630356,19.085093782,0.3949195014195445
1785583368.6680307,19.090092494000004,0.4102873244392539
1785583368.6730313,19.095094020000005,0.42529480960022753
1785583368.6780233,19.100092176000004,0.43990958128859575
1785583368.6830282,19.105092517000003,0.4541344628190318
1785583368.688103,19.110094654999997,0.4679546553161808
1785583368.6930335,19.115091347999993,0.48133775408676366
1785583368.6980298,19.120093003999997,0.494299209043469
1785583368.7030258,19.125092697,0.5068085774552779
1785583368.708033,19.130093223000003,0.5188612929350529
1785583368.7130563,19.135093045999994,0.5304423293030439
1785583368.718028,19.140092738999996,0.5415422418787484
1785583368.723029,19.145092875999993,0.5521517954881822
1785583368.7280529,19.150092754,0.5622594436870313
1785583368.7330322,19.155092057999994,0.5718550958708096
1785583368.7380283,19.160091491999992,0.5809310485111131
1785583368.7430243,19.165092647999998,0.5894812393573139
1785583368.7480469,19.170092507999996,0.5974922529229412
1785583368.75303,19.175092348999996,0.6049586416645549
1785583368.75803,19.180093079000002,0.6118744019881903
1785583368.7630267,19.185092994,0.6182304460068031
1785583368.7680275,19.190092871999994,0.6240216911571473
1785583368.773047,19.195093694999997,0.629243415713104
1785583368.7780342,19.200093350999992,0.6338882653647098
1785583368.7830272,19.205091822,0.6379519674878327
1785583368.7880318,19.21009257,0.6414330093403863
1785583368.7930326,19.215092541000004,0.6443253968699129
1785583368.7980285,19.220092604,0.6466266846223367
1785583368.803024,19.225092371000002,0.6483342016354428
1785583368.808028,19.230092193999994,0.6494461255380701
1785583368.8130672,19.235092202000004,0.6499610024339024
1785583368.8180275,19.240091949999993,0.6498779085997658
1785583368.8230255,19.245092494999994,0.6491963885447474
1785583368.828022,19.250092354999992,0.6479168337243816
1785583368.83302,19.255092102999996,0.6460400018281135
1785583368.8380537,19.2600925,0.6435668244748924
1785583368.8430326,19.265092526000004,0.6404996216411913
1785583368.848044,19.270092053,0.6368410425297897
1785583368.8530555,19.27509235699999,0.6325930696151553
1785583368.858099,19.280093846,0.6277585248723986
1785583368.8630784,19.285094743000002,0.6223430828532613
1785583368.868032,19.290093047,0.6163540651597871
1785583368.8730335,19.295093073000004,0.6097915912343607
1785583368.8780334,19.300093155,0.6026632177539153
1785583368.8830295,19.305092162999998,0.594976932372295
1785583368.8880265,19.310092356,0.5867359744253801
1785583368.8930233,19.315092863999993,0.577948782524889
1785583368.8980517,19.320091871999992,0.5686265050047723
1785583368.9030619,19.325093213000002,0.5587701378301174
1785583368.908029,19.330093535000003,0.5483948572680424
1785583368.913026,19.335093005999994,0.5375098771651079
1785583368.9180257,19.340092458,0.5261232738953621
1785583368.9230258,19.345092465999997,0.5142438905929028
1785583368.9280276,19.350092882,0.5018826419697131
1785583368.9330225,19.355092518999996,0.48905367907331754
1785583368.9380276,19.360092823000002,0.47576492241584073
1785583368.9430256,19.365093330999997,0.4620295397682732
1785583368.9480398,19.370091950000003,0.44786598469269756
1785583368.9532013,19.375092995000003,0.43327486603487625
1785583368.9580357,19.380090780000003,0.4182861789533786
1785583368.963034,19.385093936000004,0.4028874979658168
1785583368.9680636,19.390093944,0.38711887477754486
1785583368.9730287,19.395093118999995,0.37098792050361246
1785583368.9780242,19.400092607999994,0.35450580404325494
1785583368.9830658,19.405092948999993,0.33768579154601197
1785583368.988104,19.410094216000005,0.3205429564420217
1785583368.9930978,19.41509518699999,0.30309724688335354
1785583368.9980288,19.420093805999997,0.28537218559927074
1785583369.0030305,19.425093868999994,0.2673707894449145
1785583369.0080297,19.430093118000002,0.24911780511743178
1785583369.013023,19.435093441999996,0.23062324815742308
1785583369.0180213,19.440091635,0.21191621545608802
1785583369.023021,19.445092551000002,0.1929959032051372
1785583369.0280302,19.450092412000004,0.17389411550885345
1785583369.0330255,19.455092234999995,0.15462483429598112
1785583369.0380263,19.460091872999996,0.1352066193537812
1785583369.0430176,19.465092141,0.11565443236688439
1785583369.0480494,19.470092907999998,0.09598703778812646
1785583369.0530338,19.475091917,0.07623176976619783
1785583369.0580235,19.480092202999998,0.05639517738258454
1785583369.0630236,19.485091248999993,0.036505860706788566
1785583369.0680528,19.490091645999996,0.016572207708213802
1785583369.0730243,19.495091098999993,-0.0033778845947616916
1785583369.0780275,19.500092069999994,-0.023335441375514295
1785583369.0830204,19.505098042,-0.043295501213101946
1785583369.088057,19.510091884000005,-0.06317099282054418
1785583369.0930462,19.515092132999996,-0.08301695283761208
1785583369.098024,19.520091937999993,-0.10278731692407882
1785583369.1030216,19.525091872000004,-0.12246562419576276
1785583369.1080258,19.530092807000003,-0.1420366008915628
1785583369.1130261,19.535092019000004,-0.16147102882099926
1785583369.1180968,19.540096637999994,-0.1807779692846126
1785583369.1230907,19.545094480000003,-0.1998921171366725
1785583369.1280267,19.550089932999995,-0.21881251686779465
1785583369.1330266,19.555092664,-0.2375574370007201
1785583369.1380312,19.560091208999992,-0.2560658404028233
1785583369.1430237,19.565092328999995,-0.27434515016258876
1785583369.1480381,19.5700923,-0.2923641458263234
1785583369.1530275,19.575093104999993,-0.3101127091851551
1785583369.1580722,19.580091038999996,-0.32756082582513224
1785583369.1630328,19.585093732999994,-0.3447181737851654
1785583369.1680222,19.590092315999996,-0.3615377594641214
1785583369.1730602,19.595092860999998,-0.3780240001533881
1785583369.1780279,19.60009253599999,-0.39415153073379555
1785583369.1830258,19.60509211899999,-0.40990736789829185
1785583369.1880214,19.610090608999997,-0.4252732366998823
1785583369.19306,19.615092340000004,-0.44024729472559293
1785583369.1980247,19.620092348,-0.4547999500787893
1785583369.2030208,19.625091986,-0.46892123758511084
1785583369.2080204,19.630091995,-0.4825994807480538
1785583369.2130249,19.635092059,-0.4958203966370525
1785583369.2180257,19.640092771,-0.5085725133409293
1785583369.2230554,19.645092871999992,-0.520840108112952
1785583369.2280293,19.650091992,-0.5326104494548481
1785583369.2330263,19.655092056,-0.5438764789136944
1785583369.238027,19.66009049,-0.5546213818763036
1785583369.2430234,19.665092665000003,-0.564845727466941
1785583369.2480407,19.670091487999997,-0.5745248088228436
1785583369.2530243,19.675092144999994,-0.5836592664187796
1785583369.258133,19.680094190999995,-0.5922386204827504
1785583369.263092,19.685093292000005,-0.6
1785583369.2680323,19.690088892999995,-0.6
1785583369.2730303,19.695093419999992,-0.6
1785583369.2780612,19.700090001999996,-0.6
1785583369.2830248,19.705092511000004,-0.6
1785583369.2880301,19.710090834,-0.6
1785583369.2930212,19.715092342999995,-0.6
1785583369.2980244,19.720092592,-0.6
1785583369.3032243,19.725092173999997,-0.6
1785583369.3080354,19.730091404999996,-0.6
1785583369.3130796,19.735100117,-0.6
1785583369.318337,19.740324903,-0.6
1785583369.3232133,19.745113116,-0.6
1785583369.3280394,19.750111680000003,-0.6
1785583369.332985,19.755109929,-0.6
1785583369.3379638,19.760107808,-0.6
1785583369.3430004,19.76511616799999,-0.6
1785583369.3480463,19.770094973,-0.6
1785583369.3528528,19.775082352,-0.6
1785583369.357783,19.780075804999996,-0.6
1785583369.3629642,19.785087942999994,-0.6
1785583369.3680124,19.790134135999992,-0.6
1785583369.3731759,19.795103552,-0.6
1785583369.3782027,19.80016567199999,-0.6
1785583369.3830807,19.805093439999993,-0.6
1785583369.388139,19.810094745,-0.6
1785583369.3930826,19.815094678999998,-0.5951304091112192
1785583369.3980725,19.820092391000003,-0.5867027458919387
1785583369.403087,19.825092696,-0.5776991448041209
1785583369.4080775,19.830092277999995,-0.5681336129220983
1785583369.4131582,19.835092898,-0.558011645629667
1785583369.4180825,19.840093776999993,-0.5473440736286432
1785583369.423081,19.845092988999994,-0.5361452415403666
1785583369.4280741,19.850092645999993,-0.5244211515448964
1785583369.433072,19.855092395,-0.5121836068678638
1785583369.4380784,19.860094015,-0.49943953203243124
1785583369.4430683,19.865092689999997,-0.4862134344242832
1785583369.4480884,19.870092383,-0.4725076773070904
1785583369.453105,19.875092891999998,-0.45833560130954015
1785583369.4580698,19.880092863,-0.4437145224817337
1785583369.4630632,19.885092094,-0.4286591727471837
1785583369.468068,19.890091842999993,-0.4131802039858112
1785583369.473101,19.89509287,-0.39728988364776974
1785583369.4781077,19.900092453,-0.38101213978053805
1785583369.4830768,19.905092443,-0.36435672752690706
1785583369.4880764,19.910093359,-0.34733781849495965
1785583369.493065,19.915092497000003,-0.32998112136879787
1785583369.4980707,19.920092431,-0.31229457163624913
1785583369.5030699,19.92509244,-0.2942977455783814
1785583369.5080705,19.930092725999998,-0.2760073210247734
1785583369.5130732,19.935092678999993,-0.2574432774309782
1785583369.518067,19.940092223999997,-0.2386239841050776
1785583369.5230658,19.945092622000004,-0.21956296649578427
1785583369.5280685,19.950092001,-0.2002859289854804
1785583369.533063,19.955092230999995,-0.18080446964491795
1785583369.5380955,19.960091813999995,-0.1611434259717263
1785583369.5430722,19.965092432999995,-0.14131537863001298
1785583369.548091,19.970092089999994,-0.12134764443662985
1785583369.5530632,19.975092339,-0.10125359671536258
1785583369.5581007,19.980092310999993,-0.08105642258780241
1785583369.5630655,19.985093003999992,-0.0607719135293058
1785583369.5680647,19.990092512999993,-0.04042774431660716
1785583369.5730658,19.995092835999998,-0.020035816550112242
