time,position,velocity,torque,temp_mosfet,temp_rotor,status
1785583349.3487709,0.005531395437552433,-0.010989010989014503,0.00439560439560438,34,31,ENABLE
1785583349.567743,-0.0001907377737087046,-0.010989010989014503,-0.00439560439560438,34,31,ENABLE
1785583349.5823212,-0.0001907377737087046,-0.010989010989014503,-0.00439560439560438,34,31,ENABLE
1785583349.5871391,-0.0001907377737087046,-0.010989010989014503,-0.00439560439560438,34,31,ENABLE
1785583349.5916672,-0.0001907377737087046,-0.010989010989014503,-0.00439560439560438,34,31,ENABLE
1785583349.595468,-0.0001907377737087046,0.010989010989014503,0.0219780219780219,34,31,ENABLE
1785583349.6007712,-0.0001907377737087046,-0.010989010989014503,0.04835164835164818,34,31,ENABLE
1785583349.6060588,0.0001907377737087046,0.0329670329670364,0.08351648351648322,34,31,ENABLE
1785583349.6111999,0.000953688868543523,0.0989010989011021,0.10109890109890074,34,31,ENABLE
1785583349.616468,0.0013351644159609322,0.0989010989011021,0.11868131868131826,34,31,ENABLE
1785583349.6213148,0.0017166399633783413,0.0989010989011021,0.13626373626373578,34,31,ENABLE
1785583349.6258178,0.0024795910582131597,0.0989010989011021,0.16263736263736206,34,31,ENABLE
1785583349.6310961,0.003242542153047978,0.120879120879124,0.17142857142857082,34,31,ENABLE
1785583349.6360567,0.004386968795300206,0.2087912087912116,0.18021978021977958,34,31,ENABLE
1785583349.641019,0.005912870984969842,0.2967032967032992,0.16263736263736206,34,31,ENABLE
1785583349.646049,0.00705729762722207,0.2087912087912116,0.14505494505494454,34,31,ENABLE
1785583349.6511528,0.007438773174639479,0.120879120879124,0.18021978021977958,34,31,ENABLE
1785583349.6560373,0.008201724269474298,0.1428571428571459,0.22417582417582338,34,31,ENABLE
1785583349.661077,0.009727626459143934,0.2747252747252773,0.2417582417582409,34,31,ENABLE
1785583349.666124,0.011253528648813571,0.2527472527472554,0.21538461538461462,34,31,ENABLE
1785583349.6711235,0.013923857480735435,0.4285714285714306,0.18901098901098834,34,31,ENABLE
1785583349.6760361,0.015449759670405072,0.3626373626373649,0.1538461538461533,34,31,ENABLE
1785583349.6810324,0.017357137407492118,0.3846153846153868,0.13626373626373578,34,31,ENABLE
1785583349.686033,0.019264515144579164,0.3626373626373649,0.1098901098901095,34,31,ENABLE
1785583349.6910787,0.02155336842908362,0.4065934065934087,0.12747252747252702,34,31,ENABLE
1785583349.696037,0.023079270618753256,0.340659340659343,0.11868131868131826,34,31,ENABLE
1785583349.7010446,0.02536812390325771,0.3846153846153868,0.12747252747252702,34,31,ENABLE
1785583349.706144,0.027275501640344757,0.4065934065934087,0.1098901098901095,34,31,ENABLE
1785583349.711208,0.029564354924849212,0.4065934065934087,0.12747252747252702,34,31,ENABLE
1785583349.716566,0.03109025711451885,0.340659340659343,0.12747252747252702,34,31,ENABLE
1785583349.7215536,0.032997634851605895,0.3626373626373649,0.14505494505494454,34,31,ENABLE
1785583349.7262602,0.03490501258869294,0.3626373626373649,0.1538461538461533,34,31,ENABLE
1785583349.7312784,0.03643091477836258,0.3626373626373649,0.17142857142857082,34,31,ENABLE
1785583349.7363014,0.03871976806286703,0.4065934065934087,0.18901098901098834,34,31,ENABLE
1785583349.7412598,0.03948271915770185,0.2527472527472554,0.20659340659340586,34,31,ENABLE
1785583349.7462668,0.041771572442206306,0.340659340659343,0.2417582417582409,34,31,ENABLE
1785583349.7513142,0.04367895017929335,0.3626373626373649,0.21538461538461462,34,31,ENABLE
1785583349.7562983,0.046349279011215216,0.5164835164835182,0.1978021978021971,34,31,ENABLE
1785583349.7612934,0.04825665674830226,0.4065934065934087,0.1538461538461533,34,31,ENABLE
1785583349.7662709,0.05092698558022413,0.4725274725274744,0.14505494505494454,34,31,ENABLE
1785583349.771264,0.05245288776989376,0.3626373626373649,0.1538461538461533,34,31,ENABLE
1785583349.776927,0.05474174105439822,0.4065934065934087,0.17142857142857082,34,31,ENABLE
1785583349.7813172,0.056649118791485265,0.4065934065934087,0.16263736263736206,34,31,ENABLE
1785583349.786076,0.05931944762340713,0.4725274725274744,0.13626373626373578,34,31,ENABLE
1785583349.791127,0.0623712520027464,0.560439560439562,0.1098901098901095,34,31,ENABLE
1785583349.796268,0.06466010528725086,0.4725274725274744,0.09230769230769198,34,31,ENABLE
1785583349.8013086,0.06694895857175531,0.4725274725274744,0.08351648351648322,34,31,ENABLE
1785583349.8062563,0.06885633630884236,0.4065934065934087,0.10109890109890074,34,31,ENABLE
1785583349.8112867,0.07114518959334681,0.3846153846153868,0.11868131868131826,34,31,ENABLE
1785583349.816288,0.07228961623559904,0.2967032967032992,0.16263736263736206,34,31,ENABLE
1785583349.8212612,0.0745784695201035,0.4065934065934087,0.1978021978021971,34,31,ENABLE
1785583349.8262646,0.07610437170977313,0.340659340659343,0.20659340659340586,34,31,ENABLE
1785583349.831288,0.078774700541695,0.4725274725274744,0.21538461538461462,34,31,ENABLE
1785583349.8362627,0.08030060273136463,0.4065934065934087,0.1978021978021971,34,31,ENABLE
1785583349.8412795,0.08335240711070391,0.4725274725274744,0.16263736263736206,34,31,ENABLE
1785583349.84629,0.08564126039520836,0.4505494505494525,0.16263736263736206,34,31,ENABLE
1785583349.8512552,0.08793011367971282,0.4505494505494525,0.14505494505494454,34,31,ENABLE
1785583349.8562827,0.09060044251163468,0.5164835164835182,0.12747252747252702,34,31,ENABLE
1785583349.861311,0.09250782024872173,0.4065934065934087,0.11868131868131826,34,31,ENABLE
1785583349.8662736,0.09517814908064359,0.4725274725274744,0.1098901098901095,34,31,ENABLE
1785583349.8713021,0.09746700236514805,0.4945054945054963,0.1098901098901095,34,31,ENABLE
1785583349.8762817,0.0997558556496525,0.4505494505494525,0.08351648351648322,34,31,ENABLE
1785583349.8812652,0.10318913557640919,0.5824175824175839,0.07472527472527446,34,31,ENABLE
1785583349.8862636,0.10547798886091364,0.4945054945054963,0.0659340659340657,34,31,ENABLE
1785583349.8912838,0.1077668421454181,0.4505494505494525,0.05714285714285694,34,31,ENABLE
1785583349.896267,0.10967421988250514,0.4065934065934087,0.08351648351648322,34,31,ENABLE
1785583349.9012666,0.11158159761959219,0.3626373626373649,0.10109890109890074,34,31,ENABLE
1785583349.9062853,0.11348897535667923,0.4065934065934087,0.1538461538461533,34,31,ENABLE
1785583349.9112906,0.11539635309376628,0.3626373626373649,0.17142857142857082,34,31,ENABLE
1785583349.9162877,0.11730373083085333,0.3846153846153868,0.18901098901098834,34,31,ENABLE
1785583349.9212677,0.11959258411535778,0.4285714285714306,0.17142857142857082,34,31,ENABLE
1785583349.9262626,0.12226291294727964,0.4945054945054963,0.16263736263736206,34,31,ENABLE
1785583349.9312801,0.1245517662317841,0.4505494505494525,0.12747252747252702,34,31,ENABLE
1785583349.9362774,0.12760357061112337,0.5164835164835182,0.1098901098901095,34,31,ENABLE
1785583349.9412441,0.12989242389562783,0.5164835164835182,0.10109890109890074,34,31,ENABLE
1785583349.9463158,0.1325627527275497,0.4725274725274744,0.07472527472527446,34,31,ENABLE
1785583349.951285,0.13523308155947156,0.560439560439562,0.05714285714285694,34,31,ENABLE
1785583349.9563112,0.137521934843976,0.4725274725274744,0.05714285714285694,34,31,ENABLE
1785583349.9612634,0.13981078812848047,0.4285714285714306,0.05714285714285694,34,31,ENABLE
1785583349.9662862,0.14209964141298492,0.4285714285714306,0.09230769230769198,34,31,ENABLE
1785583349.97131,0.14400701915007197,0.4065934065934087,0.10109890109890074,34,31,ENABLE
1785583349.9762728,0.14629587243457642,0.4505494505494525,0.11868131868131826,34,31,ENABLE
1785583349.9812617,0.14820325017166347,0.3846153846153868,0.12747252747252702,34,31,ENABLE
1785583349.98627,0.15049210345616792,0.4505494505494525,0.14505494505494454,34,31,ENABLE
1785583349.9913354,0.15201800564583756,0.340659340659343,0.16263736263736206,34,31,ENABLE
1785583349.9962916,0.1539253833829246,0.340659340659343,0.1978021978021971,34,31,ENABLE
1785583350.0012848,0.15621423666742906,0.4065934065934087,0.18901098901098834,34,31,ENABLE
1785583350.0062854,0.15850308995193352,0.4285714285714306,0.18901098901098834,34,31,ENABLE
1785583350.0112822,0.16079194323643797,0.4285714285714306,0.16263736263736206,34,31,ENABLE
1785583350.016258,0.16346227206835984,0.5164835164835182,0.1538461538461533,34,31,ENABLE
1785583350.0212991,0.16536964980544688,0.4505494505494525,0.13626373626373578,34,31,ENABLE
1785583350.0262601,0.16842145418478616,0.5164835164835182,0.11868131868131826,34,31,ENABLE
1785583350.031398,0.17109178301670802,0.5164835164835182,0.09230769230769198,34,31,ENABLE
1785583350.0364728,0.17376211184862989,0.4945054945054963,0.07472527472527446,34,31,ENABLE
1785583350.0415428,0.17643244068055175,0.560439560439562,0.05714285714285694,34,31,ENABLE
1785583350.0464838,0.17910276951247361,0.5164835164835182,0.04835164835164818,34,31,ENABLE
1785583350.0515385,0.18139162279697807,0.4725274725274744,0.05714285714285694,34,31,ENABLE
1785583350.0565472,0.18329900053406512,0.4065934065934087,0.09230769230769198,34,31,ENABLE
1785583350.061551,0.18482490272373475,0.3626373626373649,0.11868131868131826,34,31,ENABLE
1785583350.06653,0.1871137560082392,0.3846153846153868,0.16263736263736206,34,31,ENABLE
1785583350.07156,0.18902113374532625,0.4065934065934087,0.17142857142857082,34,31,ENABLE
1785583350.0765839,0.1913099870298307,0.4505494505494525,0.17142857142857082,34,31,ENABLE
1785583350.0815425,0.19359884031433516,0.4285714285714306,0.1538461538461533,34,31,ENABLE
1785583350.0865355,0.19626916914625703,0.4725274725274744,0.1538461538461533,34,31,ENABLE
1785583350.0914805,0.19817654688334407,0.4065934065934087,0.1538461538461533,34,31,ENABLE
1785583350.0965364,0.20084687571526594,0.4725274725274744,0.1538461538461533,34,31,ENABLE
1785583350.1014934,0.20275425345235298,0.4505494505494525,0.13626373626373578,34,31,ENABLE
1785583350.1065319,0.20580605783169226,0.4945054945054963,0.12747252747252702,34,31,ENABLE
1785583350.1115007,0.20847638666361412,0.5164835164835182,0.1098901098901095,34,31,ENABLE
1785583350.1165571,0.21076523994811858,0.4725274725274744,0.09230769230769198,34,31,ENABLE
1785583350.1214843,0.21381704432745785,0.5384615384615401,0.08351648351648322,34,31,ENABLE
1785583350.126476,0.2157244220645449,0.4725274725274744,0.08351648351648322,34,31,ENABLE
1785583350.1315312,0.21839475089646676,0.4725274725274744,0.07472527472527446,34,31,ENABLE
1785583350.1365335,0.22068360418097122,0.4725274725274744,0.09230769230769198,34,31,ENABLE
1785583350.1415398,0.22259098191805826,0.4065934065934087,0.10109890109890074,34,31,ENABLE
1785583350.146536,0.22487983520256272,0.4065934065934087,0.14505494505494454,34,31,ENABLE
1785583350.1514828,0.22640573739223235,0.340659340659343,0.18021978021977958,34,31,ENABLE
1785583350.1565335,0.22755016403448458,0.2307692307692335,0.23296703296703214,34,31,ENABLE
1785583350.1615276,0.22983901731898904,0.4065934065934087,0.2417582417582409,34,31,ENABLE
1785583350.1665487,0.2325093461509109,0.4505494505494525,0.21538461538461462,34,31,ENABLE
1785583350.1715596,0.23517967498283276,0.4945054945054963,0.18021978021977958,34,31,ENABLE
1785583350.1763532,0.23823147936217204,0.560439560439562,0.1538461538461533,34,31,ENABLE
1785583350.181254,0.24013885709925908,0.4285714285714306,0.12747252747252702,34,31,ENABLE
1785583350.1862726,0.24280918593118095,0.4945054945054963,0.12747252747252702,34,31,ENABLE
1785583350.1912856,0.244716563668268,0.4505494505494525,0.12747252747252702,34,31,ENABLE
1785583350.1962824,0.24738689250018986,0.4945054945054963,0.11868131868131826,34,31,ENABLE
1785583350.2012887,0.2504386968795309,0.560439560439562,0.10109890109890074,34,31,ENABLE
1785583350.2062628,0.25272755016403536,0.4945054945054963,0.08351648351648322,34,31,ENABLE
1785583350.2112987,0.25577935454337464,0.5384615384615401,0.07472527472527446,34,31,ENABLE
1785583350.2162743,0.2580682078278791,0.4725274725274744,0.08351648351648322,34,31,ENABLE
1785583350.2213032,0.25997558556496614,0.4065934065934087,0.09230769230769198,34,31,ENABLE
1785583350.2263,0.2618829633020532,0.4065934065934087,0.14505494505494454,34,31,ENABLE
1785583350.231285,0.26417181658655764,0.4285714285714306,0.1538461538461533,34,31,ENABLE
1785583350.2362864,0.2668421454184795,0.4505494505494525,0.16263736263736206,34,31,ENABLE
1785583350.2412817,0.26874952315556655,0.4065934065934087,0.1538461538461533,34,31,ENABLE
1785583350.2462602,0.2714198519874884,0.4945054945054963,0.17142857142857082,34,31,ENABLE
1785583350.2512755,0.27294575417715805,0.3626373626373649,0.1538461538461533,34,31,ENABLE
1785583350.256247,0.2759975585564973,0.5164835164835182,0.17142857142857082,34,31,ENABLE
1785583350.2612624,0.2782864118410018,0.4725274725274744,0.13626373626373578,34,31,ENABLE
1785583350.2662792,0.28095674067292364,0.5164835164835182,0.1098901098901095,34,31,ENABLE
1785583350.2713106,0.2840085450522629,0.5824175824175839,0.09230769230769198,34,31,ENABLE
1785583350.276278,0.2862973983367674,0.4725274725274744,0.07472527472527446,34,31,ENABLE
1785583350.2812707,0.28896772716868924,0.4945054945054963,0.07472527472527446,34,31,ENABLE
1785583350.286299,0.2908751049057763,0.4725274725274744,0.09230769230769198,34,31,ENABLE
1785583350.2912915,0.29316395819028074,0.4505494505494525,0.1098901098901095,34,31,ENABLE
1785583350.2962809,0.2954528114747852,0.4285714285714306,0.13626373626373578,34,31,ENABLE
1785583350.3012779,0.29774166475928965,0.4285714285714306,0.14505494505494454,34,31,ENABLE
1785583350.306272,0.2996490424963767,0.4065934065934087,0.16263736263736206,34,31,ENABLE
1785583350.3112857,0.30193789578088115,0.3846153846153868,0.17142857142857082,34,31,ENABLE
1785583350.3162963,0.3038452735179682,0.3846153846153868,0.18021978021977958,34,31,ENABLE
1785583350.3213272,0.30613412680247265,0.4065934065934087,0.18021978021977958,34,31,ENABLE
1785583350.3262804,0.3084229800869771,0.4725274725274744,0.18021978021977958,34,31,ENABLE
1785583350.331353,0.31033035782406415,0.4285714285714306,0.16263736263736206,34,31,ENABLE
1785583350.3362534,0.3133821622034034,0.4945054945054963,0.16263736263736206,34,31,ENABLE
1785583350.34128,0.31528953994049047,0.4065934065934087,0.14505494505494454,34,31,ENABLE
1785583350.346268,0.31795986877241234,0.5164835164835182,0.14505494505494454,34,31,ENABLE
1785583350.3512595,0.3202487220569168,0.4725274725274744,0.12747252747252702,34,31,ENABLE
1785583350.3562505,0.32330052643625606,0.4945054945054963,0.10109890109890074,34,31,ENABLE
1785583350.3612766,0.32597085526817793,0.5824175824175839,0.08351648351648322,34,31,ENABLE
1785583350.3662376,0.327878233005265,0.4285714285714306,0.08351648351648322,34,31,ENABLE
1785583350.3713226,0.33054856183718684,0.4945054945054963,0.09230769230769198,34,31,ENABLE
1785583350.3762746,0.3324559395742739,0.4065934065934087,0.1098901098901095,34,31,ENABLE
1785583350.3812783,0.33512626840619575,0.4285714285714306,0.12747252747252702,34,31,ENABLE
1785583350.386277,0.3366521705958654,0.3846153846153868,0.1538461538461533,34,31,ENABLE
1785583350.3913028,0.33932249942778725,0.4285714285714306,0.17142857142857082,34,31,ENABLE
1785583350.3963053,0.3408484016174569,0.340659340659343,0.18901098901098834,34,31,ENABLE
1785583350.401278,0.34351873044937875,0.4285714285714306,0.18021978021977958,34,31,ENABLE
1785583350.4062595,0.3454261081864658,0.4725274725274744,0.17142857142857082,34,31,ENABLE
1785583350.411308,0.34809643701838766,0.4505494505494525,0.16263736263736206,34,31,ENABLE
1785583350.4163313,0.35114824139772693,0.560439560439562,0.14505494505494454,34,31,ENABLE
1785583350.4212763,0.3534370946822314,0.5164835164835182,0.1098901098901095,34,31,ENABLE
1785583350.4262571,0.35610742351415325,0.4945054945054963,0.09230769230769198,34,31,ENABLE
1785583350.4312887,0.3583962767986577,0.4505494505494525,0.10109890109890074,34,31,ENABLE
1785583350.4362788,0.36030365453574476,0.4285714285714306,0.10109890109890074,34,31,ENABLE
1785583350.4412751,0.3625925078202492,0.4725274725274744,0.11868131868131826,34,31,ENABLE
1785583350.4462788,0.36488136110475367,0.4285714285714306,0.10109890109890074,34,31,ENABLE
1785583350.4512916,0.36793316548409294,0.5164835164835182,0.1098901098901095,34,31,ENABLE
1785583350.4563131,0.36984054322118,0.4065934065934087,0.1098901098901095,34,31,ENABLE
1785583350.4612732,0.37212939650568444,0.4285714285714306,0.12747252747252702,34,31,ENABLE
1785583350.466267,0.37327382314793667,0.3186813186813211,0.14505494505494454,34,31,ENABLE
1785583350.4712594,0.3755626764324411,0.3846153846153868,0.18901098901098834,34,31,ENABLE
1785583350.4763613,0.37708857862211076,0.340659340659343,0.1978021978021971,34,31,ENABLE
1785583350.4812827,0.3793774319066152,0.4065934065934087,0.21538461538461462,34,31,ENABLE
1785583350.4862783,0.38128480964370226,0.4065934065934087,0.20659340659340586,34,31,ENABLE
1785583350.4912987,0.3839551384756241,0.4725274725274744,0.1978021978021971,34,31,ENABLE
1785583350.4962816,0.38586251621271117,0.4065934065934087,0.17142857142857082,34,31,ENABLE
1785583350.501256,0.38891432059205044,0.5164835164835182,0.1538461538461533,34,31,ENABLE
1785583350.5062912,0.3908216983291375,0.4725274725274744,0.14505494505494454,34,31,ENABLE
1785583350.5112376,0.39349202716105935,0.4945054945054963,0.13626373626373578,34,31,ENABLE
1785583350.5162714,0.3961623559929812,0.5164835164835182,0.1098901098901095,34,31,ENABLE
1785583350.5212746,0.3984512092774857,0.4505494505494525,0.08351648351648322,34,31,ENABLE
1785583350.526276,0.40112153810940754,0.5164835164835182,0.09230769230769198,34,31,ENABLE
1785583350.5312963,0.403410391393912,0.4285714285714306,0.09230769230769198,34,31,ENABLE
1785583350.536277,0.40569924467841645,0.4505494505494525,0.10109890109890074,34,31,ENABLE
1785583350.5412998,0.4076066224155035,0.4065934065934087,0.11868131868131826,34,31,ENABLE
1785583350.5462704,0.40989547570000795,0.4725274725274744,0.11868131868131826,34,31,ENABLE
1785583350.5512743,0.411802853437095,0.3846153846153868,0.13626373626373578,34,31,ENABLE
1785583350.5562704,0.41409170672159945,0.4065934065934087,0.14505494505494454,34,31,ENABLE
1785583350.561232,0.4152361333638517,0.3186813186813211,0.18021978021977958,34,31,ENABLE
1785583350.5662503,0.41752498664835613,0.3846153846153868,0.20659340659340586,34,31,ENABLE
1785583350.5712955,0.4194323643854432,0.3626373626373649,0.1978021978021971,34,31,ENABLE
1785583350.576291,0.42210269321736504,0.5164835164835182,0.18901098901098834,34,31,ENABLE
1785583350.5815334,0.4243915465018695,0.4285714285714306,0.16263736263736206,34,31,ENABLE
1785583350.5865803,0.42668039978637395,0.4725274725274744,0.13626373626373578,34,31,ENABLE
1785583350.5915294,0.4289692530708784,0.4285714285714306,0.13626373626373578,34,31,ENABLE
1785583350.596528,0.43125810635538286,0.4285714285714306,0.12747252747252702,34,31,ENABLE
1785583350.60153,0.43392843518730473,0.5164835164835182,0.11868131868131826,34,31,ENABLE
1785583350.6065314,0.4362172884718092,0.4505494505494525,0.09230769230769198,34,31,ENABLE
1785583350.6115272,0.43888761730373105,0.4945054945054963,0.08351648351648322,34,31,ENABLE
1785583350.6164882,0.4411764705882355,0.4725274725274744,0.07472527472527446,34,31,ENABLE
1785583350.6215284,0.44308384832532255,0.4505494505494525,0.08351648351648322,34,31,ENABLE
1785583350.626519,0.4449912260624096,0.3846153846153868,0.1098901098901095,34,31,ENABLE
1785583350.631476,0.44689860379949664,0.3846153846153868,0.13626373626373578,34,31,ENABLE
1785583350.6364734,0.44804303044174887,0.2527472527472554,0.16263736263736206,34,31,ENABLE
1785583350.6414757,0.4499504081788359,0.340659340659343,0.1978021978021971,34,31,ENABLE
1785583350.6464844,0.45185778591592296,0.340659340659343,0.20659340659340586,34,31,ENABLE
1785583350.6515334,0.45376516365301,0.3846153846153868,0.21538461538461462,34,31,ENABLE
1785583350.6564713,0.45567254139009705,0.3626373626373649,0.20659340659340586,34,31,ENABLE
1785583350.6614816,0.4579613946746015,0.4065934065934087,0.18901098901098834,34,31,ENABLE
1785583350.6666112,0.45986877241168855,0.3626373626373649,0.18901098901098834,34,31,ENABLE
1785583350.671543,0.4617761501487756,0.3626373626373649,0.18901098901098834,34,31,ENABLE
1785583350.6765313,0.46368352788586265,0.4065934065934087,0.18021978021977958,34,31,ENABLE
1785583350.681476,0.4663538567177845,0.4505494505494525,0.16263736263736206,34,31,ENABLE
1785583350.686549,0.46826123445487156,0.4285714285714306,0.14505494505494454,34,31,ENABLE
1785583350.6915343,0.470550087739376,0.4725274725274744,0.12747252747252702,34,31,ENABLE
1785583350.6964762,0.47283894102388047,0.4285714285714306,0.1098901098901095,34,31,ENABLE
1785583350.7015257,0.47550926985580233,0.4725274725274744,0.10109890109890074,34,31,ENABLE
1785583350.7064714,0.4774166475928894,0.4285714285714306,0.09230769230769198,34,31,ENABLE
1785583350.7115068,0.47970550087739383,0.4285714285714306,0.08351648351648322,34,31,ENABLE
1785583350.7165267,0.4819943541618983,0.4285714285714306,0.09230769230769198,34,31,ENABLE
1785583350.7214804,0.48428320744640274,0.4285714285714306,0.09230769230769198,34,31,ENABLE
1785583350.7264893,0.4861905851834898,0.4065934065934087,0.10109890109890074,34,31,ENABLE
1785583350.7315478,0.4877164873731594,0.3186813186813211,0.11868131868131826,34,31,ENABLE
1785583350.7365708,0.48886091401541165,0.2307692307692335,0.1538461538461533,34,31,ENABLE
1785583350.7415407,0.4907682917524987,0.2967032967032992,0.1978021978021971,34,31,ENABLE
1785583350.7465234,0.4919127183947509,0.2747252747252773,0.21538461538461462,34,31,ENABLE
1785583350.7514834,0.49382009613183797,0.3186813186813211,0.22417582417582338,34,31,ENABLE
1785583350.7565286,0.49649042496375984,0.4285714285714306,0.18901098901098834,34,31,ENABLE
1785583350.761471,0.4983978027008469,0.4285714285714306,0.16263736263736206,34,31,ENABLE
1785583350.7665243,0.5006866559853513,0.3846153846153868,0.12747252747252702,34,31,ENABLE
1785583350.7715213,0.5025940337224384,0.4285714285714306,0.12747252747252702,34,31,ENABLE
1785583350.7764778,0.5045014114595254,0.3626373626373649,0.13626373626373578,34,31,ENABLE
1785583350.7815282,0.5060273136491951,0.340659340659343,0.14505494505494454,34,31,ENABLE
1785583350.786468,0.5079346913862821,0.3846153846153868,0.14505494505494454,34,31,ENABLE
1785583350.7915297,0.510605020218204,0.4505494505494525,0.12747252747252702,34,31,ENABLE
1785583350.7965794,0.512512397955291,0.4065934065934087,0.10109890109890074,34,31,ENABLE
1785583350.801488,0.5148012512397955,0.4285714285714306,0.09230769230769198,34,31,ENABLE
1785583350.8064764,0.5167086289768825,0.3846153846153868,0.08351648351648322,34,31,ENABLE
1785583350.8114643,0.5186160067139696,0.3626373626373649,0.10109890109890074,34,31,ENABLE
1785583350.8164759,0.5201419089036392,0.340659340659343,0.1098901098901095,34,31,ENABLE
1785583350.8217447,0.5216678110933088,0.3186813186813211,0.13626373626373578,34,31,ENABLE
1785583350.8265228,0.5235751888303959,0.3186813186813211,0.16263736263736206,34,31,ENABLE
1785583350.8314664,0.5247196154726481,0.2527472527472554,0.17142857142857082,34,31,ENABLE
1785583350.8364725,0.5266269932097352,0.3186813186813211,0.18901098901098834,34,31,ENABLE
1785583350.8414824,0.5281528953994048,0.3186813186813211,0.18021978021977958,34,31,ENABLE
1785583350.8464603,0.5296787975890744,0.2747252747252773,0.18021978021977958,34,31,ENABLE
1785583350.851484,0.5312046997787441,0.3186813186813211,0.18901098901098834,34,31,ENABLE
1785583350.856471,0.5327306019684137,0.2747252747252773,0.18901098901098834,34,31,ENABLE
1785583350.8614838,0.5342565041580833,0.2967032967032992,0.1978021978021971,34,31,ENABLE
1785583350.8664773,0.535782406347753,0.2967032967032992,0.20659340659340586,34,31,ENABLE
1785583350.8715253,0.5373083085374226,0.2747252747252773,0.20659340659340586,34,31,ENABLE
1785583350.8764634,0.5392156862745097,0.3626373626373649,0.1978021978021971,34,31,ENABLE
1785583350.8814988,0.5411230640115967,0.3626373626373649,0.16263736263736206,34,31,ENABLE
1785583350.8864684,0.5434119172961012,0.4285714285714306,0.14505494505494454,34,31,ENABLE
1785583350.8914604,0.5453192950331882,0.3846153846153868,0.11868131868131826,34,31,ENABLE
1785583350.896463,0.5476081483176927,0.4065934065934087,0.10109890109890074,34,31,ENABLE
1785583350.9014707,0.5491340505073623,0.3186813186813211,0.09230769230769198,34,31,ENABLE
1785583350.9065444,0.5510414282444493,0.3626373626373649,0.10109890109890074,34,31,ENABLE
1785583350.9114952,0.552567330434119,0.340659340659343,0.09230769230769198,34,31,ENABLE
1785583350.9165447,0.5548561837186234,0.3626373626373649,0.09230769230769198,34,31,ENABLE
1785583350.9215446,0.5560006103608757,0.3186813186813211,0.10109890109890074,34,31,ENABLE
1785583350.9265487,0.5575265125505453,0.2747252747252773,0.1098901098901095,34,31,ENABLE
1785583350.9315262,0.5594338902876324,0.340659340659343,0.12747252747252702,34,31,ENABLE
1785583350.9364746,0.5605783169298846,0.2967032967032992,0.11868131868131826,34,31,ENABLE
1785583350.9414732,0.5621042191195542,0.2747252747252773,0.13626373626373578,34,31,ENABLE
1785583350.9464772,0.5640115968566413,0.2967032967032992,0.13626373626373578,34,31,ENABLE
1785583350.9515297,0.5651560234988935,0.2527472527472554,0.1538461538461533,34,31,ENABLE
1785583350.9564655,0.5663004501411457,0.2307692307692335,0.17142857142857082,34,31,ENABLE
1785583350.9614732,0.567444876783398,0.2307692307692335,0.18901098901098834,34,31,ENABLE
1785583350.9665163,0.5685893034256502,0.2307692307692335,0.1978021978021971,34,31,ENABLE
1785583350.971527,0.5704966811627372,0.3186813186813211,0.18021978021977958,34,31,ENABLE
1785583350.9764702,0.5724040588998243,0.3626373626373649,0.1538461538461533,34,31,ENABLE
1785583350.9814644,0.5739299610894939,0.2967032967032992,0.12747252747252702,34,31,ENABLE
1785583350.9865074,0.5754558632791635,0.3186813186813211,0.12747252747252702,34,31,ENABLE
1785583350.9915476,0.5769817654688332,0.2747252747252773,0.12747252747252702,34,31,ENABLE
1785583350.9964714,0.5785076676585028,0.2747252747252773,0.13626373626373578,34,31,ENABLE
1785583351.0015326,0.579652094300755,0.2307692307692335,0.14505494505494454,34,31,ENABLE
1785583351.0064645,0.5807965209430073,0.2087912087912116,0.16263736263736206,34,31,ENABLE
1785583351.011564,0.5819409475852595,0.2527472527472554,0.17142857142857082,34,31,ENABLE
1785583351.016473,0.584229800869764,0.340659340659343,0.14505494505494454,34,31,ENABLE
1785583351.0214682,0.586137178606851,0.3846153846153868,0.10109890109890074,34,31,ENABLE
1785583351.0264618,0.5876630807965206,0.3626373626373649,0.0659340659340657,34,31,ENABLE
1785583351.0314703,0.5891889829861903,0.2527472527472554,0.0659340659340657,34,31,ENABLE
1785583351.0364804,0.5903334096284425,0.2307692307692335,0.08351648351648322,34,31,ENABLE
1785583351.041469,0.5914778362706947,0.2087912087912116,0.1098901098901095,34,31,ENABLE
1785583351.0464637,0.5922407873655295,0.2087912087912116,0.12747252747252702,34,31,ENABLE
1785583351.0515351,0.5933852140077818,0.2087912087912116,0.14505494505494454,34,31,ENABLE
1785583351.0564747,0.5949111161974514,0.2527472527472554,0.14505494505494454,34,31,ENABLE
1785583351.061465,0.596437018387121,0.2527472527472554,0.12747252747252702,34,31,ENABLE
1785583351.066459,0.5971999694819559,0.2307692307692335,0.13626373626373578,34,31,ENABLE
1785583351.071466,0.5979629205767907,0.1428571428571459,0.1538461538461533,34,31,ENABLE
1785583351.076541,0.5987258716716255,0.1648351648351678,0.18021978021977958,34,31,ENABLE
1785583351.081473,0.5998702983138777,0.1648351648351678,0.1978021978021971,34,31,ENABLE
1785583351.086465,0.6006332494087125,0.1868131868131897,0.1978021978021971,34,31,ENABLE
1785583351.0914636,0.6017776760509648,0.1868131868131897,0.20659340659340586,34,31,ENABLE
1785583351.0964818,0.602922102693217,0.2087912087912116,0.1978021978021971,34,31,ENABLE
1785583351.1014733,0.6040665293354692,0.1868131868131897,0.1978021978021971,34,31,ENABLE
1785583351.1064591,0.6044480048828866,0.1428571428571459,0.20659340659340586,34,31,ENABLE
1785583351.1114593,0.6055924315251389,0.1648351648351678,0.21538461538461462,34,31,ENABLE
1785583351.1165242,0.6067368581673911,0.2307692307692335,0.20659340659340586,34,31,ENABLE
1785583351.1214771,0.6082627603570607,0.2527472527472554,0.18021978021977958,34,31,ENABLE
1785583351.1264734,0.609407186999313,0.2307692307692335,0.16263736263736206,34,31,ENABLE
1785583351.1314807,0.6101701380941478,0.1868131868131897,0.16263736263736206,34,31,ENABLE
1785583351.1364958,0.6109330891889826,0.1428571428571459,0.18021978021977958,34,31,ENABLE
1785583351.141481,0.6116960402838174,0.1868131868131897,0.18901098901098834,34,31,ENABLE
1785583351.1464612,0.613221942473487,0.2527472527472554,0.17142857142857082,34,31,ENABLE
1785583351.15148,0.6147478446631567,0.2747252747252773,0.14505494505494454,34,31,ENABLE
1785583351.1564834,0.6162737468528263,0.2747252747252773,0.1098901098901095,34,31,ENABLE
1785583351.1615658,0.6174181734950785,0.2087912087912116,0.10109890109890074,34,31,ENABLE
1785583351.1665428,0.617799649042496,0.1428571428571459,0.11868131868131826,34,31,ENABLE
1785583351.1765494,0.619707026779583,0.1648351648351678,0.13626373626373578,34,31,ENABLE
1785583351.1796465,0.6204699778744178,0.1868131868131897,0.12747252747252702,34,31,ENABLE
1785583351.183052,0.6212329289692526,0.2307692307692335,0.11868131868131826,34,31,ENABLE
1785583351.1858666,0.6219958800640875,0.2307692307692335,0.10109890109890074,34,31,ENABLE
1785583351.1907027,0.6231403067063397,0.1868131868131897,0.10109890109890074,34,31,ENABLE
1785583351.1957095,0.6239032578011745,0.1648351648351678,0.10109890109890074,34,31,ENABLE
1785583351.2006986,0.6246662088960093,0.1428571428571459,0.1098901098901095,34,31,ENABLE
1785583351.205899,0.6258106355382616,0.1648351648351678,0.1098901098901095,34,31,ENABLE
1785583351.2106757,0.6269550621805138,0.2087912087912116,0.09230769230769198,34,31,ENABLE
1785583351.2156806,0.628099488822766,0.2527472527472554,0.07472527472527446,34,31,ENABLE
1785583351.2207131,0.6292439154650182,0.1868131868131897,0.05714285714285694,34,31,ENABLE
1785583351.2257981,0.6296253910124356,0.1428571428571459,0.0659340659340657,34,31,ENABLE
1785583351.2316463,0.6303883421072705,0.120879120879124,0.08351648351648322,34,31,ENABLE
1785583351.236642,0.6311512932021053,0.120879120879124,0.10109890109890074,34,31,ENABLE
1785583351.2415628,0.6319142442969401,0.120879120879124,0.10109890109890074,34,31,ENABLE
1785583351.2465415,0.6326771953917749,0.1648351648351678,0.09230769230769198,34,31,ENABLE
1785583351.25123,0.6334401464866097,0.1428571428571459,0.08351648351648322,34,31,ENABLE
1785583351.2562673,0.6338216220340271,0.120879120879124,0.09230769230769198,34,31,ENABLE
1785583351.261209,0.6342030975814446,0.0769230769230802,0.1098901098901095,34,31,ENABLE
1785583351.2662377,0.6342030975814446,0.010989010989014503,0.13626373626373578,34,31,ENABLE
1785583351.271215,0.6342030975814446,0.010989010989014503,0.16263736263736206,34,31,ENABLE
1785583351.2762406,0.634584573128862,0.0549450549450583,0.18021978021977958,34,31,ENABLE
1785583351.2814748,0.6353475242236968,0.0989010989011021,0.16263736263736206,34,31,ENABLE
1785583351.2865067,0.6357289997711142,0.0989010989011021,0.1538461538461533,34,31,ENABLE
1785583351.2912335,0.6361104753185316,0.0549450549450583,0.14505494505494454,34,31,ENABLE
1785583351.2961898,0.636491950865949,0.0329670329670364,0.1538461538461533,34,31,ENABLE
1785583351.301193,0.636491950865949,0.0329670329670364,0.17142857142857082,34,31,ENABLE
1785583351.306238,0.6368734264133664,0.0549450549450583,0.18021978021977958,34,31,ENABLE
1785583351.311486,0.6372549019607838,0.0329670329670364,0.18021978021977958,34,31,ENABLE
1785583351.316459,0.6376363775082012,0.0989010989011021,0.16263736263736206,34,31,ENABLE
1785583351.3211837,0.6380178530556186,0.0549450549450583,0.1538461538461533,34,31,ENABLE
1785583351.3261847,0.638399328603036,0.0549450549450583,0.16263736263736206,34,31,ENABLE
1785583351.3312445,0.638399328603036,0.0329670329670364,0.14505494505494454,34,31,ENABLE
1785583351.336232,0.6387808041504535,0.0329670329670364,0.16263736263736206,34,31,ENABLE
1785583351.341234,0.6391622796978709,0.0549450549450583,0.16263736263736206,34,31,ENABLE
1785583351.3462172,0.6391622796978709,0.0549450549450583,0.16263736263736206,34,31,ENABLE
1785583351.35124,0.6391622796978709,0.0329670329670364,0.18021978021977958,34,31,ENABLE
1785583351.3562202,0.6395437552452883,-0.010989010989014503,0.18021978021977958,34,31,ENABLE
1785583351.3612366,0.6391622796978709,-0.0329670329670364,0.18901098901098834,34,31,ENABLE
1785583351.3662145,0.6395437552452883,0.010989010989014503,0.1978021978021971,34,31,ENABLE
1785583351.3712127,0.6395437552452883,0.010989010989014503,0.1978021978021971,34,31,ENABLE
1785583351.3762429,0.6399252307927057,0.010989010989014503,0.1978021978021971,34,31,ENABLE
1785583351.3812106,0.6399252307927057,-0.010989010989014503,0.18901098901098834,34,31,ENABLE
1785583351.386253,0.6395437552452883,-0.010989010989014503,0.1978021978021971,34,31,ENABLE
1785583351.39156,0.6399252307927057,0.010989010989014503,0.1978021978021971,34,31,ENABLE
1785583351.3965087,0.6399252307927057,-0.010989010989014503,0.1978021978021971,34,31,ENABLE
1785583351.4012175,0.6399252307927057,0.010989010989014503,0.1978021978021971,34,31,ENABLE
1785583351.406218,0.6395437552452883,-0.010989010989014503,0.18901098901098834,34,31,ENABLE
1785583351.4112086,0.6395437552452883,-0.0329670329670364,0.18021978021977958,34,31,ENABLE
1785583351.4162786,0.6399252307927057,-0.010989010989014503,0.18901098901098834,34,31,ENABLE
1785583351.421483,0.6395437552452883,-0.010989010989014503,0.18021978021977958,34,31,ENABLE
1785583351.4265158,0.6395437552452883,-0.0329670329670364,0.18021978021977958,34,31,ENABLE
1785583351.4312093,0.6395437552452883,-0.010989010989014503,0.18021978021977958,34,31,ENABLE
1785583351.4362628,0.6395437552452883,-0.010989010989014503,0.17142857142857082,34,31,ENABLE
1785583351.4412105,0.6395437552452883,0.010989010989014503,0.17142857142857082,34,31,ENABLE
1785583351.4462187,0.6399252307927057,0.010989010989014503,0.16263736263736206,34,31,ENABLE
1785583351.4514859,0.6395437552452883,-0.0329670329670364,0.1538461538461533,34,31,ENABLE
1785583351.4565315,0.6395437552452883,-0.010989010989014503,0.14505494505494454,34,31,ENABLE
1785583351.461277,0.6395437552452883,-0.010989010989014503,0.13626373626373578,34,31,ENABLE
1785583351.466273,0.6395437552452883,-0.010989010989014503,0.12747252747252702,34,31,ENABLE
1785583351.4712222,0.6395437552452883,-0.010989010989014503,0.11868131868131826,34,31,ENABLE
1785583351.4762485,0.6395437552452883,-0.0329670329670364,0.1098901098901095,34,31,ENABLE
1785583351.4812245,0.6395437552452883,-0.010989010989014503,0.1098901098901095,34,31,ENABLE
1785583351.486221,0.6395437552452883,-0.010989010989014503,0.09230769230769198,34,31,ENABLE
1785583351.491212,0.6395437552452883,-0.010989010989014503,0.08351648351648322,34,31,ENABLE
1785583351.4963126,0.6395437552452883,-0.010989010989014503,0.07472527472527446,34,31,ENABLE
1785583351.501537,0.6391622796978709,-0.0329670329670364,0.0659340659340657,34,31,ENABLE
1785583351.5064907,0.6395437552452883,-0.010989010989014503,0.0659340659340657,34,31,ENABLE
1785583351.5112238,0.6391622796978709,-0.010989010989014503,0.03956043956043942,34,31,ENABLE
1785583351.5162237,0.6391622796978709,-0.0329670329670364,0.03956043956043942,34,31,ENABLE
1785583351.5212739,0.6391622796978709,-0.010989010989014503,0.03076923076923066,34,31,ENABLE
1785583351.5262306,0.6387808041504535,-0.010989010989014503,0.01318681318681314,34,31,ENABLE
1785583351.5312176,0.6387808041504535,-0.010989010989014503,0.00439560439560438,34,31,ENABLE
1785583351.5362356,0.6387808041504535,-0.0329670329670364,-0.00439560439560438,34,31,ENABLE
1785583351.5415316,0.638399328603036,-0.0329670329670364,-0.01318681318681314,34,31,ENABLE
1785583351.5465732,0.638399328603036,-0.0329670329670364,-0.03076923076923066,34,31,ENABLE
1785583351.5512285,0.638399328603036,-0.0329670329670364,-0.03956043956043942,34,31,ENABLE
1785583351.5561895,0.6380178530556186,-0.0769230769230802,-0.05714285714285694,34,31,ENABLE
1785583351.5612671,0.6376363775082012,-0.0549450549450583,-0.05714285714285694,34,31,ENABLE
1785583351.5662787,0.6376363775082012,-0.0769230769230802,-0.05714285714285694,34,31,ENABLE
1785583351.5711918,0.6372549019607838,-0.0769230769230802,-0.0659340659340657,34,31,ENABLE
1785583351.5762289,0.6368734264133664,-0.0769230769230802,-0.07472527472527446,34,31,ENABLE
1785583351.5812702,0.636491950865949,-0.0989010989011021,-0.07472527472527446,34,31,ENABLE
1785583351.5862594,0.6357289997711142,-0.0989010989011021,-0.07472527472527446,34,31,ENABLE
1785583351.59121,0.6349660486762794,-0.120879120879124,-0.07472527472527446,34,31,ENABLE
1785583351.5962281,0.6342030975814446,-0.1428571428571459,-0.07472527472527446,34,31,ENABLE
1785583351.6015286,0.6338216220340271,-0.1428571428571459,-0.07472527472527446,34,31,ENABLE
1785583351.6065145,0.6330586709391923,-0.120879120879124,-0.07472527472527446,34,31,ENABLE
1785583351.6112642,0.6326771953917749,-0.120879120879124,-0.10109890109890074,34,31,ENABLE
1785583351.6161897,0.6322957198443575,-0.120879120879124,-0.1098901098901095,34,31,ENABLE
1785583351.6212049,0.6319142442969401,-0.0769230769230802,-0.12747252747252702,34,31,ENABLE
1785583351.6262064,0.6311512932021053,-0.120879120879124,-0.14505494505494454,34,31,ENABLE
1785583351.631544,0.6307698176546879,-0.120879120879124,-0.14505494505494454,34,31,ENABLE
1785583351.6364665,0.6296253910124356,-0.1868131868131897,-0.14505494505494454,34,31,ENABLE
1785583351.6412294,0.6288624399176008,-0.1868131868131897,-0.12747252747252702,34,31,ENABLE
1785583351.646249,0.628099488822766,-0.1868131868131897,-0.12747252747252702,34,31,ENABLE
1785583351.6512387,0.6273365377279312,-0.1648351648351678,-0.13626373626373578,34,31,ENABLE
1785583351.6562166,0.626192111085679,-0.1868131868131897,-0.1538461538461533,34,31,ENABLE
1785583351.6612303,0.6258106355382616,-0.1428571428571459,-0.17142857142857082,34,31,ENABLE
1785583351.6662169,0.6250476844434267,-0.1868131868131897,-0.18901098901098834,34,31,ENABLE
1785583351.671551,0.6239032578011745,-0.1868131868131897,-0.18901098901098834,34,31,ENABLE
1785583351.676534,0.6227588311589223,-0.2527472527472554,-0.17142857142857082,34,31,ENABLE
1785583351.6812391,0.6212329289692526,-0.2967032967032992,-0.13626373626373578,34,31,ENABLE
1785583351.6861877,0.619707026779583,-0.2967032967032992,-0.11868131868131826,34,31,ENABLE
1785583351.6912656,0.6189440756847482,-0.2307692307692335,-0.11868131868131826,34,31,ENABLE
1785583351.6962237,0.617799649042496,-0.2087912087912116,-0.13626373626373578,34,31,ENABLE
1785583351.7012186,0.6166552224002437,-0.2087912087912116,-0.14505494505494454,34,31,ENABLE
1785583351.7062263,0.6151293202105741,-0.2747252747252773,-0.14505494505494454,34,31,ENABLE
1785583351.7114646,0.613221942473487,-0.340659340659343,-0.12747252747252702,34,31,ENABLE
1785583351.716476,0.6120775158312348,-0.2967032967032992,-0.11868131868131826,34,31,ENABLE
1785583351.7212734,0.6109330891889826,-0.2967032967032992,-0.1098901098901095,34,31,ENABLE
1785583351.7262158,0.6090257114518955,-0.340659340659343,-0.1098901098901095,34,31,ENABLE
1785583351.731235,0.6071183337148085,-0.3846153846153868,-0.08351648351648322,34,31,ENABLE
1785583351.7362247,0.6052109559777215,-0.3846153846153868,-0.0659340659340657,34,31,ENABLE
1785583351.7414665,0.6036850537880518,-0.340659340659343,-0.05714285714285694,34,31,ENABLE
1785583351.746472,0.6017776760509648,-0.3626373626373649,-0.05714285714285694,34,31,ENABLE
1785583351.7513776,0.5998702983138777,-0.3846153846153868,-0.04835164835164818,34,31,ENABLE
1785583351.7562377,0.5983443961242081,-0.3626373626373649,-0.04835164835164818,34,31,ENABLE
1785583351.76122,0.596437018387121,-0.3626373626373649,-0.04835164835164818,34,31,ENABLE
1785583351.7662811,0.5949111161974514,-0.3186813186813211,-0.0659340659340657,34,31,ENABLE
1785583351.771221,0.5937666895551992,-0.2747252747252773,-0.09230769230769198,34,31,ENABLE
1785583351.7762697,0.592622262912947,-0.2307692307692335,-0.11868131868131826,34,31,ENABLE
1785583351.7812285,0.5914778362706947,-0.2527472527472554,-0.1538461538461533,34,31,ENABLE
1785583351.7862647,0.5895704585336077,-0.3186813186813211,-0.1538461538461533,34,31,ENABLE
1785583351.7914274,0.588044556343938,-0.3186813186813211,-0.14505494505494454,34,31,ENABLE
1785583351.7964807,0.586137178606851,-0.3626373626373649,-0.14505494505494454,34,31,ENABLE
1785583351.8013074,0.5846112764171814,-0.3186813186813211,-0.14505494505494454,34,31,ENABLE
1785583351.806227,0.5830853742275117,-0.3186813186813211,-0.1538461538461533,34,31,ENABLE
1785583351.8112066,0.5811779964904247,-0.3626373626373649,-0.1538461538461533,34,31,ENABLE
1785583351.8162863,0.579652094300755,-0.2967032967032992,-0.16263736263736206,34,31,ENABLE
1785583351.8214638,0.577744716563668,-0.3846153846153868,-0.1538461538461533,34,31,ENABLE
1785583351.82652,0.5754558632791635,-0.4505494505494525,-0.13626373626373578,34,31,ENABLE
1785583351.8313084,0.5731670099946591,-0.4725274725274744,-0.10109890109890074,34,31,ENABLE
1785583351.8362122,0.5708781567101546,-0.4505494505494525,-0.07472527472527446,34,31,ENABLE
1785583351.8413594,0.5685893034256502,-0.4505494505494525,-0.07472527472527446,34,31,ENABLE
1785583351.8462336,0.567444876783398,-0.3626373626373649,-0.09230769230769198,34,31,ENABLE
1785583351.8512375,0.5651560234988935,-0.4065934065934087,-0.1098901098901095,34,31,ENABLE
1785583351.8562245,0.562867170214389,-0.4505494505494525,-0.1098901098901095,34,31,ENABLE
1785583351.8613636,0.5601968413824672,-0.5164835164835182,-0.09230769230769198,34,31,ENABLE
1785583351.8662555,0.5582894636453801,-0.4505494505494525,-0.07472527472527446,34,31,ENABLE
1785583351.8712673,0.5560006103608757,-0.4285714285714306,-0.08351648351648322,34,31,ENABLE
1785583351.8762226,0.554474708171206,-0.3846153846153868,-0.1098901098901095,34,31,ENABLE
1785583351.8812056,0.5521858548867016,-0.4065934065934087,-0.12747252747252702,34,31,ENABLE
1785583351.886272,0.5502784771496145,-0.4065934065934087,-0.14505494505494454,34,31,ENABLE
1785583351.8912246,0.5483710994125275,-0.4065934065934087,-0.1538461538461533,34,31,ENABLE
1785583351.896223,0.546082246128023,-0.4285714285714306,-0.16263736263736206,34,31,ENABLE
1785583351.9014025,0.5437933928435186,-0.4725274725274744,-0.1538461538461533,34,31,ENABLE
1785583351.9064803,0.5415045395590141,-0.4725274725274744,-0.13626373626373578,34,31,ENABLE
1785583351.911364,0.5392156862745097,-0.4725274725274744,-0.11868131868131826,34,31,ENABLE
1785583351.9162107,0.5365453574425878,-0.5164835164835182,-0.10109890109890074,34,31,ENABLE
1785583351.9212048,0.5338750286106659,-0.5384615384615401,-0.08351648351648322,34,31,ENABLE
1785583351.926258,0.5312046997787441,-0.5384615384615401,-0.05714285714285694,34,31,ENABLE
1785583351.9312215,0.5281528953994048,-0.5824175824175839,-0.03956043956043942,34,31,ENABLE
1785583351.9362109,0.5251010910200655,-0.6043956043956058,-0.03076923076923066,34,31,ENABLE
1785583351.9413385,0.5228122377355611,-0.4945054945054963,-0.03956043956043942,34,31,ENABLE
1785583351.946485,0.5205233844510566,-0.5384615384615401,-0.0659340659340657,34,31,ENABLE
1785583351.951383,0.5182345311665522,-0.4725274725274744,-0.09230769230769198,34,31,ENABLE
1785583351.9562259,0.5159456778820477,-0.4505494505494525,-0.1098901098901095,34,31,ENABLE
1785583351.961211,0.5136568245975432,-0.4725274725274744,-0.12747252747252702,34,31,ENABLE
1785583351.9662042,0.5117494468604562,-0.4505494505494525,-0.14505494505494454,34,31,ENABLE
1785583351.971209,0.5086976424811169,-0.5164835164835182,-0.1538461538461533,34,31,ENABLE
1785583351.9762084,0.5064087891966125,-0.5164835164835182,-0.14505494505494454,34,31,ENABLE
1785583351.9812338,0.5037384603646906,-0.5164835164835182,-0.14505494505494454,34,31,ENABLE
1785583351.9865093,0.5006866559853513,-0.5824175824175839,-0.13626373626373578,34,31,ENABLE
1785583351.991457,0.49801632715342947,-0.560439560439562,-0.12747252747252702,34,31,ENABLE
1785583351.9962249,0.4953459983215076,-0.560439560439562,-0.10109890109890074,34,31,ENABLE
1785583352.0012293,0.4919127183947509,-0.6043956043956058,-0.09230769230769198,34,31,ENABLE
1785583352.0062075,0.48924238956282906,-0.6263736263736277,-0.08351648351648322,34,31,ENABLE
1785583352.0112586,0.4861905851834898,-0.6043956043956058,-0.0659340659340657,34,31,ENABLE
1785583352.0162249,0.4831387808041505,-0.5824175824175839,-0.0659340659340657,34,31,ENABLE
1785583352.0212288,0.48046845197222865,-0.5824175824175839,-0.08351648351648322,34,31,ENABLE
1785583352.0262089,0.4785610742351416,-0.4285714285714306,-0.11868131868131826,34,31,ENABLE
1785583352.0312924,0.47589074540321974,-0.4945054945054963,-0.17142857142857082,34,31,ENABLE
1785583352.0364752,0.4736018921187153,-0.4725274725274744,-0.1978021978021971,34,31,ENABLE
1785583352.0414224,0.470550087739376,-0.5164835164835182,-0.18901098901098834,34,31,ENABLE
1785583352.0462039,0.46749828336003674,-0.6483516483516496,-0.17142857142857082,34,31,ENABLE
1785583352.051232,0.46406500343328005,-0.6703296703296715,-0.14505494505494454,34,31,ENABLE
1785583352.0562248,0.46063172350652337,-0.7142857142857153,-0.1098901098901095,34,31,ENABLE
1785583352.0612092,0.4575799191271841,-0.6263736263736277,-0.08351648351648322,34,31,ENABLE
1785583352.0662298,0.4541466392004274,-0.6703296703296715,-0.07472527472527446,34,31,ENABLE
1785583352.0712543,0.45071335927367073,-0.6703296703296715,-0.0659340659340657,34,31,ENABLE
1785583352.0765495,0.44728007934691405,-0.6923076923076934,-0.05714285714285694,34,31,ENABLE
1785583352.0815523,0.4442282749675748,-0.6923076923076934,-0.05714285714285694,34,31,ENABLE
1785583352.0862637,0.4415579461356529,-0.5824175824175839,-0.07472527472527446,34,31,ENABLE
1785583352.0912254,0.43850614175631364,-0.5824175824175839,-0.10109890109890074,34,31,ENABLE
1785583352.0962512,0.4358358129243918,-0.5824175824175839,-0.14505494505494454,34,31,ENABLE
1785583352.101227,0.4331654840924699,-0.5164835164835182,-0.17142857142857082,34,31,ENABLE
1785583352.1062098,0.43011367971313064,-0.6043956043956058,-0.18901098901098834,34,31,ENABLE
1785583352.1112297,0.42668039978637395,-0.6923076923076934,-0.18021978021977958,34,31,ENABLE
1785583352.1164875,0.42286564431219986,-0.7582417582417591,-0.1538461538461533,34,31,ENABLE
1785583352.1214833,0.41905088883802577,-0.780219780219781,-0.1098901098901095,34,31,ENABLE
1785583352.1262305,0.4156176089112691,-0.7582417582417591,-0.08351648351648322,34,31,ENABLE
1785583352.1312137,0.4121843289845124,-0.7142857142857153,-0.07472527472527446,34,31,ENABLE
1785583352.136212,0.4087510490577557,-0.6703296703296715,-0.05714285714285694,34,31,ENABLE
1785583352.1412606,0.40531776913099904,-0.6703296703296715,-0.0659340659340657,34,31,ENABLE
1785583352.146225,0.40226596475165977,-0.6483516483516496,-0.1098901098901095,34,31,ENABLE
1785583352.1512299,0.3995956359197379,-0.5824175824175839,-0.14505494505494454,34,31,ENABLE
1785583352.1562471,0.39654383154039863,-0.5824175824175839,-0.17142857142857082,34,31,ENABLE
1785583352.1612797,0.39311055161364195,-0.6703296703296715,-0.17142857142857082,34,31,ENABLE
1785583352.1662784,0.38929579613946785,-0.7142857142857153,-0.17142857142857082,34,31,ENABLE
1785583352.1712375,0.38548104066529376,-0.7582417582417591,-0.1538461538461533,34,31,ENABLE
1785583352.176232,0.38166628519111967,-0.8021978021978029,-0.12747252747252702,34,31,ENABLE
1785583352.1812644,0.37747005416952817,-0.8681318681318686,-0.08351648351648322,34,31,ENABLE
1785583352.1862297,0.37327382314793667,-0.8901098901098905,-0.05714285714285694,34,31,ENABLE
1785583352.1912272,0.3694590676737626,-0.8241758241758248,-0.03956043956043942,34,31,ENABLE
1785583352.1962264,0.3660257877470059,-0.7362637362637372,-0.04835164835164818,34,31,ENABLE
1785583352.2012653,0.36335545891508403,-0.6263736263736277,-0.09230769230769198,34,31,ENABLE
1785583352.2065272,0.35992217898832735,-0.6483516483516496,-0.13626373626373578,34,31,ENABLE
1785583352.2114813,0.35648889906157066,-0.6923076923076934,-0.17142857142857082,34,31,ENABLE
1785583352.2164268,0.353055619134814,-0.7142857142857153,-0.18901098901098834,34,31,ENABLE
1785583352.221234,0.3492408636606399,-0.780219780219781,-0.18021978021977958,34,31,ENABLE
1785583352.2262306,0.3454261081864658,-0.8021978021978029,-0.14505494505494454,34,31,ENABLE
1785583352.2312276,0.3412298771648743,-0.8241758241758248,-0.10109890109890074,34,31,ENABLE
1785583352.2362263,0.3370336461432828,-0.8021978021978029,-0.08351648351648322,34,31,ENABLE
1785583352.241293,0.3332188906691087,-0.780219780219781,-0.0659340659340657,34,31,ENABLE
1785583352.2465336,0.3290226596475172,-0.7362637362637372,-0.07472527472527446,34,31,ENABLE
1785583352.2514887,0.32597085526817793,-0.6923076923076934,-0.09230769230769198,34,31,ENABLE
1785583352.2562325,0.32253757534142125,-0.7142857142857153,-0.13626373626373578,34,31,ENABLE
1785583352.2612205,0.31872281986724715,-0.7582417582417591,-0.17142857142857082,34,31,ENABLE
1785583352.2662246,0.31528953994049047,-0.7582417582417591,-0.18901098901098834,34,31,ENABLE
1785583352.2712274,0.31109330891889897,-0.8461538461538467,-0.16263736263736206,34,31,ENABLE
1785583352.2762237,0.30613412680247265,-0.9560439560439562,-0.12747252747252702,34,31,ENABLE
1785583352.2812066,0.30193789578088115,-0.9120879120879124,-0.09230769230769198,34,31,ENABLE
1785583352.2864814,0.29736018921187224,-0.9340659340659343,-0.05714285714285694,34,31,ENABLE
1785583352.2914798,0.29316395819028074,-0.8901098901098905,-0.05714285714285694,34,31,ENABLE
1785583352.2962565,0.28973067826352406,-0.8461538461538467,-0.07472527472527446,34,31,ENABLE
1785583352.3012145,0.2862973983367674,-0.780219780219781,-0.1098901098901095,34,31,ENABLE
1785583352.3062234,0.2824826428625933,-0.7362637362637372,-0.14505494505494454,34,31,ENABLE
1785583352.3112135,0.2790493629358366,-0.6923076923076934,-0.17142857142857082,34,31,ENABLE
1785583352.3164682,0.2748531319142451,-0.7582417582417591,-0.17142857142857082,34,31,ENABLE
1785583352.321475,0.2702754253452362,-0.8021978021978029,-0.14505494505494454,34,31,ENABLE
1785583352.326349,0.2656977187762273,-0.8901098901098905,-0.1098901098901095,34,31,ENABLE
1785583352.3312528,0.26112001220721837,-0.9120879120879124,-0.08351648351648322,34,31,ENABLE
1785583352.336238,0.2573052567330443,-0.8681318681318686,-0.0659340659340657,34,31,ENABLE
1785583352.3412523,0.2534905012588702,-0.8021978021978029,-0.09230769230769198,34,31,ENABLE
1785583352.3464663,0.24967574578469431,-0.6923076923076934,-0.12747252747252702,34,31,ENABLE
1785583352.3515341,0.24586099031052022,-0.7142857142857153,-0.16263736263736206,34,31,ENABLE
1785583352.3563037,0.24204623483634613,-0.7582417582417591,-0.18021978021977958,34,31,ENABLE
1785583352.3612113,0.23746852826733722,-0.8241758241758248,-0.16263736263736206,34,31,ENABLE
1785583352.3662233,0.23327229724574572,-0.8681318681318686,-0.12747252747252702,34,31,ENABLE
1785583352.3712564,0.227931639581902,-0.9780219780219781,-0.09230769230769198,34,31,ENABLE
1785583352.3759468,0.22335393301289308,-0.9560439560439562,-0.0659340659340657,34,31,ENABLE
1785583352.381489,0.21839475089646676,-0.9560439560439562,-0.04835164835164818,34,31,ENABLE
1785583352.3864758,0.21457999542229267,-0.8681318681318686,-0.07472527472527446,34,31,ENABLE
1785583352.3914967,0.21076523994811858,-0.780219780219781,-0.11868131868131826,34,31,ENABLE
1785583352.3964846,0.2073319600213619,-0.7362637362637372,-0.17142857142857082,34,31,ENABLE
1785583352.4014182,0.2035172045471878,-0.7582417582417591,-0.20659340659340586,34,31,ENABLE
1785583352.406415,0.1989394979781789,-0.8901098901098905,-0.1978021978021971,34,31,ENABLE
1785583352.4147103,0.1909285114824133,-0.9120879120879124,-0.11868131868131826,34,31,ENABLE
1785583352.419453,0.1863508049134044,-0.9340659340659343,-0.07472527472527446,34,31,ENABLE
1785583352.422713,0.18368047608148252,-0.9120879120879124,-0.0659340659340657,34,31,ENABLE
1785583352.425291,0.18101014724956066,-0.9120879120879124,-0.07472527472527446,34,31,ENABLE
1785583352.429462,0.1779583428702214,-0.8241758241758248,-0.1098901098901095,34,31,ENABLE
1785583352.4360766,0.17261768520637766,-0.8461538461538467,-0.18021978021977958,34,31,ENABLE
1785583352.4412665,0.16880292973220357,-0.8241758241758248,-0.1978021978021971,34,31,ENABLE
1785583352.4464772,0.16422522316319466,-0.9120879120879124,-0.21538461538461462,34,31,ENABLE
1785583352.4515398,0.15926604104676834,-0.9560439560439562,-0.18021978021977958,34,31,ENABLE
1785583352.4564843,0.15430685893034202,-0.9780219780219781,-0.13626373626373578,34,31,ENABLE
1785583352.4614127,0.1489662012664983,-1.021978021978022,-0.09230769230769198,34,31,ENABLE
1785583352.4664671,0.14400701915007197,-1.0659340659340657,-0.05714285714285694,34,31,ENABLE
1785583352.4714236,0.13942931258106306,-0.9780219780219781,-0.05714285714285694,34,31,ENABLE
1785583352.4764667,0.13561455710688897,-0.8681318681318686,-0.10109890109890074,34,31,ENABLE
1785583352.4814448,0.13141832608529747,-0.8461538461538467,-0.1538461538461533,34,31,ENABLE
1785583352.4864724,0.12760357061112337,-0.8681318681318686,-0.1978021978021971,34,31,ENABLE
1785583352.4914238,0.12302586404211446,-0.9340659340659343,-0.21538461538461462,34,31,ENABLE
1785583352.4964557,0.11844815747310555,-0.9560439560439562,-0.18901098901098834,34,31,ENABLE
1785583352.5014474,0.11272602426184442,-1.021978021978022,-0.13626373626373578,34,31,ENABLE
1785583352.5064454,0.10738536659800069,-1.1098901098901095,-0.08351648351648322,34,31,ENABLE
1785583352.5114732,0.10280766002899178,-1.0,-0.05714285714285694,34,31,ENABLE
1785583352.5164247,0.09861142900740028,-0.8901098901098905,-0.08351648351648322,34,31,ENABLE
1785583352.5215423,0.09479667353322618,-0.8241758241758248,-0.14505494505494454,34,31,ENABLE
1785583352.5264711,0.09098191805905209,-0.8461538461538467,-0.1978021978021971,34,31,ENABLE
1785583352.5314803,0.08640421149004318,-0.9120879120879124,-0.20659340659340586,34,31,ENABLE
1785583352.536538,0.08144502937361686,-0.9120879120879124,-0.18021978021977958,34,31,ENABLE
1785583352.5415528,0.07572289616235572,-1.0659340659340657,-0.13626373626373578,34,31,ENABLE
1785583352.546465,0.070382238498512,-1.0879120879120876,-0.09230769230769198,34,31,ENABLE
1785583352.5514784,0.06580453192950309,-1.0,-0.0659340659340657,34,31,ENABLE
1785583352.5564272,0.061608300907911584,-0.8461538461538467,-0.09230769230769198,34,31,ENABLE
1785583352.561476,0.0581750209811549,-0.780219780219781,-0.1538461538461533,34,31,ENABLE
1785583352.5666776,0.0539787899595634,-0.7362637362637372,-0.21538461538461462,34,31,ENABLE
1785583352.5714707,0.0497825589379719,-0.8021978021978029,-0.25054945054944966,34,31,ENABLE
1785583352.576475,0.04444190127412817,-0.9340659340659343,-0.21538461538461462,34,31,ENABLE
1785583352.5814867,0.03871976806286703,-1.1098901098901095,-0.16263736263736206,34,31,ENABLE
1785583352.586517,0.033379110399023304,-1.0659340659340657,-0.09230769230769198,34,31,ENABLE
1785583352.5914273,0.028419928282596985,-1.021978021978022,-0.07472527472527446,34,31,ENABLE
1785583352.5964851,0.023842221713588074,-0.9120879120879124,-0.09230769230769198,34,31,ENABLE
1785583352.6015103,0.020027466239413982,-0.8241758241758248,-0.14505494505494454,34,31,ENABLE
1785583352.606477,0.01583123521782248,-0.8461538461538467,-0.20659340659340586,34,31,ENABLE
1785583352.6114442,0.011253528648813571,-0.9120879120879124,-0.23296703296703214,34,31,ENABLE
1785583352.6164734,0.006294346532387252,-1.021978021978022,-0.1978021978021971,34,31,ENABLE
1785583352.621483,0.0005722133211261138,-1.0879120879120876,-0.12747252747252702,34,31,ENABLE
1785583352.626485,-0.005149919890135024,-1.1538461538461533,-0.07472527472527446,34,31,ENABLE
1785583352.631445,-0.010109102006561344,-1.021978021978022,-0.05714285714285694,34,31,ENABLE
1785583352.6364248,-0.014305333028152845,-0.8901098901098905,-0.09230769230769198,34,31,ENABLE
1785583352.641473,-0.018120088502326936,-0.8241758241758248,-0.14505494505494454,34,31,ENABLE
1785583352.6464765,-0.022316319523918438,-0.8021978021978029,-0.21538461538461462,34,31,ENABLE
1785583352.6514819,-0.02651255054550994,-0.8681318681318686,-0.23296703296703214,34,31,ENABLE
1785583352.6564279,-0.03185320820935367,-0.9780219780219781,-0.20659340659340586,34,31,ENABLE
1785583352.6614823,-0.037575341420614805,-1.0879120879120876,-0.18021978021977958,34,31,ENABLE
1785583352.6665506,-0.042534523537041125,-1.0659340659340657,-0.11868131868131826,34,31,ENABLE
1785583352.671425,-0.047112230106050035,-0.9340659340659343,-0.1098901098901095,34,31,ENABLE
1785583352.6764739,-0.051308461127641536,-0.8461538461538467,-0.14505494505494454,34,31,ENABLE
1785583352.6814704,-0.05512321660181563,-0.7582417582417591,-0.1978021978021971,34,31,ENABLE
1785583352.6864846,-0.05931944762340713,-0.780219780219781,-0.2593406593406584,34,31,ENABLE
1785583352.6914442,-0.06466010528725086,-0.9120879120879124,-0.2593406593406584,34,31,ENABLE
1785583352.6964808,-0.07000076295109459,-1.0879120879120876,-0.21538461538461462,34,31,ENABLE
1785583352.7014692,-0.07534142061493831,-1.0879120879120876,-0.1538461538461533,34,31,ENABLE
1785583352.7065363,-0.08106355382619945,-1.0659340659340657,-0.10109890109890074,34,31,ENABLE
1785583352.7114708,-0.08602273594262577,-1.0439560439560438,-0.09230769230769198,34,31,ENABLE
1785583352.7164807,-0.09021896696421727,-0.9560439560439562,-0.13626373626373578,34,31,ENABLE
1785583352.7214484,-0.09365224689097396,-0.8241758241758248,-0.21538461538461462,34,31,ENABLE
1785583352.726487,-0.09822995345998287,-0.8681318681318686,-0.2681318681318672,34,31,ENABLE
1785583352.7314196,-0.10280766002899178,-1.0,-0.2681318681318672,34,31,ENABLE
1785583352.7364275,-0.1077668421454181,-1.0439560439560438,-0.23296703296703214,34,31,ENABLE
1785583352.7414775,-0.11387045090409664,-1.0879120879120876,-0.16263736263736206,34,31,ENABLE
1785583352.7464707,-0.11921110856794037,-1.1538461538461533,-0.1098901098901095,34,31,ENABLE
1785583352.7514725,-0.12378881513694928,-1.0,-0.10109890109890074,34,31,ENABLE
1785583352.7564104,-0.12798504615854078,-0.9120879120879124,-0.12747252747252702,34,31,ENABLE
1785583352.7614677,-0.13218127718013228,-0.8461538461538467,-0.18901098901098834,34,31,ENABLE
1785583352.7664225,-0.13637750820172378,-0.8901098901098905,-0.22417582417582338,34,31,ENABLE
1785583352.771471,-0.1417181658655675,-0.9560439560439562,-0.20659340659340586,34,31,ENABLE
1785583352.7764895,-0.14782177462424606,-1.1318681318681314,-0.16263736263736206,34,31,ENABLE
1785583352.7814195,-0.1531624322880898,-1.1538461538461533,-0.09230769230769198,34,31,ENABLE
1785583352.7864876,-0.15850308995193352,-1.0439560439560438,-0.05714285714285694,34,31,ENABLE
1785583352.791446,-0.16308079652094243,-0.9560439560439562,-0.07472527472527446,34,31,ENABLE
1785583352.7964675,-0.16689555199511652,-0.8241758241758248,-0.13626373626373578,34,31,ENABLE
1785583352.8014677,-0.1707103074692906,-0.7582417582417591,-0.20659340659340586,34,31,ENABLE
1785583352.8065064,-0.17528801403829952,-0.8681318681318686,-0.2417582417582409,34,31,ENABLE
1785583352.8114715,-0.18062867170214325,-1.0,-0.21538461538461462,34,31,ENABLE
1785583352.8164725,-0.18596932936598698,-1.0879120879120876,-0.16263736263736206,34,31,ENABLE
1785583352.8214717,-0.1913099870298307,-1.0659340659340657,-0.1098901098901095,34,31,ENABLE
1785583352.82639,-0.19626916914625703,-1.021978021978022,-0.09230769230769198,34,31,ENABLE
1785583352.8316886,-0.20084687571526594,-0.9120879120879124,-0.1098901098901095,34,31,ENABLE
1785583352.836417,-0.20428015564202262,-0.8241758241758248,-0.17142857142857082,34,31,ENABLE
1785583352.841263,-0.2080949111161967,-0.8021978021978029,-0.22417582417582338,34,31,ENABLE
1785583352.8462029,-0.21305409323262303,-0.9340659340659343,-0.23296703296703214,34,31,ENABLE
1785583352.8515759,-0.21877622644388417,-1.0439560439560438,-0.18021978021977958,34,31,ENABLE
1785583352.8564498,-0.2244983596551453,-1.1098901098901095,-0.11868131868131826,34,31,ENABLE
1785583352.861475,-0.22983901731898904,-1.1318681318681314,-0.05714285714285694,34,31,ENABLE
1785583352.8664665,-0.23441672388799795,-1.021978021978022,-0.04835164835164818,34,31,ENABLE
1785583352.8714802,-0.23861295490958945,-0.8901098901098905,-0.08351648351648322,34,31,ENABLE
1785583352.8764803,-0.24242771038376354,-0.8241758241758248,-0.14505494505494454,34,31,ENABLE
1785583352.8814757,-0.24700541695277245,-0.8461538461538467,-0.18021978021977958,34,31,ENABLE
1785583352.8864737,-0.25158312352178314,-0.9120879120879124,-0.18901098901098834,34,31,ENABLE
1785583352.891473,-0.25692378118562686,-1.0,-0.14505494505494454,34,31,ENABLE
1785583352.8964841,-0.262645914396888,-1.1098901098901095,-0.09230769230769198,34,31,ENABLE
1785583352.9014747,-0.2676050965133143,-1.0439560439560438,-0.04835164835164818,34,31,ENABLE
1785583352.9065595,-0.2718013275349058,-0.9120879120879124,-0.04835164835164818,34,31,ENABLE
1785583352.911423,-0.2756160830090799,-0.8021978021978029,-0.10109890109890074,34,31,ENABLE
1785583352.916481,-0.279430838483254,-0.8241758241758248,-0.1538461538461533,34,31,ENABLE
1785583352.9214697,-0.2840085450522629,-0.8681318681318686,-0.18021978021977958,34,31,ENABLE
1785583352.9264846,-0.28896772716868924,-0.9560439560439562,-0.16263736263736206,34,31,ENABLE
1785583352.931485,-0.29430838483253297,-1.0439560439560438,-0.11868131868131826,34,31,ENABLE
1785583352.9365396,-0.2996490424963767,-1.0879120879120876,-0.05714285714285694,34,31,ENABLE
1785583352.9416044,-0.304608224612803,-1.0,-0.01318681318681314,34,31,ENABLE
1785583352.9464471,-0.3084229800869771,-0.8681318681318686,-0.03956043956043942,34,31,ENABLE
1785583352.951472,-0.3122377355611512,-0.780219780219781,-0.1098901098901095,34,31,ENABLE
1785583352.956473,-0.3156710154879079,-0.7582417582417591,-0.16263736263736206,34,31,ENABLE
1785583352.9614697,-0.3198672465094994,-0.8241758241758248,-0.20659340659340586,34,31,ENABLE
1785583352.966397,-0.3244449530785083,-0.9120879120879124,-0.18901098901098834,34,31,ENABLE
1785583352.9714682,-0.3294041351949346,-0.9780219780219781,-0.13626373626373578,34,31,ENABLE
1785583352.976474,-0.33474479285877834,-1.021978021978022,-0.08351648351648322,34,31,ENABLE
1785583352.981476,-0.33932249942778725,-1.0,-0.04835164835164818,34,31,ENABLE
1785583352.9864783,-0.34351873044937875,-0.8901098901098905,-0.05714285714285694,34,31,ENABLE
1785583352.9914684,-0.34695201037613543,-0.780219780219781,-0.10109890109890074,34,31,ENABLE
1785583352.9964795,-0.3503852903028921,-0.7142857142857153,-0.1538461538461533,34,31,ENABLE
1785583353.0014691,-0.3542000457770662,-0.7362637362637372,-0.20659340659340586,34,31,ENABLE
1785583353.0064726,-0.3583962767986577,-0.780219780219781,-0.22417582417582338,34,31,ENABLE
1785583353.0114696,-0.3629739833676666,-0.8901098901098905,-0.18901098901098834,34,31,ENABLE
1785583353.0164719,-0.36793316548409294,-0.9560439560439562,-0.13626373626373578,34,31,ENABLE
1785583353.02147,-0.37289234760051926,-0.9780219780219781,-0.07472527472527446,34,31,ENABLE
1785583353.0264664,-0.37747005416952817,-0.9780219780219781,-0.03956043956043942,34,31,ENABLE
1785583353.031491,-0.38128480964370226,-0.8461538461538467,-0.04835164835164818,34,31,ENABLE
1785583353.0364633,-0.38509956511787635,-0.7582417582417591,-0.09230769230769198,34,31,ENABLE
1785583353.0414708,-0.38853284504463304,-0.7142857142857153,-0.14505494505494454,34,31,ENABLE
1785583353.0464864,-0.3919661249713897,-0.7362637362637372,-0.1978021978021971,34,31,ENABLE
1785583353.0514278,-0.3957808804455638,-0.7362637362637372,-0.20659340659340586,34,31,ENABLE
1785583353.0564752,-0.3999771114671553,-0.8241758241758248,-0.18901098901098834,34,31,ENABLE
1785583353.0614703,-0.4045548180361642,-0.8901098901098905,-0.1538461538461533,34,31,ENABLE
1785583353.0664833,-0.40913252460517313,-0.9120879120879124,-0.10109890109890074,34,31,ENABLE
1785583353.0714707,-0.41332875562676463,-0.8901098901098905,-0.07472527472527446,34,31,ENABLE
1785583353.076471,-0.41752498664835613,-0.8241758241758248,-0.07472527472527446,34,31,ENABLE
1785583353.0814734,-0.4205767910276954,-0.7362637362637372,-0.10109890109890074,34,31,ENABLE
1785583353.0864122,-0.4240100709544521,-0.7142857142857153,-0.1538461538461533,34,31,ENABLE
1785583353.0914667,-0.4274433508812088,-0.7142857142857153,-0.18021978021977958,34,31,ENABLE
1785583353.096427,-0.43125810635538286,-0.7582417582417591,-0.18901098901098834,34,31,ENABLE
1785583353.1014678,-0.43545433737697437,-0.8241758241758248,-0.17142857142857082,34,31,ENABLE
1785583353.1064706,-0.4400320439459833,-0.8461538461538467,-0.12747252747252702,34,31,ENABLE
1785583353.1114693,-0.4442282749675748,-0.8461538461538467,-0.09230769230769198,34,31,ENABLE
1785583353.1164742,-0.44804303044174887,-0.8021978021978029,-0.0659340659340657,34,31,ENABLE
1785583353.1214666,-0.45223926146334037,-0.8021978021978029,-0.05714285714285694,34,31,ENABLE
1785583353.1264665,-0.45605401693751446,-0.7582417582417591,-0.07472527472527446,34,31,ENABLE
1785583353.131469,-0.45910582131685373,-0.6923076923076934,-0.10109890109890074,34,31,ENABLE
1785583353.1364672,-0.462157625696193,-0.6483516483516496,-0.14505494505494454,34,31,ENABLE
1785583353.1414607,-0.4655909056229497,-0.6703296703296715,-0.18021978021977958,34,31,ENABLE
1785583353.1464646,-0.46864271000228896,-0.6703296703296715,-0.1978021978021971,34,31,ENABLE
1785583353.1514812,-0.47245746547646306,-0.7142857142857153,-0.18901098901098834,34,31,ENABLE
1785583353.1564271,-0.47665369649805456,-0.8021978021978029,-0.14505494505494454,34,31,ENABLE
1785583353.1614764,-0.48046845197222865,-0.7582417582417591,-0.1098901098901095,34,31,ENABLE
1785583353.1665163,-0.48428320744640274,-0.7362637362637372,-0.08351648351648322,34,31,ENABLE
1785583353.171542,-0.4877164873731594,-0.7142857142857153,-0.07472527472527446,34,31,ENABLE
1785583353.1764805,-0.4911497672999161,-0.6923076923076934,-0.09230769230769198,34,31,ENABLE
1785583353.1814666,-0.4942015716792554,-0.6483516483516496,-0.11868131868131826,34,31,ENABLE
1785583353.1864638,-0.49725337605859465,-0.6263736263736277,-0.1538461538461533,34,31,ENABLE
1785583353.1914716,-0.4999237048905165,-0.5824175824175839,-0.17142857142857082,34,31,ENABLE
1785583353.196483,-0.5033569848172732,-0.6483516483516496,-0.18021978021977958,34,31,ENABLE
1785583353.2014716,-0.5067902647440299,-0.6703296703296715,-0.17142857142857082,34,31,ENABLE
1785583353.2064624,-0.5102235446707866,-0.7142857142857153,-0.1538461538461533,34,31,ENABLE
1785583353.2114632,-0.5140383001449607,-0.7362637362637372,-0.11868131868131826,34,31,ENABLE
1785583353.2164752,-0.5174715800717173,-0.7362637362637372,-0.07472527472527446,34,31,ENABLE
1785583353.221465,-0.5212863355458914,-0.7362637362637372,-0.04835164835164818,34,31,ENABLE
1785583353.226477,-0.5243381399252307,-0.6923076923076934,-0.03956043956043942,34,31,ENABLE
1785583353.2314878,-0.52738994430457,-0.6263736263736277,-0.05714285714285694,34,31,ENABLE
1785583353.2364736,-0.5304417486839093,-0.6263736263736277,-0.09230769230769198,34,31,ENABLE
1785583353.2414837,-0.5327306019684137,-0.5164835164835182,-0.12747252747252702,34,31,ENABLE
1785583353.2464275,-0.5354009308003356,-0.5384615384615401,-0.1538461538461533,34,31,ENABLE
1785583353.2515335,-0.5384527351796748,-0.6043956043956058,-0.17142857142857082,34,31,ENABLE
1785583353.2564821,-0.5415045395590141,-0.5824175824175839,-0.16263736263736206,34,31,ENABLE
1785583353.2615123,-0.5437933928435186,-0.5384615384615401,-0.14505494505494454,34,31,ENABLE
1785583353.2665331,-0.5472266727702753,-0.6263736263736277,-0.14505494505494454,34,31,ENABLE
1785583353.2714841,-0.5498970016021971,-0.6043956043956058,-0.13626373626373578,34,31,ENABLE
1785583353.2765174,-0.552567330434119,-0.560439560439562,-0.11868131868131826,34,31,ENABLE
1785583353.2814648,-0.5556191348134583,-0.560439560439562,-0.10109890109890074,34,31,ENABLE
1785583353.2864876,-0.5586709391927975,-0.6263736263736277,-0.10109890109890074,34,31,ENABLE
1785583353.2914758,-0.5617227435721368,-0.6043956043956058,-0.08351648351648322,34,31,ENABLE
1785583353.2964742,-0.5640115968566413,-0.5164835164835182,-0.0659340659340657,34,31,ENABLE
1785583353.3014603,-0.5670634012359805,-0.5384615384615401,-0.08351648351648322,34,31,ENABLE
1785583353.3064227,-0.5682078278782328,-0.4065934065934087,-0.12747252747252702,34,31,ENABLE
1785583353.3114634,-0.5708781567101546,-0.4505494505494525,-0.17142857142857082,34,31,ENABLE
1785583353.3166463,-0.5727855344472417,-0.4065934065934087,-0.18021978021977958,34,31,ENABLE
1785583353.321476,-0.5750743877317461,-0.4945054945054963,-0.18021978021977958,34,31,ENABLE
1785583353.3262563,-0.5773632410162506,-0.5164835164835182,-0.1538461538461533,34,31,ENABLE
1785583353.331245,-0.579652094300755,-0.4505494505494525,-0.1098901098901095,34,31,ENABLE
1785583353.336542,-0.5815594720378421,-0.3846153846153868,-0.1098901098901095,34,31,ENABLE
1785583353.341576,-0.5834668497749291,-0.3626373626373649,-0.08351648351648322,34,31,ENABLE
1785583353.346496,-0.5846112764171814,-0.3186813186813211,-0.08351648351648322,34,31,ENABLE
1785583353.35152,-0.586137178606851,-0.340659340659343,-0.08351648351648322,34,31,ENABLE
1785583353.3564923,-0.5872816052491032,-0.2307692307692335,-0.08351648351648322,34,31,ENABLE
1785583353.3615549,-0.5876630807965206,-0.1648351648351678,-0.10109890109890074,34,31,ENABLE
1785583353.3665543,-0.5888075074387729,-0.1868131868131897,-0.11868131868131826,34,31,ENABLE
1785583353.371547,-0.5903334096284425,-0.2967032967032992,-0.09230769230769198,34,31,ENABLE
1785583353.3765512,-0.5918593118181121,-0.2967032967032992,-0.0219780219780219,34,31,ENABLE
1785583353.3815203,-0.592622262912947,-0.2087912087912116,-0.01318681318681314,34,31,ENABLE
1785583353.3865528,-0.5930037384603644,-0.120879120879124,-0.03076923076923066,34,31,ENABLE
1785583353.3914857,-0.5930037384603644,-0.0769230769230802,-0.05714285714285694,34,31,ENABLE
1785583353.3964796,-0.5937666895551992,-0.0989010989011021,-0.07472527472527446,34,31,ENABLE
1785583353.4015374,-0.5941481651026166,-0.1428571428571459,-0.07472527472527446,34,31,ENABLE
1785583353.4064894,-0.594529640650034,-0.0989010989011021,-0.07472527472527446,34,31,ENABLE
1785583353.411469,-0.5952925917448688,-0.120879120879124,-0.05714285714285694,34,31,ENABLE
1785583353.4166045,-0.5956740672922862,-0.0989010989011021,-0.04835164835164818,34,31,ENABLE
1785583353.4215271,-0.5960555428397036,-0.0769230769230802,-0.03956043956043942,34,31,ENABLE
1785583353.4265473,-0.596437018387121,-0.120879120879124,-0.03076923076923066,34,31,ENABLE
1785583353.4314914,-0.5971999694819559,-0.120879120879124,-0.0219780219780219,34,31,ENABLE
1785583353.4365406,-0.5975814450293733,-0.0989010989011021,-0.0219780219780219,34,31,ENABLE
1785583353.4414892,-0.5971999694819559,-0.0329670329670364,-0.03076923076923066,34,31,ENABLE
1785583353.446487,-0.5975814450293733,-0.010989010989014503,-0.04835164835164818,34,31,ENABLE
1785583353.45152,-0.5975814450293733,-0.0329670329670364,-0.05714285714285694,34,31,ENABLE
1785583353.456539,-0.5975814450293733,-0.0329670329670364,-0.05714285714285694,34,31,ENABLE
1785583353.4614892,-0.5979629205767907,-0.0329670329670364,-0.04835164835164818,34,31,ENABLE
1785583353.4664848,-0.5979629205767907,-0.0329670329670364,-0.05714285714285694,34,31,ENABLE
1785583353.4714913,-0.5979629205767907,-0.0329670329670364,-0.04835164835164818,34,31,ENABLE
1785583353.4765484,-0.5979629205767907,0.010989010989014503,-0.05714285714285694,34,31,ENABLE
1785583353.4815536,-0.5983443961242081,-0.010989010989014503,-0.0659340659340657,34,31,ENABLE
1785583353.4865422,-0.5983443961242081,-0.0329670329670364,-0.05714285714285694,34,31,ENABLE
1785583353.4914253,-0.5983443961242081,-0.0329670329670364,-0.0659340659340657,34,31,ENABLE
1785583353.4965203,-0.5983443961242081,-0.0329670329670364,-0.04835164835164818,34,31,ENABLE
1785583353.5014904,-0.5983443961242081,-0.010989010989014503,-0.04835164835164818,34,31,ENABLE
1785583353.5064864,-0.5983443961242081,-0.0329670329670364,-0.04835164835164818,34,31,ENABLE
1785583353.511484,-0.5983443961242081,-0.010989010989014503,-0.05714285714285694,34,31,ENABLE
1785583353.516489,-0.5987258716716255,-0.0549450549450583,-0.05714285714285694,34,31,ENABLE
1785583353.5214877,-0.5987258716716255,-0.0329670329670364,-0.04835164835164818,34,31,ENABLE
1785583353.526482,-0.5987258716716255,-0.010989010989014503,-0.04835164835164818,34,31,ENABLE
1785583353.531481,-0.5987258716716255,-0.0329670329670364,-0.04835164835164818,34,31,ENABLE
1785583353.5364935,-0.5987258716716255,-0.0329670329670364,-0.05714285714285694,34,31,ENABLE
1785583353.5414963,-0.5987258716716255,-0.010989010989014503,-0.04835164835164818,34,31,ENABLE
1785583353.5465403,-0.5987258716716255,-0.0549450549450583,-0.04835164835164818,34,31,ENABLE
1785583353.5514889,-0.5987258716716255,0.010989010989014503,-0.05714285714285694,34,31,ENABLE
1785583353.5564854,-0.5987258716716255,-0.010989010989014503,-0.04835164835164818,34,31,ENABLE
1785583353.5615194,-0.5987258716716255,-0.010989010989014503,-0.05714285714285694,34,31,ENABLE
1785583353.566488,-0.5987258716716255,-0.010989010989014503,-0.05714285714285694,34,31,ENABLE
1785583353.571501,-0.5991073472190429,-0.0549450549450583,-0.05714285714285694,34,31,ENABLE
1785583353.576489,-0.5991073472190429,-0.0329670329670364,-0.04835164835164818,34,31,ENABLE
1785583353.5814855,-0.5991073472190429,-0.0329670329670364,-0.04835164835164818,34,31,ENABLE
1785583353.5865471,-0.5991073472190429,-0.010989010989014503,-0.04835164835164818,34,31,ENABLE
1785583353.5914824,-0.5987258716716255,0.010989010989014503,-0.05714285714285694,34,31,ENABLE
1785583353.5964825,-0.5991073472190429,-0.010989010989014503,-0.05714285714285694,34,31,ENABLE
1785583353.6014795,-0.5991073472190429,0.010989010989014503,-0.04835164835164818,34,31,ENABLE
1785583353.6065228,-0.5991073472190429,-0.010989010989014503,-0.04835164835164818,34,31,ENABLE
1785583353.6116817,-0.5991073472190429,-0.010989010989014503,-0.04835164835164818,34,31,ENABLE
1785583353.6165395,-0.5991073472190429,0.010989010989014503,-0.04835164835164818,34,31,ENABLE
1785583353.6214888,-0.5991073472190429,-0.0329670329670364,-0.04835164835164818,34,31,ENABLE
1785583353.6263504,-0.5991073472190429,-0.010989010989014503,-0.04835164835164818,34,31,ENABLE
1785583353.631253,-0.5991073472190429,-0.010989010989014503,-0.05714285714285694,34,31,ENABLE
1785583353.6364155,-0.5991073472190429,-0.010989010989014503,-0.05714285714285694,34,31,ENABLE
1785583353.6414807,-0.5991073472190429,-0.010989010989014503,-0.04835164835164818,34,31,ENABLE
1785583353.6464796,-0.5991073472190429,-0.0329670329670364,-0.04835164835164818,34,31,ENABLE
1785583353.6514893,-0.5991073472190429,-0.0329670329670364,-0.05714285714285694,34,31,ENABLE
1785583353.656486,-0.5991073472190429,-0.010989010989014503,-0.04835164835164818,34,31,ENABLE
1785583353.6614885,-0.5991073472190429,-0.010989010989014503,-0.04835164835164818,34,31,ENABLE
1785583353.66652,-0.5991073472190429,0.010989010989014503,-0.04835164835164818,34,31,ENABLE
1785583353.671577,-0.5991073472190429,0.010989010989014503,-0.03956043956043942,34,31,ENABLE
1785583353.6764867,-0.5991073472190429,0.010989010989014503,-0.04835164835164818,34,31,ENABLE
1785583353.681493,-0.5991073472190429,-0.0329670329670364,-0.04835164835164818,34,31,ENABLE
1785583353.6864765,-0.5991073472190429,-0.0329670329670364,-0.04835164835164818,34,31,ENABLE
1785583353.691505,-0.5991073472190429,-0.0329670329670364,-0.04835164835164818,34,31,ENABLE
1785583353.6964867,-0.5991073472190429,-0.010989010989014503,-0.04835164835164818,34,31,ENABLE
1785583353.7014704,-0.5991073472190429,-0.0329670329670364,-0.04835164835164818,34,31,ENABLE
1785583353.7064722,-0.5991073472190429,-0.010989010989014503,-0.04835164835164818,34,31,ENABLE
1785583353.7114804,-0.5991073472190429,-0.010989010989014503,-0.04835164835164818,34,31,ENABLE
1785583353.7165184,-0.5991073472190429,0.010989010989014503,-0.04835164835164818,34,31,ENABLE
1785583353.7214773,-0.5991073472190429,-0.010989010989014503,-0.04835164835164818,34,31,ENABLE
1785583353.7264755,-0.5991073472190429,-0.010989010989014503,-0.03956043956043942,34,31,ENABLE
1785583353.7314775,-0.5991073472190429,0.010989010989014503,-0.04835164835164818,34,31,ENABLE
1785583353.7365992,-0.5991073472190429,-0.010989010989014503,-0.04835164835164818,34,31,ENABLE
1785583353.7414796,-0.5991073472190429,-0.0329670329670364,-0.05714285714285694,34,31,ENABLE
1785583353.746535,-0.5991073472190429,-0.010989010989014503,-0.04835164835164818,34,31,ENABLE
1785583353.7515423,-0.5991073472190429,-0.010989010989014503,-0.04835164835164818,34,31,ENABLE
1785583353.7565463,-0.5991073472190429,0.010989010989014503,-0.05714285714285694,34,31,ENABLE
1785583353.7614784,-0.5991073472190429,-0.010989010989014503,-0.05714285714285694,34,31,ENABLE
1785583353.7664936,-0.5991073472190429,0.010989010989014503,-0.05714285714285694,34,31,ENABLE
1785583353.7714796,-0.5991073472190429,-0.010989010989014503,-0.04835164835164818,34,31,ENABLE
1785583353.776474,-0.5991073472190429,0.010989010989014503,-0.03956043956043942,34,31,ENABLE
1785583353.781544,-0.5991073472190429,0.010989010989014503,-0.01318681318681314,34,31,ENABLE
1785583353.7864726,-0.5987258716716255,0.010989010989014503,0.0219780219780219,34,31,ENABLE
1785583353.791489,-0.5983443961242081,0.0549450549450583,0.04835164835164818,34,31,ENABLE
1785583353.7964892,-0.5979629205767907,0.0769230769230802,0.07472527472527446,34,31,ENABLE
1785583353.8015432,-0.5971999694819559,0.0769230769230802,0.10109890109890074,34,31,ENABLE
1785583353.8064692,-0.5968184939345385,0.0989010989011021,0.12747252747252702,34,31,ENABLE
1785583353.8114736,-0.5960555428397036,0.120879120879124,0.16263736263736206,34,31,ENABLE
1785583353.8164868,-0.5956740672922862,0.0989010989011021,0.1978021978021971,34,31,ENABLE
1785583353.8214915,-0.594529640650034,0.1648351648351678,0.22417582417582338,34,31,ENABLE
1785583353.8264706,-0.592622262912947,0.340659340659343,0.20659340659340586,34,31,ENABLE
1785583353.8314798,-0.5910963607232773,0.2967032967032992,0.17142857142857082,34,31,ENABLE
1785583353.8364713,-0.5888075074387729,0.3626373626373649,0.17142857142857082,34,31,ENABLE
1785583353.8415,-0.5876630807965206,0.2967032967032992,0.16263736263736206,34,31,ENABLE
1785583353.8464782,-0.5857557030594336,0.3186813186813211,0.18021978021977958,34,31,ENABLE
1785583353.8514721,-0.5834668497749291,0.4285714285714306,0.18021978021977958,34,31,ENABLE
1785583353.8564816,-0.5807965209430073,0.4725274725274744,0.17142857142857082,34,31,ENABLE
1785583353.8614788,-0.5785076676585028,0.4505494505494525,0.14505494505494454,34,31,ENABLE
1785583353.8664854,-0.5754558632791635,0.560439560439562,0.11868131868131826,34,31,ENABLE
1785583353.871493,-0.5724040588998243,0.560439560439562,0.09230769230769198,34,31,ENABLE
1785583353.8764713,-0.5697337300679024,0.5164835164835182,0.07472527472527446,34,31,ENABLE
1785583353.88152,-0.5666819256885631,0.5384615384615401,0.07472527472527446,34,31,ENABLE
1785583353.886519,-0.5636301213092239,0.5824175824175839,0.07472527472527446,34,31,ENABLE
1785583353.89149,-0.5613412680247194,0.5164835164835182,0.10109890109890074,34,31,ENABLE
1785583353.89648,-0.5586709391927975,0.4945054945054963,0.11868131868131826,34,31,ENABLE
1785583353.9014666,-0.5563820859082931,0.4505494505494525,0.16263736263736206,34,31,ENABLE
1785583353.9064913,-0.5540932326237886,0.4505494505494525,0.1978021978021971,34,31,ENABLE
1785583353.9114678,-0.5506599526970319,0.6043956043956058,0.1978021978021971,34,31,ENABLE
1785583353.916475,-0.5472266727702753,0.6923076923076934,0.17142857142857082,34,31,ENABLE
1785583353.9214807,-0.5434119172961012,0.7582417582417591,0.14505494505494454,34,31,ENABLE
1785583353.9265072,-0.5399786373693445,0.7362637362637372,0.10109890109890074,34,31,ENABLE
1785583353.9314947,-0.5361638818951704,0.7142857142857153,0.07472527472527446,34,31,ENABLE
1785583353.9364736,-0.5327306019684137,0.6923076923076934,0.07472527472527446,34,31,ENABLE
1785583353.9414823,-0.5296787975890744,0.6263736263736277,0.08351648351648322,34,31,ENABLE
1785583353.946487,-0.5262455176623178,0.6483516483516496,0.10109890109890074,34,31,ENABLE
1785583353.9515135,-0.5228122377355611,0.6483516483516496,0.13626373626373578,34,31,ENABLE
1785583353.9564896,-0.5193789578088044,0.6703296703296715,0.16263736263736206,34,31,ENABLE
1785583353.9617376,-0.5159456778820477,0.6483516483516496,0.18021978021977958,34,31,ENABLE
1785583353.9664755,-0.5128938735027084,0.6483516483516496,0.18021978021977958,34,31,ENABLE
1785583353.9714851,-0.5090791180285343,0.6483516483516496,0.18901098901098834,34,31,ENABLE
1785583353.9764764,-0.5056458381017777,0.7362637362637372,0.17142857142857082,34,31,ENABLE
1785583353.981484,-0.5010681315327687,0.780219780219781,0.14505494505494454,34,31,ENABLE
1785583353.986478,-0.49649042496375984,0.8461538461538467,0.10109890109890074,34,31,ENABLE
1785583353.991489,-0.49229419394216833,0.8681318681318686,0.07472527472527446,34,31,ENABLE
1785583353.9964743,-0.48809796292057683,0.8241758241758248,0.07472527472527446,34,31,ENABLE
1785583354.0014784,-0.48428320744640274,0.780219780219781,0.09230769230769198,34,31,ENABLE
1785583354.006486,-0.48084992751964606,0.7142857142857153,0.11868131868131826,34,31,ENABLE
1785583354.011507,-0.47703517204547197,0.7142857142857153,0.1538461538461533,34,31,ENABLE
1785583354.016481,-0.4732204165712979,0.7582417582417591,0.18021978021977958,34,31,ENABLE
1785583354.0214791,-0.46826123445487156,0.8461538461538467,0.17142857142857082,34,31,ENABLE
1785583354.026487,-0.46368352788586265,0.8901098901098905,0.13626373626373578,34,31,ENABLE
1785583354.0314822,-0.4587243457694363,0.9560439560439562,0.09230769230769198,34,31,ENABLE
1785583354.0365508,-0.4541466392004274,0.9340659340659343,0.0659340659340657,34,31,ENABLE
1785583354.041486,-0.4495689326314185,0.8901098901098905,0.0659340659340657,34,31,ENABLE
1785583354.046481,-0.4457541771572444,0.8021978021978029,0.10109890109890074,34,31,ENABLE
1785583354.0515485,-0.4419394216830703,0.7582417582417591,0.14505494505494454,34,31,ENABLE
1785583354.056549,-0.43812466620889623,0.780219780219781,0.18901098901098834,34,31,ENABLE
1785583354.0614707,-0.4335469596398873,0.8461538461538467,0.1978021978021971,34,31,ENABLE
1785583354.0664866,-0.4289692530708784,0.9340659340659343,0.18021978021977958,34,31,ENABLE
1785583354.0714803,-0.42324711985961727,1.021978021978022,0.13626373626373578,34,31,ENABLE
1785583354.0764904,-0.41828793774319095,1.0659340659340657,0.08351648351648322,34,31,ENABLE
1785583354.0814898,-0.41332875562676463,1.0,0.05714285714285694,34,31,ENABLE
1785583354.0864878,-0.4087510490577557,0.9340659340659343,0.07472527472527446,34,31,ENABLE
1785583354.0914826,-0.4045548180361642,0.8461538461538467,0.11868131868131826,34,31,ENABLE
1785583354.0964606,-0.4003585870145727,0.8021978021978029,0.17142857142857082,34,31,ENABLE
1785583354.101476,-0.3957808804455638,0.8901098901098905,0.1978021978021971,34,31,ENABLE
1785583354.1064901,-0.39005874723430267,1.021978021978022,0.17142857142857082,34,31,ENABLE
1785583354.1114802,-0.38433661402304153,1.1318681318681314,0.11868131868131826,34,31,ENABLE
1785583354.1164825,-0.3786144808117804,1.1098901098901095,0.0659340659340657,34,31,ENABLE
1785583354.1215322,-0.3736552986953541,1.021978021978022,0.05714285714285694,34,31,ENABLE
1785583354.1264858,-0.3694590676737626,0.9340659340659343,0.09230769230769198,34,31,ENABLE
1785583354.1314743,-0.3652628366521711,0.8461538461538467,0.1538461538461533,34,31,ENABLE
1785583354.1364856,-0.36068513008316216,0.8901098901098905,0.20659340659340586,34,31,ENABLE
1785583354.1414824,-0.35534447241931844,1.0,0.20659340659340586,34,31,ENABLE
1785583354.146486,-0.3492408636606399,1.1538461538461533,0.1538461538461533,34,31,ENABLE
1785583354.1514685,-0.34313725490196134,1.197802197802197,0.08351648351648322,34,31,ENABLE
1785583354.156483,-0.3370336461432828,1.1758241758241752,0.03956043956043942,34,31,ENABLE
1785583354.1614935,-0.3320744640268565,1.0439560439560438,0.05714285714285694,34,31,ENABLE
1785583354.1665475,-0.327878233005265,0.9340659340659343,0.11868131868131826,34,31,ENABLE
1785583354.1715395,-0.32330052643625606,0.9120879120879124,0.17142857142857082,34,31,ENABLE
1785583354.1765428,-0.3175783932249949,1.0,0.1978021978021971,34,31,ENABLE
1785583354.1815836,-0.3114747844663164,1.1758241758241752,0.16263736263736206,34,31,ENABLE
1785583354.1865175,-0.30537117570763783,1.197802197802197,0.1098901098901095,34,31,ENABLE
1785583354.1914837,-0.2992675669489593,1.219780219780219,0.05714285714285694,34,31,ENABLE
1785583354.1964881,-0.29430838483253297,1.0879120879120876,0.07472527472527446,34,31,ENABLE
1785583354.2014823,-0.28934920271610665,0.9560439560439562,0.12747252747252702,34,31,ENABLE
1785583354.206518,-0.2843900205996803,0.9780219780219781,0.17142857142857082,34,31,ENABLE
1785583354.2114887,-0.2790493629358366,1.0879120879120876,0.1978021978021971,34,31,ENABLE
1785583354.216422,-0.27256427862974064,1.197802197802197,0.1538461538461533,34,31,ENABLE
1785583354.2214804,-0.2664606698710621,1.241758241758241,0.1098901098901095,34,31,ENABLE
1785583354.226515,-0.26035706111238355,1.197802197802197,0.08351648351648322,34,31,ENABLE
1785583354.2314863,-0.2546349279011224,1.1318681318681314,0.09230769230769198,34,31,ENABLE
1785583354.2364864,-0.24967574578469431,1.0439560439560438,0.11868131868131826,34,31,ENABLE
1785583354.241485,-0.244716563668268,1.021978021978022,0.17142857142857082,34,31,ENABLE
1785583354.2465048,-0.23861295490958945,1.0879120879120876,0.18901098901098834,34,31,ENABLE
1785583354.251546,-0.2325093461509109,1.219780219780219,0.17142857142857082,34,31,ENABLE
1785583354.2564976,-0.22602426184481494,1.2857142857142847,0.12747252747252702,34,31,ENABLE
1785583354.26148,-0.2199206530861364,1.1758241758241752,0.11868131868131826,34,31,ENABLE
1785583354.2665312,-0.21419851987487526,1.1538461538461533,0.13626373626373578,34,31,ENABLE
1785583354.271531,-0.20923933775844894,1.0659340659340657,0.16263736263736206,34,31,ENABLE
1785583354.2764876,-0.2035172045471878,1.0879120879120876,0.18901098901098834,34,31,ENABLE
1785583354.2814763,-0.19741359578850926,1.197802197802197,0.18021978021977958,34,31,ENABLE
1785583354.2864876,-0.1905470359349959,1.2857142857142847,0.14505494505494454,34,31,ENABLE
1785583354.2914827,-0.18406195162889993,1.2637362637362628,0.11868131868131826,34,31,ENABLE
1785583354.2964733,-0.1787212939650562,1.1098901098901095,0.12747252747252702,34,31,ENABLE
1785583354.3014867,-0.17299916075379507,1.1318681318681314,0.17142857142857082,34,31,ENABLE
1785583354.306528,-0.16727702754253393,1.1318681318681314,0.1978021978021971,34,31,ENABLE
1785583354.311516,-0.16117341878385538,1.197802197802197,0.18021978021977958,34,31,ENABLE
1785583354.316546,-0.15468833447775943,1.241758241758241,0.16263736263736206,34,31,ENABLE
1785583354.3213634,-0.14820325017166347,1.3296703296703285,0.13626373626373578,34,31,ENABLE
1785583354.3262615,-0.14286259250781974,1.1538461538461533,0.16263736263736206,34,31,ENABLE
1785583354.3314924,-0.1367589837491412,1.1538461538461533,0.18021978021977958,34,31,ENABLE
1785583354.336544,-0.13065537499046265,1.1758241758241752,0.20659340659340586,34,31,ENABLE
1785583354.34148,-0.12417029068436669,1.2637362637362628,0.18901098901098834,34,31,ENABLE
1785583354.3464983,-0.11730373083085333,1.2857142857142847,0.1538461538461533,34,31,ENABLE
1785583354.3514829,-0.11081864652475737,1.3736263736263723,0.12747252747252702,34,31,ENABLE
1785583354.3565328,-0.10509651331349623,1.1538461538461533,0.14505494505494454,34,31,ENABLE
1785583354.361493,-0.0993743801022351,1.1538461538461533,0.18021978021977958,34,31,ENABLE
1785583354.3665257,-0.09365224689097396,1.1538461538461533,0.23296703296703214,34,31,ENABLE
1785583354.3715198,-0.087167162584878,1.219780219780219,0.23296703296703214,34,31,ENABLE
1785583354.3765,-0.08068207827878204,1.2857142857142847,0.1978021978021971,34,31,ENABLE
1785583354.381488,-0.07381551842526868,1.3516483516483504,0.16263736263736206,34,31,ENABLE
1785583354.3865147,-0.06771190966659013,1.197802197802197,0.17142857142857082,34,31,ENABLE
1785583354.3915806,-0.06198977645532899,1.1758241758241752,0.20659340659340586,34,31,ENABLE
1785583354.3965416,-0.056267643244067855,1.1318681318681314,0.2417582417582409,34,31,ENABLE
1785583354.401491,-0.0497825589379719,1.2857142857142847,0.2417582417582409,34,31,ENABLE
1785583354.4064968,-0.042534523537041125,1.3736263736263723,0.20659340659340586,34,31,ENABLE
1785583354.4115195,-0.03604943923094517,1.3516483516483504,0.16263736263736206,34,31,ENABLE
1785583354.4164915,-0.02994583047226662,1.219780219780219,0.17142857142857082,34,31,ENABLE
1785583354.4214885,-0.024605172808422893,1.1538461538461533,0.22417582417582338,34,31,ENABLE
1785583354.426492,-0.018501564049744346,1.1318681318681314,0.2681318681318672,34,31,ENABLE
1785583354.431548,-0.01201647974364839,1.2637362637362628,0.2593406593406584,34,31,ENABLE
1785583354.4365442,-0.005149919890135024,1.3296703296703285,0.23296703296703214,34,31,ENABLE
1785583354.441548,0.0013351644159609322,1.2857142857142847,0.20659340659340586,34,31,ENABLE
1785583354.4465387,0.007820248722056888,1.3076923076923066,0.20659340659340586,34,31,ENABLE
1785583354.4515266,0.014305333028152845,1.219780219780219,0.20659340659340586,34,31,ENABLE
1785583354.4565427,0.02040894178683139,1.241758241758241,0.21538461538461462,34,31,ENABLE
1785583354.4614909,0.027275501640344757,1.3076923076923066,0.20659340659340586,34,31,ENABLE
1785583354.466491,0.03376058594644071,1.2857142857142847,0.18901098901098834,34,31,ENABLE
1785583354.4714909,0.04024567025253667,1.2857142857142847,0.18021978021977958,34,31,ENABLE
1785583354.4765701,0.046730754558632626,1.2857142857142847,0.1978021978021971,34,31,ENABLE
1785583354.4814901,0.05245288776989376,1.197802197802197,0.21538461538461462,34,31,ENABLE
1785583354.486489,0.05931944762340713,1.2857142857142847,0.22417582417582338,34,31,ENABLE
1785583354.49149,0.0661860074769205,1.3296703296703285,0.1978021978021971,34,31,ENABLE
1785583354.496491,0.07305256733043386,1.3516483516483504,0.16263736263736206,34,31,ENABLE
1785583354.501481,0.07991912718394723,1.3736263736263723,0.14505494505494454,34,31,ENABLE
1785583354.5064914,0.08564126039520836,1.219780219780219,0.1538461538461533,34,31,ENABLE
1785583354.5114934,0.09212634470130432,1.2637362637362628,0.17142857142857082,34,31,ENABLE
1785583354.5164897,0.09899290455481768,1.3296703296703285,0.16263736263736206,34,31,ENABLE
1785583354.521555,0.10585946440833105,1.3076923076923066,0.14505494505494454,34,31,ENABLE
1785583354.5264792,0.11272602426184442,1.3736263736263723,0.1098901098901095,34,31,ENABLE
1785583354.5314887,0.11921110856794037,1.3296703296703285,0.11868131868131826,34,31,ENABLE
1785583354.5365458,0.12531471732661892,1.219780219780219,0.12747252747252702,34,31,ENABLE
1785583354.541492,0.13179980163271487,1.2637362637362628,0.1538461538461533,34,31,ENABLE
1785583354.546483,0.13866636148622824,1.2857142857142847,0.13626373626373578,34,31,ENABLE
1785583354.551555,0.1455329213397416,1.3296703296703285,0.11868131868131826,34,31,ENABLE
1785583354.5564897,0.15201800564583756,1.3736263736263723,0.10109890109890074,34,31,ENABLE
1785583354.5615785,0.1581216144045161,1.197802197802197,0.11868131868131826,34,31,ENABLE
1785583354.5665421,0.16384374761577725,1.1758241758241752,0.1538461538461533,34,31,ENABLE
1785583354.5714898,0.1699473563744558,1.197802197802197,0.18901098901098834,34,31,ENABLE
1785583354.5765378,0.17681391622796916,1.3296703296703285,0.16263736263736206,34,31,ENABLE
1785583354.581477,0.18406195162889993,1.3516483516483504,0.1098901098901095,34,31,ENABLE
1785583354.58654,0.1905470359349959,1.3296703296703285,0.08351648351648322,34,31,ENABLE
1785583354.5914805,0.19626916914625703,1.219780219780219,0.09230769230769198,34,31,ENABLE
1785583354.5964885,0.20199130235751817,1.1758241758241752,0.13626373626373578,34,31,ENABLE
1785583354.601491,0.2077134355687793,1.1318681318681314,0.17142857142857082,34,31,ENABLE
1785583354.6065383,0.21457999542229267,1.2857142857142847,0.1538461538461533,34,31,ENABLE
1785583354.6114864,0.22144655527580603,1.3296703296703285,0.11868131868131826,34,31,ENABLE
1785583354.6164896,0.22755016403448458,1.2637362637362628,0.10109890109890074,34,31,ENABLE
1785583354.621497,0.23365377279316313,1.1758241758241752,0.10109890109890074,34,31,ENABLE
1785583354.6264818,0.23899443045700686,1.1538461538461533,0.13626373626373578,34,31,ENABLE
1785583354.6315641,0.244716563668268,1.0879120879120876,0.17142857142857082,34,31,ENABLE
1785583354.636516,0.2512016479743657,1.219780219780219,0.16263736263736206,34,31,ENABLE
1785583354.6415815,0.2580682078278791,1.2637362637362628,0.12747252747252702,34,31,ENABLE
1785583354.646281,0.26417181658655764,1.3076923076923066,0.09230769230769198,34,31,ENABLE
1785583354.6512902,0.2702754253452362,1.197802197802197,0.08351648351648322,34,31,ENABLE
1785583354.65657,0.27637903410391473,1.197802197802197,0.10109890109890074,34,31,ENABLE
1785583354.661503,0.28133821622034105,1.1318681318681314,0.13626373626373578,34,31,ENABLE
1785583354.6666381,0.2874418249790196,1.1098901098901095,0.14505494505494454,34,31,ENABLE
1785583354.6715183,0.29354543373769815,1.219780219780219,0.14505494505494454,34,31,ENABLE
1785583354.6765387,0.2996490424963767,1.1758241758241752,0.12747252747252702,34,31,ENABLE
1785583354.6814916,0.30575265125505524,1.197802197802197,0.11868131868131826,34,31,ENABLE
1785583354.6865406,0.31109330891889897,1.1318681318681314,0.12747252747252702,34,31,ENABLE
1785583354.6915398,0.3164339665827427,1.0439560439560438,0.1538461538461533,34,31,ENABLE
1785583354.6965303,0.32215609979400384,1.1538461538461533,0.16263736263736206,34,31,ENABLE
1785583354.7014236,0.327878233005265,1.1538461538461533,0.14505494505494454,34,31,ENABLE
1785583354.7064903,0.33436331731136093,1.241758241758241,0.11868131868131826,34,31,ENABLE
1785583354.7114882,0.34008545052262207,1.1758241758241752,0.1098901098901095,34,31,ENABLE
1785583354.7164838,0.3450446326390484,1.021978021978022,0.11868131868131826,34,31,ENABLE
1785583354.7214892,0.3507667658503095,1.0439560439560438,0.1538461538461533,34,31,ENABLE
1785583354.7264822,0.35610742351415325,1.1098901098901095,0.16263736263736206,34,31,ENABLE
1785583354.731575,0.3618295567254144,1.1098901098901095,0.13626373626373578,34,31,ENABLE
1785583354.7365391,0.36793316548409294,1.1758241758241752,0.11868131868131826,34,31,ENABLE
1785583354.7414868,0.3736552986953541,1.1538461538461533,0.10109890109890074,34,31,ENABLE
1785583354.746476,0.378233005264363,1.0,0.1098901098901095,34,31,ENABLE
1785583354.75155,0.3831921873807893,0.9120879120879124,0.1538461538461533,34,31,ENABLE
1785583354.7565768,0.3877698939497982,0.9120879120879124,0.18901098901098834,34,31,ENABLE
1785583354.7615428,0.39311055161364195,1.0,0.21538461538461462,34,31,ENABLE
1785583354.7664921,0.3988326848249031,1.1098901098901095,0.18021978021977958,34,31,ENABLE
1785583354.771543,0.40493629358358163,1.1538461538461533,0.11868131868131826,34,31,ENABLE
1785583354.7765465,0.41065842679484277,1.1538461538461533,0.07472527472527446,34,31,ENABLE
1785583354.7814841,0.4156176089112691,1.0439560439560438,0.07472527472527446,34,31,ENABLE
1785583354.786539,0.4198138399328606,0.8681318681318686,0.1098901098901095,34,31,ENABLE
1785583354.7914937,0.4240100709544521,0.8461538461538467,0.16263736263736206,34,31,ENABLE
1785583354.796539,0.4289692530708784,0.8901098901098905,0.20659340659340586,34,31,ENABLE
1785583354.801491,0.43469138628213955,1.0659340659340657,0.18901098901098834,34,31,ENABLE
1785583354.8064823,0.4400320439459833,1.1098901098901095,0.11868131868131826,34,31,ENABLE
1785583354.8114858,0.4457541771572444,1.0879120879120876,0.07472527472527446,34,31,ENABLE
1785583354.8166451,0.45109483482108814,1.021978021978022,0.05714285714285694,34,31,ENABLE
1785583354.8215508,0.4545281147478448,0.8461538461538467,0.1098901098901095,34,31,ENABLE
1785583354.8265405,0.4579613946746015,0.7362637362637372,0.18901098901098834,34,31,ENABLE
1785583354.831488,0.4617761501487756,0.7142857142857153,0.25054945054944966,34,31,ENABLE
1785583354.836566,0.4667353322652019,0.9120879120879124,0.2593406593406584,34,31,ENABLE
1785583354.8414772,0.47207598992904565,1.021978021978022,0.20659340659340586,34,31,ENABLE
1785583354.846488,0.4774166475928894,1.0659340659340657,0.11868131868131826,34,31,ENABLE
1785583354.8515534,0.4831387808041505,1.0659340659340657,0.05714285714285694,34,31,ENABLE
1785583354.8564773,0.4877164873731594,0.9780219780219781,0.03076923076923066,34,31,ENABLE
1785583354.8615403,0.4911497672999161,0.780219780219781,0.08351648351648322,34,31,ENABLE
1785583354.8664875,0.4942015716792554,0.6703296703296715,0.16263736263736206,34,31,ENABLE
1785583354.8715556,0.49801632715342947,0.6923076923076934,0.22417582417582338,34,31,ENABLE
1785583354.8764842,0.502212558175021,0.780219780219781,0.23296703296703214,34,31,ENABLE
1785583354.8815687,0.5071717402914473,0.9120879120879124,0.18901098901098834,34,31,ENABLE
1785583354.8864844,0.5121309224078736,0.9780219780219781,0.11868131868131826,34,31,ENABLE
1785583354.8914945,0.5167086289768825,0.9560439560439562,0.07472527472527446,34,31,ENABLE
1785583354.896485,0.520904859998474,0.8461538461538467,0.05714285714285694,34,31,ENABLE
1785583354.9014914,0.5243381399252307,0.780219780219781,0.07472527472527446,34,31,ENABLE
1785583354.9064894,0.5277714198519874,0.6923076923076934,0.14505494505494454,34,31,ENABLE
1785583354.9114969,0.5304417486839093,0.5824175824175839,0.1978021978021971,34,31,ENABLE
1785583354.9164817,0.5334935530632485,0.6043956043956058,0.2417582417582409,34,31,ENABLE
1785583354.9214838,0.5373083085374226,0.6703296703296715,0.2417582417582409,34,31,ENABLE
1785583354.9265394,0.5411230640115967,0.7362637362637372,0.21538461538461462,34,31,ENABLE
1785583354.9314873,0.5453192950331882,0.8021978021978029,0.16263736263736206,34,31,ENABLE
1785583354.9365396,0.5495155260547797,0.8021978021978029,0.1098901098901095,34,31,ENABLE
1785583354.9414914,0.5533302815289538,0.780219780219781,0.0659340659340657,34,31,ENABLE
1785583354.9464767,0.5571450370031279,0.7362637362637372,0.0659340659340657,34,31,ENABLE
1785583354.9515395,0.5601968413824672,0.6703296703296715,0.08351648351648322,34,31,ENABLE
1785583354.9565363,0.5632486457618064,0.6263736263736277,0.11868131868131826,34,31,ENABLE
1785583354.9614909,0.5663004501411457,0.560439560439562,0.14505494505494454,34,31,ENABLE
1785583354.9665413,0.5689707789730676,0.560439560439562,0.17142857142857082,34,31,ENABLE
1785583354.971486,0.5720225833524069,0.6043956043956058,0.18021978021977958,34,31,ENABLE
1785583354.9765403,0.5750743877317461,0.6043956043956058,0.17142857142857082,34,31,ENABLE
1785583354.9814794,0.5785076676585028,0.6043956043956058,0.14505494505494454,34,31,ENABLE
1785583354.986522,0.5815594720378421,0.6043956043956058,0.12747252747252702,34,31,ENABLE
1785583354.991487,0.5849927519645988,0.6263736263736277,0.1098901098901095,34,31,ENABLE
1785583354.9964867,0.5876630807965206,0.6043956043956058,0.09230769230769198,34,31,ENABLE
1785583355.0014863,0.5903334096284425,0.5824175824175839,0.08351648351648322,34,31,ENABLE
1785583355.0067463,0.5933852140077818,0.5164835164835182,0.09230769230769198,34,31,ENABLE
1785583355.0115452,0.5956740672922862,0.5164835164835182,0.10109890109890074,34,31,ENABLE
1785583355.0164833,0.5979629205767907,0.4725274725274744,0.11868131868131826,34,31,ENABLE
1785583355.0215402,0.5998702983138777,0.4065934065934087,0.14505494505494454,34,31,ENABLE
1785583355.0264826,0.6017776760509648,0.3626373626373649,0.18021978021977958,34,31,ENABLE
1785583355.031493,0.6036850537880518,0.3626373626373649,0.20659340659340586,34,31,ENABLE
1785583355.0364864,0.6055924315251389,0.3626373626373649,0.21538461538461462,34,31,ENABLE
1785583355.041482,0.6078812848096433,0.4285714285714306,0.20659340659340586,34,31,ENABLE
1785583355.0464835,0.6101701380941478,0.4505494505494525,0.18021978021977958,34,31,ENABLE
1785583355.0515494,0.6124589913786522,0.4285714285714306,0.1538461538461533,34,31,ENABLE
1785583355.0564868,0.6143663691157393,0.4285714285714306,0.13626373626373578,34,31,ENABLE
1785583355.0614953,0.6166552224002437,0.4505494505494525,0.12747252747252702,34,31,ENABLE
1785583355.066485,0.6185626001373308,0.3626373626373649,0.11868131868131826,34,31,ENABLE
1785583355.0715532,0.6204699778744178,0.3626373626373649,0.1098901098901095,34,31,ENABLE
1785583355.0765371,0.6223773556115049,0.3626373626373649,0.1098901098901095,34,31,ENABLE
1785583355.0815508,0.6239032578011745,0.3626373626373649,0.10109890109890074,34,31,ENABLE
1785583355.0865464,0.6254291599908441,0.340659340659343,0.10109890109890074,34,31,ENABLE
1785583355.0914826,0.6273365377279312,0.3626373626373649,0.08351648351648322,34,31,ENABLE
1785583355.0964913,0.6292439154650182,0.340659340659343,0.0659340659340657,34,31,ENABLE
1785583355.101487,0.6303883421072705,0.2967032967032992,0.05714285714285694,34,31,ENABLE
1785583355.1064808,0.6319142442969401,0.2527472527472554,0.0659340659340657,34,31,ENABLE
1785583355.1114805,0.6326771953917749,0.2087912087912116,0.08351648351648322,34,31,ENABLE
1785583355.1164865,0.6334401464866097,0.1868131868131897,0.10109890109890074,34,31,ENABLE
1785583355.1214821,0.634584573128862,0.1648351648351678,0.11868131868131826,34,31,ENABLE
1785583355.1264915,0.6353475242236968,0.1428571428571459,0.12747252747252702,34,31,ENABLE
1785583355.13149,0.6361104753185316,0.1428571428571459,0.13626373626373578,34,31,ENABLE
1785583355.13654,0.636491950865949,0.120879120879124,0.14505494505494454,34,31,ENABLE
1785583355.141505,0.6376363775082012,0.1428571428571459,0.13626373626373578,34,31,ENABLE
1785583355.1465406,0.6380178530556186,0.1428571428571459,0.13626373626373578,34,31,ENABLE
1785583355.1514814,0.638399328603036,0.120879120879124,0.12747252747252702,34,31,ENABLE
1785583355.1565769,0.6387808041504535,0.0769230769230802,0.12747252747252702,34,31,ENABLE
1785583355.1615453,0.6391622796978709,0.0549450549450583,0.13626373626373578,34,31,ENABLE
1785583355.1665425,0.6391622796978709,0.010989010989014503,0.14505494505494454,34,31,ENABLE
1785583355.1715157,0.6391622796978709,0.010989010989014503,0.16263736263736206,34,31,ENABLE
1785583355.1765473,0.6391622796978709,-0.010989010989014503,0.16263736263736206,34,31,ENABLE
1785583355.18154,0.6391622796978709,-0.010989010989014503,0.1538461538461533,34,31,ENABLE
1785583355.1865468,0.6391622796978709,0.010989010989014503,0.1538461538461533,34,31,ENABLE
1785583355.1914814,0.6391622796978709,-0.0329670329670364,0.14505494505494454,34,31,ENABLE
1785583355.1964808,0.6391622796978709,-0.010989010989014503,0.14505494505494454,34,31,ENABLE
1785583355.2015214,0.6391622796978709,-0.0329670329670364,0.11868131868131826,34,31,ENABLE
1785583355.2064807,0.6391622796978709,-0.0329670329670364,0.1098901098901095,34,31,ENABLE
1785583355.2114801,0.6387808041504535,-0.0329670329670364,0.09230769230769198,34,31,ENABLE
1785583355.2164836,0.6387808041504535,-0.0329670329670364,0.0659340659340657,34,31,ENABLE
1785583355.2214777,0.6387808041504535,-0.0329670329670364,0.04835164835164818,34,31,ENABLE
1785583355.2265368,0.6387808041504535,-0.0549450549450583,0.03076923076923066,34,31,ENABLE
1785583355.2314785,0.638399328603036,-0.0329670329670364,0.00439560439560438,34,31,ENABLE
1785583355.2365367,0.6380178530556186,-0.0549450549450583,-0.01318681318681314,34,31,ENABLE
1785583355.2414815,0.6380178530556186,-0.0549450549450583,-0.03076923076923066,34,31,ENABLE
1785583355.2464163,0.6376363775082012,-0.0549450549450583,-0.04835164835164818,34,31,ENABLE
1785583355.2515395,0.6368734264133664,-0.0989010989011021,-0.0659340659340657,34,31,ENABLE
1785583355.2564778,0.6361104753185316,-0.1428571428571459,-0.07472527472527446,34,31,ENABLE
1785583355.261473,0.6353475242236968,-0.1648351648351678,-0.07472527472527446,34,31,ENABLE
1785583355.2665324,0.634584573128862,-0.1868131868131897,-0.07472527472527446,34,31,ENABLE
1785583355.2714784,0.6334401464866097,-0.2087912087912116,-0.09230769230769198,34,31,ENABLE
1785583355.2764838,0.6326771953917749,-0.2087912087912116,-0.09230769230769198,34,31,ENABLE
1785583355.2814806,0.6319142442969401,-0.1868131868131897,-0.1098901098901095,34,31,ENABLE
1785583355.2865179,0.6311512932021053,-0.1868131868131897,-0.14505494505494454,34,31,ENABLE
1785583355.291476,0.630006866559853,-0.2087912087912116,-0.16263736263736206,34,31,ENABLE
1785583355.2964857,0.6284809643701834,-0.2527472527472554,-0.17142857142857082,34,31,ENABLE
1785583355.3014724,0.6269550621805138,-0.3186813186813211,-0.17142857142857082,34,31,ENABLE
1785583355.3064866,0.6254291599908441,-0.3186813186813211,-0.16263736263736206,34,31,ENABLE
1785583355.3114827,0.6239032578011745,-0.3186813186813211,-0.17142857142857082,34,31,ENABLE
1785583355.316518,0.6219958800640875,-0.3626373626373649,-0.17142857142857082,34,31,ENABLE
1785583355.3258345,0.6185626001373308,-0.3846153846153868,-0.1538461538461533,34,31,ENABLE
1785583355.328928,0.6170366979476611,-0.3846153846153868,-0.13626373626373578,34,31,ENABLE
1785583355.331331,0.6162737468528263,-0.3846153846153868,-0.13626373626373578,34,31,ENABLE
1785583355.3361347,0.6139848935683219,-0.4285714285714306,-0.14505494505494454,34,31,ENABLE
1785583355.3404024,0.6120775158312348,-0.4725274725274744,-0.1538461538461533,34,31,ENABLE
1785583355.3452787,0.609407186999313,-0.5164835164835182,-0.1538461538461533,34,31,ENABLE
1785583355.3518689,0.6063553826199737,-0.6043956043956058,-0.12747252747252702,34,31,ENABLE
1785583355.3550446,0.602922102693217,-0.6483516483516496,-0.09230769230769198,34,31,ENABLE
1785583355.3594778,0.6002517738612951,-0.6483516483516496,-0.0659340659340657,34,31,ENABLE
1785583355.364459,0.5971999694819559,-0.6483516483516496,-0.05714285714285694,34,31,ENABLE
1785583355.3721097,0.5930037384603644,-0.5824175824175839,-0.07472527472527446,34,31,ENABLE
1785583355.377021,0.5907148851758599,-0.5164835164835182,-0.10109890109890074,34,31,ENABLE
1785583355.3816693,0.5884260318913554,-0.5164835164835182,-0.14505494505494454,34,31,ENABLE
1785583355.386545,0.5857557030594336,-0.5164835164835182,-0.18901098901098834,34,31,ENABLE
1785583355.3913133,0.5830853742275117,-0.560439560439562,-0.20659340659340586,34,31,ENABLE
1785583355.396224,0.5800335698481724,-0.6263736263736277,-0.1978021978021971,34,31,ENABLE
1785583355.4014735,0.575837338826581,-0.7142857142857153,-0.17142857142857082,34,31,ENABLE
1785583355.4064138,0.5720225833524069,-0.780219780219781,-0.13626373626373578,34,31,ENABLE
1785583355.4114878,0.5682078278782328,-0.8021978021978029,-0.1098901098901095,34,31,ENABLE
1785583355.4164739,0.5643930724040587,-0.7582417582417591,-0.09230769230769198,34,31,ENABLE
1785583355.421468,0.5605783169298846,-0.7582417582417591,-0.09230769230769198,34,31,ENABLE
1785583355.4264731,0.5567635614557105,-0.7582417582417591,-0.10109890109890074,34,31,ENABLE
1785583355.4314857,0.5533302815289538,-0.7362637362637372,-0.11868131868131826,34,31,ENABLE
1785583355.4365351,0.5498970016021971,-0.7142857142857153,-0.14505494505494454,34,31,ENABLE
1785583355.4414685,0.5464637216754404,-0.6923076923076934,-0.16263736263736206,34,31,ENABLE
1785583355.4464865,0.5426489662012663,-0.7362637362637372,-0.18901098901098834,34,31,ENABLE
1785583355.4515326,0.5384527351796748,-0.780219780219781,-0.18021978021977958,34,31,ENABLE
1785583355.4565606,0.5338750286106659,-0.8681318681318686,-0.1538461538461533,34,31,ENABLE
1785583355.4614875,0.5289158464942396,-0.9780219780219781,-0.11868131868131826,34,31,ENABLE
1785583355.4665403,0.5239566643778133,-0.9780219780219781,-0.07472527472527446,34,31,ENABLE
1785583355.47149,0.5197604333562218,-0.9340659340659343,-0.0659340659340657,34,31,ENABLE
1785583355.4764721,0.5151827267872129,-0.8901098901098905,-0.08351648351648322,34,31,ENABLE
1785583355.4814677,0.5113679713130388,-0.8461538461538467,-0.11868131868131826,34,31,ENABLE
1785583355.4864721,0.5075532158388647,-0.8021978021978029,-0.16263736263736206,34,31,ENABLE
1785583355.491464,0.5029755092698558,-0.8461538461538467,-0.1978021978021971,34,31,ENABLE
1785583355.4965465,0.49801632715342947,-0.9340659340659343,-0.18021978021977958,34,31,ENABLE
1785583355.501473,0.49229419394216833,-1.0659340659340657,-0.14505494505494454,34,31,ENABLE
1785583355.5064194,0.4869535362783246,-1.1318681318681314,-0.09230769230769198,34,31,ENABLE
1785583355.5114694,0.4816128786144809,-1.0879120879120876,-0.05714285714285694,34,31,ENABLE
1785583355.516484,0.47665369649805456,-1.0,-0.0659340659340657,34,31,ENABLE
1785583355.5214736,0.47245746547646306,-0.8901098901098905,-0.11868131868131826,34,31,ENABLE
1785583355.526482,0.46826123445487156,-0.8901098901098905,-0.18901098901098834,34,31,ENABLE
1785583355.5314665,0.46330205233844524,-0.9560439560439562,-0.21538461538461462,34,31,ENABLE
1785583355.5364783,0.4579613946746015,-1.0659340659340657,-0.18901098901098834,34,31,ENABLE
1785583355.541475,0.45109483482108814,-1.241758241758241,-0.12747252747252702,34,31,ENABLE
1785583355.5464709,0.445372701609827,-1.219780219780219,-0.07472527472527446,34,31,ENABLE
1785583355.5515342,0.43965056839856587,-1.1758241758241752,-0.04835164835164818,34,31,ENABLE
1785583355.556469,0.43469138628213955,-1.0659340659340657,-0.07472527472527446,34,31,ENABLE
1785583355.5614734,0.43011367971313064,-1.0,-0.14505494505494454,34,31,ENABLE
1785583355.5664742,0.4251544975967043,-0.9780219780219781,-0.18901098901098834,34,31,ENABLE
1785583355.5715332,0.41905088883802577,-1.1098901098901095,-0.1978021978021971,34,31,ENABLE
1785583355.5764751,0.4125658045319298,-1.219780219780219,-0.1538461538461533,34,31,ENABLE
1785583355.5815341,0.40569924467841645,-1.3736263736263723,-0.09230769230769198,34,31,ENABLE
1785583355.5865319,0.3995956359197379,-1.241758241758241,-0.05714285714285694,34,31,ENABLE
1785583355.5914254,0.3942549782558942,-1.1758241758241752,-0.0659340659340657,34,31,ENABLE
1785583355.596467,0.38929579613946785,-1.0879120879120876,-0.13626373626373578,34,31,ENABLE
1785583355.6015356,0.3839551384756241,-1.0439560439560438,-0.18901098901098834,34,31,ENABLE
1785583355.6064613,0.37747005416952817,-1.219780219780219,-0.1978021978021971,34,31,ENABLE
1785583355.6114736,0.3706034943160148,-1.3296703296703285,-0.13626373626373578,34,31,ENABLE
1785583355.6164649,0.36373693446250144,-1.417582417582416,-0.09230769230769198,34,31,ENABLE
1785583355.6214647,0.3572518501564055,-1.2637362637362628,-0.0659340659340657,34,31,ENABLE
1785583355.626528,0.35152971694514434,-1.197802197802197,-0.10109890109890074,34,31,ENABLE
1785583355.631467,0.3461890592813006,-1.1318681318681314,-0.14505494505494454,34,31,ENABLE
1785583355.636467,0.33932249942778725,-1.2637362637362628,-0.17142857142857082,34,31,ENABLE
1785583355.6414895,0.3328374151216913,-1.3076923076923066,-0.1538461538461533,34,31,ENABLE
1785583355.6465342,0.3255893797207605,-1.417582417582416,-0.11868131868131826,34,31,ENABLE
1785583355.6515388,0.31872281986724715,-1.3516483516483504,-0.10109890109890074,34,31,ENABLE
1785583355.6564674,0.313000686655986,-1.2637362637362628,-0.11868131868131826,34,31,ENABLE
1785583355.6614676,0.30651560234989006,-1.2637362637362628,-0.14505494505494454,34,31,ENABLE
1785583355.6665668,0.3000305180437941,-1.2857142857142847,-0.1538461538461533,34,31,ENABLE
1785583355.6715312,0.29278248264286333,-1.439560439560438,-0.13626373626373578,34,31,ENABLE
1785583355.676447,0.28553444724193255,-1.417582417582416,-0.11868131868131826,34,31,ENABLE
1785583355.6814656,0.2790493629358366,-1.3516483516483504,-0.11868131868131826,34,31,ENABLE
1785583355.6865404,0.27218280308232323,-1.3516483516483504,-0.13626373626373578,34,31,ENABLE
1785583355.6914654,0.2660791943236447,-1.3076923076923066,-0.14505494505494454,34,31,ENABLE
1785583355.6964452,0.2588311589227139,-1.439560439560438,-0.13626373626373578,34,31,ENABLE
1785583355.7013881,0.2512016479743657,-1.46153846153846,-0.11868131868131826,34,31,ENABLE
1785583355.7064886,0.24433508812085059,-1.3736263736263723,-0.1098901098901095,34,31,ENABLE
1785583355.7115486,0.23785000381475463,-1.3516483516483504,-0.13626373626373578,34,31,ENABLE
1785583355.7165298,0.23060196841382385,-1.3956043956043942,-0.1538461538461533,34,31,ENABLE
1785583355.721416,0.2237354085603105,-1.3736263736263723,-0.1538461538461533,34,31,ENABLE
1785583355.7264683,0.2161058976119623,-1.46153846153846,-0.13626373626373578,34,31,ENABLE
1785583355.731473,0.20885786221103153,-1.5054945054945037,-0.11868131868131826,34,31,ENABLE
1785583355.7364728,0.20160982681010076,-1.439560439560438,-0.12747252747252702,34,31,ENABLE
1785583355.7414806,0.1947432669565874,-1.3736263736263723,-0.13626373626373578,34,31,ENABLE
1785583355.7464273,0.18749523155565662,-1.439560439560438,-0.1538461538461533,34,31,ENABLE
1785583355.7515683,0.17948424505989102,-1.5494505494505475,-0.12747252747252702,34,31,ENABLE
1785583355.756472,0.17185473411154284,-1.5494505494505475,-0.1098901098901095,34,31,ENABLE
1785583355.7614725,0.16498817425802947,-1.46153846153846,-0.11868131868131826,34,31,ENABLE
1785583355.766516,0.1581216144045161,-1.3736263736263723,-0.1538461538461533,34,31,ENABLE
1785583355.771546,0.15087357900358533,-1.439560439560438,-0.17142857142857082,34,31,ENABLE
1785583355.776475,0.14286259250781974,-1.5494505494505475,-0.14505494505494454,34,31,ENABLE
1785583355.781468,0.13523308155947156,-1.6153846153846132,-0.13626373626373578,34,31,ENABLE
1785583355.78647,0.12760357061112337,-1.5274725274725256,-0.13626373626373578,34,31,ENABLE
1785583355.7914248,0.12073701075761001,-1.417582417582416,-0.14505494505494454,34,31,ENABLE
1785583355.7965405,0.11348897535667923,-1.46153846153846,-0.1538461538461533,34,31,ENABLE
1785583355.8014815,0.10547798886091364,-1.5274725274725256,-0.14505494505494454,34,31,ENABLE
1785583355.8064659,0.09784847791256546,-1.5494505494505475,-0.13626373626373578,34,31,ENABLE
1785583355.811475,0.09021896696421727,-1.5494505494505475,-0.14505494505494454,34,31,ENABLE
1785583355.816468,0.0829709315632865,-1.5274725274725256,-0.1538461538461533,34,31,ENABLE
1785583355.8214765,0.07534142061493831,-1.5494505494505475,-0.17142857142857082,34,31,ENABLE
1785583355.8264647,0.06733043411917272,-1.5934065934065913,-0.14505494505494454,34,31,ENABLE
1785583355.831511,0.05931944762340713,-1.637362637362635,-0.12747252747252702,34,31,ENABLE
1785583355.836487,0.051689936675058945,-1.5714285714285694,-0.11868131868131826,34,31,ENABLE
1785583355.841483,0.04406042572671076,-1.5054945054945037,-0.1098901098901095,34,31,ENABLE
1785583355.8464837,0.03643091477836258,-1.5274725274725256,-0.11868131868131826,34,31,ENABLE
1785583355.8515143,0.028419928282596985,-1.5494505494505475,-0.11868131868131826,34,31,ENABLE
1785583355.856474,0.0207904173342488,-1.5494505494505475,-0.11868131868131826,34,31,ENABLE
1785583355.8614812,0.013542381933318026,-1.5054945054945037,-0.14505494505494454,34,31,ENABLE
1785583355.866472,0.005912870984969842,-1.5054945054945037,-0.16263736263736206,34,31,ENABLE
1785583355.8714664,-0.0020981155107957505,-1.5934065934065913,-0.1538461538461533,34,31,ENABLE
1785583355.8764842,-0.010109102006561344,-1.659340659340657,-0.11868131868131826,34,31,ENABLE
1785583355.8814745,-0.018120088502326936,-1.6153846153846132,-0.1098901098901095,34,31,ENABLE
1785583355.8864653,-0.02536812390325771,-1.5274725274725256,-0.12747252747252702,34,31,ENABLE
1785583355.891469,-0.032616159304188486,-1.46153846153846,-0.16263736263736206,34,31,ENABLE
1785583355.8964841,-0.04024567025253667,-1.4835164835164818,-0.17142857142857082,34,31,ENABLE
1785583355.9014843,-0.04787518120088485,-1.5274725274725256,-0.17142857142857082,34,31,ENABLE
1785583355.9064627,-0.05550469214923304,-1.5274725274725256,-0.16263736263736206,34,31,ENABLE
1785583355.9113376,-0.06275272755016381,-1.5054945054945037,-0.18901098901098834,34,31,ENABLE
1785583355.9166057,-0.0707637140459294,-1.5494505494505475,-0.18901098901098834,34,31,ENABLE
1785583355.9214885,-0.078774700541695,-1.5934065934065913,-0.16263736263736206,34,31,ENABLE
1785583355.9264708,-0.08640421149004318,-1.6153846153846132,-0.1538461538461533,34,31,ENABLE
1785583355.931393,-0.09441519798580877,-1.5714285714285694,-0.1538461538461533,34,31,ENABLE
1785583355.9365432,-0.10128175783932214,-1.439560439560438,-0.18021978021977958,34,31,ENABLE
1785583355.941449,-0.10852979324025291,-1.46153846153846,-0.18901098901098834,34,31,ENABLE
1785583355.9464695,-0.11654077973601851,-1.5494505494505475,-0.17142857142857082,34,31,ENABLE
1785583355.951484,-0.1245517662317841,-1.5934065934065913,-0.1538461538461533,34,31,ENABLE
1785583355.9564667,-0.13218127718013228,-1.5934065934065913,-0.14505494505494454,34,31,ENABLE
1785583355.9614844,-0.14019226367589788,-1.5494505494505475,-0.1538461538461533,34,31,ENABLE
1785583355.9664915,-0.14782177462424606,-1.5274725274725256,-0.14505494505494454,34,31,ENABLE
1785583355.9714742,-0.15583276112001165,-1.6153846153846132,-0.12747252747252702,34,31,ENABLE
1785583355.9764676,-0.16346227206835984,-1.5714285714285694,-0.11868131868131826,34,31,ENABLE
1785583355.981479,-0.1707103074692906,-1.5054945054945037,-0.12747252747252702,34,31,ENABLE
1785583355.9864645,-0.1779583428702214,-1.4835164835164818,-0.14505494505494454,34,31,ENABLE
1785583355.9913907,-0.18558785381856957,-1.5054945054945037,-0.1538461538461533,34,31,ENABLE
1785583355.9964743,-0.19321736476691775,-1.5494505494505475,-0.14505494505494454,34,31,ENABLE
1785583356.001474,-0.20084687571526594,-1.5494505494505475,-0.13626373626373578,34,31,ENABLE
1785583356.0064614,-0.2080949111161967,-1.4835164835164818,-0.13626373626373578,34,31,ENABLE
1785583356.0114565,-0.2157244220645449,-1.5054945054945037,-0.13626373626373578,34,31,ENABLE
1785583356.0164454,-0.22297245746547567,-1.5274725274725256,-0.12747252747252702,34,31,ENABLE
1785583356.0214827,-0.23098344396124126,-1.5714285714285694,-0.10109890109890074,34,31,ENABLE
1785583356.026458,-0.23861295490958945,-1.5494505494505475,-0.09230769230769198,34,31,ENABLE
1785583356.0314739,-0.24586099031052022,-1.439560439560438,-0.10109890109890074,34,31,ENABLE
1785583356.036424,-0.25272755016403536,-1.417582417582416,-0.11868131868131826,34,31,ENABLE
1785583356.041549,-0.25997558556496614,-1.46153846153846,-0.11868131868131826,34,31,ENABLE
1785583356.0464678,-0.2676050965133143,-1.5274725274725256,-0.10109890109890074,34,31,ENABLE
1785583356.051508,-0.2752346074616625,-1.5274725274725256,-0.08351648351648322,34,31,ENABLE
1785583356.0564833,-0.28210116731517587,-1.3956043956043942,-0.08351648351648322,34,31,ENABLE
1785583356.061464,-0.28896772716868924,-1.3956043956043942,-0.1098901098901095,34,31,ENABLE
1785583356.066484,-0.2958342870222026,-1.439560439560438,-0.11868131868131826,34,31,ENABLE
1785583356.071487,-0.3034637979705508,-1.4835164835164818,-0.08351648351648322,34,31,ENABLE
1785583356.0764778,-0.31109330891889897,-1.4835164835164818,-0.07472527472527446,34,31,ENABLE
1785583356.0814946,-0.3175783932249949,-1.3956043956043942,-0.08351648351648322,34,31,ENABLE
1785583356.0864744,-0.3240634775310909,-1.3296703296703285,-0.1098901098901095,34,31,ENABLE
1785583356.0914848,-0.33054856183718684,-1.3076923076923066,-0.12747252747252702,34,31,ENABLE
1785583356.0964715,-0.3374151216907002,-1.3736263736263723,-0.12747252747252702,34,31,ENABLE
1785583356.1014662,-0.344663157091631,-1.46153846153846,-0.10109890109890074,34,31,ENABLE
1785583356.1064816,-0.35152971694514434,-1.3736263736263723,-0.08351648351648322,34,31,ENABLE
1785583356.1114595,-0.3576333257038229,-1.2857142857142847,-0.10109890109890074,34,31,ENABLE
1785583356.1164598,-0.36373693446250144,-1.219780219780219,-0.12747252747252702,34,31,ENABLE
1785583356.1214626,-0.36984054322118,-1.2857142857142847,-0.13626373626373578,34,31,ENABLE
1785583356.1264734,-0.37708857862211076,-1.3736263736263723,-0.1098901098901095,34,31,ENABLE
1785583356.131458,-0.3839551384756241,-1.3736263736263723,-0.09230769230769198,34,31,ENABLE
1785583356.1364746,-0.38967727168688526,-1.2637362637362628,-0.09230769230769198,34,31,ENABLE
1785583356.1414278,-0.3953994048981464,-1.1758241758241752,-0.12747252747252702,34,31,ENABLE
1785583356.1464672,-0.40112153810940754,-1.1538461538461533,-0.1538461538461533,34,31,ENABLE
1785583356.1514814,-0.4076066224155035,-1.241758241758241,-0.17142857142857082,34,31,ENABLE
1785583356.1565366,-0.41409170672159945,-1.2637362637362628,-0.1538461538461533,34,31,ENABLE
1785583356.1614697,-0.4205767910276954,-1.3076923076923066,-0.12747252747252702,34,31,ENABLE
1785583356.166574,-0.42629892423895654,-1.197802197802197,-0.1098901098901095,34,31,ENABLE
1785583356.1714816,-0.4316395819028003,-1.1318681318681314,-0.13626373626373578,34,31,ENABLE
1785583356.1764832,-0.436980239566644,-1.1538461538461533,-0.1538461538461533,34,31,ENABLE
1785583356.1814604,-0.44270237277790514,-1.1318681318681314,-0.17142857142857082,34,31,ENABLE
1785583356.186538,-0.4488059815365837,-1.197802197802197,-0.1538461538461533,34,31,ENABLE
1785583356.1914783,-0.45529106584267964,-1.2857142857142847,-0.11868131868131826,34,31,ENABLE
1785583356.1964755,-0.46063172350652337,-1.1538461538461533,-0.10109890109890074,34,31,ENABLE
1785583356.2014275,-0.4659723811703671,-1.0659340659340657,-0.11868131868131826,34,31,ENABLE
1785583356.2064724,-0.470550087739376,-1.0,-0.16263736263736206,34,31,ENABLE
1785583356.211536,-0.47550926985580233,-1.0,-0.18901098901098834,34,31,ENABLE
1785583356.2164671,-0.48123140306706347,-1.0659340659340657,-0.18901098901098834,34,31,ENABLE
1785583356.2214801,-0.4869535362783246,-1.1538461538461533,-0.1538461538461533,34,31,ENABLE
1785583356.2264633,-0.49267566948958574,-1.1098901098901095,-0.11868131868131826,34,31,ENABLE
1785583356.231476,-0.49763485160601206,-1.0659340659340657,-0.1098901098901095,34,31,ENABLE
1785583356.2364714,-0.502212558175021,-0.9780219780219781,-0.12747252747252702,34,31,ENABLE
1785583356.2414641,-0.5064087891966125,-0.9340659340659343,-0.17142857142857082,34,31,ENABLE
1785583356.2463913,-0.5109864957656214,-0.9340659340659343,-0.1978021978021971,34,31,ENABLE
1785583356.2515109,-0.5159456778820477,-0.9560439560439562,-0.18021978021977958,34,31,ENABLE
1785583356.256474,-0.5216678110933088,-1.0659340659340657,-0.14505494505494454,34,31,ENABLE
1785583356.2614467,-0.5270084687571526,-1.1098901098901095,-0.09230769230769198,34,31,ENABLE
1785583356.2664459,-0.5315861753261615,-1.0,-0.07472527472527446,34,31,ENABLE
1785583356.2714267,-0.535782406347753,-0.8681318681318686,-0.09230769230769198,34,31,ENABLE
1785583356.2764819,-0.5392156862745097,-0.8021978021978029,-0.13626373626373578,34,31,ENABLE
1785583356.281475,-0.5434119172961012,-0.8241758241758248,-0.18901098901098834,34,31,ENABLE
1785583356.286482,-0.5472266727702753,-0.8461538461538467,-0.20659340659340586,34,31,ENABLE
1785583356.2914631,-0.5518043793392842,-0.8901098901098905,-0.17142857142857082,34,31,ENABLE
1785583356.296518,-0.5563820859082931,-0.9120879120879124,-0.12747252747252702,34,31,ENABLE
1785583356.3014207,-0.5613412680247194,-0.9340659340659343,-0.07472527472527446,34,31,ENABLE
1785583356.306463,-0.5655374990463109,-0.8901098901098905,-0.03956043956043942,34,31,ENABLE
1785583356.3114228,-0.5685893034256502,-0.7142857142857153,-0.03956043956043942,34,31,ENABLE
1785583356.3164253,-0.571259632257572,-0.6043956043956058,-0.0659340659340657,34,31,ENABLE
1785583356.321426,-0.5727855344472417,-0.4065934065934087,-0.12747252747252702,34,31,ENABLE
1785583356.3264601,-0.5750743877317461,-0.4285714285714306,-0.17142857142857082,34,31,ENABLE
1785583356.3314588,-0.5766002899214158,-0.3846153846153868,-0.17142857142857082,34,31,ENABLE
1785583356.3364222,-0.5792706187533376,-0.4725274725274744,-0.1538461538461533,34,31,ENABLE
1785583356.341478,-0.5807965209430073,-0.3846153846153868,-0.12747252747252702,34,31,ENABLE
1785583356.3464909,-0.5830853742275117,-0.4065934065934087,-0.1098901098901095,34,31,ENABLE
1785583356.3515337,-0.5846112764171814,-0.340659340659343,-0.07472527472527446,34,31,ENABLE
1785583356.3564498,-0.5857557030594336,-0.3186813186813211,-0.07472527472527446,34,31,ENABLE
1785583356.3614812,-0.5869001297016858,-0.2307692307692335,-0.08351648351648322,34,31,ENABLE
1785583356.3664708,-0.5876630807965206,-0.1428571428571459,-0.1098901098901095,34,31,ENABLE
1785583356.3714838,-0.588044556343938,-0.1428571428571459,-0.12747252747252702,34,31,ENABLE
1785583356.3764782,-0.5895704585336077,-0.2307692307692335,-0.12747252747252702,34,31,ENABLE
1785583356.3814938,-0.5914778362706947,-0.340659340659343,-0.0659340659340657,34,31,ENABLE
1785583356.3864818,-0.5922407873655295,-0.2527472527472554,-0.0219780219780219,34,31,ENABLE
1785583356.3914266,-0.592622262912947,-0.1428571428571459,-0.03076923076923066,34,31,ENABLE
1785583356.3964698,-0.592622262912947,-0.0769230769230802,-0.0659340659340657,34,31,ENABLE
1785583356.401699,-0.5930037384603644,-0.0769230769230802,-0.09230769230769198,34,31,ENABLE
1785583356.4065313,-0.5937666895551992,-0.0769230769230802,-0.10109890109890074,34,31,ENABLE
1785583356.4114828,-0.5941481651026166,-0.1428571428571459,-0.08351648351648322,34,31,ENABLE
1785583356.4165924,-0.5949111161974514,-0.120879120879124,-0.0659340659340657,34,31,ENABLE
1785583356.4214814,-0.5952925917448688,-0.0769230769230802,-0.05714285714285694,34,31,ENABLE
1785583356.4264796,-0.5952925917448688,-0.0769230769230802,-0.04835164835164818,34,31,ENABLE
1785583356.4314804,-0.5956740672922862,-0.0549450549450583,-0.05714285714285694,34,31,ENABLE
1785583356.436481,-0.5960555428397036,-0.0989010989011021,-0.05714285714285694,34,31,ENABLE
1785583356.441464,-0.596437018387121,-0.0989010989011021,-0.04835164835164818,34,31,ENABLE
1785583356.446427,-0.5968184939345385,-0.0989010989011021,-0.03956043956043942,34,31,ENABLE
1785583356.4515672,-0.5971999694819559,-0.0769230769230802,-0.03956043956043942,34,31,ENABLE
1785583356.4564722,-0.5971999694819559,-0.010989010989014503,-0.04835164835164818,34,31,ENABLE
1785583356.4614608,-0.5971999694819559,-0.0329670329670364,-0.05714285714285694,34,31,ENABLE
1785583356.4663858,-0.5971999694819559,-0.010989010989014503,-0.0659340659340657,34,31,ENABLE
1785583356.4714646,-0.5975814450293733,-0.0549450549450583,-0.0659340659340657,34,31,ENABLE
1785583356.4765186,-0.5979629205767907,-0.0549450549450583,-0.05714285714285694,34,31,ENABLE
1785583356.4814641,-0.5979629205767907,-0.0549450549450583,-0.0659340659340657,34,31,ENABLE
1785583356.4864774,-0.5979629205767907,-0.010989010989014503,-0.0659340659340657,34,31,ENABLE
1785583356.4915054,-0.5979629205767907,-0.010989010989014503,-0.0659340659340657,34,31,ENABLE
1785583356.4964788,-0.5979629205767907,-0.010989010989014503,-0.0659340659340657,34,31,ENABLE
1785583356.5014226,-0.5979629205767907,-0.0329670329670364,-0.0659340659340657,34,31,ENABLE
1785583356.5064898,-0.5979629205767907,-0.010989010989014503,-0.0659340659340657,34,31,ENABLE
1785583356.5114646,-0.5979629205767907,-0.010989010989014503,-0.05714285714285694,34,31,ENABLE
1785583356.5165327,-0.5979629205767907,-0.010989010989014503,-0.0659340659340657,34,31,ENABLE
1785583356.521486,-0.5979629205767907,0.010989010989014503,-0.05714285714285694,34,31,ENABLE
1785583356.526494,-0.5979629205767907,0.010989010989014503,-0.05714285714285694,34,31,ENABLE
1785583356.5314443,-0.5979629205767907,-0.010989010989014503,-0.0659340659340657,34,31,ENABLE
1785583356.5364819,-0.5983443961242081,-0.0329670329670364,-0.05714285714285694,34,31,ENABLE
1785583356.5414865,-0.5983443961242081,-0.010989010989014503,-0.05714285714285694,34,31,ENABLE
1785583356.546483,-0.5979629205767907,0.010989010989014503,-0.0659340659340657,34,31,ENABLE
1785583356.5515296,-0.5983443961242081,-0.0549450549450583,-0.0659340659340657,34,31,ENABLE
1785583356.5564477,-0.5983443961242081,-0.0329670329670364,-0.05714285714285694,34,31,ENABLE
1785583356.5614803,-0.5983443961242081,-0.010989010989014503,-0.05714285714285694,34,31,ENABLE
1785583356.5664265,-0.5983443961242081,0.010989010989014503,-0.0659340659340657,34,31,ENABLE
1785583356.5714257,-0.5987258716716255,-0.0329670329670364,-0.0659340659340657,34,31,ENABLE
1785583356.576424,-0.5983443961242081,-0.0329670329670364,-0.05714285714285694,34,31,ENABLE
1785583356.581463,-0.5983443961242081,-0.010989010989014503,-0.0659340659340657,34,31,ENABLE
1785583356.5864737,-0.5983443961242081,-0.010989010989014503,-0.0659340659340657,34,31,ENABLE
1785583356.5914767,-0.5983443961242081,-0.0329670329670364,-0.0659340659340657,34,31,ENABLE
1785583356.5964735,-0.5983443961242081,-0.010989010989014503,-0.0659340659340657,34,31,ENABLE
1785583356.6016672,-0.5983443961242081,0.010989010989014503,-0.07472527472527446,34,31,ENABLE
1785583356.6065326,-0.5983443961242081,-0.010989010989014503,-0.07472527472527446,34,31,ENABLE
1785583356.6114504,-0.5983443961242081,-0.010989010989014503,-0.0659340659340657,34,31,ENABLE
1785583356.6164849,-0.5983443961242081,-0.010989010989014503,-0.03956043956043942,34,31,ENABLE
1785583356.6214619,-0.5983443961242081,0.010989010989014503,-0.00439560439560438,34,31,ENABLE
1785583356.6264918,-0.5975814450293733,0.0769230769230802,0.03956043956043942,34,31,ENABLE
1785583356.6314611,-0.5971999694819559,0.0549450549450583,0.08351648351648322,34,31,ENABLE
1785583356.6364906,-0.596437018387121,0.0989010989011021,0.12747252747252702,34,31,ENABLE
1785583356.6414237,-0.5956740672922862,0.0989010989011021,0.18021978021977958,34,31,ENABLE
1785583356.6465478,-0.5949111161974514,0.1648351648351678,0.21538461538461462,34,31,ENABLE
1785583356.651479,-0.5930037384603644,0.340659340659343,0.22417582417582338,34,31,ENABLE
1785583356.6564248,-0.5907148851758599,0.3626373626373649,0.1978021978021971,34,31,ENABLE
1785583356.6614738,-0.588044556343938,0.4725274725274744,0.18021978021977958,34,31,ENABLE
1785583356.6665752,-0.5857557030594336,0.4285714285714306,0.16263736263736206,34,31,ENABLE
1785583356.671481,-0.5830853742275117,0.5164835164835182,0.16263736263736206,34,31,ENABLE
1785583356.6764278,-0.579652094300755,0.6043956043956058,0.16263736263736206,34,31,ENABLE
1785583356.6814733,-0.5766002899214158,0.6483516483516496,0.14505494505494454,34,31,ENABLE
1785583356.6864953,-0.5727855344472417,0.6923076923076934,0.11868131868131826,34,31,ENABLE
1785583356.6915298,-0.5689707789730676,0.7362637362637372,0.09230769230769198,34,31,ENABLE
1785583356.6964664,-0.5651560234988935,0.7362637362637372,0.07472527472527446,34,31,ENABLE
1785583356.7014854,-0.5613412680247194,0.7142857142857153,0.07472527472527446,34,31,ENABLE
1785583356.7064786,-0.5582894636453801,0.6703296703296715,0.1098901098901095,34,31,ENABLE
1785583356.711481,-0.5548561837186234,0.6483516483516496,0.16263736263736206,34,31,ENABLE
1785583356.7164643,-0.5510414282444493,0.7362637362637372,0.21538461538461462,34,31,ENABLE
1785583356.7214596,-0.5468451972228578,0.8461538461538467,0.21538461538461462,34,31,ENABLE
1785583356.726424,-0.5418860151064315,0.9340659340659343,0.18021978021977958,34,31,ENABLE
1785583356.7315652,-0.5361638818951704,1.021978021978022,0.12747252747252702,34,31,ENABLE
1785583356.736471,-0.5308232242313267,1.0659340659340657,0.08351648351648322,34,31,ENABLE
1785583356.741468,-0.5262455176623178,1.0,0.0659340659340657,34,31,ENABLE
1785583356.746425,-0.5216678110933088,0.9120879120879124,0.08351648351648322,34,31,ENABLE
1785583356.7516825,-0.5174715800717173,0.8461538461538467,0.14505494505494454,34,31,ENABLE
1785583356.7564778,-0.5132753490501258,0.8461538461538467,0.18901098901098834,34,31,ENABLE
1785583356.7614815,-0.5083161669336995,0.9120879120879124,0.21538461538461462,34,31,ENABLE
1785583356.7664273,-0.502212558175021,1.1098901098901095,0.20659340659340586,34,31,ENABLE
1785583356.7715058,-0.4961089494163424,1.1758241758241752,0.14505494505494454,34,31,ENABLE
1785583356.7764606,-0.4900053406576639,1.241758241758241,0.08351648351648322,34,31,ENABLE
1785583356.7814682,-0.48428320744640274,1.1538461538461533,0.05714285714285694,34,31,ENABLE
1785583356.7864773,-0.478942549782559,1.0879120879120876,0.09230769230769198,34,31,ENABLE
1785583356.791466,-0.4736018921187153,1.0439560439560438,0.13626373626373578,34,31,ENABLE
1785583356.796478,-0.46826123445487156,1.0879120879120876,0.18021978021977958,34,31,ENABLE
1785583356.8014824,-0.462157625696193,1.197802197802197,0.17142857142857082,34,31,ENABLE
1785583356.8064759,-0.45529106584267964,1.3296703296703285,0.13626373626373578,34,31,ENABLE
1785583356.8115435,-0.4484245059891663,1.3296703296703285,0.09230769230769198,34,31,ENABLE
1785583356.8165467,-0.44232089723048773,1.241758241758241,0.08351648351648322,34,31,ENABLE
1785583356.8214853,-0.4365987640192266,1.1758241758241752,0.1098901098901095,34,31,ENABLE
1785583356.826463,-0.43049515526054805,1.1758241758241752,0.1538461538461533,34,31,ENABLE
1785583356.8314486,-0.4240100709544521,1.2637362637362628,0.16263736263736206,34,31,ENABLE
1785583356.8364673,-0.4171435111009387,1.3296703296703285,0.14505494505494454,34,31,ENABLE
1785583356.8414648,-0.40989547570000795,1.417582417582416,0.10109890109890074,34,31,ENABLE
1785583356.8464606,-0.4030289158464946,1.3736263736263723,0.09230769230769198,34,31,ENABLE
1785583356.851478,-0.39692530708781604,1.3076923076923066,0.1098901098901095,34,31,ENABLE
1785583356.8565025,-0.39005874723430267,1.3076923076923066,0.13626373626373578,34,31,ENABLE
1785583356.8614805,-0.3831921873807893,1.3736263736263723,0.13626373626373578,34,31,ENABLE
1785583356.8664474,-0.3755626764324411,1.46153846153846,0.12747252747252702,34,31,ENABLE
1785583356.8714764,-0.36831464103151035,1.417582417582416,0.1098901098901095,34,31,ENABLE
1785583356.8764858,-0.361448081177997,1.3956043956043942,0.11868131868131826,34,31,ENABLE
1785583356.8815339,-0.3545815213244836,1.3736263736263723,0.14505494505494454,34,31,ENABLE
1785583356.8864877,-0.34733348592355284,1.46153846153846,0.13626373626373578,34,31,ENABLE
1785583356.8914738,-0.33932249942778725,1.5274725274725256,0.1098901098901095,34,31,ENABLE
1785583356.8964252,-0.33169298847943907,1.5274725274725256,0.09230769230769198,34,31,ENABLE
1785583356.9014783,-0.3244449530785083,1.46153846153846,0.1098901098901095,34,31,ENABLE
1785583356.906446,-0.3171969176775775,1.439560439560438,0.12747252747252702,34,31,ENABLE
1785583356.9114645,-0.30956740672922933,1.4835164835164818,0.12747252747252702,34,31,ENABLE
1785583356.9164252,-0.30155642023346374,1.5494505494505475,0.12747252747252702,34,31,ENABLE
1785583356.921485,-0.29354543373769815,1.5494505494505475,0.11868131868131826,34,31,ENABLE
1785583356.9264255,-0.2862973983367674,1.5274725274725256,0.12747252747252702,34,31,ENABLE
1785583356.931446,-0.2786678873884192,1.5054945054945037,0.14505494505494454,34,31,ENABLE
1785583356.9365284,-0.271038376440071,1.5274725274725256,0.1538461538461533,34,31,ENABLE
1785583356.9414737,-0.262645914396888,1.5934065934065913,0.14505494505494454,34,31,ENABLE
1785583356.9464717,-0.2546349279011224,1.6153846153846132,0.13626373626373578,34,31,ENABLE
1785583356.951472,-0.24700541695277245,1.5494505494505475,0.1538461538461533,34,31,ENABLE
1785583356.9564614,-0.23899443045700686,1.5494505494505475,0.16263736263736206,34,31,ENABLE
1785583356.9614239,-0.23098344396124126,1.5934065934065913,0.16263736263736206,34,31,ENABLE
1785583356.9664712,-0.22259098191805826,1.659340659340657,0.14505494505494454,34,31,ENABLE
1785583356.9714773,-0.21419851987487526,1.637362637362635,0.16263736263736206,34,31,ENABLE
1785583356.9764624,-0.20656900892652708,1.5714285714285694,0.17142857142857082,34,31,ENABLE
1785583356.9814777,-0.19817654688334407,1.637362637362635,0.16263736263736206,34,31,ENABLE
1785583356.9864817,-0.18978408484016107,1.659340659340657,0.17142857142857082,34,31,ENABLE
1785583356.9914804,-0.18139162279697807,1.681318681318679,0.17142857142857082,34,31,ENABLE
1785583356.9964614,-0.17338063630121248,1.6153846153846132,0.18021978021977958,34,31,ENABLE
1785583357.0015051,-0.16498817425802947,1.6153846153846132,0.18901098901098834,34,31,ENABLE
1785583357.006485,-0.15659571221484647,1.7032967032967008,0.18901098901098834,34,31,ENABLE
1785583357.011425,-0.14820325017166347,1.7252747252747227,0.17142857142857082,34,31,ENABLE
1785583357.0164661,-0.13942931258106306,1.7032967032967008,0.18021978021977958,34,31,ENABLE
1785583357.0214746,-0.13141832608529747,1.681318681318679,0.1978021978021971,34,31,ENABLE
1785583357.0264819,-0.12264438849469705,1.7252747252747227,0.18901098901098834,34,31,ENABLE
1785583357.0314267,-0.11425192645151405,1.7692307692307665,0.18021978021977958,34,31,ENABLE
1785583357.0364642,-0.10585946440833105,1.7032967032967008,0.18021978021977958,34,31,ENABLE
1785583357.041467,-0.09746700236514805,1.681318681318679,0.1978021978021971,34,31,ENABLE
1785583357.046481,-0.08907454032196505,1.659340659340657,0.22417582417582338,34,31,ENABLE
1785583357.0514808,-0.08030060273136463,1.7032967032967008,0.22417582417582338,34,31,ENABLE
1785583357.0564747,-0.07152666514076422,1.681318681318679,0.22417582417582338,34,31,ENABLE
1785583357.0614643,-0.06313420309758122,1.659340659340657,0.23296703296703214,34,31,ENABLE
1785583357.066485,-0.05474174105439822,1.659340659340657,0.2593406593406584,34,31,ENABLE
1785583357.0714679,-0.04596780346379781,1.659340659340657,0.2593406593406584,34,31,ENABLE
1785583357.076485,-0.037575341420614805,1.7472527472527446,0.2593406593406584,34,31,ENABLE
1785583357.0814655,-0.029182879377431803,1.681318681318679,0.29450549450549346,34,31,ENABLE
1785583357.0864704,-0.0207904173342488,1.7032967032967008,0.312087912087911,34,31,ENABLE
1785583357.0914488,-0.012397955291065799,1.7032967032967008,0.29450549450549346,34,31,ENABLE
1785583357.0965197,-0.0036240177004653873,1.7252747252747227,0.2857142857142847,34,31,ENABLE
1785583357.1015437,0.005531395437552433,1.7032967032967008,0.27692307692307594,34,31,ENABLE
1785583357.1065047,0.014305333028152845,1.7472527472527446,0.2593406593406584,34,31,ENABLE
1785583357.1114905,0.023079270618753256,1.7472527472527446,0.2593406593406584,34,31,ENABLE
1785583357.1165287,0.032234683756771076,1.7912087912087884,0.2417582417582409,34,31,ENABLE
1785583357.1214752,0.04100862134737149,1.7692307692307665,0.2417582417582409,34,31,ENABLE
1785583357.1264727,0.0497825589379719,1.7472527472527446,0.23296703296703214,34,31,ENABLE
1785583357.1314926,0.05893797207598972,1.7692307692307665,0.2417582417582409,34,31,ENABLE
1785583357.1365187,0.06771190966659013,1.8351648351648322,0.22417582417582338,34,31,ENABLE
1785583357.1414702,0.07686732280460795,1.7912087912087884,0.20659340659340586,34,31,ENABLE
1785583357.146426,0.08564126039520836,1.7252747252747227,0.20659340659340586,34,31,ENABLE
1785583357.151531,0.09479667353322618,1.7472527472527446,0.20659340659340586,34,31,ENABLE
1785583357.156481,0.1035706111238266,1.8131868131868103,0.18021978021977958,34,31,ENABLE
1785583357.1614642,0.11272602426184442,1.8351648351648322,0.1538461538461533,34,31,ENABLE
1785583357.1665375,0.12226291294727964,1.7912087912087884,0.14505494505494454,34,31,ENABLE
1785583357.1714907,0.13103685053788006,1.7912087912087884,0.14505494505494454,34,31,ENABLE
1785583357.1765425,0.14019226367589788,1.7692307692307665,0.13626373626373578,34,31,ENABLE
1785583357.1814923,0.14858472571908088,1.7912087912087884,0.13626373626373578,34,31,ENABLE
1785583357.1864862,0.1573586633096813,1.7472527472527446,0.1538461538461533,34,31,ENABLE
1785583357.1914957,0.1657511253528643,1.681318681318679,0.16263736263736206,34,31,ENABLE
1785583357.1964839,0.1741435873960473,1.681318681318679,0.17142857142857082,34,31,ENABLE
1785583357.2014844,0.18329900053406512,1.7692307692307665,0.1538461538461533,34,31,ENABLE
1785583357.2064817,0.19283588921950034,1.7692307692307665,0.12747252747252702,34,31,ENABLE
1785583357.211428,0.20084687571526594,1.7252747252747227,0.12747252747252702,34,31,ENABLE
1785583357.2165456,0.20962081330586635,1.681318681318679,0.13626373626373578,34,31,ENABLE
1785583357.2214942,0.21801327534904935,1.7252747252747227,0.13626373626373578,34,31,ENABLE
1785583357.226425,0.22678721293964976,1.7472527472527446,0.12747252747252702,34,31,ENABLE
1785583357.2315137,0.23517967498283276,1.7032967032967008,0.13626373626373578,34,31,ENABLE
1785583357.236534,0.24319066147859836,1.637362637362635,0.14505494505494454,34,31,ENABLE
1785583357.241483,0.2512016479743657,1.659340659340657,0.14505494505494454,34,31,ENABLE
1785583357.2464654,0.25997558556496614,1.681318681318679,0.12747252747252702,34,31,ENABLE
1785583357.2514775,0.26836804760814914,1.7032967032967008,0.11868131868131826,34,31,ENABLE
1785583357.256484,0.27637903410391473,1.637362637362635,0.11868131868131826,34,31,ENABLE
1785583357.2614856,0.2843900205996803,1.637362637362635,0.11868131868131826,34,31,ENABLE
1785583357.2665267,0.29278248264286333,1.6153846153846132,0.11868131868131826,34,31,ENABLE
1785583357.2714694,0.3007934691386289,1.5714285714285694,0.1098901098901095,34,31,ENABLE
1785583357.2765164,0.3084229800869771,1.5274725274725256,0.13626373626373578,34,31,ENABLE
1785583357.2814856,0.3160524910353253,1.5054945054945037,0.13626373626373578,34,31,ENABLE
1785583357.2864761,0.3236820019836735,1.5274725274725256,0.13626373626373578,34,31,ENABLE
1785583357.291424,0.33169298847943907,1.5934065934065913,0.12747252747252702,34,31,ENABLE
1785583357.2964866,0.33970397497520466,1.5714285714285694,0.1098901098901095,34,31,ENABLE
1785583357.30153,0.34733348592355284,1.5494505494505475,0.10109890109890074,34,31,ENABLE
1785583357.306487,0.3545815213244836,1.46153846153846,0.11868131868131826,34,31,ENABLE
1785583357.3114748,0.3622110322728318,1.4835164835164818,0.1098901098901095,34,31,ENABLE
1785583357.3164644,0.36984054322118,1.5274725274725256,0.1098901098901095,34,31,ENABLE
1785583357.321482,0.37708857862211076,1.5054945054945037,0.11868131868131826,34,31,ENABLE
1785583357.326479,0.38433661402304153,1.3956043956043942,0.11868131868131826,34,31,ENABLE
1785583357.3314853,0.3908216983291375,1.3516483516483504,0.13626373626373578,34,31,ENABLE
1785583357.3364608,0.39806973373006826,1.3956043956043942,0.13626373626373578,34,31,ENABLE
1785583357.3414245,0.40531776913099904,1.46153846153846,0.11868131868131826,34,31,ENABLE
1785583357.34649,0.4129472800793472,1.439560439560438,0.08351648351648322,34,31,ENABLE
1785583357.3514771,0.4194323643854432,1.3736263736263723,0.09230769230769198,34,31,ENABLE
1785583357.356483,0.42591744869153914,1.3076923076923066,0.1098901098901095,34,31,ENABLE
1785583357.3614993,0.4324025329976351,1.2637362637362628,0.13626373626373578,34,31,ENABLE
1785583357.3664732,0.43926909285114846,1.3296703296703285,0.13626373626373578,34,31,ENABLE
1785583357.3714705,0.4461356527046618,1.3736263736263723,0.11868131868131826,34,31,ENABLE
1785583357.3764737,0.4526207370107578,1.3296703296703285,0.10109890109890074,34,31,ENABLE
1785583357.3814712,0.4587243457694363,1.241758241758241,0.1098901098901095,34,31,ENABLE
1785583357.3865366,0.46406500343328005,1.1538461538461533,0.13626373626373578,34,31,ENABLE
1785583357.3914266,0.4701686121919586,1.1098901098901095,0.16263736263736206,34,31,ENABLE
1785583357.3964784,0.47627222095063715,1.241758241758241,0.1538461538461533,34,31,ENABLE
1785583357.4014263,0.4831387808041505,1.2637362637362628,0.12747252747252702,34,31,ENABLE
1785583357.4065492,0.48962386511024647,1.2857142857142847,0.08351648351648322,34,31,ENABLE
1785583357.411468,0.4953459983215076,1.1758241758241752,0.0659340659340657,34,31,ENABLE
1785583357.4164867,0.5003051804379339,1.1098901098901095,0.1098901098901095,34,31,ENABLE
1785583357.4214268,0.5052643625543602,1.021978021978022,0.14505494505494454,34,31,ENABLE
1785583357.426468,0.5109864957656214,1.0439560439560438,0.1538461538461533,34,31,ENABLE
1785583357.4314778,0.5167086289768825,1.1538461538461533,0.13626373626373578,34,31,ENABLE
1785583357.4364588,0.5224307621881437,1.1098901098901095,0.10109890109890074,34,31,ENABLE
1785583357.4414833,0.5277714198519874,1.0879120879120876,0.08351648351648322,34,31,ENABLE
1785583357.4464972,0.5323491264209963,0.9560439560439562,0.11868131868131826,34,31,ENABLE
1785583357.4515193,0.5365453574425878,0.8901098901098905,0.1538461538461533,34,31,ENABLE
1785583357.4564734,0.5407415884641793,0.8901098901098905,0.1978021978021971,34,31,ENABLE
1785583357.4614275,0.5453192950331882,0.9120879120879124,0.1978021978021971,34,31,ENABLE
1785583357.4664779,0.5510414282444493,1.021978021978022,0.14505494505494454,34,31,ENABLE
1785583357.471483,0.5563820859082931,1.0659340659340657,0.09230769230769198,34,31,ENABLE
1785583357.4764626,0.560959792477302,0.9780219780219781,0.04835164835164818,34,31,ENABLE
1785583357.4814863,0.5651560234988935,0.8681318681318686,0.05714285714285694,34,31,ENABLE
1785583357.4865265,0.5685893034256502,0.7582417582417591,0.1098901098901095,34,31,ENABLE
1785583357.4914942,0.5724040588998243,0.7362637362637372,0.16263736263736206,34,31,ENABLE
1785583357.4965637,0.5762188143739984,0.7582417582417591,0.18021978021977958,34,31,ENABLE
1785583357.5016148,0.5804150453955899,0.8021978021978029,0.17142857142857082,34,31,ENABLE
1785583357.5065298,0.584229800869764,0.8241758241758248,0.13626373626373578,34,31,ENABLE
1785583357.5114756,0.5884260318913554,0.8241758241758248,0.09230769230769198,34,31,ENABLE
1785583357.516475,0.5922407873655295,0.780219780219781,0.07472527472527446,34,31,ENABLE
1785583357.5214858,0.5956740672922862,0.6923076923076934,0.07472527472527446,34,31,ENABLE
1785583357.5264633,0.5983443961242081,0.6043956043956058,0.09230769230769198,34,31,ENABLE
1785583357.531502,0.60101472495613,0.5164835164835182,0.13626373626373578,34,31,ENABLE
1785583357.5365188,0.6033035782406344,0.4945054945054963,0.18901098901098834,34,31,ENABLE
1785583357.541463,0.6055924315251389,0.4725274725274744,0.20659340659340586,34,31,ENABLE
1785583357.5464685,0.6082627603570607,0.5164835164835182,0.21538461538461462,34,31,ENABLE
1785583357.5514803,0.6109330891889826,0.5384615384615401,0.20659340659340586,34,31,ENABLE
1785583357.556473,0.6139848935683219,0.560439560439562,0.16263736263736206,34,31,ENABLE
1785583357.5614614,0.6166552224002437,0.560439560439562,0.12747252747252702,34,31,ENABLE
1785583357.56647,0.6193255512321656,0.5164835164835182,0.10109890109890074,34,31,ENABLE
1785583357.5715344,0.62161440451667,0.4725274725274744,0.08351648351648322,34,31,ENABLE
1785583357.5765398,0.6239032578011745,0.4285714285714306,0.08351648351648322,34,31,ENABLE
1785583357.5814617,0.6254291599908441,0.3846153846153868,0.08351648351648322,34,31,ENABLE
1785583357.5865173,0.6277180132753486,0.4065934065934087,0.08351648351648322,34,31,ENABLE
1785583357.591487,0.6296253910124356,0.3846153846153868,0.07472527472527446,34,31,ENABLE
1785583357.5964725,0.6311512932021053,0.3626373626373649,0.0659340659340657,34,31,ENABLE
1785583357.6014712,0.6326771953917749,0.2967032967032992,0.0659340659340657,34,31,ENABLE
1785583357.6064665,0.6338216220340271,0.2527472527472554,0.07472527472527446,34,31,ENABLE
1785583357.6114233,0.634584573128862,0.2087912087912116,0.09230769230769198,34,31,ENABLE
1785583357.6164942,0.6353475242236968,0.1428571428571459,0.1098901098901095,34,31,ENABLE
1785583357.6214843,0.6357289997711142,0.0989010989011021,0.12747252747252702,34,31,ENABLE
1785583357.6265163,0.636491950865949,0.0989010989011021,0.13626373626373578,34,31,ENABLE
1785583357.631476,0.6372549019607838,0.120879120879124,0.13626373626373578,34,31,ENABLE
1785583357.636463,0.6376363775082012,0.0769230769230802,0.11868131868131826,34,31,ENABLE
1785583357.6415331,0.6380178530556186,0.0769230769230802,0.11868131868131826,34,31,ENABLE
1785583357.6464703,0.6380178530556186,0.0329670329670364,0.1098901098901095,34,31,ENABLE
1785583357.6515281,0.6380178530556186,0.010989010989014503,0.10109890109890074,34,31,ENABLE
1785583357.6564682,0.6380178530556186,-0.010989010989014503,0.10109890109890074,34,31,ENABLE
1785583357.6614656,0.6380178530556186,0.010989010989014503,0.09230769230769198,34,31,ENABLE
1785583357.666541,0.6380178530556186,-0.0329670329670364,0.07472527472527446,34,31,ENABLE
1785583357.671472,0.6376363775082012,-0.0329670329670364,0.05714285714285694,34,31,ENABLE
1785583357.6765,0.6376363775082012,-0.0329670329670364,0.03076923076923066,34,31,ENABLE
1785583357.6814768,0.6372549019607838,-0.0549450549450583,0.00439560439560438,34,31,ENABLE
1785583357.686554,0.6368734264133664,-0.0989010989011021,-0.03076923076923066,34,31,ENABLE
1785583357.6914868,0.636491950865949,-0.0989010989011021,-0.04835164835164818,34,31,ENABLE
1785583357.6964943,0.6357289997711142,-0.1428571428571459,-0.05714285714285694,34,31,ENABLE
1785583357.7015133,0.6349660486762794,-0.1428571428571459,-0.07472527472527446,34,31,ENABLE
1785583357.7064705,0.6338216220340271,-0.2087912087912116,-0.09230769230769198,34,31,ENABLE
1785583357.7114692,0.6330586709391923,-0.2527472527472554,-0.10109890109890074,34,31,ENABLE
1785583357.716471,0.6319142442969401,-0.2087912087912116,-0.11868131868131826,34,31,ENABLE
1785583357.721452,0.6307698176546879,-0.2307692307692335,-0.14505494505494454,34,31,ENABLE
1785583357.7264802,0.6296253910124356,-0.2527472527472554,-0.17142857142857082,34,31,ENABLE
1785583357.7314596,0.628099488822766,-0.2967032967032992,-0.18021978021977958,34,31,ENABLE
1785583357.736467,0.626192111085679,-0.3626373626373649,-0.18901098901098834,34,31,ENABLE
1785583357.7414818,0.6242847333485919,-0.3846153846153868,-0.18901098901098834,34,31,ENABLE
1785583357.746544,0.6219958800640875,-0.4285714285714306,-0.18021978021977958,34,31,ENABLE
1785583357.7515147,0.6193255512321656,-0.4945054945054963,-0.18021978021977958,34,31,ENABLE
1785583357.7565522,0.6166552224002437,-0.5164835164835182,-0.17142857142857082,34,31,ENABLE
1785583357.7614927,0.6139848935683219,-0.560439560439562,-0.1538461538461533,34,31,ENABLE
1785583357.7665021,0.6109330891889826,-0.5824175824175839,-0.1538461538461533,34,31,ENABLE
1785583357.7713134,0.6078812848096433,-0.6263736263736277,-0.14505494505494454,34,31,ENABLE
1785583357.776219,0.6040665293354692,-0.7142857142857153,-0.12747252747252702,34,31,ENABLE
1785583357.7812626,0.6006332494087125,-0.7582417582417591,-0.1098901098901095,34,31,ENABLE
1785583357.7862954,0.596437018387121,-0.8021978021978029,-0.09230769230769198,34,31,ENABLE
1785583357.7912471,0.592622262912947,-0.8021978021978029,-0.09230769230769198,34,31,ENABLE
1785583357.7964244,0.5891889829861903,-0.7142857142857153,-0.11868131868131826,34,31,ENABLE
1785583357.8012476,0.586137178606851,-0.6923076923076934,-0.1538461538461533,34,31,ENABLE
1785583357.8062346,0.5827038986800943,-0.6923076923076934,-0.1978021978021971,34,31,ENABLE
1785583357.8112612,0.5785076676585028,-0.7362637362637372,-0.22417582417582338,34,31,ENABLE
1785583357.8162174,0.5739299610894939,-0.9120879120879124,-0.1978021978021971,34,31,ENABLE
1785583357.8212428,0.5685893034256502,-1.021978021978022,-0.16263736263736206,34,31,ENABLE
1785583357.8264802,0.5636301213092239,-1.021978021978022,-0.11868131868131826,34,31,ENABLE
1785583357.8314521,0.5586709391927975,-1.021978021978022,-0.08351648351648322,34,31,ENABLE
1785583357.8362458,0.5540932326237886,-0.9340659340659343,-0.10109890109890074,34,31,ENABLE
1785583357.8412101,0.5498970016021971,-0.9120879120879124,-0.13626373626373578,34,31,ENABLE
1785583357.8461947,0.5453192950331882,-0.9120879120879124,-0.18901098901098834,34,31,ENABLE
1785583357.8512542,0.5403601129167619,-0.9780219780219781,-0.22417582417582338,34,31,ENABLE
1785583357.856531,0.5346379797055008,-1.0879120879120876,-0.1978021978021971,34,31,ENABLE
1785583357.8614495,0.5281528953994048,-1.219780219780219,-0.1538461538461533,34,31,ENABLE
1785583357.866215,0.5224307621881437,-1.241758241758241,-0.09230769230769198,34,31,ENABLE
1785583357.8712833,0.5163271534294651,-1.219780219780219,-0.08351648351648322,34,31,ENABLE
1785583357.876241,0.5113679713130388,-1.1098901098901095,-0.1098901098901095,34,31,ENABLE
1785583357.881221,0.5060273136491951,-1.0439560439560438,-0.16263736263736206,34,31,ENABLE
1785583357.886218,0.5003051804379339,-1.1318681318681314,-0.20659340659340586,34,31,ENABLE
1785583357.8912086,0.49382009613183797,-1.241758241758241,-0.1978021978021971,34,31,ENABLE
1785583357.8962576,0.4865720607309072,-1.417582417582416,-0.1538461538461533,34,31,ENABLE
1785583357.901209,0.4793240253299764,-1.439560439560438,-0.09230769230769198,34,31,ENABLE
1785583357.9064803,0.47283894102388047,-1.2857142857142847,-0.08351648351648322,34,31,ENABLE
1785583357.91148,0.46711680781261933,-1.241758241758241,-0.13626373626373578,34,31,ENABLE
1785583357.9162564,0.4613946746013582,-1.197802197802197,-0.18021978021977958,34,31,ENABLE
1785583357.9212134,0.4545281147478448,-1.3296703296703285,-0.18901098901098834,34,31,ENABLE
1785583357.9262192,0.44689860379949664,-1.4835164835164818,-0.1538461538461533,34,31,ENABLE
1785583357.9312375,0.43888761730373105,-1.5494505494505475,-0.10109890109890074,34,31,ENABLE
1785583357.936479,0.4316395819028003,-1.439560439560438,-0.10109890109890074,34,31,ENABLE
1785583357.9414933,0.4251544975967043,-1.3516483516483504,-0.12747252747252702,34,31,ENABLE
1785583357.9462411,0.41866941329060836,-1.3736263736263723,-0.17142857142857082,34,31,ENABLE
1785583357.9512403,0.4110399023422602,-1.4835164835164818,-0.18901098901098834,34,31,ENABLE
1785583357.9562423,0.4030289158464946,-1.5714285714285694,-0.1538461538461533,34,31,ENABLE
1785583357.961195,0.395017929350729,-1.5934065934065913,-0.11868131868131826,34,31,ENABLE
1785583357.9662178,0.3877698939497982,-1.5054945054945037,-0.12747252747252702,34,31,ENABLE
1785583357.9711893,0.38052185854886744,-1.5274725274725256,-0.14505494505494454,34,31,ENABLE
1785583357.976483,0.37212939650568444,-1.5934065934065913,-0.1538461538461533,34,31,ENABLE
1785583357.981547,0.36373693446250144,-1.681318681318679,-0.13626373626373578,34,31,ENABLE
1785583357.9862463,0.35572594796673584,-1.659340659340657,-0.13626373626373578,34,31,ENABLE
1785583357.991221,0.34809643701838766,-1.637362637362635,-0.14505494505494454,34,31,ENABLE
1785583357.996206,0.34008545052262207,-1.6153846153846132,-0.1538461538461533,34,31,ENABLE
1785583358.0012622,0.33131151293202166,-1.681318681318679,-0.13626373626373578,34,31,ENABLE
1785583358.0064843,0.32253757534142125,-1.7252747252747227,-0.13626373626373578,34,31,ENABLE
1785583358.0114763,0.31452658884565565,-1.681318681318679,-0.13626373626373578,34,31,ENABLE
1785583358.016248,0.30651560234989006,-1.659340659340657,-0.13626373626373578,34,31,ENABLE
1785583358.021245,0.29774166475928965,-1.7472527472527446,-0.1538461538461533,34,31,ENABLE
1785583358.0262182,0.28896772716868924,-1.8131868131868103,-0.13626373626373578,34,31,ENABLE
1785583358.031237,0.2801937895780888,-1.7912087912087884,-0.13626373626373578,34,31,ENABLE
1785583358.0364752,0.2714198519874884,-1.7692307692307665,-0.14505494505494454,34,31,ENABLE
1785583358.041506,0.262645914396888,-1.7692307692307665,-0.14505494505494454,34,31,ENABLE
1785583358.0462365,0.2538719768062876,-1.7912087912087884,-0.13626373626373578,34,31,ENABLE
1785583358.0512514,0.2450980392156854,-1.7472527472527446,-0.13626373626373578,34,31,ENABLE
1785583358.0562232,0.236324101625085,-1.7472527472527446,-0.16263736263736206,34,31,ENABLE
1785583358.061208,0.22716868848706717,-1.8131868131868103,-0.1538461538461533,34,31,ENABLE
1785583358.0662386,0.21763179980163194,-1.901098901098898,-0.12747252747252702,34,31,ENABLE
1785583358.071195,0.2080949111161967,-1.879120879120876,-0.11868131868131826,34,31,ENABLE
1785583358.0764656,0.1989394979781789,-1.8131868131868103,-0.13626373626373578,34,31,ENABLE
1785583358.0814772,0.18978408484016107,-1.7912087912087884,-0.14505494505494454,34,31,ENABLE
1785583358.0862994,0.18062867170214325,-1.901098901098898,-0.14505494505494454,34,31,ENABLE
1785583358.0912423,0.17147325856412543,-1.879120879120876,-0.13626373626373578,34,31,ENABLE
1785583358.0961866,0.1623178454261076,-1.8351648351648322,-0.1538461538461533,34,31,ENABLE
1785583358.1012635,0.15278095674067238,-1.857142857142854,-0.16263736263736206,34,31,ENABLE
1785583358.106465,0.14286259250781974,-1.9450549450549417,-0.13626373626373578,34,31,ENABLE
1785583358.1114726,0.1329442282749671,-1.9230769230769198,-0.13626373626373578,34,31,ENABLE
1785583358.1163402,0.12378881513694928,-1.9230769230769198,-0.14505494505494454,34,31,ENABLE
1785583358.121193,0.11463340199893146,-1.9230769230769198,-0.14505494505494454,34,31,ENABLE
1785583358.1262474,0.10509651331349623,-1.901098901098898,-0.13626373626373578,34,31,ENABLE
1785583358.1312702,0.09479667353322618,-1.9670329670329636,-0.14505494505494454,34,31,ENABLE
1785583358.136212,0.08602273594262577,-1.9230769230769198,-0.16263736263736206,34,31,ENABLE
1785583358.1411934,0.07572289616235572,-1.9450549450549417,-0.1538461538461533,34,31,ENABLE
1785583358.146444,0.06504158083466827,-2.07692307692308,-0.1098901098901095,34,31,ENABLE
1785583358.1512697,0.05512321660181563,-2.0329670329670364,-0.09230769230769198,34,31,ENABLE
1785583358.1562169,0.0455863279163804,-1.9890109890109855,-0.07472527472527446,34,31,ENABLE
1785583358.161215,0.03566796368352776,-1.9450549450549417,-0.09230769230769198,34,31,ENABLE
1785583358.1662583,0.02613107499809253,-1.9670329670329636,-0.10109890109890074,34,31,ENABLE
1785583358.1712575,0.0165941863126573,-1.879120879120876,-0.13626373626373578,34,31,ENABLE
1785583358.1761866,0.00705729762722207,-1.9230769230769198,-0.16263736263736206,34,31,ENABLE
1785583358.1811972,-0.0024795910582131597,-1.9890109890109855,-0.1538461538461533,34,31,ENABLE
1785583358.1861858,-0.013160906385900617,-2.07692307692308,-0.12747252747252702,34,31,ENABLE
1785583358.191241,-0.023079270618753256,-2.0109890109890145,-0.1098901098901095,34,31,ENABLE
1785583358.196426,-0.033379110399023304,-1.9670329670329636,-0.1098901098901095,34,31,ENABLE
1785583358.201477,-0.042534523537041125,-1.9450549450549417,-0.12747252747252702,34,31,ENABLE
1785583358.2063086,-0.051689936675058945,-1.879120879120876,-0.1538461538461533,34,31,ENABLE
1785583358.2112403,-0.060845349813076766,-1.8351648351648322,-0.1978021978021971,34,31,ENABLE
1785583358.2162194,-0.070382238498512,-1.9450549450549417,-0.20659340659340586,34,31,ENABLE
1785583358.2212112,-0.08068207827878204,-1.9890109890109855,-0.17142857142857082,34,31,ENABLE
1785583358.226186,-0.09060044251163468,-2.0329670329670364,-0.14505494505494454,34,31,ENABLE
1785583358.2312522,-0.10013733119706991,-1.9450549450549417,-0.1538461538461533,34,31,ENABLE
1785583358.2362902,-0.10967421988250514,-1.901098901098898,-0.1538461538461533,34,31,ENABLE
1785583358.2414725,-0.11997405966277519,-1.9890109890109855,-0.1538461538461533,34,31,ENABLE
1785583358.2464142,-0.12951094834821042,-1.9230769230769198,-0.14505494505494454,34,31,ENABLE
1785583358.251253,-0.13866636148622824,-1.9230769230769198,-0.1538461538461533,34,31,ENABLE
1785583358.2562392,-0.14858472571908088,-1.9890109890109855,-0.13626373626373578,34,31,ENABLE
1785583358.2612367,-0.15850308995193352,-2.0109890109890145,-0.1098901098901095,34,31,ENABLE
1785583358.266219,-0.16842145418478616,-1.9670329670329636,-0.10109890109890074,34,31,ENABLE
1785583358.2712116,-0.17757686732280398,-1.9230769230769198,-0.1098901098901095,34,31,ENABLE
1785583358.2761924,-0.1867322804608218,-1.901098901098898,-0.12747252747252702,34,31,ENABLE
1785583358.2811916,-0.19665064469367444,-1.9230769230769198,-0.11868131868131826,34,31,ENABLE
1785583358.2862284,-0.20580605783169226,-1.9230769230769198,-0.12747252747252702,34,31,ENABLE
1785583358.291487,-0.2157244220645449,-1.9230769230769198,-0.12747252747252702,34,31,ENABLE
1785583358.2964232,-0.22526131074998013,-1.901098901098898,-0.1098901098901095,34,31,ENABLE
1785583358.3011842,-0.23479819943541536,-1.9670329670329636,-0.08351648351648322,34,31,ENABLE
1785583358.3062153,-0.24395361257343318,-1.9230769230769198,-0.0659340659340657,34,31,ENABLE
1785583358.3111918,-0.2534905012588702,-1.879120879120876,-0.0659340659340657,34,31,ENABLE
1785583358.3162591,-0.262645914396888,-1.857142857142854,-0.07472527472527446,34,31,ENABLE
1785583358.3212168,-0.2714198519874884,-1.8351648351648322,-0.07472527472527446,34,31,ENABLE
1785583358.3262017,-0.28057526512550623,-1.8131868131868103,-0.08351648351648322,34,31,ENABLE
1785583358.331215,-0.28934920271610665,-1.7692307692307665,-0.08351648351648322,34,31,ENABLE
1785583358.3362052,-0.29850461585412447,-1.8131868131868103,-0.08351648351648322,34,31,ENABLE
1785583358.3414874,-0.3080415045395597,-1.857142857142854,-0.05714285714285694,34,31,ENABLE
1785583358.3464243,-0.3168154421301601,-1.7912087912087884,-0.05714285714285694,34,31,ENABLE
1785583358.351235,-0.3248264286259257,-1.7032967032967008,-0.07472527472527446,34,31,ENABLE
1785583358.3561978,-0.3328374151216913,-1.7032967032967008,-0.09230769230769198,34,31,ENABLE
1785583358.361255,-0.3416113527122917,-1.7032967032967008,-0.09230769230769198,34,31,ENABLE
1785583358.366243,-0.3500038147554747,-1.7032967032967008,-0.09230769230769198,34,31,ENABLE
1785583358.3711858,-0.3580148012512403,-1.637362637362635,-0.10109890109890074,34,31,ENABLE
1785583358.376222,-0.3660257877470059,-1.6153846153846132,-0.1098901098901095,34,31,ENABLE
1785583358.3812509,-0.3744182497901889,-1.637362637362635,-0.1098901098901095,34,31,ENABLE
1785583358.3862495,-0.3828107118333719,-1.659340659340657,-0.09230769230769198,34,31,ENABLE
1785583358.3911831,-0.3908216983291375,-1.6153846153846132,-0.08351648351648322,34,31,ENABLE
1785583358.3962126,-0.39806973373006826,-1.5494505494505475,-0.1098901098901095,34,31,ENABLE
1785583358.401231,-0.40569924467841645,-1.4835164835164818,-0.12747252747252702,34,31,ENABLE
1785583358.4062245,-0.41332875562676463,-1.5494505494505475,-0.11868131868131826,34,31,ENABLE
1785583358.4115071,-0.4213397421225302,-1.5494505494505475,-0.11868131868131826,34,31,ENABLE
1785583358.4165933,-0.428587777523461,-1.46153846153846,-0.12747252747252702,34,31,ENABLE
1785583358.4212453,-0.43507286182955696,-1.417582417582416,-0.1538461538461533,34,31,ENABLE
1785583358.4262176,-0.4419394216830703,-1.417582417582416,-0.17142857142857082,34,31,ENABLE
1785583358.4312341,-0.4491874570840011,-1.46153846153846,-0.1538461538461533,34,31,ENABLE
1785583358.436234,-0.4568169680323493,-1.5054945054945037,-0.11868131868131826,34,31,ENABLE
1785583358.441496,-0.46406500343328005,-1.439560439560438,-0.1098901098901095,34,31,ENABLE
1785583358.4465344,-0.470550087739376,-1.3296703296703285,-0.12747252747252702,34,31,ENABLE
1785583358.4512389,-0.47627222095063715,-1.2637362637362628,-0.1538461538461533,34,31,ENABLE
1785583358.4562154,-0.4827573052567331,-1.3076923076923066,-0.18021978021977958,34,31,ENABLE
1785583358.4611866,-0.48924238956282906,-1.3076923076923066,-0.16263736263736206,34,31,ENABLE
1785583358.4662538,-0.495727473868925,-1.2857142857142847,-0.16263736263736206,34,31,ENABLE
1785583358.4714887,-0.502212558175021,-1.2637362637362628,-0.14505494505494454,34,31,ENABLE
1785583358.476485,-0.5079346913862821,-1.1758241758241752,-0.16263736263736206,34,31,ENABLE
1785583358.481217,-0.5132753490501258,-1.1538461538461533,-0.17142857142857082,34,31,ENABLE
1785583358.4862545,-0.5193789578088044,-1.197802197802197,-0.18021978021977958,34,31,ENABLE
1785583358.4911854,-0.5254825665674829,-1.241758241758241,-0.1538461538461533,34,31,ENABLE
1785583358.4962544,-0.5315861753261615,-1.219780219780219,-0.12747252747252702,34,31,ENABLE
1785583358.5012045,-0.5369268329900052,-1.1098901098901095,-0.12747252747252702,34,31,ENABLE
1785583358.5061815,-0.5418860151064315,-1.0439560439560438,-0.1538461538461533,34,31,ENABLE
1785583358.5112348,-0.5464637216754404,-0.9780219780219781,-0.1978021978021971,34,31,ENABLE
1785583358.5162554,-0.5514229037918668,-1.021978021978022,-0.20659340659340586,34,31,ENABLE
1785583358.5212905,-0.5563820859082931,-1.021978021978022,-0.17142857142857082,34,31,ENABLE
1785583358.5262322,-0.5613412680247194,-1.021978021978022,-0.09230769230769198,34,31,ENABLE
1785583358.5312293,-0.5655374990463109,-0.8901098901098905,-0.03956043956043942,34,31,ENABLE
1785583358.536208,-0.5682078278782328,-0.6483516483516496,-0.03956043956043942,34,31,ENABLE
1785583358.5412095,-0.5704966811627372,-0.5164835164835182,-0.10109890109890074,34,31,ENABLE
1785583358.5462103,-0.5720225833524069,-0.3626373626373649,-0.16263736263736206,34,31,ENABLE
1785583358.5515432,-0.5739299610894939,-0.4065934065934087,-0.21538461538461462,34,31,ENABLE
1785583358.556469,-0.575837338826581,-0.3846153846153868,-0.21538461538461462,34,31,ENABLE
1785583358.5612562,-0.5785076676585028,-0.4725274725274744,-0.18901098901098834,34,31,ENABLE
1785583358.5662372,-0.5800335698481724,-0.3846153846153868,-0.14505494505494454,34,31,ENABLE
1785583358.5712583,-0.5819409475852595,-0.4065934065934087,-0.13626373626373578,34,31,ENABLE
1785583358.5762565,-0.5838483253223465,-0.340659340659343,-0.10109890109890074,34,31,ENABLE
1785583358.5812514,-0.5849927519645988,-0.3186813186813211,-0.09230769230769198,34,31,ENABLE
1785583358.5862558,-0.5865186541542684,-0.2967032967032992,-0.08351648351648322,34,31,ENABLE
1785583358.5912151,-0.5872816052491032,-0.1868131868131897,-0.10109890109890074,34,31,ENABLE
1785583358.5962503,-0.5876630807965206,-0.1428571428571459,-0.11868131868131826,34,31,ENABLE
1785583358.6012459,-0.5884260318913554,-0.1648351648351678,-0.13626373626373578,34,31,ENABLE
1785583358.6062586,-0.5903334096284425,-0.2967032967032992,-0.1098901098901095,34,31,ENABLE
1785583358.6112351,-0.5918593118181121,-0.2967032967032992,-0.03956043956043942,34,31,ENABLE
1785583358.6162515,-0.5922407873655295,-0.2087912087912116,-0.01318681318681314,34,31,ENABLE
1785583358.6212468,-0.592622262912947,-0.0989010989011021,-0.03956043956043942,34,31,ENABLE
1785583358.6262507,-0.5930037384603644,-0.0769230769230802,-0.07472527472527446,34,31,ENABLE
1785583358.6312294,-0.5933852140077818,-0.0989010989011021,-0.09230769230769198,34,31,ENABLE
1785583358.636241,-0.5937666895551992,-0.120879120879124,-0.10109890109890074,34,31,ENABLE
1785583358.6412358,-0.594529640650034,-0.120879120879124,-0.08351648351648322,34,31,ENABLE
1785583358.6462514,-0.5949111161974514,-0.0989010989011021,-0.0659340659340657,34,31,ENABLE
1785583358.651252,-0.5952925917448688,-0.0989010989011021,-0.04835164835164818,34,31,ENABLE
1785583358.6562319,-0.5956740672922862,-0.0769230769230802,-0.04835164835164818,34,31,ENABLE
1785583358.6615334,-0.5960555428397036,-0.0769230769230802,-0.03956043956043942,34,31,ENABLE
1785583358.6664886,-0.596437018387121,-0.0769230769230802,-0.03956043956043942,34,31,ENABLE
1785583358.6712565,-0.5968184939345385,-0.0989010989011021,-0.03076923076923066,34,31,ENABLE
1785583358.6762323,-0.5971999694819559,-0.0769230769230802,-0.03956043956043942,34,31,ENABLE
1785583358.6812356,-0.5971999694819559,-0.010989010989014503,-0.03956043956043942,34,31,ENABLE
1785583358.686209,-0.5971999694819559,-0.0329670329670364,-0.05714285714285694,34,31,ENABLE
1785583358.6912096,-0.5975814450293733,-0.0329670329670364,-0.05714285714285694,34,31,ENABLE
1785583358.696212,-0.5975814450293733,-0.0549450549450583,-0.05714285714285694,34,31,ENABLE
1785583358.7014647,-0.5975814450293733,-0.0549450549450583,-0.05714285714285694,34,31,ENABLE
1785583358.7065744,-0.5979629205767907,-0.0329670329670364,-0.05714285714285694,34,31,ENABLE
1785583358.7113037,-0.5979629205767907,-0.0549450549450583,-0.05714285714285694,34,31,ENABLE
1785583358.7162337,-0.5983443961242081,-0.0549450549450583,-0.05714285714285694,34,31,ENABLE
1785583358.7211907,-0.5979629205767907,0.010989010989014503,-0.05714285714285694,34,31,ENABLE
1785583358.726239,-0.5979629205767907,-0.010989010989014503,-0.0659340659340657,34,31,ENABLE
1785583358.7312558,-0.5979629205767907,-0.0329670329670364,-0.0659340659340657,34,31,ENABLE
1785583358.736264,-0.5979629205767907,-0.010989010989014503,-0.07472527472527446,34,31,ENABLE
1785583358.7412248,-0.5979629205767907,-0.010989010989014503,-0.0659340659340657,34,31,ENABLE
1785583358.7461934,-0.5979629205767907,0.010989010989014503,-0.0659340659340657,34,31,ENABLE
1785583358.751264,-0.5979629205767907,-0.010989010989014503,-0.0659340659340657,34,31,ENABLE
1785583358.7562284,-0.5979629205767907,0.010989010989014503,-0.0659340659340657,34,31,ENABLE
1785583358.7614932,-0.5979629205767907,-0.010989010989014503,-0.07472527472527446,34,31,ENABLE
1785583358.7664814,-0.5979629205767907,0.010989010989014503,-0.0659340659340657,34,31,ENABLE
1785583358.7715623,-0.5979629205767907,0.010989010989014503,-0.0219780219780219,34,31,ENABLE
1785583358.7764635,-0.5975814450293733,0.0549450549450583,0.03076923076923066,34,31,ENABLE
1785583358.781419,-0.5968184939345385,0.0989010989011021,0.07472527472527446,34,31,ENABLE
1785583358.7864242,-0.5960555428397036,0.120879120879124,0.11868131868131826,34,31,ENABLE
1785583358.791482,-0.5952925917448688,0.0989010989011021,0.18901098901098834,34,31,ENABLE
1785583358.7964122,-0.5937666895551992,0.2527472527472554,0.22417582417582338,34,31,ENABLE
1785583358.8014205,-0.5914778362706947,0.3846153846153868,0.22417582417582338,34,31,ENABLE
1785583358.8064144,-0.588044556343938,0.5164835164835182,0.1978021978021971,34,31,ENABLE
1785583358.8114705,-0.5857557030594336,0.5164835164835182,0.17142857142857082,34,31,ENABLE
1785583358.8164175,-0.5823224231326769,0.5824175824175839,0.16263736263736206,34,31,ENABLE
1785583358.8214178,-0.5785076676585028,0.6483516483516496,0.1538461538461533,34,31,ENABLE
1785583358.8264608,-0.5746929121843287,0.7362637362637372,0.13626373626373578,34,31,ENABLE
1785583358.8314843,-0.5704966811627372,0.8021978021978029,0.1098901098901095,34,31,ENABLE
1785583358.8364155,-0.5659189745937283,0.8681318681318686,0.09230769230769198,34,31,ENABLE
1785583358.841461,-0.5613412680247194,0.8901098901098905,0.09230769230769198,34,31,ENABLE
1785583358.8464465,-0.5567635614557105,0.8241758241758248,0.1098901098901095,34,31,ENABLE
1785583358.8514826,-0.5529488059815364,0.780219780219781,0.14505494505494454,34,31,ENABLE
1785583358.8565695,-0.5483710994125275,0.8461538461538467,0.18901098901098834,34,31,ENABLE
1785583358.861488,-0.5430304417486838,1.0,0.21538461538461462,34,31,ENABLE
1785583358.8664742,-0.5369268329900052,1.1098901098901095,0.17142857142857082,34,31,ENABLE
1785583358.871464,-0.5304417486839093,1.2637362637362628,0.11868131868131826,34,31,ENABLE
1785583358.876483,-0.5243381399252307,1.219780219780219,0.0659340659340657,34,31,ENABLE
1785583358.8814695,-0.5186160067139696,1.1758241758241752,0.07472527472527446,34,31,ENABLE
1785583358.8864808,-0.5136568245975432,1.0879120879120876,0.12747252747252702,34,31,ENABLE
1785583358.8914635,-0.5079346913862821,1.0659340659340657,0.18021978021977958,34,31,ENABLE
1785583358.8964753,-0.5018310826276036,1.219780219780219,0.20659340659340586,34,31,ENABLE
1785583358.9014268,-0.4942015716792554,1.3736263736263723,0.17142857142857082,34,31,ENABLE
1785583358.9064589,-0.4869535362783246,1.46153846153846,0.11868131868131826,34,31,ENABLE
1785583358.9114213,-0.47970550087739383,1.3956043956043942,0.08351648351648322,34,31,ENABLE
1785583358.9165087,-0.4732204165712979,1.3736263736263723,0.08351648351648322,34,31,ENABLE
1785583358.9214652,-0.4663538567177845,1.3516483516483504,0.12747252747252702,34,31,ENABLE
1785583358.9264226,-0.45910582131685373,1.3956043956043942,0.13626373626373578,34,31,ENABLE
1785583358.9314628,-0.45109483482108814,1.5054945054945037,0.13626373626373578,34,31,ENABLE
1785583358.9364643,-0.44346532387273996,1.5274725274725256,0.12747252747252702,34,31,ENABLE
1785583358.941487,-0.4358358129243918,1.5054945054945037,0.12747252747252702,34,31,ENABLE
1785583358.9464471,-0.428587777523461,1.4835164835164818,0.13626373626373578,34,31,ENABLE
1785583358.9514232,-0.4209582665751128,1.5274725274725256,0.14505494505494454,34,31,ENABLE
1785583358.9564183,-0.4125658045319298,1.637362637362635,0.13626373626373578,34,31,ENABLE
1785583358.9614825,-0.4037918669413294,1.659340659340657,0.12747252747252702,34,31,ENABLE
1785583358.9664261,-0.3957808804455638,1.637362637362635,0.11868131868131826,34,31,ENABLE
1785583358.9714632,-0.3873884184023808,1.659340659340657,0.11868131868131826,34,31,ENABLE
1785583358.9764237,-0.3786144808117804,1.7032967032967008,0.1098901098901095,34,31,ENABLE
1785583358.9814897,-0.36984054322118,1.7252747252747227,0.1098901098901095,34,31,ENABLE
1785583358.9864144,-0.361448081177997,1.7032967032967008,0.12747252747252702,34,31,ENABLE
1785583358.991467,-0.353055619134814,1.681318681318679,0.14505494505494454,34,31,ENABLE
1785583358.9964619,-0.34428168154421357,1.7692307692307665,0.14505494505494454,34,31,ENABLE
1785583359.001474,-0.33474479285877834,1.857142857142854,0.1098901098901095,34,31,ENABLE
1785583359.0064075,-0.3255893797207605,1.8131868131868103,0.10109890109890074,34,31,ENABLE
1785583359.0114238,-0.3164339665827427,1.7912087912087884,0.11868131868131826,34,31,ENABLE
1785583359.016461,-0.3072785534447249,1.8351648351648322,0.11868131868131826,34,31,ENABLE
1785583359.0214987,-0.29774166475928965,1.857142857142854,0.1098901098901095,34,31,ENABLE
1785583359.0264618,-0.2885862516212718,1.8131868131868103,0.12747252747252702,34,31,ENABLE
1785583359.0314236,-0.279430838483254,1.8131868131868103,0.1538461538461533,34,31,ENABLE
1785583359.0364633,-0.2702754253452362,1.8351648351648322,0.17142857142857082,34,31,ENABLE
1785583359.0414703,-0.26073853665980096,1.901098901098898,0.16263736263736206,34,31,ENABLE
1785583359.046459,-0.2508201724269483,1.9450549450549417,0.16263736263736206,34,31,ENABLE
1785583359.051426,-0.2409018081940939,1.9450549450549417,0.16263736263736206,34,31,ENABLE
1785583359.0564582,-0.23060196841382385,1.9890109890109855,0.13626373626373578,34,31,ENABLE
1785583359.0614653,-0.22106507972838862,1.9890109890109855,0.14505494505494454,34,31,ENABLE
1785583359.0664656,-0.2115281910429534,1.879120879120876,0.16263736263736206,34,31,ENABLE
1785583359.071418,-0.20199130235751817,1.901098901098898,0.1978021978021971,34,31,ENABLE
1785583359.076464,-0.19207293812466553,1.9670329670329636,0.1978021978021971,34,31,ENABLE
1785583359.0814624,-0.18139162279697807,2.0329670329670364,0.1978021978021971,34,31,ENABLE
1785583359.0864835,-0.17147325856412543,2.0109890109890145,0.18901098901098834,34,31,ENABLE
1785583359.0914679,-0.16117341878385538,1.9890109890109855,0.18901098901098834,34,31,ENABLE
1785583359.0964262,-0.15087357900358533,2.07692307692308,0.18021978021977958,34,31,ENABLE
1785583359.1014733,-0.14057373922331529,2.0109890109890145,0.1978021978021971,34,31,ENABLE
1785583359.1065195,-0.13065537499046265,2.0329670329670364,0.20659340659340586,34,31,ENABLE
1785583359.111485,-0.1203555352101926,1.9890109890109855,0.1978021978021971,34,31,ENABLE
1785583359.1164262,-0.11005569542992255,2.098901098901102,0.20659340659340586,34,31,ENABLE
1785583359.1214232,-0.0997558556496525,2.0109890109890145,0.21538461538461462,34,31,ENABLE
1785583359.126417,-0.08945601586938245,2.098901098901102,0.23296703296703214,34,31,ENABLE
1785583359.1314669,-0.078774700541695,2.07692307692308,0.23296703296703214,34,31,ENABLE
1785583359.1364613,-0.06847486076142495,2.07692307692308,0.25054945054944966,34,31,ENABLE
1785583359.1414223,-0.05855649652857231,1.9450549450549417,0.27692307692307594,34,31,ENABLE
1785583359.146445,-0.04901960784313708,1.9890109890109855,0.32087912087911974,34,31,ENABLE
1785583359.1514826,-0.03871976806286703,1.9890109890109855,0.3296703296703285,34,31,ENABLE
1785583359.1564178,-0.028419928282596985,2.07692307692308,0.347252747252746,34,31,ENABLE
1785583359.161467,-0.018120088502326936,2.0549450549450583,0.347252747252746,34,31,ENABLE
1785583359.1665363,-0.007438773174639479,2.098901098901102,0.3296703296703285,34,31,ENABLE
1785583359.1714723,0.003242542153047978,2.120879120879124,0.312087912087911,34,31,ENABLE
1785583359.176484,0.013923857480735435,2.07692307692308,0.312087912087911,34,31,ENABLE
1785583359.181469,0.023842221713588074,2.120879120879124,0.3032967032967022,34,31,ENABLE
1785583359.1864839,0.03528648813611035,2.120879120879124,0.27692307692307594,34,31,ENABLE
1785583359.1916933,0.046349279011215216,2.098901098901102,0.27692307692307594,34,31,ENABLE
1785583359.1964803,0.056267643244067855,2.142857142857146,0.27692307692307594,34,31,ENABLE
1785583359.2014804,0.06733043411917272,2.120879120879124,0.2593406593406584,34,31,ENABLE
1785583359.2064877,0.07801174944686018,2.120879120879124,0.25054945054944966,34,31,ENABLE
1785583359.211464,0.08869306477454764,2.164835164835168,0.2593406593406584,34,31,ENABLE
1785583359.2165327,0.0997558556496525,2.142857142857146,0.23296703296703214,34,31,ENABLE
1785583359.2214684,0.11043717097733996,2.1868131868131897,0.18901098901098834,34,31,ENABLE
1785583359.226426,0.12149996185244483,2.1868131868131897,0.18901098901098834,34,31,ENABLE
1785583359.231447,0.13218127718013228,2.2087912087912116,0.18021978021977958,34,31,ENABLE
1785583359.236487,0.14324406805523715,2.142857142857146,0.16263736263736206,34,31,ENABLE
1785583359.2415454,0.1539253833829246,2.142857142857146,0.17142857142857082,34,31,ENABLE
1785583359.2464986,0.16422522316319466,2.0549450549450583,0.18021978021977958,34,31,ENABLE
1785583359.2515557,0.1745250629434647,2.07692307692308,0.18021978021977958,34,31,ENABLE
1785583359.2565172,0.18520637827115216,2.120879120879124,0.16263736263736206,34,31,ENABLE
1785583359.2615,0.1955062180514222,2.07692307692308,0.1538461538461533,34,31,ENABLE
1785583359.2664835,0.20618753337910967,2.07692307692308,0.16263736263736206,34,31,ENABLE
1785583359.2715135,0.21686884870679712,2.0549450549450583,0.14505494505494454,34,31,ENABLE
1785583359.2765632,0.22716868848706717,2.120879120879124,0.13626373626373578,34,31,ENABLE
1785583359.281527,0.2370870527199198,1.9890109890109855,0.14505494505494454,34,31,ENABLE
1785583359.2864826,0.24700541695277245,1.9670329670329636,0.16263736263736206,34,31,ENABLE
1785583359.2915106,0.25692378118562686,2.0109890109890145,0.1538461538461533,34,31,ENABLE
1785583359.2964444,0.2668421454184795,1.9670329670329636,0.1538461538461533,34,31,ENABLE
1785583359.3014781,0.27676050965133214,2.0109890109890145,0.1538461538461533,34,31,ENABLE
1785583359.3064814,0.2866788738841848,1.9890109890109855,0.13626373626373578,34,31,ENABLE
1785583359.3114603,0.2965972381170374,1.9450549450549417,0.11868131868131826,34,31,ENABLE
1785583359.3166149,0.30651560234989006,1.9450549450549417,0.1098901098901095,34,31,ENABLE
1785583359.3214815,0.31528953994049047,1.879120879120876,0.11868131868131826,34,31,ENABLE
1785583359.3261838,0.3240634775310909,1.8351648351648322,0.13626373626373578,34,31,ENABLE
1785583359.3310215,0.3332188906691087,1.8351648351648322,0.13626373626373578,34,31,ENABLE
1785583359.336348,0.34351873044937875,1.879120879120876,0.14505494505494454,34,31,ENABLE
1785583359.3415143,0.35267414358739657,1.879120879120876,0.12747252747252702,34,31,ENABLE
1785583359.3464804,0.3618295567254144,1.8351648351648322,0.1098901098901095,34,31,ENABLE
1785583359.351492,0.3709849698634322,1.8131868131868103,0.10109890109890074,34,31,ENABLE
1785583359.3564746,0.3797589074540326,1.7032967032967008,0.10109890109890074,34,31,ENABLE
1785583359.3615043,0.3877698939497982,1.5934065934065913,0.12747252747252702,34,31,ENABLE
1785583359.3664718,0.3957808804455638,1.637362637362635,0.1538461538461533,34,31,ENABLE
1785583359.371491,0.4045548180361642,1.681318681318679,0.14505494505494454,34,31,ENABLE
1785583359.3764641,0.41332875562676463,1.7252747252747227,0.1098901098901095,34,31,ENABLE
1785583359.3814757,0.42210269321736504,1.681318681318679,0.09230769230769198,34,31,ENABLE
1785583359.3864665,0.43011367971313064,1.637362637362635,0.09230769230769198,34,31,ENABLE
1785583359.3914864,0.4377431906614788,1.5714285714285694,0.09230769230769198,34,31,ENABLE
1785583359.396464,0.4457541771572444,1.5714285714285694,0.09230769230769198,34,31,ENABLE
1785583359.4014795,0.45376516365301,1.5054945054945037,0.10109890109890074,34,31,ENABLE
1785583359.4065483,0.46063172350652337,1.439560439560438,0.11868131868131826,34,31,ENABLE
1785583359.411463,0.46787975890745415,1.439560439560438,0.1538461538461533,34,31,ENABLE
1785583359.4164603,0.4751277943083849,1.417582417582416,0.14505494505494454,34,31,ENABLE
1785583359.421464,0.4827573052567331,1.4835164835164818,0.11868131868131826,34,31,ENABLE
1785583359.42653,0.4907682917524987,1.5054945054945037,0.07472527472527446,34,31,ENABLE
1785583359.4314644,0.49725337605859465,1.417582417582416,0.0659340659340657,34,31,ENABLE
1785583359.4364822,0.504119935912108,1.3736263736263723,0.07472527472527446,34,31,ENABLE
1785583359.4414623,0.5102235446707866,1.241758241758241,0.08351648351648322,34,31,ENABLE
1785583359.4465244,0.5167086289768825,1.3076923076923066,0.1098901098901095,34,31,ENABLE
1785583359.4514823,0.5231937132829785,1.2857142857142847,0.10109890109890074,34,31,ENABLE
1785583359.4564779,0.529297322041657,1.241758241758241,0.10109890109890074,34,31,ENABLE
1785583359.4614654,0.5350194552529182,1.1538461538461533,0.10109890109890074,34,31,ENABLE
1785583359.4665298,0.5407415884641793,1.1098901098901095,0.12747252747252702,34,31,ENABLE
1785583359.471539,0.546082246128023,1.1098901098901095,0.14505494505494454,34,31,ENABLE
1785583359.4764519,0.5518043793392842,1.1318681318681314,0.11868131868131826,34,31,ENABLE
1785583359.4814696,0.5575265125505453,1.1538461538461533,0.09230769230769198,34,31,ENABLE
1785583359.486476,0.5632486457618064,1.1318681318681314,0.0659340659340657,34,31,ENABLE
1785583359.4914665,0.5682078278782328,1.021978021978022,0.0659340659340657,34,31,ENABLE
1785583359.4965098,0.5727855344472417,0.9340659340659343,0.09230769230769198,34,31,ENABLE
1785583359.5014818,0.5766002899214158,0.8681318681318686,0.12747252747252702,34,31,ENABLE
1785583359.506464,0.5811779964904247,0.8461538461538467,0.14505494505494454,34,31,ENABLE
1785583359.511484,0.5857557030594336,0.8901098901098905,0.12747252747252702,34,31,ENABLE
1785583359.5164661,0.5907148851758599,0.9120879120879124,0.09230769230769198,34,31,ENABLE
1785583359.521467,0.5952925917448688,0.9120879120879124,0.05714285714285694,34,31,ENABLE
1785583359.526468,0.5991073472190429,0.8021978021978029,0.03956043956043942,34,31,ENABLE
1785583359.5315073,0.6021591515983822,0.6703296703296715,0.07472527472527446,34,31,ENABLE
1785583359.536542,0.6044480048828866,0.560439560439562,0.12747252747252702,34,31,ENABLE
1785583359.5416632,0.6074998092622259,0.560439560439562,0.18901098901098834,34,31,ENABLE
1785583359.546527,0.6101701380941478,0.5384615384615401,0.1978021978021971,34,31,ENABLE
1785583359.5514855,0.613221942473487,0.6043956043956058,0.18021978021977958,34,31,ENABLE
1785583359.5564804,0.6166552224002437,0.6703296703296715,0.13626373626373578,34,31,ENABLE
1785583359.5614626,0.619707026779583,0.6263736263736277,0.08351648351648322,34,31,ENABLE
1785583359.5664806,0.6227588311589223,0.5824175824175839,0.04835164835164818,34,31,ENABLE
1785583359.571473,0.6246662088960093,0.4725274725274744,0.04835164835164818,34,31,ENABLE
1785583359.576482,0.6265735866330964,0.4285714285714306,0.05714285714285694,34,31,ENABLE
1785583359.5814707,0.6288624399176008,0.4285714285714306,0.05714285714285694,34,31,ENABLE
1785583359.5864825,0.6307698176546879,0.3626373626373649,0.05714285714285694,34,31,ENABLE
1785583359.5914648,0.6322957198443575,0.340659340659343,0.05714285714285694,34,31,ENABLE
1785583359.5964684,0.6334401464866097,0.2747252747252773,0.05714285714285694,34,31,ENABLE
1785583359.6014738,0.634584573128862,0.2087912087912116,0.0659340659340657,34,31,ENABLE
1785583359.6064842,0.6349660486762794,0.1428571428571459,0.08351648351648322,34,31,ENABLE
1785583359.611464,0.6357289997711142,0.0989010989011021,0.10109890109890074,34,31,ENABLE
1785583359.6165454,0.6357289997711142,0.0329670329670364,0.11868131868131826,34,31,ENABLE
1785583359.6214814,0.6361104753185316,0.0549450549450583,0.12747252747252702,34,31,ENABLE
1785583359.6264696,0.6361104753185316,0.0329670329670364,0.1098901098901095,34,31,ENABLE
1785583359.6314776,0.6361104753185316,0.010989010989014503,0.10109890109890074,34,31,ENABLE
1785583359.6364677,0.6361104753185316,-0.010989010989014503,0.09230769230769198,34,31,ENABLE
1785583359.641459,0.6361104753185316,-0.010989010989014503,0.0659340659340657,34,31,ENABLE
1785583359.6464574,0.6361104753185316,-0.010989010989014503,0.03076923076923066,34,31,ENABLE
1785583359.651531,0.6357289997711142,-0.0549450549450583,0.00439560439560438,34,31,ENABLE
1785583359.6565301,0.6353475242236968,-0.0769230769230802,-0.03076923076923066,34,31,ENABLE
1785583359.6615005,0.634584573128862,-0.120879120879124,-0.05714285714285694,34,31,ENABLE
1785583359.6665432,0.6338216220340271,-0.1428571428571459,-0.07472527472527446,34,31,ENABLE
1785583359.6714816,0.6330586709391923,-0.1868131868131897,-0.08351648351648322,34,31,ENABLE
1785583359.676422,0.6319142442969401,-0.1868131868131897,-0.11868131868131826,34,31,ENABLE
1785583359.681484,0.6311512932021053,-0.2087912087912116,-0.1538461538461533,34,31,ENABLE
1785583359.6864235,0.6296253910124356,-0.2747252747252773,-0.17142857142857082,34,31,ENABLE
1785583359.691419,0.6277180132753486,-0.3186813186813211,-0.18901098901098834,34,31,ENABLE
1785583359.6964715,0.6258106355382616,-0.3626373626373649,-0.1978021978021971,34,31,ENABLE
1785583359.7015095,0.6239032578011745,-0.4065934065934087,-0.20659340659340586,34,31,ENABLE
1785583359.7064822,0.6212329289692526,-0.4945054945054963,-0.20659340659340586,34,31,ENABLE
1785583359.7114642,0.6181811245899134,-0.560439560439562,-0.18901098901098834,34,31,ENABLE
1785583359.7164805,0.6151293202105741,-0.6043956043956058,-0.18021978021977958,34,31,ENABLE
1785583359.7214618,0.6116960402838174,-0.6703296703296715,-0.16263736263736206,34,31,ENABLE
1785583359.7265103,0.6082627603570607,-0.6923076923076934,-0.14505494505494454,34,31,ENABLE
1785583359.7314644,0.6040665293354692,-0.780219780219781,-0.1538461538461533,34,31,ENABLE
1785583359.7364714,0.5998702983138777,-0.8461538461538467,-0.12747252747252702,34,31,ENABLE
1785583359.7414691,0.5956740672922862,-0.8901098901098905,-0.1098901098901095,34,31,ENABLE
1785583359.746422,0.5910963607232773,-0.8681318681318686,-0.1098901098901095,34,31,ENABLE
1785583359.7514906,0.5872816052491032,-0.8461538461538467,-0.13626373626373578,34,31,ENABLE
1785583359.7564714,0.5830853742275117,-0.8241758241758248,-0.17142857142857082,34,31,ENABLE
1785583359.7614822,0.5785076676585028,-0.8461538461538467,-0.21538461538461462,34,31,ENABLE
1785583359.7666144,0.5731670099946591,-0.9780219780219781,-0.21538461538461462,34,31,ENABLE
1785583359.771485,0.5678263523308154,-1.0879120879120876,-0.18901098901098834,34,31,ENABLE
1785583359.7764635,0.5617227435721368,-1.1538461538461533,-0.14505494505494454,34,31,ENABLE
1785583359.7814624,0.5560006103608757,-1.219780219780219,-0.11868131868131826,34,31,ENABLE
1785583359.786484,0.5502784771496145,-1.1318681318681314,-0.11868131868131826,34,31,ENABLE
1785583359.7914796,0.5449378194857708,-1.0879120879120876,-0.1538461538461533,34,31,ENABLE
1785583359.7964106,0.5395971618219271,-1.1098901098901095,-0.20659340659340586,34,31,ENABLE
1785583359.8014686,0.5334935530632485,-1.1758241758241752,-0.20659340659340586,34,31,ENABLE
1785583359.8064656,0.5262455176623178,-1.3296703296703285,-0.18901098901098834,34,31,ENABLE
1785583359.8114588,0.518997482261387,-1.46153846153846,-0.13626373626373578,34,31,ENABLE
1785583359.8165221,0.5117494468604562,-1.439560439560438,-0.11868131868131826,34,31,ENABLE
1785583359.8214662,0.5052643625543602,-1.3296703296703285,-0.12747252747252702,34,31,ENABLE
1785583359.8264875,0.4987792782482643,-1.3516483516483504,-0.16263736263736206,34,31,ENABLE
1785583359.8314626,0.4919127183947509,-1.3956043956043942,-0.18901098901098834,34,31,ENABLE
1785583359.8364713,0.48390173189898533,-1.5274725274725256,-0.18021978021977958,34,31,ENABLE
1785583359.8414667,0.47589074540321974,-1.5494505494505475,-0.16263736263736206,34,31,ENABLE
1785583359.8464742,0.46826123445487156,-1.5274725274725256,-0.16263736263736206,34,31,ENABLE
1785583359.8515491,0.46063172350652337,-1.5054945054945037,-0.16263736263736206,34,31,ENABLE
1785583359.8564763,0.4530022125581752,-1.5714285714285694,-0.17142857142857082,34,31,ENABLE
1785583359.8614612,0.4446097505149922,-1.637362637362635,-0.1538461538461533,34,31,ENABLE
1785583359.8664672,0.4358358129243918,-1.7032967032967008,-0.14505494505494454,34,31,ENABLE
1785583359.8715463,0.4274433508812088,-1.681318681318679,-0.14505494505494454,34,31,ENABLE
1785583359.876463,0.4194323643854432,-1.659340659340657,-0.16263736263736206,34,31,ENABLE
1785583359.881466,0.41065842679484277,-1.7252747252747227,-0.18021978021977958,34,31,ENABLE
1785583359.8864658,0.40150301365682495,-1.8351648351648322,-0.16263736263736206,34,31,ENABLE
1785583359.8914945,0.3923476005188071,-1.8131868131868103,-0.16263736263736206,34,31,ENABLE
1785583359.896478,0.3835736629282067,-1.7912087912087884,-0.16263736263736206,34,31,ENABLE
1785583359.901464,0.3747997253376063,-1.8131868131868103,-0.17142857142857082,34,31,ENABLE
1785583359.9064631,0.36488136110475367,-1.901098901098898,-0.16263736263736206,34,31,ENABLE
1785583359.9114456,0.35534447241931844,-1.9450549450549417,-0.1538461538461533,34,31,ENABLE
1785583359.9165447,0.3458075837338832,-1.9230769230769198,-0.16263736263736206,34,31,ENABLE
1785583359.921467,0.33588921950103057,-1.9230769230769198,-0.1538461538461533,34,31,ENABLE
1785583359.9264607,0.32635233081559534,-2.0109890109890145,-0.14505494505494454,34,31,ENABLE
1785583359.9314673,0.3164339665827427,-1.9450549450549417,-0.1538461538461533,34,31,ENABLE
1785583359.936485,0.30651560234989006,-1.9670329670329636,-0.1538461538461533,34,31,ENABLE
1785583359.9414485,0.2965972381170374,-2.0329670329670364,-0.16263736263736206,34,31,ENABLE
1785583359.9464898,0.2862973983367674,-2.0329670329670364,-0.1538461538461533,34,31,ENABLE
1785583359.9514852,0.2756160830090799,-2.098901098901102,-0.16263736263736206,34,31,ENABLE
1785583359.956556,0.26531624322880987,-2.0549450549450583,-0.1538461538461533,34,31,ENABLE
1785583359.9614763,0.2550164034485398,-2.120879120879124,-0.14505494505494454,34,31,ENABLE
1785583359.9664738,0.24433508812085059,-2.07692307692308,-0.14505494505494454,34,31,ENABLE
1785583359.9715242,0.23403524834058054,-2.120879120879124,-0.16263736263736206,34,31,ENABLE
1785583359.9764764,0.22335393301289308,-2.098901098901102,-0.16263736263736206,34,31,ENABLE
1785583359.981543,0.2122911421377882,-2.1868131868131897,-0.1538461538461533,34,31,ENABLE
1785583359.9864814,0.20160982681010076,-2.142857142857146,-0.1538461538461533,34,31,ENABLE
1785583359.9914665,0.1905470359349959,-2.164835164835168,-0.16263736263736206,34,31,ENABLE
1785583359.9964764,0.17948424505989102,-2.2307692307692335,-0.1538461538461533,34,31,ENABLE
1785583360.0014741,0.16842145418478616,-2.2087912087912116,-0.14505494505494454,34,31,ENABLE
1785583360.0064685,0.1581216144045161,-2.164835164835168,-0.1538461538461533,34,31,ENABLE
1785583360.0114636,0.14667734798199383,-2.2307692307692335,-0.1538461538461533,34,31,ENABLE
1785583360.0164719,0.13485160601205415,-2.318681318681321,-0.14505494505494454,34,31,ENABLE
1785583360.0215447,0.12378881513694928,-2.2527472527472554,-0.1538461538461533,34,31,ENABLE
1785583360.0264735,0.112344548714427,-2.2307692307692335,-0.14505494505494454,34,31,ENABLE
1785583360.0314662,0.10128175783932214,-2.2527472527472554,-0.13626373626373578,34,31,ENABLE
1785583360.0364661,0.09021896696421727,-2.296703296703299,-0.14505494505494454,34,31,ENABLE
1785583360.0414803,0.07839322499427759,-2.340659340659343,-0.13626373626373578,34,31,ENABLE
1785583360.0465424,0.0661860074769205,-2.384615384615387,-0.10109890109890074,34,31,ENABLE
1785583360.051484,0.05436026550698081,-2.4065934065934087,-0.07472527472527446,34,31,ENABLE
1785583360.0564685,0.042534523537041125,-2.362637362637365,-0.05714285714285694,34,31,ENABLE
1785583360.061539,0.03070878156710144,-2.362637362637365,-0.05714285714285694,34,31,ENABLE
1785583360.0664747,0.020027466239413982,-2.2307692307692335,-0.08351648351648322,34,31,ENABLE
1785583360.0714643,0.009346150911726525,-2.2087912087912116,-0.12747252747252702,34,31,ENABLE
1785583360.0764728,-0.0024795910582131597,-2.318681318681321,-0.1538461538461533,34,31,ENABLE
1785583360.0814679,-0.013923857480735435,-2.340659340659343,-0.13626373626373578,34,31,ENABLE
1785583360.086471,-0.02574959945067512,-2.340659340659343,-0.12747252747252702,34,31,ENABLE
1785583360.0914664,-0.037193865873197396,-2.296703296703299,-0.11868131868131826,34,31,ENABLE
1785583360.0964737,-0.04863813229571967,-2.2527472527472554,-0.11868131868131826,34,31,ENABLE
1785583360.1014493,-0.05931944762340713,-2.2307692307692335,-0.1538461538461533,34,31,ENABLE
1785583360.1064627,-0.070382238498512,-2.1868131868131897,-0.18021978021977958,34,31,ENABLE
1785583360.1114676,-0.08220798046845168,-2.2747252747252773,-0.18021978021977958,34,31,ENABLE
1785583360.1164277,-0.09365224689097396,-2.296703296703299,-0.16263736263736206,34,31,ENABLE
1785583360.1214643,-0.10509651331349623,-2.296703296703299,-0.1538461538461533,34,31,ENABLE
1785583360.1264703,-0.1161593041886011,-2.296703296703299,-0.13626373626373578,34,31,ENABLE
1785583360.1314824,-0.12798504615854078,-2.296703296703299,-0.12747252747252702,34,31,ENABLE
1785583360.1364625,-0.13904783703364565,-2.2527472527472554,-0.13626373626373578,34,31,ENABLE
1785583360.1414642,-0.15011062790875052,-2.2747252747252773,-0.11868131868131826,34,31,ENABLE
1785583360.1464741,-0.1619363698786902,-2.340659340659343,-0.10109890109890074,34,31,ENABLE
1785583360.1514797,-0.17338063630121248,-2.296703296703299,-0.10109890109890074,34,31,ENABLE
1785583360.1564488,-0.18406195162889993,-2.1868131868131897,-0.1098901098901095,34,31,ENABLE
1785583360.16147,-0.1951247425040048,-2.2307692307692335,-0.10109890109890074,34,31,ENABLE
1785583360.166541,-0.20656900892652708,-2.2527472527472554,-0.1098901098901095,34,31,ENABLE
1785583360.1715412,-0.21725032425421453,-2.2307692307692335,-0.10109890109890074,34,31,ENABLE
1785583360.1764657,-0.2286945906767368,-2.2307692307692335,-0.08351648351648322,34,31,ENABLE
1785583360.1814723,-0.23975738155184168,-2.2747252747252773,-0.0659340659340657,34,31,ENABLE
1785583360.1865394,-0.2508201724269483,-2.2307692307692335,-0.0659340659340657,34,31,ENABLE
1785583360.1914682,-0.2615014877546358,-2.1868131868131897,-0.04835164835164818,34,31,ENABLE
1785583360.1964433,-0.27218280308232323,-2.1868131868131897,-0.03956043956043942,34,31,ENABLE
1785583360.2014725,-0.2824826428625933,-2.07692307692308,-0.05714285714285694,34,31,ENABLE
1785583360.206474,-0.29278248264286333,-2.07692307692308,-0.07472527472527446,34,31,ENABLE
1785583360.2114882,-0.3034637979705508,-2.098901098901102,-0.0659340659340657,34,31,ENABLE
1785583360.2164636,-0.31376363775082083,-2.098901098901102,-0.05714285714285694,34,31,ENABLE
1785583360.2214777,-0.3240634775310909,-2.0549450549450583,-0.05714285714285694,34,31,ENABLE
1785583360.2264476,-0.3336003662165261,-2.0109890109890145,-0.05714285714285694,34,31,ENABLE
1785583360.2314796,-0.34390020599679616,-2.0109890109890145,-0.05714285714285694,34,31,ENABLE
1785583360.2365623,-0.3538185702296488,-1.9670329670329636,-0.05714285714285694,34,31,ENABLE
1785583360.2414715,-0.3629739833676666,-1.879120879120876,-0.07472527472527446,34,31,ENABLE
1785583360.2464676,-0.37212939650568444,-1.857142857142854,-0.09230769230769198,34,31,ENABLE
1785583360.2515497,-0.3820477607385371,-1.9230769230769198,-0.09230769230769198,34,31,ENABLE
1785583360.2564774,-0.3908216983291375,-1.857142857142854,-0.08351648351648322,34,31,ENABLE
1785583360.2614179,-0.3995956359197379,-1.7912087912087884,-0.10109890109890074,34,31,ENABLE
1785583360.2664716,-0.4087510490577557,-1.7912087912087884,-0.1098901098901095,34,31,ENABLE
1785583360.271564,-0.41790646219577354,-1.7912087912087884,-0.10109890109890074,34,31,ENABLE
1785583360.276473,-0.42629892423895654,-1.7472527472527446,-0.10109890109890074,34,31,ENABLE
1785583360.2814243,-0.43430991073472214,-1.7032967032967008,-0.11868131868131826,34,31,ENABLE
1785583360.2864225,-0.44270237277790514,-1.659340659340657,-0.11868131868131826,34,31,ENABLE
1785583360.2914622,-0.45071335927367073,-1.637362637362635,-0.12747252747252702,34,31,ENABLE
1785583360.2964268,-0.45910582131685373,-1.659340659340657,-0.12747252747252702,34,31,ENABLE
1785583360.3015304,-0.46711680781261933,-1.637362637362635,-0.13626373626373578,34,31,ENABLE
1785583360.306462,-0.4743648432135501,-1.5274725274725256,-0.14505494505494454,34,31,ENABLE
1785583360.3114274,-0.4816128786144809,-1.5054945054945037,-0.16263736263736206,34,31,ENABLE
1785583360.3164558,-0.48924238956282906,-1.5054945054945037,-0.1538461538461533,34,31,ENABLE
1785583360.3214443,-0.49649042496375984,-1.4835164835164818,-0.1538461538461533,34,31,ENABLE
1785583360.3264213,-0.5037384603646906,-1.46153846153846,-0.16263736263736206,34,31,ENABLE
1785583360.3314815,-0.5102235446707866,-1.3516483516483504,-0.18021978021977958,34,31,ENABLE
1785583360.3365264,-0.5167086289768825,-1.3296703296703285,-0.18901098901098834,34,31,ENABLE
1785583360.3414767,-0.5235751888303959,-1.3956043956043942,-0.17142857142857082,34,31,ENABLE
1785583360.3464444,-0.5304417486839093,-1.417582417582416,-0.1538461538461533,34,31,ENABLE
1785583360.3515317,-0.5365453574425878,-1.241758241758241,-0.14505494505494454,34,31,ENABLE
1785583360.3565319,-0.5426489662012663,-1.219780219780219,-0.16263736263736206,34,31,ENABLE
1785583360.361472,-0.5476081483176927,-1.1318681318681314,-0.17142857142857082,34,31,ENABLE
1785583360.3664584,-0.552567330434119,-1.021978021978022,-0.1538461538461533,34,31,ENABLE
1785583360.3714685,-0.5575265125505453,-1.0,-0.11868131868131826,34,31,ENABLE
1785583360.3764443,-0.5621042191195542,-0.9340659340659343,-0.08351648351648322,34,31,ENABLE
1785583360.3814597,-0.5655374990463109,-0.780219780219781,-0.07472527472527446,34,31,ENABLE
1785583360.3864703,-0.5678263523308154,-0.560439560439562,-0.10109890109890074,34,31,ENABLE
1785583360.3914635,-0.5697337300679024,-0.4505494505494525,-0.16263736263736206,34,31,ENABLE
1785583360.3964243,-0.5716411078049894,-0.3846153846153868,-0.21538461538461462,34,31,ENABLE
1785583360.4014828,-0.5735484855420765,-0.3626373626373649,-0.2593406593406584,34,31,ENABLE
1785583360.4064238,-0.5754558632791635,-0.4065934065934087,-0.2417582417582409,34,31,ENABLE
1785583360.411423,-0.577744716563668,-0.4285714285714306,-0.21538461538461462,34,31,ENABLE
1785583360.416421,-0.579652094300755,-0.4285714285714306,-0.18021978021977958,34,31,ENABLE
1785583360.4214637,-0.5807965209430073,-0.340659340659343,-0.16263736263736206,34,31,ENABLE
1785583360.4264812,-0.5827038986800943,-0.340659340659343,-0.1538461538461533,34,31,ENABLE
1785583360.4314742,-0.5838483253223465,-0.2967032967032992,-0.12747252747252702,34,31,ENABLE
1785583360.4364836,-0.5853742275120162,-0.3186813186813211,-0.12747252747252702,34,31,ENABLE
1785583360.441504,-0.5865186541542684,-0.2747252747252773,-0.1098901098901095,34,31,ENABLE
1785583360.4464564,-0.5872816052491032,-0.1868131868131897,-0.1098901098901095,34,31,ENABLE
1785583360.4515321,-0.5876630807965206,-0.120879120879124,-0.11868131868131826,34,31,ENABLE
1785583360.4564803,-0.5888075074387729,-0.1648351648351678,-0.13626373626373578,34,31,ENABLE
1785583360.46147,-0.5907148851758599,-0.2967032967032992,-0.10109890109890074,34,31,ENABLE
1785583360.466528,-0.5918593118181121,-0.2747252747252773,-0.04835164835164818,34,31,ENABLE
1785583360.4715242,-0.592622262912947,-0.1868131868131897,-0.03076923076923066,34,31,ENABLE
1785583360.4764593,-0.592622262912947,-0.0989010989011021,-0.05714285714285694,34,31,ENABLE
1785583360.4814239,-0.592622262912947,-0.0769230769230802,-0.08351648351648322,34,31,ENABLE
1785583360.4864273,-0.5933852140077818,-0.0989010989011021,-0.10109890109890074,34,31,ENABLE
1785583360.4915257,-0.5937666895551992,-0.120879120879124,-0.10109890109890074,34,31,ENABLE
1785583360.4964242,-0.594529640650034,-0.1428571428571459,-0.08351648351648322,34,31,ENABLE
1785583360.5014706,-0.5949111161974514,-0.0989010989011021,-0.07472527472527446,34,31,ENABLE
1785583360.5064833,-0.5949111161974514,-0.0549450549450583,-0.07472527472527446,34,31,ENABLE
1785583360.5115368,-0.5952925917448688,-0.0549450549450583,-0.08351648351648322,34,31,ENABLE
1785583360.5164835,-0.5956740672922862,-0.0769230769230802,-0.0659340659340657,34,31,ENABLE
1785583360.521414,-0.5960555428397036,-0.0989010989011021,-0.05714285714285694,34,31,ENABLE
1785583360.526422,-0.5968184939345385,-0.120879120879124,-0.03956043956043942,34,31,ENABLE
1785583360.5314262,-0.5971999694819559,-0.120879120879124,-0.0219780219780219,34,31,ENABLE
1785583360.536486,-0.5975814450293733,-0.0769230769230802,-0.01318681318681314,34,31,ENABLE
1785583360.5414243,-0.5975814450293733,-0.010989010989014503,-0.03076923076923066,34,31,ENABLE
1785583360.5464835,-0.5975814450293733,-0.010989010989014503,-0.05714285714285694,34,31,ENABLE
1785583360.5514972,-0.5971999694819559,0.010989010989014503,-0.0659340659340657,34,31,ENABLE
1785583360.5565279,-0.5975814450293733,-0.010989010989014503,-0.07472527472527446,34,31,ENABLE
1785583360.5614488,-0.5975814450293733,-0.0329670329670364,-0.07472527472527446,34,31,ENABLE
1785583360.5664158,-0.5975814450293733,0.010989010989014503,-0.07472527472527446,34,31,ENABLE
1785583360.571492,-0.5975814450293733,-0.010989010989014503,-0.0659340659340657,34,31,ENABLE
1785583360.5765224,-0.5975814450293733,0.0329670329670364,-0.03076923076923066,34,31,ENABLE
1785583360.581448,-0.5971999694819559,0.0329670329670364,0.03076923076923066,34,31,ENABLE
1785583360.5866346,-0.596437018387121,0.0989010989011021,0.09230769230769198,34,31,ENABLE
1785583360.5914803,-0.5956740672922862,0.120879120879124,0.14505494505494454,34,31,ENABLE
1785583360.5964844,-0.594529640650034,0.1868131868131897,0.20659340659340586,34,31,ENABLE
1785583360.6014864,-0.5918593118181121,0.4065934065934087,0.21538461538461462,34,31,ENABLE
1785583360.606481,-0.5891889829861903,0.4945054945054963,0.1978021978021971,34,31,ENABLE
1785583360.6114135,-0.5865186541542684,0.5164835164835182,0.18021978021977958,34,31,ENABLE
1785583360.6164193,-0.5827038986800943,0.6263736263736277,0.16263736263736206,34,31,ENABLE
1785583360.6213894,-0.5788891432059202,0.7142857142857153,0.1538461538461533,34,31,ENABLE
1785583360.626423,-0.5746929121843287,0.8021978021978029,0.13626373626373578,34,31,ENABLE
1785583360.6314168,-0.5697337300679024,0.8681318681318686,0.1098901098901095,34,31,ENABLE
1785583360.6364634,-0.5647745479514761,0.9560439560439562,0.10109890109890074,34,31,ENABLE
1785583360.6414218,-0.5594338902876324,1.021978021978022,0.09230769230769198,34,31,ENABLE
1785583360.6464226,-0.5548561837186234,0.9560439560439562,0.11868131868131826,34,31,ENABLE
1785583360.651485,-0.5498970016021971,0.9560439560439562,0.16263736263736206,34,31,ENABLE
1785583360.6564167,-0.544174868390936,1.021978021978022,0.1978021978021971,34,31,ENABLE
1785583360.6615286,-0.5380712596322574,1.219780219780219,0.18901098901098834,34,31,ENABLE
1785583360.6665215,-0.5308232242313267,1.3296703296703285,0.14505494505494454,34,31,ENABLE
1785583360.6714473,-0.5235751888303959,1.3736263736263723,0.09230769230769198,34,31,ENABLE
1785583360.6764195,-0.5170901045242999,1.3076923076923066,0.09230769230769198,34,31,ENABLE
1785583360.681542,-0.510605020218204,1.2857142857142847,0.11868131868131826,34,31,ENABLE
1785583360.6864777,-0.504119935912108,1.2857142857142847,0.16263736263736206,34,31,ENABLE
1785583360.6914144,-0.49687190051117724,1.417582417582416,0.17142857142857082,34,31,ENABLE
1785583360.6964211,-0.48847943846799424,1.5714285714285694,0.1538461538461533,34,31,ENABLE
1785583360.7014205,-0.48046845197222865,1.5714285714285694,0.12747252747252702,34,31,ENABLE
1785583360.7064219,-0.47245746547646306,1.5714285714285694,0.1098901098901095,34,31,ENABLE
1785583360.71142,-0.4648279545281149,1.5714285714285694,0.12747252747252702,34,31,ENABLE
1785583360.7164245,-0.45643549248493187,1.6153846153846132,0.13626373626373578,34,31,ENABLE
1785583360.721509,-0.44728007934691405,1.7252747252747227,0.12747252747252702,34,31,ENABLE
1785583360.7264817,-0.43888761730373105,1.7252747252747227,0.13626373626373578,34,31,ENABLE
1785583360.7314193,-0.43011367971313064,1.7032967032967008,0.13626373626373578,34,31,ENABLE
1785583360.7364602,-0.4209582665751128,1.7692307692307665,0.12747252747252702,34,31,ENABLE
1785583360.741421,-0.411802853437095,1.8351648351648322,0.12747252747252702,34,31,ENABLE
1785583360.7465231,-0.40188448920424236,1.901098901098898,0.12747252747252702,34,31,ENABLE
1785583360.7515316,-0.39272907606622454,1.857142857142854,0.12747252747252702,34,31,ENABLE
1785583360.7565453,-0.3831921873807893,1.901098901098898,0.12747252747252702,34,31,ENABLE
1785583360.7614262,-0.37327382314793667,1.9670329670329636,0.11868131868131826,34,31,ENABLE
1785583360.766469,-0.36335545891508403,1.9450549450549417,0.12747252747252702,34,31,ENABLE
1785583360.7714894,-0.3534370946822314,1.9450549450549417,0.13626373626373578,34,31,ENABLE
1785583360.776529,-0.34313725490196134,2.0549450549450583,0.12747252747252702,34,31,ENABLE
1785583360.7814689,-0.3324559395742739,2.098901098901102,0.1098901098901095,34,31,ENABLE
1785583360.7864757,-0.32215609979400384,2.0549450549450583,0.11868131868131826,34,31,ENABLE
1785583360.7914224,-0.3118562600137338,2.0549450549450583,0.12747252747252702,34,31,ENABLE
1785583360.7964263,-0.30117494468604633,2.120879120879124,0.12747252747252702,34,31,ENABLE
1785583360.8014257,-0.29011215381094146,2.142857142857146,0.13626373626373578,34,31,ENABLE
1785583360.8064754,-0.279430838483254,2.098901098901102,0.14505494505494454,34,31,ENABLE
1785583360.8115392,-0.26836804760814914,2.164835164835168,0.14505494505494454,34,31,ENABLE
1785583360.8164692,-0.2576867322804617,2.164835164835168,0.1538461538461533,34,31,ENABLE
1785583360.821427,-0.24700541695277245,2.164835164835168,0.17142857142857082,34,31,ENABLE
1785583360.8264954,-0.23556115053025017,2.2087912087912116,0.17142857142857082,34,31,ENABLE
1785583360.8314614,-0.2241168841077279,2.2527472527472554,0.18021978021977958,34,31,ENABLE
1785583360.836472,-0.21305409323262303,2.2307692307692335,0.18901098901098834,34,31,ENABLE
1785583360.8414617,-0.20160982681010076,2.2307692307692335,0.1978021978021971,34,31,ENABLE
1785583360.8464599,-0.1905470359349959,2.2527472527472554,0.1978021978021971,34,31,ENABLE
1785583360.8515077,-0.1787212939650562,2.296703296703299,0.20659340659340586,34,31,ENABLE
1785583360.8564746,-0.16765850308995134,2.296703296703299,0.22417582417582338,34,31,ENABLE
1785583360.8614569,-0.15583276112001165,2.296703296703299,0.21538461538461462,34,31,ENABLE
1785583360.8664799,-0.14362554360265456,2.362637362637365,0.20659340659340586,34,31,ENABLE
1785583360.871542,-0.13179980163271487,2.296703296703299,0.21538461538461462,34,31,ENABLE
1785583360.8765397,-0.11997405966277519,2.318681318681321,0.20659340659340586,34,31,ENABLE
1785583360.8814669,-0.10852979324025291,2.340659340659343,0.20659340659340586,34,31,ENABLE
1785583360.8864663,-0.09670405127031323,2.362637362637365,0.21538461538461462,34,31,ENABLE
1785583360.8915303,-0.08449683375295614,2.362637362637365,0.23296703296703214,34,31,ENABLE
1785583360.8964741,-0.07305256733043386,2.4065934065934087,0.25054945054944966,34,31,ENABLE
1785583360.9014637,-0.061608300907911584,2.296703296703299,0.29450549450549346,34,31,ENABLE
1785583360.9064624,-0.05016403448538931,2.2087912087912116,0.3296703296703285,34,31,ENABLE
1785583360.911503,-0.03871976806286703,2.296703296703299,0.3560439560439548,34,31,ENABLE
1785583360.916542,-0.026894026092927348,2.340659340659343,0.38241758241758106,34,31,ENABLE
1785583360.921525,-0.014686808575570254,2.384615384615387,0.36483516483516354,34,31,ENABLE
1785583360.9263897,-0.002861066605630569,2.4065934065934087,0.33846153846153726,34,31,ENABLE
1785583360.9314814,0.009346150911726525,2.4065934065934087,0.33846153846153726,34,31,ENABLE
1785583360.936741,0.02193484397650103,2.362637362637365,0.33846153846153726,34,31,ENABLE
1785583360.9416301,0.033379110399023304,2.384615384615387,0.312087912087911,34,31,ENABLE
1785583360.9464695,0.0455863279163804,2.4285714285714306,0.32087912087911974,34,31,ENABLE
1785583360.9515572,0.05779354543373749,2.384615384615387,0.32087912087911974,34,31,ENABLE
1785583360.956478,0.07000076295109459,2.4285714285714306,0.29450549450549346,34,31,ENABLE
1785583360.961472,0.08220798046845168,2.4285714285714306,0.29450549450549346,34,31,ENABLE
1785583360.9664836,0.09441519798580877,2.4285714285714306,0.2857142857142847,34,31,ENABLE
1785583360.9714763,0.10662241550316587,2.4285714285714306,0.2417582417582409,34,31,ENABLE
1785583360.9765413,0.11959258411535778,2.4725274725274744,0.23296703296703214,34,31,ENABLE
1785583360.9815235,0.13179980163271487,2.4945054945054963,0.21538461538461462,34,31,ENABLE
1785583360.986526,0.14438849469748938,2.4725274725274744,0.18901098901098834,34,31,ENABLE
1785583360.991463,0.15621423666742906,2.4285714285714306,0.18901098901098834,34,31,ENABLE
1785583360.9964743,0.16765850308995134,2.318681318681321,0.21538461538461462,34,31,ENABLE
1785583361.0019958,0.18101014724956066,2.384615384615387,0.1978021978021971,34,31,ENABLE
1785583361.0065384,0.19169146257724812,2.362637362637365,0.1978021978021971,34,31,ENABLE
1785583361.0112362,0.20275425345235298,2.340659340659343,0.1978021978021971,34,31,ENABLE
1785583361.0162442,0.21496147096971008,2.362637362637365,0.1978021978021971,34,31,ENABLE
1785583361.0214887,0.22755016403448458,2.4065934065934087,0.17142857142857082,34,31,ENABLE
1785583361.026483,0.23937590600442427,2.362637362637365,0.16263736263736206,34,31,ENABLE
1785583361.0314667,0.2504386968795309,2.2527472527472554,0.14505494505494454,34,31,ENABLE
1785583361.036496,0.2618829633020532,2.2747252747252773,0.13626373626373578,34,31,ENABLE
1785583361.0414715,0.27332722972457546,2.2747252747252773,0.16263736263736206,34,31,ENABLE
1785583361.0464437,0.2843900205996803,2.2527472527472554,0.16263736263736206,34,31,ENABLE
1785583361.0515227,0.2958342870222026,2.2307692307692335,0.1538461538461533,34,31,ENABLE
1785583361.0564775,0.30689707789730747,2.2087912087912116,0.14505494505494454,34,31,ENABLE
1785583361.0615408,0.31795986877241234,2.164835164835168,0.14505494505494454,34,31,ENABLE
1785583361.0664701,0.327878233005265,2.142857142857146,0.13626373626373578,34,31,ENABLE
1785583361.0714629,0.33894102388036984,2.120879120879124,0.12747252747252702,34,31,ENABLE
1785583361.0764718,0.3492408636606399,2.098901098901102,0.13626373626373578,34,31,ENABLE
1785583361.0814693,0.35992217898832735,2.0329670329670364,0.13626373626373578,34,31,ENABLE
1785583361.0864732,0.36984054322118,2.07692307692308,0.13626373626373578,34,31,ENABLE
1785583361.0914266,0.38014038300145003,2.0329670329670364,0.12747252747252702,34,31,ENABLE
1785583361.0964625,0.38967727168688526,1.9670329670329636,0.13626373626373578,34,31,ENABLE
1785583361.1014574,0.3988326848249031,1.901098901098898,0.12747252747252702,34,31,ENABLE
1785583361.1064703,0.40913252460517313,1.9230769230769198,0.12747252747252702,34,31,ENABLE
1785583361.1114745,0.41866941329060836,1.9450549450549417,0.11868131868131826,34,31,ENABLE
1785583361.1164658,0.4282063019760436,1.901098901098898,0.10109890109890074,34,31,ENABLE
1785583361.1214874,0.4373617151140614,1.8351648351648322,0.09230769230769198,34,31,ENABLE
1785583361.1264687,0.44689860379949664,1.8351648351648322,0.07472527472527446,34,31,ENABLE
1785583361.1314714,0.45567254139009705,1.7692307692307665,0.08351648351648322,34,31,ENABLE
1785583361.1364617,0.46368352788586265,1.681318681318679,0.10109890109890074,34,31,ENABLE
1785583361.1414585,0.47169451438162824,1.659340659340657,0.11868131868131826,34,31,ENABLE
1785583361.1464841,0.48008697642481124,1.659340659340657,0.1098901098901095,34,31,ENABLE
1785583361.1514754,0.48886091401541165,1.7472527472527446,0.08351648351648322,34,31,ENABLE
1785583361.1564634,0.49687190051117724,1.659340659340657,0.0659340659340657,34,31,ENABLE
1785583361.16148,0.5048828870069428,1.5934065934065913,0.05714285714285694,34,31,ENABLE
1785583361.1664865,0.5121309224078736,1.5054945054945037,0.0659340659340657,34,31,ENABLE
1785583361.1714816,0.5193789578088044,1.4835164835164818,0.07472527472527446,34,31,ENABLE
1785583361.1764708,0.5266269932097352,1.3956043956043942,0.0659340659340657,34,31,ENABLE
1785583361.181464,0.5331120775158311,1.3956043956043942,0.09230769230769198,34,31,ENABLE
1785583361.1864738,0.5395971618219271,1.2637362637362628,0.10109890109890074,34,31,ENABLE
1785583361.1914816,0.5457007705806056,1.2637362637362628,0.11868131868131826,34,31,ENABLE
1785583361.1964848,0.552567330434119,1.2857142857142847,0.09230769230769198,34,31,ENABLE
1785583361.201467,0.5586709391927975,1.2857142857142847,0.07472527472527446,34,31,ENABLE
1785583361.2064939,0.5647745479514761,1.241758241758241,0.04835164835164818,34,31,ENABLE
1785583361.2114604,0.5701152056153198,1.1098901098901095,0.05714285714285694,34,31,ENABLE
1785583361.2164235,0.5754558632791635,1.021978021978022,0.07472527472527446,34,31,ENABLE
1785583361.2214835,0.5804150453955899,1.0,0.10109890109890074,34,31,ENABLE
1785583361.226411,0.5853742275120162,1.021978021978022,0.09230769230769198,34,31,ENABLE
1785583361.2314782,0.5907148851758599,1.0,0.07472527472527446,34,31,ENABLE
1785583361.2364924,0.5956740672922862,1.0,0.04835164835164818,34,31,ENABLE
1785583361.2414234,0.5998702983138777,0.8901098901098905,0.03956043956043942,34,31,ENABLE
1785583361.246409,0.602922102693217,0.7362637362637372,0.0659340659340657,34,31,ENABLE
1785583361.2515268,0.6059739070725563,0.6263736263736277,0.1098901098901095,34,31,ENABLE
1785583361.25654,0.609407186999313,0.6263736263736277,0.1538461538461533,34,31,ENABLE
1785583361.2614644,0.6128404669260696,0.6483516483516496,0.14505494505494454,34,31,ENABLE
1785583361.2664478,0.6162737468528263,0.6923076923076934,0.11868131868131826,34,31,ENABLE
1785583361.2714794,0.619707026779583,0.6703296703296715,0.08351648351648322,34,31,ENABLE
1785583361.27647,0.6223773556115049,0.5824175824175839,0.03956043956043942,34,31,ENABLE
1785583361.2814708,0.6250476844434267,0.5384615384615401,0.0219780219780219,34,31,ENABLE
1785583361.286488,0.6273365377279312,0.4725274725274744,0.0219780219780219,34,31,ENABLE
1785583361.2915545,0.6292439154650182,0.4285714285714306,0.0219780219780219,34,31,ENABLE
1785583361.2964976,0.6311512932021053,0.3846153846153868,0.03076923076923066,34,31,ENABLE
1785583361.3014634,0.6326771953917749,0.3186813186813211,0.03076923076923066,34,31,ENABLE
1785583361.3064618,0.6334401464866097,0.2307692307692335,0.03956043956043942,34,31,ENABLE
1785583361.311463,0.634584573128862,0.1868131868131897,0.04835164835164818,34,31,ENABLE
1785583361.3165476,0.634584573128862,0.0989010989011021,0.0659340659340657,34,31,ENABLE
1785583361.3215446,0.6349660486762794,0.0549450549450583,0.08351648351648322,34,31,ENABLE
1785583361.3264618,0.6349660486762794,-0.010989010989014503,0.09230769230769198,34,31,ENABLE
1785583361.3315303,0.6349660486762794,-0.010989010989014503,0.09230769230769198,34,31,ENABLE
1785583361.336466,0.634584573128862,-0.0329670329670364,0.07472527472527446,34,31,ENABLE
1785583361.3414607,0.634584573128862,-0.0329670329670364,0.04835164835164818,34,31,ENABLE
1785583361.3464596,0.6342030975814446,-0.0549450549450583,0.01318681318681314,34,31,ENABLE
1785583361.3515253,0.6338216220340271,-0.0769230769230802,-0.03076923076923066,34,31,ENABLE
1785583361.3564842,0.6330586709391923,-0.120879120879124,-0.0659340659340657,34,31,ENABLE
1785583361.3614726,0.6322957198443575,-0.120879120879124,-0.10109890109890074,34,31,ENABLE
1785583361.366462,0.6315327687495227,-0.1648351648351678,-0.13626373626373578,34,31,ENABLE
1785583361.3714614,0.6303883421072705,-0.2307692307692335,-0.16263736263736206,34,31,ENABLE
1785583361.376501,0.6288624399176008,-0.2747252747252773,-0.18901098901098834,34,31,ENABLE
1785583361.3814585,0.6269550621805138,-0.3626373626373649,-0.20659340659340586,34,31,ENABLE
1785583361.386468,0.6246662088960093,-0.4285714285714306,-0.20659340659340586,34,31,ENABLE
1785583361.3914719,0.6223773556115049,-0.4505494505494525,-0.20659340659340586,34,31,ENABLE
1785583361.3964627,0.6193255512321656,-0.5824175824175839,-0.20659340659340586,34,31,ENABLE
1785583361.4014683,0.6158922713054089,-0.6263736263736277,-0.1978021978021971,34,31,ENABLE
1785583361.4064684,0.6124589913786522,-0.6923076923076934,-0.18901098901098834,34,31,ENABLE
1785583361.4114683,0.6086442359044781,-0.7582417582417591,-0.18901098901098834,34,31,ENABLE
1785583361.41646,0.6040665293354692,-0.8241758241758248,-0.17142857142857082,34,31,ENABLE
1785583361.421481,0.5994888227664603,-0.9120879120879124,-0.14505494505494454,34,31,ENABLE
1785583361.4264627,0.594529640650034,-0.9780219780219781,-0.11868131868131826,34,31,ENABLE
1785583361.431463,0.5895704585336077,-0.9780219780219781,-0.11868131868131826,34,31,ENABLE
1785583361.4364626,0.5849927519645988,-0.9340659340659343,-0.1538461538461533,34,31,ENABLE
1785583361.441493,0.5804150453955899,-0.9560439560439562,-0.1978021978021971,34,31,ENABLE
1785583361.4464824,0.5750743877317461,-1.021978021978022,-0.21538461538461462,34,31,ENABLE
1785583361.4515262,0.5689707789730676,-1.1538461538461533,-0.20659340659340586,34,31,ENABLE
1785583361.4564617,0.5624856946669716,-1.2637362637362628,-0.18021978021977958,34,31,ENABLE
1785583361.4614944,0.5560006103608757,-1.3296703296703285,-0.13626373626373578,34,31,ENABLE
1785583361.4664612,0.5491340505073623,-1.3076923076923066,-0.12747252747252702,34,31,ENABLE
1785583361.4715252,0.5434119172961012,-1.2637362637362628,-0.1538461538461533,34,31,ENABLE
1785583361.4764137,0.5369268329900052,-1.2637362637362628,-0.1978021978021971,34,31,ENABLE
1785583361.481468,0.5296787975890744,-1.3516483516483504,-0.21538461538461462,34,31,ENABLE
1785583361.4865375,0.5216678110933088,-1.5054945054945037,-0.18021978021977958,34,31,ENABLE
1785583361.491462,0.5136568245975432,-1.5714285714285694,-0.14505494505494454,34,31,ENABLE
1785583361.4964256,0.5060273136491951,-1.5494505494505475,-0.13626373626373578,34,31,ENABLE
1785583361.5014637,0.4983978027008469,-1.5494505494505475,-0.1538461538461533,34,31,ENABLE
1785583361.5064654,0.4903868162050813,-1.5934065934065913,-0.17142857142857082,34,31,ENABLE
1785583361.5115414,0.4816128786144809,-1.659340659340657,-0.17142857142857082,34,31,ENABLE
1785583361.516425,0.4732204165712979,-1.7032967032967008,-0.17142857142857082,34,31,ENABLE
1785583361.5214708,0.46444647898069746,-1.681318681318679,-0.18021978021977958,34,31,ENABLE
1785583361.526474,0.45567254139009705,-1.7252747252747227,-0.18901098901098834,34,31,ENABLE
1785583361.5314863,0.44651712825207923,-1.857142857142854,-0.17142857142857082,34,31,ENABLE
1785583361.5364687,0.4365987640192266,-1.9450549450549417,-0.1538461538461533,34,31,ENABLE
1785583361.5414786,0.42706187533379136,-1.901098901098898,-0.1538461538461533,34,31,ENABLE
1785583361.5464916,0.41790646219577354,-1.9230769230769198,-0.16263736263736206,34,31,ENABLE
1785583361.5515382,0.4076066224155035,-1.9450549450549417,-0.16263736263736206,34,31,ENABLE
1785583361.5564625,0.39768825818265086,-2.0109890109890145,-0.16263736263736206,34,31,ENABLE
1785583361.561467,0.3877698939497982,-2.0109890109890145,-0.18021978021977958,34,31,ENABLE
1785583361.5664613,0.37747005416952817,-2.0109890109890145,-0.18021978021977958,34,31,ENABLE
1785583361.571486,0.3671702143892581,-2.098901098901102,-0.17142857142857082,34,31,ENABLE
1785583361.5765398,0.35572594796673584,-2.164835164835168,-0.16263736263736206,34,31,ENABLE
1785583361.5814886,0.3458075837338832,-2.120879120879124,-0.17142857142857082,34,31,ENABLE
1785583361.5864253,0.33474479285877834,-2.2087912087912116,-0.18021978021977958,34,31,ENABLE
1785583361.591483,0.3236820019836735,-2.1868131868131897,-0.17142857142857082,34,31,ENABLE
1785583361.5964713,0.3126192111085686,-2.2307692307692335,-0.1978021978021971,34,31,ENABLE
1785583361.6014557,0.30117494468604633,-2.2527472527472554,-0.18901098901098834,34,31,ENABLE
1785583361.6064174,0.28973067826352406,-2.296703296703299,-0.18021978021977958,34,31,ENABLE
1785583361.6114728,0.27790493629358437,-2.318681318681321,-0.17142857142857082,34,31,ENABLE
1785583361.6164594,0.2664606698710621,-2.340659340659343,-0.17142857142857082,34,31,ENABLE
1785583361.6214669,0.2546349279011224,-2.4065934065934087,-0.16263736263736206,34,31,ENABLE
1785583361.6264553,0.24280918593118095,-2.384615384615387,-0.16263736263736206,34,31,ENABLE
1785583361.6314914,0.23098344396124126,-2.362637362637365,-0.18021978021977958,34,31,ENABLE
1785583361.636529,0.21839475089646676,-2.4065934065934087,-0.17142857142857082,34,31,ENABLE
1785583361.6414726,0.20656900892652708,-2.4505494505494525,-0.16263736263736206,34,31,ENABLE
1785583361.646465,0.19436179140916998,-2.4285714285714306,-0.18021978021977958,34,31,ENABLE
1785583361.651528,0.18177309834439548,-2.4505494505494525,-0.17142857142857082,34,31,ENABLE
1785583361.6564832,0.16918440527962098,-2.4945054945054963,-0.1538461538461533,34,31,ENABLE
1785583361.6614861,0.15697718776226388,-2.4725274725274744,-0.16263736263736206,34,31,ENABLE
1785583361.6665466,0.14438849469748938,-2.516483516483518,-0.16263736263736206,34,31,ENABLE
1785583361.671472,0.13141832608529747,-2.560439560439562,-0.1538461538461533,34,31,ENABLE
1785583361.6765258,0.11882963302052296,-2.516483516483518,-0.16263736263736206,34,31,ENABLE
1785583361.681468,0.10624093995574846,-2.604395604395606,-0.1538461538461533,34,31,ENABLE
1785583361.686473,0.09327077134355655,-2.604395604395606,-0.14505494505494454,34,31,ENABLE
1785583361.6914592,0.07991912718394723,-2.6263736263736277,-0.12747252747252702,34,31,ENABLE
1785583361.6964662,0.0665674830243379,-2.6923076923076934,-0.09230769230769198,34,31,ENABLE
1785583361.7015302,0.05321583886472858,-2.7142857142857153,-0.0659340659340657,34,31,ENABLE
1785583361.7064764,0.03986419470511926,-2.6483516483516496,-0.05714285714285694,34,31,ENABLE
1785583361.7114599,0.02651255054550994,-2.6483516483516496,-0.05714285714285694,34,31,ENABLE
1785583361.716481,0.014305333028152845,-2.53846153846154,-0.1098901098901095,34,31,ENABLE
1785583361.7214806,0.0020981155107957505,-2.516483516483518,-0.13626373626373578,34,31,ENABLE
1785583361.7264276,-0.010872053101396162,-2.604395604395606,-0.14505494505494454,34,31,ENABLE
1785583361.7314808,-0.024223697261005483,-2.6263736263736277,-0.13626373626373578,34,31,ENABLE
1785583361.7365344,-0.037193865873197396,-2.604395604395606,-0.11868131868131826,34,31,ENABLE
1785583361.7414699,-0.05016403448538931,-2.6483516483516496,-0.1098901098901095,34,31,ENABLE
1785583361.7464614,-0.06275272755016381,-2.582417582417584,-0.13626373626373578,34,31,ENABLE
1785583361.7514896,-0.07534142061493831,-2.516483516483518,-0.1538461538461533,34,31,ENABLE
1785583361.7566624,-0.08831158922713023,-2.582417582417584,-0.16263736263736206,34,31,ENABLE
1785583361.7615006,-0.10051880674448732,-2.560439560439562,-0.16263736263736206,34,31,ENABLE
1785583361.766407,-0.11348897535667923,-2.53846153846154,-0.16263736263736206,34,31,ENABLE
1785583361.7748678,-0.13561455710688897,-2.604395604395606,-0.10109890109890074,34,31,ENABLE
1785583361.779493,-0.14629587243457642,-2.4725274725274744,-0.05714285714285694,34,31,ENABLE
1785583361.7852602,-0.16079194323643797,-2.4285714285714306,-0.04835164835164818,34,31,ENABLE
1785583361.7901049,-0.17147325856412543,-2.2747252747252773,-0.09230769230769198,34,31,ENABLE
1785583361.7926748,-0.17681391622796916,-2.2307692307692335,-0.11868131868131826,34,31,ENABLE
1785583361.7963285,-0.18520637827115216,-2.296703296703299,-0.18021978021977958,34,31,ENABLE
1785583361.8031702,-0.2035172045471878,-2.6263736263736277,-0.17142857142857082,34,31,ENABLE
1785583361.8047783,-0.20885786221103153,-2.6923076923076934,-0.13626373626373578,34,31,ENABLE
1785583361.8094952,-0.22182803082322344,-2.758241758241759,-0.09230769230769198,34,31,ENABLE
1785583361.8146582,-0.23556115053025017,-2.802197802197803,-0.01318681318681314,34,31,ENABLE
1785583361.821728,-0.2538719768062876,-2.6483516483516496,0.05714285714285694,34,31,ENABLE
1785583361.8266232,-0.2660791943236447,-2.4945054945054963,0.07472527472527446,34,31,ENABLE
1785583361.8316936,-0.27714198519874955,-2.340659340659343,0.03076923076923066,34,31,ENABLE
1785583361.8366582,-0.287823300526437,-2.2087912087912116,-0.04835164835164818,34,31,ENABLE
1785583361.841494,-0.29850461585412447,-2.2087912087912116,-0.10109890109890074,34,31,ENABLE
1785583361.8464851,-0.31033035782406415,-2.362637362637365,-0.1098901098901095,34,31,ENABLE
1785583361.8514895,-0.32253757534142125,-2.384615384615387,-0.07472527472527446,34,31,ENABLE
1785583361.8564818,-0.33436331731136093,-2.384615384615387,-0.03076923076923066,34,31,ENABLE
1785583361.8614874,-0.3458075837338832,-2.340659340659343,0.00439560439560438,34,31,ENABLE
1785583361.8665173,-0.35648889906157066,-2.1868131868131897,-0.00439560439560438,34,31,ENABLE
1785583361.8714237,-0.3664072632944233,-2.098901098901102,-0.03076923076923066,34,31,ENABLE
1785583361.876493,-0.37708857862211076,-2.07692307692308,-0.07472527472527446,34,31,ENABLE
1785583361.8814783,-0.3873884184023808,-2.120879120879124,-0.09230769230769198,34,31,ENABLE
1785583361.8865273,-0.39768825818265086,-2.07692307692308,-0.1098901098901095,34,31,ENABLE
1785583361.8914828,-0.4079880979629209,-2.07692307692308,-0.08351648351648322,34,31,ENABLE
1785583361.8964827,-0.41790646219577354,-2.0549450549450583,-0.0659340659340657,34,31,ENABLE
1785583361.901465,-0.4278248264286262,-1.9890109890109855,-0.05714285714285694,34,31,ENABLE
1785583361.906467,-0.436980239566644,-1.879120879120876,-0.08351648351648322,34,31,ENABLE
1785583361.9114687,-0.4461356527046618,-1.8351648351648322,-0.10109890109890074,34,31,ENABLE
1785583361.916465,-0.45529106584267964,-1.879120879120876,-0.10109890109890074,34,31,ENABLE
1785583361.9214642,-0.46406500343328005,-1.8131868131868103,-0.1098901098901095,34,31,ENABLE
1785583361.926484,-0.47245746547646306,-1.7032967032967008,-0.13626373626373578,34,31,ENABLE
1785583361.9314618,-0.48046845197222865,-1.659340659340657,-0.1538461538461533,34,31,ENABLE
1785583361.9364598,-0.48886091401541165,-1.681318681318679,-0.1538461538461533,34,31,ENABLE
1785583361.9414651,-0.49725337605859465,-1.659340659340657,-0.1538461538461533,34,31,ENABLE
1785583361.946476,-0.5048828870069428,-1.5934065934065913,-0.1538461538461533,34,31,ENABLE
1785583361.9515245,-0.512512397955291,-1.5274725274725256,-0.1538461538461533,34,31,ENABLE
1785583361.9564743,-0.5197604333562218,-1.5054945054945037,-0.1538461538461533,34,31,ENABLE
1785583361.961459,-0.52738994430457,-1.5494505494505475,-0.13626373626373578,34,31,ENABLE
1785583361.966422,-0.5346379797055008,-1.46153846153846,-0.14505494505494454,34,31,ENABLE
1785583361.971522,-0.5407415884641793,-1.3076923076923066,-0.14505494505494454,34,31,ENABLE
1785583361.9765255,-0.5464637216754404,-1.219780219780219,-0.14505494505494454,34,31,ENABLE
1785583361.9817252,-0.5514229037918668,-1.0659340659340657,-0.13626373626373578,34,31,ENABLE
1785583361.9864745,-0.5556191348134583,-0.9560439560439562,-0.13626373626373578,34,31,ENABLE
1785583361.9914923,-0.5594338902876324,-0.8681318681318686,-0.13626373626373578,34,31,ENABLE
1785583361.9964793,-0.5636301213092239,-0.8241758241758248,-0.11868131868131826,34,31,ENABLE
1785583362.0014658,-0.5670634012359805,-0.7582417582417591,-0.12747252747252702,34,31,ENABLE
1785583362.0064766,-0.5689707789730676,-0.5164835164835182,-0.1538461538461533,34,31,ENABLE
1785583362.0114803,-0.5708781567101546,-0.4285714285714306,-0.1978021978021971,34,31,ENABLE
1785583362.01648,-0.5720225833524069,-0.3186813186813211,-0.25054945054944966,34,31,ENABLE
1785583362.0215235,-0.5743114366369113,-0.3846153846153868,-0.2857142857142847,34,31,ENABLE
1785583362.0265229,-0.575837338826581,-0.3626373626373649,-0.2593406593406584,34,31,ENABLE
1785583362.0314808,-0.5781261921110854,-0.4725274725274744,-0.23296703296703214,34,31,ENABLE
1785583362.0365236,-0.579652094300755,-0.3626373626373649,-0.20659340659340586,34,31,ENABLE
1785583362.041461,-0.5804150453955899,-0.2527472527472554,-0.1978021978021971,34,31,ENABLE
1785583362.0465267,-0.5819409475852595,-0.2527472527472554,-0.20659340659340586,34,31,ENABLE
1785583362.0514975,-0.5834668497749291,-0.2967032967032992,-0.18021978021977958,34,31,ENABLE
1785583362.0564938,-0.5846112764171814,-0.2747252747252773,-0.1538461538461533,34,31,ENABLE
1785583362.061484,-0.5865186541542684,-0.3186813186813211,-0.12747252747252702,34,31,ENABLE
1785583362.0664644,-0.5869001297016858,-0.2087912087912116,-0.11868131868131826,34,31,ENABLE
1785583362.0715206,-0.5872816052491032,-0.120879120879124,-0.13626373626373578,34,31,ENABLE
1785583362.0764842,-0.588044556343938,-0.120879120879124,-0.14505494505494454,34,31,ENABLE
1785583362.0815263,-0.5891889829861903,-0.1868131868131897,-0.1538461538461533,34,31,ENABLE
1785583362.08648,-0.5907148851758599,-0.3186813186813211,-0.10109890109890074,34,31,ENABLE
1785583362.0914593,-0.5918593118181121,-0.2527472527472554,-0.03956043956043942,34,31,ENABLE
1785583362.0964606,-0.5922407873655295,-0.1428571428571459,-0.03076923076923066,34,31,ENABLE
1785583362.1014533,-0.592622262912947,-0.0989010989011021,-0.0659340659340657,34,31,ENABLE
1785583362.1064594,-0.592622262912947,-0.0549450549450583,-0.09230769230769198,34,31,ENABLE
1785583362.1114213,-0.5930037384603644,-0.0549450549450583,-0.11868131868131826,34,31,ENABLE
1785583362.1164184,-0.5937666895551992,-0.1428571428571459,-0.1098901098901095,34,31,ENABLE
1785583362.1214774,-0.594529640650034,-0.1648351648351678,-0.07472527472527446,34,31,ENABLE
1785583362.126536,-0.5949111161974514,-0.120879120879124,-0.04835164835164818,34,31,ENABLE
1785583362.1314614,-0.5952925917448688,-0.0549450549450583,-0.04835164835164818,34,31,ENABLE
1785583362.136477,-0.5952925917448688,-0.0769230769230802,-0.05714285714285694,34,31,ENABLE
1785583362.1414177,-0.5956740672922862,-0.0549450549450583,-0.0659340659340657,34,31,ENABLE
1785583362.1464732,-0.5960555428397036,-0.0989010989011021,-0.0659340659340657,34,31,ENABLE
1785583362.1514788,-0.596437018387121,-0.0549450549450583,-0.05714285714285694,34,31,ENABLE
1785583362.156469,-0.5968184939345385,-0.0989010989011021,-0.03956043956043942,34,31,ENABLE
1785583362.1613739,-0.5968184939345385,-0.0329670329670364,-0.0219780219780219,34,31,ENABLE
1785583362.166555,-0.596437018387121,0.0329670329670364,0.03076923076923066,34,31,ENABLE
1785583362.171253,-0.5960555428397036,0.0769230769230802,0.08351648351648322,34,31,ENABLE
1785583362.1762087,-0.5952925917448688,0.0989010989011021,0.14505494505494454,34,31,ENABLE
1785583362.1814663,-0.5937666895551992,0.2747252747252773,0.1978021978021971,34,31,ENABLE
1785583362.18647,-0.5910963607232773,0.4065934065934087,0.18901098901098834,34,31,ENABLE
1785583362.191543,-0.588044556343938,0.5384615384615401,0.1978021978021971,34,31,ENABLE
1785583362.1964855,-0.5853742275120162,0.5384615384615401,0.18901098901098834,34,31,ENABLE
1785583362.2014253,-0.5815594720378421,0.6923076923076934,0.18901098901098834,34,31,ENABLE
1785583362.206486,-0.5769817654688332,0.7582417582417591,0.16263736263736206,34,31,ENABLE
1785583362.2115436,-0.5716411078049894,0.9340659340659343,0.13626373626373578,34,31,ENABLE
1785583362.2165003,-0.5666819256885631,1.0439560439560438,0.1098901098901095,34,31,ENABLE
1785583362.2214873,-0.560959792477302,1.0659340659340657,0.08351648351648322,34,31,ENABLE
1785583362.2264893,-0.5556191348134583,1.0659340659340657,0.10109890109890074,34,31,ENABLE
1785583362.231422,-0.5506599526970319,1.0879120879120876,0.14505494505494454,34,31,ENABLE
1785583362.2364273,-0.5445563439383534,1.0879120879120876,0.1978021978021971,34,31,ENABLE
1785583362.241426,-0.5380712596322574,1.2637362637362628,0.1978021978021971,34,31,ENABLE
1785583362.2464676,-0.5304417486839093,1.46153846153846,0.16263736263736206,34,31,ENABLE
1785583362.2514856,-0.5224307621881437,1.5274725274725256,0.1098901098901095,34,31,ENABLE
1785583362.256472,-0.5151827267872129,1.5054945054945037,0.10109890109890074,34,31,ENABLE
1785583362.2614222,-0.5079346913862821,1.439560439560438,0.11868131868131826,34,31,ENABLE
1785583362.266426,-0.5003051804379339,1.439560439560438,0.16263736263736206,34,31,ENABLE
1785583362.2714815,-0.4919127183947509,1.5934065934065913,0.16263736263736206,34,31,ENABLE
1785583362.2765663,-0.4831387808041505,1.7032967032967008,0.14505494505494454,34,31,ENABLE
1785583362.2814233,-0.4739833676661327,1.7472527472527446,0.13626373626373578,34,31,ENABLE
1785583362.2864223,-0.4652094300755323,1.7692307692307665,0.13626373626373578,34,31,ENABLE
1785583362.2914593,-0.45605401693751446,1.8131868131868103,0.12747252747252702,34,31,ENABLE
1785583362.2965255,-0.4461356527046618,1.879120879120876,0.11868131868131826,34,31,ENABLE
1785583362.301426,-0.436980239566644,1.879120879120876,0.13626373626373578,34,31,ENABLE
1785583362.3064482,-0.4274433508812088,1.879120879120876,0.1538461538461533,34,31,ENABLE
1785583362.3114603,-0.4171435111009387,1.9890109890109855,0.14505494505494454,34,31,ENABLE
1785583362.3164928,-0.40646219577325127,2.07692307692308,0.12747252747252702,34,31,ENABLE
1785583362.321473,-0.3961623559929812,2.07692307692308,0.12747252747252702,34,31,ENABLE
1785583362.3262095,-0.38586251621271117,2.120879120879124,0.12747252747252702,34,31,ENABLE
1785583362.3316088,-0.3740367742427715,2.142857142857146,0.12747252747252702,34,31,ENABLE
1785583362.3364878,-0.36373693446250144,2.164835164835168,0.13626373626373578,34,31,ENABLE
1785583362.3415256,-0.35267414358739657,2.142857142857146,0.1538461538461533,34,31,ENABLE
1785583362.346445,-0.3412298771648743,2.2307692307692335,0.14505494505494454,34,31,ENABLE
1785583362.3515413,-0.3294041351949346,2.296703296703299,0.13626373626373578,34,31,ENABLE
1785583362.3565025,-0.31834134431982974,2.296703296703299,0.13626373626373578,34,31,ENABLE
1785583362.3614857,-0.30651560234989006,2.340659340659343,0.13626373626373578,34,31,ENABLE
1785583362.3664546,-0.29430838483253297,2.4065934065934087,0.12747252747252702,34,31,ENABLE
1785583362.3715055,-0.2824826428625933,2.362637362637365,0.1538461538461533,34,31,ENABLE
1785583362.376484,-0.2702754253452362,2.384615384615387,0.1538461538461533,34,31,ENABLE
1785583362.3817005,-0.2576867322804617,2.4065934065934087,0.1538461538461533,34,31,ENABLE
1785583362.3864803,-0.24586099031052022,2.4065934065934087,0.16263736263736206,34,31,ENABLE
1785583362.3914697,-0.23327229724574572,2.4505494505494525,0.17142857142857082,34,31,ENABLE
1785583362.3964627,-0.22068360418097122,2.4945054945054963,0.18021978021977958,34,31,ENABLE
1785583362.4014864,-0.20847638666361412,2.4725274725274744,0.1978021978021971,34,31,ENABLE
1785583362.406463,-0.19588769359883962,2.4945054945054963,0.1978021978021971,34,31,ENABLE
1785583362.4114718,-0.1829175249866477,2.560439560439562,0.1978021978021971,34,31,ENABLE
1785583362.4164705,-0.1703288319218732,2.516483516483518,0.21538461538461462,34,31,ENABLE
1785583362.4214704,-0.15697718776226388,2.560439560439562,0.21538461538461462,34,31,ENABLE
1785583362.4264717,-0.14400701915007197,2.6263736263736277,0.21538461538461462,34,31,ENABLE
1785583362.4314692,-0.13103685053788006,2.604395604395606,0.21538461538461462,34,31,ENABLE
1785583362.4364653,-0.11768520637827073,2.6483516483516496,0.20659340659340586,34,31,ENABLE
1785583362.441473,-0.10471503776607882,2.6263736263736277,0.21538461538461462,34,31,ENABLE
1785583362.446462,-0.0913633936064695,2.582417582417584,0.25054945054944966,34,31,ENABLE
1785583362.4514794,-0.07839322499427759,2.582417582417584,0.2681318681318672,34,31,ENABLE
1785583362.4564626,-0.06580453192950309,2.53846153846154,0.32087912087911974,34,31,ENABLE
1785583362.4614894,-0.05359731441214599,2.4945054945054963,0.3736263736263723,34,31,ENABLE
1785583362.4664836,-0.04062714579995408,2.560439560439562,0.3912087912087898,34,31,ENABLE
1785583362.4715226,-0.027656977187762166,2.604395604395606,0.3912087912087898,34,31,ENABLE
1785583362.476465,-0.013923857480735435,2.6263736263736277,0.3736263736263723,34,31,ENABLE
1785583362.481498,-0.0005722133211261138,2.6703296703296715,0.347252747252746,34,31,ENABLE
1785583362.486466,0.012779430838483208,2.6703296703296715,0.33846153846153726,34,31,ENABLE
1785583362.4914584,0.02613107499809253,2.6483516483516496,0.3296703296703285,34,31,ENABLE
1785583362.4964626,0.03948271915770185,2.6703296703296715,0.32087912087911974,34,31,ENABLE
1785583362.5014482,0.05283436331731117,2.6703296703296715,0.3296703296703285,34,31,ENABLE
1785583362.5065084,0.06694895857175531,2.6703296703296715,0.32087912087911974,34,31,ENABLE
1785583362.5114746,0.08030060273136463,2.736263736263737,0.3032967032967022,34,31,ENABLE
1785583362.5164657,0.09365224689097396,2.6703296703296715,0.29450549450549346,34,31,ENABLE
1785583362.5214078,0.10738536659800069,2.6923076923076934,0.2593406593406584,34,31,ENABLE
1785583362.5264444,0.12111848630502742,2.736263736263737,0.2593406593406584,34,31,ENABLE
1785583362.5314822,0.13485160601205415,2.736263736263737,0.23296703296703214,34,31,ENABLE
1785583362.5364583,0.14858472571908088,2.758241758241759,0.21538461538461462,34,31,ENABLE
1785583362.5414681,0.1619363698786902,2.6923076923076934,0.21538461538461462,34,31,ENABLE
1785583362.5464768,0.1745250629434647,2.604395604395606,0.21538461538461462,34,31,ENABLE
1785583362.5514867,0.18825818265049143,2.604395604395606,0.21538461538461462,34,31,ENABLE
1785583362.556467,0.20122835126268335,2.6263736263736277,0.22417582417582338,34,31,ENABLE
1785583362.5614786,0.21457999542229267,2.6483516483516496,0.20659340659340586,34,31,ENABLE
1785583362.5664608,0.22755016403448458,2.6483516483516496,0.18901098901098834,34,31,ENABLE
1785583362.5715237,0.2405203326466765,2.582417582417584,0.18901098901098834,34,31,ENABLE
1785583362.576462,0.25272755016403536,2.516483516483518,0.18901098901098834,34,31,ENABLE
1785583362.581471,0.26531624322880987,2.516483516483518,0.18901098901098834,34,31,ENABLE
1785583362.5864725,0.27790493629358437,2.516483516483518,0.1978021978021971,34,31,ENABLE
1785583362.5914826,0.2904936293583589,2.53846153846154,0.17142857142857082,34,31,ENABLE
1785583362.5964804,0.3030823224231334,2.516483516483518,0.14505494505494454,34,31,ENABLE
1785583362.601392,0.31490806439307306,2.4285714285714306,0.1538461538461533,34,31,ENABLE
1785583362.6064653,0.32673380636301275,2.318681318681321,0.14505494505494454,34,31,ENABLE
1785583362.6114657,0.338178072785535,2.296703296703299,0.1538461538461533,34,31,ENABLE
1785583362.6164742,0.3496223392080573,2.296703296703299,0.16263736263736206,34,31,ENABLE
1785583362.6214654,0.361448081177997,2.340659340659343,0.16263736263736206,34,31,ENABLE
1785583362.6264865,0.37327382314793667,2.340659340659343,0.14505494505494454,34,31,ENABLE
1785583362.6314924,0.3839551384756241,2.2087912087912116,0.14505494505494454,34,31,ENABLE
1785583362.636467,0.3942549782558942,2.142857142857146,0.1538461538461533,34,31,ENABLE
1785583362.6414804,0.40531776913099904,2.120879120879124,0.1538461538461533,34,31,ENABLE
1785583362.6464632,0.4156176089112691,2.120879120879124,0.14505494505494454,34,31,ENABLE
1785583362.651541,0.42629892423895654,2.098901098901102,0.13626373626373578,34,31,ENABLE
1785583362.6564658,0.4362172884718092,2.0549450549450583,0.13626373626373578,34,31,ENABLE
1785583362.6614852,0.44689860379949664,2.0549450549450583,0.1098901098901095,34,31,ENABLE
1785583362.6665404,0.45643549248493187,1.9670329670329636,0.10109890109890074,34,31,ENABLE
1785583362.6715279,0.4655909056229497,1.857142857142854,0.1098901098901095,34,31,ENABLE
1785583362.676543,0.4743648432135501,1.7692307692307665,0.12747252747252702,34,31,ENABLE
1785583362.681549,0.48390173189898533,1.8131868131868103,0.11868131868131826,34,31,ENABLE
1785583362.6864781,0.49267566948958574,1.857142857142854,0.1098901098901095,34,31,ENABLE
1785583362.6914742,0.5014496070801862,1.7472527472527446,0.09230769230769198,34,31,ENABLE
1785583362.6964717,0.5098420691233692,1.681318681318679,0.09230769230769198,34,31,ENABLE
1785583362.701469,0.5178530556191348,1.659340659340657,0.07472527472527446,34,31,ENABLE
1785583362.7064757,0.5262455176623178,1.637362637362635,0.04835164835164818,34,31,ENABLE
1785583362.7114666,0.5334935530632485,1.5274725274725256,0.05714285714285694,34,31,ENABLE
1785583362.7164745,0.5407415884641793,1.46153846153846,0.07472527472527446,34,31,ENABLE
1785583362.721479,0.5476081483176927,1.3736263736263723,0.09230769230769198,34,31,ENABLE
1785583362.726479,0.5548561837186234,1.3956043956043942,0.08351648351648322,34,31,ENABLE
1785583362.7314742,0.5617227435721368,1.417582417582416,0.04835164835164818,34,31,ENABLE
1785583362.7364879,0.5682078278782328,1.3516483516483504,0.0219780219780219,34,31,ENABLE
1785583362.741462,0.5739299610894939,1.219780219780219,0.03076923076923066,34,31,ENABLE
1785583362.7464623,0.579652094300755,1.1098901098901095,0.05714285714285694,34,31,ENABLE
1785583362.7514944,0.5849927519645988,1.0879120879120876,0.07472527472527446,34,31,ENABLE
1785583362.7564871,0.5903334096284425,1.0659340659340657,0.0659340659340657,34,31,ENABLE
1785583362.7615268,0.5956740672922862,1.0659340659340657,0.04835164835164818,34,31,ENABLE
1785583362.7665246,0.6006332494087125,1.021978021978022,0.0219780219780219,34,31,ENABLE
1785583362.771489,0.6044480048828866,0.8681318681318686,0.03076923076923066,34,31,ENABLE
1785583362.7764652,0.6078812848096433,0.7142857142857153,0.07472527472527446,34,31,ENABLE
1785583362.781473,0.6109330891889826,0.6703296703296715,0.10109890109890074,34,31,ENABLE
1785583362.7865455,0.6147478446631567,0.6703296703296715,0.10109890109890074,34,31,ENABLE
1785583362.7914722,0.6181811245899134,0.7142857142857153,0.07472527472527446,34,31,ENABLE
1785583362.7964664,0.6219958800640875,0.7142857142857153,0.03076923076923066,34,31,ENABLE
1785583362.8014648,0.6246662088960093,0.5824175824175839,-0.00439560439560438,34,31,ENABLE
1785583362.8064725,0.6269550621805138,0.4945054945054963,-0.01318681318681314,34,31,ENABLE
1785583362.8114748,0.6288624399176008,0.4285714285714306,-0.01318681318681314,34,31,ENABLE
1785583362.8164732,0.6307698176546879,0.340659340659343,0.00439560439560438,34,31,ENABLE
1785583362.8214211,0.6319142442969401,0.3186813186813211,0.0219780219780219,34,31,ENABLE
1785583362.826473,0.6334401464866097,0.2527472527472554,0.00439560439560438,34,31,ENABLE
1785583362.8314655,0.6338216220340271,0.1648351648351678,0.01318681318681314,34,31,ENABLE
1785583362.8364577,0.6342030975814446,0.0769230769230802,0.03076923076923066,34,31,ENABLE
1785583362.8414662,0.6342030975814446,0.010989010989014503,0.03956043956043942,34,31,ENABLE
1785583362.846483,0.6338216220340271,-0.010989010989014503,0.03956043956043942,34,31,ENABLE
1785583362.8515542,0.6338216220340271,-0.0329670329670364,0.01318681318681314,34,31,ENABLE
1785583362.856469,0.6334401464866097,-0.0329670329670364,-0.01318681318681314,34,31,ENABLE
1785583362.8614662,0.6334401464866097,-0.0549450549450583,-0.0659340659340657,34,31,ENABLE
1785583362.8664682,0.6326771953917749,-0.0989010989011021,-0.10109890109890074,34,31,ENABLE
1785583362.8714743,0.6319142442969401,-0.1428571428571459,-0.1538461538461533,34,31,ENABLE
1785583362.8764715,0.6311512932021053,-0.1868131868131897,-0.18901098901098834,34,31,ENABLE
1785583362.881466,0.6296253910124356,-0.2527472527472554,-0.21538461538461462,34,31,ENABLE
1785583362.8864884,0.6277180132753486,-0.340659340659343,-0.2417582417582409,34,31,ENABLE
1785583362.891468,0.6254291599908441,-0.4725274725274744,-0.2417582417582409,34,31,ENABLE
1785583362.8964832,0.6223773556115049,-0.5384615384615401,-0.22417582417582338,34,31,ENABLE
1785583362.9014628,0.6193255512321656,-0.6263736263736277,-0.21538461538461462,34,31,ENABLE
1785583362.906565,0.6155107957579915,-0.6923076923076934,-0.20659340659340586,34,31,ENABLE
1785583362.9114654,0.6116960402838174,-0.7362637362637372,-0.1978021978021971,34,31,ENABLE
1785583362.9164708,0.6074998092622259,-0.8021978021978029,-0.18901098901098834,34,31,ENABLE
1785583362.921464,0.602922102693217,-0.8901098901098905,-0.18021978021977958,34,31,ENABLE
1785583362.9264612,0.5975814450293733,-1.0,-0.14505494505494454,34,31,ENABLE
1785583362.9314804,0.5922407873655295,-1.0659340659340657,-0.14505494505494454,34,31,ENABLE
1785583362.9364698,0.5869001297016858,-1.0659340659340657,-0.14505494505494454,34,31,ENABLE
1785583362.9414625,0.5819409475852595,-1.0439560439560438,-0.18901098901098834,34,31,ENABLE
1785583362.9464662,0.5762188143739984,-1.0879120879120876,-0.23296703296703214,34,31,ENABLE
1785583362.951518,0.5701152056153198,-1.197802197802197,-0.23296703296703214,34,31,ENABLE
1785583362.9565418,0.562867170214389,-1.3516483516483504,-0.20659340659340586,34,31,ENABLE
1785583362.9614801,0.5556191348134583,-1.4835164835164818,-0.17142857142857082,34,31,ENABLE
1785583362.9664671,0.5483710994125275,-1.4835164835164818,-0.13626373626373578,34,31,ENABLE
1785583362.9714878,0.5411230640115967,-1.439560439560438,-0.1538461538461533,34,31,ENABLE
1785583362.9764724,0.5338750286106659,-1.439560439560438,-0.18021978021977958,34,31,ENABLE
1785583362.9814756,0.5258640421149003,-1.5494505494505475,-0.18901098901098834,34,31,ENABLE
1785583362.9864614,0.5170901045242999,-1.659340659340657,-0.17142857142857082,34,31,ENABLE
1785583362.9914966,0.5083161669336995,-1.7252747252747227,-0.16263736263736206,34,31,ENABLE
1785583362.9964743,0.5003051804379339,-1.7032967032967008,-0.17142857142857082,34,31,ENABLE
1785583363.0014658,0.4911497672999161,-1.7692307692307665,-0.18021978021977958,34,31,ENABLE
1785583363.0064828,0.4819943541618983,-1.857142857142854,-0.17142857142857082,34,31,ENABLE
1785583363.01146,0.47207598992904565,-1.9230769230769198,-0.16263736263736206,34,31,ENABLE
1785583363.0165665,0.4625391012436104,-1.9230769230769198,-0.17142857142857082,34,31,ENABLE
1785583363.0214832,0.4530022125581752,-1.9450549450549417,-0.18021978021977958,34,31,ENABLE
1785583363.026458,0.44270237277790514,-2.07692307692308,-0.1538461538461533,34,31,ENABLE
1785583363.0314822,0.4320210574502177,-2.07692307692308,-0.1538461538461533,34,31,ENABLE
1785583363.0365362,0.42172121766994763,-2.07692307692308,-0.16263736263736206,34,31,ENABLE
1785583363.0415432,0.41065842679484277,-2.120879120879124,-0.17142857142857082,34,31,ENABLE
1785583363.0464685,0.3999771114671553,-2.1868131868131897,-0.17142857142857082,34,31,ENABLE
1785583363.0514839,0.38891432059205044,-2.1868131868131897,-0.18021978021977958,34,31,ENABLE
1785583363.0564814,0.37747005416952817,-2.2307692307692335,-0.18901098901098834,34,31,ENABLE
1785583363.0614755,0.3660257877470059,-2.318681318681321,-0.17142857142857082,34,31,ENABLE
1785583363.0664687,0.3542000457770662,-2.362637362637365,-0.17142857142857082,34,31,ENABLE
1785583363.0714269,0.3423743038071265,-2.384615384615387,-0.17142857142857082,34,31,ENABLE
1785583363.076469,0.33016708628976943,-2.4285714285714306,-0.1538461538461533,34,31,ENABLE
1785583363.0814672,0.31795986877241234,-2.4505494505494525,-0.16263736263736206,34,31,ENABLE
1785583363.0864258,0.30575265125505524,-2.4505494505494525,-0.17142857142857082,34,31,ENABLE
1785583363.0914652,0.29316395819028074,-2.4945054945054963,-0.17142857142857082,34,31,ENABLE
1785583363.0964592,0.28057526512550623,-2.516483516483518,-0.17142857142857082,34,31,ENABLE
1785583363.1014836,0.2676050965133143,-2.560439560439562,-0.18901098901098834,34,31,ENABLE
1785583363.1065052,0.2546349279011224,-2.604395604395606,-0.17142857142857082,34,31,ENABLE
1785583363.111474,0.24166475928892872,-2.6263736263736277,-0.18021978021977958,34,31,ENABLE
1785583363.1165318,0.2283131151293194,-2.6263736263736277,-0.18021978021977958,34,31,ENABLE
1785583363.1214821,0.2153429465171275,-2.6483516483516496,-0.17142857142857082,34,31,ENABLE
1785583363.1264842,0.20199130235751817,-2.6703296703296715,-0.18021978021977958,34,31,ENABLE
1785583363.1314619,0.18863965819790884,-2.6703296703296715,-0.18021978021977958,34,31,ENABLE
1785583363.1364706,0.1745250629434647,-2.758241758241759,-0.17142857142857082,34,31,ENABLE
1785583363.1414766,0.16079194323643797,-2.736263736263737,-0.17142857142857082,34,31,ENABLE
1785583363.1464748,0.14744029907682865,-2.736263736263737,-0.17142857142857082,34,31,ENABLE
1785583363.1515274,0.1333257038223845,-2.780219780219781,-0.17142857142857082,34,31,ENABLE
1785583363.1564615,0.11959258411535778,-2.736263736263737,-0.18901098901098834,34,31,ENABLE
1785583363.1614769,0.10547798886091364,-2.8681318681318686,-0.16263736263736206,34,31,ENABLE
1785583363.1665056,0.09098191805905209,-2.8901098901098905,-0.13626373626373578,34,31,ENABLE
1785583363.1714678,0.07610437170977313,-2.9340659340659343,-0.1098901098901095,34,31,ENABLE
1785583363.1765013,0.061226825360494175,-2.978021978021978,-0.07472527472527446,34,31,ENABLE
1785583363.1814964,0.046730754558632626,-2.9340659340659343,-0.04835164835164818,34,31,ENABLE
1785583363.1864731,0.032616159304188486,-2.8681318681318686,-0.04835164835164818,34,31,ENABLE
1785583363.191468,0.018501564049744346,-2.824175824175825,-0.08351648351648322,34,31,ENABLE
1785583363.1964715,0.005149919890135024,-2.758241758241759,-0.14505494505494454,34,31,ENABLE
1785583363.201447,-0.009346150911726525,-2.802197802197803,-0.1538461538461533,34,31,ENABLE
1785583363.2064893,-0.023842221713588074,-2.8901098901098905,-0.14505494505494454,34,31,ENABLE
1785583363.2114463,-0.037956816968032214,-2.8901098901098905,-0.12747252747252702,34,31,ENABLE
1785583363.2164621,-0.05245288776989376,-2.8901098901098905,-0.1098901098901095,34,31,ENABLE
1785583363.2214227,-0.0661860074769205,-2.780219780219781,-0.14505494505494454,34,31,ENABLE
1785583363.2265368,-0.08030060273136463,-2.824175824175825,-0.14505494505494454,34,31,ENABLE
1785583363.2314835,-0.09403372243839137,-2.802197802197803,-0.16263736263736206,34,31,ENABLE
1785583363.2364824,-0.1077668421454181,-2.802197802197803,-0.16263736263736206,34,31,ENABLE
1785583363.241471,-0.12226291294727964,-2.8461538461538467,-0.14505494505494454,34,31,ENABLE
1785583363.2465093,-0.1367589837491412,-2.8901098901098905,-0.13626373626373578,34,31,ENABLE
1785583363.2514813,-0.15087357900358533,-2.8681318681318686,-0.1098901098901095,34,31,ENABLE
1785583363.2564464,-0.16498817425802947,-2.8461538461538467,-0.07472527472527446,34,31,ENABLE
1785583363.261422,-0.1783398184176388,-2.780219780219781,-0.0659340659340657,34,31,ENABLE
1785583363.266425,-0.19283588921950034,-2.824175824175825,-0.05714285714285694,34,31,ENABLE
1785583363.2714672,-0.20656900892652708,-2.802197802197803,-0.05714285714285694,34,31,ENABLE
1785583363.2764883,-0.2203021286335538,-2.780219780219781,-0.04835164835164818,34,31,ENABLE
1785583363.2814589,-0.23441672388799795,-2.758241758241759,-0.03076923076923066,34,31,ENABLE
1785583363.2864268,-0.24776836804760727,-2.736263736263737,-0.0219780219780219,34,31,ENABLE
1785583363.2914226,-0.26073853665980096,-2.6703296703296715,-0.01318681318681314,34,31,ENABLE
1785583363.2964797,-0.2740901808194103,-2.6703296703296715,-0.01318681318681314,34,31,ENABLE
1785583363.3014605,-0.2870603494316022,-2.6263736263736277,-0.0219780219780219,34,31,ENABLE
1785583363.3063822,-0.3000305180437941,-2.6263736263736277,-0.0219780219780219,34,31,ENABLE
1785583363.3114789,-0.3133821622034034,-2.6263736263736277,-0.00439560439560438,34,31,ENABLE
1785583363.3164222,-0.3255893797207605,-2.516483516483518,-0.00439560439560438,34,31,ENABLE
1785583363.3214247,-0.3377965972381176,-2.4945054945054963,-0.01318681318681314,34,31,ENABLE
1785583363.3264184,-0.3500038147554747,-2.4725274725274744,-0.01318681318681314,34,31,ENABLE
1785583363.331476,-0.361448081177997,-2.384615384615387,-0.03956043956043942,34,31,ENABLE
1785583363.336595,-0.37327382314793667,-2.318681318681321,-0.03956043956043942,34,31,ENABLE
1785583363.3415217,-0.38471808957045894,-2.318681318681321,-0.03956043956043942,34,31,ENABLE
1785583363.3465312,-0.3961623559929812,-2.296703296703299,-0.04835164835164818,34,31,ENABLE
1785583363.3515322,-0.4072251468680861,-2.2307692307692335,-0.03956043956043942,34,31,ENABLE
1785583363.3565395,-0.41790646219577354,-2.1868131868131897,-0.04835164835164818,34,31,ENABLE
1785583363.3615963,-0.428587777523461,-2.120879120879124,-0.0659340659340657,34,31,ENABLE
1785583363.3665113,-0.43850614175631364,-2.0549450549450583,-0.08351648351648322,34,31,ENABLE
1785583363.3716762,-0.4488059815365837,-2.0549450549450583,-0.10109890109890074,34,31,ENABLE
1785583363.3767831,-0.45910582131685373,-2.0329670329670364,-0.09230769230769198,34,31,ENABLE
1785583363.3812516,-0.46787975890745415,-1.9890109890109855,-0.09230769230769198,34,31,ENABLE
1785583363.386079,-0.47703517204547197,-1.901098901098898,-0.09230769230769198,34,31,ENABLE
1785583363.391261,-0.4865720607309072,-1.901098901098898,-0.10109890109890074,34,31,ENABLE
1785583363.39629,-0.4953459983215076,-1.7912087912087884,-0.1098901098901095,34,31,ENABLE
1785583363.4012473,-0.5037384603646906,-1.7252747252747227,-0.12747252747252702,34,31,ENABLE
1785583363.4062512,-0.5117494468604562,-1.659340659340657,-0.16263736263736206,34,31,ENABLE
1785583363.4112957,-0.5197604333562218,-1.6153846153846132,-0.17142857142857082,34,31,ENABLE
1785583363.416318,-0.5277714198519874,-1.637362637362635,-0.16263736263736206,34,31,ENABLE
1785583363.421246,-0.5354009308003356,-1.5714285714285694,-0.12747252747252702,34,31,ENABLE
1785583363.4262426,-0.5418860151064315,-1.3956043956043942,-0.10109890109890074,34,31,ENABLE
1785583363.43125,-0.5472266727702753,-1.219780219780219,-0.10109890109890074,34,31,ENABLE
1785583363.436245,-0.5514229037918668,-1.0,-0.11868131868131826,34,31,ENABLE
1785583363.4412415,-0.5556191348134583,-0.8901098901098905,-0.14505494505494454,34,31,ENABLE
1785583363.4462385,-0.5598153658350498,-0.8461538461538467,-0.16263736263736206,34,31,ENABLE
1785583363.451263,-0.5636301213092239,-0.8461538461538467,-0.13626373626373578,34,31,ENABLE
1785583363.456235,-0.5670634012359805,-0.7582417582417591,-0.13626373626373578,34,31,ENABLE
1785583363.46129,-0.569352254520485,-0.5384615384615401,-0.1538461538461533,34,31,ENABLE
1785583363.4662464,-0.5708781567101546,-0.4065934065934087,-0.1978021978021971,34,31,ENABLE
1785583363.4712472,-0.5720225833524069,-0.2967032967032992,-0.25054945054944966,34,31,ENABLE
1785583363.4762406,-0.5739299610894939,-0.340659340659343,-0.29450549450549346,34,31,ENABLE
1785583363.4812353,-0.5754558632791635,-0.3186813186813211,-0.2857142857142847,34,31,ENABLE
1785583363.486243,-0.5773632410162506,-0.3846153846153868,-0.2681318681318672,34,31,ENABLE
1785583363.4912455,-0.5792706187533376,-0.3626373626373649,-0.23296703296703214,34,31,ENABLE
1785583363.4962268,-0.5800335698481724,-0.2307692307692335,-0.22417582417582338,34,31,ENABLE
1785583363.5012681,-0.5807965209430073,-0.2307692307692335,-0.2417582417582409,34,31,ENABLE
1785583363.5062394,-0.5823224231326769,-0.2967032967032992,-0.22417582417582338,34,31,ENABLE
1785583363.5112667,-0.5838483253223465,-0.2747252747252773,-0.18901098901098834,34,31,ENABLE
1785583363.516481,-0.5853742275120162,-0.2747252747252773,-0.17142857142857082,34,31,ENABLE
1785583363.5214546,-0.5865186541542684,-0.2527472527472554,-0.14505494505494454,34,31,ENABLE
1785583363.5262377,-0.5869001297016858,-0.1648351648351678,-0.14505494505494454,34,31,ENABLE
1785583363.5312474,-0.5872816052491032,-0.1428571428571459,-0.16263736263736206,34,31,ENABLE
1785583363.5362194,-0.5876630807965206,-0.0989010989011021,-0.18021978021977958,34,31,ENABLE
1785583363.5412211,-0.5888075074387729,-0.1428571428571459,-0.17142857142857082,34,31,ENABLE
1785583363.5462356,-0.5903334096284425,-0.2967032967032992,-0.12747252747252702,34,31,ENABLE
1785583363.5512562,-0.5918593118181121,-0.2527472527472554,-0.05714285714285694,34,31,ENABLE
1785583363.5562437,-0.5922407873655295,-0.1868131868131897,-0.03956043956043942,34,31,ENABLE
1785583363.5612442,-0.5922407873655295,-0.0769230769230802,-0.0659340659340657,34,31,ENABLE
1785583363.5662186,-0.592622262912947,-0.0549450549450583,-0.10109890109890074,34,31,ENABLE
1785583363.5712368,-0.592622262912947,-0.0549450549450583,-0.11868131868131826,34,31,ENABLE
1785583363.5762403,-0.5933852140077818,-0.0989010989011021,-0.11868131868131826,34,31,ENABLE
1785583363.5812554,-0.5941481651026166,-0.1428571428571459,-0.1098901098901095,34,31,ENABLE
1785583363.5864851,-0.5941481651026166,-0.0989010989011021,-0.09230769230769198,34,31,ENABLE
1785583363.5914717,-0.594529640650034,-0.0769230769230802,-0.07472527472527446,34,31,ENABLE
1785583363.5962532,-0.594529640650034,-0.0329670329670364,-0.03956043956043942,34,31,ENABLE
1785583363.6012428,-0.5937666895551992,0.0769230769230802,0.0219780219780219,34,31,ENABLE
1785583363.6062365,-0.5930037384603644,0.1648351648351678,0.0659340659340657,34,31,ENABLE
1785583363.6111987,-0.5918593118181121,0.1648351648351678,0.11868131868131826,34,31,ENABLE
1785583363.6162398,-0.5903334096284425,0.2747252747252773,0.17142857142857082,34,31,ENABLE
1785583363.6212366,-0.5876630807965206,0.4285714285714306,0.1978021978021971,34,31,ENABLE
1785583363.626238,-0.584229800869764,0.5824175824175839,0.22417582417582338,34,31,ENABLE
1785583363.631263,-0.5800335698481724,0.780219780219781,0.1978021978021971,34,31,ENABLE
1785583363.6362598,-0.5750743877317461,0.9340659340659343,0.1538461538461533,34,31,ENABLE
1785583363.6412363,-0.5701152056153198,1.0,0.1098901098901095,34,31,ENABLE
1785583363.6462147,-0.5643930724040587,1.0879120879120876,0.08351648351648322,34,31,ENABLE
1785583363.651247,-0.5586709391927975,1.1098901098901095,0.09230769230769198,34,31,ENABLE
1785583363.6562347,-0.5537117570763712,1.0439560439560438,0.13626373626373578,34,31,ENABLE
1785583363.6612647,-0.5476081483176927,1.1318681318681314,0.18021978021977958,34,31,ENABLE
1785583363.6662562,-0.5411230640115967,1.241758241758241,0.21538461538461462,34,31,ENABLE
1785583363.6712615,-0.5331120775158311,1.439560439560438,0.18901098901098834,34,31,ENABLE
1785583363.6762373,-0.5247196154726481,1.5934065934065913,0.12747252747252702,34,31,ENABLE
1785583363.6812582,-0.5167086289768825,1.5934065934065913,0.10109890109890074,34,31,ENABLE
1785583363.6862385,-0.5090791180285343,1.5274725274725256,0.1098901098901095,34,31,ENABLE
1785583363.6912153,-0.5010681315327687,1.5714285714285694,0.14505494505494454,34,31,ENABLE
1785583363.6961915,-0.4919127183947509,1.7032967032967008,0.16263736263736206,34,31,ENABLE
1785583363.7012444,-0.4823758297093157,1.8351648351648322,0.1538461538461533,34,31,ENABLE
1785583363.7064843,-0.47207598992904565,1.901098901098898,0.13626373626373578,34,31,ENABLE
1785583363.7115715,-0.462157625696193,1.9450549450549417,0.12747252747252702,34,31,ENABLE
1785583363.7162704,-0.4526207370107578,2.0109890109890145,0.1098901098901095,34,31,ENABLE
1785583363.721246,-0.44232089723048773,2.0109890109890145,0.1098901098901095,34,31,ENABLE
1785583363.7264469,-0.4316395819028003,2.0109890109890145,0.13626373626373578,34,31,ENABLE
1785583363.7312446,-0.42172121766994763,2.07692307692308,0.14505494505494454,34,31,ENABLE
1785583363.736249,-0.41027695124742536,2.1868131868131897,0.13626373626373578,34,31,ENABLE
1785583363.7413158,-0.3988326848249031,2.2527472527472554,0.14505494505494454,34,31,ENABLE
1785583363.7462425,-0.3873884184023808,2.296703296703299,0.14505494505494454,34,31,ENABLE
1785583363.7512643,-0.3751812008850237,2.362637362637365,0.1098901098901095,34,31,ENABLE
1785583363.7562392,-0.36335545891508403,2.384615384615387,0.11868131868131826,34,31,ENABLE
1785583363.7612848,-0.35114824139772693,2.362637362637365,0.13626373626373578,34,31,ENABLE
1785583363.7662647,-0.33894102388036984,2.4725274725274744,0.12747252747252702,34,31,ENABLE
1785583363.771236,-0.32635233081559534,2.4725274725274744,0.14505494505494454,34,31,ENABLE
1785583363.7762375,-0.31376363775082083,2.4945054945054963,0.1538461538461533,34,31,ENABLE
1785583363.781502,-0.3004119935912115,2.53846153846154,0.14505494505494454,34,31,ENABLE
1785583363.78626,-0.287823300526437,2.560439560439562,0.1538461538461533,34,31,ENABLE
1785583363.7912636,-0.2752346074616625,2.582417582417584,0.17142857142857082,34,31,ENABLE
1785583363.7964873,-0.2615014877546358,2.604395604395606,0.16263736263736206,34,31,ENABLE
1785583363.8014915,-0.24814984359502468,2.6483516483516496,0.18021978021977958,34,31,ENABLE
1785583363.8062932,-0.23479819943541536,2.6483516483516496,0.17142857142857082,34,31,ENABLE
1785583363.8112612,-0.22144655527580603,2.6703296703296715,0.18901098901098834,34,31,ENABLE
1785583363.8162477,-0.2077134355687793,2.7142857142857153,0.20659340659340586,34,31,ENABLE
1785583363.8212602,-0.19398031586175257,2.736263736263737,0.20659340659340586,34,31,ENABLE
1785583363.8262606,-0.18024719615472584,2.780219780219781,0.20659340659340586,34,31,ENABLE
1785583363.8312473,-0.1661326009002817,2.758241758241759,0.22417582417582338,34,31,ENABLE
1785583363.8362567,-0.15163653009842015,2.8461538461538467,0.21538461538461462,34,31,ENABLE
1785583363.841247,-0.13790341039139342,2.824175824175825,0.23296703296703214,34,31,ENABLE
1785583363.8462417,-0.12340733958953187,2.8461538461538467,0.22417582417582338,34,31,ENABLE
1785583363.8512604,-0.10929274433508773,2.824175824175825,0.23296703296703214,34,31,ENABLE
1785583363.8562384,-0.09479667353322618,2.824175824175825,0.2681318681318672,34,31,ENABLE
1785583363.8612435,-0.08068207827878204,2.8461538461538467,0.2857142857142847,34,31,ENABLE
1785583363.8662426,-0.06694895857175531,2.780219780219781,0.347252747252746,34,31,ENABLE
1785583363.87125,-0.05321583886472858,2.758241758241759,0.3999999999999986,34,31,ENABLE
1785583363.8762417,-0.03948271915770185,2.780219780219781,0.3999999999999986,34,31,ENABLE
1785583363.8812346,-0.024986648355840302,2.802197802197803,0.4175824175824161,34,31,ENABLE
1785583363.886256,-0.010490577553978753,2.8901098901098905,0.3912087912087898,34,31,ENABLE
1785583363.8912466,0.004386968795300206,2.9340659340659343,0.38241758241758106,34,31,ENABLE
1785583363.896493,0.019645990691996573,2.9340659340659343,0.3560439560439548,34,31,ENABLE
1785583363.9014964,0.03414206149385812,2.8901098901098905,0.32087912087911974,34,31,ENABLE
1785583363.9062958,0.04825665674830226,2.9120879120879124,0.3296703296703285,34,31,ENABLE
1785583363.9112835,0.06313420309758122,2.9340659340659343,0.32087912087911974,34,31,ENABLE
1785583363.9162443,0.07801174944686018,2.956043956043956,0.312087912087911,34,31,ENABLE
1785583363.9212525,0.09250782024872173,2.956043956043956,0.312087912087911,34,31,ENABLE
1785583363.9262438,0.1077668421454181,2.978021978021978,0.2681318681318672,34,31,ENABLE
1785583363.9312418,0.12264438849469705,2.978021978021978,0.23296703296703214,34,31,ENABLE
1785583363.9362385,0.137521934843976,2.956043956043956,0.22417582417582338,34,31,ENABLE
1785583363.9412394,0.15239948119325497,2.978021978021978,0.22417582417582338,34,31,ENABLE
1785583363.946236,0.1665140764476991,2.8901098901098905,0.23296703296703214,34,31,ENABLE
1785583363.9512582,0.18062867170214325,2.824175824175825,0.22417582417582338,34,31,ENABLE
1785583363.9562733,0.1951247425040048,2.8681318681318686,0.22417582417582338,34,31,ENABLE
1785583363.9612384,0.20962081330586635,2.8461538461538467,0.22417582417582338,34,31,ENABLE
1785583363.9662404,0.2237354085603105,2.8901098901098905,0.20659340659340586,34,31,ENABLE
1785583363.9712563,0.23785000381475463,2.758241758241759,0.1978021978021971,34,31,ENABLE
1785583363.9762447,0.2512016479743657,2.7142857142857153,0.20659340659340586,34,31,ENABLE
1785583363.9812346,0.26455329213397505,2.736263736263737,0.20659340659340586,34,31,ENABLE
1785583363.9862363,0.2782864118410018,2.6923076923076934,0.20659340659340586,34,31,ENABLE
1785583363.9912417,0.2920195315480285,2.6923076923076934,0.18901098901098834,34,31,ENABLE
1785583363.99624,0.30575265125505524,2.6703296703296715,0.18021978021977958,34,31,ENABLE
1785583364.0013824,0.31872281986724715,2.604395604395606,0.18021978021977958,34,31,ENABLE
1785583364.0062652,0.33131151293202166,2.560439560439562,0.16263736263736206,34,31,ENABLE
1785583364.0112379,0.34390020599679616,2.53846153846154,0.16263736263736206,34,31,ENABLE
1785583364.0161848,0.35610742351415325,2.560439560439562,0.17142857142857082,34,31,ENABLE
1785583364.0212607,0.36907759212634517,2.516483516483518,0.1538461538461533,34,31,ENABLE
1785583364.0262578,0.38128480964370226,2.4945054945054963,0.14505494505494454,34,31,ENABLE
1785583364.031238,0.39272907606622454,2.340659340659343,0.14505494505494454,34,31,ENABLE
1785583364.0362504,0.4041733424887468,2.2747252747252773,0.14505494505494454,34,31,ENABLE
1785583364.0412548,0.4156176089112691,2.296703296703299,0.13626373626373578,34,31,ENABLE
1785583364.0462446,0.42706187533379136,2.2747252747252773,0.14505494505494454,34,31,ENABLE
1785583364.051237,0.43812466620889623,2.2087912087912116,0.12747252747252702,34,31,ENABLE
1785583364.0562665,0.4491874570840011,2.2307692307692335,0.1098901098901095,34,31,ENABLE
1785583364.0612626,0.45948729686427114,2.142857142857146,0.10109890109890074,34,31,ENABLE
1785583364.0662365,0.4690241855497064,2.0109890109890145,0.1098901098901095,34,31,ENABLE
1785583364.0712535,0.478942549782559,1.9230769230769198,0.1098901098901095,34,31,ENABLE
1785583364.076264,0.48886091401541165,2.0109890109890145,0.10109890109890074,34,31,ENABLE
1785583364.0812662,0.4983978027008469,1.879120879120876,0.10109890109890074,34,31,ENABLE
1785583364.0862782,0.5075532158388647,1.857142857142854,0.10109890109890074,34,31,ENABLE
1785583364.0912583,0.5163271534294651,1.7912087912087884,0.08351648351648322,34,31,ENABLE
1785583364.096261,0.5251010910200655,1.7692307692307665,0.08351648351648322,34,31,ENABLE
1785583364.1012645,0.5331120775158311,1.659340659340657,0.09230769230769198,34,31,ENABLE
1785583364.1062322,0.5403601129167619,1.5274725274725256,0.1098901098901095,34,31,ENABLE
1785583364.111243,0.5483710994125275,1.5494505494505475,0.1098901098901095,34,31,ENABLE
1785583364.116262,0.5560006103608757,1.5714285714285694,0.08351648351648322,34,31,ENABLE
1785583364.1212618,0.5636301213092239,1.5054945054945037,0.03956043956043942,34,31,ENABLE
1785583364.1262772,0.5704966811627372,1.3736263736263723,0.0219780219780219,34,31,ENABLE
1785583364.1312566,0.5762188143739984,1.2637362637362628,0.03956043956043942,34,31,ENABLE
1785583364.1362383,0.5819409475852595,1.1538461538461533,0.0659340659340657,34,31,ENABLE
1785583364.1415384,0.588044556343938,1.1318681318681314,0.07472527472527446,34,31,ENABLE
1785583364.1464841,0.5937666895551992,1.1538461538461533,0.04835164835164818,34,31,ENABLE
1785583364.151283,0.5991073472190429,1.1098901098901095,0.01318681318681314,34,31,ENABLE
1785583364.1562486,0.6036850537880518,0.9560439560439562,0.00439560439560438,34,31,ENABLE
1785583364.161258,0.6074998092622259,0.8021978021978029,0.03076923076923066,34,31,ENABLE
1785583364.1662776,0.6105516136415652,0.6923076923076934,0.07472527472527446,34,31,ENABLE
1785583364.171279,0.6139848935683219,0.6703296703296715,0.10109890109890074,34,31,ENABLE
1785583364.176281,0.617799649042496,0.6923076923076934,0.07472527472527446,34,31,ENABLE
1785583364.1812606,0.62161440451667,0.7362637362637372,0.03076923076923066,34,31,ENABLE
1785583364.1862397,0.6246662088960093,0.6263736263736277,-0.0219780219780219,34,31,ENABLE
1785583364.1912622,0.6273365377279312,0.560439560439562,-0.04835164835164818,34,31,ENABLE
1785583364.1962333,0.6292439154650182,0.4505494505494525,-0.04835164835164818,34,31,ENABLE
1785583364.2012467,0.6303883421072705,0.2967032967032992,-0.03076923076923066,34,31,ENABLE
1785583364.2062416,0.6315327687495227,0.2527472527472554,-0.01318681318681314,34,31,ENABLE
1785583364.2112584,0.6326771953917749,0.2087912087912116,-0.01318681318681314,34,31,ENABLE
1785583364.216247,0.6330586709391923,0.1428571428571459,-0.01318681318681314,34,31,ENABLE
1785583364.2212718,0.6330586709391923,0.0329670329670364,-0.01318681318681314,34,31,ENABLE
1785583364.2262573,0.6326771953917749,-0.0329670329670364,-0.0219780219780219,34,31,ENABLE
1785583364.2312517,0.6326771953917749,-0.0549450549450583,-0.03956043956043942,34,31,ENABLE
1785583364.2362828,0.6326771953917749,-0.0549450549450583,-0.08351648351648322,34,31,ENABLE
1785583364.2412596,0.6319142442969401,-0.0769230769230802,-0.13626373626373578,34,31,ENABLE
1785583364.2462478,0.6311512932021053,-0.1428571428571459,-0.18021978021977958,34,31,ENABLE
1785583364.2512805,0.630006866559853,-0.2307692307692335,-0.21538461538461462,34,31,ENABLE
1785583364.2562501,0.628099488822766,-0.2967032967032992,-0.2417582417582409,34,31,ENABLE
1785583364.2612543,0.626192111085679,-0.4065934065934087,-0.2593406593406584,34,31,ENABLE
1785583364.266284,0.6235217822537571,-0.4725274725274744,-0.2593406593406584,34,31,ENABLE
1785583364.2712588,0.6204699778744178,-0.5824175824175839,-0.2681318681318672,34,31,ENABLE
1785583364.2762325,0.6170366979476611,-0.6703296703296715,-0.2593406593406584,34,31,ENABLE
1785583364.2812352,0.6128404669260696,-0.780219780219781,-0.2593406593406584,34,31,ENABLE
1785583364.2862377,0.6082627603570607,-0.8681318681318686,-0.22417582417582338,34,31,ENABLE
1785583364.291253,0.6033035782406344,-0.9560439560439562,-0.21538461538461462,34,31,ENABLE
1785583364.29626,0.5975814450293733,-1.0659340659340657,-0.18901098901098834,34,31,ENABLE
1785583364.3012521,0.5918593118181121,-1.1318681318681314,-0.17142857142857082,34,31,ENABLE
1785583364.306235,0.5865186541542684,-1.1318681318681314,-0.18021978021977958,34,31,ENABLE
1785583364.311252,0.5807965209430073,-1.1538461538461533,-0.21538461538461462,34,31,ENABLE
1785583364.3162534,0.5746929121843287,-1.197802197802197,-0.2417582417582409,34,31,ENABLE
1785583364.321366,0.567444876783398,-1.3296703296703285,-0.2417582417582409,34,31,ENABLE
1785583364.3263862,0.5594338902876324,-1.5054945054945037,-0.20659340659340586,34,31,ENABLE
1785583364.3297987,0.5540932326237886,-1.5274725274725256,-0.1978021978021971,34,31,ENABLE
1785583364.3347983,0.546082246128023,-1.5714285714285694,-0.20659340659340586,34,31,ENABLE
1785583364.3414783,0.5354009308003356,-1.637362637362635,-0.21538461538461462,34,31,ENABLE
1785583364.346492,0.5266269932097352,-1.7252747252747227,-0.18901098901098834,34,31,ENABLE
1785583364.3515468,0.5174715800717173,-1.8131868131868103,-0.16263736263736206,34,31,ENABLE
1785583364.3565583,0.5083161669336995,-1.8351648351648322,-0.16263736263736206,34,31,ENABLE
1785583364.3612611,0.4999237048905165,-1.8351648351648322,-0.18901098901098834,34,31,ENABLE
1785583364.3662453,0.4903868162050813,-1.879120879120876,-0.20659340659340586,34,31,ENABLE
1785583364.3712776,0.47970550087739383,-2.0329670329670364,-0.1978021978021971,34,31,ENABLE
1785583364.376263,0.4697871366445412,-2.0329670329670364,-0.18901098901098834,34,31,ENABLE
1785583364.3812838,0.45910582131685373,-2.098901098901102,-0.18901098901098834,34,31,ENABLE
1785583364.3862805,0.44804303044174887,-2.1868131868131897,-0.17142857142857082,34,31,ENABLE
1785583364.3912628,0.436980239566644,-2.2307692307692335,-0.16263736263736206,34,31,ENABLE
1785583364.396281,0.4255359731441217,-2.2747252747252773,-0.17142857142857082,34,31,ENABLE
1785583364.401282,0.41409170672159945,-2.2747252747252773,-0.18021978021977958,34,31,ENABLE
1785583364.4062722,0.40226596475165977,-2.340659340659343,-0.18021978021977958,34,31,ENABLE
1785583364.4112275,0.39005874723430267,-2.384615384615387,-0.18021978021977958,34,31,ENABLE
1785583364.4162335,0.3778515297169456,-2.4285714285714306,-0.18021978021977958,34,31,ENABLE
1785583364.421299,0.3652628366521711,-2.4945054945054963,-0.16263736263736206,34,31,ENABLE
1785583364.4262824,0.35267414358739657,-2.4945054945054963,-0.17142857142857082,34,31,ENABLE
1785583364.4312608,0.33970397497520466,-2.560439560439562,-0.18021978021977958,34,31,ENABLE
1785583364.4362836,0.32635233081559534,-2.6703296703296715,-0.17142857142857082,34,31,ENABLE
1785583364.4412608,0.313000686655986,-2.6923076923076934,-0.16263736263736206,34,31,ENABLE
1785583364.4462926,0.2992675669489593,-2.6923076923076934,-0.1538461538461533,34,31,ENABLE
1785583364.4512837,0.28553444724193255,-2.736263736263737,-0.14505494505494454,34,31,ENABLE
1785583364.4562833,0.2718013275349058,-2.780219780219781,-0.17142857142857082,34,31,ENABLE
1785583364.4612446,0.2584496833752965,-2.758241758241759,-0.18021978021977958,34,31,ENABLE
1785583364.4662852,0.24395361257343318,-2.824175824175825,-0.18021978021977958,34,31,ENABLE
1785583364.4712403,0.23022049286640645,-2.802197802197803,-0.18901098901098834,34,31,ENABLE
1785583364.4762552,0.2157244220645449,-2.8901098901098905,-0.17142857142857082,34,31,ENABLE
1785583364.4812639,0.20084687571526594,-2.9340659340659343,-0.18021978021977958,34,31,ENABLE
1785583364.486255,0.1863508049134044,-2.9120879120879124,-0.18901098901098834,34,31,ENABLE
1785583364.4912407,0.17147325856412543,-2.978021978021978,-0.16263736263736206,34,31,ENABLE
1785583364.4962554,0.15659571221484647,-2.956043956043956,-0.16263736263736206,34,31,ENABLE
1785583364.5014846,0.1413366903181501,-3.0,-0.16263736263736206,34,31,ENABLE
1785583364.5065506,0.12607766842145374,-3.021978021978022,-0.18021978021977958,34,31,ENABLE
1785583364.511306,0.11158159761959219,-2.978021978021978,-0.18021978021977958,34,31,ENABLE
1785583364.5162323,0.09594110017547841,-3.1098901098901095,-0.13626373626373578,34,31,ENABLE
1785583364.521278,0.07991912718394723,-3.1318681318681314,-0.1098901098901095,34,31,ENABLE
1785583364.5262616,0.06389715419241604,-3.241758241758241,-0.05714285714285694,34,31,ENABLE
1785583364.531232,0.04787518120088485,-3.219780219780219,-0.03076923076923066,34,31,ENABLE
1785583364.5362608,0.032616159304188486,-3.0879120879120876,-0.0219780219780219,34,31,ENABLE
1785583364.5412755,0.018120088502326936,-3.0,-0.0659340659340657,34,31,ENABLE
1785583364.5462456,0.003242542153047978,-2.9340659340659343,-0.13626373626373578,34,31,ENABLE
1785583364.5512738,-0.01201647974364839,-3.043956043956044,-0.16263736263736206,34,31,ENABLE
1785583364.556227,-0.027275501640344757,-3.0879120879120876,-0.17142857142857082,34,31,ENABLE
1785583364.561256,-0.04329747463187594,-3.1318681318681314,-0.13626373626373578,34,31,ENABLE
1785583364.5662577,-0.05855649652857231,-3.1318681318681314,-0.12747252747252702,34,31,ENABLE
1785583364.5712414,-0.07381551842526868,-3.021978021978022,-0.13626373626373578,34,31,ENABLE
1785583364.5762563,-0.08869306477454764,-3.021978021978022,-0.13626373626373578,34,31,ENABLE
1785583364.5812438,-0.1035706111238266,-3.021978021978022,-0.1538461538461533,34,31,ENABLE
1785583364.5862339,-0.11882963302052296,-3.0,-0.1538461538461533,34,31,ENABLE
1785583364.591244,-0.13408865491721933,-3.043956043956044,-0.14505494505494454,34,31,ENABLE
1785583364.5962417,-0.1497291523613331,-3.1318681318681314,-0.11868131868131826,34,31,ENABLE
1785583364.6012332,-0.16498817425802947,-3.1098901098901095,-0.08351648351648322,34,31,ENABLE
1785583364.6062326,-0.18024719615472584,-3.021978021978022,-0.05714285714285694,34,31,ENABLE
1785583364.611275,-0.1955062180514222,-3.0659340659340657,-0.03076923076923066,34,31,ENABLE
1785583364.6162295,-0.21038376440070117,-3.0,-0.03956043956043942,34,31,ENABLE
1785583364.621226,-0.22487983520256272,-2.978021978021978,-0.04835164835164818,34,31,ENABLE
1785583364.6262438,-0.23975738155184168,-2.956043956043956,-0.0219780219780219,34,31,ENABLE
1785583364.631224,-0.254253452353705,-2.956043956043956,-0.01318681318681314,34,31,ENABLE
1785583364.6362371,-0.26874952315556655,-2.9340659340659343,0.00439560439560438,34,31,ENABLE
1785583364.6411805,-0.2832455939574281,-2.9120879120879124,-0.00439560439560438,34,31,ENABLE
1785583364.646192,-0.29697871366445483,-2.824175824175825,0.00439560439560438,34,31,ENABLE
1785583364.6512654,-0.31109330891889897,-2.824175824175825,0.01318681318681314,34,31,ENABLE
1785583364.6561813,-0.3244449530785083,-2.7142857142857153,0.01318681318681314,34,31,ENABLE
1785583364.661279,-0.3374151216907002,-2.6703296703296715,-0.00439560439560438,34,31,ENABLE
1785583364.6665356,-0.35152971694514434,-2.6483516483516496,-0.00439560439560438,34,31,ENABLE
1785583364.6715133,-0.36411841000991885,-2.582417582417584,-0.01318681318681314,34,31,ENABLE
1785583364.6762562,-0.37632562752727594,-2.53846153846154,-0.01318681318681314,34,31,ENABLE
1785583364.6812284,-0.38853284504463304,-2.516483516483518,-0.01318681318681314,34,31,ENABLE
1785583364.6862297,-0.40074006256199013,-2.4285714285714306,-0.03076923076923066,34,31,ENABLE
1785583364.6912804,-0.4125658045319298,-2.384615384615387,-0.0219780219780219,34,31,ENABLE
1785583364.6964834,-0.4243915465018695,-2.340659340659343,-0.03956043956043942,34,31,ENABLE
1785583364.7015069,-0.43545433737697437,-2.2527472527472554,-0.05714285714285694,34,31,ENABLE
1785583364.706231,-0.4457541771572444,-2.2087912087912116,-0.0659340659340657,34,31,ENABLE
1785583364.7111812,-0.45643549248493187,-2.1868131868131897,-0.0659340659340657,34,31,ENABLE
1785583364.7162318,-0.46711680781261933,-2.120879120879124,-0.08351648351648322,34,31,ENABLE
1785583364.721232,-0.47703517204547197,-2.07692307692308,-0.09230769230769198,34,31,ENABLE
1785583364.7261848,-0.487335011825742,-2.0549450549450583,-0.08351648351648322,34,31,ENABLE
1785583364.7311893,-0.49687190051117724,-1.9670329670329636,-0.07472527472527446,34,31,ENABLE
1785583364.7361884,-0.5060273136491951,-1.879120879120876,-0.08351648351648322,34,31,ENABLE
1785583364.7411878,-0.5144197756923781,-1.7472527472527446,-0.12747252747252702,34,31,ENABLE
1785583364.7461843,-0.5228122377355611,-1.7472527472527446,-0.14505494505494454,34,31,ENABLE
1785583364.7512405,-0.5315861753261615,-1.7472527472527446,-0.10109890109890074,34,31,ENABLE
1785583364.7562218,-0.5388342107270923,-1.5714285714285694,-0.05714285714285694,34,31,ENABLE
1785583364.7612267,-0.544174868390936,-1.2637362637362628,-0.0659340659340657,34,31,ENABLE
1785583364.766228,-0.5491340505073623,-1.021978021978022,-0.09230769230769198,34,31,ENABLE
1785583364.771392,-0.5533302815289538,-0.8681318681318686,-0.14505494505494454,34,31,ENABLE
1785583364.7762372,-0.5567635614557105,-0.8021978021978029,-0.18901098901098834,34,31,ENABLE
1785583364.7812562,-0.560959792477302,-0.780219780219781,-0.18021978021977958,34,31,ENABLE
1785583364.7861888,-0.5647745479514761,-0.7582417582417591,-0.1538461538461533,34,31,ENABLE
1785583364.791187,-0.567444876783398,-0.6263736263736277,-0.1538461538461533,34,31,ENABLE
1785583364.7962084,-0.5697337300679024,-0.5164835164835182,-0.18021978021977958,34,31,ENABLE
1785583364.8012304,-0.571259632257572,-0.4065934065934087,-0.21538461538461462,34,31,ENABLE
1785583364.8062258,-0.5727855344472417,-0.340659340659343,-0.2681318681318672,34,31,ENABLE
1785583364.8111858,-0.5746929121843287,-0.3626373626373649,-0.2857142857142847,34,31,ENABLE
1785583364.8161795,-0.575837338826581,-0.2747252747252773,-0.2857142857142847,34,31,ENABLE
1785583364.8212574,-0.5773632410162506,-0.340659340659343,-0.2857142857142847,34,31,ENABLE
1785583364.826238,-0.5788891432059202,-0.3186813186813211,-0.2681318681318672,34,31,ENABLE
1785583364.8312275,-0.579652094300755,-0.1868131868131897,-0.2593406593406584,34,31,ENABLE
1785583364.8361864,-0.5804150453955899,-0.1648351648351678,-0.2857142857142847,34,31,ENABLE
1785583364.8412278,-0.5819409475852595,-0.2747252747252773,-0.2681318681318672,34,31,ENABLE
1785583364.8464816,-0.5834668497749291,-0.2747252747252773,-0.22417582417582338,34,31,ENABLE
1785583364.8515134,-0.584229800869764,-0.2307692307692335,-0.18021978021977958,34,31,ENABLE
1785583364.856222,-0.5853742275120162,-0.2307692307692335,-0.18021978021977958,34,31,ENABLE
1785583364.8611863,-0.586137178606851,-0.1648351648351678,-0.18901098901098834,34,31,ENABLE
1785583364.866224,-0.5865186541542684,-0.120879120879124,-0.18901098901098834,34,31,ENABLE
1785583364.8711793,-0.5869001297016858,-0.0769230769230802,-0.1978021978021971,34,31,ENABLE
1785583364.8761785,-0.5876630807965206,-0.1428571428571459,-0.18901098901098834,34,31,ENABLE
1785583364.8811886,-0.5884260318913554,-0.1648351648351678,-0.17142857142857082,34,31,ENABLE
1785583364.886182,-0.5903334096284425,-0.3186813186813211,-0.12747252747252702,34,31,ENABLE
1785583364.8912268,-0.5914778362706947,-0.2747252747252773,-0.04835164835164818,34,31,ENABLE
1785583364.896474,-0.5922407873655295,-0.1648351648351678,-0.03956043956043942,34,31,ENABLE
1785583364.9014726,-0.5922407873655295,-0.0549450549450583,-0.0659340659340657,34,31,ENABLE
1785583364.9061944,-0.5922407873655295,-0.0329670329670364,-0.11868131868131826,34,31,ENABLE
1785583364.9111903,-0.5922407873655295,-0.0329670329670364,-0.10109890109890074,34,31,ENABLE
1785583364.916193,-0.5918593118181121,0.0329670329670364,-0.03076923076923066,34,31,ENABLE
1785583364.921181,-0.5914778362706947,0.0769230769230802,0.04835164835164818,34,31,ENABLE
1785583364.926473,-0.5899519340810251,0.1648351648351678,0.11868131868131826,34,31,ENABLE
1785583364.9314888,-0.588044556343938,0.3186813186813211,0.17142857142857082,34,31,ENABLE
1785583364.9362535,-0.586137178606851,0.4065934065934087,0.1978021978021971,34,31,ENABLE
1785583364.941229,-0.5823224231326769,0.5824175824175839,0.1978021978021971,34,31,ENABLE
1785583364.9461794,-0.5781261921110854,0.7362637362637372,0.17142857142857082,34,31,ENABLE
1785583364.9512541,-0.5724040588998243,0.9560439560439562,0.12747252747252702,34,31,ENABLE
1785583364.9561868,-0.5666819256885631,1.0879120879120876,0.09230769230769198,34,31,ENABLE
1785583364.9611926,-0.560959792477302,1.1098901098901095,0.07472527472527446,34,31,ENABLE
1785583364.966464,-0.5552376592660409,1.1318681318681314,0.11868131868131826,34,31,ENABLE
1785583364.971488,-0.5498970016021971,1.1098901098901095,0.17142857142857082,34,31,ENABLE
1785583364.976252,-0.5430304417486838,1.2857142857142847,0.21538461538461462,34,31,ENABLE
1785583364.9811878,-0.5354009308003356,1.46153846153846,0.1978021978021971,34,31,ENABLE
1785583364.9861772,-0.5266269932097352,1.681318681318679,0.1538461538461533,34,31,ENABLE
1785583364.9911854,-0.5178530556191348,1.7252747252747227,0.1098901098901095,34,31,ENABLE
1785583364.9964478,-0.5090791180285343,1.681318681318679,0.1098901098901095,34,31,ENABLE
1785583365.0015278,-0.5006866559853513,1.7032967032967008,0.13626373626373578,34,31,ENABLE
1785583365.0062256,-0.4919127183947509,1.7912087912087884,0.1538461538461533,34,31,ENABLE
1785583365.011184,-0.4819943541618983,1.9230769230769198,0.1538461538461533,34,31,ENABLE
1785583365.0162714,-0.47169451438162824,1.9890109890109855,0.16263736263736206,34,31,ENABLE
1785583365.0211897,-0.4613946746013582,2.07692307692308,0.1538461538461533,34,31,ENABLE
1785583365.026187,-0.4499504081788359,2.164835164835168,0.12747252747252702,34,31,ENABLE
1785583365.0311875,-0.43888761730373105,2.1868131868131897,0.12747252747252702,34,31,ENABLE
1785583365.0364218,-0.4274433508812088,2.2307692307692335,0.13626373626373578,34,31,ENABLE
1785583365.0414755,-0.4156176089112691,2.2747252747252773,0.12747252747252702,34,31,ENABLE
1785583365.046226,-0.4041733424887468,2.340659340659343,0.12747252747252702,34,31,ENABLE
1785583365.0512218,-0.3919661249713897,2.4285714285714306,0.14505494505494454,34,31,ENABLE
1785583365.0561783,-0.3793774319066152,2.4945054945054963,0.13626373626373578,34,31,ENABLE
1785583365.0612085,-0.3664072632944233,2.53846153846154,0.13626373626373578,34,31,ENABLE
1785583365.0661805,-0.3534370946822314,2.53846153846154,0.13626373626373578,34,31,ENABLE
1785583365.0711796,-0.3404669260700395,2.6263736263736277,0.13626373626373578,34,31,ENABLE
1785583365.0761828,-0.32673380636301275,2.6703296703296715,0.13626373626373578,34,31,ENABLE
1785583365.0813086,-0.313000686655986,2.6703296703296715,0.14505494505494454,34,31,ENABLE
1785583365.0864236,-0.29850461585412447,2.802197802197803,0.13626373626373578,34,31,ENABLE
1785583365.0914757,-0.28477149614709774,2.758241758241759,0.14505494505494454,34,31,ENABLE
1785583365.0962775,-0.2714198519874884,2.736263736263737,0.1538461538461533,34,31,ENABLE
1785583365.101188,-0.2576867322804617,2.802197802197803,0.18021978021977958,34,31,ENABLE
1785583365.106194,-0.24319066147859836,2.8461538461538467,0.20659340659340586,34,31,ENABLE
1785583365.111191,-0.2286945906767368,2.8901098901098905,0.20659340659340586,34,31,ENABLE
1785583365.1164627,-0.21305409323262303,2.956043956043956,0.20659340659340586,34,31,ENABLE
1785583365.121724,-0.19741359578850926,2.9340659340659343,0.1978021978021971,34,31,ENABLE
1785583365.1263416,-0.18368047608148252,2.956043956043956,0.1978021978021971,34,31,ENABLE
1785583365.1311865,-0.16956588082703838,2.9340659340659343,0.23296703296703214,34,31,ENABLE
1785583365.1362195,-0.15430685893034202,2.978021978021978,0.2417582417582409,34,31,ENABLE
1785583365.141277,-0.13866636148622824,3.0879120879120876,0.23296703296703214,34,31,ENABLE
1785583365.1464715,-0.12264438849469705,3.0659340659340657,0.21538461538461462,34,31,ENABLE
1785583365.1514833,-0.10700389105058328,3.043956043956044,0.21538461538461462,34,31,ENABLE
1785583365.1562974,-0.09250782024872173,3.021978021978022,0.2681318681318672,34,31,ENABLE
1785583365.1612537,-0.07763027389944277,2.978021978021978,0.312087912087911,34,31,ENABLE
1785583365.1662273,-0.06313420309758122,2.9120879120879124,0.3912087912087898,34,31,ENABLE
1785583365.1711838,-0.04863813229571967,2.9340659340659343,0.4351648351648336,34,31,ENABLE
1785583365.1761816,-0.033379110399023304,3.021978021978022,0.4439560439560424,34,31,ENABLE
1785583365.1811793,-0.017357137407492118,3.0659340659340657,0.4351648351648336,34,31,ENABLE
1785583365.1861825,-0.0017166399633783413,3.175824175824175,0.3736263736263723,34,31,ENABLE
1785583365.191183,0.013923857480735435,3.1318681318681314,0.3736263736263723,34,31,ENABLE
1785583365.1961815,0.029564354924849212,3.1098901098901095,0.3560439560439548,34,31,ENABLE
1785583365.201179,0.04520485236896299,3.0879120879120876,0.36483516483516354,34,31,ENABLE
1785583365.2063677,0.061226825360494175,3.1098901098901095,0.36483516483516354,34,31,ENABLE
1785583365.2114832,0.07763027389944277,3.175824175824175,0.36483516483516354,34,31,ENABLE
1785583365.2164977,0.09365224689097396,3.1538461538461533,0.347252747252746,34,31,ENABLE
1785583365.2212224,0.10852979324025291,3.175824175824175,0.3032967032967022,34,31,ENABLE
1785583365.2262223,0.1245517662317841,3.219780219780219,0.2681318681318672,34,31,ENABLE
1785583365.2311862,0.14057373922331529,3.197802197802197,0.25054945054944966,34,31,ENABLE
1785583365.23618,0.15621423666742906,3.1538461538461533,0.2417582417582409,34,31,ENABLE
1785583365.24118,0.17147325856412543,3.0659340659340657,0.25054945054944966,34,31,ENABLE
1785583365.246236,0.1867322804608218,3.043956043956044,0.23296703296703214,34,31,ENABLE
1785583365.251225,0.20237277790493557,3.0659340659340657,0.25054945054944966,34,31,ENABLE
1785583365.2562485,0.21801327534904935,3.0879120879120876,0.23296703296703214,34,31,ENABLE
1785583365.2614846,0.23403524834058054,3.0659340659340657,0.22417582417582338,34,31,ENABLE
1785583365.266449,0.24814984359502468,2.9340659340659343,0.20659340659340586,34,31,ENABLE
1785583365.271253,0.2622644388494706,2.9120879120879124,0.18901098901098834,34,31,ENABLE
1785583365.276226,0.27676050965133214,2.8901098901098905,0.23296703296703214,34,31,ENABLE
1785583365.2811804,0.2908751049057763,2.9120879120879124,0.21538461538461462,34,31,ENABLE
1785583365.2862105,0.30575265125505524,2.9120879120879124,0.1978021978021971,34,31,ENABLE
1785583365.2914746,0.3206301976043342,2.8681318681318686,0.18021978021977958,34,31,ENABLE
1785583365.2964604,0.33436331731136093,2.780219780219781,0.14505494505494454,34,31,ENABLE
1785583365.3012228,0.34733348592355284,2.7142857142857153,0.14505494505494454,34,31,ENABLE
1785583365.3061836,0.36068513008316216,2.6923076923076934,0.16263736263736206,34,31,ENABLE
1785583365.3112187,0.3736552986953541,2.6703296703296715,0.1538461538461533,34,31,ENABLE
1785583365.316222,0.386625467307546,2.582417582417584,0.16263736263736206,34,31,ENABLE
1785583365.3212233,0.3988326848249031,2.4725274725274744,0.16263736263736206,34,31,ENABLE
1785583365.3262591,0.4110399023422602,2.4725274725274744,0.1538461538461533,34,31,ENABLE
1785583365.331525,0.4240100709544521,2.4285714285714306,0.1538461538461533,34,31,ENABLE
1785583365.336495,0.4358358129243918,2.4065934065934087,0.14505494505494454,34,31,ENABLE
1785583365.3412228,0.44728007934691405,2.384615384615387,0.1098901098901095,34,31,ENABLE
1785583365.3462238,0.4583428702220189,2.2747252747252773,0.1098901098901095,34,31,ENABLE
1785583365.3512273,0.4690241855497064,2.164835164835168,0.11868131868131826,34,31,ENABLE
1785583365.3562222,0.4793240253299764,2.07692307692308,0.11868131868131826,34,31,ENABLE
1785583365.3612185,0.48962386511024647,2.098901098901102,0.1098901098901095,34,31,ENABLE
1785583365.3662176,0.4999237048905165,2.0329670329670364,0.1098901098901095,34,31,ENABLE
1785583365.3715367,0.5102235446707866,1.9670329670329636,0.10109890109890074,34,31,ENABLE
1785583365.3765435,0.5201419089036392,1.9450549450549417,0.07472527472527446,34,31,ENABLE
1785583365.3812234,0.5285343709468222,1.857142857142854,0.0659340659340657,34,31,ENABLE
1785583365.3862178,0.5365453574425878,1.7032967032967008,0.07472527472527446,34,31,ENABLE
1785583365.391222,0.5445563439383534,1.6153846153846132,0.10109890109890074,34,31,ENABLE
1785583365.3962514,0.5521858548867016,1.5934065934065913,0.1098901098901095,34,31,ENABLE
1785583365.401425,0.5605783169298846,1.5714285714285694,0.09230769230769198,34,31,ENABLE
1785583365.406477,0.5682078278782328,1.5494505494505475,0.05714285714285694,34,31,ENABLE
1785583365.4112222,0.5746929121843287,1.417582417582416,0.03076923076923066,34,31,ENABLE
1785583365.4162278,0.5815594720378421,1.3516483516483504,0.0219780219780219,34,31,ENABLE
1785583365.421185,0.5876630807965206,1.241758241758241,0.01318681318681314,34,31,ENABLE
1785583365.4262207,0.5933852140077818,1.197802197802197,0.01318681318681314,34,31,ENABLE
1785583365.431482,0.5991073472190429,1.0879120879120876,0.00439560439560438,34,31,ENABLE
1785583365.4365516,0.6036850537880518,0.9780219780219781,0.01318681318681314,34,31,ENABLE
1785583365.44125,0.6074998092622259,0.8681318681318686,0.04835164835164818,34,31,ENABLE
1785583365.4462185,0.6113145647364,0.8021978021978029,0.0659340659340657,34,31,ENABLE
1785583365.4512212,0.6147478446631567,0.7362637362637372,0.07472527472527446,34,31,ENABLE
1785583365.45619,0.6185626001373308,0.7142857142857153,0.03956043956043942,34,31,ENABLE
1785583365.4612184,0.6219958800640875,0.6923076923076934,0.00439560439560438,34,31,ENABLE
1785583365.4662285,0.6246662088960093,0.5824175824175839,-0.03956043956043942,34,31,ENABLE
1785583365.4714885,0.6273365377279312,0.4945054945054963,-0.05714285714285694,34,31,ENABLE
1785583365.4764733,0.6288624399176008,0.3626373626373649,-0.05714285714285694,34,31,ENABLE
1785583365.4812696,0.630006866559853,0.2747252747252773,-0.05714285714285694,34,31,ENABLE
1785583365.4862225,0.6307698176546879,0.1868131868131897,-0.03956043956043942,34,31,ENABLE
1785583365.4911842,0.6311512932021053,0.120879120879124,-0.03956043956043942,34,31,ENABLE
1785583365.4962327,0.6315327687495227,0.0549450549450583,-0.03956043956043942,34,31,ENABLE
1785583365.5015647,0.6311512932021053,-0.0329670329670364,-0.05714285714285694,34,31,ENABLE
1785583365.5064874,0.6307698176546879,-0.0549450549450583,-0.08351648351648322,34,31,ENABLE
1785583365.5112174,0.630006866559853,-0.0989010989011021,-0.11868131868131826,34,31,ENABLE
1785583365.5162237,0.6296253910124356,-0.120879120879124,-0.18021978021977958,34,31,ENABLE
1785583365.5212243,0.6284809643701834,-0.2087912087912116,-0.23296703296703214,34,31,ENABLE
1785583365.5262341,0.6269550621805138,-0.2967032967032992,-0.27692307692307594,34,31,ENABLE
1785583365.531222,0.6246662088960093,-0.4285714285714306,-0.2857142857142847,34,31,ENABLE
1785583365.5362225,0.6219958800640875,-0.5164835164835182,-0.2857142857142847,34,31,ENABLE
1785583365.541222,0.6185626001373308,-0.6263736263736277,-0.2857142857142847,34,31,ENABLE
1785583365.546192,0.6147478446631567,-0.7362637362637372,-0.27692307692307594,34,31,ENABLE
1785583365.5514777,0.6101701380941478,-0.8241758241758248,-0.2681318681318672,34,31,ENABLE
1785583365.556477,0.6052109559777215,-0.9340659340659343,-0.2593406593406584,34,31,ENABLE
1785583365.5612721,0.5998702983138777,-1.0439560439560438,-0.23296703296703214,34,31,ENABLE
1785583365.5662727,0.5937666895551992,-1.1318681318681314,-0.20659340659340586,34,31,ENABLE
1785583365.5712223,0.588044556343938,-1.197802197802197,-0.20659340659340586,34,31,ENABLE
1785583365.57623,0.5819409475852595,-1.197802197802197,-0.2417582417582409,34,31,ENABLE
1785583365.5814195,0.5750743877317461,-1.2857142857142847,-0.2681318681318672,34,31,ENABLE
1785583365.5864875,0.5678263523308154,-1.439560439560438,-0.2681318681318672,34,31,ENABLE
1785583365.5913203,0.5598153658350498,-1.5714285714285694,-0.23296703296703214,34,31,ENABLE
1785583365.5962167,0.5518043793392842,-1.637362637362635,-0.20659340659340586,34,31,ENABLE
1785583365.6012197,0.5434119172961012,-1.659340659340657,-0.20659340659340586,34,31,ENABLE
1785583365.6061852,0.5350194552529182,-1.681318681318679,-0.22417582417582338,34,31,ENABLE
1785583365.6114695,0.5254825665674829,-1.7692307692307665,-0.22417582417582338,34,31,ENABLE
1785583365.6164825,0.5155642023346303,-1.9230769230769198,-0.21538461538461462,34,31,ENABLE
1785583365.6212766,0.5060273136491951,-1.9670329670329636,-0.20659340659340586,34,31,ENABLE
1785583365.6262257,0.495727473868925,-2.0109890109890145,-0.21538461538461462,34,31,ENABLE
1785583365.6312292,0.48542763408865497,-2.07692307692308,-0.20659340659340586,34,31,ENABLE
1785583365.6361785,0.4747463187609675,-2.1868131868131897,-0.21538461538461462,34,31,ENABLE
1785583365.641182,0.46368352788586265,-2.1868131868131897,-0.22417582417582338,34,31,ENABLE
1785583365.6461985,0.45223926146334037,-2.2527472527472554,-0.23296703296703214,34,31,ENABLE
1785583365.6514208,0.43965056839856587,-2.362637362637365,-0.21538461538461462,34,31,ENABLE
1785583365.6564946,0.4274433508812088,-2.4285714285714306,-0.20659340659340586,34,31,ENABLE
1785583365.6613278,0.4152361333638517,-2.4505494505494525,-0.1978021978021971,34,31,ENABLE
1785583365.6662433,0.4026474402990772,-2.516483516483518,-0.18021978021977958,34,31,ENABLE
1785583365.6714854,0.38929579613946785,-2.604395604395606,-0.18901098901098834,34,31,ENABLE
1785583365.6764488,0.37594415197985853,-2.6483516483516496,-0.17142857142857082,34,31,ENABLE
1785583365.6814177,0.3622110322728318,-2.736263736263737,-0.16263736263736206,34,31,ENABLE
1785583365.6864188,0.3488593881132225,-2.6703296703296715,-0.18021978021977958,34,31,ENABLE
1785583365.6914215,0.33512626840619575,-2.736263736263737,-0.18021978021977958,34,31,ENABLE
1785583365.6964724,0.3210116731517516,-2.824175824175825,-0.18021978021977958,34,31,ENABLE
1785583365.7014217,0.30651560234989006,-2.8681318681318686,-0.17142857142857082,34,31,ENABLE
1785583365.7064157,0.2916380560006111,-2.956043956043956,-0.16263736263736206,34,31,ENABLE
1785583365.7114697,0.27676050965133214,-2.9340659340659343,-0.16263736263736206,34,31,ENABLE
1785583365.716464,0.2618829633020532,-3.0,-0.16263736263736206,34,31,ENABLE
1785583365.7214627,0.24662394140535504,-3.0,-0.16263736263736206,34,31,ENABLE
1785583365.7264237,0.23174639505607608,-3.021978021978022,-0.17142857142857082,34,31,ENABLE
1785583365.7314603,0.2161058976119623,-3.043956043956044,-0.18021978021977958,34,31,ENABLE
1785583365.7364826,0.20084687571526594,-3.0879120879120876,-0.18901098901098834,34,31,ENABLE
1785583365.7414267,0.18482490272373475,-3.1318681318681314,-0.18021978021977958,34,31,ENABLE
1785583365.7464259,0.16880292973220357,-3.219780219780219,-0.1538461538461533,34,31,ENABLE
1785583365.7514787,0.15278095674067238,-3.219780219780219,-0.1538461538461533,34,31,ENABLE
1785583365.7564929,0.1367589837491412,-3.219780219780219,-0.14505494505494454,34,31,ENABLE
1785583365.761539,0.1203555352101926,-3.219780219780219,-0.1538461538461533,34,31,ENABLE
1785583365.766421,0.103952086671244,-3.2857142857142847,-0.12747252747252702,34,31,ENABLE
1785583365.7714257,0.087167162584878,-3.3076923076923066,-0.1098901098901095,34,31,ENABLE
1785583365.7764719,0.07000076295109459,-3.417582417582416,-0.0659340659340657,34,31,ENABLE
1785583365.7814746,0.05245288776989376,-3.483516483516482,-0.0219780219780219,34,31,ENABLE
1785583365.7864242,0.03604943923094517,-3.3736263736263723,-0.01318681318681314,34,31,ENABLE
1785583365.7914145,0.019645990691996573,-3.2857142857142847,-0.01318681318681314,34,31,ENABLE
1785583365.79642,0.004386968795300206,-3.175824175824175,-0.08351648351648322,34,31,ENABLE
1785583365.8014243,-0.01163500419623098,-3.197802197802197,-0.12747252747252702,34,31,ENABLE
1785583365.806446,-0.028038452735179575,-3.2857142857142847,-0.16263736263736206,34,31,ENABLE
1785583365.8114479,-0.04482337682154558,-3.3076923076923066,-0.14505494505494454,34,31,ENABLE
1785583365.816496,-0.061608300907911584,-3.263736263736263,-0.13626373626373578,34,31,ENABLE
1785583365.8216374,-0.07839322499427759,-3.263736263736263,-0.12747252747252702,34,31,ENABLE
1785583365.8264604,-0.09365224689097396,-3.219780219780219,-0.11868131868131826,34,31,ENABLE
1785583365.8314633,-0.10929274433508773,-3.197802197802197,-0.14505494505494454,34,31,ENABLE
1785583365.836471,-0.12569619287403633,-3.241758241758241,-0.1538461538461533,34,31,ENABLE
1785583365.8414195,-0.1417181658655675,-3.263736263736263,-0.1538461538461533,34,31,ENABLE
1785583365.846478,-0.15850308995193352,-3.3296703296703285,-0.11868131868131826,34,31,ENABLE
1785583365.8514616,-0.1749065384908821,-3.2857142857142847,-0.07472527472527446,34,31,ENABLE
1785583365.8564663,-0.1913099870298307,-3.3296703296703285,-0.03076923076923066,34,31,ENABLE
1785583365.8614714,-0.2073319600213619,-3.241758241758241,-0.01318681318681314,34,31,ENABLE
1785583365.8664706,-0.22335393301289308,-3.219780219780219,-0.01318681318681314,34,31,ENABLE
1785583365.871482,-0.23861295490958945,-3.1538461538461533,-0.01318681318681314,34,31,ENABLE
1785583365.8764677,-0.254253452353705,-3.0879120879120876,-0.01318681318681314,34,31,ENABLE
1785583365.881481,-0.26951247425040137,-3.0879120879120876,-0.01318681318681314,34,31,ENABLE
1785583365.8864703,-0.2843900205996803,-3.0659340659340657,-0.0219780219780219,34,31,ENABLE
1785583365.8914592,-0.2992675669489593,-3.0,-0.01318681318681314,34,31,ENABLE
1785583365.8964233,-0.31414511329823824,-2.978021978021978,0.01318681318681314,34,31,ENABLE
1785583365.901474,-0.3286411841000998,-2.9120879120879124,0.01318681318681314,34,31,ENABLE
1785583365.9064193,-0.34275577935454393,-2.8681318681318686,0.00439560439560438,34,31,ENABLE
1785583365.9115002,-0.3568703746089881,-2.824175824175825,0.01318681318681314,34,31,ENABLE
1785583365.916487,-0.36984054322118,-2.736263736263737,0.01318681318681314,34,31,ENABLE
1785583365.9214494,-0.3831921873807893,-2.6923076923076934,0.00439560439560438,34,31,ENABLE
1785583365.9264154,-0.39654383154039863,-2.6483516483516496,-0.0219780219780219,34,31,ENABLE
1785583365.931421,-0.40913252460517313,-2.582417582417584,-0.0219780219780219,34,31,ENABLE
1785583365.9364645,-0.42172121766994763,-2.53846153846154,-0.03076923076923066,34,31,ENABLE
1785583365.9414654,-0.4335469596398873,-2.4285714285714306,-0.03076923076923066,34,31,ENABLE
1785583365.9465282,-0.445372701609827,-2.340659340659343,-0.04835164835164818,34,31,ENABLE
1785583365.9514754,-0.45643549248493187,-2.340659340659343,-0.04835164835164818,34,31,ENABLE
1785583365.9564195,-0.46787975890745415,-2.296703296703299,-0.05714285714285694,34,31,ENABLE
1785583365.9614713,-0.4785610742351416,-2.1868131868131897,-0.0659340659340657,34,31,ENABLE
1785583365.9664886,-0.48924238956282906,-2.142857142857146,-0.07472527472527446,34,31,ENABLE
1785583365.9714634,-0.4991607537956817,-2.0549450549450583,-0.08351648351648322,34,31,ENABLE
1785583365.9764178,-0.5083161669336995,-1.9450549450549417,-0.10109890109890074,34,31,ENABLE
1785583365.9814613,-0.5174715800717173,-1.8351648351648322,-0.11868131868131826,34,31,ENABLE
1785583365.9864688,-0.5266269932097352,-1.8351648351648322,-0.08351648351648322,34,31,ENABLE
1785583365.9914637,-0.5346379797055008,-1.7252747252747227,-0.04835164835164818,34,31,ENABLE
1785583365.9964163,-0.5411230640115967,-1.417582417582416,-0.0219780219780219,34,31,ENABLE
1785583366.001476,-0.5464637216754404,-1.197802197802197,-0.05714285714285694,34,31,ENABLE
1785583366.0064635,-0.5506599526970319,-0.9780219780219781,-0.1098901098901095,34,31,ENABLE
1785583366.0115292,-0.5548561837186234,-0.9120879120879124,-0.16263736263736206,34,31,ENABLE
1785583366.0164635,-0.5590524147402149,-0.8681318681318686,-0.18021978021977958,34,31,ENABLE
1785583366.021466,-0.562867170214389,-0.8901098901098905,-0.1538461538461533,34,31,ENABLE
1785583366.0264232,-0.5666819256885631,-0.8461538461538467,-0.11868131868131826,34,31,ENABLE
1785583366.0314238,-0.5689707789730676,-0.5824175824175839,-0.12747252747252702,34,31,ENABLE
1785583366.036482,-0.5708781567101546,-0.4505494505494525,-0.16263736263736206,34,31,ENABLE
1785583366.0414207,-0.5716411078049894,-0.2307692307692335,-0.25054945054944966,34,31,ENABLE
1785583366.0464246,-0.5727855344472417,-0.2747252747252773,-0.3296703296703285,34,31,ENABLE
1785583366.051385,-0.5746929121843287,-0.340659340659343,-0.33846153846153726,34,31,ENABLE
1785583366.0564597,-0.575837338826581,-0.2747252747252773,-0.312087912087911,34,31,ENABLE
1785583366.0614715,-0.5773632410162506,-0.3186813186813211,-0.3032967032967022,34,31,ENABLE
1785583366.0664594,-0.5792706187533376,-0.340659340659343,-0.2681318681318672,34,31,ENABLE
1785583366.0714242,-0.579652094300755,-0.1868131868131897,-0.2681318681318672,34,31,ENABLE
1785583366.0764852,-0.5800335698481724,-0.1648351648351678,-0.29450549450549346,34,31,ENABLE
1785583366.0814662,-0.5811779964904247,-0.1868131868131897,-0.3032967032967022,34,31,ENABLE
1785583366.0864723,-0.5827038986800943,-0.2747252747252773,-0.2681318681318672,34,31,ENABLE
1785583366.0914228,-0.584229800869764,-0.2747252747252773,-0.21538461538461462,34,31,ENABLE
1785583366.096476,-0.5853742275120162,-0.2527472527472554,-0.18901098901098834,34,31,ENABLE
1785583366.1014698,-0.586137178606851,-0.1868131868131897,-0.18021978021977958,34,31,ENABLE
1785583366.1064665,-0.586137178606851,-0.0989010989011021,-0.1978021978021971,34,31,ENABLE
1785583366.1114197,-0.5865186541542684,-0.0769230769230802,-0.20659340659340586,34,31,ENABLE
1785583366.1164227,-0.5869001297016858,-0.0989010989011021,-0.21538461538461462,34,31,ENABLE
1785583366.121468,-0.588044556343938,-0.2087912087912116,-0.1978021978021971,34,31,ENABLE
1785583366.1264143,-0.5895704585336077,-0.2747252747252773,-0.1538461538461533,34,31,ENABLE
1785583366.1314616,-0.5910963607232773,-0.2967032967032992,-0.07472527472527446,34,31,ENABLE
1785583366.136418,-0.5914778362706947,-0.1648351648351678,0.01318681318681314,34,31,ENABLE
1785583366.1414762,-0.5907148851758599,0.0329670329670364,0.05714285714285694,34,31,ENABLE
1785583366.146419,-0.5895704585336077,0.1648351648351678,0.08351648351648322,34,31,ENABLE
1785583366.1514196,-0.588044556343938,0.2527472527472554,0.11868131868131826,34,31,ENABLE
1785583366.1564176,-0.5865186541542684,0.2967032967032992,0.17142857142857082,34,31,ENABLE
1785583366.1614704,-0.5830853742275117,0.5164835164835182,0.1978021978021971,34,31,ENABLE
1785583366.1667132,-0.5788891432059202,0.7362637362637372,0.18901098901098834,34,31,ENABLE
1785583366.1714246,-0.5739299610894939,0.8681318681318686,0.1538461538461533,34,31,ENABLE
1785583366.176414,-0.5682078278782328,1.0439560439560438,0.1098901098901095,34,31,ENABLE
1785583366.1814165,-0.5621042191195542,1.1758241758241752,0.07472527472527446,34,31,ENABLE
1785583366.186417,-0.5560006103608757,1.1758241758241752,0.07472527472527446,34,31,ENABLE
1785583366.1914132,-0.5498970016021971,1.197802197802197,0.12747252747252702,34,31,ENABLE
1785583366.1964214,-0.5430304417486838,1.3076923076923066,0.18021978021977958,34,31,ENABLE
1785583366.201461,-0.5350194552529182,1.4835164835164818,0.18021978021977958,34,31,ENABLE
1785583366.2064738,-0.5262455176623178,1.681318681318679,0.14505494505494454,34,31,ENABLE
1785583366.2114604,-0.5170901045242999,1.7692307692307665,0.1098901098901095,34,31,ENABLE
1785583366.2164204,-0.5083161669336995,1.7692307692307665,0.1098901098901095,34,31,ENABLE
1785583366.2214613,-0.4987792782482643,1.7692307692307665,0.13626373626373578,34,31,ENABLE
1785583366.2264848,-0.48924238956282906,1.901098901098898,0.14505494505494454,34,31,ENABLE
1785583366.2314801,-0.4785610742351416,2.0109890109890145,0.16263736263736206,34,31,ENABLE
1785583366.2364585,-0.46787975890745415,2.07692307692308,0.16263736263736206,34,31,ENABLE
1785583366.2414463,-0.4568169680323493,2.2087912087912116,0.1538461538461533,34,31,ENABLE
1785583366.2464638,-0.4449912260624096,2.296703296703299,0.13626373626373578,34,31,ENABLE
1785583366.251446,-0.4331654840924699,2.318681318681321,0.14505494505494454,34,31,ENABLE
1785583366.2564573,-0.4209582665751128,2.4065934065934087,0.12747252747252702,34,31,ENABLE
1785583366.2614698,-0.4083695735103383,2.4505494505494525,0.11868131868131826,34,31,ENABLE
1785583366.2664235,-0.3957808804455638,2.516483516483518,0.13626373626373578,34,31,ENABLE
1785583366.2714698,-0.3824292362859545,2.582417582417584,0.14505494505494454,34,31,ENABLE
1785583366.2764218,-0.36907759212634517,2.6703296703296715,0.13626373626373578,34,31,ENABLE
1785583366.2814257,-0.35534447241931844,2.6923076923076934,0.1538461538461533,34,31,ENABLE
1785583366.2864685,-0.3412298771648743,2.780219780219781,0.14505494505494454,34,31,ENABLE
1785583366.291478,-0.32711528191043016,2.8461538461538467,0.14505494505494454,34,31,ENABLE
1785583366.2964165,-0.3126192111085686,2.8461538461538467,0.14505494505494454,34,31,ENABLE
1785583366.3014681,-0.29774166475928965,2.9340659340659343,0.13626373626373578,34,31,ENABLE
1785583366.3064594,-0.2828641184100107,2.9340659340659343,0.16263736263736206,34,31,ENABLE
1785583366.3114595,-0.26798657206073173,2.956043956043956,0.16263736263736206,34,31,ENABLE
1785583366.316478,-0.2531090257114528,3.0,0.18021978021977958,34,31,ENABLE
1785583366.3214757,-0.23746852826733722,3.021978021978022,0.1978021978021971,34,31,ENABLE
1785583366.3262782,-0.22259098191805826,3.0879120879120876,0.18901098901098834,34,31,ENABLE
1785583366.3312237,-0.20695048447394448,3.1098901098901095,0.21538461538461462,34,31,ENABLE
1785583366.3363488,-0.1909285114824133,3.1538461538461533,0.21538461538461462,34,31,ENABLE
1785583366.3414156,-0.1745250629434647,3.175824175824175,0.22417582417582338,34,31,ENABLE
1785583366.3464668,-0.15850308995193352,3.197802197802197,0.23296703296703214,34,31,ENABLE
1785583366.3514812,-0.14248111696040233,3.219780219780219,0.25054945054944966,34,31,ENABLE
1785583366.3564694,-0.12645914396887115,3.219780219780219,0.2593406593406584,34,31,ENABLE
1785583366.3614225,-0.11005569542992255,3.2857142857142847,0.2417582417582409,34,31,ENABLE
1785583366.3664618,-0.09403372243839137,3.197802197802197,0.2857142857142847,34,31,ENABLE
1785583366.371465,-0.07801174944686018,3.1318681318681314,0.347252747252746,34,31,ENABLE
1785583366.3764234,-0.0623712520027464,3.1098901098901095,0.3999999999999986,34,31,ENABLE
1785583366.381473,-0.046730754558632626,3.1538461538461533,0.45274725274725114,34,31,ENABLE
1785583366.3864448,-0.03070878156710144,3.219780219780219,0.47032967032966866,34,31,ENABLE
1785583366.3914783,-0.013923857480735435,3.219780219780219,0.4615384615384599,34,31,ENABLE
1785583366.396462,0.002861066605630569,3.3076923076923066,0.42637362637362486,34,31,ENABLE
1785583366.4014654,0.019264515144579164,3.263736263736263,0.4175824175824161,34,31,ENABLE
1785583366.4064245,0.03566796368352776,3.3076923076923066,0.38241758241758106,34,31,ENABLE
1785583366.4114094,0.05245288776989376,3.3516483516483504,0.3912087912087898,34,31,ENABLE
1785583366.4164748,0.06961928740367718,3.3736263736263723,0.38241758241758106,34,31,ENABLE
1785583366.421469,0.08640421149004318,3.3296703296703285,0.36483516483516354,34,31,ENABLE
1785583366.4264636,0.10318913557640919,3.3516483516483504,0.33846153846153726,34,31,ENABLE
1785583366.4314604,0.11997405966277519,3.3516483516483504,0.312087912087911,34,31,ENABLE
1785583366.4364536,0.1371404592965586,3.417582417582416,0.27692307692307594,34,31,ENABLE
1785583366.4414144,0.1535439078355072,3.3516483516483504,0.2681318681318672,34,31,ENABLE
1785583366.4464164,0.1699473563744558,3.3076923076923066,0.27692307692307594,34,31,ENABLE
1785583366.451423,0.1863508049134044,3.2857142857142847,0.25054945054944966,34,31,ENABLE
1785583366.4564157,0.20275425345235298,3.263736263736263,0.2681318681318672,34,31,ENABLE
1785583366.4614642,0.219539177538719,3.3076923076923066,0.25054945054944966,34,31,ENABLE
1785583366.4664261,0.23556115053025017,3.241758241758241,0.23296703296703214,34,31,ENABLE
1785583366.471477,0.2512016479743657,3.1538461538461533,0.22417582417582338,34,31,ENABLE
1785583366.4764533,0.2660791943236447,3.0879120879120876,0.21538461538461462,34,31,ENABLE
1785583366.4814677,0.28210116731517587,3.1098901098901095,0.23296703296703214,34,31,ENABLE
1785583366.4864583,0.29774166475928965,3.1098901098901095,0.20659340659340586,34,31,ENABLE
1785583366.4914594,0.3126192111085686,3.043956043956044,0.18901098901098834,34,31,ENABLE
1785583366.4964597,0.32749675745784756,2.978021978021978,0.17142857142857082,34,31,ENABLE
1785583366.5014858,0.3419928282597091,2.9340659340659343,0.1538461538461533,34,31,ENABLE
1785583366.5064611,0.35648889906157066,2.8461538461538467,0.16263736263736206,34,31,ENABLE
1785583366.5114217,0.3702220187685974,2.8461538461538467,0.16263736263736206,34,31,ENABLE
1785583366.5166283,0.38433661402304153,2.736263736263737,0.17142857142857082,34,31,ENABLE
1785583366.5215278,0.39730678263523345,2.6483516483516496,0.16263736263736206,34,31,ENABLE
1785583366.5264826,0.41027695124742536,2.6263736263736277,0.14505494505494454,34,31,ENABLE
1785583366.531413,0.42324711985961727,2.582417582417584,0.1538461538461533,34,31,ENABLE
1785583366.536471,0.4358358129243918,2.560439560439562,0.14505494505494454,34,31,ENABLE
1785583366.5414155,0.44804303044174887,2.516483516483518,0.12747252747252702,34,31,ENABLE
1785583366.5465345,0.46025024795910596,2.4505494505494525,0.11868131868131826,34,31,ENABLE
1785583366.5514495,0.4709315632867934,2.2087912087912116,0.12747252747252702,34,31,ENABLE
1785583366.5564692,0.4823758297093157,2.2307692307692335,0.12747252747252702,34,31,ENABLE
1785583366.5614517,0.49305714503700315,2.2087912087912116,0.13626373626373578,34,31,ENABLE
1785583366.5664709,0.5037384603646906,2.142857142857146,0.11868131868131826,34,31,ENABLE
1785583366.5714207,0.5140383001449607,2.098901098901102,0.09230769230769198,34,31,ENABLE
1785583366.5763855,0.5239566643778133,1.9890109890109855,0.07472527472527446,34,31,ENABLE
1785583366.5814667,0.5331120775158311,1.9230769230769198,0.0659340659340657,34,31,ENABLE
1785583366.586458,0.5415045395590141,1.7692307692307665,0.08351648351648322,34,31,ENABLE
1785583366.5914595,0.5498970016021971,1.7032967032967008,0.08351648351648322,34,31,ENABLE
1785583366.596459,0.5579079880979627,1.637362637362635,0.08351648351648322,34,31,ENABLE
1785583366.6014228,0.5655374990463109,1.5494505494505475,0.08351648351648322,34,31,ENABLE
1785583366.6065211,0.5735484855420765,1.5494505494505475,0.0659340659340657,34,31,ENABLE
1785583366.6114764,0.5804150453955899,1.46153846153846,0.03956043956043942,34,31,ENABLE
1785583366.6164565,0.5872816052491032,1.3736263736263723,0.00439560439560438,34,31,ENABLE
1785583366.6214197,0.5933852140077818,1.2637362637362628,-0.01318681318681314,34,31,ENABLE
1785583366.6264615,0.5991073472190429,1.1758241758241752,-0.03076923076923066,34,31,ENABLE
1785583366.6314707,0.6036850537880518,1.021978021978022,-0.01318681318681314,34,31,ENABLE
1785583366.6364782,0.6078812848096433,0.8461538461538467,0.0219780219780219,34,31,ENABLE
1785583366.641461,0.6116960402838174,0.780219780219781,0.04835164835164818,34,31,ENABLE
1785583366.6464884,0.6151293202105741,0.7362637362637372,0.04835164835164818,34,31,ENABLE
1785583366.6514633,0.6185626001373308,0.7142857142857153,0.0219780219780219,34,31,ENABLE
1785583366.6564658,0.6223773556115049,0.6923076923076934,-0.0219780219780219,34,31,ENABLE
1785583366.6614678,0.6246662088960093,0.5384615384615401,-0.05714285714285694,34,31,ENABLE
1785583366.6664224,0.6265735866330964,0.4725274725274744,-0.07472527472527446,34,31,ENABLE
1785583366.6714745,0.628099488822766,0.340659340659343,-0.0659340659340657,34,31,ENABLE
1785583366.6764715,0.6288624399176008,0.2087912087912116,-0.0659340659340657,34,31,ENABLE
1785583366.681463,0.6292439154650182,0.120879120879124,-0.04835164835164818,34,31,ENABLE
1785583366.6864676,0.6292439154650182,0.0329670329670364,-0.04835164835164818,34,31,ENABLE
1785583366.6914723,0.6288624399176008,-0.0329670329670364,-0.0659340659340657,34,31,ENABLE
1785583366.6963856,0.6288624399176008,-0.0329670329670364,-0.1098901098901095,34,31,ENABLE
1785583366.7014167,0.628099488822766,-0.0989010989011021,-0.1538461538461533,34,31,ENABLE
1785583366.7064545,0.6273365377279312,-0.1648351648351678,-0.22417582417582338,34,31,ENABLE
1785583366.7114596,0.626192111085679,-0.2307692307692335,-0.2681318681318672,34,31,ENABLE
1785583366.7164614,0.6242847333485919,-0.340659340659343,-0.32087912087911974,34,31,ENABLE
1785583366.7214613,0.6212329289692526,-0.4505494505494525,-0.3296703296703285,34,31,ENABLE
1785583366.726462,0.617799649042496,-0.6483516483516496,-0.32087912087911974,34,31,ENABLE
1785583366.7314563,0.6136034180209045,-0.8021978021978029,-0.29450549450549346,34,31,ENABLE
1785583366.7364247,0.6086442359044781,-0.9120879120879124,-0.2593406593406584,34,31,ENABLE
1785583366.7414098,0.6036850537880518,-1.0,-0.23296703296703214,34,31,ENABLE
1785583366.746455,0.5975814450293733,-1.0879120879120876,-0.20659340659340586,34,31,ENABLE
1785583366.7514253,0.5918593118181121,-1.197802197802197,-0.21538461538461462,34,31,ENABLE
1785583366.7564762,0.5857557030594336,-1.219780219780219,-0.2417582417582409,34,31,ENABLE
1785583366.7614853,0.5792706187533376,-1.241758241758241,-0.2857142857142847,34,31,ENABLE
1785583366.7664843,0.5724040588998243,-1.3516483516483504,-0.3032967032967022,34,31,ENABLE
1785583366.7712436,0.5647745479514761,-1.5054945054945037,-0.312087912087911,34,31,ENABLE
1785583366.7762663,0.5560006103608757,-1.659340659340657,-0.2857142857142847,34,31,ENABLE
1785583366.7812088,0.5476081483176927,-1.7472527472527446,-0.2681318681318672,34,31,ENABLE
1785583366.7862115,0.5388342107270923,-1.7692307692307665,-0.27692307692307594,34,31,ENABLE
1785583366.7912095,0.529297322041657,-1.8351648351648322,-0.27692307692307594,34,31,ENABLE
1785583366.796212,0.518997482261387,-2.0109890109890145,-0.25054945054944966,34,31,ENABLE
1785583366.801228,0.5083161669336995,-2.120879120879124,-0.23296703296703214,34,31,ENABLE
1785583366.8061912,0.49801632715342947,-2.120879120879124,-0.23296703296703214,34,31,ENABLE
1785583366.8114636,0.4861905851834898,-2.2087912087912116,-0.23296703296703214,34,31,ENABLE
1785583366.816476,0.4747463187609675,-2.296703296703299,-0.22417582417582338,34,31,ENABLE
1785583366.8212566,0.46330205233844524,-2.296703296703299,-0.25054945054944966,34,31,ENABLE
1785583366.8262117,0.45147631036850555,-2.4065934065934087,-0.25054945054944966,34,31,ENABLE
1785583366.8312085,0.43850614175631364,-2.53846153846154,-0.23296703296703214,34,31,ENABLE
1785583366.8362129,0.4255359731441217,-2.6263736263736277,-0.22417582417582338,34,31,ENABLE
1785583366.841468,0.411802853437095,-2.6263736263736277,-0.21538461538461462,34,31,ENABLE
1785583366.846479,0.39806973373006826,-2.6923076923076934,-0.18901098901098834,34,31,ENABLE
1785583366.8512814,0.38471808957045894,-2.7142857142857153,-0.21538461538461462,34,31,ENABLE
1785583366.85622,0.3709849698634322,-2.802197802197803,-0.21538461538461462,34,31,ENABLE
1785583366.8612235,0.35648889906157066,-2.8461538461538467,-0.21538461538461462,34,31,ENABLE
1785583366.8662844,0.3419928282597091,-2.9120879120879124,-0.22417582417582338,34,31,ENABLE
1785583366.8712063,0.32673380636301275,-3.021978021978022,-0.1978021978021971,34,31,ENABLE
1785583366.8762178,0.3114747844663164,-3.021978021978022,-0.18901098901098834,34,31,ENABLE
1785583366.8812163,0.2958342870222026,-3.0879120879120876,-0.17142857142857082,34,31,ENABLE
1785583366.8862076,0.2801937895780888,-3.1538461538461533,-0.17142857142857082,34,31,ENABLE
1785583366.8912082,0.26417181658655764,-3.1538461538461533,-0.18901098901098834,34,31,ENABLE
1785583366.8962166,0.24814984359502468,-3.197802197802197,-0.18021978021977958,34,31,ENABLE
1785583366.901211,0.2321278706034935,-3.263736263736263,-0.17142857142857082,34,31,ENABLE
1785583366.9062145,0.2157244220645449,-3.2857142857142847,-0.16263736263736206,34,31,ENABLE
1785583366.9113727,0.19855802243076148,-3.3076923076923066,-0.18021978021977958,34,31,ENABLE
1785583366.9165006,0.18139162279697807,-3.3296703296703285,-0.16263736263736206,34,31,ENABLE
1785583366.921312,0.16498817425802947,-3.3736263736263723,-0.1538461538461533,34,31,ENABLE
1785583366.9262426,0.14820325017166347,-3.3516483516483504,-0.16263736263736206,34,31,ENABLE
1785583366.931465,0.13065537499046265,-3.417582417582416,-0.1538461538461533,34,31,ENABLE
1785583366.9364724,0.11310749980926182,-3.46153846153846,-0.14505494505494454,34,31,ENABLE
1785583366.9414206,0.09517814908064359,-3.5494505494505475,-0.1098901098901095,34,31,ENABLE
1785583366.9465404,0.07648584725719054,-3.703296703296701,-0.0659340659340657,34,31,ENABLE
1785583366.9514725,0.05855649652857231,-3.615384615384613,-0.01318681318681314,34,31,ENABLE
1785583366.9564881,0.04100862134737149,-3.5934065934065913,-0.01318681318681314,34,31,ENABLE
1785583366.9614234,0.023842221713588074,-3.46153846153846,-0.03076923076923066,34,31,ENABLE
1785583366.9664817,0.006675822079804661,-3.417582417582416,-0.0659340659340657,34,31,ENABLE
1785583366.9714158,-0.010109102006561344,-3.395604395604394,-0.10109890109890074,34,31,ENABLE
1785583366.9764712,-0.027656977187762166,-3.5054945054945037,-0.13626373626373578,34,31,ENABLE
1785583366.9814258,-0.0455863279163804,-3.5054945054945037,-0.1098901098901095,34,31,ENABLE
1785583366.9864852,-0.06275272755016381,-3.46153846153846,-0.1098901098901095,34,31,ENABLE
1785583366.991418,-0.07953765163652982,-3.483516483516482,-0.09230769230769198,34,31,ENABLE
1785583366.9964163,-0.09670405127031323,-3.439560439560438,-0.11868131868131826,34,31,ENABLE
1785583367.0014641,-0.11425192645151405,-3.417582417582416,-0.13626373626373578,34,31,ENABLE
1785583367.006463,-0.13141832608529747,-3.439560439560438,-0.11868131868131826,34,31,ENABLE
1785583367.0114565,-0.14858472571908088,-3.439560439560438,-0.10109890109890074,34,31,ENABLE
1785583367.0164452,-0.1661326009002817,-3.5274725274725256,-0.05714285714285694,34,31,ENABLE
1785583367.0214589,-0.18368047608148252,-3.5054945054945037,-0.04835164835164818,34,31,ENABLE
1785583367.0264494,-0.20084687571526594,-3.46153846153846,-0.01318681318681314,34,31,ENABLE
1785583367.0314598,-0.21763179980163194,-3.395604395604394,0.0219780219780219,34,31,ENABLE
1785583367.036465,-0.23403524834058054,-3.3296703296703285,0.0219780219780219,34,31,ENABLE
1785583367.0414262,-0.2500572213321135,-3.2857142857142847,-0.00439560439560438,34,31,ENABLE
1785583367.046417,-0.2664606698710621,-3.263736263736263,-0.01318681318681314,34,31,ENABLE
1785583367.051482,-0.2824826428625933,-3.219780219780219,0.00439560439560438,34,31,ENABLE
1785583367.0564837,-0.29850461585412447,-3.197802197802197,0.01318681318681314,34,31,ENABLE
1785583367.0614133,-0.31376363775082083,-3.175824175824175,0.03076923076923066,34,31,ENABLE
1785583367.066419,-0.3290226596475172,-3.1098901098901095,0.01318681318681314,34,31,ENABLE
1785583367.0715253,-0.344663157091631,-3.021978021978022,0.01318681318681314,34,31,ENABLE
1785583367.076466,-0.3587777523460751,-2.956043956043956,0.0219780219780219,34,31,ENABLE
1785583367.081479,-0.37289234760051926,-2.8461538461538467,0.01318681318681314,34,31,ENABLE
1785583367.0864203,-0.386625467307546,-2.8461538461538467,0.00439560439560438,34,31,ENABLE
1785583367.0914557,-0.40074006256199013,-2.780219780219781,-0.0219780219780219,34,31,ENABLE
1785583367.0964808,-0.41409170672159945,-2.736263736263737,-0.01318681318681314,34,31,ENABLE
1785583367.1014185,-0.42668039978637395,-2.6483516483516496,-0.01318681318681314,34,31,ENABLE
1785583367.1064603,-0.43926909285114846,-2.516483516483518,-0.0219780219780219,34,31,ENABLE
1785583367.1114666,-0.45147631036850555,-2.4945054945054963,-0.03076923076923066,34,31,ENABLE
1785583367.1164846,-0.46330205233844524,-2.4285714285714306,-0.04835164835164818,34,31,ENABLE
1785583367.121485,-0.4751277943083849,-2.362637362637365,-0.0659340659340657,34,31,ENABLE
1785583367.1264496,-0.4861905851834898,-2.296703296703299,-0.07472527472527446,34,31,ENABLE
1785583367.1314123,-0.49687190051117724,-2.2087912087912116,-0.0659340659340657,34,31,ENABLE
1785583367.1364253,-0.5067902647440299,-2.07692307692308,-0.08351648351648322,34,31,ENABLE
1785583367.141422,-0.5163271534294651,-1.9890109890109855,-0.08351648351648322,34,31,ENABLE
1785583367.146411,-0.5258640421149003,-1.901098901098898,-0.03956043956043942,34,31,ENABLE
1785583367.1514778,-0.5338750286106659,-1.681318681318679,-0.00439560439560438,34,31,ENABLE
1785583367.156466,-0.5399786373693445,-1.417582417582416,-0.00439560439560438,34,31,ENABLE
1785583367.16145,-0.5449378194857708,-1.1318681318681314,-0.05714285714285694,34,31,ENABLE
1785583367.166531,-0.5495155260547797,-0.9560439560439562,-0.12747252747252702,34,31,ENABLE
1785583367.171423,-0.5540932326237886,-0.9120879120879124,-0.18021978021977958,34,31,ENABLE
1785583367.1764157,-0.5582894636453801,-0.9120879120879124,-0.18021978021977958,34,31,ENABLE
1785583367.181411,-0.5624856946669716,-0.8901098901098905,-0.1538461538461533,34,31,ENABLE
1785583367.1864614,-0.5663004501411457,-0.8461538461538467,-0.12747252747252702,34,31,ENABLE
1785583367.191458,-0.5685893034256502,-0.5824175824175839,-0.11868131868131826,34,31,ENABLE
1785583367.1964202,-0.5701152056153198,-0.4065934065934087,-0.18021978021977958,34,31,ENABLE
1785583367.2014787,-0.571259632257572,-0.2527472527472554,-0.2593406593406584,34,31,ENABLE
1785583367.2064133,-0.5720225833524069,-0.2307692307692335,-0.33846153846153726,34,31,ENABLE
1785583367.2114918,-0.5743114366369113,-0.340659340659343,-0.3560439560439548,34,31,ENABLE
1785583367.216424,-0.575837338826581,-0.3186813186813211,-0.312087912087911,34,31,ENABLE
1785583367.2214732,-0.5773632410162506,-0.340659340659343,-0.29450549450549346,34,31,ENABLE
1785583367.226412,-0.5788891432059202,-0.2967032967032992,-0.2681318681318672,34,31,ENABLE
1785583367.231473,-0.5792706187533376,-0.1648351648351678,-0.2857142857142847,34,31,ENABLE
1785583367.236415,-0.579652094300755,-0.120879120879124,-0.312087912087911,34,31,ENABLE
1785583367.2414646,-0.5800335698481724,-0.0989010989011021,-0.347252747252746,34,31,ENABLE
1785583367.2464757,-0.5811779964904247,-0.2087912087912116,-0.3296703296703285,34,31,ENABLE
1785583367.2515225,-0.5827038986800943,-0.2967032967032992,-0.27692307692307594,34,31,ENABLE
1785583367.2564106,-0.584229800869764,-0.2747252747252773,-0.21538461538461462,34,31,ENABLE
1785583367.2614648,-0.5853742275120162,-0.2967032967032992,-0.17142857142857082,34,31,ENABLE
1785583367.2665236,-0.5865186541542684,-0.2087912087912116,-0.16263736263736206,34,31,ENABLE
1785583367.2714143,-0.5865186541542684,-0.0989010989011021,-0.17142857142857082,34,31,ENABLE
1785583367.2764113,-0.5869001297016858,-0.0549450549450583,-0.1978021978021971,34,31,ENABLE
1785583367.281415,-0.5872816052491032,-0.0989010989011021,-0.1978021978021971,34,31,ENABLE
1785583367.2864494,-0.5872816052491032,-0.0769230769230802,-0.14505494505494454,34,31,ENABLE
1785583367.2914164,-0.5872816052491032,0.010989010989014503,-0.05714285714285694,34,31,ENABLE
1785583367.2964556,-0.586137178606851,0.120879120879124,0.03956043956043942,34,31,ENABLE
1785583367.301424,-0.584229800869764,0.340659340659343,0.09230769230769198,34,31,ENABLE
1785583367.306457,-0.5819409475852595,0.3846153846153868,0.13626373626373578,34,31,ENABLE
1785583367.3114843,-0.5788891432059202,0.5164835164835182,0.16263736263736206,34,31,ENABLE
1785583367.316418,-0.5743114366369113,0.7582417582417591,0.17142857142857082,34,31,ENABLE
1785583367.3214571,-0.5689707789730676,0.9120879120879124,0.13626373626373578,34,31,ENABLE
1785583367.3264236,-0.5624856946669716,1.1758241758241752,0.10109890109890074,34,31,ENABLE
1785583367.3314214,-0.5563820859082931,1.1758241758241752,0.09230769230769198,34,31,ENABLE
1785583367.336421,-0.5502784771496145,1.241758241758241,0.1098901098901095,34,31,ENABLE
1785583367.3414772,-0.5430304417486838,1.3296703296703285,0.1538461538461533,34,31,ENABLE
1785583367.3464265,-0.5350194552529182,1.4835164835164818,0.16263736263736206,34,31,ENABLE
1785583367.3514686,-0.5262455176623178,1.681318681318679,0.1538461538461533,34,31,ENABLE
1785583367.356415,-0.5170901045242999,1.7912087912087884,0.12747252747252702,34,31,ENABLE
1785583367.3614197,-0.5079346913862821,1.8131868131868103,0.13626373626373578,34,31,ENABLE
1785583367.3664718,-0.49801632715342947,1.901098901098898,0.12747252747252702,34,31,ENABLE
1785583367.3714557,-0.4877164873731594,1.9890109890109855,0.13626373626373578,34,31,ENABLE
1785583367.376482,-0.47665369649805456,2.142857142857146,0.14505494505494454,34,31,ENABLE
1785583367.381415,-0.4655909056229497,2.2307692307692335,0.14505494505494454,34,31,ENABLE
1785583367.3864625,-0.4533836881055926,2.296703296703299,0.13626373626373578,34,31,ENABLE
1785583367.3914263,-0.4411764705882355,2.4065934065934087,0.12747252747252702,34,31,ENABLE
1785583367.396471,-0.428587777523461,2.4725274725274744,0.12747252747252702,34,31,ENABLE
1785583367.4014156,-0.4156176089112691,2.53846153846154,0.11868131868131826,34,31,ENABLE
1785583367.406458,-0.40226596475165977,2.582417582417584,0.12747252747252702,34,31,ENABLE
1785583367.411468,-0.38891432059205044,2.6483516483516496,0.13626373626373578,34,31,ENABLE
1785583367.4164655,-0.3747997253376063,2.780219780219781,0.12747252747252702,34,31,ENABLE
1785583367.42148,-0.36030365453574476,2.824175824175825,0.13626373626373578,34,31,ENABLE
1785583367.4264474,-0.3461890592813006,2.8681318681318686,0.11868131868131826,34,31,ENABLE
1785583367.4314852,-0.33093003738460425,2.978021978021978,0.1098901098901095,34,31,ENABLE
1785583367.4365246,-0.3156710154879079,2.956043956043956,0.13626373626373578,34,31,ENABLE
1785583367.4414763,-0.3004119935912115,3.021978021978022,0.1538461538461533,34,31,ENABLE
1785583367.4464197,-0.28515297169451514,3.0659340659340657,0.17142857142857082,34,31,ENABLE
1785583367.451472,-0.26951247425040137,3.1098901098901095,0.18021978021977958,34,31,ENABLE
1785583367.4564605,-0.2534905012588702,3.1318681318681314,0.18901098901098834,34,31,ENABLE
1785583367.4614258,-0.23746852826733722,3.175824175824175,0.20659340659340586,34,31,ENABLE
1785583367.4664593,-0.22106507972838862,3.241758241758241,0.20659340659340586,34,31,ENABLE
1785583367.47147,-0.20428015564202262,3.3076923076923066,0.21538461538461462,34,31,ENABLE
1785583367.4764585,-0.18749523155565662,3.3296703296703285,0.1978021978021971,34,31,ENABLE
1785583367.4814715,-0.1707103074692906,3.395604395604394,0.21538461538461462,34,31,ENABLE
1785583367.4864268,-0.1539253833829246,3.3736263736263723,0.23296703296703214,34,31,ENABLE
1785583367.4914734,-0.1367589837491412,3.395604395604394,0.2417582417582409,34,31,ENABLE
1785583367.4964778,-0.11921110856794037,3.417582417582416,0.25054945054944966,34,31,ENABLE
1785583367.5014164,-0.10242618448157437,3.395604395604394,0.27692307692307594,34,31,ENABLE
1785583367.5064166,-0.08602273594262577,3.3296703296703285,0.32087912087911974,34,31,ENABLE
1785583367.5114257,-0.06923781185625977,3.3296703296703285,0.38241758241758106,34,31,ENABLE
1785583367.5164623,-0.05283436331731117,3.3296703296703285,0.45274725274725114,34,31,ENABLE
1785583367.5214815,-0.03566796368352776,3.3736263736263723,0.45274725274725114,34,31,ENABLE
1785583367.52646,-0.018501564049744346,3.417582417582416,0.4879120879120862,34,31,ENABLE
1785583367.5313795,-0.0013351644159609322,3.439560439560438,0.45274725274725114,34,31,ENABLE
1785583367.5364199,0.01621271076523989,3.5054945054945037,0.45274725274725114,34,31,ENABLE
1785583367.541479,0.03414206149385812,3.5274725274725256,0.4175824175824161,34,31,ENABLE
1785583367.5464165,0.051308461127641536,3.46153846153846,0.40879120879120734,34,31,ENABLE
1785583367.551472,0.06923781185625977,3.5494505494505475,0.3999999999999986,34,31,ENABLE
1785583367.556445,0.08640421149004318,3.483516483516482,0.3999999999999986,34,31,ENABLE
1785583367.5615826,0.10471503776607882,3.5274725274725256,0.3736263736263723,34,31,ENABLE
1785583367.5664883,0.12226291294727964,3.5494505494505475,0.33846153846153726,34,31,ENABLE
1785583367.5714276,0.14019226367589788,3.5494505494505475,0.3032967032967022,34,31,ENABLE
1785583367.576466,0.1577401388570987,3.5274725274725256,0.312087912087911,34,31,ENABLE
1785583367.5814784,0.1749065384908821,3.46153846153846,0.2857142857142847,34,31,ENABLE
1785583367.5864203,0.19207293812466553,3.439560439560438,0.2857142857142847,34,31,ENABLE
1785583367.5914667,0.20923933775844894,3.395604395604394,0.29450549450549346,34,31,ENABLE
1785583367.5964196,0.22640573739223235,3.439560439560438,0.2593406593406584,34,31,ENABLE
1785583367.601425,0.24319066147859836,3.3516483516483504,0.2681318681318672,34,31,ENABLE
1785583367.6064754,0.25959411001754873,3.3076923076923066,0.2417582417582409,34,31,ENABLE
1785583367.6114209,0.2759975585564973,3.263736263736263,0.22417582417582338,34,31,ENABLE
1785583367.616459,0.2924010070954459,3.2857142857142847,0.21538461538461462,34,31,ENABLE
1785583367.6214247,0.3080415045395597,3.219780219780219,0.20659340659340586,34,31,ENABLE
1785583367.6264756,0.3240634775310909,3.175824175824175,0.18901098901098834,34,31,ENABLE
1785583367.6314213,0.33932249942778725,3.0659340659340657,0.16263736263736206,34,31,ENABLE
1785583367.6364248,0.3545815213244836,3.043956043956044,0.18021978021977958,34,31,ENABLE
1785583367.6414483,0.3694590676737626,3.0,0.17142857142857082,34,31,ENABLE
1785583367.6464198,0.3839551384756241,2.9120879120879124,0.18021978021977958,34,31,ENABLE
1785583367.6514938,0.39768825818265086,2.780219780219781,0.18021978021977958,34,31,ENABLE
1785583367.6564126,0.4114213778896776,2.780219780219781,0.16263736263736206,34,31,ENABLE
1785583367.6614747,0.4247730220492869,2.7142857142857153,0.1538461538461533,34,31,ENABLE
1785583367.6664875,0.43850614175631364,2.6703296703296715,0.14505494505494454,34,31,ENABLE
1785583367.6714773,0.45147631036850555,2.6483516483516496,0.12747252747252702,34,31,ENABLE
1785583367.6764202,0.46368352788586265,2.516483516483518,0.1098901098901095,34,31,ENABLE
1785583367.681416,0.47550926985580233,2.384615384615387,0.1098901098901095,34,31,ENABLE
1785583367.6864223,0.4869535362783246,2.318681318681321,0.10109890109890074,34,31,ENABLE
1785583367.6914926,0.4983978027008469,2.2747252747252773,0.10109890109890074,34,31,ENABLE
1785583367.696477,0.5090791180285343,2.2087912087912116,0.10109890109890074,34,31,ENABLE
1785583367.7014523,0.5201419089036392,2.142857142857146,0.07472527472527446,34,31,ENABLE
1785583367.70648,0.5300602731364918,2.0549450549450583,0.0659340659340657,34,31,ENABLE
1785583367.71153,0.5392156862745097,1.879120879120876,0.05714285714285694,34,31,ENABLE
1785583367.7164817,0.5476081483176927,1.7472527472527446,0.07472527472527446,34,31,ENABLE
1785583367.7214851,0.5563820859082931,1.7252747252747227,0.07472527472527446,34,31,ENABLE
1785583367.726422,0.5647745479514761,1.7032967032967008,0.05714285714285694,34,31,ENABLE
1785583367.7314234,0.5724040588998243,1.5714285714285694,0.04835164835164818,34,31,ENABLE
1785583367.736458,0.5792706187533376,1.439560439560438,0.04835164835164818,34,31,ENABLE
1785583367.741455,0.586137178606851,1.3956043956043942,0.03956043956043942,34,31,ENABLE
1785583367.7464197,0.5922407873655295,1.2857142857142847,0.0219780219780219,34,31,ENABLE
1785583367.7514782,0.5987258716716255,1.241758241758241,-0.01318681318681314,34,31,ENABLE
1785583367.7564802,0.6036850537880518,1.1098901098901095,-0.0219780219780219,34,31,ENABLE
1785583367.761486,0.6078812848096433,0.9340659340659343,-0.00439560439560438,34,31,ENABLE
1785583367.7664256,0.6116960402838174,0.780219780219781,0.01318681318681314,34,31,ENABLE
1785583367.7719905,0.6155107957579915,0.7362637362637372,0.0219780219780219,34,31,ENABLE
1785583367.7765307,0.6185626001373308,0.6923076923076934,0.0219780219780219,34,31,ENABLE
1785583367.7812524,0.62161440451667,0.6483516483516496,-0.0219780219780219,34,31,ENABLE
1785583367.786584,0.6242847333485919,0.560439560439562,-0.0659340659340657,34,31,ENABLE
1785583367.7915213,0.6258106355382616,0.3846153846153868,-0.09230769230769198,34,31,ENABLE
1785583367.7965622,0.6273365377279312,0.2747252747252773,-0.09230769230769198,34,31,ENABLE
1785583367.8018343,0.6277180132753486,0.1868131868131897,-0.10109890109890074,34,31,ENABLE
1785583367.806511,0.6277180132753486,0.0549450549450583,-0.09230769230769198,34,31,ENABLE
1785583367.8110642,0.6277180132753486,-0.0549450549450583,-0.1098901098901095,34,31,ENABLE
1785583367.8160825,0.6273365377279312,-0.010989010989014503,-0.13626373626373578,34,31,ENABLE
1785583367.8215475,0.6265735866330964,-0.0989010989011021,-0.1978021978021971,34,31,ENABLE
1785583367.8265765,0.6258106355382616,-0.1428571428571459,-0.27692307692307594,34,31,ENABLE
1785583367.831488,0.6246662088960093,-0.2307692307692335,-0.33846153846153726,34,31,ENABLE
1785583367.8364584,0.6219958800640875,-0.4505494505494525,-0.3736263736263723,34,31,ENABLE
1785583367.8412573,0.6185626001373308,-0.6043956043956058,-0.3560439560439548,34,31,ENABLE
1785583367.846249,0.6143663691157393,-0.780219780219781,-0.32087912087911974,34,31,ENABLE
1785583367.851541,0.609407186999313,-0.8901098901098905,-0.29450549450549346,34,31,ENABLE
1785583367.85654,0.6040665293354692,-1.021978021978022,-0.2681318681318672,34,31,ENABLE
1785583367.8615673,0.5979629205767907,-1.1318681318681314,-0.22417582417582338,34,31,ENABLE
1785583367.8665142,0.5918593118181121,-1.241758241758241,-0.22417582417582338,34,31,ENABLE
1785583367.871279,0.5857557030594336,-1.2637362637362628,-0.25054945054944966,34,31,ENABLE
1785583367.8762705,0.5792706187533376,-1.3076923076923066,-0.3032967032967022,34,31,ENABLE
1785583367.8816204,0.5716411078049894,-1.417582417582416,-0.3296703296703285,34,31,ENABLE
1785583367.8863032,0.5636301213092239,-1.5714285714285694,-0.3296703296703285,34,31,ENABLE
1785583367.891265,0.5548561837186234,-1.7252747252747227,-0.3032967032967022,34,31,ENABLE
1785583367.896263,0.5457007705806056,-1.7912087912087884,-0.2857142857142847,34,31,ENABLE
1785583367.9012573,0.5361638818951704,-1.879120879120876,-0.2857142857142847,34,31,ENABLE
1785583367.9062738,0.5262455176623178,-1.9670329670329636,-0.2857142857142847,34,31,ENABLE
1785583367.9114854,0.5148012512397955,-2.120879120879124,-0.2681318681318672,34,31,ENABLE
1785583367.916267,0.504119935912108,-2.164835164835168,-0.2681318681318672,34,31,ENABLE
1785583367.9212506,0.49305714503700315,-2.2307692307692335,-0.2681318681318672,34,31,ENABLE
1785583367.92626,0.48123140306706347,-2.340659340659343,-0.2681318681318672,34,31,ENABLE
1785583367.9312568,0.46864271000228896,-2.4285714285714306,-0.2681318681318672,34,31,ENABLE
1785583367.936265,0.45643549248493187,-2.4725274725274744,-0.2593406593406584,34,31,ENABLE
1785583367.9415762,0.44232089723048773,-2.604395604395606,-0.2417582417582409,34,31,ENABLE
1785583367.9466348,0.428587777523461,-2.6923076923076934,-0.2417582417582409,34,31,ENABLE
1785583367.9513602,0.4156176089112691,-2.736263736263737,-0.23296703296703214,34,31,ENABLE
1785583367.956262,0.40150301365682495,-2.802197802197803,-0.23296703296703214,34,31,ENABLE
1785583367.961258,0.3873884184023808,-2.8461538461538467,-0.2593406593406584,34,31,ENABLE
1785583367.9663036,0.37251087205310185,-2.9340659340659343,-0.25054945054944966,34,31,ENABLE
1785583367.971256,0.3572518501564055,-3.021978021978022,-0.22417582417582338,34,31,ENABLE
1785583367.9762487,0.3416113527122917,-3.1098901098901095,-0.23296703296703214,34,31,ENABLE
1785583367.9812555,0.3255893797207605,-3.175824175824175,-0.21538461538461462,34,31,ENABLE
1785583367.9862554,0.30956740672922933,-3.219780219780219,-0.21538461538461462,34,31,ENABLE
1785583367.9912581,0.29354543373769815,-3.241758241758241,-0.1978021978021971,34,31,ENABLE
1785583367.9962544,0.27676050965133214,-3.263736263736263,-0.21538461538461462,34,31,ENABLE
1785583368.0012195,0.26035706111238355,-3.3076923076923066,-0.22417582417582338,34,31,ENABLE
1785583368.0062568,0.24280918593118095,-3.417582417582416,-0.18901098901098834,34,31,ENABLE
1785583368.011254,0.22564278629739754,-3.417582417582416,-0.18901098901098834,34,31,ENABLE
1785583368.016262,0.2080949111161967,-3.5054945054945037,-0.17142857142857082,34,31,ENABLE
1785583368.0212545,0.1909285114824133,-3.5054945054945037,-0.18901098901098834,34,31,ENABLE
1785583368.0262754,0.17261768520637766,-3.5934065934065913,-0.17142857142857082,34,31,ENABLE
1785583368.0312219,0.15545128557259424,-3.5274725274725256,-0.18021978021977958,34,31,ENABLE
1785583368.0362532,0.1367589837491412,-3.637362637362635,-0.16263736263736206,34,31,ENABLE
1785583368.0412574,0.11806668192568814,-3.7252747252747227,-0.14505494505494454,34,31,ENABLE
1785583368.04622,0.09899290455481768,-3.8131868131868103,-0.08351648351648322,34,31,ENABLE
1785583368.051278,0.07953765163652982,-3.857142857142854,-0.0219780219780219,34,31,ENABLE
1785583368.056246,0.060463874265659356,-3.857142857142854,0.0219780219780219,34,31,ENABLE
1785583368.0612543,0.041771572442206306,-3.7692307692307665,0.0219780219780219,34,31,ENABLE
1785583368.06622,0.023842221713588074,-3.637362637362635,-0.01318681318681314,34,31,ENABLE
1785583368.0712516,0.005912870984969842,-3.5934065934065913,-0.05714285714285694,34,31,ENABLE
1785583368.0762563,-0.01201647974364839,-3.637362637362635,-0.10109890109890074,34,31,ENABLE
1785583368.0812483,-0.03070878156710144,-3.703296703296701,-0.12747252747252702,34,31,ENABLE
1785583368.0862563,-0.0497825589379719,-3.7692307692307665,-0.09230769230769198,34,31,ENABLE
1785583368.09123,-0.06771190966659013,-3.7252747252747227,-0.07472527472527446,34,31,ENABLE
1785583368.0962667,-0.08602273594262577,-3.615384615384613,-0.07472527472527446,34,31,ENABLE
1785583368.1012495,-0.103952086671244,-3.659340659340657,-0.10109890109890074,34,31,ENABLE
1785583368.1062543,-0.12188143739986224,-3.5934065934065913,-0.1098901098901095,34,31,ENABLE
1785583368.1112454,-0.13981078812848047,-3.5934065934065913,-0.10109890109890074,34,31,ENABLE
1785583368.1162171,-0.15850308995193352,-3.7252747252747227,-0.05714285714285694,34,31,ENABLE
1785583368.1212487,-0.17757686732280398,-3.7252747252747227,-0.03956043956043942,34,31,ENABLE
1785583368.126227,-0.1955062180514222,-3.703296703296701,0.00439560439560438,34,31,ENABLE
1785583368.1312509,-0.21343556878004044,-3.5934065934065913,0.04835164835164818,34,31,ENABLE
1785583368.1362286,-0.23060196841382385,-3.5054945054945037,0.05714285714285694,34,31,ENABLE
1785583368.1412282,-0.24738689250018986,-3.46153846153846,0.0219780219780219,34,31,ENABLE
1785583368.1462204,-0.26455329213397505,-3.439560439560438,0.00439560439560438,34,31,ENABLE
1785583368.151223,-0.28133821622034105,-3.395604395604394,0.01318681318681314,34,31,ENABLE
1785583368.1562464,-0.29812314030670706,-3.3516483516483504,0.03956043956043942,34,31,ENABLE
1785583368.1612473,-0.31490806439307306,-3.3736263736263723,0.04835164835164818,34,31,ENABLE
1785583368.166254,-0.33093003738460425,-3.3076923076923066,0.03076923076923066,34,31,ENABLE
1785583368.1712482,-0.34695201037613543,-3.197802197802197,0.05714285714285694,34,31,ENABLE
1785583368.1762564,-0.3618295567254144,-3.0879120879120876,0.05714285714285694,34,31,ENABLE
1785583368.1812205,-0.37632562752727594,-2.978021978021978,0.04835164835164818,34,31,ENABLE
1785583368.18625,-0.3912031738765549,-2.956043956043956,0.0219780219780219,34,31,ENABLE
1785583368.19125,-0.40531776913099904,-2.8901098901098905,-0.01318681318681314,34,31,ENABLE
1785583368.1962237,-0.41905088883802577,-2.8461538461538467,-0.0219780219780219,34,31,ENABLE
1785583368.2012258,-0.4324025329976351,-2.6923076923076934,-0.01318681318681314,34,31,ENABLE
1785583368.2062795,-0.445372701609827,-2.6483516483516496,-0.01318681318681314,34,31,ENABLE
1785583368.2112484,-0.4583428702220189,-2.604395604395606,-0.0219780219780219,34,31,ENABLE
1785583368.2162511,-0.470550087739376,-2.53846153846154,-0.03956043956043942,34,31,ENABLE
1785583368.2212217,-0.4823758297093157,-2.4285714285714306,-0.04835164835164818,34,31,ENABLE
1785583368.2262468,-0.4942015716792554,-2.318681318681321,-0.04835164835164818,34,31,ENABLE
1785583368.2312167,-0.5045014114595254,-2.1868131868131897,-0.05714285714285694,34,31,ENABLE
1785583368.2362554,-0.5144197756923781,-2.0549450549450583,-0.05714285714285694,34,31,ENABLE
1785583368.2412493,-0.5239566643778133,-1.9890109890109855,-0.03076923076923066,34,31,ENABLE
1785583368.246219,-0.5323491264209963,-1.7692307692307665,0.01318681318681314,34,31,ENABLE
1785583368.2512298,-0.5384527351796748,-1.46153846153846,0.00439560439560438,34,31,ENABLE
1785583368.2562299,-0.5434119172961012,-1.1538461538461533,-0.0659340659340657,34,31,ENABLE
1785583368.2612553,-0.5476081483176927,-0.9560439560439562,-0.1538461538461533,34,31,ENABLE
1785583368.266222,-0.5518043793392842,-0.8681318681318686,-0.20659340659340586,34,31,ENABLE
1785583368.2712462,-0.5560006103608757,-0.8461538461538467,-0.21538461538461462,34,31,ENABLE
1785583368.2762458,-0.560959792477302,-0.8901098901098905,-0.18021978021977958,34,31,ENABLE
1785583368.2812834,-0.5651560234988935,-0.8681318681318686,-0.1098901098901095,34,31,ENABLE
1785583368.2862236,-0.5682078278782328,-0.6703296703296715,-0.10109890109890074,34,31,ENABLE
1785583368.291245,-0.5697337300679024,-0.4505494505494525,-0.1538461538461533,34,31,ENABLE
1785583368.2962306,-0.5708781567101546,-0.3186813186813211,-0.22417582417582338,34,31,ENABLE
1785583368.3012512,-0.5716411078049894,-0.1648351648351678,-0.3296703296703285,34,31,ENABLE
1785583368.306257,-0.5731670099946591,-0.2967032967032992,-0.38241758241758106,34,31,ENABLE
1785583368.311257,-0.5750743877317461,-0.3626373626373649,-0.347252747252746,34,31,ENABLE
1785583368.3162594,-0.5762188143739984,-0.2967032967032992,-0.312087912087911,34,31,ENABLE
1785583368.3212273,-0.5781261921110854,-0.3626373626373649,-0.27692307692307594,34,31,ENABLE
1785583368.326259,-0.5792706187533376,-0.2527472527472554,-0.2593406593406584,34,31,ENABLE
1785583368.3313,-0.579652094300755,-0.120879120879124,-0.2857142857142847,34,31,ENABLE
1785583368.336259,-0.579652094300755,-0.0549450549450583,-0.347252747252746,34,31,ENABLE
1785583368.3412514,-0.5800335698481724,-0.0769230769230802,-0.3736263736263723,34,31,ENABLE
1785583368.346228,-0.5815594720378421,-0.2087912087912116,-0.347252747252746,34,31,ENABLE
1785583368.3512487,-0.5830853742275117,-0.340659340659343,-0.27692307692307594,34,31,ENABLE
1785583368.3562417,-0.584229800869764,-0.2747252747252773,-0.20659340659340586,34,31,ENABLE
1785583368.361253,-0.5853742275120162,-0.2307692307692335,-0.18021978021977958,34,31,ENABLE
1785583368.3662267,-0.5857557030594336,-0.120879120879124,-0.18021978021977958,34,31,ENABLE
1785583368.3712595,-0.5857557030594336,-0.0549450549450583,-0.14505494505494454,34,31,ENABLE
1785583368.3762572,-0.5853742275120162,0.0769230769230802,-0.09230769230769198,34,31,ENABLE
1785583368.3812263,-0.584229800869764,0.1648351648351678,-0.0219780219780219,34,31,ENABLE
1785583368.386228,-0.5830853742275117,0.1868131868131897,0.07472527472527446,34,31,ENABLE
1785583368.3912463,-0.5811779964904247,0.3186813186813211,0.16263736263736206,34,31,ENABLE
1785583368.396241,-0.5781261921110854,0.4725274725274744,0.1978021978021971,34,31,ENABLE
1785583368.401249,-0.5735484855420765,0.7362637362637372,0.18901098901098834,34,31,ENABLE
1785583368.4062474,-0.567444876783398,1.0659340659340657,0.14505494505494454,34,31,ENABLE
1785583368.4113073,-0.560959792477302,1.219780219780219,0.07472527472527446,34,31,ENABLE
1785583368.4162445,-0.554474708171206,1.219780219780219,0.07472527472527446,34,31,ENABLE
1785583368.4212437,-0.5479896238651101,1.2637362637362628,0.1098901098901095,34,31,ENABLE
1785583368.4262502,-0.5411230640115967,1.3296703296703285,0.16263736263736206,34,31,ENABLE
1785583368.4312494,-0.5327306019684137,1.5494505494505475,0.17142857142857082,34,31,ENABLE
1785583368.4362216,-0.5231937132829785,1.7692307692307665,0.14505494505494454,34,31,ENABLE
1785583368.4412231,-0.5132753490501258,1.9230769230769198,0.13626373626373578,34,31,ENABLE
1785583368.446246,-0.5033569848172732,1.901098901098898,0.12747252747252702,34,31,ENABLE
1785583368.4512444,-0.49305714503700315,2.0549450549450583,0.12747252747252702,34,31,ENABLE
1785583368.4562457,-0.4819943541618983,2.1868131868131897,0.13626373626373578,34,31,ENABLE
1785583368.461263,-0.470550087739376,2.2527472527472554,0.14505494505494454,34,31,ENABLE
1785583368.4662275,-0.4583428702220189,2.362637362637365,0.13626373626373578,34,31,ENABLE
1785583368.4712758,-0.445372701609827,2.4945054945054963,0.13626373626373578,34,31,ENABLE
1785583368.476543,-0.4320210574502177,2.560439560439562,0.13626373626373578,34,31,ENABLE
1785583368.4815207,-0.41828793774319095,2.6483516483516496,0.1098901098901095,34,31,ENABLE
1785583368.4862447,-0.40531776913099904,2.7142857142857153,0.1098901098901095,34,31,ENABLE
1785583368.4912477,-0.3912031738765549,2.780219780219781,0.12747252747252702,34,31,ENABLE
1785583368.496255,-0.37670710307469335,2.8901098901098905,0.12747252747252702,34,31,ENABLE
1785583368.5012505,-0.361448081177997,2.956043956043956,0.12747252747252702,34,31,ENABLE
1785583368.506226,-0.346570534828718,3.021978021978022,0.11868131868131826,34,31,ENABLE
1785583368.5112185,-0.33016708628976943,3.1318681318681314,0.10109890109890074,34,31,ENABLE
1785583368.5162463,-0.31452658884565565,3.1538461538461533,0.1098901098901095,34,31,ENABLE
1785583368.521257,-0.29850461585412447,3.175824175824175,0.11868131868131826,34,31,ENABLE
1785583368.526246,-0.2824826428625933,3.197802197802197,0.16263736263736206,34,31,ENABLE
1785583368.5312464,-0.2660791943236447,3.241758241758241,0.18021978021977958,34,31,ENABLE
1785583368.5362296,-0.2492942702372769,3.3076923076923066,0.1978021978021971,34,31,ENABLE
1785583368.5412636,-0.2321278706034935,3.395604395604394,0.20659340659340586,34,31,ENABLE
1785583368.5462482,-0.21496147096971008,3.395604395604394,0.22417582417582338,34,31,ENABLE
1785583368.5512578,-0.19741359578850926,3.439560439560438,0.21538461538461462,34,31,ENABLE
1785583368.5562494,-0.18024719615472584,3.483516483516482,0.23296703296703214,34,31,ENABLE
1785583368.5612578,-0.16269932097352502,3.483516483516482,0.23296703296703214,34,31,ENABLE
1785583368.5662193,-0.1447699702449068,3.5274725274725256,0.25054945054944966,34,31,ENABLE
1785583368.5712478,-0.12645914396887115,3.5934065934065913,0.2593406593406584,34,31,ENABLE
1785583368.5762253,-0.10852979324025291,3.637362637362635,0.2593406593406584,34,31,ENABLE
1785583368.581249,-0.09098191805905209,3.5054945054945037,0.32087912087911974,34,31,ENABLE
1785583368.5865502,-0.07305256733043386,3.46153846153846,0.3736263736263723,34,31,ENABLE
1785583368.5915415,-0.055886167696650446,3.483516483516482,0.45274725274725114,34,31,ENABLE
1785583368.5962415,-0.03871976806286703,3.5054945054945037,0.47032967032966866,34,31,ENABLE
1785583368.6012514,-0.02040894178683139,3.5934065934065913,0.4879120879120862,34,31,ENABLE
1785583368.606261,-0.0017166399633783413,3.659340659340657,0.4439560439560424,34,31,ENABLE
1785583368.6112485,0.0165941863126573,3.659340659340657,0.4439560439560424,34,31,ENABLE
1785583368.6162457,0.03490501258869294,3.637362637362635,0.3999999999999986,34,31,ENABLE
1785583368.6212826,0.05283436331731117,3.659340659340657,0.4351648351648336,34,31,ENABLE
1785583368.626248,0.07152666514076422,3.681318681318679,0.40879120879120734,34,31,ENABLE
1785583368.6312428,0.08983749141679986,3.681318681318679,0.4175824175824161,34,31,ENABLE
1785583368.6362267,0.1081483176928355,3.703296703296701,0.36483516483516354,34,31,ENABLE
1785583368.6412473,0.12722209506370596,3.703296703296701,0.33846153846153726,34,31,ENABLE
1785583368.6462505,0.14591439688715901,3.7252747252747227,0.32087912087911974,34,31,ENABLE
1785583368.6512432,0.16422522316319466,3.659340659340657,0.32087912087911974,34,31,ENABLE
1785583368.656245,0.18177309834439548,3.5934065934065913,0.3032967032967022,34,31,ENABLE
1785583368.6612487,0.1997024490730137,3.5714285714285694,0.3032967032967022,34,31,ENABLE
1785583368.6662514,0.21801327534904935,3.5714285714285694,0.3032967032967022,34,31,ENABLE
1785583368.6712449,0.23556115053025017,3.5714285714285694,0.3032967032967022,34,31,ENABLE
1785583368.6762486,0.25272755016403536,3.483516483516482,0.2681318681318672,34,31,ENABLE
1785583368.6812503,0.2698939497978188,3.46153846153846,0.2593406593406584,34,31,ENABLE
1785583368.6864874,0.287823300526437,3.417582417582416,0.2417582417582409,34,31,ENABLE
1785583368.691546,0.304608224612803,3.3736263736263723,0.2417582417582409,34,31,ENABLE
1785583368.6962974,0.3202487220569168,3.263736263736263,0.2417582417582409,34,31,ENABLE
1785583368.7012455,0.336270695048448,3.241758241758241,0.21538461538461462,34,31,ENABLE
1785583368.7062886,0.35229266803997916,3.197802197802197,0.20659340659340586,34,31,ENABLE
1785583368.7112496,0.36831464103151035,3.175824175824175,0.18021978021977958,34,31,ENABLE
1785583368.7162442,0.3835736629282067,3.0879120879120876,0.17142857142857082,34,31,ENABLE
1785583368.7212443,0.3984512092774857,3.0,0.1538461538461533,34,31,ENABLE
1785583368.7262466,0.4121843289845124,2.8681318681318686,0.1538461538461533,34,31,ENABLE
1785583368.731247,0.42629892423895654,2.758241758241759,0.18021978021977958,34,31,ENABLE
1785583368.7362244,0.43965056839856587,2.780219780219781,0.18021978021977958,34,31,ENABLE
1785583368.741245,0.4533836881055926,2.7142857142857153,0.16263736263736206,34,31,ENABLE
1785583368.7462213,0.4663538567177845,2.604395604395606,0.14505494505494454,34,31,ENABLE
1785583368.7512453,0.4785610742351416,2.4945054945054963,0.1098901098901095,34,31,ENABLE
1785583368.7562475,0.4907682917524987,2.4285714285714306,0.09230769230769198,34,31,ENABLE
1785583368.761246,0.502212558175021,2.296703296703299,0.10109890109890074,34,31,ENABLE
1785583368.7662432,0.5132753490501258,2.2747252747252773,0.10109890109890074,34,31,ENABLE
1785583368.7712429,0.5243381399252307,2.2087912087912116,0.08351648351648322,34,31,ENABLE
1785583368.77626,0.5342565041580833,2.07692307692308,0.08351648351648322,34,31,ENABLE
1785583368.7812452,0.5434119172961012,1.901098901098898,0.07472527472527446,34,31,ENABLE
1785583368.7862425,0.552567330434119,1.8131868131868103,0.07472527472527446,34,31,ENABLE
1785583368.791244,0.5613412680247194,1.7912087912087884,0.0659340659340657,34,31,ENABLE
1785583368.7962494,0.569352254520485,1.659340659340657,0.0659340659340657,34,31,ENABLE
1785583368.8012455,0.5766002899214158,1.5494505494505475,0.05714285714285694,34,31,ENABLE
1785583368.8062453,0.5838483253223465,1.46153846153846,0.04835164835164818,34,31,ENABLE
1785583368.811231,0.5903334096284425,1.3516483516483504,0.03076923076923066,34,31,ENABLE
1785583368.8162673,0.5971999694819559,1.3516483516483504,-0.00439560439560438,34,31,ENABLE
1785583368.8212445,0.6025406271457996,1.1538461538461533,-0.03076923076923066,34,31,ENABLE
1785583368.8262239,0.6071183337148085,0.9780219780219781,-0.0219780219780219,34,31,ENABLE
1785583368.8312476,0.6105516136415652,0.8241758241758248,0.00439560439560438,34,31,ENABLE
1785583368.8362463,0.6139848935683219,0.7142857142857153,0.00439560439560438,34,31,ENABLE
1785583368.8412533,0.6174181734950785,0.6703296703296715,-0.00439560439560438,34,31,ENABLE
1785583368.846241,0.6208514534218352,0.6483516483516496,-0.04835164835164818,34,31,ENABLE
1785583368.8512433,0.6231403067063397,0.560439560439562,-0.09230769230769198,34,31,ENABLE
1785583368.8564644,0.6246662088960093,0.340659340659343,-0.11868131868131826,34,31,ENABLE
1785583368.8615432,0.6254291599908441,0.1868131868131897,-0.1098901098901095,34,31,ENABLE
1785583368.8662994,0.6254291599908441,0.0989010989011021,-0.09230769230769198,34,31,ENABLE
1785583368.871244,0.6254291599908441,0.010989010989014503,-0.1098901098901095,34,31,ENABLE
1785583368.8762705,0.6250476844434267,-0.0549450549450583,-0.14505494505494454,34,31,ENABLE
1785583368.881247,0.6246662088960093,-0.0769230769230802,-0.1978021978021971,34,31,ENABLE
1785583368.8862474,0.6235217822537571,-0.1648351648351678,-0.2593406593406584,34,31,ENABLE
1785583368.8912458,0.62161440451667,-0.340659340659343,-0.3032967032967022,34,31,ENABLE
1785583368.8962464,0.6193255512321656,-0.4065934065934087,-0.347252747252746,34,31,ENABLE
1785583368.9012625,0.6158922713054089,-0.6043956043956058,-0.347252747252746,34,31,ENABLE
1785583368.9062493,0.6116960402838174,-0.7362637362637372,-0.347252747252746,34,31,ENABLE
1785583368.911246,0.6071183337148085,-0.9120879120879124,-0.32087912087911974,34,31,ENABLE
1785583368.9162421,0.6013962005035474,-1.0659340659340657,-0.29450549450549346,34,31,ENABLE
1785583368.9212441,0.5949111161974514,-1.197802197802197,-0.2593406593406584,34,31,ENABLE
1785583368.9262476,0.5884260318913554,-1.3296703296703285,-0.2593406593406584,34,31,ENABLE
1785583368.93125,0.5815594720378421,-1.3296703296703285,-0.29450549450549346,34,31,ENABLE
1785583368.9362495,0.5746929121843287,-1.3956043956043942,-0.3296703296703285,34,31,ENABLE
1785583368.9412394,0.5666819256885631,-1.5054945054945037,-0.3560439560439548,34,31,ENABLE
1785583368.946219,0.5579079880979627,-1.7252747252747227,-0.33846153846153726,34,31,ENABLE
1785583368.9512453,0.5483710994125275,-1.8351648351648322,-0.32087912087911974,34,31,ENABLE
1785583368.956425,0.5384527351796748,-1.9230769230769198,-0.3296703296703285,34,31,ENABLE
1785583368.961278,0.5281528953994048,-2.0549450549450583,-0.3032967032967022,34,31,ENABLE
1785583368.9662397,0.5170901045242999,-2.1868131868131897,-0.27692307692307594,34,31,ENABLE
1785583368.9712384,0.5056458381017777,-2.2747252747252773,-0.27692307692307594,34,31,ENABLE
1785583368.9762435,0.49382009613183797,-2.318681318681321,-0.2857142857142847,34,31,ENABLE
1785583368.9812493,0.4816128786144809,-2.4065934065934087,-0.2857142857142847,34,31,ENABLE
1785583368.9864893,0.46864271000228896,-2.4945054945054963,-0.3032967032967022,34,31,ENABLE
1785583368.9915538,0.45529106584267964,-2.582417582417584,-0.29450549450549346,34,31,ENABLE
1785583368.9963489,0.4419394216830703,-2.7142857142857153,-0.27692307692307594,34,31,ENABLE
1785583369.0012507,0.4278248264286262,-2.824175824175825,-0.27692307692307594,34,31,ENABLE
1785583369.0062382,0.41332875562676463,-2.8901098901098905,-0.2681318681318672,34,31,ENABLE
1785583369.0112529,0.3984512092774857,-2.956043956043956,-0.2593406593406584,34,31,ENABLE
1785583369.016248,0.3835736629282067,-3.021978021978022,-0.27692307692307594,34,31,ENABLE
1785583369.0212238,0.36793316548409294,-3.0879120879120876,-0.2593406593406584,34,31,ENABLE
1785583369.0262494,0.35152971694514434,-3.175824175824175,-0.2681318681318672,34,31,ENABLE
1785583369.0312366,0.33512626840619575,-3.241758241758241,-0.2593406593406584,34,31,ENABLE
1785583369.036245,0.31834134431982974,-3.3076923076923066,-0.22417582417582338,34,31,ENABLE
1785583369.0412447,0.30155642023346374,-3.3516483516483504,-0.22417582417582338,34,31,ENABLE
1785583369.0462675,0.2843900205996803,-3.439560439560438,-0.21538461538461462,34,31,ENABLE
1785583369.05125,0.2668421454184795,-3.5274725274725256,-0.22417582417582338,34,31,ENABLE
1785583369.0562422,0.2489127946898595,-3.5494505494505475,-0.1978021978021971,34,31,ENABLE
1785583369.0612407,0.23136491950865867,-3.5494505494505475,-0.20659340659340586,34,31,ENABLE
1785583369.0662215,0.21305409323262303,-3.637362637362635,-0.20659340659340586,34,31,ENABLE
1785583369.07125,0.19436179140916998,-3.703296703296701,-0.1978021978021971,34,31,ENABLE
1785583369.0762472,0.17528801403829952,-3.7472527472527446,-0.18021978021977958,34,31,ENABLE
1785583369.0812364,0.15697718776226388,-3.7472527472527446,-0.17142857142857082,34,31,ENABLE
1785583369.0862417,0.137521934843976,-3.8131868131868103,-0.1538461538461533,34,31,ENABLE
1785583369.091241,0.11806668192568814,-3.901098901098898,-0.12747252747252702,34,31,ENABLE
1785583369.0962613,0.09822995345998287,-3.9450549450549417,-0.10109890109890074,34,31,ENABLE
1785583369.1012213,0.07839322499427759,-4.054945054945058,-0.03956043956043942,34,31,ENABLE
1785583369.1062186,0.05741206988632008,-4.120879120879124,0.01318681318681314,34,31,ENABLE
1785583369.111242,0.037956816968032214,-3.9890109890109855,0.0219780219780219,34,31,ENABLE
1785583369.1162763,0.018501564049744346,-3.901098901098898,0.03956043956043942,34,31,ENABLE
1785583369.1215446,-0.0005722133211261138,-3.7692307692307665,-0.00439560439560438,34,31,ENABLE
1785583369.1264632,-0.019264515144579164,-3.7912087912087884,-0.05714285714285694,34,31,ENABLE
1785583369.1312454,-0.037575341420614805,-3.7692307692307665,-0.13626373626373578,34,31,ENABLE
1785583369.1362433,-0.05741206988632008,-3.879120879120876,-0.12747252747252702,34,31,ENABLE
1785583369.141237,-0.07686732280460795,-3.901098901098898,-0.1098901098901095,34,31,ENABLE
1785583369.1462462,-0.09594110017547841,-3.901098901098898,-0.07472527472527446,34,31,ENABLE
1785583369.1512432,-0.11539635309376628,-3.8131868131868103,-0.05714285714285694,34,31,ENABLE
1785583369.156242,-0.13408865491721933,-3.8131868131868103,-0.05714285714285694,34,31,ENABLE
1785583369.1612473,-0.15278095674067238,-3.7472527472527446,-0.04835164835164818,34,31,ENABLE
1785583369.1662416,-0.17223620965896025,-3.835164835164832,-0.03956043956043942,34,31,ENABLE
1785583369.171224,-0.1909285114824133,-3.835164835164832,-0.03076923076923066,34,31,ENABLE
1785583369.1762443,-0.21000228885328376,-3.7912087912087884,0.01318681318681314,34,31,ENABLE
1785583369.1812446,-0.2286945906767368,-3.7692307692307665,0.05714285714285694,34,31,ENABLE
1785583369.1862175,-0.24662394140535504,-3.681318681318679,0.05714285714285694,34,31,ENABLE
1785583369.1912377,-0.26493476768139246,-3.637362637362635,0.05714285714285694,34,31,ENABLE
1785583369.1962414,-0.2824826428625933,-3.5494505494505475,0.0659340659340657,34,31,ENABLE
1785583369.2012162,-0.2996490424963767,-3.483516483516482,0.07472527472527446,34,31,ENABLE
1785583369.2062197,-0.3168154421301601,-3.46153846153846,0.05714285714285694,34,31,ENABLE
1785583369.2112417,-0.3336003662165261,-3.395604395604394,0.03956043956043942,34,31,ENABLE
1785583369.2162454,-0.3500038147554747,-3.3516483516483504,0.04835164835164818,34,31,ENABLE
1785583369.2212422,-0.3660257877470059,-3.263736263736263,0.08351648351648322,34,31,ENABLE
1785583369.2262514,-0.38166628519111967,-3.197802197802197,0.08351648351648322,34,31,ENABLE
1785583369.231242,-0.39692530708781604,-3.0879120879120876,0.05714285714285694,34,31,ENABLE
1785583369.2362409,-0.4114213778896776,-3.0,0.03076923076923066,34,31,ENABLE
1785583369.241236,-0.42591744869153914,-2.8681318681318686,0.0219780219780219,34,31,ENABLE
1785583369.2462428,-0.43926909285114846,-2.758241758241759,0.0219780219780219,34,31,ENABLE
1785583369.2512412,-0.4526207370107578,-2.7142857142857153,0.00439560439560438,34,31,ENABLE
1785583369.2562194,-0.4655909056229497,-2.6483516483516496,-0.0219780219780219,34,31,ENABLE
1785583369.2615614,-0.478942549782559,-2.582417582417584,-0.03956043956043942,34,31,ENABLE
1785583369.2664816,-0.4911497672999161,-2.516483516483518,-0.0219780219780219,34,31,ENABLE
1785583369.2712417,-0.5018310826276036,-2.318681318681321,-0.0219780219780219,34,31,ENABLE
1785583369.2762403,-0.5121309224078736,-2.142857142857146,-0.0219780219780219,34,31,ENABLE
1785583369.281255,-0.5216678110933088,-1.9890109890109855,0.00439560439560438,34,31,ENABLE
1785583369.2862217,-0.5300602731364918,-1.8131868131868103,0.03076923076923066,34,31,ENABLE
1785583369.2912452,-0.5369268329900052,-1.5274725274725256,0.03076923076923066,34,31,ENABLE
1785583369.296243,-0.5430304417486838,-1.2857142857142847,-0.0219780219780219,34,31,ENABLE
1785583369.301218,-0.5472266727702753,-1.0439560439560438,-0.10109890109890074,34,31,ENABLE
1785583369.3064585,-0.5514229037918668,-0.9120879120879124,-0.17142857142857082,34,31,ENABLE
1785583369.3112445,-0.5552376592660409,-0.8461538461538467,-0.21538461538461462,34,31,ENABLE
1785583369.3175206,-0.5605783169298846,-0.8241758241758248,-0.1978021978021971,34,31,ENABLE
1785583369.3215034,-0.5640115968566413,-0.8681318681318686,-0.1538461538461533,34,31,ENABLE
1785583369.326399,-0.567444876783398,-0.7362637362637372,-0.12747252747252702,34,31,ENABLE
1785583369.3302681,-0.5685893034256502,-0.4945054945054963,-0.1538461538461533,34,31,ENABLE
1785583369.3365026,-0.5701152056153198,-0.2967032967032992,-0.25054945054944966,34,31,ENABLE
1785583369.34018,-0.5708781567101546,-0.2527472527472554,-0.32087912087911974,34,31,ENABLE
1785583369.3454823,-0.5716411078049894,-0.2087912087912116,-0.38241758241758106,34,31,ENABLE
1785583369.350555,-0.5735484855420765,-0.2967032967032992,-0.40879120879120734,34,31,ENABLE
1785583369.354564,-0.5750743877317461,-0.3626373626373649,-0.36483516483516354,34,31,ENABLE
1785583369.35987,-0.5766002899214158,-0.3186813186813211,-0.3032967032967022,34,31,ENABLE
1785583369.3660522,-0.5785076676585028,-0.3186813186813211,-0.27692307692307594,34,31,ENABLE
1785583369.3713117,-0.5792706187533376,-0.1868131868131897,-0.27692307692307594,34,31,ENABLE
1785583369.3766677,-0.5792706187533376,-0.0989010989011021,-0.3296703296703285,34,31,ENABLE
1785583369.3816328,-0.579652094300755,-0.0989010989011021,-0.36483516483516354,34,31,ENABLE
1785583369.3865297,-0.5804150453955899,-0.120879120879124,-0.3560439560439548,34,31,ENABLE
1785583369.3915467,-0.5819409475852595,-0.2747252747252773,-0.32087912087911974,34,31,ENABLE
1785583369.3965251,-0.5838483253223465,-0.3186813186813211,-0.2417582417582409,34,31,ENABLE
1785583369.4014711,-0.5849927519645988,-0.3186813186813211,-0.1538461538461533,34,31,ENABLE
1785583369.4065287,-0.5849927519645988,-0.1428571428571459,-0.0659340659340657,34,31,ENABLE
1785583369.4114811,-0.5838483253223465,0.1428571428571459,-0.0219780219780219,34,31,ENABLE
1785583369.4165752,-0.5823224231326769,0.2307692307692335,0.03076923076923066,34,31,ENABLE
1785583369.4214964,-0.5800335698481724,0.3626373626373649,0.08351648351648322,34,31,ENABLE
1785583369.426544,-0.5773632410162506,0.4725274725274744,0.1098901098901095,34,31,ENABLE
1785583369.4315183,-0.5731670099946591,0.6923076923076934,0.12747252747252702,34,31,ENABLE
1785583369.4364624,-0.567444876783398,0.9780219780219781,0.11868131868131826,34,31,ENABLE
1785583369.4414773,-0.5617227435721368,1.1318681318681314,0.08351648351648322,34,31,ENABLE
1785583369.446467,-0.5552376592660409,1.241758241758241,0.08351648351648322,34,31,ENABLE
1785583369.4514818,-0.5487525749599449,1.219780219780219,0.11868131868131826,34,31,ENABLE
1785583369.4565408,-0.5411230640115967,1.417582417582416,0.16263736263736206,34,31,ENABLE
1785583369.4614854,-0.5327306019684137,1.6153846153846132,0.16263736263736206,34,31,ENABLE
1785583369.466468,-0.5224307621881437,1.8351648351648322,0.13626373626373578,34,31,ENABLE
1785583369.4714673,-0.512512397955291,1.9450549450549417,0.11868131868131826,34,31,ENABLE
1785583369.4766119,-0.5025940337224384,1.9670329670329636,0.11868131868131826,34,31,ENABLE
1785583369.4815252,-0.4919127183947509,2.07692307692308,0.12747252747252702,34,31,ENABLE
1785583369.4864736,-0.48046845197222865,2.2087912087912116,0.14505494505494454,34,31,ENABLE
1785583369.4915323,-0.46826123445487156,2.340659340659343,0.16263736263736206,34,31,ENABLE
1785583369.4964767,-0.45605401693751446,2.4505494505494525,0.14505494505494454,34,31,ENABLE
1785583369.5014775,-0.44270237277790514,2.582417582417584,0.14505494505494454,34,31,ENABLE
1785583369.5064647,-0.4289692530708784,2.6703296703296715,0.1538461538461533,34,31,ENABLE
1785583369.511469,-0.4152361333638517,2.758241758241759,0.13626373626373578,34,31,ENABLE
1785583369.5164957,-0.4003585870145727,2.8681318681318686,0.13626373626373578,34,31,ENABLE
1785583369.5214753,-0.38509956511787635,2.956043956043956,0.12747252747252702,34,31,ENABLE
1785583369.5264637,-0.3694590676737626,3.0659340659340657,0.1098901098901095,34,31,ENABLE
1785583369.5314689,-0.3538185702296488,3.1098901098901095,0.11868131868131826,34,31,ENABLE
1785583369.5364664,-0.3377965972381176,3.1538461538461533,0.1098901098901095,34,31,ENABLE
1785583369.5414824,-0.321393148699169,3.197802197802197,0.11868131868131826,34,31,ENABLE
1785583369.546465,-0.3049897001602204,3.3076923076923066,0.12747252747252702,34,31,ENABLE
1785583369.5514805,-0.287823300526437,3.3296703296703285,0.16263736263736206,34,31,ENABLE
1785583369.5564706,-0.271038376440071,3.3736263736263723,0.16263736263736206,34,31,ENABLE
1785583369.5615416,-0.2531090257114528,3.439560439560438,0.18901098901098834,34,31,ENABLE
1785583369.5664706,-0.23556115053025017,3.5274725274725256,0.1978021978021971,34,31,ENABLE
1785583369.5714698,-0.21763179980163194,3.5494505494505475,0.20659340659340586,34,31,ENABLE
1785583369.576467,-0.20008392462043112,3.5714285714285694,0.22417582417582338,34,31,ENABLE
