time,position,velocity,torque,temp_mosfet,temp_rotor,status
1785583349.3472662,-0.05016403448538931,-0.010989010989014503,-0.00439560439560438,35,32,ENABLE
1785583349.5660336,-0.0001907377737087046,-0.0329670329670364,-0.00439560439560438,35,32,ENABLE
1785583349.5801475,-0.0001907377737087046,-0.010989010989014503,-0.00439560439560438,35,32,ENABLE
1785583349.585043,-0.0001907377737087046,-0.0329670329670364,-0.00439560439560438,35,32,ENABLE
1785583349.5899546,-0.0001907377737087046,-0.010989010989014503,-0.01318681318681314,35,32,ENABLE
1785583349.5943034,-0.0001907377737087046,0.010989010989014503,0.00439560439560438,35,32,ENABLE
1785583349.599332,-0.0001907377737087046,-0.0329670329670364,0.00439560439560438,35,32,ENABLE
1785583349.604262,-0.0001907377737087046,-0.010989010989014503,0.01318681318681314,35,32,ENABLE
1785583349.60934,-0.0001907377737087046,0.010989010989014503,0.0219780219780219,35,32,ENABLE
1785583349.6146016,-0.0001907377737087046,-0.010989010989014503,0.0219780219780219,35,32,ENABLE
1785583349.6195183,-0.0001907377737087046,-0.010989010989014503,0.0219780219780219,35,32,ENABLE
1785583349.6244133,-0.0001907377737087046,-0.010989010989014503,0.03956043956043942,35,32,ENABLE
1785583349.6293302,-0.0001907377737087046,-0.010989010989014503,0.03956043956043942,35,32,ENABLE
1785583349.6342883,0.0001907377737087046,0.010989010989014503,0.03076923076923066,35,32,ENABLE
1785583349.639247,0.000953688868543523,0.0769230769230802,0.0219780219780219,35,32,ENABLE
1785583349.6442847,0.0013351644159609322,0.0769230769230802,0.00439560439560438,35,32,ENABLE
1785583349.6493788,0.0020981155107957505,0.1428571428571459,-0.03956043956043942,35,32,ENABLE
1785583349.654273,0.0036240177004653873,0.2307692307692335,-0.0659340659340657,35,32,ENABLE
1785583349.659348,0.005149919890135024,0.2527472527472554,-0.0659340659340657,35,32,ENABLE
1785583349.6643555,0.005912870984969842,0.1868131868131897,-0.07472527472527446,35,32,ENABLE
1785583349.6693547,0.006675822079804661,0.1648351648351678,-0.08351648351648322,35,32,ENABLE
1785583349.6742759,0.007438773174639479,0.1868131868131897,-0.09230769230769198,35,32,ENABLE
1785583349.679267,0.008583199816891707,0.1868131868131897,-0.07472527472527446,35,32,ENABLE
1785583349.6842654,0.008964675364309116,0.120879120879124,-0.05714285714285694,35,32,ENABLE
1785583349.6892836,0.009346150911726525,0.0329670329670364,-0.03076923076923066,35,32,ENABLE
1785583349.6942677,0.009346150911726525,0.0329670329670364,-0.0219780219780219,35,32,ENABLE
1785583349.6992729,0.009727626459143934,0.0769230769230802,-0.0219780219780219,35,32,ENABLE
1785583349.7043736,0.010490577553978753,0.0989010989011021,-0.05714285714285694,35,32,ENABLE
1785583349.7093837,0.01201647974364839,0.2087912087912116,-0.0659340659340657,35,32,ENABLE
1785583349.714615,0.012779430838483208,0.1868131868131897,-0.05714285714285694,35,32,ENABLE
1785583349.7196012,0.013160906385900617,0.0989010989011021,-0.04835164835164818,35,32,ENABLE
1785583349.724414,0.013542381933318026,0.0549450549450583,-0.04835164835164818,35,32,ENABLE
1785583349.7294264,0.013923857480735435,0.0769230769230802,-0.04835164835164818,35,32,ENABLE
1785583349.7344906,0.014686808575570254,0.120879120879124,-0.05714285714285694,35,32,ENABLE
1785583349.7394211,0.01583123521782248,0.1868131868131897,-0.09230769230769198,35,32,ENABLE
1785583349.744419,0.017357137407492118,0.2527472527472554,-0.09230769230769198,35,32,ENABLE
1785583349.74949,0.018120088502326936,0.1868131868131897,-0.10109890109890074,35,32,ENABLE
1785583349.754493,0.018883039597161755,0.1648351648351678,-0.11868131868131826,35,32,ENABLE
1785583349.7594256,0.020027466239413982,0.2307692307692335,-0.13626373626373578,35,32,ENABLE
1785583349.764423,0.02155336842908362,0.2747252747252773,-0.12747252747252702,35,32,ENABLE
1785583349.769422,0.022697795071335847,0.2087912087912116,-0.14505494505494454,35,32,ENABLE
1785583349.7750454,0.023842221713588074,0.2087912087912116,-0.17142857142857082,35,32,ENABLE
1785583349.7795064,0.02536812390325771,0.2747252747252773,-0.18021978021977958,35,32,ENABLE
1785583349.784312,0.026894026092927348,0.2967032967032992,-0.20659340659340586,35,32,ENABLE
1785583349.789356,0.028419928282596985,0.3186813186813211,-0.2417582417582409,35,32,ENABLE
1785583349.7944212,0.03070878156710144,0.3626373626373649,-0.25054945054944966,35,32,ENABLE
1785583349.7994864,0.03185320820935367,0.3186813186813211,-0.29450549450549346,35,32,ENABLE
1785583349.8044155,0.03452353704127553,0.4065934065934087,-0.312087912087911,35,32,ENABLE
1785583349.8094277,0.03643091477836258,0.4065934065934087,-0.36483516483516354,35,32,ENABLE
1785583349.8144197,0.03910124361028444,0.4945054945054963,-0.3912087912087898,35,32,ENABLE
1785583349.8194158,0.0413900968947889,0.4725274725274744,-0.4351648351648336,35,32,ENABLE
1785583349.8244116,0.04367895017929335,0.4505494505494525,-0.4615384615384599,35,32,ENABLE
1785583349.8294039,0.046730754558632626,0.4945054945054963,-0.49670329670329494,35,32,ENABLE
1785583349.8344238,0.04901960784313708,0.4725274725274744,-0.5318681318681335,35,32,ENABLE
1785583349.8394215,0.051689936675058945,0.5164835164835182,-0.5670329670329686,35,32,ENABLE
1785583349.844418,0.05436026550698081,0.5164835164835182,-0.5934065934065949,35,32,ENABLE
1785583349.8494136,0.056649118791485265,0.4725274725274744,-0.6285714285714299,35,32,ENABLE
1785583349.8544085,0.05970092317082454,0.5164835164835182,-0.6373626373626387,35,32,ENABLE
1785583349.8594134,0.061608300907911584,0.4505494505494525,-0.6637362637362649,35,32,ENABLE
1785583349.864416,0.06427862973983345,0.4725274725274744,-0.6725274725274737,35,32,ENABLE
1785583349.8694577,0.0665674830243379,0.4725274725274744,-0.7076923076923087,35,32,ENABLE
1785583349.874418,0.06885633630884236,0.4285714285714306,-0.7252747252747263,35,32,ENABLE
1785583349.8794153,0.07190814068818163,0.5164835164835182,-0.7428571428571438,35,32,ENABLE
1785583349.8844135,0.07381551842526868,0.4505494505494525,-0.7780219780219788,35,32,ENABLE
1785583349.889419,0.07648584725719054,0.4725274725274744,-0.7780219780219788,35,32,ENABLE
1785583349.894419,0.078774700541695,0.4725274725274744,-0.8043956043956051,35,32,ENABLE
1785583349.8994176,0.08068207827878204,0.4285714285714306,-0.8219780219780226,35,32,ENABLE
1785583349.9044087,0.08335240711070391,0.4725274725274744,-0.8571428571428577,35,32,ENABLE
1785583349.9094143,0.08525978484779095,0.4285714285714306,-0.8835164835164839,35,32,ENABLE
1785583349.9144177,0.08831158922713023,0.5164835164835182,-0.918681318681319,35,32,ENABLE
1785583349.91939,0.09060044251163468,0.5164835164835182,-0.9626373626373628,35,32,ENABLE
1785583349.9243915,0.09327077134355655,0.4945054945054963,-0.9802197802197803,35,32,ENABLE
1785583349.9294097,0.09632257572289582,0.5824175824175839,-1.024175824175824,35,32,ENABLE
1785583349.9344192,0.09899290455481768,0.560439560439562,-1.0769230769230766,35,32,ENABLE
1785583349.9393964,0.10166323338673955,0.4945054945054963,-1.068131868131868,35,32,ENABLE
1785583349.9444067,0.10433356221866141,0.5384615384615401,-1.103296703296703,35,32,ENABLE
1785583349.9494252,0.10662241550316587,0.4945054945054963,-1.1208791208791204,35,32,ENABLE
1785583349.9544108,0.10929274433508773,0.4725274725274744,-1.1208791208791204,35,32,ENABLE
1785583349.9594152,0.11120012207217478,0.4065934065934087,-1.138461538461538,35,32,ENABLE
1785583349.9644198,0.11348897535667923,0.4285714285714306,-1.1560439560439555,35,32,ENABLE
1785583349.9694893,0.11577782864118369,0.4505494505494525,-1.1824175824175818,35,32,ENABLE
1785583349.974417,0.11806668192568814,0.4065934065934087,-1.1824175824175818,35,32,ENABLE
1785583349.979416,0.11959258411535778,0.3626373626373649,-1.1912087912087905,35,32,ENABLE
1785583349.9844158,0.12188143739986224,0.3846153846153868,-1.1999999999999993,35,32,ENABLE
1785583349.989486,0.12340733958953187,0.340659340659343,-1.2263736263736256,35,32,ENABLE
1785583349.9944105,0.12531471732661892,0.3626373626373649,-1.208791208791208,35,32,ENABLE
1785583349.9994173,0.12645914396887115,0.2747252747252773,-1.1824175824175818,35,32,ENABLE
1785583350.00441,0.12760357061112337,0.2527472527472554,-1.1999999999999993,35,32,ENABLE
1785583350.0094187,0.129129472800793,0.2747252747252773,-1.1999999999999993,35,32,ENABLE
1785583350.0144167,0.13027389944304524,0.1868131868131897,-1.173626373626373,35,32,ENABLE
1785583350.0194118,0.13065537499046265,0.120879120879124,-1.1560439560439555,35,32,ENABLE
1785583350.0244179,0.13141832608529747,0.1428571428571459,-1.1560439560439555,35,32,ENABLE
1785583350.029462,0.1325627527275497,0.1868131868131897,-1.1648351648351642,35,32,ENABLE
1785583350.0344965,0.1333257038223845,0.1868131868131897,-1.1560439560439555,35,32,ENABLE
1785583350.0395737,0.13370717936980192,0.0549450549450583,-1.1208791208791204,35,32,ENABLE
1785583350.0445495,0.13370717936980192,0.010989010989014503,-1.0945054945054942,35,32,ENABLE
1785583350.0495903,0.13370717936980192,0.010989010989014503,-1.0769230769230766,35,32,ENABLE
1785583350.054571,0.13370717936980192,0.010989010989014503,-1.0593406593406591,35,32,ENABLE
1785583350.0595582,0.13370717936980192,-0.010989010989014503,-1.0417582417582416,35,32,ENABLE
1785583350.0645494,0.1333257038223845,0.010989010989014503,-1.0329670329670328,35,32,ENABLE
1785583350.0695727,0.13370717936980192,-0.010989010989014503,-1.024175824175824,35,32,ENABLE
1785583350.0746005,0.13370717936980192,-0.0329670329670364,-1.0153846153846153,35,32,ENABLE
1785583350.079554,0.1333257038223845,-0.010989010989014503,-1.0065934065934066,35,32,ENABLE
1785583350.0845509,0.13370717936980192,-0.010989010989014503,-0.989010989010989,35,32,ENABLE
1785583350.0895505,0.13370717936980192,-0.010989010989014503,-0.9802197802197803,35,32,ENABLE
1785583350.0945458,0.1333257038223845,-0.010989010989014503,-0.9714285714285715,35,32,ENABLE
1785583350.0995302,0.13370717936980192,-0.010989010989014503,-0.9626373626373628,35,32,ENABLE
1785583350.1045492,0.1333257038223845,-0.010989010989014503,-0.9450549450549453,35,32,ENABLE
1785583350.109543,0.1333257038223845,-0.010989010989014503,-0.9450549450549453,35,32,ENABLE
1785583350.1145597,0.1333257038223845,-0.010989010989014503,-0.9362637362637365,35,32,ENABLE
1785583350.1195307,0.1333257038223845,-0.0329670329670364,-0.9274725274725277,35,32,ENABLE
1785583350.1245482,0.1333257038223845,-0.0329670329670364,-0.918681318681319,35,32,ENABLE
1785583350.1295545,0.1333257038223845,-0.0329670329670364,-0.9010989010989015,35,32,ENABLE
1785583350.1345568,0.1333257038223845,-0.010989010989014503,-0.8923076923076927,35,32,ENABLE
1785583350.1395602,0.1329442282749671,-0.010989010989014503,-0.8835164835164839,35,32,ENABLE
1785583350.1445465,0.1329442282749671,-0.0329670329670364,-0.8835164835164839,35,32,ENABLE
1785583350.1495447,0.1329442282749671,-0.010989010989014503,-0.8747252747252752,35,32,ENABLE
1785583350.1545777,0.1329442282749671,-0.010989010989014503,-0.8571428571428577,35,32,ENABLE
1785583350.1595967,0.1329442282749671,-0.010989010989014503,-0.8483516483516489,35,32,ENABLE
1785583350.1645908,0.1329442282749671,0.010989010989014503,-0.8395604395604401,35,32,ENABLE
1785583350.1695926,0.1329442282749671,-0.010989010989014503,-0.8307692307692314,35,32,ENABLE
1785583350.1745412,0.1325627527275497,-0.0329670329670364,-0.8131868131868139,35,32,ENABLE
1785583350.1794162,0.1325627527275497,-0.0329670329670364,-0.8131868131868139,35,32,ENABLE
1785583350.184407,0.1325627527275497,-0.0329670329670364,-0.8043956043956051,35,32,ENABLE
1785583350.1894255,0.1325627527275497,-0.010989010989014503,-0.7868131868131876,35,32,ENABLE
1785583350.19441,0.1325627527275497,-0.0329670329670364,-0.7780219780219788,35,32,ENABLE
1785583350.1994195,0.1325627527275497,-0.0329670329670364,-0.76923076923077,35,32,ENABLE
1785583350.2044163,0.1325627527275497,-0.010989010989014503,-0.7604395604395613,35,32,ENABLE
1785583350.2094731,0.1325627527275497,-0.010989010989014503,-0.7604395604395613,35,32,ENABLE
1785583350.2144065,0.1325627527275497,-0.010989010989014503,-0.7516483516483525,35,32,ENABLE
1785583350.2194853,0.1325627527275497,-0.010989010989014503,-0.7428571428571438,35,32,ENABLE
1785583350.2244582,0.1325627527275497,0.010989010989014503,-0.734065934065935,35,32,ENABLE
1785583350.2294474,0.1325627527275497,-0.010989010989014503,-0.7252747252747263,35,32,ENABLE
1785583350.2344112,0.1325627527275497,-0.010989010989014503,-0.7252747252747263,35,32,ENABLE
1785583350.2394128,0.1325627527275497,-0.010989010989014503,-0.7164835164835175,35,32,ENABLE
1785583350.2444067,0.1329442282749671,0.010989010989014503,-0.7164835164835175,35,32,ENABLE
1785583350.249446,0.1329442282749671,-0.010989010989014503,-0.7076923076923087,35,32,ENABLE
1785583350.2544167,0.1333257038223845,0.010989010989014503,-0.6989010989011,35,32,ENABLE
1785583350.2594087,0.1333257038223845,0.010989010989014503,-0.6989010989011,35,32,ENABLE
1785583350.2644114,0.1333257038223845,0.010989010989014503,-0.6989010989011,35,32,ENABLE
1785583350.269415,0.13370717936980192,0.0329670329670364,-0.6989010989011,35,32,ENABLE
1785583350.2744093,0.13408865491721933,0.0549450549450583,-0.6989010989011,35,32,ENABLE
1785583350.279409,0.13485160601205415,0.0989010989011021,-0.7164835164835175,35,32,ENABLE
1785583350.2844062,0.13599603265430638,0.2087912087912116,-0.76923076923077,35,32,ENABLE
1785583350.2893896,0.13790341039139342,0.2967032967032992,-0.8043956043956051,35,32,ENABLE
1785583350.2944157,0.13904783703364565,0.2087912087912116,-0.8131868131868139,35,32,ENABLE
1785583350.2994125,0.14019226367589788,0.2747252747252773,-0.8395604395604401,35,32,ENABLE
1785583350.304416,0.1417181658655675,0.2747252747252773,-0.8483516483516489,35,32,ENABLE
1785583350.3094113,0.14286259250781974,0.1868131868131897,-0.8395604395604401,35,32,ENABLE
1785583350.3144646,0.14400701915007197,0.2087912087912116,-0.8571428571428577,35,32,ENABLE
1785583350.319496,0.1455329213397416,0.2967032967032992,-0.8747252747252752,35,32,ENABLE
1785583350.3244135,0.14667734798199383,0.2087912087912116,-0.8659340659340664,35,32,ENABLE
1785583350.329424,0.14744029907682865,0.1868131868131897,-0.8571428571428577,35,32,ENABLE
1785583350.3344164,0.14858472571908088,0.1868131868131897,-0.8747252747252752,35,32,ENABLE
1785583350.3394055,0.1497291523613331,0.2307692307692335,-0.8835164835164839,35,32,ENABLE
1785583350.3444085,0.15049210345616792,0.1648351648351678,-0.8659340659340664,35,32,ENABLE
1785583350.3494055,0.15125505455100274,0.1428571428571459,-0.8571428571428577,35,32,ENABLE
1785583350.3544157,0.15163653009842015,0.120879120879124,-0.8571428571428577,35,32,ENABLE
1785583350.3594053,0.1531624322880898,0.2307692307692335,-0.8747252747252752,35,32,ENABLE
1785583350.364388,0.15430685893034202,0.2087912087912116,-0.8747252747252752,35,32,ENABLE
1785583350.3694067,0.15506981002517684,0.120879120879124,-0.8571428571428577,35,32,ENABLE
1785583350.3744078,0.15506981002517684,0.0769230769230802,-0.8395604395604401,35,32,ENABLE
1785583350.3794084,0.15545128557259424,0.0549450549450583,-0.8219780219780226,35,32,ENABLE
1785583350.3844132,0.15583276112001165,0.0769230769230802,-0.8307692307692314,35,32,ENABLE
1785583350.389411,0.15697718776226388,0.1428571428571459,-0.8571428571428577,35,32,ENABLE
1785583350.3944852,0.1581216144045161,0.2307692307692335,-0.8571428571428577,35,32,ENABLE
1785583350.399415,0.15888456549935093,0.120879120879124,-0.8395604395604401,35,32,ENABLE
1785583350.4043972,0.15888456549935093,0.0549450549450583,-0.8219780219780226,35,32,ENABLE
1785583350.409407,0.15888456549935093,0.010989010989014503,-0.8043956043956051,35,32,ENABLE
1785583350.4144893,0.15888456549935093,0.010989010989014503,-0.7868131868131876,35,32,ENABLE
1785583350.4194112,0.15926604104676834,0.0549450549450583,-0.7868131868131876,35,32,ENABLE
1785583350.4244046,0.16002899214160315,0.0989010989011021,-0.8131868131868139,35,32,ENABLE
1785583350.4294076,0.1615548943312728,0.2307692307692335,-0.8395604395604401,35,32,ENABLE
1785583350.4344184,0.16269932097352502,0.2307692307692335,-0.8659340659340664,35,32,ENABLE
1785583350.439404,0.16346227206835984,0.1428571428571459,-0.8571428571428577,35,32,ENABLE
1785583350.4444103,0.16384374761577725,0.0769230769230802,-0.8395604395604401,35,32,ENABLE
1785583350.4494011,0.16422522316319466,0.0769230769230802,-0.8307692307692314,35,32,ENABLE
1785583350.4544067,0.16498817425802947,0.120879120879124,-0.8571428571428577,35,32,ENABLE
1785583350.459405,0.1661326009002817,0.2087912087912116,-0.8571428571428577,35,32,ENABLE
1785583350.46441,0.16689555199511652,0.1428571428571459,-0.8395604395604401,35,32,ENABLE
1785583350.4693952,0.16689555199511652,0.0329670329670364,-0.8043956043956051,35,32,ENABLE
1785583350.4745026,0.16689555199511652,-0.010989010989014503,-0.7868131868131876,35,32,ENABLE
1785583350.4794106,0.16689555199511652,0.010989010989014503,-0.76923076923077,35,32,ENABLE
1785583350.4844103,0.16689555199511652,-0.010989010989014503,-0.7604395604395613,35,32,ENABLE
1785583350.4894867,0.16689555199511652,0.010989010989014503,-0.7516483516483525,35,32,ENABLE
1785583350.494403,0.16727702754253393,0.010989010989014503,-0.7428571428571438,35,32,ENABLE
1785583350.499405,0.16727702754253393,0.010989010989014503,-0.7428571428571438,35,32,ENABLE
1785583350.5044093,0.16727702754253393,0.0329670329670364,-0.734065934065935,35,32,ENABLE
1785583350.5094106,0.16765850308995134,0.0329670329670364,-0.734065934065935,35,32,ENABLE
1785583350.5144057,0.16803997863736875,0.0769230769230802,-0.7604395604395613,35,32,ENABLE
1785583350.5194085,0.16918440527962098,0.1648351648351678,-0.7868131868131876,35,32,ENABLE
1785583350.5244052,0.1707103074692906,0.2307692307692335,-0.8131868131868139,35,32,ENABLE
1785583350.5294921,0.17147325856412543,0.1648351648351678,-0.8131868131868139,35,32,ENABLE
1785583350.53441,0.17223620965896025,0.120879120879124,-0.8131868131868139,35,32,ENABLE
1785583350.5394094,0.17261768520637766,0.0989010989011021,-0.8131868131868139,35,32,ENABLE
1785583350.5444014,0.17376211184862989,0.1428571428571459,-0.8219780219780226,35,32,ENABLE
1785583350.5494094,0.1745250629434647,0.1868131868131897,-0.8307692307692314,35,32,ENABLE
1785583350.5544026,0.17528801403829952,0.120879120879124,-0.8131868131868139,35,32,ENABLE
1785583350.5593886,0.17566948958571693,0.0769230769230802,-0.7780219780219788,35,32,ENABLE
1785583350.56441,0.17528801403829952,0.010989010989014503,-0.7604395604395613,35,32,ENABLE
1785583350.569477,0.17566948958571693,0.010989010989014503,-0.7604395604395613,35,32,ENABLE
1785583350.5744755,0.17605096513313434,0.0549450549450583,-0.7604395604395613,35,32,ENABLE
1785583350.5795555,0.17681391622796916,0.0989010989011021,-0.7780219780219788,35,32,ENABLE
1785583350.5846221,0.1783398184176388,0.2087912087912116,-0.8219780219780226,35,32,ENABLE
1785583350.5895514,0.17948424505989102,0.2747252747252773,-0.8483516483516489,35,32,ENABLE
1785583350.5945482,0.18062867170214325,0.1868131868131897,-0.8571428571428577,35,32,ENABLE
1785583350.5995586,0.18139162279697807,0.1648351648351678,-0.8571428571428577,35,32,ENABLE
1785583350.6045449,0.1825360494392303,0.2307692307692335,-0.8747252747252752,35,32,ENABLE
1785583350.6095533,0.18329900053406512,0.1648351648351678,-0.8483516483516489,35,32,ENABLE
1785583350.6145418,0.18368047608148252,0.0549450549450583,-0.8219780219780226,35,32,ENABLE
1785583350.6195436,0.18368047608148252,0.010989010989014503,-0.7868131868131876,35,32,ENABLE
1785583350.6245413,0.18368047608148252,0.010989010989014503,-0.76923076923077,35,32,ENABLE
1785583350.6295428,0.18368047608148252,-0.010989010989014503,-0.76923076923077,35,32,ENABLE
1785583350.6345377,0.18406195162889993,0.0329670329670364,-0.7604395604395613,35,32,ENABLE
1785583350.6395414,0.18444342717631734,0.0549450549450583,-0.76923076923077,35,32,ENABLE
1785583350.6445448,0.18520637827115216,0.120879120879124,-0.7956043956043963,35,32,ENABLE
1785583350.6495624,0.1863508049134044,0.2087912087912116,-0.8307692307692314,35,32,ENABLE
1785583350.6544998,0.18749523155565662,0.2087912087912116,-0.8395604395604401,35,32,ENABLE
1785583350.6595144,0.18825818265049143,0.120879120879124,-0.8219780219780226,35,32,ENABLE
1785583350.66465,0.18825818265049143,0.0329670329670364,-0.7956043956043963,35,32,ENABLE
1785583350.66958,0.18787670710307403,-0.010989010989014503,-0.76923076923077,35,32,ENABLE
1785583350.6745496,0.18825818265049143,0.0329670329670364,-0.76923076923077,35,32,ENABLE
1785583350.6795475,0.18863965819790884,0.0329670329670364,-0.7604395604395613,35,32,ENABLE
1785583350.684552,0.18940260929274366,0.120879120879124,-0.7868131868131876,35,32,ENABLE
1785583350.6895514,0.1905470359349959,0.1868131868131897,-0.8219780219780226,35,32,ENABLE
1785583350.6945496,0.19169146257724812,0.2307692307692335,-0.8307692307692314,35,32,ENABLE
1785583350.699549,0.19245441367208294,0.1428571428571459,-0.8219780219780226,35,32,ENABLE
1785583350.704542,0.19245441367208294,0.0549450549450583,-0.7956043956043963,35,32,ENABLE
1785583350.7095408,0.19245441367208294,0.0329670329670364,-0.7780219780219788,35,32,ENABLE
1785583350.7145479,0.19283588921950034,0.0549450549450583,-0.76923076923077,35,32,ENABLE
1785583350.7194915,0.19359884031433516,0.0769230769230802,-0.7868131868131876,35,32,ENABLE
1785583350.7244997,0.1947432669565874,0.2307692307692335,-0.8131868131868139,35,32,ENABLE
1785583350.7295673,0.19588769359883962,0.2087912087912116,-0.8307692307692314,35,32,ENABLE
1785583350.7345874,0.19626916914625703,0.120879120879124,-0.8131868131868139,35,32,ENABLE
1785583350.7395718,0.19626916914625703,0.0329670329670364,-0.7868131868131876,35,32,ENABLE
1785583350.7445476,0.19626916914625703,0.010989010989014503,-0.76923076923077,35,32,ENABLE
1785583350.7495224,0.19665064469367444,0.010989010989014503,-0.7604395604395613,35,32,ENABLE
1785583350.7546332,0.19665064469367444,0.010989010989014503,-0.7428571428571438,35,32,ENABLE
1785583350.7595527,0.19665064469367444,0.010989010989014503,-0.7428571428571438,35,32,ENABLE
1785583350.7645502,0.19703212024109185,0.0329670329670364,-0.7604395604395613,35,32,ENABLE
1785583350.769545,0.19817654688334407,0.120879120879124,-0.7780219780219788,35,32,ENABLE
1785583350.7745383,0.1993209735255963,0.1868131868131897,-0.8043956043956051,35,32,ENABLE
1785583350.7795458,0.20008392462043112,0.1648351648351678,-0.8043956043956051,35,32,ENABLE
1785583350.7844973,0.20008392462043112,0.0769230769230802,-0.7780219780219788,35,32,ENABLE
1785583350.7895596,0.20008392462043112,-0.010989010989014503,-0.7604395604395613,35,32,ENABLE
1785583350.7945774,0.20046540016784853,0.010989010989014503,-0.7428571428571438,35,32,ENABLE
1785583350.7995322,0.20008392462043112,-0.0329670329670364,-0.734065934065935,35,32,ENABLE
1785583350.804541,0.20008392462043112,-0.010989010989014503,-0.7164835164835175,35,32,ENABLE
1785583350.8095002,0.20046540016784853,0.010989010989014503,-0.7076923076923087,35,32,ENABLE
1785583350.8145428,0.20008392462043112,0.010989010989014503,-0.7076923076923087,35,32,ENABLE
1785583350.819785,0.20046540016784853,0.010989010989014503,-0.6989010989011,35,32,ENABLE
1785583350.8245542,0.20046540016784853,-0.010989010989014503,-0.6989010989011,35,32,ENABLE
1785583350.8294928,0.20046540016784853,0.010989010989014503,-0.6989010989011,35,32,ENABLE
1785583350.8345373,0.20084687571526594,0.0329670329670364,-0.6989010989011,35,32,ENABLE
1785583350.8395307,0.20122835126268335,0.0329670329670364,-0.6989010989011,35,32,ENABLE
1785583350.844492,0.20160982681010076,0.0769230769230802,-0.7164835164835175,35,32,ENABLE
1785583350.8495288,0.20275425345235298,0.1868131868131897,-0.7604395604395613,35,32,ENABLE
1785583350.8545434,0.2038986800946052,0.2087912087912116,-0.7780219780219788,35,32,ENABLE
1785583350.8595002,0.20466163118944003,0.120879120879124,-0.76923076923077,35,32,ENABLE
1785583350.8645442,0.20504310673685744,0.0769230769230802,-0.7516483516483525,35,32,ENABLE
1785583350.8695476,0.20504310673685744,0.0329670329670364,-0.7428571428571438,35,32,ENABLE
1785583350.8745012,0.20542458228427485,0.0549450549450583,-0.734065934065935,35,32,ENABLE
1785583350.8794992,0.20580605783169226,0.0769230769230802,-0.7428571428571438,35,32,ENABLE
1785583350.8845427,0.20695048447394448,0.1648351648351678,-0.76923076923077,35,32,ENABLE
1785583350.889495,0.2080949111161967,0.1868131868131897,-0.7956043956043963,35,32,ENABLE
1785583350.8944921,0.20885786221103153,0.1648351648351678,-0.7868131868131876,35,32,ENABLE
1785583350.8995423,0.20962081330586635,0.120879120879124,-0.7868131868131876,35,32,ENABLE
1785583350.9045703,0.21038376440070117,0.1428571428571459,-0.8043956043956051,35,32,ENABLE
1785583350.9095747,0.2115281910429534,0.2307692307692335,-0.8307692307692314,35,32,ENABLE
1785583350.9145672,0.21267261768520562,0.2087912087912116,-0.8395604395604401,35,32,ENABLE
1785583350.9196131,0.21305409323262303,0.1428571428571459,-0.8219780219780226,35,32,ENABLE
1785583350.924577,0.21343556878004044,0.0769230769230802,-0.8043956043956051,35,32,ENABLE
1785583350.9295535,0.21419851987487526,0.0769230769230802,-0.7956043956043963,35,32,ENABLE
1785583350.9345403,0.21496147096971008,0.1648351648351678,-0.8219780219780226,35,32,ENABLE
1785583350.93954,0.2161058976119623,0.1868131868131897,-0.8395604395604401,35,32,ENABLE
1785583350.9445448,0.21648737315937971,0.120879120879124,-0.8131868131868139,35,32,ENABLE
1785583350.9495683,0.21648737315937971,-0.010989010989014503,-0.7868131868131876,35,32,ENABLE
1785583350.9545393,0.2161058976119623,-0.0329670329670364,-0.76923076923077,35,32,ENABLE
1785583350.9595394,0.2161058976119623,-0.010989010989014503,-0.7604395604395613,35,32,ENABLE
1785583350.9644954,0.21648737315937971,0.010989010989014503,-0.7428571428571438,35,32,ENABLE
1785583350.969551,0.21648737315937971,-0.010989010989014503,-0.7428571428571438,35,32,ENABLE
1785583350.9745393,0.21648737315937971,0.010989010989014503,-0.7428571428571438,35,32,ENABLE
1785583350.9794908,0.21648737315937971,0.0329670329670364,-0.7428571428571438,35,32,ENABLE
1785583350.9845748,0.21686884870679712,0.010989010989014503,-0.7252747252747263,35,32,ENABLE
1785583350.989585,0.21686884870679712,0.010989010989014503,-0.734065934065935,35,32,ENABLE
1785583350.9945412,0.21686884870679712,0.010989010989014503,-0.734065934065935,35,32,ENABLE
1785583350.9995513,0.21725032425421453,0.010989010989014503,-0.7252747252747263,35,32,ENABLE
1785583351.0045054,0.21763179980163194,0.0549450549450583,-0.7428571428571438,35,32,ENABLE
1785583351.0095754,0.21839475089646676,0.120879120879124,-0.7604395604395613,35,32,ENABLE
1785583351.0145428,0.2199206530861364,0.2527472527472554,-0.8219780219780226,35,32,ENABLE
1785583351.0194902,0.22106507972838862,0.2307692307692335,-0.8395604395604401,35,32,ENABLE
1785583351.0244887,0.22182803082322344,0.120879120879124,-0.8395604395604401,35,32,ENABLE
1785583351.0294917,0.22220950637064085,0.120879120879124,-0.8307692307692314,35,32,ENABLE
1785583351.0345469,0.22297245746547567,0.120879120879124,-0.8219780219780226,35,32,ENABLE
1785583351.0394921,0.2237354085603105,0.120879120879124,-0.8307692307692314,35,32,ENABLE
1785583351.0445046,0.2241168841077279,0.0989010989011021,-0.8219780219780226,35,32,ENABLE
1785583351.0495648,0.2241168841077279,0.0329670329670364,-0.7956043956043963,35,32,ENABLE
1785583351.0545404,0.2241168841077279,-0.0329670329670364,-0.7780219780219788,35,32,ENABLE
1785583351.0594964,0.2241168841077279,-0.010989010989014503,-0.76923076923077,35,32,ENABLE
1785583351.0644894,0.2241168841077279,-0.010989010989014503,-0.7516483516483525,35,32,ENABLE
1785583351.069494,0.2241168841077279,0.010989010989014503,-0.7516483516483525,35,32,ENABLE
1785583351.0745683,0.2241168841077279,-0.010989010989014503,-0.7516483516483525,35,32,ENABLE
1785583351.079502,0.2241168841077279,-0.010989010989014503,-0.7428571428571438,35,32,ENABLE
1785583351.0844953,0.2244983596551453,-0.010989010989014503,-0.7428571428571438,35,32,ENABLE
1785583351.0894923,0.2244983596551453,0.010989010989014503,-0.7428571428571438,35,32,ENABLE
1785583351.094531,0.2244983596551453,-0.010989010989014503,-0.7252747252747263,35,32,ENABLE
1785583351.0995417,0.2244983596551453,-0.010989010989014503,-0.7252747252747263,35,32,ENABLE
1785583351.1044917,0.2244983596551453,0.010989010989014503,-0.7164835164835175,35,32,ENABLE
1785583351.1094918,0.2244983596551453,0.010989010989014503,-0.6989010989011,35,32,ENABLE
1785583351.1145542,0.2244983596551453,-0.010989010989014503,-0.6989010989011,35,32,ENABLE
1785583351.1195233,0.2244983596551453,-0.0329670329670364,-0.6989010989011,35,32,ENABLE
1785583351.1245449,0.2244983596551453,-0.010989010989014503,-0.6989010989011,35,32,ENABLE
1785583351.129491,0.2244983596551453,-0.010989010989014503,-0.6989010989011,35,32,ENABLE
1785583351.1345422,0.2244983596551453,-0.010989010989014503,-0.6989010989011,35,32,ENABLE
1785583351.139543,0.2244983596551453,-0.010989010989014503,-0.6989010989011,35,32,ENABLE
1785583351.1444914,0.22487983520256272,0.0329670329670364,-0.6901098901098912,35,32,ENABLE
1785583351.1495175,0.22487983520256272,0.010989010989014503,-0.7076923076923087,35,32,ENABLE
1785583351.1545403,0.22487983520256272,0.010989010989014503,-0.6989010989011,35,32,ENABLE
1785583351.1595876,0.22487983520256272,-0.0329670329670364,-0.6813186813186825,35,32,ENABLE
1785583351.1645749,0.22487983520256272,-0.010989010989014503,-0.6901098901098912,35,32,ENABLE
1785583351.1746788,0.22487983520256272,-0.010989010989014503,-0.6901098901098912,35,32,ENABLE
1785583351.178234,0.22487983520256272,-0.010989010989014503,-0.6725274725274737,35,32,ENABLE
1785583351.1809049,0.2244983596551453,-0.0329670329670364,-0.6637362637362649,35,32,ENABLE
1785583351.1840036,0.2244983596551453,-0.010989010989014503,-0.6725274725274737,35,32,ENABLE
1785583351.1888556,0.22487983520256272,-0.010989010989014503,-0.6637362637362649,35,32,ENABLE
1785583351.1938558,0.2244983596551453,-0.010989010989014503,-0.6637362637362649,35,32,ENABLE
1785583351.1988547,0.22487983520256272,-0.010989010989014503,-0.6637362637362649,35,32,ENABLE
1785583351.2039454,0.2244983596551453,-0.010989010989014503,-0.6637362637362649,35,32,ENABLE
1785583351.2087078,0.2244983596551453,-0.010989010989014503,-0.6637362637362649,35,32,ENABLE
1785583351.2137098,0.22487983520256272,0.010989010989014503,-0.6637362637362649,35,32,ENABLE
1785583351.2187002,0.22487983520256272,-0.010989010989014503,-0.6637362637362649,35,32,ENABLE
1785583351.2237859,0.22487983520256272,0.010989010989014503,-0.6637362637362649,35,32,ENABLE
1785583351.2296746,0.22487983520256272,0.010989010989014503,-0.6637362637362649,35,32,ENABLE
1785583351.2346296,0.22526131074998013,0.0329670329670364,-0.6637362637362649,35,32,ENABLE
1785583351.239587,0.22526131074998013,0.0329670329670364,-0.6725274725274737,35,32,ENABLE
1785583351.244598,0.22564278629739754,0.0549450549450583,-0.6901098901098912,35,32,ENABLE
1785583351.2493982,0.22640573739223235,0.0989010989011021,-0.7164835164835175,35,32,ENABLE
1785583351.2543995,0.227931639581902,0.2087912087912116,-0.7604395604395613,35,32,ENABLE
1785583351.259356,0.22945754177157163,0.2967032967032992,-0.8131868131868139,35,32,ENABLE
1785583351.2643976,0.23060196841382385,0.2087912087912116,-0.8131868131868139,35,32,ENABLE
1785583351.2693653,0.23136491950865867,0.2307692307692335,-0.8219780219780226,35,32,ENABLE
1785583351.2743661,0.2325093461509109,0.2087912087912116,-0.8395604395604401,35,32,ENABLE
1785583351.2795472,0.2328908216983283,0.120879120879124,-0.8219780219780226,35,32,ENABLE
1785583351.2845578,0.23327229724574572,0.0329670329670364,-0.7868131868131876,35,32,ENABLE
1785583351.289396,0.2328908216983283,0.010989010989014503,-0.76923076923077,35,32,ENABLE
1785583351.294361,0.2328908216983283,-0.010989010989014503,-0.7604395604395613,35,32,ENABLE
1785583351.299357,0.23327229724574572,-0.010989010989014503,-0.7516483516483525,35,32,ENABLE
1785583351.30436,0.2328908216983283,-0.0329670329670364,-0.7428571428571438,35,32,ENABLE
1785583351.309532,0.2328908216983283,-0.0329670329670364,-0.734065934065935,35,32,ENABLE
1785583351.3145545,0.2328908216983283,-0.010989010989014503,-0.734065934065935,35,32,ENABLE
1785583351.3193576,0.2328908216983283,-0.010989010989014503,-0.734065934065935,35,32,ENABLE
1785583351.324356,0.2328908216983283,-0.010989010989014503,-0.734065934065935,35,32,ENABLE
1785583351.3293974,0.2328908216983283,0.010989010989014503,-0.734065934065935,35,32,ENABLE
1785583351.3344002,0.2328908216983283,-0.010989010989014503,-0.734065934065935,35,32,ENABLE
1785583351.339397,0.2328908216983283,0.010989010989014503,-0.734065934065935,35,32,ENABLE
1785583351.3443542,0.23327229724574572,0.010989010989014503,-0.7252747252747263,35,32,ENABLE
1785583351.349396,0.23327229724574572,0.010989010989014503,-0.734065934065935,35,32,ENABLE
1785583351.3543663,0.23327229724574572,0.010989010989014503,-0.734065934065935,35,32,ENABLE
1785583351.359395,0.23327229724574572,0.010989010989014503,-0.734065934065935,35,32,ENABLE
1785583351.364356,0.23327229724574572,-0.010989010989014503,-0.734065934065935,35,32,ENABLE
1785583351.3693602,0.23327229724574572,-0.010989010989014503,-0.734065934065935,35,32,ENABLE
1785583351.3744018,0.23327229724574572,-0.010989010989014503,-0.734065934065935,35,32,ENABLE
1785583351.3793569,0.23327229724574572,0.010989010989014503,-0.7428571428571438,35,32,ENABLE
1785583351.384411,0.23327229724574572,-0.010989010989014503,-0.7428571428571438,35,32,ENABLE
1785583351.3895593,0.23327229724574572,-0.0329670329670364,-0.734065934065935,35,32,ENABLE
1785583351.3945599,0.23327229724574572,0.010989010989014503,-0.734065934065935,35,32,ENABLE
1785583351.3993685,0.23327229724574572,-0.010989010989014503,-0.734065934065935,35,32,ENABLE
1785583351.4043655,0.23327229724574572,-0.0329670329670364,-0.734065934065935,35,32,ENABLE
1785583351.4093568,0.23327229724574572,-0.010989010989014503,-0.734065934065935,35,32,ENABLE
1785583351.4144125,0.23327229724574572,-0.010989010989014503,-0.734065934065935,35,32,ENABLE
1785583351.4195592,0.23327229724574572,-0.0329670329670364,-0.7252747252747263,35,32,ENABLE
1785583351.4245658,0.23327229724574572,-0.0329670329670364,-0.734065934065935,35,32,ENABLE
1785583351.429362,0.2328908216983283,-0.0329670329670364,-0.7252747252747263,35,32,ENABLE
1785583351.4344015,0.2328908216983283,-0.010989010989014503,-0.7252747252747263,35,32,ENABLE
1785583351.4393578,0.2328908216983283,-0.010989010989014503,-0.734065934065935,35,32,ENABLE
1785583351.4443665,0.2328908216983283,-0.010989010989014503,-0.7428571428571438,35,32,ENABLE
1785583351.4495337,0.2328908216983283,-0.010989010989014503,-0.7428571428571438,35,32,ENABLE
1785583351.4545534,0.2328908216983283,0.010989010989014503,-0.7428571428571438,35,32,ENABLE
1785583351.459411,0.2328908216983283,-0.010989010989014503,-0.7428571428571438,35,32,ENABLE
1785583351.4644074,0.23327229724574572,0.010989010989014503,-0.7516483516483525,35,32,ENABLE
1785583351.469368,0.2328908216983283,-0.010989010989014503,-0.7428571428571438,35,32,ENABLE
1785583351.4743674,0.2328908216983283,-0.010989010989014503,-0.7516483516483525,35,32,ENABLE
1785583351.4793727,0.2328908216983283,-0.010989010989014503,-0.7428571428571438,35,32,ENABLE
1785583351.4843664,0.2328908216983283,0.010989010989014503,-0.7516483516483525,35,32,ENABLE
1785583351.4893558,0.2328908216983283,-0.010989010989014503,-0.7516483516483525,35,32,ENABLE
1785583351.4944115,0.23327229724574572,0.010989010989014503,-0.7516483516483525,35,32,ENABLE
1785583351.4995706,0.2328908216983283,-0.0329670329670364,-0.7516483516483525,35,32,ENABLE
1785583351.5045514,0.23327229724574572,0.010989010989014503,-0.7516483516483525,35,32,ENABLE
1785583351.509373,0.2328908216983283,-0.0329670329670364,-0.7604395604395613,35,32,ENABLE
1785583351.5143673,0.2328908216983283,-0.010989010989014503,-0.7604395604395613,35,32,ENABLE
1785583351.5194023,0.2328908216983283,0.010989010989014503,-0.7604395604395613,35,32,ENABLE
1785583351.5243695,0.2328908216983283,-0.0329670329670364,-0.7604395604395613,35,32,ENABLE
1785583351.5293593,0.2328908216983283,-0.010989010989014503,-0.76923076923077,35,32,ENABLE
1785583351.5343697,0.2328908216983283,-0.010989010989014503,-0.76923076923077,35,32,ENABLE
1785583351.5395622,0.2328908216983283,-0.0329670329670364,-0.7780219780219788,35,32,ENABLE
1785583351.5445616,0.2328908216983283,-0.010989010989014503,-0.7868131868131876,35,32,ENABLE
1785583351.5493977,0.2328908216983283,0.010989010989014503,-0.7780219780219788,35,32,ENABLE
1785583351.5543594,0.2328908216983283,-0.010989010989014503,-0.7868131868131876,35,32,ENABLE
1785583351.5593987,0.2328908216983283,-0.010989010989014503,-0.7868131868131876,35,32,ENABLE
1785583351.564405,0.2328908216983283,-0.010989010989014503,-0.7868131868131876,35,32,ENABLE
1785583351.5693629,0.2328908216983283,-0.010989010989014503,-0.7868131868131876,35,32,ENABLE
1785583351.5744004,0.2328908216983283,0.010989010989014503,-0.7956043956043963,35,32,ENABLE
1785583351.5794022,0.2328908216983283,-0.010989010989014503,-0.8043956043956051,35,32,ENABLE
1785583351.5844007,0.2328908216983283,-0.0329670329670364,-0.8043956043956051,35,32,ENABLE
1785583351.5893557,0.2328908216983283,-0.010989010989014503,-0.8043956043956051,35,32,ENABLE
1785583351.5943656,0.2328908216983283,0.010989010989014503,-0.8043956043956051,35,32,ENABLE
1785583351.5995572,0.2328908216983283,-0.010989010989014503,-0.8043956043956051,35,32,ENABLE
1785583351.6045833,0.2328908216983283,-0.010989010989014503,-0.8131868131868139,35,32,ENABLE
1785583351.6094124,0.2328908216983283,-0.0329670329670364,-0.8219780219780226,35,32,ENABLE
1785583351.6143606,0.2328908216983283,-0.0329670329670364,-0.8307692307692314,35,32,ENABLE
1785583351.6193557,0.2328908216983283,0.010989010989014503,-0.8219780219780226,35,32,ENABLE
1785583351.624352,0.2328908216983283,-0.010989010989014503,-0.8307692307692314,35,32,ENABLE
1785583351.6295762,0.2328908216983283,0.010989010989014503,-0.8395604395604401,35,32,ENABLE
1785583351.6345377,0.2328908216983283,-0.010989010989014503,-0.8395604395604401,35,32,ENABLE
1785583351.6393929,0.2328908216983283,-0.0329670329670364,-0.8483516483516489,35,32,ENABLE
1785583351.6443648,0.2328908216983283,0.010989010989014503,-0.8483516483516489,35,32,ENABLE
1785583351.649397,0.2328908216983283,-0.010989010989014503,-0.8483516483516489,35,32,ENABLE
1785583351.654357,0.2325093461509109,-0.0549450549450583,-0.8571428571428577,35,32,ENABLE
1785583351.6593757,0.2328908216983283,-0.0329670329670364,-0.8571428571428577,35,32,ENABLE
1785583351.6643658,0.2325093461509109,-0.0329670329670364,-0.8571428571428577,35,32,ENABLE
1785583351.669577,0.2325093461509109,-0.010989010989014503,-0.8659340659340664,35,32,ENABLE
1785583351.6745324,0.2325093461509109,-0.0549450549450583,-0.8659340659340664,35,32,ENABLE
1785583351.679399,0.2321278706034935,-0.0549450549450583,-0.8571428571428577,35,32,ENABLE
1785583351.6843617,0.2321278706034935,-0.0329670329670364,-0.8659340659340664,35,32,ENABLE
1785583351.6894057,0.2321278706034935,-0.0329670329670364,-0.8747252747252752,35,32,ENABLE
1785583351.694367,0.2321278706034935,-0.010989010989014503,-0.8747252747252752,35,32,ENABLE
1785583351.6993682,0.2321278706034935,-0.010989010989014503,-0.8923076923076927,35,32,ENABLE
1785583351.7043705,0.23174639505607608,-0.0329670329670364,-0.8923076923076927,35,32,ENABLE
1785583351.7094953,0.23174639505607608,-0.010989010989014503,-0.9010989010989015,35,32,ENABLE
1785583351.7145452,0.23174639505607608,-0.010989010989014503,-0.9098901098901102,35,32,ENABLE
1785583351.719402,0.23174639505607608,-0.010989010989014503,-0.918681318681319,35,32,ENABLE
1785583351.7243593,0.23174639505607608,-0.010989010989014503,-0.918681318681319,35,32,ENABLE
1785583351.7293563,0.23174639505607608,-0.010989010989014503,-0.9274725274725277,35,32,ENABLE
1785583351.7343643,0.23174639505607608,-0.010989010989014503,-0.9274725274725277,35,32,ENABLE
1785583351.7394958,0.23174639505607608,-0.010989010989014503,-0.9362637362637365,35,32,ENABLE
1785583351.7444947,0.23174639505607608,-0.010989010989014503,-0.9450549450549453,35,32,ENABLE
1785583351.7495353,0.23174639505607608,-0.010989010989014503,-0.953846153846154,35,32,ENABLE
1785583351.7543967,0.23174639505607608,-0.010989010989014503,-0.953846153846154,35,32,ENABLE
1785583351.7593708,0.23174639505607608,-0.010989010989014503,-0.9626373626373628,35,32,ENABLE
1785583351.7644117,0.23174639505607608,-0.010989010989014503,-0.9714285714285715,35,32,ENABLE
1785583351.7693715,0.23174639505607608,-0.010989010989014503,-0.9802197802197803,35,32,ENABLE
1785583351.7744112,0.23174639505607608,0.010989010989014503,-0.9802197802197803,35,32,ENABLE
1785583351.7793653,0.23174639505607608,-0.0329670329670364,-0.989010989010989,35,32,ENABLE
1785583351.78436,0.23174639505607608,-0.0329670329670364,-1.0065934065934066,35,32,ENABLE
1785583351.7894907,0.23174639505607608,-0.0329670329670364,-0.9978021978021978,35,32,ENABLE
1785583351.794544,0.23174639505607608,0.010989010989014503,-1.0065934065934066,35,32,ENABLE
1785583351.7994645,0.23174639505607608,0.010989010989014503,-1.0153846153846153,35,32,ENABLE
1785583351.8043609,0.23174639505607608,-0.010989010989014503,-1.024175824175824,35,32,ENABLE
1785583351.8093567,0.23174639505607608,-0.010989010989014503,-1.0329670329670328,35,32,ENABLE
1785583351.8143966,0.23174639505607608,-0.010989010989014503,-1.0417582417582416,35,32,ENABLE
1785583351.8194952,0.23174639505607608,-0.010989010989014503,-1.0505494505494504,35,32,ENABLE
1785583351.824544,0.23174639505607608,-0.010989010989014503,-1.0593406593406591,35,32,ENABLE
1785583351.8294742,0.23174639505607608,-0.010989010989014503,-1.0593406593406591,35,32,ENABLE
1785583351.8343585,0.23174639505607608,0.010989010989014503,-1.068131868131868,35,32,ENABLE
1785583351.8395276,0.23174639505607608,-0.010989010989014503,-1.0857142857142854,35,32,ENABLE
1785583351.8443723,0.23174639505607608,-0.0329670329670364,-1.0857142857142854,35,32,ENABLE
1785583351.8494031,0.23174639505607608,-0.010989010989014503,-1.0945054945054942,35,32,ENABLE
1785583351.854374,0.23174639505607608,0.010989010989014503,-1.103296703296703,35,32,ENABLE
1785583351.8595152,0.23174639505607608,-0.010989010989014503,-1.1120879120879117,35,32,ENABLE
1785583351.8643782,0.23174639505607608,-0.010989010989014503,-1.1208791208791204,35,32,ENABLE
1785583351.8694055,0.23136491950865867,-0.010989010989014503,-1.1208791208791204,35,32,ENABLE
1785583351.8743653,0.23136491950865867,-0.010989010989014503,-1.1296703296703292,35,32,ENABLE
1785583351.8793566,0.23136491950865867,-0.0549450549450583,-1.138461538461538,35,32,ENABLE
1785583351.884421,0.23098344396124126,-0.0329670329670364,-1.1472527472527467,35,32,ENABLE
1785583351.8893716,0.23098344396124126,-0.0329670329670364,-1.138461538461538,35,32,ENABLE
1785583351.8943677,0.23098344396124126,-0.0329670329670364,-1.1472527472527467,35,32,ENABLE
1785583351.8994186,0.23060196841382385,-0.0329670329670364,-1.1560439560439555,35,32,ENABLE
1785583351.904547,0.23022049286640645,-0.0769230769230802,-1.1560439560439555,35,32,ENABLE
1785583351.9095125,0.22983901731898904,-0.0989010989011021,-1.138461538461538,35,32,ENABLE
1785583351.914366,0.22907606622415422,-0.1428571428571459,-1.103296703296703,35,32,ENABLE
1785583351.9193594,0.227931639581902,-0.1868131868131897,-1.103296703296703,35,32,ENABLE
1785583351.9244008,0.22755016403448458,-0.1648351648351678,-1.1208791208791204,35,32,ENABLE
1785583351.929358,0.22716868848706717,-0.0549450549450583,-1.1472527472527467,35,32,ENABLE
1785583351.9343581,0.22716868848706717,-0.0329670329670364,-1.1648351648351642,35,32,ENABLE
1785583351.9394057,0.22716868848706717,-0.0329670329670364,-1.173626373626373,35,32,ENABLE
1785583351.9445324,0.22678721293964976,-0.0549450549450583,-1.1824175824175818,35,32,ENABLE
1785583351.9495256,0.22678721293964976,-0.0989010989011021,-1.1824175824175818,35,32,ENABLE
1785583351.9543917,0.22564278629739754,-0.1428571428571459,-1.1560439560439555,35,32,ENABLE
1785583351.9593596,0.2244983596551453,-0.2087912087912116,-1.1208791208791204,35,32,ENABLE
1785583351.964358,0.22297245746547567,-0.3186813186813211,-1.0945054945054942,35,32,ENABLE
1785583351.9693592,0.22182803082322344,-0.2527472527472554,-1.0945054945054942,35,32,ENABLE
1785583351.9743533,0.22106507972838862,-0.1868131868131897,-1.0945054945054942,35,32,ENABLE
1785583351.9793572,0.22068360418097122,-0.1648351648351678,-1.0945054945054942,35,32,ENABLE
1785583351.9845471,0.219539177538719,-0.2087912087912116,-1.1120879120879117,35,32,ENABLE
1785583351.9895513,0.21877622644388417,-0.1648351648351678,-1.1208791208791204,35,32,ENABLE
1785583351.994365,0.21839475089646676,-0.0989010989011021,-1.138461538461538,35,32,ENABLE
1785583351.9993749,0.21839475089646676,-0.0769230769230802,-1.1560439560439555,35,32,ENABLE
1785583352.0043514,0.21763179980163194,-0.120879120879124,-1.1472527472527467,35,32,ENABLE
1785583352.0093882,0.21648737315937971,-0.2307692307692335,-1.103296703296703,35,32,ENABLE
1785583352.0143738,0.21457999542229267,-0.340659340659343,-1.0769230769230766,35,32,ENABLE
1785583352.0193608,0.21305409323262303,-0.2967032967032992,-1.0505494505494504,35,32,ENABLE
1785583352.0243585,0.2115281910429534,-0.2967032967032992,-1.0329670329670328,35,32,ENABLE
1785583352.0294113,0.21000228885328376,-0.2967032967032992,-1.0417582417582416,35,32,ENABLE
1785583352.0345433,0.20923933775844894,-0.2087912087912116,-1.0505494505494504,35,32,ENABLE
1785583352.039495,0.20847638666361412,-0.2087912087912116,-1.0417582417582416,35,32,ENABLE
1785583352.04436,0.20695048447394448,-0.3186813186813211,-1.024175824175824,35,32,ENABLE
1785583352.0493941,0.20542458228427485,-0.2967032967032992,-1.0153846153846153,35,32,ENABLE
1785583352.054359,0.2038986800946052,-0.2747252747252773,-0.9978021978021978,35,32,ENABLE
1785583352.0593557,0.20237277790493557,-0.3186813186813211,-0.989010989010989,35,32,ENABLE
1785583352.0643594,0.20122835126268335,-0.2747252747252773,-1.0065934065934066,35,32,ENABLE
1785583352.0693688,0.20046540016784853,-0.1868131868131897,-1.0065934065934066,35,32,ENABLE
1785583352.0745802,0.1993209735255963,-0.2307692307692335,-1.0065934065934066,35,32,ENABLE
1785583352.0796018,0.19741359578850926,-0.2967032967032992,-1.0065934065934066,35,32,ENABLE
1785583352.0844107,0.19665064469367444,-0.2087912087912116,-0.9978021978021978,35,32,ENABLE
1785583352.0893753,0.1955062180514222,-0.2527472527472554,-0.9802197802197803,35,32,ENABLE
1785583352.094397,0.19398031586175257,-0.2967032967032992,-0.9626373626373628,35,32,ENABLE
1785583352.099359,0.19245441367208294,-0.2747252747252773,-0.9802197802197803,35,32,ENABLE
1785583352.1043549,0.1913099870298307,-0.2967032967032992,-0.953846153846154,35,32,ENABLE
1785583352.1093616,0.18978408484016107,-0.3186813186813211,-0.9450549450549453,35,32,ENABLE
1785583352.1145363,0.18863965819790884,-0.2527472527472554,-0.953846153846154,35,32,ENABLE
1785583352.1195128,0.18749523155565662,-0.2527472527472554,-0.9362637362637365,35,32,ENABLE
1785583352.1243665,0.18596932936598698,-0.3186813186813211,-0.9274725274725277,35,32,ENABLE
1785583352.129357,0.18482490272373475,-0.2307692307692335,-0.953846153846154,35,32,ENABLE
1785583352.1343598,0.18406195162889993,-0.1648351648351678,-0.9802197802197803,35,32,ENABLE
1785583352.1394093,0.18329900053406512,-0.1868131868131897,-0.9714285714285715,35,32,ENABLE
1785583352.144359,0.18177309834439548,-0.2527472527472554,-0.9714285714285715,35,32,ENABLE
1785583352.1493664,0.18101014724956066,-0.2087912087912116,-0.989010989010989,35,32,ENABLE
1785583352.1543562,0.18062867170214325,-0.0989010989011021,-1.0153846153846153,35,32,ENABLE
1785583352.1594496,0.18062867170214325,-0.0549450549450583,-1.0505494505494504,35,32,ENABLE
1785583352.1644099,0.18062867170214325,-0.0329670329670364,-1.068131868131868,35,32,ENABLE
1785583352.1693676,0.18062867170214325,-0.0329670329670364,-1.0945054945054942,35,32,ENABLE
1785583352.17439,0.17986572060730843,-0.0769230769230802,-1.103296703296703,35,32,ENABLE
1785583352.1793957,0.17948424505989102,-0.120879120879124,-1.0769230769230766,35,32,ENABLE
1785583352.1843565,0.1783398184176388,-0.1648351648351678,-1.068131868131868,35,32,ENABLE
1785583352.1893563,0.17757686732280398,-0.1868131868131897,-1.0769230769230766,35,32,ENABLE
1785583352.1943588,0.17719539177538657,-0.0989010989011021,-1.103296703296703,35,32,ENABLE
1785583352.1994061,0.17757686732280398,0.010989010989014503,-1.138461538461538,35,32,ENABLE
1785583352.2045553,0.17757686732280398,-0.0329670329670364,-1.1560439560439555,35,32,ENABLE
1785583352.2095416,0.17757686732280398,-0.0329670329670364,-1.1824175824175818,35,32,ENABLE
1785583352.2145855,0.17757686732280398,-0.010989010989014503,-1.1999999999999993,35,32,ENABLE
1785583352.2193828,0.17719539177538657,-0.0329670329670364,-1.208791208791208,35,32,ENABLE
1785583352.2243884,0.17719539177538657,-0.0549450549450583,-1.2263736263736256,35,32,ENABLE
1785583352.2293606,0.17719539177538657,-0.0329670329670364,-1.243956043956043,35,32,ENABLE
1785583352.2343721,0.17719539177538657,-0.010989010989014503,-1.2615384615384606,35,32,ENABLE
1785583352.2393663,0.17681391622796916,-0.010989010989014503,-1.2615384615384606,35,32,ENABLE
1785583352.2445571,0.17681391622796916,-0.0329670329670364,-1.2791208791208781,35,32,ENABLE
1785583352.2495248,0.17681391622796916,-0.0549450549450583,-1.2967032967032956,35,32,ENABLE
1785583352.2543898,0.17681391622796916,-0.010989010989014503,-1.3142857142857132,35,32,ENABLE
1785583352.2593591,0.17681391622796916,-0.0329670329670364,-1.323076923076922,35,32,ENABLE
1785583352.2643976,0.17643244068055175,-0.0329670329670364,-1.3318681318681307,35,32,ENABLE
1785583352.2693622,0.17643244068055175,-0.0549450549450583,-1.3406593406593394,35,32,ENABLE
1785583352.27437,0.17605096513313434,-0.0769230769230802,-1.3406593406593394,35,32,ENABLE
1785583352.2793558,0.17528801403829952,-0.120879120879124,-1.3318681318681307,35,32,ENABLE
1785583352.2845492,0.1745250629434647,-0.1648351648351678,-1.3054945054945044,35,32,ENABLE
1785583352.2895458,0.17376211184862989,-0.1868131868131897,-1.323076923076922,35,32,ENABLE
1785583352.2943993,0.17338063630121248,-0.0989010989011021,-1.3406593406593394,35,32,ENABLE
1785583352.2993538,0.17299916075379507,-0.0769230769230802,-1.358241758241757,35,32,ENABLE
1785583352.3043666,0.17299916075379507,-0.0549450549450583,-1.3670329670329657,35,32,ENABLE
1785583352.309356,0.17261768520637766,-0.0769230769230802,-1.3846153846153832,35,32,ENABLE
1785583352.314502,0.17223620965896025,-0.0989010989011021,-1.3846153846153832,35,32,ENABLE
1785583352.319545,0.17109178301670802,-0.1868131868131897,-1.3494505494505482,35,32,ENABLE
1785583352.3244624,0.16918440527962098,-0.3186813186813211,-1.3054945054945044,35,32,ENABLE
1785583352.3293946,0.16727702754253393,-0.3846153846153868,-1.2615384615384606,35,32,ENABLE
1785583352.3343585,0.16460669871061206,-0.4725274725274744,-1.2175824175824168,35,32,ENABLE
1785583352.3393517,0.16269932097352502,-0.4505494505494525,-1.1912087912087905,35,32,ENABLE
1785583352.3444948,0.16041046768902056,-0.4505494505494525,-1.1648351648351642,35,32,ENABLE
1785583352.3495677,0.15888456549935093,-0.3626373626373649,-1.173626373626373,35,32,ENABLE
1785583352.3544638,0.15659571221484647,-0.4285714285714306,-1.1648351648351642,35,32,ENABLE
1785583352.3593543,0.15506981002517684,-0.3846153846153868,-1.173626373626373,35,32,ENABLE
1785583352.3643644,0.1531624322880898,-0.3846153846153868,-1.1560439560439555,35,32,ENABLE
1785583352.3693957,0.15125505455100274,-0.3846153846153868,-1.1648351648351642,35,32,ENABLE
1785583352.373984,0.15011062790875052,-0.340659340659343,-1.1560439560439555,35,32,ENABLE
1785583352.3795514,0.14744029907682865,-0.4065934065934087,-1.1296703296703292,35,32,ENABLE
1785583352.3845618,0.1455329213397416,-0.4285714285714306,-1.0945054945054942,35,32,ENABLE
1785583352.3895495,0.14286259250781974,-0.4725274725274744,-1.0945054945054942,35,32,ENABLE
1785583352.3945265,0.1409552147707327,-0.4285714285714306,-1.0769230769230766,35,32,ENABLE
1785583352.3994803,0.13904783703364565,-0.4285714285714306,-1.0769230769230766,35,32,ENABLE
1785583352.4044793,0.1371404592965586,-0.4065934065934087,-1.0505494505494504,35,32,ENABLE
1785583352.4098122,0.13485160601205415,-0.4505494505494525,-1.0505494505494504,35,32,ENABLE
1785583352.4159658,0.1329442282749671,-0.3626373626373649,-1.0505494505494504,35,32,ENABLE
1785583352.4207056,0.13103685053788006,-0.4065934065934087,-1.0505494505494504,35,32,ENABLE
1785583352.424012,0.12989242389562783,-0.340659340659343,-1.0505494505494504,35,32,ENABLE
1785583352.4286752,0.1287479972533756,-0.3186813186813211,-1.0593406593406591,35,32,ENABLE
1785583352.4342074,0.12684061951628856,-0.2967032967032992,-1.0857142857142854,35,32,ENABLE
1785583352.439397,0.12607766842145374,-0.2087912087912116,-1.103296703296703,35,32,ENABLE
1785583352.4445477,0.12493324177920151,-0.2307692307692335,-1.1120879120879117,35,32,ENABLE
1785583352.4495645,0.12340733958953187,-0.2747252747252773,-1.1120879120879117,35,32,ENABLE
1785583352.4545321,0.12264438849469705,-0.2307692307692335,-1.1208791208791204,35,32,ENABLE
1785583352.459493,0.12188143739986224,-0.1648351648351678,-1.1472527472527467,35,32,ENABLE
1785583352.4644914,0.12111848630502742,-0.1648351648351678,-1.1472527472527467,35,32,ENABLE
1785583352.4694855,0.11959258411535778,-0.2527472527472554,-1.1296703296703292,35,32,ENABLE
1785583352.4744887,0.11844815747310555,-0.2747252747252773,-1.1208791208791204,35,32,ENABLE
1785583352.4794838,0.11768520637827073,-0.2087912087912116,-1.138461538461538,35,32,ENABLE
1785583352.4844856,0.1161593041886011,-0.2527472527472554,-1.1120879120879117,35,32,ENABLE
1785583352.4894814,0.11425192645151405,-0.3186813186813211,-1.1120879120879117,35,32,ENABLE
1785583352.4944687,0.11310749980926182,-0.2747252747252773,-1.1120879120879117,35,32,ENABLE
1785583352.4994848,0.1119630731670096,-0.2967032967032992,-1.1208791208791204,35,32,ENABLE
1785583352.5044823,0.11081864652475737,-0.2747252747252773,-1.1208791208791204,35,32,ENABLE
1785583352.5094967,0.11005569542992255,-0.1868131868131897,-1.1472527472527467,35,32,ENABLE
1785583352.5144875,0.10929274433508773,-0.1428571428571459,-1.1648351648351642,35,32,ENABLE
1785583352.5195496,0.10852979324025291,-0.1868131868131897,-1.173626373626373,35,32,ENABLE
1785583352.524548,0.10700389105058328,-0.2747252747252773,-1.1472527472527467,35,32,ENABLE
1785583352.5295038,0.10585946440833105,-0.2527472527472554,-1.1648351648351642,35,32,ENABLE
1785583352.5345535,0.10547798886091364,-0.1428571428571459,-1.1999999999999993,35,32,ENABLE
1785583352.5395806,0.10509651331349623,-0.0769230769230802,-1.2263736263736256,35,32,ENABLE
1785583352.54449,0.10471503776607882,-0.0989010989011021,-1.243956043956043,35,32,ENABLE
1785583352.5495415,0.103952086671244,-0.1648351648351678,-1.243956043956043,35,32,ENABLE
1785583352.554486,0.10280766002899178,-0.2307692307692335,-1.2351648351648343,35,32,ENABLE
1785583352.5594978,0.10204470893415696,-0.1868131868131897,-1.2527472527472518,35,32,ENABLE
1785583352.564712,0.10166323338673955,-0.0989010989011021,-1.287912087912087,35,32,ENABLE
1785583352.5694964,0.10204470893415696,-0.0329670329670364,-1.323076923076922,35,32,ENABLE
1785583352.5744984,0.10204470893415696,-0.010989010989014503,-1.358241758241757,35,32,ENABLE
1785583352.5794995,0.10166323338673955,-0.0329670329670364,-1.3758241758241745,35,32,ENABLE
1785583352.5845828,0.10166323338673955,-0.0329670329670364,-1.393406593406592,35,32,ENABLE
1785583352.5894914,0.10166323338673955,-0.0329670329670364,-1.4109890109890095,35,32,ENABLE
1785583352.5945296,0.10166323338673955,-0.0329670329670364,-1.4197802197802183,35,32,ENABLE
1785583352.5995462,0.10128175783932214,-0.0769230769230802,-1.4197802197802183,35,32,ENABLE
1785583352.6045423,0.10051880674448732,-0.120879120879124,-1.4109890109890095,35,32,ENABLE
1785583352.6094863,0.0993743801022351,-0.1868131868131897,-1.393406593406592,35,32,ENABLE
1785583352.6144972,0.09822995345998287,-0.2087912087912116,-1.3846153846153832,35,32,ENABLE
1785583352.6194823,0.09746700236514805,-0.2087912087912116,-1.3846153846153832,35,32,ENABLE
1785583352.6245453,0.09670405127031323,-0.1648351648351678,-1.4021978021978008,35,32,ENABLE
1785583352.6294858,0.09632257572289582,-0.1428571428571459,-1.393406593406592,35,32,ENABLE
1785583352.634484,0.09479667353322618,-0.2087912087912116,-1.4021978021978008,35,32,ENABLE
1785583352.6394958,0.09365224689097396,-0.2087912087912116,-1.4109890109890095,35,32,ENABLE
1785583352.6445014,0.09327077134355655,-0.120879120879124,-1.4373626373626358,35,32,ENABLE
1785583352.6495266,0.09288929579613914,-0.120879120879124,-1.4549450549450533,35,32,ENABLE
1785583352.6544847,0.09212634470130432,-0.1428571428571459,-1.463736263736262,35,32,ENABLE
1785583352.6595182,0.09098191805905209,-0.2307692307692335,-1.4373626373626358,35,32,ENABLE
1785583352.6645694,0.08945601586938245,-0.2747252747252773,-1.428571428571427,35,32,ENABLE
1785583352.6694863,0.08869306477454764,-0.2087912087912116,-1.428571428571427,35,32,ENABLE
1785583352.6745045,0.08754863813229541,-0.2307692307692335,-1.4109890109890095,35,32,ENABLE
1785583352.6794946,0.08602273594262577,-0.2747252747252773,-1.4109890109890095,35,32,ENABLE
1785583352.6845686,0.08487830930037354,-0.2527472527472554,-1.4197802197802183,35,32,ENABLE
1785583352.689488,0.08411535820553873,-0.1868131868131897,-1.4373626373626358,35,32,ENABLE
1785583352.6945043,0.08335240711070391,-0.2087912087912116,-1.4549450549450533,35,32,ENABLE
1785583352.6995003,0.08182650492103427,-0.2527472527472554,-1.4549450549450533,35,32,ENABLE
1785583352.7045636,0.08106355382619945,-0.1868131868131897,-1.463736263736262,35,32,ENABLE
1785583352.7095025,0.08068207827878204,-0.120879120879124,-1.4901098901098884,35,32,ENABLE
1785583352.7145524,0.07991912718394723,-0.120879120879124,-1.5164835164835182,35,32,ENABLE
1785583352.7194922,0.07953765163652982,-0.120879120879124,-1.5164835164835182,35,32,ENABLE
1785583352.7245462,0.07839322499427759,-0.2087912087912116,-1.5076923076923094,35,32,ENABLE
1785583352.7294686,0.07724879835202536,-0.2087912087912116,-1.5076923076923094,35,32,ENABLE
1785583352.7344863,0.07686732280460795,-0.1648351648351678,-1.5340659340659357,35,32,ENABLE
1785583352.7394953,0.07610437170977313,-0.120879120879124,-1.5516483516483532,35,32,ENABLE
1785583352.7444928,0.07534142061493831,-0.1648351648351678,-1.5340659340659357,35,32,ENABLE
1785583352.749547,0.07381551842526868,-0.2747252747252773,-1.5164835164835182,35,32,ENABLE
1785583352.7544565,0.07228961623559904,-0.3186813186813211,-1.4989010989010971,35,32,ENABLE
1785583352.7594962,0.0707637140459294,-0.2747252747252773,-1.4725274725274708,35,32,ENABLE
1785583352.7644622,0.06885633630884236,-0.4065934065934087,-1.4549450549450533,35,32,ENABLE
1785583352.7694993,0.06733043411917272,-0.2967032967032992,-1.4549450549450533,35,32,ENABLE
1785583352.774539,0.06542305638208568,-0.4065934065934087,-1.428571428571427,35,32,ENABLE
1785583352.7794788,0.06351567864499863,-0.3846153846153868,-1.4197802197802183,35,32,ENABLE
1785583352.7845044,0.061608300907911584,-0.4285714285714306,-1.393406593406592,35,32,ENABLE
1785583352.7894988,0.05970092317082454,-0.3846153846153868,-1.3758241758241745,35,32,ENABLE
1785583352.794504,0.057030594338902674,-0.4725274725274744,-1.358241758241757,35,32,ENABLE
1785583352.7994983,0.05550469214923304,-0.4285714285714306,-1.3494505494505482,35,32,ENABLE
1785583352.8044965,0.05283436331731117,-0.4945054945054963,-1.3142857142857132,35,32,ENABLE
1785583352.8094969,0.05054551003280672,-0.4945054945054963,-1.287912087912087,35,32,ENABLE
1785583352.8144982,0.047493705653467444,-0.5384615384615401,-1.243956043956043,35,32,ENABLE
1785583352.8194988,0.04482337682154558,-0.560439560439562,-1.2263736263736256,35,32,ENABLE
1785583352.8244917,0.042534523537041125,-0.4725274725274744,-1.2175824175824168,35,32,ENABLE
1785583352.8297217,0.03948271915770185,-0.5824175824175839,-1.1912087912087905,35,32,ENABLE
1785583352.8344982,0.037575341420614805,-0.4945054945054963,-1.1824175824175818,35,32,ENABLE
1785583352.8394024,0.03528648813611035,-0.4505494505494525,-1.1824175824175818,35,32,ENABLE
1785583352.8443317,0.032997634851605895,-0.4725274725274744,-1.173626373626373,35,32,ENABLE
1785583352.8495874,0.03070878156710144,-0.4285714285714306,-1.1648351648351642,35,32,ENABLE
1785583352.8544884,0.028038452735179575,-0.560439560439562,-1.138461538461538,35,32,ENABLE
1785583352.8594987,0.02613107499809253,-0.4285714285714306,-1.138461538461538,35,32,ENABLE
1785583352.8644905,0.023460746166170665,-0.4945054945054963,-1.1208791208791204,35,32,ENABLE
1785583352.8695204,0.02193484397650103,-0.3846153846153868,-1.138461538461538,35,32,ENABLE
1785583352.8744996,0.019645990691996573,-0.4505494505494525,-1.1296703296703292,35,32,ENABLE
1785583352.8794975,0.018120088502326936,-0.2967032967032992,-1.1560439560439555,35,32,ENABLE
1785583352.8844976,0.01697566186007471,-0.2967032967032992,-1.173626373626373,35,32,ENABLE
1785583352.8894944,0.015068284122987663,-0.340659340659343,-1.1648351648351642,35,32,ENABLE
1785583352.8944917,0.014305333028152845,-0.2527472527472554,-1.1824175824175818,35,32,ENABLE
1785583352.8995452,0.012779430838483208,-0.2747252747252773,-1.1824175824175818,35,32,ENABLE
1785583352.9045606,0.010872053101396162,-0.340659340659343,-1.1648351648351642,35,32,ENABLE
1785583352.9094844,0.010109102006561344,-0.2307692307692335,-1.1912087912087905,35,32,ENABLE
1785583352.9145482,0.009346150911726525,-0.1868131868131897,-1.2175824175824168,35,32,ENABLE
1785583352.9194927,0.007820248722056888,-0.2747252747252773,-1.2175824175824168,35,32,ENABLE
1785583352.9244983,0.006675822079804661,-0.2307692307692335,-1.208791208791208,35,32,ENABLE
1785583352.929497,0.005912870984969842,-0.1868131868131897,-1.243956043956043,35,32,ENABLE
1785583352.934554,0.005531395437552433,-0.120879120879124,-1.2791208791208781,35,32,ENABLE
1785583352.939635,0.005149919890135024,-0.0769230769230802,-1.287912087912087,35,32,ENABLE
1785583352.9444852,0.0040054932478827965,-0.1648351648351678,-1.2791208791208781,35,32,ENABLE
1785583352.9495013,0.003242542153047978,-0.1868131868131897,-1.2703296703296694,35,32,ENABLE
1785583352.9545228,0.002861066605630569,-0.120879120879124,-1.2967032967032956,35,32,ENABLE
1785583352.959495,0.002861066605630569,-0.0549450549450583,-1.3406593406593394,35,32,ENABLE
1785583352.9644952,0.0024795910582131597,-0.0329670329670364,-1.3758241758241745,35,32,ENABLE
1785583352.9694955,0.0024795910582131597,-0.010989010989014503,-1.393406593406592,35,32,ENABLE
1785583352.9744952,0.0024795910582131597,-0.010989010989014503,-1.4197802197802183,35,32,ENABLE
1785583352.979501,0.002861066605630569,-0.010989010989014503,-1.4461538461538446,35,32,ENABLE
1785583352.984507,0.0024795910582131597,-0.010989010989014503,-1.463736263736262,35,32,ENABLE
1785583352.98949,0.002861066605630569,-0.010989010989014503,-1.4725274725274708,35,32,ENABLE
1785583352.9945009,0.0024795910582131597,-0.0329670329670364,-1.4901098901098884,35,32,ENABLE
1785583352.999494,0.0024795910582131597,-0.0329670329670364,-1.4989010989010971,35,32,ENABLE
1785583353.004496,0.0020981155107957505,-0.0549450549450583,-1.5076923076923094,35,32,ENABLE
1785583353.0094943,0.0020981155107957505,-0.0329670329670364,-1.5164835164835182,35,32,ENABLE
1785583353.0144997,0.0017166399633783413,-0.0549450549450583,-1.5164835164835182,35,32,ENABLE
1785583353.0194967,0.0013351644159609322,-0.0989010989011021,-1.5164835164835182,35,32,ENABLE
1785583353.0244935,0.0005722133211261138,-0.120879120879124,-1.4901098901098884,35,32,ENABLE
1785583353.0295398,-0.000953688868543523,-0.2307692307692335,-1.4725274725274708,35,32,ENABLE
1785583353.0344834,-0.0017166399633783413,-0.2087912087912116,-1.4813186813186796,35,32,ENABLE
1785583353.0395203,-0.0020981155107957505,-0.120879120879124,-1.5164835164835182,35,32,ENABLE
1785583353.0444958,-0.0020981155107957505,-0.0329670329670364,-1.5516483516483532,35,32,ENABLE
1785583353.049487,-0.0020981155107957505,-0.010989010989014503,-1.5780219780219795,35,32,ENABLE
1785583353.0544946,-0.0020981155107957505,-0.010989010989014503,-1.6043956043956058,35,32,ENABLE
1785583353.0594954,-0.0020981155107957505,-0.010989010989014503,-1.6043956043956058,35,32,ENABLE
1785583353.0644972,-0.0024795910582131597,-0.0329670329670364,-1.6131868131868146,35,32,ENABLE
1785583353.0694947,-0.003242542153047978,-0.120879120879124,-1.5868131868131883,35,32,ENABLE
1785583353.0744963,-0.004768444342717615,-0.2747252747252773,-1.5340659340659357,35,32,ENABLE
1785583353.0794976,-0.005912870984969842,-0.2747252747252773,-1.4989010989010971,35,32,ENABLE
1785583353.0844953,-0.007438773174639479,-0.3186813186813211,-1.4813186813186796,35,32,ENABLE
1785583353.0894938,-0.010109102006561344,-0.4065934065934087,-1.428571428571427,35,32,ENABLE
1785583353.0945573,-0.01201647974364839,-0.4065934065934087,-1.4197802197802183,35,32,ENABLE
1785583353.0994978,-0.013923857480735435,-0.4285714285714306,-1.3758241758241745,35,32,ENABLE
1785583353.104543,-0.015449759670405072,-0.3626373626373649,-1.3846153846153832,35,32,ENABLE
1785583353.1094968,-0.017738612954909527,-0.4285714285714306,-1.358241758241757,35,32,ENABLE
1785583353.1144931,-0.019264515144579164,-0.3626373626373649,-1.3758241758241745,35,32,ENABLE
1785583353.1194935,-0.02117189288166621,-0.3846153846153868,-1.3494505494505482,35,32,ENABLE
1785583353.1245136,-0.022697795071335847,-0.340659340659343,-1.3406593406593394,35,32,ENABLE
1785583353.1294951,-0.024223697261005483,-0.3186813186813211,-1.358241758241757,35,32,ENABLE
1785583353.1344934,-0.02613107499809253,-0.3626373626373649,-1.3318681318681307,35,32,ENABLE
1785583353.1394937,-0.027656977187762166,-0.3186813186813211,-1.3406593406593394,35,32,ENABLE
1785583353.1444907,-0.029564354924849212,-0.3626373626373649,-1.3142857142857132,35,32,ENABLE
1785583353.1495395,-0.03070878156710144,-0.2967032967032992,-1.3318681318681307,35,32,ENABLE
1785583353.1544948,-0.03147173266193626,-0.2307692307692335,-1.358241758241757,35,32,ENABLE
1785583353.1595504,-0.032997634851605895,-0.2527472527472554,-1.358241758241757,35,32,ENABLE
1785583353.1645837,-0.03452353704127553,-0.2747252747252773,-1.3494505494505482,35,32,ENABLE
1785583353.1695807,-0.03528648813611035,-0.1868131868131897,-1.3670329670329657,35,32,ENABLE
1785583353.1745474,-0.03604943923094517,-0.1868131868131897,-1.3846153846153832,35,32,ENABLE
1785583353.1794949,-0.03681239032577999,-0.1868131868131897,-1.3846153846153832,35,32,ENABLE
1785583353.1844974,-0.037575341420614805,-0.1648351648351678,-1.3846153846153832,35,32,ENABLE
1785583353.1895444,-0.03833829251544962,-0.1428571428571459,-1.393406593406592,35,32,ENABLE
1785583353.194549,-0.03910124361028444,-0.1428571428571459,-1.4109890109890095,35,32,ENABLE
1785583353.1995044,-0.03910124361028444,-0.0769230769230802,-1.4549450549450533,35,32,ENABLE
1785583353.2045424,-0.03910124361028444,-0.010989010989014503,-1.4725274725274708,35,32,ENABLE
1785583353.2095172,-0.03910124361028444,-0.010989010989014503,-1.4901098901098884,35,32,ENABLE
1785583353.2145476,-0.03910124361028444,-0.010989010989014503,-1.5076923076923094,35,32,ENABLE
1785583353.2194993,-0.03910124361028444,-0.010989010989014503,-1.525274725274727,35,32,ENABLE
1785583353.2245448,-0.03948271915770185,-0.0329670329670364,-1.5340659340659357,35,32,ENABLE
1785583353.2295127,-0.03948271915770185,-0.0769230769230802,-1.5340659340659357,35,32,ENABLE
1785583353.2345428,-0.03986419470511926,-0.0549450549450583,-1.5340659340659357,35,32,ENABLE
1785583353.239517,-0.04024567025253667,-0.0989010989011021,-1.5164835164835182,35,32,ENABLE
1785583353.2444918,-0.0413900968947889,-0.1868131868131897,-1.4989010989010971,35,32,ENABLE
1785583353.2495725,-0.042534523537041125,-0.2307692307692335,-1.463736263736262,35,32,ENABLE
1785583353.2545254,-0.04329747463187594,-0.1868131868131897,-1.463736263736262,35,32,ENABLE
1785583353.2595005,-0.04406042572671076,-0.1428571428571459,-1.4813186813186796,35,32,ENABLE
1785583353.2645638,-0.04406042572671076,-0.120879120879124,-1.4901098901098884,35,32,ENABLE
1785583353.269555,-0.04520485236896299,-0.1428571428571459,-1.4725274725274708,35,32,ENABLE
1785583353.2745879,-0.046349279011215216,-0.1868131868131897,-1.4461538461538446,35,32,ENABLE
1785583353.2794952,-0.047112230106050035,-0.2087912087912116,-1.4549450549450533,35,32,ENABLE
1785583353.2845433,-0.04787518120088485,-0.1428571428571459,-1.463736263736262,35,32,ENABLE
1785583353.2895432,-0.04825665674830226,-0.120879120879124,-1.4813186813186796,35,32,ENABLE
1785583353.294564,-0.04901960784313708,-0.1868131868131897,-1.463736263736262,35,32,ENABLE
1785583353.2994983,-0.05054551003280672,-0.2527472527472554,-1.4197802197802183,35,32,ENABLE
1785583353.3044877,-0.051689936675058945,-0.2307692307692335,-1.428571428571427,35,32,ENABLE
1785583353.309492,-0.05245288776989376,-0.1648351648351678,-1.4461538461538446,35,32,ENABLE
1785583353.3146763,-0.05283436331731117,-0.120879120879124,-1.463736263736262,35,32,ENABLE
1785583353.3195465,-0.05321583886472858,-0.120879120879124,-1.4549450549450533,35,32,ENABLE
1785583353.3244035,-0.0539787899595634,-0.1428571428571459,-1.4461538461538446,35,32,ENABLE
1785583353.3294628,-0.05512321660181563,-0.1648351648351678,-1.4373626373626358,35,32,ENABLE
1785583353.3345628,-0.05550469214923304,-0.0989010989011021,-1.463736263736262,35,32,ENABLE
1785583353.3395898,-0.05550469214923304,-0.0769230769230802,-1.4901098901098884,35,32,ENABLE
1785583353.3445046,-0.05550469214923304,-0.0329670329670364,-1.4989010989010971,35,32,ENABLE
1785583353.3495774,-0.055886167696650446,-0.0329670329670364,-1.5164835164835182,35,32,ENABLE
1785583353.354503,-0.055886167696650446,-0.0549450549450583,-1.525274725274727,35,32,ENABLE
1785583353.3595545,-0.056267643244067855,-0.0549450549450583,-1.5340659340659357,35,32,ENABLE
1785583353.3645532,-0.056649118791485265,-0.0769230769230802,-1.5340659340659357,35,32,ENABLE
1785583353.3695512,-0.057030594338902674,-0.0769230769230802,-1.525274725274727,35,32,ENABLE
1785583353.3745623,-0.05779354543373749,-0.1648351648351678,-1.4813186813186796,35,32,ENABLE
1785583353.379583,-0.05893797207598972,-0.2087912087912116,-1.4461538461538446,35,32,ENABLE
1785583353.3845778,-0.05970092317082454,-0.1868131868131897,-1.463736263736262,35,32,ENABLE
1785583353.389545,-0.060463874265659356,-0.120879120879124,-1.463736263736262,35,32,ENABLE
1785583353.3944983,-0.060463874265659356,-0.0769230769230802,-1.4901098901098884,35,32,ENABLE
1785583353.3995495,-0.060463874265659356,-0.010989010989014503,-1.5164835164835182,35,32,ENABLE
1785583353.404556,-0.060463874265659356,-0.0329670329670364,-1.525274725274727,35,32,ENABLE
1785583353.409501,-0.060845349813076766,-0.0549450549450583,-1.5164835164835182,35,32,ENABLE
1785583353.4146352,-0.061226825360494175,-0.0989010989011021,-1.4989010989010971,35,32,ENABLE
1785583353.419563,-0.06198977645532899,-0.120879120879124,-1.4813186813186796,35,32,ENABLE
1785583353.4245536,-0.06313420309758122,-0.1868131868131897,-1.4549450549450533,35,32,ENABLE
1785583353.4295042,-0.06351567864499863,-0.1428571428571459,-1.463736263736262,35,32,ENABLE
1785583353.4345531,-0.06389715419241604,-0.0989010989011021,-1.4813186813186796,35,32,ENABLE
1785583353.4395013,-0.06389715419241604,-0.0329670329670364,-1.5076923076923094,35,32,ENABLE
1785583353.4445014,-0.06389715419241604,-0.010989010989014503,-1.525274725274727,35,32,ENABLE
1785583353.4495687,-0.06389715419241604,-0.010989010989014503,-1.525274725274727,35,32,ENABLE
1785583353.4545524,-0.06389715419241604,-0.010989010989014503,-1.5340659340659357,35,32,ENABLE
1785583353.459503,-0.06389715419241604,-0.010989010989014503,-1.5428571428571445,35,32,ENABLE
1785583353.4645004,-0.06389715419241604,-0.0329670329670364,-1.5428571428571445,35,32,ENABLE
1785583353.4695115,-0.06389715419241604,-0.0329670329670364,-1.5516483516483532,35,32,ENABLE
1785583353.4745522,-0.06427862973983345,-0.0329670329670364,-1.5428571428571445,35,32,ENABLE
1785583353.4795585,-0.06427862973983345,-0.0329670329670364,-1.5428571428571445,35,32,ENABLE
1785583353.4845524,-0.06427862973983345,-0.010989010989014503,-1.5516483516483532,35,32,ENABLE
1785583353.4895015,-0.06427862973983345,-0.010989010989014503,-1.5516483516483532,35,32,ENABLE
1785583353.494583,-0.06427862973983345,-0.010989010989014503,-1.5516483516483532,35,32,ENABLE
1785583353.499553,-0.06427862973983345,-0.010989010989014503,-1.5516483516483532,35,32,ENABLE
1785583353.5045018,-0.06427862973983345,-0.010989010989014503,-1.560439560439562,35,32,ENABLE
1785583353.5094981,-0.06427862973983345,-0.010989010989014503,-1.5692307692307708,35,32,ENABLE
1785583353.514514,-0.06427862973983345,-0.010989010989014503,-1.5692307692307708,35,32,ENABLE
1785583353.519503,-0.06427862973983345,-0.010989010989014503,-1.560439560439562,35,32,ENABLE
1785583353.5245001,-0.06466010528725086,-0.0329670329670364,-1.560439560439562,35,32,ENABLE
1785583353.5294988,-0.06466010528725086,-0.0329670329670364,-1.560439560439562,35,32,ENABLE
1785583353.534548,-0.06466010528725086,-0.0329670329670364,-1.560439560439562,35,32,ENABLE
1785583353.5395405,-0.06466010528725086,-0.0329670329670364,-1.560439560439562,35,32,ENABLE
1785583353.544561,-0.06504158083466827,-0.0549450549450583,-1.5428571428571445,35,32,ENABLE
1785583353.5495355,-0.06542305638208568,-0.0769230769230802,-1.525274725274727,35,32,ENABLE
1785583353.5545542,-0.0661860074769205,-0.1648351648351678,-1.4813186813186796,35,32,ENABLE
1785583353.5595798,-0.06733043411917272,-0.1648351648351678,-1.4549450549450533,35,32,ENABLE
1785583353.564502,-0.06809338521400754,-0.1428571428571459,-1.4461538461538446,35,32,ENABLE
1785583353.5695004,-0.06847486076142495,-0.1428571428571459,-1.463736263736262,35,32,ENABLE
1785583353.5745132,-0.06847486076142495,-0.0329670329670364,-1.4813186813186796,35,32,ENABLE
1785583353.5795026,-0.06847486076142495,-0.0329670329670364,-1.4901098901098884,35,32,ENABLE
1785583353.5845737,-0.06847486076142495,-0.010989010989014503,-1.4901098901098884,35,32,ENABLE
1785583353.5894997,-0.06847486076142495,-0.0329670329670364,-1.4989010989010971,35,32,ENABLE
1785583353.5945008,-0.06885633630884236,-0.0329670329670364,-1.4901098901098884,35,32,ENABLE
1785583353.5994945,-0.06885633630884236,-0.010989010989014503,-1.4901098901098884,35,32,ENABLE
1785583353.604565,-0.06885633630884236,-0.010989010989014503,-1.4989010989010971,35,32,ENABLE
1785583353.6097145,-0.06885633630884236,0.010989010989014503,-1.4989010989010971,35,32,ENABLE
1785583353.6145577,-0.06885633630884236,0.010989010989014503,-1.4989010989010971,35,32,ENABLE
1785583353.6195028,-0.06847486076142495,-0.010989010989014503,-1.4989010989010971,35,32,ENABLE
1785583353.6245124,-0.06847486076142495,-0.010989010989014503,-1.4989010989010971,35,32,ENABLE
1785583353.6293764,-0.06847486076142495,0.010989010989014503,-1.4989010989010971,35,32,ENABLE
1785583353.6344514,-0.06847486076142495,-0.010989010989014503,-1.4901098901098884,35,32,ENABLE
1785583353.6395028,-0.06847486076142495,0.010989010989014503,-1.4901098901098884,35,32,ENABLE
1785583353.644498,-0.06847486076142495,-0.0329670329670364,-1.4813186813186796,35,32,ENABLE
1785583353.649537,-0.06847486076142495,-0.010989010989014503,-1.4813186813186796,35,32,ENABLE
1785583353.6545534,-0.06847486076142495,-0.010989010989014503,-1.4725274725274708,35,32,ENABLE
1785583353.6595254,-0.06847486076142495,-0.010989010989014503,-1.4725274725274708,35,32,ENABLE
1785583353.6645885,-0.06885633630884236,-0.010989010989014503,-1.4725274725274708,35,32,ENABLE
1785583353.6696055,-0.06847486076142495,-0.010989010989014503,-1.463736263736262,35,32,ENABLE
1785583353.6745512,-0.06847486076142495,-0.010989010989014503,-1.4461538461538446,35,32,ENABLE
1785583353.6795106,-0.06885633630884236,-0.010989010989014503,-1.4461538461538446,35,32,ENABLE
1785583353.6844988,-0.06885633630884236,-0.010989010989014503,-1.4461538461538446,35,32,ENABLE
1785583353.6894996,-0.06847486076142495,0.010989010989014503,-1.4373626373626358,35,32,ENABLE
1785583353.694551,-0.06847486076142495,-0.010989010989014503,-1.4373626373626358,35,32,ENABLE
1785583353.6994967,-0.06847486076142495,0.010989010989014503,-1.428571428571427,35,32,ENABLE
1785583353.7045412,-0.06885633630884236,-0.010989010989014503,-1.428571428571427,35,32,ENABLE
1785583353.7094977,-0.06847486076142495,-0.010989010989014503,-1.428571428571427,35,32,ENABLE
1785583353.714585,-0.06847486076142495,-0.010989010989014503,-1.4197802197802183,35,32,ENABLE
1785583353.7195015,-0.06847486076142495,-0.010989010989014503,-1.4109890109890095,35,32,ENABLE
1785583353.724501,-0.06847486076142495,-0.0329670329670364,-1.4109890109890095,35,32,ENABLE
1785583353.729503,-0.06847486076142495,-0.0329670329670364,-1.4021978021978008,35,32,ENABLE
1785583353.7346075,-0.06847486076142495,-0.010989010989014503,-1.3846153846153832,35,32,ENABLE
1785583353.739499,-0.06847486076142495,-0.010989010989014503,-1.3846153846153832,35,32,ENABLE
1785583353.7445526,-0.06885633630884236,-0.010989010989014503,-1.3670329670329657,35,32,ENABLE
1785583353.7495627,-0.06847486076142495,0.010989010989014503,-1.3670329670329657,35,32,ENABLE
1785583353.7545745,-0.06847486076142495,0.010989010989014503,-1.3670329670329657,35,32,ENABLE
1785583353.7595356,-0.06885633630884236,-0.0329670329670364,-1.358241758241757,35,32,ENABLE
1785583353.7645292,-0.06847486076142495,0.010989010989014503,-1.3406593406593394,35,32,ENABLE
1785583353.7695017,-0.06847486076142495,0.010989010989014503,-1.3318681318681307,35,32,ENABLE
1785583353.7744906,-0.06847486076142495,-0.010989010989014503,-1.3318681318681307,35,32,ENABLE
1785583353.7795546,-0.06847486076142495,0.010989010989014503,-1.3318681318681307,35,32,ENABLE
1785583353.7844963,-0.06809338521400754,0.0329670329670364,-1.3318681318681307,35,32,ENABLE
1785583353.7895036,-0.06809338521400754,0.010989010989014503,-1.3318681318681307,35,32,ENABLE
1785583353.7945075,-0.06809338521400754,0.0329670329670364,-1.3142857142857132,35,32,ENABLE
1785583353.799563,-0.06771190966659013,0.010989010989014503,-1.3054945054945044,35,32,ENABLE
1785583353.8044937,-0.06771190966659013,0.010989010989014503,-1.287912087912087,35,32,ENABLE
1785583353.8095005,-0.06771190966659013,0.010989010989014503,-1.287912087912087,35,32,ENABLE
1785583353.8145022,-0.06771190966659013,0.0329670329670364,-1.2791208791208781,35,32,ENABLE
1785583353.8195019,-0.06733043411917272,0.0329670329670364,-1.2615384615384606,35,32,ENABLE
1785583353.824495,-0.06733043411917272,0.010989010989014503,-1.2527472527472518,35,32,ENABLE
1785583353.829497,-0.06771190966659013,-0.010989010989014503,-1.243956043956043,35,32,ENABLE
1785583353.834487,-0.06733043411917272,-0.010989010989014503,-1.2351648351648343,35,32,ENABLE
1785583353.839499,-0.06733043411917272,0.010989010989014503,-1.2175824175824168,35,32,ENABLE
1785583353.8445132,-0.06733043411917272,-0.010989010989014503,-1.208791208791208,35,32,ENABLE
1785583353.849499,-0.06733043411917272,0.010989010989014503,-1.1999999999999993,35,32,ENABLE
1785583353.8544996,-0.06733043411917272,0.010989010989014503,-1.1912087912087905,35,32,ENABLE
1785583353.859499,-0.06771190966659013,-0.010989010989014503,-1.173626373626373,35,32,ENABLE
1785583353.864515,-0.06733043411917272,-0.010989010989014503,-1.1648351648351642,35,32,ENABLE
1785583353.8695068,-0.06733043411917272,-0.010989010989014503,-1.1472527472527467,35,32,ENABLE
1785583353.8744943,-0.06733043411917272,-0.010989010989014503,-1.138461538461538,35,32,ENABLE
1785583353.879582,-0.06733043411917272,-0.010989010989014503,-1.1296703296703292,35,32,ENABLE
1785583353.8845887,-0.06733043411917272,0.010989010989014503,-1.1208791208791204,35,32,ENABLE
1785583353.8895118,-0.06733043411917272,-0.010989010989014503,-1.1208791208791204,35,32,ENABLE
1785583353.894498,-0.06694895857175531,0.0329670329670364,-1.103296703296703,35,32,ENABLE
1785583353.8994863,-0.06694895857175531,0.0329670329670364,-1.0945054945054942,35,32,ENABLE
1785583353.9045064,-0.06694895857175531,-0.010989010989014503,-1.0857142857142854,35,32,ENABLE
1785583353.9094894,-0.0665674830243379,0.0329670329670364,-1.0769230769230766,35,32,ENABLE
1785583353.9144876,-0.0665674830243379,0.0329670329670364,-1.068131868131868,35,32,ENABLE
1785583353.9194996,-0.0661860074769205,0.0329670329670364,-1.0505494505494504,35,32,ENABLE
1785583353.9245083,-0.0661860074769205,0.0329670329670364,-1.0505494505494504,35,32,ENABLE
1785583353.929505,-0.06580453192950309,0.0329670329670364,-1.0417582417582416,35,32,ENABLE
1785583353.9344943,-0.06542305638208568,0.0329670329670364,-1.024175824175824,35,32,ENABLE
1785583353.9395015,-0.06504158083466827,0.0549450549450583,-1.024175824175824,35,32,ENABLE
1785583353.9445045,-0.06427862973983345,0.120879120879124,-1.0417582417582416,35,32,ENABLE
1785583353.9495745,-0.06351567864499863,0.1648351648351678,-1.0593406593406591,35,32,ENABLE
1785583353.9545114,-0.06275272755016381,0.1428571428571459,-1.0505494505494504,35,32,ENABLE
1785583353.9597712,-0.0623712520027464,0.120879120879124,-1.0329670329670328,35,32,ENABLE
1785583353.9644926,-0.06198977645532899,0.0769230769230802,-1.0153846153846153,35,32,ENABLE
1785583353.96955,-0.06198977645532899,0.0329670329670364,-0.9978021978021978,35,32,ENABLE
1785583353.9745002,-0.061608300907911584,0.0329670329670364,-0.9802197802197803,35,32,ENABLE
1785583353.9794972,-0.061226825360494175,0.0549450549450583,-0.9802197802197803,35,32,ENABLE
1785583353.9844937,-0.06008239871824195,0.1648351648351678,-0.9978021978021978,35,32,ENABLE
1785583353.9894946,-0.05893797207598972,0.2087912087912116,-1.024175824175824,35,32,ENABLE
1785583353.9944944,-0.05779354543373749,0.1868131868131897,-1.0065934065934066,35,32,ENABLE
1785583353.999492,-0.05741206988632008,0.120879120879124,-0.9978021978021978,35,32,ENABLE
1785583354.0045059,-0.056267643244067855,0.1868131868131897,-1.0153846153846153,35,32,ENABLE
1785583354.0095012,-0.05474174105439822,0.2307692307692335,-1.0329670329670328,35,32,ENABLE
1785583354.0145273,-0.05321583886472858,0.2747252747252773,-1.0505494505494504,35,32,ENABLE
1785583354.0194986,-0.051308461127641536,0.340659340659343,-1.0945054945054942,35,32,ENABLE
1785583354.0245094,-0.04940108339055449,0.340659340659343,-1.103296703296703,35,32,ENABLE
1785583354.0295002,-0.047493705653467444,0.3846153846153868,-1.1296703296703292,35,32,ENABLE
1785583354.0345569,-0.0455863279163804,0.3846153846153868,-1.138461538461538,35,32,ENABLE
1785583354.039546,-0.04367895017929335,0.3626373626373649,-1.1472527472527467,35,32,ENABLE
1785583354.044489,-0.042153047989623715,0.3186813186813211,-1.1560439560439555,35,32,ENABLE
1785583354.0495615,-0.04062714579995408,0.2747252747252773,-1.1296703296703292,35,32,ENABLE
1785583354.0545561,-0.03871976806286703,0.3186813186813211,-1.138461538461538,35,32,ENABLE
1785583354.0594933,-0.037575341420614805,0.2967032967032992,-1.1208791208791204,35,32,ENABLE
1785583354.0644991,-0.03604943923094517,0.2747252747252773,-1.103296703296703,35,32,ENABLE
1785583354.0695043,-0.03490501258869294,0.2307692307692335,-1.1120879120879117,35,32,ENABLE
1785583354.0744965,-0.03376058594644071,0.2087912087912116,-1.103296703296703,35,32,ENABLE
1785583354.079505,-0.032616159304188486,0.2087912087912116,-1.0769230769230766,35,32,ENABLE
1785583354.0845058,-0.03147173266193626,0.2307692307692335,-1.068131868131868,35,32,ENABLE
1785583354.0894995,-0.03032730601968403,0.2307692307692335,-1.0857142857142854,35,32,ENABLE
1785583354.094497,-0.028801403830014394,0.2527472527472554,-1.0857142857142854,35,32,ENABLE
1785583354.099501,-0.027275501640344757,0.2967032967032992,-1.0945054945054942,35,32,ENABLE
1785583354.1044993,-0.02613107499809253,0.2527472527472554,-1.1120879120879117,35,32,ENABLE
1785583354.109498,-0.024605172808422893,0.2747252747252773,-1.103296703296703,35,32,ENABLE
1785583354.1144962,-0.023079270618753256,0.2967032967032992,-1.0945054945054942,35,32,ENABLE
1785583354.119551,-0.02155336842908362,0.2747252747252773,-1.1120879120879117,35,32,ENABLE
1785583354.1244986,-0.019645990691996573,0.3186813186813211,-1.103296703296703,35,32,ENABLE
1785583354.1294985,-0.018120088502326936,0.340659340659343,-1.138461538461538,35,32,ENABLE
1785583354.1345012,-0.0165941863126573,0.2747252747252773,-1.1208791208791204,35,32,ENABLE
1785583354.1395025,-0.015068284122987663,0.2747252747252773,-1.103296703296703,35,32,ENABLE
1785583354.1445005,-0.013923857480735435,0.2747252747252773,-1.1296703296703292,35,32,ENABLE
1785583354.1494913,-0.012397955291065799,0.2967032967032992,-1.103296703296703,35,32,ENABLE
1785583354.1544983,-0.010490577553978753,0.3186813186813211,-1.1208791208791204,35,32,ENABLE
1785583354.159512,-0.008964675364309116,0.3186813186813211,-1.1472527472527467,35,32,ENABLE
1785583354.1645777,-0.00705729762722207,0.3186813186813211,-1.1208791208791204,35,32,ENABLE
1785583354.1695616,-0.005531395437552433,0.3186813186813211,-1.1296703296703292,35,32,ENABLE
1785583354.1745543,-0.0040054932478827965,0.2747252747252773,-1.103296703296703,35,32,ENABLE
1785583354.1795783,-0.0024795910582131597,0.3186813186813211,-1.1208791208791204,35,32,ENABLE
1785583354.1845765,-0.000953688868543523,0.3186813186813211,-1.1560439560439555,35,32,ENABLE
1785583354.1895072,0.000953688868543523,0.2967032967032992,-1.1120879120879117,35,32,ENABLE
1785583354.194548,0.0020981155107957505,0.2527472527472554,-1.1120879120879117,35,32,ENABLE
1785583354.1995018,0.0036240177004653873,0.2527472527472554,-1.1120879120879117,35,32,ENABLE
1785583354.204576,0.005149919890135024,0.2527472527472554,-1.0857142857142854,35,32,ENABLE
1785583354.209549,0.006294346532387252,0.2307692307692335,-1.0945054945054942,35,32,ENABLE
1785583354.214498,0.00705729762722207,0.1868131868131897,-1.0769230769230766,35,32,ENABLE
1785583354.219498,0.007820248722056888,0.1648351648351678,-1.0329670329670328,35,32,ENABLE
1785583354.224574,0.008583199816891707,0.120879120879124,-0.989010989010989,35,32,ENABLE
1785583354.2295482,0.008583199816891707,0.0329670329670364,-0.9362637362637365,35,32,ENABLE
1785583354.2345452,0.008583199816891707,0.010989010989014503,-0.9098901098901102,35,32,ENABLE
1785583354.2395017,0.008583199816891707,-0.010989010989014503,-0.8747252747252752,35,32,ENABLE
1785583354.2445762,0.008583199816891707,-0.010989010989014503,-0.8483516483516489,35,32,ENABLE
1785583354.2495587,0.008964675364309116,0.0549450549450583,-0.8395604395604401,35,32,ENABLE
1785583354.2545009,0.009727626459143934,0.0769230769230802,-0.8483516483516489,35,32,ENABLE
1785583354.2594967,0.010490577553978753,0.1428571428571459,-0.8659340659340664,35,32,ENABLE
1785583354.2645802,0.01201647974364839,0.2307692307692335,-0.8923076923076927,35,32,ENABLE
1785583354.269549,0.013542381933318026,0.2747252747252773,-0.8835164835164839,35,32,ENABLE
1785583354.2745037,0.014686808575570254,0.2307692307692335,-0.8835164835164839,35,32,ENABLE
1785583354.279496,0.015449759670405072,0.1868131868131897,-0.8923076923076927,35,32,ENABLE
1785583354.2845235,0.0165941863126573,0.2307692307692335,-0.8659340659340664,35,32,ENABLE
1785583354.2894986,0.017738612954909527,0.1868131868131897,-0.8483516483516489,35,32,ENABLE
1785583354.2944937,0.018501564049744346,0.1648351648351678,-0.8395604395604401,35,32,ENABLE
1785583354.2995007,0.019645990691996573,0.2087912087912116,-0.8571428571428577,35,32,ENABLE
1785583354.3045783,0.02155336842908362,0.3186813186813211,-0.8659340659340664,35,32,ENABLE
1785583354.3095908,0.023079270618753256,0.2967032967032992,-0.8747252747252752,35,32,ENABLE
1785583354.3145509,0.024986648355840302,0.340659340659343,-0.8923076923076927,35,32,ENABLE
1785583354.3195207,0.026894026092927348,0.3626373626373649,-0.9098901098901102,35,32,ENABLE
1785583354.324404,0.028801403830014394,0.3626373626373649,-0.918681318681319,35,32,ENABLE
1785583354.3295214,0.03109025711451885,0.4285714285714306,-0.918681318681319,35,32,ENABLE
1785583354.3345556,0.032616159304188486,0.3846153846153868,-0.953846153846154,35,32,ENABLE
1785583354.3395035,0.03490501258869294,0.4065934065934087,-0.953846153846154,35,32,ENABLE
1785583354.3444989,0.037575341420614805,0.4505494505494525,-0.9802197802197803,35,32,ENABLE
1785583354.3495445,0.03986419470511926,0.4725274725274744,-1.024175824175824,35,32,ENABLE
1785583354.3545454,0.042915999084458534,0.560439560439562,-1.024175824175824,35,32,ENABLE
1785583354.3595114,0.0455863279163804,0.5164835164835182,-1.0505494505494504,35,32,ENABLE
1785583354.3645012,0.04825665674830226,0.5164835164835182,-1.068131868131868,35,32,ENABLE
1785583354.3695798,0.05092698558022413,0.5384615384615401,-1.068131868131868,35,32,ENABLE
1785583354.3745074,0.05321583886472858,0.4945054945054963,-1.0857142857142854,35,32,ENABLE
1785583354.3794997,0.055886167696650446,0.5164835164835182,-1.0945054945054942,35,32,ENABLE
1785583354.3845017,0.05893797207598972,0.560439560439562,-1.1120879120879117,35,32,ENABLE
1785583354.3895943,0.061226825360494175,0.4725274725274744,-1.1120879120879117,35,32,ENABLE
1785583354.3945515,0.06389715419241604,0.5384615384615401,-1.1208791208791204,35,32,ENABLE
1785583354.3995037,0.0665674830243379,0.5384615384615401,-1.1560439560439555,35,32,ENABLE
1785583354.404503,0.06885633630884236,0.4945054945054963,-1.1560439560439555,35,32,ENABLE
1785583354.4095764,0.07190814068818163,0.5384615384615401,-1.1472527472527467,35,32,ENABLE
1785583354.4145103,0.07419699397268609,0.4725274725274744,-1.1824175824175818,35,32,ENABLE
1785583354.4195025,0.07648584725719054,0.4725274725274744,-1.1824175824175818,35,32,ENABLE
1785583354.4245014,0.07953765163652982,0.560439560439562,-1.1912087912087905,35,32,ENABLE
1785583354.429583,0.08182650492103427,0.4725274725274744,-1.208791208791208,35,32,ENABLE
1785583354.4345715,0.08449683375295614,0.5164835164835182,-1.208791208791208,35,32,ENABLE
1785583354.439565,0.087167162584878,0.5164835164835182,-1.2175824175824168,35,32,ENABLE
1785583354.4445498,0.08907454032196505,0.4285714285714306,-1.1999999999999993,35,32,ENABLE
1785583354.449563,0.0913633936064695,0.4505494505494525,-1.2175824175824168,35,32,ENABLE
1785583354.4545505,0.09288929579613914,0.340659340659343,-1.1824175824175818,35,32,ENABLE
1785583354.459503,0.09479667353322618,0.3626373626373649,-1.1824175824175818,35,32,ENABLE
1785583354.4644995,0.09708552681773064,0.3846153846153868,-1.173626373626373,35,32,ENABLE
1785583354.4695036,0.09861142900740028,0.3626373626373649,-1.1824175824175818,35,32,ENABLE
1785583354.474581,0.10051880674448732,0.3626373626373649,-1.1560439560439555,35,32,ENABLE
1785583354.479519,0.10204470893415696,0.2967032967032992,-1.1560439560439555,35,32,ENABLE
1785583354.4845154,0.10433356221866141,0.4285714285714306,-1.1648351648351642,35,32,ENABLE
1785583354.4895015,0.10585946440833105,0.340659340659343,-1.173626373626373,35,32,ENABLE
1785583354.4945436,0.1081483176928355,0.4065934065934087,-1.1912087912087905,35,32,ENABLE
1785583354.4995022,0.11005569542992255,0.3626373626373649,-1.173626373626373,35,32,ENABLE
1785583354.5045116,0.1119630731670096,0.3846153846153868,-1.1824175824175818,35,32,ENABLE
1785583354.509532,0.11425192645151405,0.3846153846153868,-1.208791208791208,35,32,ENABLE
1785583354.5145285,0.11654077973601851,0.4505494505494525,-1.2175824175824168,35,32,ENABLE
1785583354.5195613,0.11844815747310555,0.4065934065934087,-1.208791208791208,35,32,ENABLE
1785583354.5245025,0.12073701075761001,0.4725274725274744,-1.2263736263736256,35,32,ENABLE
1785583354.529504,0.12264438849469705,0.3846153846153868,-1.2351648351648343,35,32,ENABLE
1785583354.5345528,0.12493324177920151,0.4505494505494525,-1.2527472527472518,35,32,ENABLE
1785583354.5395112,0.12684061951628856,0.3626373626373649,-1.2351648351648343,35,32,ENABLE
1785583354.5444994,0.129129472800793,0.4065934065934087,-1.2263736263736256,35,32,ENABLE
1785583354.5495627,0.13065537499046265,0.3186813186813211,-1.208791208791208,35,32,ENABLE
1785583354.5545056,0.1325627527275497,0.340659340659343,-1.2175824175824168,35,32,ENABLE
1785583354.5595975,0.13408865491721933,0.2967032967032992,-1.1824175824175818,35,32,ENABLE
1785583354.564555,0.13485160601205415,0.2307692307692335,-1.1648351648351642,35,32,ENABLE
1785583354.56953,0.1367589837491412,0.3186813186813211,-1.173626373626373,35,32,ENABLE
1785583354.5745494,0.13790341039139342,0.2527472527472554,-1.138461538461538,35,32,ENABLE
1785583354.5794945,0.13866636148622824,0.1868131868131897,-1.1208791208791204,35,32,ENABLE
1785583354.584551,0.14019226367589788,0.2087912087912116,-1.1296703296703292,35,32,ENABLE
1785583354.5895026,0.1409552147707327,0.2087912087912116,-1.0945054945054942,35,32,ENABLE
1785583354.5945003,0.14209964141298492,0.2087912087912116,-1.0769230769230766,35,32,ENABLE
1785583354.5995271,0.14286259250781974,0.1648351648351678,-1.0593406593406591,35,32,ENABLE
1785583354.604553,0.14362554360265456,0.1868131868131897,-1.0593406593406591,35,32,ENABLE
1785583354.609508,0.1455329213397416,0.2747252747252773,-1.0593406593406591,35,32,ENABLE
1785583354.6145003,0.14667734798199383,0.2307692307692335,-1.0505494505494504,35,32,ENABLE
1785583354.6195228,0.14744029907682865,0.2087912087912116,-1.0593406593406591,35,32,ENABLE
1785583354.6245368,0.1489662012664983,0.2527472527472554,-1.0593406593406591,35,32,ENABLE
1785583354.629552,0.15011062790875052,0.2307692307692335,-1.0417582417582416,35,32,ENABLE
1785583354.6345751,0.15125505455100274,0.2087912087912116,-1.0329670329670328,35,32,ENABLE
1785583354.6395605,0.15239948119325497,0.2087912087912116,-1.0417582417582416,35,32,ENABLE
1785583354.6444223,0.1539253833829246,0.2967032967032992,-1.0329670329670328,35,32,ENABLE
1785583354.6494222,0.15506981002517684,0.2307692307692335,-1.024175824175824,35,32,ENABLE
1785583354.6545577,0.15621423666742906,0.2307692307692335,-1.024175824175824,35,32,ENABLE
1785583354.6595821,0.1573586633096813,0.2307692307692335,-1.024175824175824,35,32,ENABLE
1785583354.664668,0.15850308995193352,0.2087912087912116,-0.9802197802197803,35,32,ENABLE
1785583354.6695633,0.15888456549935093,0.120879120879124,-0.953846153846154,35,32,ENABLE
1785583354.6745508,0.15926604104676834,0.0769230769230802,-0.9274725274725277,35,32,ENABLE
1785583354.6795013,0.16002899214160315,0.0989010989011021,-0.9098901098901102,35,32,ENABLE
1785583354.6845798,0.16079194323643797,0.1428571428571459,-0.9098901098901102,35,32,ENABLE
1785583354.6895812,0.1619363698786902,0.1868131868131897,-0.9010989010989015,35,32,ENABLE
1785583354.6945512,0.1623178454261076,0.1428571428571459,-0.8835164835164839,35,32,ENABLE
1785583354.6995063,0.16308079652094243,0.120879120879124,-0.8659340659340664,35,32,ENABLE
1785583354.7044985,0.16346227206835984,0.0769230769230802,-0.8571428571428577,35,32,ENABLE
1785583354.7095037,0.16422522316319466,0.0989010989011021,-0.8571428571428577,35,32,ENABLE
1785583354.7144983,0.16536964980544688,0.1868131868131897,-0.8483516483516489,35,32,ENABLE
1785583354.7195063,0.1665140764476991,0.2307692307692335,-0.8571428571428577,35,32,ENABLE
1785583354.7244995,0.16765850308995134,0.1868131868131897,-0.8571428571428577,35,32,ENABLE
1785583354.7295866,0.16842145418478616,0.1868131868131897,-0.8659340659340664,35,32,ENABLE
1785583354.7345505,0.1699473563744558,0.2307692307692335,-0.8747252747252752,35,32,ENABLE
1785583354.7394993,0.17109178301670802,0.2527472527472554,-0.8835164835164839,35,32,ENABLE
1785583354.7444983,0.17223620965896025,0.2087912087912116,-0.8835164835164839,35,32,ENABLE
1785583354.749571,0.17376211184862989,0.2747252747252773,-0.8923076923076927,35,32,ENABLE
1785583354.7545915,0.17566948958571693,0.2967032967032992,-0.8835164835164839,35,32,ENABLE
1785583354.7595634,0.17643244068055175,0.2307692307692335,-0.8747252747252752,35,32,ENABLE
1785583354.764526,0.1779583428702214,0.2747252747252773,-0.8923076923076927,35,32,ENABLE
1785583354.7695937,0.17948424505989102,0.2747252747252773,-0.8835164835164839,35,32,ENABLE
1785583354.7745633,0.18062867170214325,0.2307692307692335,-0.8835164835164839,35,32,ENABLE
1785583354.7795038,0.1821545738918129,0.2747252747252773,-0.9098901098901102,35,32,ENABLE
1785583354.7845638,0.18368047608148252,0.2747252747252773,-0.8923076923076927,35,32,ENABLE
1785583354.7895038,0.18482490272373475,0.2307692307692335,-0.8835164835164839,35,32,ENABLE
1785583354.7945545,0.1863508049134044,0.2967032967032992,-0.9010989010989015,35,32,ENABLE
1785583354.7995067,0.18787670710307403,0.2967032967032992,-0.8923076923076927,35,32,ENABLE
1785583354.804502,0.18902113374532625,0.1868131868131897,-0.8835164835164839,35,32,ENABLE
1785583354.809503,0.19016556038757848,0.2527472527472554,-0.8923076923076927,35,32,ENABLE
1785583354.8146567,0.19169146257724812,0.2747252747252773,-0.8835164835164839,35,32,ENABLE
1785583354.8195484,0.19245441367208294,0.1868131868131897,-0.8571428571428577,35,32,ENABLE
1785583354.8245587,0.19321736476691775,0.1648351648351678,-0.8571428571428577,35,32,ENABLE
1785583354.8295033,0.1947432669565874,0.2307692307692335,-0.8659340659340664,35,32,ENABLE
1785583354.834584,0.19588769359883962,0.2307692307692335,-0.8659340659340664,35,32,ENABLE
1785583354.8395412,0.19703212024109185,0.1868131868131897,-0.8659340659340664,35,32,ENABLE
1785583354.844501,0.19779507133592666,0.1868131868131897,-0.8659340659340664,35,32,ENABLE
1785583354.8495593,0.1997024490730137,0.2527472527472554,-0.8659340659340664,35,32,ENABLE
1785583354.854525,0.20046540016784853,0.2307692307692335,-0.8571428571428577,35,32,ENABLE
1785583354.8595479,0.20122835126268335,0.1868131868131897,-0.8571428571428577,35,32,ENABLE
1785583354.8645005,0.2031357289997704,0.2747252747252773,-0.8747252747252752,35,32,ENABLE
1785583354.869552,0.20428015564202262,0.2747252747252773,-0.8747252747252752,35,32,ENABLE
1785583354.8745017,0.20504310673685744,0.2087912087912116,-0.8659340659340664,35,32,ENABLE
1785583354.879581,0.20618753337910967,0.2087912087912116,-0.8659340659340664,35,32,ENABLE
1785583354.8845034,0.2077134355687793,0.2307692307692335,-0.8835164835164839,35,32,ENABLE
1785583354.8895044,0.20847638666361412,0.2087912087912116,-0.8747252747252752,35,32,ENABLE
1785583354.8945012,0.20923933775844894,0.1648351648351678,-0.8571428571428577,35,32,ENABLE
1785583354.8995388,0.21038376440070117,0.1648351648351678,-0.8571428571428577,35,32,ENABLE
1785583354.9045472,0.2119096665903708,0.2527472527472554,-0.8747252747252752,35,32,ENABLE
1785583354.9095027,0.21267261768520562,0.2087912087912116,-0.8659340659340664,35,32,ENABLE
1785583354.9144979,0.21343556878004044,0.120879120879124,-0.8483516483516489,35,32,ENABLE
1785583354.9195354,0.21381704432745785,0.0989010989011021,-0.8307692307692314,35,32,ENABLE
1785583354.9245458,0.21496147096971008,0.1428571428571459,-0.8395604395604401,35,32,ENABLE
1785583354.9295027,0.2157244220645449,0.1648351648351678,-0.8483516483516489,35,32,ENABLE
1785583354.9345517,0.21648737315937971,0.1428571428571459,-0.8307692307692314,35,32,ENABLE
1785583354.9395292,0.21686884870679712,0.0989010989011021,-0.8131868131868139,35,32,ENABLE
1785583354.9445412,0.21725032425421453,0.0549450549450583,-0.7956043956043963,35,32,ENABLE
1785583354.949563,0.21763179980163194,0.0769230769230802,-0.7868131868131876,35,32,ENABLE
1785583354.9545543,0.21839475089646676,0.0989010989011021,-0.7868131868131876,35,32,ENABLE
1785583354.959501,0.21915770199130158,0.1648351648351678,-0.8131868131868139,35,32,ENABLE
1785583354.9645483,0.22068360418097122,0.2087912087912116,-0.8307692307692314,35,32,ENABLE
1785583354.9694989,0.22144655527580603,0.1648351648351678,-0.8307692307692314,35,32,ENABLE
1785583354.9745495,0.22182803082322344,0.120879120879124,-0.8307692307692314,35,32,ENABLE
1785583354.979501,0.22297245746547567,0.1868131868131897,-0.8307692307692314,35,32,ENABLE
1785583354.984583,0.2237354085603105,0.1868131868131897,-0.8395604395604401,35,32,ENABLE
1785583354.9895077,0.22487983520256272,0.1648351648351678,-0.8395604395604401,35,32,ENABLE
1785583354.9945,0.22526131074998013,0.0989010989011021,-0.8307692307692314,35,32,ENABLE
1785583354.9995008,0.22564278629739754,0.0769230769230802,-0.8131868131868139,35,32,ENABLE
1785583355.0047832,0.22564278629739754,0.0329670329670364,-0.7868131868131876,35,32,ENABLE
1785583355.0095584,0.22602426184481494,0.0549450549450583,-0.7780219780219788,35,32,ENABLE
1785583355.014501,0.22640573739223235,0.0549450549450583,-0.76923076923077,35,32,ENABLE
1785583355.0195546,0.22678721293964976,0.0769230769230802,-0.76923076923077,35,32,ENABLE
1785583355.0245466,0.22755016403448458,0.120879120879124,-0.7956043956043963,35,32,ENABLE
1785583355.0295117,0.2286945906767368,0.1428571428571459,-0.8131868131868139,35,32,ENABLE
1785583355.0345008,0.22907606622415422,0.0989010989011021,-0.8043956043956051,35,32,ENABLE
1785583355.0394986,0.22945754177157163,0.0769230769230802,-0.7956043956043963,35,32,ENABLE
1785583355.0445008,0.22945754177157163,0.010989010989014503,-0.76923076923077,35,32,ENABLE
1785583355.0495613,0.22945754177157163,0.010989010989014503,-0.7604395604395613,35,32,ENABLE
1785583355.0545032,0.22983901731898904,0.010989010989014503,-0.7516483516483525,35,32,ENABLE
1785583355.0594997,0.23022049286640645,0.0549450549450583,-0.7516483516483525,35,32,ENABLE
1785583355.0645006,0.23060196841382385,0.0329670329670364,-0.7604395604395613,35,32,ENABLE
1785583355.0695722,0.23098344396124126,0.0989010989011021,-0.76923076923077,35,32,ENABLE
1785583355.0745535,0.23174639505607608,0.0989010989011021,-0.7868131868131876,35,32,ENABLE
1785583355.0795655,0.2325093461509109,0.120879120879124,-0.8043956043956051,35,32,ENABLE
1785583355.0845768,0.2328908216983283,0.0769230769230802,-0.7956043956043963,35,32,ENABLE
1785583355.0895383,0.2328908216983283,0.0549450549450583,-0.7868131868131876,35,32,ENABLE
1785583355.094502,0.2328908216983283,0.010989010989014503,-0.76923076923077,35,32,ENABLE
1785583355.0995014,0.23327229724574572,0.010989010989014503,-0.7604395604395613,35,32,ENABLE
1785583355.1045005,0.2328908216983283,-0.0329670329670364,-0.7516483516483525,35,32,ENABLE
1785583355.1095285,0.2328908216983283,-0.010989010989014503,-0.7428571428571438,35,32,ENABLE
1785583355.1145048,0.2328908216983283,-0.010989010989014503,-0.7428571428571438,35,32,ENABLE
1785583355.1195028,0.2328908216983283,-0.0329670329670364,-0.734065934065935,35,32,ENABLE
1785583355.1245115,0.23327229724574572,0.010989010989014503,-0.734065934065935,35,32,ENABLE
1785583355.129501,0.2328908216983283,-0.010989010989014503,-0.734065934065935,35,32,ENABLE
1785583355.1345556,0.2328908216983283,-0.010989010989014503,-0.734065934065935,35,32,ENABLE
1785583355.1395042,0.2328908216983283,-0.010989010989014503,-0.734065934065935,35,32,ENABLE
1785583355.1445556,0.2328908216983283,-0.010989010989014503,-0.734065934065935,35,32,ENABLE
1785583355.1495426,0.23327229724574572,-0.010989010989014503,-0.734065934065935,35,32,ENABLE
1785583355.1545918,0.2328908216983283,-0.010989010989014503,-0.7252747252747263,35,32,ENABLE
1785583355.1595612,0.2328908216983283,-0.010989010989014503,-0.734065934065935,35,32,ENABLE
1785583355.1645734,0.2328908216983283,0.010989010989014503,-0.734065934065935,35,32,ENABLE
1785583355.169584,0.2328908216983283,-0.010989010989014503,-0.734065934065935,35,32,ENABLE
1785583355.174609,0.2328908216983283,-0.010989010989014503,-0.734065934065935,35,32,ENABLE
1785583355.1795456,0.2328908216983283,-0.010989010989014503,-0.734065934065935,35,32,ENABLE
1785583355.184563,0.2328908216983283,-0.010989010989014503,-0.734065934065935,35,32,ENABLE
1785583355.1895006,0.23327229724574572,0.010989010989014503,-0.7428571428571438,35,32,ENABLE
1785583355.1945314,0.2328908216983283,-0.0329670329670364,-0.7516483516483525,35,32,ENABLE
1785583355.1995864,0.2328908216983283,-0.010989010989014503,-0.7516483516483525,35,32,ENABLE
1785583355.2045047,0.23327229724574572,0.010989010989014503,-0.7516483516483525,35,32,ENABLE
1785583355.2095013,0.23327229724574572,0.010989010989014503,-0.7604395604395613,35,32,ENABLE
1785583355.2145004,0.23327229724574572,-0.010989010989014503,-0.7604395604395613,35,32,ENABLE
1785583355.2194998,0.23327229724574572,-0.010989010989014503,-0.7604395604395613,35,32,ENABLE
1785583355.2245555,0.23327229724574572,0.010989010989014503,-0.76923076923077,35,32,ENABLE
1785583355.2295022,0.23327229724574572,-0.010989010989014503,-0.7780219780219788,35,32,ENABLE
1785583355.2345552,0.23327229724574572,-0.010989010989014503,-0.7868131868131876,35,32,ENABLE
1785583355.239539,0.23327229724574572,0.010989010989014503,-0.7868131868131876,35,32,ENABLE
1785583355.2444608,0.23327229724574572,-0.010989010989014503,-0.7956043956043963,35,32,ENABLE
1785583355.2495606,0.23327229724574572,-0.010989010989014503,-0.7956043956043963,35,32,ENABLE
1785583355.2545004,0.2328908216983283,-0.0329670329670364,-0.8043956043956051,35,32,ENABLE
1785583355.2595375,0.23327229724574572,-0.010989010989014503,-0.8131868131868139,35,32,ENABLE
1785583355.2645438,0.23327229724574572,-0.010989010989014503,-0.8219780219780226,35,32,ENABLE
1785583355.2695007,0.23327229724574572,-0.010989010989014503,-0.8219780219780226,35,32,ENABLE
1785583355.2745056,0.2328908216983283,-0.0329670329670364,-0.8307692307692314,35,32,ENABLE
1785583355.2795215,0.2328908216983283,-0.010989010989014503,-0.8395604395604401,35,32,ENABLE
1785583355.284554,0.2328908216983283,-0.010989010989014503,-0.8483516483516489,35,32,ENABLE
1785583355.289502,0.2328908216983283,-0.0329670329670364,-0.8483516483516489,35,32,ENABLE
1785583355.2944984,0.2328908216983283,-0.0329670329670364,-0.8571428571428577,35,32,ENABLE
1785583355.2994945,0.2328908216983283,-0.0329670329670364,-0.8659340659340664,35,32,ENABLE
1785583355.304501,0.2328908216983283,-0.010989010989014503,-0.8747252747252752,35,32,ENABLE
1785583355.3095007,0.2328908216983283,-0.010989010989014503,-0.8835164835164839,35,32,ENABLE
1785583355.3144999,0.2325093461509109,-0.0549450549450583,-0.8923076923076927,35,32,ENABLE
1785583355.3224638,0.2325093461509109,-0.010989010989014503,-0.9010989010989015,35,32,ENABLE
1785583355.327135,0.2325093461509109,-0.0329670329670364,-0.9098901098901102,35,32,ENABLE
1785583355.3300867,0.2325093461509109,-0.0329670329670364,-0.918681318681319,35,32,ENABLE
1785583355.3341076,0.2325093461509109,-0.0329670329670364,-0.918681318681319,35,32,ENABLE
1785583355.339163,0.2321278706034935,-0.0329670329670364,-0.9362637362637365,35,32,ENABLE
1785583355.3442516,0.2321278706034935,-0.0769230769230802,-0.9450549450549453,35,32,ENABLE
1785583355.3492758,0.2321278706034935,-0.010989010989014503,-0.953846153846154,35,32,ENABLE
1785583355.354265,0.2321278706034935,-0.0329670329670364,-0.9714285714285715,35,32,ENABLE
1785583355.3586943,0.2321278706034935,-0.010989010989014503,-0.9802197802197803,35,32,ENABLE
1785583355.3636875,0.2321278706034935,-0.0329670329670364,-0.989010989010989,35,32,ENABLE
1785583355.3699543,0.2321278706034935,-0.010989010989014503,-1.0065934065934066,35,32,ENABLE
1785583355.3748648,0.23174639505607608,-0.0329670329670364,-1.0153846153846153,35,32,ENABLE
1785583355.379703,0.23136491950865867,-0.0329670329670364,-1.024175824175824,35,32,ENABLE
1785583355.3845775,0.23136491950865867,-0.0549450549450583,-1.0329670329670328,35,32,ENABLE
1785583355.3894935,0.23136491950865867,-0.0549450549450583,-1.0417582417582416,35,32,ENABLE
1785583355.3943675,0.23098344396124126,-0.0549450549450583,-1.0505494505494504,35,32,ENABLE
1785583355.399502,0.23060196841382385,-0.0549450549450583,-1.0505494505494504,35,32,ENABLE
1785583355.4044993,0.23022049286640645,-0.0769230769230802,-1.0505494505494504,35,32,ENABLE
1785583355.4095347,0.22945754177157163,-0.120879120879124,-1.0417582417582416,35,32,ENABLE
1785583355.4144995,0.2286945906767368,-0.1648351648351678,-1.024175824175824,35,32,ENABLE
1785583355.4194987,0.227931639581902,-0.2087912087912116,-1.0329670329670328,35,32,ENABLE
1785583355.4244967,0.22716868848706717,-0.1868131868131897,-1.0417582417582416,35,32,ENABLE
1785583355.4295373,0.22640573739223235,-0.1428571428571459,-1.0505494505494504,35,32,ENABLE
1785583355.4345484,0.22564278629739754,-0.1428571428571459,-1.0417582417582416,35,32,ENABLE
1785583355.4394968,0.2244983596551453,-0.1868131868131897,-1.024175824175824,35,32,ENABLE
1785583355.4444952,0.22335393301289308,-0.2307692307692335,-1.0417582417582416,35,32,ENABLE
1785583355.449586,0.22259098191805826,-0.2087912087912116,-1.0593406593406591,35,32,ENABLE
1785583355.4545805,0.22182803082322344,-0.1648351648351678,-1.0593406593406591,35,32,ENABLE
1785583355.459545,0.22106507972838862,-0.1648351648351678,-1.0593406593406591,35,32,ENABLE
1785583355.4645505,0.2203021286335538,-0.1648351648351678,-1.068131868131868,35,32,ENABLE
1785583355.46953,0.219539177538719,-0.1868131868131897,-1.0857142857142854,35,32,ENABLE
1785583355.4745429,0.21877622644388417,-0.1428571428571459,-1.1120879120879117,35,32,ENABLE
1785583355.4794953,0.21839475089646676,-0.1428571428571459,-1.1208791208791204,35,32,ENABLE
1785583355.484494,0.21763179980163194,-0.1428571428571459,-1.1296703296703292,35,32,ENABLE
1785583355.4894917,0.21686884870679712,-0.1648351648351678,-1.1120879120879117,35,32,ENABLE
1785583355.494567,0.2153429465171275,-0.2307692307692335,-1.1120879120879117,35,32,ENABLE
1785583355.4995027,0.21419851987487526,-0.2307692307692335,-1.1296703296703292,35,32,ENABLE
1785583355.5044978,0.21381704432745785,-0.1648351648351678,-1.138461538461538,35,32,ENABLE
1785583355.5094948,0.21267261768520562,-0.1868131868131897,-1.1296703296703292,35,32,ENABLE
1785583355.5145376,0.2115281910429534,-0.2307692307692335,-1.1296703296703292,35,32,ENABLE
1785583355.5194962,0.21038376440070117,-0.2527472527472554,-1.1472527472527467,35,32,ENABLE
1785583355.5244932,0.20962081330586635,-0.2087912087912116,-1.1648351648351642,35,32,ENABLE
1785583355.5294964,0.20923933775844894,-0.1648351648351678,-1.1648351648351642,35,32,ENABLE
1785583355.5345879,0.2080949111161967,-0.2087912087912116,-1.1560439560439555,35,32,ENABLE
1785583355.5395021,0.20618753337910967,-0.2967032967032992,-1.1648351648351642,35,32,ENABLE
1785583355.544496,0.20542458228427485,-0.2307692307692335,-1.173626373626373,35,32,ENABLE
1785583355.5495534,0.20428015564202262,-0.2307692307692335,-1.1648351648351642,35,32,ENABLE
1785583355.5544953,0.20275425345235298,-0.2967032967032992,-1.1648351648351642,35,32,ENABLE
1785583355.5594995,0.20160982681010076,-0.2527472527472554,-1.1912087912087905,35,32,ENABLE
1785583355.564495,0.20084687571526594,-0.1868131868131897,-1.1999999999999993,35,32,ENABLE
1785583355.5695572,0.1997024490730137,-0.2087912087912116,-1.1912087912087905,35,32,ENABLE
1785583355.5745025,0.19779507133592666,-0.340659340659343,-1.1912087912087905,35,32,ENABLE
1785583355.5795593,0.19665064469367444,-0.2967032967032992,-1.1912087912087905,35,32,ENABLE
1785583355.5845532,0.1951247425040048,-0.2967032967032992,-1.173626373626373,35,32,ENABLE
1785583355.5894864,0.19359884031433516,-0.3186813186813211,-1.1999999999999993,35,32,ENABLE
1785583355.594542,0.19283588921950034,-0.2307692307692335,-1.2263736263736256,35,32,ENABLE
1785583355.5995588,0.19207293812466553,-0.1868131868131897,-1.2351648351648343,35,32,ENABLE
1785583355.6044936,0.1905470359349959,-0.2527472527472554,-1.2351648351648343,35,32,ENABLE
1785583355.609501,0.18940260929274366,-0.2527472527472554,-1.2615384615384606,35,32,ENABLE
1785583355.6144986,0.18863965819790884,-0.2087912087912116,-1.287912087912087,35,32,ENABLE
1785583355.6195216,0.18749523155565662,-0.2307692307692335,-1.2703296703296694,35,32,ENABLE
1785583355.6245487,0.18596932936598698,-0.2747252747252773,-1.2703296703296694,35,32,ENABLE
1785583355.629497,0.18482490272373475,-0.2527472527472554,-1.2967032967032956,35,32,ENABLE
1785583355.634493,0.18406195162889993,-0.2087912087912116,-1.3054945054945044,35,32,ENABLE
1785583355.6395197,0.1829175249866477,-0.2307692307692335,-1.3054945054945044,35,32,ENABLE
1785583355.6445749,0.18139162279697807,-0.2747252747252773,-1.323076923076922,35,32,ENABLE
1785583355.649569,0.18062867170214325,-0.2527472527472554,-1.3406593406593394,35,32,ENABLE
1785583355.6544998,0.17948424505989102,-0.2087912087912116,-1.3406593406593394,35,32,ENABLE
1785583355.6595097,0.1783398184176388,-0.2527472527472554,-1.3494505494505482,35,32,ENABLE
1785583355.6646073,0.17719539177538657,-0.2527472527472554,-1.3758241758241745,35,32,ENABLE
1785583355.669559,0.17643244068055175,-0.1868131868131897,-1.393406593406592,35,32,ENABLE
1785583355.6744926,0.17566948958571693,-0.2087912087912116,-1.4109890109890095,35,32,ENABLE
1785583355.6794999,0.1741435873960473,-0.2527472527472554,-1.4109890109890095,35,32,ENABLE
1785583355.6845853,0.17261768520637766,-0.2747252747252773,-1.4197802197802183,35,32,ENABLE
1785583355.6894941,0.17185473411154284,-0.2087912087912116,-1.428571428571427,35,32,ENABLE
1785583355.6944902,0.17109178301670802,-0.1648351648351678,-1.4373626373626358,35,32,ENABLE
1785583355.6994503,0.1699473563744558,-0.2307692307692335,-1.4549450549450533,35,32,ENABLE
1785583355.7045786,0.16880292973220357,-0.2307692307692335,-1.4725274725274708,35,32,ENABLE
1785583355.7095819,0.16765850308995134,-0.2307692307692335,-1.4813186813186796,35,32,ENABLE
1785583355.7145452,0.1661326009002817,-0.2527472527472554,-1.4725274725274708,35,32,ENABLE
1785583355.719459,0.16460669871061206,-0.340659340659343,-1.4813186813186796,35,32,ENABLE
1785583355.7244933,0.16346227206835984,-0.2527472527472554,-1.4813186813186796,35,32,ENABLE
1785583355.7295427,0.1615548943312728,-0.2967032967032992,-1.4725274725274708,35,32,ENABLE
1785583355.7345417,0.16002899214160315,-0.2967032967032992,-1.4989010989010971,35,32,ENABLE
1785583355.7394946,0.15888456549935093,-0.2527472527472554,-1.5076923076923094,35,32,ENABLE
1785583355.7444901,0.1573586633096813,-0.2967032967032992,-1.4989010989010971,35,32,ENABLE
1785583355.7495892,0.15545128557259424,-0.340659340659343,-1.525274725274727,35,32,ENABLE
1785583355.7545414,0.15430685893034202,-0.2967032967032992,-1.5076923076923094,35,32,ENABLE
1785583355.759495,0.15239948119325497,-0.340659340659343,-1.525274725274727,35,32,ENABLE
1785583355.7645848,0.15163653009842015,-0.2527472527472554,-1.560439560439562,35,32,ENABLE
1785583355.7696064,0.15011062790875052,-0.2527472527472554,-1.560439560439562,35,32,ENABLE
1785583355.7745445,0.14858472571908088,-0.3626373626373649,-1.5516483516483532,35,32,ENABLE
1785583355.7794936,0.14705882352941124,-0.2747252747252773,-1.5692307692307708,35,32,ENABLE
1785583355.784492,0.1455329213397416,-0.340659340659343,-1.5428571428571445,35,32,ENABLE
1785583355.789531,0.14362554360265456,-0.3626373626373649,-1.5516483516483532,35,32,ENABLE
1785583355.7945585,0.14209964141298492,-0.340659340659343,-1.560439560439562,35,32,ENABLE
1785583355.799554,0.13981078812848047,-0.4285714285714306,-1.5428571428571445,35,32,ENABLE
1785583355.804493,0.13790341039139342,-0.3846153846153868,-1.5428571428571445,35,32,ENABLE
1785583355.809495,0.13561455710688897,-0.4505494505494525,-1.5164835164835182,35,32,ENABLE
1785583355.8144922,0.1333257038223845,-0.4505494505494525,-1.5164835164835182,35,32,ENABLE
1785583355.8194964,0.13103685053788006,-0.4945054945054963,-1.5076923076923094,35,32,ENABLE
1785583355.824492,0.129129472800793,-0.4285714285714306,-1.4989010989010971,35,32,ENABLE
1785583355.8294935,0.12684061951628856,-0.4505494505494525,-1.525274725274727,35,32,ENABLE
1785583355.8345394,0.12493324177920151,-0.3846153846153868,-1.525274725274727,35,32,ENABLE
1785583355.8395436,0.12264438849469705,-0.4505494505494525,-1.525274725274727,35,32,ENABLE
1785583355.8444965,0.12111848630502742,-0.3626373626373649,-1.560439560439562,35,32,ENABLE
1785583355.8495345,0.11959258411535778,-0.3626373626373649,-1.5516483516483532,35,32,ENABLE
1785583355.8545454,0.11768520637827073,-0.3626373626373649,-1.5780219780219795,35,32,ENABLE
1785583355.8594913,0.1161593041886011,-0.3846153846153868,-1.560439560439562,35,32,ENABLE
1785583355.8644903,0.11387045090409664,-0.4285714285714306,-1.5780219780219795,35,32,ENABLE
1785583355.8694901,0.1119630731670096,-0.3846153846153868,-1.560439560439562,35,32,ENABLE
1785583355.874533,0.10967421988250514,-0.4285714285714306,-1.560439560439562,35,32,ENABLE
1785583355.8795443,0.1077668421454181,-0.4505494505494525,-1.5516483516483532,35,32,ENABLE
1785583355.884495,0.10509651331349623,-0.4725274725274744,-1.5340659340659357,35,32,ENABLE
1785583355.8894963,0.10280766002899178,-0.5164835164835182,-1.525274725274727,35,32,ENABLE
1785583355.8945305,0.10051880674448732,-0.4725274725274744,-1.5164835164835182,35,32,ENABLE
1785583355.8995328,0.09746700236514805,-0.560439560439562,-1.5076923076923094,35,32,ENABLE
1785583355.9044974,0.095559624628061,-0.4945054945054963,-1.4901098901098884,35,32,ENABLE
1785583355.909546,0.09327077134355655,-0.4725274725274744,-1.4989010989010971,35,32,ENABLE
1785583355.914642,0.09060044251163468,-0.4945054945054963,-1.4725274725274708,35,32,ENABLE
1785583355.9195704,0.08831158922713023,-0.4505494505494525,-1.4989010989010971,35,32,ENABLE
1785583355.9245465,0.08564126039520836,-0.5384615384615401,-1.463736263736262,35,32,ENABLE
1785583355.929493,0.08335240711070391,-0.4945054945054963,-1.463736263736262,35,32,ENABLE
1785583355.9345806,0.08068207827878204,-0.5384615384615401,-1.4549450549450533,35,32,ENABLE
1785583355.9394934,0.07763027389944277,-0.560439560439562,-1.428571428571427,35,32,ENABLE
1785583355.944496,0.0749599450675209,-0.5164835164835182,-1.428571428571427,35,32,ENABLE
1785583355.9495523,0.07228961623559904,-0.560439560439562,-1.4197802197802183,35,32,ENABLE
1785583355.954521,0.06961928740367718,-0.5824175824175839,-1.393406593406592,35,32,ENABLE
1785583355.9594932,0.06694895857175531,-0.5164835164835182,-1.4109890109890095,35,32,ENABLE
1785583355.964533,0.06427862973983345,-0.560439560439562,-1.4021978021978008,35,32,ENABLE
1785583355.9694953,0.06198977645532899,-0.4945054945054963,-1.4109890109890095,35,32,ENABLE
1785583355.9744918,0.05970092317082454,-0.4725274725274744,-1.4197802197802183,35,32,ENABLE
1785583355.979493,0.05741206988632008,-0.4945054945054963,-1.4021978021978008,35,32,ENABLE
1785583355.9845078,0.05512321660181563,-0.4725274725274744,-1.4197802197802183,35,32,ENABLE
1785583355.9894927,0.05245288776989376,-0.5164835164835182,-1.4021978021978008,35,32,ENABLE
1785583355.9944901,0.05016403448538931,-0.4725274725274744,-1.4021978021978008,35,32,ENABLE
1785583355.9994955,0.047493705653467444,-0.5164835164835182,-1.393406593406592,35,32,ENABLE
1785583356.0044942,0.04520485236896299,-0.5164835164835182,-1.3670329670329657,35,32,ENABLE
1785583356.0094936,0.042534523537041125,-0.4945054945054963,-1.3670329670329657,35,32,ENABLE
1785583356.0144913,0.03986419470511926,-0.5824175824175839,-1.3406593406593394,35,32,ENABLE
1785583356.0195284,0.037193865873197396,-0.5824175824175839,-1.323076923076922,35,32,ENABLE
1785583356.0244982,0.03452353704127553,-0.5164835164835182,-1.3142857142857132,35,32,ENABLE
1785583356.0294936,0.03147173266193626,-0.6043956043956058,-1.287912087912087,35,32,ENABLE
1785583356.0344908,0.028419928282596985,-0.6043956043956058,-1.2703296703296694,35,32,ENABLE
1785583356.0395823,0.02574959945067512,-0.5384615384615401,-1.2703296703296694,35,32,ENABLE
1785583356.044544,0.022697795071335847,-0.6043956043956058,-1.2615384615384606,35,32,ENABLE
1785583356.0495555,0.020027466239413982,-0.5824175824175839,-1.2527472527472518,35,32,ENABLE
1785583356.0545387,0.017738612954909527,-0.4945054945054963,-1.243956043956043,35,32,ENABLE
1785583356.0594916,0.014686808575570254,-0.5384615384615401,-1.2527472527472518,35,32,ENABLE
1785583356.0645318,0.012397955291065799,-0.5384615384615401,-1.243956043956043,35,32,ENABLE
1785583356.0695522,0.009727626459143934,-0.4945054945054963,-1.2351648351648343,35,32,ENABLE
1785583356.0745466,0.007438773174639479,-0.560439560439562,-1.2351648351648343,35,32,ENABLE
1785583356.0794911,0.005149919890135024,-0.4505494505494525,-1.2351648351648343,35,32,ENABLE
1785583356.084543,0.0024795910582131597,-0.5164835164835182,-1.2175824175824168,35,32,ENABLE
1785583356.0895333,0.0005722133211261138,-0.4725274725274744,-1.2263736263736256,35,32,ENABLE
1785583356.0945437,-0.0020981155107957505,-0.4725274725274744,-1.2175824175824168,35,32,ENABLE
1785583356.0994918,-0.004386968795300206,-0.4505494505494525,-1.2175824175824168,35,32,ENABLE
1785583356.104532,-0.006294346532387252,-0.4065934065934087,-1.2175824175824168,35,32,ENABLE
1785583356.109494,-0.008201724269474298,-0.4505494505494525,-1.2263736263736256,35,32,ENABLE
1785583356.1144924,-0.010490577553978753,-0.4285714285714306,-1.2263736263736256,35,32,ENABLE
1785583356.1194954,-0.01201647974364839,-0.3846153846153868,-1.243956043956043,35,32,ENABLE
1785583356.1245453,-0.013923857480735435,-0.3846153846153868,-1.2351648351648343,35,32,ENABLE
1785583356.1294894,-0.015068284122987663,-0.2747252747252773,-1.2791208791208781,35,32,ENABLE
1785583356.1345005,-0.0165941863126573,-0.2967032967032992,-1.2703296703296694,35,32,ENABLE
1785583356.139492,-0.018120088502326936,-0.3186813186813211,-1.2703296703296694,35,32,ENABLE
1785583356.1444972,-0.019645990691996573,-0.3186813186813211,-1.2967032967032956,35,32,ENABLE
1785583356.1495538,-0.02155336842908362,-0.340659340659343,-1.2791208791208781,35,32,ENABLE
1785583356.1545675,-0.022697795071335847,-0.2747252747252773,-1.2967032967032956,35,32,ENABLE
1785583356.159508,-0.023460746166170665,-0.2307692307692335,-1.323076923076922,35,32,ENABLE
1785583356.1646018,-0.024986648355840302,-0.2527472527472554,-1.323076923076922,35,32,ENABLE
1785583356.1695538,-0.02651255054550994,-0.2747252747252773,-1.3142857142857132,35,32,ENABLE
1785583356.1745226,-0.027275501640344757,-0.2307692307692335,-1.3318681318681307,35,32,ENABLE
1785583356.1794937,-0.028801403830014394,-0.2747252747252773,-1.3318681318681307,35,32,ENABLE
1785583356.1845627,-0.03032730601968403,-0.2747252747252773,-1.3142857142857132,35,32,ENABLE
1785583356.1895306,-0.03109025711451885,-0.2087912087912116,-1.358241758241757,35,32,ENABLE
1785583356.1945443,-0.03147173266193626,-0.1648351648351678,-1.393406593406592,35,32,ENABLE
1785583356.1994915,-0.032616159304188486,-0.1648351648351678,-1.4021978021978008,35,32,ENABLE
1785583356.2045014,-0.033379110399023304,-0.2087912087912116,-1.393406593406592,35,32,ENABLE
1785583356.2095783,-0.03452353704127553,-0.2087912087912116,-1.3758241758241745,35,32,ENABLE
1785583356.2145019,-0.03566796368352776,-0.2087912087912116,-1.4109890109890095,35,32,ENABLE
1785583356.2195354,-0.03681239032577999,-0.2307692307692335,-1.4109890109890095,35,32,ENABLE
1785583356.224495,-0.037575341420614805,-0.2307692307692335,-1.393406593406592,35,32,ENABLE
1785583356.2295053,-0.03871976806286703,-0.2087912087912116,-1.393406593406592,35,32,ENABLE
1785583356.2345428,-0.03948271915770185,-0.1868131868131897,-1.428571428571427,35,32,ENABLE
1785583356.2394936,-0.03986419470511926,-0.1428571428571459,-1.4549450549450533,35,32,ENABLE
1785583356.2444515,-0.04100862134737149,-0.1868131868131897,-1.4549450549450533,35,32,ENABLE
1785583356.2495537,-0.041771572442206306,-0.2307692307692335,-1.4373626373626358,35,32,ENABLE
1785583356.2545137,-0.042915999084458534,-0.2087912087912116,-1.4373626373626358,35,32,ENABLE
1785583356.2594898,-0.04367895017929335,-0.2087912087912116,-1.4549450549450533,35,32,ENABLE
1785583356.26449,-0.04482337682154558,-0.2307692307692335,-1.4373626373626358,35,32,ENABLE
1785583356.2694895,-0.04596780346379781,-0.2527472527472554,-1.4197802197802183,35,32,ENABLE
1785583356.274533,-0.047112230106050035,-0.2087912087912116,-1.4197802197802183,35,32,ENABLE
1785583356.2795045,-0.04787518120088485,-0.1648351648351678,-1.4461538461538446,35,32,ENABLE
1785583356.2845147,-0.04863813229571967,-0.1648351648351678,-1.4461538461538446,35,32,ENABLE
1785583356.2894921,-0.0497825589379719,-0.2307692307692335,-1.4373626373626358,35,32,ENABLE
1785583356.2945817,-0.05092698558022413,-0.2307692307692335,-1.4197802197802183,35,32,ENABLE
1785583356.299491,-0.052071412222476354,-0.2307692307692335,-1.4373626373626358,35,32,ENABLE
1785583356.304495,-0.05321583886472858,-0.2087912087912116,-1.4461538461538446,35,32,ENABLE
1785583356.3094914,-0.0539787899595634,-0.2087912087912116,-1.428571428571427,35,32,ENABLE
1785583356.3145013,-0.05474174105439822,-0.2087912087912116,-1.4197802197802183,35,32,ENABLE
1785583356.3194935,-0.05550469214923304,-0.1648351648351678,-1.4461538461538446,35,32,ENABLE
1785583356.3244927,-0.056267643244067855,-0.120879120879124,-1.463736263736262,35,32,ENABLE
1785583356.3294945,-0.056649118791485265,-0.120879120879124,-1.4725274725274708,35,32,ENABLE
1785583356.3344893,-0.05741206988632008,-0.1428571428571459,-1.4725274725274708,35,32,ENABLE
1785583356.3395312,-0.0581750209811549,-0.1868131868131897,-1.4461538461538446,35,32,ENABLE
1785583356.3445292,-0.05931944762340713,-0.1868131868131897,-1.4461538461538446,35,32,ENABLE
1785583356.3495603,-0.06008239871824195,-0.1648351648351678,-1.4549450549450533,35,32,ENABLE
1785583356.3544939,-0.060463874265659356,-0.1428571428571459,-1.4725274725274708,35,32,ENABLE
1785583356.3595746,-0.060845349813076766,-0.0989010989011021,-1.4813186813186796,35,32,ENABLE
1785583356.3645413,-0.061226825360494175,-0.0989010989011021,-1.4901098901098884,35,32,ENABLE
1785583356.3695557,-0.06198977645532899,-0.120879120879124,-1.4813186813186796,35,32,ENABLE
1785583356.3744936,-0.06275272755016381,-0.1648351648351678,-1.4725274725274708,35,32,ENABLE
1785583356.3794918,-0.06351567864499863,-0.1868131868131897,-1.4461538461538446,35,32,ENABLE
1785583356.3844976,-0.06427862973983345,-0.1648351648351678,-1.4549450549450533,35,32,ENABLE
1785583356.3894963,-0.06466010528725086,-0.1428571428571459,-1.463736263736262,35,32,ENABLE
1785583356.394495,-0.06542305638208568,-0.1428571428571459,-1.4725274725274708,35,32,ENABLE
1785583356.3997433,-0.0661860074769205,-0.1648351648351678,-1.4549450549450533,35,32,ENABLE
1785583356.4045591,-0.06694895857175531,-0.1648351648351678,-1.4373626373626358,35,32,ENABLE
1785583356.409578,-0.06771190966659013,-0.1428571428571459,-1.4373626373626358,35,32,ENABLE
1785583356.414604,-0.06809338521400754,-0.1428571428571459,-1.4461538461538446,35,32,ENABLE
1785583356.41953,-0.06847486076142495,-0.0989010989011021,-1.463736263736262,35,32,ENABLE
1785583356.4245434,-0.06847486076142495,-0.0329670329670364,-1.4725274725274708,35,32,ENABLE
1785583356.4295475,-0.06847486076142495,-0.0329670329670364,-1.4901098901098884,35,32,ENABLE
1785583356.434545,-0.06847486076142495,-0.010989010989014503,-1.4989010989010971,35,32,ENABLE
1785583356.4394946,-0.06847486076142495,-0.0329670329670364,-1.5076923076923094,35,32,ENABLE
1785583356.4444935,-0.06847486076142495,-0.0329670329670364,-1.5076923076923094,35,32,ENABLE
1785583356.4495964,-0.06885633630884236,-0.010989010989014503,-1.5076923076923094,35,32,ENABLE
1785583356.4545405,-0.06885633630884236,-0.0329670329670364,-1.4989010989010971,35,32,ENABLE
1785583356.4594917,-0.06885633630884236,-0.0329670329670364,-1.5076923076923094,35,32,ENABLE
1785583356.4644935,-0.06885633630884236,-0.0329670329670364,-1.5076923076923094,35,32,ENABLE
1785583356.4695199,-0.06885633630884236,-0.0329670329670364,-1.4989010989010971,35,32,ENABLE
1785583356.4745796,-0.06885633630884236,0.010989010989014503,-1.4989010989010971,35,32,ENABLE
1785583356.4794962,-0.06885633630884236,-0.010989010989014503,-1.4989010989010971,35,32,ENABLE
1785583356.4845655,-0.06885633630884236,-0.010989010989014503,-1.5076923076923094,35,32,ENABLE
1785583356.489552,-0.06885633630884236,0.010989010989014503,-1.4989010989010971,35,32,ENABLE
1785583356.4945443,-0.06885633630884236,-0.010989010989014503,-1.4989010989010971,35,32,ENABLE
1785583356.4994943,-0.06885633630884236,-0.010989010989014503,-1.5076923076923094,35,32,ENABLE
1785583356.5045438,-0.06885633630884236,-0.010989010989014503,-1.4901098901098884,35,32,ENABLE
1785583356.509494,-0.06885633630884236,-0.010989010989014503,-1.4989010989010971,35,32,ENABLE
1785583356.514586,-0.06847486076142495,0.010989010989014503,-1.4901098901098884,35,32,ENABLE
1785583356.519538,-0.06847486076142495,-0.010989010989014503,-1.4901098901098884,35,32,ENABLE
1785583356.5245402,-0.06885633630884236,-0.010989010989014503,-1.4813186813186796,35,32,ENABLE
1785583356.5294914,-0.06885633630884236,-0.010989010989014503,-1.4813186813186796,35,32,ENABLE
1785583356.534543,-0.06847486076142495,0.0329670329670364,-1.4813186813186796,35,32,ENABLE
1785583356.5395439,-0.06847486076142495,-0.010989010989014503,-1.463736263736262,35,32,ENABLE
1785583356.5445378,-0.06847486076142495,-0.0329670329670364,-1.4549450549450533,35,32,ENABLE
1785583356.5495555,-0.06885633630884236,-0.0329670329670364,-1.4461538461538446,35,32,ENABLE
1785583356.5544922,-0.06847486076142495,-0.010989010989014503,-1.4373626373626358,35,32,ENABLE
1785583356.559527,-0.06885633630884236,-0.010989010989014503,-1.428571428571427,35,32,ENABLE
1785583356.5644927,-0.06847486076142495,-0.010989010989014503,-1.428571428571427,35,32,ENABLE
1785583356.5694916,-0.06885633630884236,-0.0329670329670364,-1.4197802197802183,35,32,ENABLE
1785583356.5744915,-0.06885633630884236,-0.010989010989014503,-1.4109890109890095,35,32,ENABLE
1785583356.579521,-0.06847486076142495,-0.010989010989014503,-1.4021978021978008,35,32,ENABLE
1785583356.5845594,-0.06847486076142495,0.010989010989014503,-1.393406593406592,35,32,ENABLE
1785583356.5895028,-0.06847486076142495,-0.010989010989014503,-1.3846153846153832,35,32,ENABLE
1785583356.5945456,-0.06847486076142495,0.010989010989014503,-1.3758241758241745,35,32,ENABLE
1785583356.5996742,-0.06847486076142495,-0.0329670329670364,-1.358241758241757,35,32,ENABLE
1785583356.604558,-0.06847486076142495,-0.010989010989014503,-1.3494505494505482,35,32,ENABLE
1785583356.6094923,-0.06847486076142495,0.010989010989014503,-1.3406593406593394,35,32,ENABLE
1785583356.6145325,-0.06847486076142495,-0.0329670329670364,-1.3318681318681307,35,32,ENABLE
1785583356.6194944,-0.06809338521400754,0.010989010989014503,-1.323076923076922,35,32,ENABLE
1785583356.6245353,-0.06809338521400754,0.010989010989014503,-1.3142857142857132,35,32,ENABLE
1785583356.629492,-0.06809338521400754,0.010989010989014503,-1.2967032967032956,35,32,ENABLE
1785583356.6344924,-0.06809338521400754,-0.010989010989014503,-1.2791208791208781,35,32,ENABLE
1785583356.63949,-0.06809338521400754,-0.010989010989014503,-1.2703296703296694,35,32,ENABLE
1785583356.6445758,-0.06809338521400754,-0.010989010989014503,-1.2527472527472518,35,32,ENABLE
1785583356.6495295,-0.06809338521400754,0.010989010989014503,-1.243956043956043,35,32,ENABLE
1785583356.654486,-0.06809338521400754,0.010989010989014503,-1.2263736263736256,35,32,ENABLE
1785583356.6595109,-0.06809338521400754,-0.010989010989014503,-1.2175824175824168,35,32,ENABLE
1785583356.664607,-0.06809338521400754,0.010989010989014503,-1.208791208791208,35,32,ENABLE
1785583356.669527,-0.06771190966659013,0.0329670329670364,-1.1912087912087905,35,32,ENABLE
1785583356.6744928,-0.06771190966659013,0.0329670329670364,-1.1824175824175818,35,32,ENABLE
1785583356.6795425,-0.06733043411917272,0.0329670329670364,-1.1648351648351642,35,32,ENABLE
1785583356.6845417,-0.06733043411917272,0.010989010989014503,-1.1472527472527467,35,32,ENABLE
1785583356.6895566,-0.06694895857175531,0.0329670329670364,-1.1296703296703292,35,32,ENABLE
1785583356.6945026,-0.06694895857175531,0.0329670329670364,-1.1120879120879117,35,32,ENABLE
1785583356.6995435,-0.06694895857175531,0.010989010989014503,-1.103296703296703,35,32,ENABLE
1785583356.704537,-0.0665674830243379,0.0329670329670364,-1.0857142857142854,35,32,ENABLE
1785583356.7095253,-0.0665674830243379,0.0329670329670364,-1.068131868131868,35,32,ENABLE
1785583356.7144957,-0.0665674830243379,0.010989010989014503,-1.0505494505494504,35,32,ENABLE
1785583356.7194943,-0.0661860074769205,0.0549450549450583,-1.0329670329670328,35,32,ENABLE
1785583356.7244928,-0.0661860074769205,0.0329670329670364,-1.024175824175824,35,32,ENABLE
1785583356.7295942,-0.06580453192950309,0.0329670329670364,-1.0065934065934066,35,32,ENABLE
1785583356.7345417,-0.06504158083466827,0.0989010989011021,-1.0065934065934066,35,32,ENABLE
1785583356.7394993,-0.06427862973983345,0.120879120879124,-1.024175824175824,35,32,ENABLE
1785583356.7444894,-0.06313420309758122,0.1868131868131897,-1.0329670329670328,35,32,ENABLE
1785583356.749723,-0.0623712520027464,0.2087912087912116,-1.024175824175824,35,32,ENABLE
1785583356.754545,-0.061608300907911584,0.1648351648351678,-1.0153846153846153,35,32,ENABLE
1785583356.7595162,-0.060463874265659356,0.1648351648351678,-1.0153846153846153,35,32,ENABLE
1785583356.7644913,-0.05970092317082454,0.1648351648351678,-1.0153846153846153,35,32,ENABLE
1785583356.7695158,-0.05855649652857231,0.2087912087912116,-1.0153846153846153,35,32,ENABLE
1785583356.7744942,-0.05741206988632008,0.1868131868131897,-0.9802197802197803,35,32,ENABLE
1785583356.7794971,-0.056649118791485265,0.1648351648351678,-0.9802197802197803,35,32,ENABLE
1785583356.784493,-0.05512321660181563,0.2087912087912116,-0.9978021978021978,35,32,ENABLE
1785583356.7894993,-0.05359731441214599,0.2527472527472554,-0.9978021978021978,35,32,ENABLE
1785583356.7945328,-0.052071412222476354,0.340659340659343,-1.0153846153846153,35,32,ENABLE
1785583356.7995183,-0.05016403448538931,0.3186813186813211,-1.0417582417582416,35,32,ENABLE
1785583356.8044908,-0.04863813229571967,0.3186813186813211,-1.024175824175824,35,32,ENABLE
1785583356.8095772,-0.046730754558632626,0.340659340659343,-1.0417582417582416,35,32,ENABLE
1785583356.814584,-0.04520485236896299,0.3186813186813211,-1.024175824175824,35,32,ENABLE
1785583356.8195534,-0.04329747463187594,0.340659340659343,-1.0329670329670328,35,32,ENABLE
1785583356.8244941,-0.041771572442206306,0.3186813186813211,-1.0329670329670328,35,32,ENABLE
1785583356.8294964,-0.04024567025253667,0.3186813186813211,-1.0153846153846153,35,32,ENABLE
1785583356.834496,-0.03833829251544962,0.340659340659343,-1.0329670329670328,35,32,ENABLE
1785583356.8394966,-0.03681239032577999,0.3186813186813211,-1.0153846153846153,35,32,ENABLE
1785583356.8444934,-0.03452353704127553,0.340659340659343,-1.0329670329670328,35,32,ENABLE
1785583356.8495498,-0.032997634851605895,0.3846153846153868,-1.024175824175824,35,32,ENABLE
1785583356.854533,-0.03070878156710144,0.3846153846153868,-1.024175824175824,35,32,ENABLE
1785583356.8595464,-0.028801403830014394,0.4065934065934087,-1.0417582417582416,35,32,ENABLE
1785583356.8644927,-0.02651255054550994,0.4505494505494525,-1.0417582417582416,35,32,ENABLE
1785583356.8695154,-0.024605172808422893,0.4065934065934087,-1.0417582417582416,35,32,ENABLE
1785583356.8745422,-0.022316319523918438,0.4285714285714306,-1.0417582417582416,35,32,ENABLE
1785583356.8795726,-0.020027466239413982,0.4505494505494525,-1.0505494505494504,35,32,ENABLE
1785583356.8845558,-0.017738612954909527,0.4285714285714306,-1.068131868131868,35,32,ENABLE
1785583356.8894987,-0.015449759670405072,0.4725274725274744,-1.068131868131868,35,32,ENABLE
1785583356.894488,-0.013542381933318026,0.4065934065934087,-1.068131868131868,35,32,ENABLE
1785583356.899534,-0.011253528648813571,0.4505494505494525,-1.0505494505494504,35,32,ENABLE
1785583356.9044933,-0.008964675364309116,0.3846153846153868,-1.0769230769230766,35,32,ENABLE
1785583356.9094913,-0.00705729762722207,0.4065934065934087,-1.0417582417582416,35,32,ENABLE
1785583356.9144917,-0.005149919890135024,0.3846153846153868,-1.0505494505494504,35,32,ENABLE
1785583356.9195647,-0.002861066605630569,0.4285714285714306,-1.024175824175824,35,32,ENABLE
1785583356.92449,-0.000953688868543523,0.3846153846153868,-1.0417582417582416,35,32,ENABLE
1785583356.9294922,0.000953688868543523,0.3626373626373649,-1.0153846153846153,35,32,ENABLE
1785583356.9345555,0.0024795910582131597,0.3186813186813211,-1.0065934065934066,35,32,ENABLE
1785583356.9395432,0.004386968795300206,0.3626373626373649,-0.989010989010989,35,32,ENABLE
1785583356.9445455,0.006294346532387252,0.3186813186813211,-0.9802197802197803,35,32,ENABLE
1785583356.949547,0.007820248722056888,0.3186813186813211,-0.9802197802197803,35,32,ENABLE
1785583356.95449,0.009346150911726525,0.340659340659343,-0.953846153846154,35,32,ENABLE
1785583356.9594903,0.010872053101396162,0.2747252747252773,-0.953846153846154,35,32,ENABLE
1785583356.9645414,0.013160906385900617,0.3846153846153868,-0.9362637362637365,35,32,ENABLE
1785583356.969545,0.014686808575570254,0.3186813186813211,-0.9274725274725277,35,32,ENABLE
1785583356.9744916,0.01621271076523989,0.340659340659343,-0.9274725274725277,35,32,ENABLE
1785583356.9794898,0.017738612954909527,0.2967032967032992,-0.8835164835164839,35,32,ENABLE
1785583356.9845288,0.019264515144579164,0.2747252747252773,-0.8923076923076927,35,32,ENABLE
1785583356.989493,0.02117189288166621,0.3846153846153868,-0.8835164835164839,35,32,ENABLE
1785583356.994494,0.023079270618753256,0.340659340659343,-0.8747252747252752,35,32,ENABLE
1785583356.9994938,0.024605172808422893,0.340659340659343,-0.8923076923076927,35,32,ENABLE
1785583357.004545,0.026894026092927348,0.3846153846153868,-0.8923076923076927,35,32,ENABLE
1785583357.0094848,0.029182879377431803,0.4505494505494525,-0.9010989010989015,35,32,ENABLE
1785583357.0144906,0.03147173266193626,0.4285714285714306,-0.9010989010989015,35,32,ENABLE
1785583357.0194905,0.03376058594644071,0.4505494505494525,-0.9010989010989015,35,32,ENABLE
1785583357.024531,0.03566796368352776,0.4065934065934087,-0.9098901098901102,35,32,ENABLE
1785583357.029489,0.03833829251544962,0.5164835164835182,-0.9098901098901102,35,32,ENABLE
1785583357.0344908,0.04062714579995408,0.4505494505494525,-0.9362637362637365,35,32,ENABLE
1785583357.0394905,0.04329747463187594,0.4945054945054963,-0.9274725274725277,35,32,ENABLE
1785583357.0445328,0.04596780346379781,0.5164835164835182,-0.9450549450549453,35,32,ENABLE
1785583357.0495245,0.04863813229571967,0.5164835164835182,-0.9714285714285715,35,32,ENABLE
1785583357.054542,0.051689936675058945,0.5824175824175839,-0.9714285714285715,35,32,ENABLE
1785583357.0594926,0.05512321660181563,0.6263736263736277,-1.0065934065934066,35,32,ENABLE
1785583357.0645328,0.0581750209811549,0.6703296703296715,-1.0417582417582416,35,32,ENABLE
1785583357.0695455,0.061608300907911584,0.6263736263736277,-1.068131868131868,35,32,ENABLE
1785583357.0745366,0.06542305638208568,0.7142857142857153,-1.1120879120879117,35,32,ENABLE
1785583357.0794897,0.06961928740367718,0.7362637362637372,-1.1296703296703292,35,32,ENABLE
1785583357.0844932,0.07305256733043386,0.7362637362637372,-1.1648351648351642,35,32,ENABLE
1785583357.0894897,0.07686732280460795,0.7142857142857153,-1.1648351648351642,35,32,ENABLE
1785583357.094546,0.08030060273136463,0.6923076923076934,-1.1560439560439555,35,32,ENABLE
1785583357.0995646,0.08335240711070391,0.6483516483516496,-1.1560439560439555,35,32,ENABLE
1785583357.1044965,0.08602273594262577,0.560439560439562,-1.1472527472527467,35,32,ENABLE
1785583357.1095428,0.08907454032196505,0.560439560439562,-1.1296703296703292,35,32,ENABLE
1785583357.114549,0.09212634470130432,0.5824175824175839,-1.1472527472527467,35,32,ENABLE
1785583357.1194942,0.09479667353322618,0.560439560439562,-1.1560439560439555,35,32,ENABLE
1785583357.124494,0.09822995345998287,0.6263736263736277,-1.173626373626373,35,32,ENABLE
1785583357.1295326,0.10166323338673955,0.6263736263736277,-1.1912087912087905,35,32,ENABLE
1785583357.1345441,0.10471503776607882,0.6703296703296715,-1.208791208791208,35,32,ENABLE
1785583357.1394937,0.10852979324025291,0.6923076923076934,-1.243956043956043,35,32,ENABLE
1785583357.1444924,0.11158159761959219,0.6703296703296715,-1.2527472527472518,35,32,ENABLE
1785583357.1495595,0.11539635309376628,0.6923076923076934,-1.287912087912087,35,32,ENABLE
1785583357.1545465,0.11921110856794037,0.6923076923076934,-1.3054945054945044,35,32,ENABLE
1785583357.1595597,0.12302586404211446,0.7582417582417591,-1.3318681318681307,35,32,ENABLE
1785583357.164565,0.12722209506370596,0.7582417582417591,-1.358241758241757,35,32,ENABLE
1785583357.169552,0.13103685053788006,0.7582417582417591,-1.3758241758241745,35,32,ENABLE
1785583357.174584,0.13447013046463674,0.7582417582417591,-1.393406593406592,35,32,ENABLE
1785583357.1795402,0.13828488593881083,0.7142857142857153,-1.393406593406592,35,32,ENABLE
1785583357.1845503,0.1413366903181501,0.6703296703296715,-1.4109890109890095,35,32,ENABLE
1785583357.1895013,0.1447699702449068,0.6483516483516496,-1.4197802197802183,35,32,ENABLE
1785583357.1945527,0.14820325017166347,0.6923076923076934,-1.428571428571427,35,32,ENABLE
1785583357.1995432,0.15163653009842015,0.6703296703296715,-1.4373626373626358,35,32,ENABLE
1785583357.2045412,0.15506981002517684,0.6923076923076934,-1.4549450549450533,35,32,ENABLE
1785583357.2094898,0.15850308995193352,0.6923076923076934,-1.4725274725274708,35,32,ENABLE
1785583357.2145872,0.16117341878385538,0.5824175824175839,-1.4549450549450533,35,32,ENABLE
1785583357.2195456,0.16422522316319466,0.5824175824175839,-1.4549450549450533,35,32,ENABLE
1785583357.2244904,0.16727702754253393,0.5824175824175839,-1.4549450549450533,35,32,ENABLE
1785583357.2295406,0.16918440527962098,0.4725274725274744,-1.4373626373626358,35,32,ENABLE
1785583357.2345815,0.17185473411154284,0.4945054945054963,-1.428571428571427,35,32,ENABLE
1785583357.2395294,0.1745250629434647,0.4945054945054963,-1.4373626373626358,35,32,ENABLE
1785583357.2445447,0.17643244068055175,0.4285714285714306,-1.4021978021978008,35,32,ENABLE
1785583357.2495537,0.17910276951247361,0.4505494505494525,-1.393406593406592,35,32,ENABLE
1785583357.2545266,0.18101014724956066,0.3846153846153868,-1.3846153846153832,35,32,ENABLE
1785583357.2595417,0.1829175249866477,0.4065934065934087,-1.3846153846153832,35,32,ENABLE
1785583357.2645571,0.18444342717631734,0.3186813186813211,-1.3406593406593394,35,32,ENABLE
1785583357.2695441,0.1863508049134044,0.3186813186813211,-1.3318681318681307,35,32,ENABLE
1785583357.274543,0.18787670710307403,0.3186813186813211,-1.3054945054945044,35,32,ENABLE
1785583357.279544,0.18902113374532625,0.2527472527472554,-1.2791208791208781,35,32,ENABLE
1785583357.2845368,0.1905470359349959,0.2527472527472554,-1.2791208791208781,35,32,ENABLE
1785583357.2894895,0.19169146257724812,0.2527472527472554,-1.243956043956043,35,32,ENABLE
1785583357.2945395,0.19245441367208294,0.1428571428571459,-1.1999999999999993,35,32,ENABLE
1785583357.2995696,0.19283588921950034,0.120879120879124,-1.1648351648351642,35,32,ENABLE
1785583357.3045409,0.19359884031433516,0.0989010989011021,-1.138461538461538,35,32,ENABLE
1785583357.309532,0.19436179140916998,0.1868131868131897,-1.1296703296703292,35,32,ENABLE
1785583357.314496,0.1955062180514222,0.1868131868131897,-1.1120879120879117,35,32,ENABLE
1785583357.319544,0.19588769359883962,0.0989010989011021,-1.0857142857142854,35,32,ENABLE
1785583357.32454,0.19588769359883962,0.0549450549450583,-1.0505494505494504,35,32,ENABLE
1785583357.3295414,0.19626916914625703,0.0329670329670364,-1.0065934065934066,35,32,ENABLE
1785583357.334497,0.19626916914625703,-0.010989010989014503,-0.9626373626373628,35,32,ENABLE
1785583357.3394892,0.19626916914625703,-0.010989010989014503,-0.9274725274725277,35,32,ENABLE
1785583357.3445408,0.19626916914625703,0.010989010989014503,-0.9098901098901102,35,32,ENABLE
1785583357.3495533,0.19626916914625703,0.010989010989014503,-0.8923076923076927,35,32,ENABLE
1785583357.3545115,0.19626916914625703,0.010989010989014503,-0.8659340659340664,35,32,ENABLE
1785583357.3594916,0.19626916914625703,-0.010989010989014503,-0.8395604395604401,35,32,ENABLE
1785583357.3645475,0.19626916914625703,0.010989010989014503,-0.8219780219780226,35,32,ENABLE
1785583357.3695452,0.19626916914625703,-0.0329670329670364,-0.7956043956043963,35,32,ENABLE
1785583357.374502,0.19626916914625703,-0.010989010989014503,-0.7780219780219788,35,32,ENABLE
1785583357.3795395,0.19665064469367444,0.010989010989014503,-0.7604395604395613,35,32,ENABLE
1785583357.3845813,0.19665064469367444,0.010989010989014503,-0.7428571428571438,35,32,ENABLE
1785583357.3894908,0.19703212024109185,0.0329670329670364,-0.734065934065935,35,32,ENABLE
1785583357.3945496,0.19741359578850926,0.0549450549450583,-0.734065934065935,35,32,ENABLE
1785583357.3994915,0.19817654688334407,0.120879120879124,-0.7516483516483525,35,32,ENABLE
1785583357.4045815,0.1997024490730137,0.2307692307692335,-0.7604395604395613,35,32,ENABLE
1785583357.4095447,0.20008392462043112,0.1428571428571459,-0.7604395604395613,35,32,ENABLE
1785583357.4145427,0.20084687571526594,0.120879120879124,-0.7428571428571438,35,32,ENABLE
1785583357.4194899,0.20122835126268335,0.0989010989011021,-0.734065934065935,35,32,ENABLE
1785583357.4244943,0.20199130235751817,0.1428571428571459,-0.7252747252747263,35,32,ENABLE
1785583357.4295342,0.2031357289997704,0.2307692307692335,-0.7428571428571438,35,32,ENABLE
1785583357.4345393,0.20428015564202262,0.2307692307692335,-0.7428571428571438,35,32,ENABLE
1785583357.4395392,0.20504310673685744,0.1648351648351678,-0.734065934065935,35,32,ENABLE
1785583357.444484,0.20618753337910967,0.1868131868131897,-0.7428571428571438,35,32,ENABLE
1785583357.449587,0.2077134355687793,0.2747252747252773,-0.7604395604395613,35,32,ENABLE
1785583357.454544,0.20885786221103153,0.2527472527472554,-0.7516483516483525,35,32,ENABLE
1785583357.4594908,0.20962081330586635,0.1648351648351678,-0.7428571428571438,35,32,ENABLE
1785583357.464501,0.21076523994811858,0.2527472527472554,-0.76923076923077,35,32,ENABLE
1785583357.4695313,0.21267261768520562,0.3186813186813211,-0.7780219780219788,35,32,ENABLE
1785583357.4745214,0.21381704432745785,0.2527472527472554,-0.7868131868131876,35,32,ENABLE
1785583357.4795432,0.2153429465171275,0.2967032967032992,-0.7956043956043963,35,32,ENABLE
1785583357.4845548,0.21686884870679712,0.2747252747252773,-0.8043956043956051,35,32,ENABLE
1785583357.4895303,0.21763179980163194,0.1868131868131897,-0.7868131868131876,35,32,ENABLE
1785583357.4945703,0.21877622644388417,0.2527472527472554,-0.7956043956043963,35,32,ENABLE
1785583357.4996586,0.2203021286335538,0.2747252747252773,-0.7956043956043963,35,32,ENABLE
1785583357.5045552,0.22106507972838862,0.1868131868131897,-0.7956043956043963,35,32,ENABLE
1785583357.5095046,0.22182803082322344,0.1648351648351678,-0.7868131868131876,35,32,ENABLE
1785583357.514542,0.22297245746547567,0.1868131868131897,-0.7956043956043963,35,32,ENABLE
1785583357.519543,0.2244983596551453,0.2307692307692335,-0.7956043956043963,35,32,ENABLE
1785583357.5245328,0.22487983520256272,0.1428571428571459,-0.7956043956043963,35,32,ENABLE
1785583357.5295405,0.22526131074998013,0.0989010989011021,-0.76923076923077,35,32,ENABLE
1785583357.5345454,0.22564278629739754,0.0549450549450583,-0.7428571428571438,35,32,ENABLE
1785583357.5394948,0.22602426184481494,0.0329670329670364,-0.734065934065935,35,32,ENABLE
1785583357.5445392,0.22640573739223235,0.0329670329670364,-0.7252747252747263,35,32,ENABLE
1785583357.5495536,0.22678721293964976,0.0769230769230802,-0.7252747252747263,35,32,ENABLE
1785583357.5545285,0.227931639581902,0.1868131868131897,-0.7604395604395613,35,32,ENABLE
1785583357.55949,0.22907606622415422,0.2087912087912116,-0.7780219780219788,35,32,ENABLE
1785583357.5644903,0.22945754177157163,0.1428571428571459,-0.7868131868131876,35,32,ENABLE
1785583357.569554,0.22983901731898904,0.120879120879124,-0.7780219780219788,35,32,ENABLE
1785583357.5745752,0.23060196841382385,0.0989010989011021,-0.7780219780219788,35,32,ENABLE
1785583357.5794964,0.23136491950865867,0.120879120879124,-0.7956043956043963,35,32,ENABLE
1785583357.5845385,0.2321278706034935,0.1428571428571459,-0.7956043956043963,35,32,ENABLE
1785583357.5895355,0.2328908216983283,0.120879120879124,-0.7956043956043963,35,32,ENABLE
1785583357.5945394,0.23327229724574572,0.0769230769230802,-0.7868131868131876,35,32,ENABLE
1785583357.5995433,0.23327229724574572,0.0329670329670364,-0.7604395604395613,35,32,ENABLE
1785583357.604493,0.23327229724574572,-0.010989010989014503,-0.7428571428571438,35,32,ENABLE
1785583357.6094913,0.23327229724574572,-0.0329670329670364,-0.7428571428571438,35,32,ENABLE
1785583357.6144922,0.23327229724574572,-0.0329670329670364,-0.7252747252747263,35,32,ENABLE
1785583357.619527,0.2328908216983283,-0.0329670329670364,-0.7252747252747263,35,32,ENABLE
1785583357.624543,0.23327229724574572,0.010989010989014503,-0.734065934065935,35,32,ENABLE
1785583357.6295462,0.2328908216983283,-0.010989010989014503,-0.734065934065935,35,32,ENABLE
1785583357.6345413,0.2328908216983283,-0.0329670329670364,-0.734065934065935,35,32,ENABLE
1785583357.6395688,0.2328908216983283,-0.0329670329670364,-0.734065934065935,35,32,ENABLE
1785583357.644541,0.2328908216983283,-0.010989010989014503,-0.7428571428571438,35,32,ENABLE
1785583357.649555,0.2328908216983283,-0.010989010989014503,-0.7428571428571438,35,32,ENABLE
1785583357.6545405,0.2328908216983283,-0.010989010989014503,-0.7516483516483525,35,32,ENABLE
1785583357.65955,0.2328908216983283,-0.010989010989014503,-0.7516483516483525,35,32,ENABLE
1785583357.6645746,0.2328908216983283,-0.0329670329670364,-0.7516483516483525,35,32,ENABLE
1785583357.669542,0.2328908216983283,-0.010989010989014503,-0.7604395604395613,35,32,ENABLE
1785583357.674537,0.2328908216983283,-0.010989010989014503,-0.76923076923077,35,32,ENABLE
1785583357.67954,0.2328908216983283,-0.010989010989014503,-0.7780219780219788,35,32,ENABLE
1785583357.684573,0.2328908216983283,-0.0329670329670364,-0.7868131868131876,35,32,ENABLE
1785583357.6895401,0.2328908216983283,0.010989010989014503,-0.7956043956043963,35,32,ENABLE
1785583357.69454,0.2328908216983283,-0.0329670329670364,-0.8043956043956051,35,32,ENABLE
1785583357.699533,0.2328908216983283,-0.010989010989014503,-0.8131868131868139,35,32,ENABLE
1785583357.7045412,0.2328908216983283,-0.010989010989014503,-0.8219780219780226,35,32,ENABLE
1785583357.709542,0.2328908216983283,0.010989010989014503,-0.8307692307692314,35,32,ENABLE
1785583357.71454,0.2328908216983283,-0.010989010989014503,-0.8395604395604401,35,32,ENABLE
1785583357.7194905,0.2328908216983283,-0.0329670329670364,-0.8395604395604401,35,32,ENABLE
1785583357.7245252,0.2328908216983283,-0.0329670329670364,-0.8571428571428577,35,32,ENABLE
1785583357.7294939,0.2328908216983283,0.010989010989014503,-0.8659340659340664,35,32,ENABLE
1785583357.7344944,0.2328908216983283,-0.010989010989014503,-0.8747252747252752,35,32,ENABLE
1785583357.7395365,0.2328908216983283,-0.0329670329670364,-0.8923076923076927,35,32,ENABLE
1785583357.7445712,0.2325093461509109,-0.010989010989014503,-0.9010989010989015,35,32,ENABLE
1785583357.7495842,0.2325093461509109,-0.0329670329670364,-0.9098901098901102,35,32,ENABLE
1785583357.7545738,0.2325093461509109,-0.010989010989014503,-0.9274725274725277,35,32,ENABLE
1785583357.759544,0.2325093461509109,-0.0329670329670364,-0.9362637362637365,35,32,ENABLE
1785583357.7645466,0.2325093461509109,-0.0549450549450583,-0.953846153846154,35,32,ENABLE
1785583357.769494,0.2321278706034935,-0.0329670329670364,-0.9626373626373628,35,32,ENABLE
1785583357.7743685,0.2321278706034935,-0.0549450549450583,-0.9714285714285715,35,32,ENABLE
1785583357.7794194,0.23174639505607608,-0.0549450549450583,-0.9802197802197803,35,32,ENABLE
1785583357.784361,0.23136491950865867,-0.0549450549450583,-0.989010989010989,35,32,ENABLE
1785583357.7894025,0.23136491950865867,-0.0549450549450583,-1.0065934065934066,35,32,ENABLE
1785583357.794591,0.23098344396124126,-0.0549450549450583,-1.0153846153846153,35,32,ENABLE
1785583357.7993736,0.23060196841382385,-0.0769230769230802,-1.024175824175824,35,32,ENABLE
1785583357.8043647,0.22983901731898904,-0.120879120879124,-1.0153846153846153,35,32,ENABLE
1785583357.809408,0.22907606622415422,-0.1868131868131897,-0.9978021978021978,35,32,ENABLE
1785583357.8143666,0.227931639581902,-0.2087912087912116,-0.989010989010989,35,32,ENABLE
1785583357.8193638,0.22678721293964976,-0.2307692307692335,-0.989010989010989,35,32,ENABLE
1785583357.8245544,0.22564278629739754,-0.2527472527472554,-0.9802197802197803,35,32,ENABLE
1785583357.8295474,0.2241168841077279,-0.2747252747252773,-0.9626373626373628,35,32,ENABLE
1785583357.8343945,0.22259098191805826,-0.3186813186813211,-0.9802197802197803,35,32,ENABLE
1785583357.8393605,0.22144655527580603,-0.2747252747252773,-0.9714285714285715,35,32,ENABLE
1785583357.8443553,0.2199206530861364,-0.2747252747252773,-0.953846153846154,35,32,ENABLE
1785583357.8493896,0.21877622644388417,-0.2747252747252773,-0.9802197802197803,35,32,ENABLE
1785583357.8545606,0.21763179980163194,-0.2527472527472554,-0.989010989010989,35,32,ENABLE
1785583357.8595464,0.21648737315937971,-0.2307692307692335,-0.9978021978021978,35,32,ENABLE
1785583357.8643591,0.21496147096971008,-0.2967032967032992,-1.0065934065934066,35,32,ENABLE
1785583357.8693993,0.21381704432745785,-0.2747252747252773,-1.024175824175824,35,32,ENABLE
1785583357.8743958,0.21305409323262303,-0.2087912087912116,-1.024175824175824,35,32,ENABLE
1785583357.8793678,0.2115281910429534,-0.2747252747252773,-1.0329670329670328,35,32,ENABLE
1785583357.8843517,0.21038376440070117,-0.2527472527472554,-1.0593406593406591,35,32,ENABLE
1785583357.8893566,0.20962081330586635,-0.1868131868131897,-1.0769230769230766,35,32,ENABLE
1785583357.894403,0.20847638666361412,-0.2087912087912116,-1.0857142857142854,35,32,ENABLE
1785583357.8993669,0.2073319600213619,-0.2527472527472554,-1.0945054945054942,35,32,ENABLE
1785583357.9045522,0.20618753337910967,-0.2747252747252773,-1.103296703296703,35,32,ENABLE
1785583357.9095507,0.20466163118944003,-0.2527472527472554,-1.103296703296703,35,32,ENABLE
1785583357.9144008,0.2031357289997704,-0.3186813186813211,-1.0857142857142854,35,32,ENABLE
1785583357.919368,0.20199130235751817,-0.3186813186813211,-1.1120879120879117,35,32,ENABLE
1785583357.924366,0.20084687571526594,-0.2527472527472554,-1.1208791208791204,35,32,ENABLE
1785583357.9293709,0.1993209735255963,-0.2747252747252773,-1.1296703296703292,35,32,ENABLE
1785583357.93455,0.19779507133592666,-0.2747252747252773,-1.1472527472527467,35,32,ENABLE
1785583357.939537,0.19665064469367444,-0.2307692307692335,-1.1560439560439555,35,32,ENABLE
1785583357.9443672,0.1955062180514222,-0.2527472527472554,-1.1648351648351642,35,32,ENABLE
1785583357.9493687,0.19436179140916998,-0.2747252747252773,-1.208791208791208,35,32,ENABLE
1785583357.9543536,0.19359884031433516,-0.1868131868131897,-1.243956043956043,35,32,ENABLE
1785583357.9593575,0.19321736476691775,-0.120879120879124,-1.287912087912087,35,32,ENABLE
1785583357.9643526,0.19283588921950034,-0.0989010989011021,-1.323076923076922,35,32,ENABLE
1785583357.9693532,0.19169146257724812,-0.1428571428571459,-1.323076923076922,35,32,ENABLE
1785583357.9745493,0.1905470359349959,-0.2527472527472554,-1.3318681318681307,35,32,ENABLE
1785583357.979573,0.18940260929274366,-0.2087912087912116,-1.3494505494505482,35,32,ENABLE
1785583357.9844043,0.18902113374532625,-0.1648351648351678,-1.3758241758241745,35,32,ENABLE
1785583357.989369,0.18825818265049143,-0.1648351648351678,-1.3846153846153832,35,32,ENABLE
1785583357.9943552,0.1871137560082392,-0.2307692307692335,-1.4109890109890095,35,32,ENABLE
1785583357.9994025,0.1863508049134044,-0.1868131868131897,-1.4373626373626358,35,32,ENABLE
1785583358.0045285,0.18520637827115216,-0.1868131868131897,-1.4725274725274708,35,32,ENABLE
1785583358.0095484,0.18482490272373475,-0.1648351648351678,-1.4989010989010971,35,32,ENABLE
1785583358.014395,0.18406195162889993,-0.1428571428571459,-1.5164835164835182,35,32,ENABLE
1785583358.0193565,0.18329900053406512,-0.1648351648351678,-1.5340659340659357,35,32,ENABLE
1785583358.0243628,0.18177309834439548,-0.2527472527472554,-1.5516483516483532,35,32,ENABLE
1785583358.0293553,0.18101014724956066,-0.1868131868131897,-1.5780219780219795,35,32,ENABLE
1785583358.034547,0.18062867170214325,-0.1648351648351678,-1.6043956043956058,35,32,ENABLE
1785583358.0395424,0.17986572060730843,-0.1428571428571459,-1.6219780219780233,35,32,ENABLE
1785583358.0443933,0.17910276951247361,-0.1648351648351678,-1.6395604395604408,35,32,ENABLE
1785583358.0493922,0.1779583428702214,-0.2307692307692335,-1.6659340659340671,35,32,ENABLE
1785583358.0543647,0.17719539177538657,-0.1868131868131897,-1.6923076923076934,35,32,ENABLE
1785583358.059352,0.17605096513313434,-0.1868131868131897,-1.709890109890111,35,32,ENABLE
1785583358.0643914,0.17528801403829952,-0.2087912087912116,-1.7186813186813197,35,32,ENABLE
1785583358.0693622,0.17338063630121248,-0.3186813186813211,-1.7362637362637372,35,32,ENABLE
1785583358.0745003,0.17223620965896025,-0.2527472527472554,-1.7538461538461547,35,32,ENABLE
1785583358.0795422,0.17109178301670802,-0.2307692307692335,-1.7538461538461547,35,32,ENABLE
1785583358.0844634,0.16956588082703838,-0.2967032967032992,-1.7538461538461547,35,32,ENABLE
1785583358.089358,0.16842145418478616,-0.2967032967032992,-1.780219780219781,35,32,ENABLE
1785583358.0943568,0.16689555199511652,-0.2967032967032992,-1.7714285714285722,35,32,ENABLE
1785583358.0993614,0.16460669871061206,-0.4065934065934087,-1.7714285714285722,35,32,ENABLE
1785583358.104495,0.16308079652094243,-0.340659340659343,-1.780219780219781,35,32,ENABLE
1785583358.109546,0.16079194323643797,-0.4285714285714306,-1.780219780219781,35,32,ENABLE
1785583358.1145139,0.15926604104676834,-0.340659340659343,-1.7978021978021985,35,32,ENABLE
1785583358.1193533,0.1573586633096813,-0.4065934065934087,-1.7978021978021985,35,32,ENABLE
1785583358.1243486,0.15545128557259424,-0.3846153846153868,-1.815384615384616,35,32,ENABLE
1785583358.1293974,0.1535439078355072,-0.3846153846153868,-1.815384615384616,35,32,ENABLE
1785583358.1343665,0.15125505455100274,-0.4065934065934087,-1.8241758241758248,35,32,ENABLE
1785583358.1393547,0.1493476768139157,-0.4065934065934087,-1.8241758241758248,35,32,ENABLE
1785583358.14458,0.14705882352941124,-0.4285714285714306,-1.8417582417582423,35,32,ENABLE
1785583358.149427,0.1451514457923242,-0.4505494505494525,-1.8241758241758248,35,32,ENABLE
1785583358.1543682,0.14286259250781974,-0.4285714285714306,-1.8329670329670336,35,32,ENABLE
1785583358.1593807,0.1409552147707327,-0.4505494505494525,-1.8329670329670336,35,32,ENABLE
1785583358.1644,0.13866636148622824,-0.4725274725274744,-1.8417582417582423,35,32,ENABLE
1785583358.1694,0.13599603265430638,-0.5164835164835182,-1.8329670329670336,35,32,ENABLE
1785583358.174361,0.13370717936980192,-0.4945054945054963,-1.8329670329670336,35,32,ENABLE
1785583358.179356,0.13065537499046265,-0.560439560439562,-1.815384615384616,35,32,ENABLE
1785583358.1843524,0.12798504615854078,-0.560439560439562,-1.7890109890109898,35,32,ENABLE
1785583358.1893954,0.12493324177920151,-0.5824175824175839,-1.780219780219781,35,32,ENABLE
1785583358.1944973,0.12188143739986224,-0.6483516483516496,-1.780219780219781,35,32,ENABLE
1785583358.1995485,0.11844815747310555,-0.6703296703296715,-1.7538461538461547,35,32,ENABLE
1785583358.2044957,0.11501487754634887,-0.6923076923076934,-1.7010989010989022,35,32,ENABLE
1785583358.2094097,0.11158159761959219,-0.7142857142857153,-1.6923076923076934,35,32,ENABLE
1785583358.2143762,0.1081483176928355,-0.6923076923076934,-1.6835164835164846,35,32,ENABLE
1785583358.2193604,0.10433356221866141,-0.7362637362637372,-1.6659340659340671,35,32,ENABLE
1785583358.224351,0.10051880674448732,-0.7582417582417591,-1.6395604395604408,35,32,ENABLE
1785583358.2294014,0.09670405127031323,-0.780219780219781,-1.6219780219780233,35,32,ENABLE
1785583358.2343729,0.09327077134355655,-0.7582417582417591,-1.6131868131868146,35,32,ENABLE
1785583358.2395058,0.08945601586938245,-0.7582417582417591,-1.5868131868131883,35,32,ENABLE
1785583358.244559,0.08564126039520836,-0.7582417582417591,-1.5692307692307708,35,32,ENABLE
1785583358.2494488,0.08220798046845168,-0.7582417582417591,-1.5516483516483532,35,32,ENABLE
1785583358.2543898,0.07839322499427759,-0.780219780219781,-1.525274725274727,35,32,ENABLE
1785583358.2593925,0.0745784695201035,-0.7362637362637372,-1.5076923076923094,35,32,ENABLE
1785583358.2643747,0.0707637140459294,-0.7582417582417591,-1.4989010989010971,35,32,ENABLE
1785583358.269351,0.06694895857175531,-0.7362637362637372,-1.4813186813186796,35,32,ENABLE
1785583358.2743516,0.06351567864499863,-0.7362637362637372,-1.4813186813186796,35,32,ENABLE
1785583358.2793589,0.05931944762340713,-0.7582417582417591,-1.463736263736262,35,32,ENABLE
1785583358.2843635,0.055886167696650446,-0.780219780219781,-1.4373626373626358,35,32,ENABLE
1785583358.289546,0.051689936675058945,-0.8021978021978029,-1.4109890109890095,35,32,ENABLE
1785583358.2945302,0.04787518120088485,-0.8241758241758248,-1.3846153846153832,35,32,ENABLE
1785583358.2993534,0.04367895017929335,-0.8461538461538467,-1.358241758241757,35,32,ENABLE
1785583358.3043659,0.03986419470511926,-0.8461538461538467,-1.3142857142857132,35,32,ENABLE
1785583358.309356,0.03566796368352776,-0.8681318681318686,-1.2967032967032956,35,32,ENABLE
1785583358.3144093,0.03147173266193626,-0.8461538461538467,-1.2791208791208781,35,32,ENABLE
1785583358.3193665,0.027275501640344757,-0.8461538461538467,-1.243956043956043,35,32,ENABLE
1785583358.3243558,0.023079270618753256,-0.8681318681318686,-1.2263736263736256,35,32,ENABLE
1785583358.3293543,0.018883039597161755,-0.9120879120879124,-1.1912087912087905,35,32,ENABLE
1785583358.3343852,0.014686808575570254,-0.8901098901098905,-1.173626373626373,35,32,ENABLE
1785583358.339554,0.010490577553978753,-0.8901098901098905,-1.138461538461538,35,32,ENABLE
1785583358.3445048,0.006294346532387252,-0.8461538461538467,-1.1208791208791204,35,32,ENABLE
1785583358.349393,0.0024795910582131597,-0.8461538461538467,-1.103296703296703,35,32,ENABLE
1785583358.354356,-0.0017166399633783413,-0.8461538461538467,-1.0857142857142854,35,32,ENABLE
1785583358.3594127,-0.005531395437552433,-0.8021978021978029,-1.0769230769230766,35,32,ENABLE
1785583358.3643754,-0.009346150911726525,-0.8241758241758248,-1.0505494505494504,35,32,ENABLE
1785583358.369358,-0.012779430838483208,-0.780219780219781,-1.0593406593406591,35,32,ENABLE
1785583358.3743758,-0.01621271076523989,-0.7142857142857153,-1.0417582417582416,35,32,ENABLE
1785583358.379399,-0.019645990691996573,-0.6703296703296715,-1.0505494505494504,35,32,ENABLE
1785583358.384423,-0.022697795071335847,-0.6263736263736277,-1.0505494505494504,35,32,ENABLE
1785583358.3893607,-0.02574959945067512,-0.6043956043956058,-1.0505494505494504,35,32,ENABLE
1785583358.3943636,-0.028419928282596985,-0.560439560439562,-1.0593406593406591,35,32,ENABLE
1785583358.3993962,-0.03109025711451885,-0.5824175824175839,-1.0593406593406591,35,32,ENABLE
1785583358.4043775,-0.03376058594644071,-0.560439560439562,-1.0505494505494504,35,32,ENABLE
1785583358.409531,-0.03643091477836258,-0.5164835164835182,-1.068131868131868,35,32,ENABLE
1785583358.4146607,-0.03910124361028444,-0.5164835164835182,-1.068131868131868,35,32,ENABLE
1785583358.4194539,-0.04100862134737149,-0.4725274725274744,-1.0769230769230766,35,32,ENABLE
1785583358.424366,-0.04329747463187594,-0.4505494505494525,-1.0769230769230766,35,32,ENABLE
1785583358.4293666,-0.04520485236896299,-0.4505494505494525,-1.0857142857142854,35,32,ENABLE
1785583358.4343698,-0.047112230106050035,-0.4065934065934087,-1.0945054945054942,35,32,ENABLE
1785583358.4395537,-0.04863813229571967,-0.3186813186813211,-1.1208791208791204,35,32,ENABLE
1785583358.4445877,-0.05054551003280672,-0.340659340659343,-1.1120879120879117,35,32,ENABLE
1785583358.4493978,-0.051689936675058945,-0.2747252747252773,-1.1560439560439555,35,32,ENABLE
1785583358.4543655,-0.05245288776989376,-0.2307692307692335,-1.1912087912087905,35,32,ENABLE
1785583358.4593563,-0.0539787899595634,-0.2307692307692335,-1.1912087912087905,35,32,ENABLE
1785583358.4644058,-0.05512321660181563,-0.2307692307692335,-1.1999999999999993,35,32,ENABLE
1785583358.4695454,-0.055886167696650446,-0.1868131868131897,-1.2175824175824168,35,32,ENABLE
1785583358.4745593,-0.056649118791485265,-0.1648351648351678,-1.2527472527472518,35,32,ENABLE
1785583358.4793696,-0.05779354543373749,-0.2087912087912116,-1.243956043956043,35,32,ENABLE
1785583358.4844096,-0.05893797207598972,-0.2527472527472554,-1.2351648351648343,35,32,ENABLE
1785583358.4893558,-0.05970092317082454,-0.1648351648351678,-1.2703296703296694,35,32,ENABLE
1785583358.4944162,-0.06008239871824195,-0.120879120879124,-1.3054945054945044,35,32,ENABLE
1785583358.499365,-0.060463874265659356,-0.0549450549450583,-1.3318681318681307,35,32,ENABLE
1785583358.5043914,-0.060463874265659356,-0.010989010989014503,-1.3758241758241745,35,32,ENABLE
1785583358.509374,-0.06008239871824195,0.010989010989014503,-1.4109890109890095,35,32,ENABLE
1785583358.5144064,-0.06008239871824195,-0.010989010989014503,-1.428571428571427,35,32,ENABLE
1785583358.5194716,-0.06008239871824195,-0.010989010989014503,-1.4461538461538446,35,32,ENABLE
1785583358.524365,-0.06008239871824195,0.010989010989014503,-1.4549450549450533,35,32,ENABLE
1785583358.5293648,-0.06008239871824195,-0.010989010989014503,-1.4725274725274708,35,32,ENABLE
1785583358.5343683,-0.06008239871824195,-0.010989010989014503,-1.4901098901098884,35,32,ENABLE
1785583358.5393703,-0.06008239871824195,0.010989010989014503,-1.4989010989010971,35,32,ENABLE
1785583358.5443668,-0.060463874265659356,-0.0329670329670364,-1.5076923076923094,35,32,ENABLE
1785583358.5495796,-0.060463874265659356,-0.0329670329670364,-1.5164835164835182,35,32,ENABLE
1785583358.5545752,-0.060463874265659356,-0.0329670329670364,-1.5164835164835182,35,32,ENABLE
1785583358.559414,-0.060845349813076766,-0.0329670329670364,-1.5164835164835182,35,32,ENABLE
1785583358.564399,-0.061226825360494175,-0.0989010989011021,-1.5076923076923094,35,32,ENABLE
1785583358.5694096,-0.06198977645532899,-0.120879120879124,-1.4901098901098884,35,32,ENABLE
1785583358.5744085,-0.06275272755016381,-0.1428571428571459,-1.463736263736262,35,32,ENABLE
1785583358.5794017,-0.06351567864499863,-0.1868131868131897,-1.463736263736262,35,32,ENABLE
1785583358.5844088,-0.06389715419241604,-0.1428571428571459,-1.4725274725274708,35,32,ENABLE
1785583358.5893865,-0.06466010528725086,-0.120879120879124,-1.4813186813186796,35,32,ENABLE
1785583358.594399,-0.06466010528725086,-0.0989010989011021,-1.4901098901098884,35,32,ENABLE
1785583358.5993981,-0.06542305638208568,-0.0769230769230802,-1.4901098901098884,35,32,ENABLE
1785583358.604402,-0.06580453192950309,-0.120879120879124,-1.4725274725274708,35,32,ENABLE
1785583358.6094031,-0.06694895857175531,-0.1868131868131897,-1.4461538461538446,35,32,ENABLE
1785583358.6144078,-0.06771190966659013,-0.1868131868131897,-1.4373626373626358,35,32,ENABLE
1785583358.619408,-0.06847486076142495,-0.1648351648351678,-1.4373626373626358,35,32,ENABLE
1785583358.6244,-0.06923781185625977,-0.1428571428571459,-1.4461538461538446,35,32,ENABLE
1785583358.629395,-0.06961928740367718,-0.120879120879124,-1.4461538461538446,35,32,ENABLE
1785583358.634387,-0.07000076295109459,-0.0989010989011021,-1.4461538461538446,35,32,ENABLE
1785583358.6393979,-0.0707637140459294,-0.1428571428571459,-1.428571428571427,35,32,ENABLE
1785583358.644411,-0.07114518959334681,-0.1428571428571459,-1.4109890109890095,35,32,ENABLE
1785583358.6494083,-0.07190814068818163,-0.120879120879124,-1.4197802197802183,35,32,ENABLE
1785583358.654404,-0.07228961623559904,-0.0769230769230802,-1.428571428571427,35,32,ENABLE
1785583358.659566,-0.07228961623559904,-0.0549450549450583,-1.4461538461538446,35,32,ENABLE
1785583358.6645281,-0.07228961623559904,-0.010989010989014503,-1.4461538461538446,35,32,ENABLE
1785583358.669402,-0.07190814068818163,-0.010989010989014503,-1.4549450549450533,35,32,ENABLE
1785583358.6743686,-0.07228961623559904,-0.0329670329670364,-1.4461538461538446,35,32,ENABLE
1785583358.6793685,-0.07228961623559904,-0.010989010989014503,-1.4461538461538446,35,32,ENABLE
1785583358.6843743,-0.07228961623559904,-0.010989010989014503,-1.4461538461538446,35,32,ENABLE
1785583358.6893604,-0.07190814068818163,0.010989010989014503,-1.4461538461538446,35,32,ENABLE
1785583358.694377,-0.07190814068818163,0.010989010989014503,-1.4373626373626358,35,32,ENABLE
1785583358.6994982,-0.07190814068818163,-0.010989010989014503,-1.428571428571427,35,32,ENABLE
1785583358.7045991,-0.07190814068818163,-0.010989010989014503,-1.428571428571427,35,32,ENABLE
1785583358.7094748,-0.07190814068818163,-0.010989010989014503,-1.4197802197802183,35,32,ENABLE
1785583358.7143734,-0.07190814068818163,-0.010989010989014503,-1.4109890109890095,35,32,ENABLE
1785583358.7193563,-0.07190814068818163,-0.010989010989014503,-1.393406593406592,35,32,ENABLE
1785583358.7243574,-0.07190814068818163,-0.010989010989014503,-1.3846153846153832,35,32,ENABLE
1785583358.7294016,-0.07190814068818163,-0.010989010989014503,-1.3670329670329657,35,32,ENABLE
1785583358.7344067,-0.07190814068818163,-0.010989010989014503,-1.3758241758241745,35,32,ENABLE
1785583358.7393649,-0.07190814068818163,-0.010989010989014503,-1.358241758241757,35,32,ENABLE
1785583358.7443533,-0.07190814068818163,-0.010989010989014503,-1.3494505494505482,35,32,ENABLE
1785583358.7494159,-0.07190814068818163,0.010989010989014503,-1.3318681318681307,35,32,ENABLE
1785583358.7543771,-0.07190814068818163,-0.010989010989014503,-1.323076923076922,35,32,ENABLE
1785583358.7595396,-0.07152666514076422,0.010989010989014503,-1.3142857142857132,35,32,ENABLE
1785583358.7645037,-0.07152666514076422,-0.010989010989014503,-1.3054945054945044,35,32,ENABLE
1785583358.7695973,-0.07152666514076422,0.0329670329670364,-1.287912087912087,35,32,ENABLE
1785583358.7745047,-0.07152666514076422,-0.010989010989014503,-1.2703296703296694,35,32,ENABLE
1785583358.7794852,-0.07152666514076422,0.010989010989014503,-1.2527472527472518,35,32,ENABLE
1785583358.784482,-0.07152666514076422,-0.0329670329670364,-1.243956043956043,35,32,ENABLE
1785583358.7895231,-0.07152666514076422,0.010989010989014503,-1.2263736263736256,35,32,ENABLE
1785583358.794482,-0.07152666514076422,-0.0329670329670364,-1.1999999999999993,35,32,ENABLE
1785583358.7994852,-0.07152666514076422,-0.010989010989014503,-1.173626373626373,35,32,ENABLE
1785583358.80448,-0.07152666514076422,-0.010989010989014503,-1.1648351648351642,35,32,ENABLE
1785583358.8094964,-0.07152666514076422,-0.010989010989014503,-1.1472527472527467,35,32,ENABLE
1785583358.8144836,-0.07152666514076422,-0.010989010989014503,-1.1208791208791204,35,32,ENABLE
1785583358.819483,-0.07114518959334681,0.010989010989014503,-1.103296703296703,35,32,ENABLE
1785583358.8244936,-0.07114518959334681,-0.010989010989014503,-1.0857142857142854,35,32,ENABLE
1785583358.8294978,-0.07114518959334681,0.010989010989014503,-1.068131868131868,35,32,ENABLE
1785583358.8344893,-0.0707637140459294,0.0329670329670364,-1.0505494505494504,35,32,ENABLE
1785583358.8394823,-0.0707637140459294,0.0329670329670364,-1.0417582417582416,35,32,ENABLE
1785583358.8444934,-0.070382238498512,0.0329670329670364,-1.024175824175824,35,32,ENABLE
1785583358.8495545,-0.07000076295109459,0.0769230769230802,-1.024175824175824,35,32,ENABLE
1785583358.8545928,-0.06923781185625977,0.0989010989011021,-1.0153846153846153,35,32,ENABLE
1785583358.8595269,-0.06809338521400754,0.1428571428571459,-1.0329670329670328,35,32,ENABLE
1785583358.86454,-0.06733043411917272,0.1648351648351678,-1.0329670329670328,35,32,ENABLE
1785583358.8694937,-0.0665674830243379,0.1428571428571459,-0.9978021978021978,35,32,ENABLE
1785583358.8745492,-0.0661860074769205,0.0989010989011021,-0.953846153846154,35,32,ENABLE
1785583358.8795002,-0.0661860074769205,0.0549450549450583,-0.9274725274725277,35,32,ENABLE
1785583358.8845284,-0.06580453192950309,0.0549450549450583,-0.9010989010989015,35,32,ENABLE
1785583358.889493,-0.06504158083466827,0.0989010989011021,-0.8923076923076927,35,32,ENABLE
1785583358.8945446,-0.06389715419241604,0.1868131868131897,-0.9098901098901102,35,32,ENABLE
1785583358.8994863,-0.06275272755016381,0.2307692307692335,-0.9274725274725277,35,32,ENABLE
1785583358.904496,-0.060845349813076766,0.3186813186813211,-0.9450549450549453,35,32,ENABLE
1785583358.9094844,-0.05893797207598972,0.340659340659343,-0.9626373626373628,35,32,ENABLE
1785583358.9144986,-0.05779354543373749,0.2967032967032992,-0.9450549450549453,35,32,ENABLE
1785583358.9195075,-0.055886167696650446,0.3186813186813211,-0.9450549450549453,35,32,ENABLE
1785583358.9244852,-0.05436026550698081,0.340659340659343,-0.9362637362637365,35,32,ENABLE
1785583358.9294903,-0.05245288776989376,0.3626373626373649,-0.9274725274725277,35,32,ENABLE
1785583358.9344928,-0.05054551003280672,0.3626373626373649,-0.9450549450549453,35,32,ENABLE
1785583358.9395432,-0.04863813229571967,0.3626373626373649,-0.9274725274725277,35,32,ENABLE
1785583358.9444933,-0.047112230106050035,0.3626373626373649,-0.9450549450549453,35,32,ENABLE
1785583358.949486,-0.04520485236896299,0.3626373626373649,-0.918681318681319,35,32,ENABLE
1785583358.9544811,-0.042915999084458534,0.4285714285714306,-0.9450549450549453,35,32,ENABLE
1785583358.959549,-0.04062714579995408,0.4285714285714306,-0.9450549450549453,35,32,ENABLE
1785583358.964493,-0.03833829251544962,0.4505494505494525,-0.953846153846154,35,32,ENABLE
1785583358.9694984,-0.03566796368352776,0.4945054945054963,-0.9626373626373628,35,32,ENABLE
1785583358.9744895,-0.033379110399023304,0.4725274725274744,-0.9714285714285715,35,32,ENABLE
1785583358.9795027,-0.03032730601968403,0.5164835164835182,-0.9802197802197803,35,32,ENABLE
1785583358.9844806,-0.028038452735179575,0.5384615384615401,-0.9714285714285715,35,32,ENABLE
1785583358.9894996,-0.02536812390325771,0.5164835164835182,-0.9978021978021978,35,32,ENABLE
1785583358.9944942,-0.022697795071335847,0.5164835164835182,-0.989010989010989,35,32,ENABLE
1785583358.999495,-0.019645990691996573,0.560439560439562,-0.9978021978021978,35,32,ENABLE
1785583359.0044615,-0.01697566186007471,0.5384615384615401,-1.024175824175824,35,32,ENABLE
1785583359.0094898,-0.013923857480735435,0.560439560439562,-1.0153846153846153,35,32,ENABLE
1785583359.0144882,-0.010872053101396162,0.6043956043956058,-1.0065934065934066,35,32,ENABLE
1785583359.0194938,-0.008583199816891707,0.4945054945054963,-1.024175824175824,35,32,ENABLE
1785583359.0244966,-0.006294346532387252,0.4725274725274744,-0.9802197802197803,35,32,ENABLE
1785583359.0294902,-0.0040054932478827965,0.4285714285714306,-0.953846153846154,35,32,ENABLE
1785583359.0344944,-0.0020981155107957505,0.4065934065934087,-0.918681318681319,35,32,ENABLE
1785583359.0395,-0.0001907377737087046,0.3846153846153868,-0.9098901098901102,35,32,ENABLE
1785583359.0444946,0.0017166399633783413,0.3626373626373649,-0.8747252747252752,35,32,ENABLE
1785583359.0494878,0.003242542153047978,0.3186813186813211,-0.8747252747252752,35,32,ENABLE
1785583359.054491,0.005149919890135024,0.3846153846153868,-0.8307692307692314,35,32,ENABLE
1785583359.0594933,0.00705729762722207,0.3846153846153868,-0.8659340659340664,35,32,ENABLE
1785583359.0644891,0.009727626459143934,0.4725274725274744,-0.8571428571428577,35,32,ENABLE
1785583359.0694826,0.012397955291065799,0.4725274725274744,-0.8483516483516489,35,32,ENABLE
1785583359.07449,0.014686808575570254,0.4505494505494525,-0.8571428571428577,35,32,ENABLE
1785583359.0794892,0.017357137407492118,0.5164835164835182,-0.8659340659340664,35,32,ENABLE
1785583359.0844922,0.019645990691996573,0.5164835164835182,-0.8835164835164839,35,32,ENABLE
1785583359.0894976,0.023079270618753256,0.5824175824175839,-0.8835164835164839,35,32,ENABLE
1785583359.09449,0.02613107499809253,0.6263736263736277,-0.9010989010989015,35,32,ENABLE
1785583359.0994976,0.029182879377431803,0.6043956043956058,-0.9098901098901102,35,32,ENABLE
1785583359.1045554,0.032234683756771076,0.5824175824175839,-0.9098901098901102,35,32,ENABLE
1785583359.1095078,0.03490501258869294,0.5824175824175839,-0.8923076923076927,35,32,ENABLE
1785583359.1144896,0.037575341420614805,0.5384615384615401,-0.8835164835164839,35,32,ENABLE
1785583359.1195123,0.03986419470511926,0.4505494505494525,-0.8747252747252752,35,32,ENABLE
1785583359.1245081,0.042915999084458534,0.5384615384615401,-0.8571428571428577,35,32,ENABLE
1785583359.1294944,0.0455863279163804,0.5164835164835182,-0.8659340659340664,35,32,ENABLE
1785583359.1344922,0.04863813229571967,0.560439560439562,-0.8923076923076927,35,32,ENABLE
1785583359.1394877,0.052071412222476354,0.6263736263736277,-0.918681318681319,35,32,ENABLE
1785583359.1444843,0.056267643244067855,0.7582417582417591,-0.9626373626373628,35,32,ENABLE
1785583359.1495516,0.060463874265659356,0.8241758241758248,-1.024175824175824,35,32,ENABLE
1785583359.1544845,0.06504158083466827,0.8461538461538467,-1.0769230769230766,35,32,ENABLE
1785583359.159511,0.06961928740367718,0.8901098901098905,-1.1208791208791204,35,32,ENABLE
1785583359.1645863,0.07419699397268609,0.8681318681318686,-1.138461538461538,35,32,ENABLE
1785583359.1695774,0.07801174944686018,0.8241758241758248,-1.138461538461538,35,32,ENABLE
1785583359.1745546,0.08182650492103427,0.7362637362637372,-1.1208791208791204,35,32,ENABLE
1785583359.1795418,0.08525978484779095,0.6923076923076934,-1.103296703296703,35,32,ENABLE
1785583359.1845438,0.08907454032196505,0.7362637362637372,-1.0945054945054942,35,32,ENABLE
1785583359.189736,0.09288929579613914,0.7142857142857153,-1.1120879120879117,35,32,ENABLE
1785583359.194521,0.09670405127031323,0.780219780219781,-1.1296703296703292,35,32,ENABLE
1785583359.199544,0.10090028229190473,0.8461538461538467,-1.173626373626373,35,32,ENABLE
1785583359.2045426,0.10509651331349623,0.8681318681318686,-1.208791208791208,35,32,ENABLE
1785583359.209567,0.10967421988250514,0.9120879120879124,-1.2703296703296694,35,32,ENABLE
1785583359.2145767,0.11463340199893146,0.9340659340659343,-1.3054945054945044,35,32,ENABLE
1785583359.219497,0.11959258411535778,0.9560439560439562,-1.358241758241757,35,32,ENABLE
1785583359.2244928,0.12493324177920151,1.021978021978022,-1.4021978021978008,35,32,ENABLE
1785583359.2294881,0.13027389944304524,1.0439560439560438,-1.4461538461538446,35,32,ENABLE
1785583359.2345338,0.13561455710688897,1.0439560439560438,-1.4813186813186796,35,32,ENABLE
1785583359.239577,0.14057373922331529,1.0,-1.5076923076923094,35,32,ENABLE
1785583359.2445385,0.1455329213397416,0.9780219780219781,-1.5340659340659357,35,32,ENABLE
1785583359.2496114,0.15087357900358533,1.0,-1.5692307692307708,35,32,ENABLE
1785583359.2545884,0.15545128557259424,0.9780219780219781,-1.5780219780219795,35,32,ENABLE
1785583359.259542,0.16002899214160315,0.9340659340659343,-1.595604395604397,35,32,ENABLE
1785583359.2645397,0.16498817425802947,0.9340659340659343,-1.6219780219780233,35,32,ENABLE
1785583359.2695856,0.16918440527962098,0.8461538461538467,-1.6131868131868146,35,32,ENABLE
1785583359.2746012,0.17338063630121248,0.8241758241758248,-1.630769230769232,35,32,ENABLE
1785583359.2795718,0.17757686732280398,0.8021978021978029,-1.6219780219780233,35,32,ENABLE
1785583359.2845447,0.18177309834439548,0.780219780219781,-1.6395604395604408,35,32,ENABLE
1785583359.2895503,0.18558785381856957,0.7582417582417591,-1.630769230769232,35,32,ENABLE
1785583359.2945235,0.18902113374532625,0.7362637362637372,-1.6219780219780233,35,32,ENABLE
1785583359.2995389,0.19245441367208294,0.6923076923076934,-1.6219780219780233,35,32,ENABLE
1785583359.3045402,0.1955062180514222,0.6263736263736277,-1.595604395604397,35,32,ENABLE
1785583359.309492,0.19779507133592666,0.5384615384615401,-1.5868131868131883,35,32,ENABLE
1785583359.314666,0.20084687571526594,0.5384615384615401,-1.560439560439562,35,32,ENABLE
1785583359.319512,0.20275425345235298,0.4725274725274744,-1.5428571428571445,35,32,ENABLE
1785583359.3244255,0.20542458228427485,0.4505494505494525,-1.5340659340659357,35,32,ENABLE
1785583359.3292515,0.2077134355687793,0.4725274725274744,-1.525274725274727,35,32,ENABLE
1785583359.3343914,0.20962081330586635,0.3626373626373649,-1.4901098901098884,35,32,ENABLE
1785583359.339581,0.2119096665903708,0.4505494505494525,-1.4901098901098884,35,32,ENABLE
1785583359.344541,0.21381704432745785,0.3846153846153868,-1.4813186813186796,35,32,ENABLE
1785583359.349555,0.2157244220645449,0.3626373626373649,-1.4725274725274708,35,32,ENABLE
1785583359.3545449,0.21725032425421453,0.3186813186813211,-1.428571428571427,35,32,ENABLE
1785583359.3595774,0.21839475089646676,0.2307692307692335,-1.3758241758241745,35,32,ENABLE
1785583359.3645413,0.219539177538719,0.2747252747252773,-1.3670329670329657,35,32,ENABLE
1785583359.369556,0.22068360418097122,0.2307692307692335,-1.3318681318681307,35,32,ENABLE
1785583359.3744924,0.22106507972838862,0.0989010989011021,-1.2791208791208781,35,32,ENABLE
1785583359.3795197,0.22106507972838862,0.0329670329670364,-1.2263736263736256,35,32,ENABLE
1785583359.3844924,0.22106507972838862,-0.010989010989014503,-1.1648351648351642,35,32,ENABLE
1785583359.389488,0.22068360418097122,-0.0549450549450583,-1.1208791208791204,35,32,ENABLE
1785583359.3944912,0.22068360418097122,-0.0329670329670364,-1.0857142857142854,35,32,ENABLE
1785583359.3994966,0.22068360418097122,-0.010989010989014503,-1.0505494505494504,35,32,ENABLE
1785583359.404569,0.22068360418097122,-0.0329670329670364,-1.024175824175824,35,32,ENABLE
1785583359.4094937,0.22068360418097122,-0.010989010989014503,-1.0065934065934066,35,32,ENABLE
1785583359.4144943,0.22068360418097122,-0.0329670329670364,-0.989010989010989,35,32,ENABLE
1785583359.4194942,0.22068360418097122,-0.010989010989014503,-0.9714285714285715,35,32,ENABLE
1785583359.4245663,0.22068360418097122,-0.010989010989014503,-0.9450549450549453,35,32,ENABLE
1785583359.4295022,0.22068360418097122,-0.010989010989014503,-0.9274725274725277,35,32,ENABLE
1785583359.4345212,0.22068360418097122,-0.010989010989014503,-0.9010989010989015,35,32,ENABLE
1785583359.439491,0.22068360418097122,-0.010989010989014503,-0.8923076923076927,35,32,ENABLE
1785583359.4445565,0.22068360418097122,0.010989010989014503,-0.8571428571428577,35,32,ENABLE
1785583359.4495258,0.22068360418097122,-0.0329670329670364,-0.8307692307692314,35,32,ENABLE
1785583359.4545145,0.22068360418097122,-0.010989010989014503,-0.8219780219780226,35,32,ENABLE
1785583359.4594922,0.22068360418097122,-0.010989010989014503,-0.8043956043956051,35,32,ENABLE
1785583359.4645796,0.22068360418097122,-0.010989010989014503,-0.7956043956043963,35,32,ENABLE
1785583359.4695704,0.22068360418097122,-0.010989010989014503,-0.7780219780219788,35,32,ENABLE
1785583359.474496,0.22068360418097122,-0.010989010989014503,-0.7516483516483525,35,32,ENABLE
1785583359.479541,0.22068360418097122,-0.0329670329670364,-0.734065934065935,35,32,ENABLE
1785583359.484542,0.22068360418097122,-0.010989010989014503,-0.7252747252747263,35,32,ENABLE
1785583359.4895353,0.22068360418097122,-0.010989010989014503,-0.7076923076923087,35,32,ENABLE
1785583359.4945793,0.22068360418097122,-0.010989010989014503,-0.6989010989011,35,32,ENABLE
1785583359.4995394,0.22068360418097122,-0.010989010989014503,-0.6901098901098912,35,32,ENABLE
1785583359.504493,0.22068360418097122,-0.010989010989014503,-0.6725274725274737,35,32,ENABLE
1785583359.5095236,0.22068360418097122,0.010989010989014503,-0.6637362637362649,35,32,ENABLE
1785583359.5144954,0.22106507972838862,0.010989010989014503,-0.6549450549450562,35,32,ENABLE
1785583359.519496,0.22106507972838862,0.010989010989014503,-0.6549450549450562,35,32,ENABLE
1785583359.5244956,0.22106507972838862,-0.010989010989014503,-0.6461538461538474,35,32,ENABLE
1785583359.529578,0.22106507972838862,0.010989010989014503,-0.6373626373626387,35,32,ENABLE
1785583359.5345838,0.22144655527580603,0.010989010989014503,-0.6285714285714299,35,32,ENABLE
1785583359.539704,0.22144655527580603,0.010989010989014503,-0.6285714285714299,35,32,ENABLE
1785583359.5445545,0.22182803082322344,0.010989010989014503,-0.6285714285714299,35,32,ENABLE
1785583359.549564,0.22182803082322344,0.010989010989014503,-0.6197802197802211,35,32,ENABLE
1785583359.554544,0.22220950637064085,0.0329670329670364,-0.6285714285714299,35,32,ENABLE
1785583359.5594926,0.22259098191805826,0.0329670329670364,-0.6461538461538474,35,32,ENABLE
1785583359.5645065,0.22335393301289308,0.0989010989011021,-0.6549450549450562,35,32,ENABLE
1785583359.5694923,0.2241168841077279,0.1648351648351678,-0.6725274725274737,35,32,ENABLE
1785583359.574511,0.2244983596551453,0.0989010989011021,-0.6725274725274737,35,32,ENABLE
1785583359.57954,0.22487983520256272,0.0549450549450583,-0.6549450549450562,35,32,ENABLE
1785583359.5845098,0.22487983520256272,0.0329670329670364,-0.6461538461538474,35,32,ENABLE
1785583359.5895052,0.22487983520256272,-0.010989010989014503,-0.6285714285714299,35,32,ENABLE
1785583359.5945456,0.22487983520256272,-0.010989010989014503,-0.6373626373626387,35,32,ENABLE
1785583359.5995412,0.22487983520256272,-0.010989010989014503,-0.6373626373626387,35,32,ENABLE
1785583359.6045015,0.22487983520256272,-0.010989010989014503,-0.6285714285714299,35,32,ENABLE
1785583359.6094933,0.22487983520256272,-0.010989010989014503,-0.6373626373626387,35,32,ENABLE
1785583359.6145692,0.2244983596551453,-0.0329670329670364,-0.6285714285714299,35,32,ENABLE
1785583359.619543,0.2244983596551453,-0.0329670329670364,-0.6373626373626387,35,32,ENABLE
1785583359.6245418,0.22487983520256272,-0.010989010989014503,-0.6373626373626387,35,32,ENABLE
1785583359.6294947,0.2244983596551453,-0.0329670329670364,-0.6461538461538474,35,32,ENABLE
1785583359.6345193,0.2244983596551453,-0.010989010989014503,-0.6461538461538474,35,32,ENABLE
1785583359.6394928,0.22487983520256272,-0.010989010989014503,-0.6549450549450562,35,32,ENABLE
1785583359.6444874,0.2244983596551453,-0.010989010989014503,-0.6637362637362649,35,32,ENABLE
1785583359.6495678,0.2244983596551453,-0.010989010989014503,-0.6725274725274737,35,32,ENABLE
1785583359.6545565,0.22487983520256272,-0.010989010989014503,-0.6725274725274737,35,32,ENABLE
1785583359.6595767,0.2244983596551453,-0.010989010989014503,-0.6813186813186825,35,32,ENABLE
1785583359.6645782,0.2244983596551453,-0.0329670329670364,-0.6989010989011,35,32,ENABLE
1785583359.669547,0.2244983596551453,0.010989010989014503,-0.7164835164835175,35,32,ENABLE
1785583359.6744895,0.2244983596551453,-0.0329670329670364,-0.7252747252747263,35,32,ENABLE
1785583359.6795533,0.2244983596551453,-0.010989010989014503,-0.734065934065935,35,32,ENABLE
1785583359.6844893,0.2244983596551453,-0.010989010989014503,-0.7428571428571438,35,32,ENABLE
1785583359.6894822,0.2244983596551453,-0.0329670329670364,-0.7516483516483525,35,32,ENABLE
1785583359.6945455,0.2244983596551453,0.010989010989014503,-0.7604395604395613,35,32,ENABLE
1785583359.6995766,0.2241168841077279,-0.010989010989014503,-0.7868131868131876,35,32,ENABLE
1785583359.7045484,0.2241168841077279,-0.0329670329670364,-0.7956043956043963,35,32,ENABLE
1785583359.709494,0.2241168841077279,-0.0329670329670364,-0.8131868131868139,35,32,ENABLE
1785583359.7144952,0.2237354085603105,-0.0549450549450583,-0.8307692307692314,35,32,ENABLE
1785583359.719518,0.2237354085603105,-0.0549450549450583,-0.8395604395604401,35,32,ENABLE
1785583359.724575,0.22335393301289308,-0.0329670329670364,-0.8571428571428577,35,32,ENABLE
1785583359.7295015,0.2237354085603105,-0.0329670329670364,-0.8747252747252752,35,32,ENABLE
1785583359.7344913,0.22335393301289308,-0.010989010989014503,-0.8923076923076927,35,32,ENABLE
1785583359.7394936,0.22335393301289308,-0.0329670329670364,-0.9098901098901102,35,32,ENABLE
1785583359.7444918,0.22297245746547567,-0.0769230769230802,-0.918681318681319,35,32,ENABLE
1785583359.7495303,0.22259098191805826,-0.0989010989011021,-0.918681318681319,35,32,ENABLE
1785583359.7545323,0.22182803082322344,-0.1428571428571459,-0.918681318681319,35,32,ENABLE
1785583359.7595205,0.22106507972838862,-0.1868131868131897,-0.9010989010989015,35,32,ENABLE
1785583359.7646399,0.219539177538719,-0.2527472527472554,-0.8923076923076927,35,32,ENABLE
1785583359.7695527,0.21801327534904935,-0.2967032967032992,-0.8923076923076927,35,32,ENABLE
1785583359.7744932,0.21686884870679712,-0.2747252747252773,-0.8659340659340664,35,32,ENABLE
1785583359.7794924,0.21496147096971008,-0.3186813186813211,-0.8571428571428577,35,32,ENABLE
1785583359.784568,0.21343556878004044,-0.340659340659343,-0.8571428571428577,35,32,ENABLE
1785583359.7895224,0.2115281910429534,-0.3626373626373649,-0.8483516483516489,35,32,ENABLE
1785583359.7944913,0.21000228885328376,-0.3626373626373649,-0.8747252747252752,35,32,ENABLE
1785583359.7994914,0.20885786221103153,-0.2747252747252773,-0.8747252747252752,35,32,ENABLE
1785583359.8045166,0.2073319600213619,-0.3186813186813211,-0.8747252747252752,35,32,ENABLE
1785583359.8094914,0.20580605783169226,-0.3186813186813211,-0.9098901098901102,35,32,ENABLE
1785583359.8145542,0.20428015564202262,-0.3186813186813211,-0.9010989010989015,35,32,ENABLE
1785583359.8194923,0.20275425345235298,-0.3186813186813211,-0.9098901098901102,35,32,ENABLE
1785583359.8245409,0.20122835126268335,-0.2967032967032992,-0.9450549450549453,35,32,ENABLE
1785583359.829489,0.20008392462043112,-0.2527472527472554,-0.953846153846154,35,32,ENABLE
1785583359.8344889,0.19855802243076148,-0.340659340659343,-0.9626373626373628,35,32,ENABLE
1785583359.83949,0.19703212024109185,-0.2967032967032992,-0.989010989010989,35,32,ENABLE
1785583359.8444917,0.19588769359883962,-0.2527472527472554,-0.989010989010989,35,32,ENABLE
1785583359.8495765,0.1947432669565874,-0.2747252747252773,-1.0065934065934066,35,32,ENABLE
1785583359.8545423,0.19321736476691775,-0.2527472527472554,-1.0417582417582416,35,32,ENABLE
1785583359.8594892,0.19245441367208294,-0.2087912087912116,-1.068131868131868,35,32,ENABLE
1785583359.8644907,0.1913099870298307,-0.2747252747252773,-1.068131868131868,35,32,ENABLE
1785583359.8695686,0.18940260929274366,-0.3626373626373649,-1.0857142857142854,35,32,ENABLE
1785583359.8744957,0.18825818265049143,-0.2527472527472554,-1.1208791208791204,35,32,ENABLE
1785583359.879488,0.18749523155565662,-0.2087912087912116,-1.1472527472527467,35,32,ENABLE
1785583359.8844907,0.1863508049134044,-0.2527472527472554,-1.1648351648351642,35,32,ENABLE
1785583359.8895664,0.18558785381856957,-0.1648351648351678,-1.2263736263736256,35,32,ENABLE
1785583359.8945475,0.18558785381856957,-0.0769230769230802,-1.287912087912087,35,32,ENABLE
1785583359.8994915,0.18558785381856957,-0.0329670329670364,-1.3494505494505482,35,32,ENABLE
1785583359.9044929,0.18558785381856957,-0.0329670329670364,-1.4021978021978008,35,32,ENABLE
1785583359.9094837,0.18558785381856957,-0.010989010989014503,-1.4373626373626358,35,32,ENABLE
1785583359.9145672,0.18520637827115216,-0.010989010989014503,-1.4725274725274708,35,32,ENABLE
1785583359.9195018,0.18520637827115216,-0.0329670329670364,-1.5164835164835182,35,32,ENABLE
1785583359.9244874,0.18482490272373475,-0.0769230769230802,-1.5428571428571445,35,32,ENABLE
1785583359.9294899,0.18444342717631734,-0.0769230769230802,-1.5780219780219795,35,32,ENABLE
1785583359.9345214,0.18406195162889993,-0.0769230769230802,-1.6043956043956058,35,32,ENABLE
1785583359.939488,0.18329900053406512,-0.1428571428571459,-1.6131868131868146,35,32,ENABLE
1785583359.9445405,0.1821545738918129,-0.2087912087912116,-1.630769230769232,35,32,ENABLE
1785583359.949517,0.18139162279697807,-0.1868131868131897,-1.6747252747252759,35,32,ENABLE
1785583359.95456,0.18139162279697807,-0.0989010989011021,-1.709890109890111,35,32,ENABLE
1785583359.9595447,0.18101014724956066,-0.0769230769230802,-1.7714285714285722,35,32,ENABLE
1785583359.9645307,0.18101014724956066,-0.0329670329670364,-1.815384615384616,35,32,ENABLE
1785583359.969554,0.18139162279697807,-0.010989010989014503,-1.8681318681318686,35,32,ENABLE
1785583359.9745214,0.18101014724956066,-0.0329670329670364,-1.9208791208791212,35,32,ENABLE
1785583359.9795656,0.18101014724956066,0.010989010989014503,-1.964835164835165,35,32,ENABLE
1785583359.9845383,0.18101014724956066,-0.010989010989014503,-2.0087912087912088,35,32,ENABLE
1785583359.9894905,0.18101014724956066,-0.0329670329670364,-2.035164835164835,35,32,ENABLE
1785583359.994492,0.18024719615472584,-0.0769230769230802,-2.0615384615384613,35,32,ENABLE
1785583359.9994926,0.17986572060730843,-0.120879120879124,-2.07032967032967,35,32,ENABLE
1785583360.0044925,0.1787212939650562,-0.1868131868131897,-2.07032967032967,35,32,ENABLE
1785583360.009489,0.17757686732280398,-0.2747252747252773,-2.079120879120879,35,32,ENABLE
1785583360.0144923,0.17605096513313434,-0.2747252747252773,-2.0879120879120876,35,32,ENABLE
1785583360.0195682,0.1745250629434647,-0.2967032967032992,-2.0879120879120876,35,32,ENABLE
1785583360.024499,0.17299916075379507,-0.3846153846153868,-2.114285714285714,35,32,ENABLE
1785583360.0294933,0.17147325856412543,-0.3186813186813211,-2.114285714285714,35,32,ENABLE
1785583360.03449,0.16956588082703838,-0.3846153846153868,-2.114285714285714,35,32,ENABLE
1785583360.0395217,0.16803997863736875,-0.3626373626373649,-2.149450549450549,35,32,ENABLE
1785583360.0445728,0.1657511253528643,-0.4065934065934087,-2.14065934065934,35,32,ENABLE
1785583360.0495534,0.16384374761577725,-0.4065934065934087,-2.1670329670329664,35,32,ENABLE
1785583360.0544908,0.1619363698786902,-0.3846153846153868,-2.175824175824175,35,32,ENABLE
1785583360.0595646,0.16002899214160315,-0.3626373626373649,-2.1934065934065927,35,32,ENABLE
1785583360.0644968,0.15850308995193352,-0.340659340659343,-2.2109890109890102,35,32,ENABLE
1785583360.069496,0.15621423666742906,-0.4065934065934087,-2.219780219780219,35,32,ENABLE
1785583360.0744905,0.15430685893034202,-0.4065934065934087,-2.2373626373626365,35,32,ENABLE
1785583360.0794992,0.15201800564583756,-0.4725274725274744,-2.219780219780219,35,32,ENABLE
1785583360.084491,0.1489662012664983,-0.5164835164835182,-2.1934065934065927,35,32,ENABLE
1785583360.0894911,0.14591439688715901,-0.5824175824175839,-2.184615384615384,35,32,ENABLE
1785583360.0944984,0.14248111696040233,-0.6703296703296715,-2.14065934065934,35,32,ENABLE
1785583360.099512,0.13866636148622824,-0.7362637362637372,-2.0879120879120876,35,32,ENABLE
1785583360.1044946,0.13447013046463674,-0.8021978021978029,-2.035164835164835,35,32,ENABLE
1785583360.1094928,0.12989242389562783,-0.8901098901098905,-1.9824175824175825,35,32,ENABLE
1785583360.1144927,0.12531471732661892,-0.9340659340659343,-1.9384615384615387,35,32,ENABLE
1785583360.119493,0.1203555352101926,-0.9560439560439562,-1.8945054945054949,35,32,ENABLE
1785583360.1244953,0.11539635309376628,-1.0,-1.850549450549451,35,32,ENABLE
1785583360.129541,0.11005569542992255,-1.0439560439560438,-1.815384615384616,35,32,ENABLE
1785583360.1344945,0.10471503776607882,-1.0659340659340657,-1.7714285714285722,35,32,ENABLE
1785583360.1394913,0.0993743801022351,-1.0659340659340657,-1.7362637362637372,35,32,ENABLE
1785583360.1445436,0.09403372243839137,-1.0659340659340657,-1.709890109890111,35,32,ENABLE
1785583360.149553,0.08907454032196505,-1.0659340659340657,-1.6747252747252759,35,32,ENABLE
1785583360.1544912,0.08411535820553873,-1.0439560439560438,-1.6395604395604408,35,32,ENABLE
1785583360.159507,0.078774700541695,-1.0659340659340657,-1.5868131868131883,35,32,ENABLE
1785583360.1645708,0.07267109178301645,-1.1538461538461533,-1.5428571428571445,35,32,ENABLE
1785583360.1695743,0.06733043411917272,-1.1538461538461533,-1.4989010989010971,35,32,ENABLE
1785583360.1745446,0.061226825360494175,-1.1758241758241752,-1.4549450549450533,35,32,ENABLE
1785583360.179502,0.05550469214923304,-1.197802197802197,-1.4021978021978008,35,32,ENABLE
1785583360.1845741,0.0497825589379719,-1.1538461538461533,-1.358241758241757,35,32,ENABLE
1785583360.1895144,0.04367895017929335,-1.219780219780219,-1.287912087912087,35,32,ENABLE
1785583360.1944933,0.037956816968032214,-1.1758241758241752,-1.2527472527472518,35,32,ENABLE
1785583360.1994958,0.03147173266193626,-1.241758241758241,-1.1824175824175818,35,32,ENABLE
1785583360.204524,0.02536812390325771,-1.241758241758241,-1.1296703296703292,35,32,ENABLE
1785583360.2095165,0.018883039597161755,-1.3296703296703285,-1.068131868131868,35,32,ENABLE
1785583360.2144964,0.012397955291065799,-1.2857142857142847,-1.0153846153846153,35,32,ENABLE
1785583360.2195144,0.005912870984969842,-1.3076923076923066,-0.953846153846154,35,32,ENABLE
1785583360.224492,-0.0005722133211261138,-1.2857142857142847,-0.9098901098901102,35,32,ENABLE
1785583360.2295208,-0.006675822079804661,-1.2637362637362628,-0.8747252747252752,35,32,ENABLE
1785583360.234576,-0.013160906385900617,-1.2637362637362628,-0.8307692307692314,35,32,ENABLE
1785583360.2395442,-0.018883039597161755,-1.219780219780219,-0.7868131868131876,35,32,ENABLE
1785583360.244547,-0.024605172808422893,-1.1538461538461533,-0.76923076923077,35,32,ENABLE
1785583360.2496107,-0.03032730601968403,-1.1318681318681314,-0.7428571428571438,35,32,ENABLE
1785583360.2544944,-0.03528648813611035,-1.0879120879120876,-0.7252747252747263,35,32,ENABLE
1785583360.2594914,-0.04024567025253667,-1.021978021978022,-0.7164835164835175,35,32,ENABLE
1785583360.264543,-0.04482337682154558,-0.9560439560439562,-0.7164835164835175,35,32,ENABLE
1785583360.2695909,-0.04940108339055449,-0.9120879120879124,-0.7164835164835175,35,32,ENABLE
1785583360.2745411,-0.05321583886472858,-0.8241758241758248,-0.734065934065935,35,32,ENABLE
1785583360.2794914,-0.056649118791485265,-0.7582417582417591,-0.734065934065935,35,32,ENABLE
1785583360.2844896,-0.060463874265659356,-0.7142857142857153,-0.734065934065935,35,32,ENABLE
1785583360.2895212,-0.06351567864499863,-0.6923076923076934,-0.7516483516483525,35,32,ENABLE
1785583360.2944899,-0.0661860074769205,-0.6043956043956058,-0.76923076923077,35,32,ENABLE
1785583360.2995703,-0.06885633630884236,-0.5384615384615401,-0.7956043956043963,35,32,ENABLE
1785583360.3045022,-0.07114518959334681,-0.4945054945054963,-0.7956043956043963,35,32,ENABLE
1785583360.3094893,-0.07305256733043386,-0.4285714285714306,-0.8307692307692314,35,32,ENABLE
1785583360.314492,-0.0749599450675209,-0.4065934065934087,-0.8571428571428577,35,32,ENABLE
1785583360.3194926,-0.07648584725719054,-0.340659340659343,-0.8835164835164839,35,32,ENABLE
1785583360.3244808,-0.07763027389944277,-0.2527472527472554,-0.9362637362637365,35,32,ENABLE
1785583360.3295317,-0.078774700541695,-0.2307692307692335,-0.9450549450549453,35,32,ENABLE
1785583360.3345718,-0.07953765163652982,-0.2307692307692335,-0.9626373626373628,35,32,ENABLE
1785583360.3395042,-0.08030060273136463,-0.1868131868131897,-0.9978021978021978,35,32,ENABLE
1785583360.3444912,-0.08068207827878204,-0.120879120879124,-1.0417582417582416,35,32,ENABLE
1785583360.3495564,-0.08106355382619945,-0.0549450549450583,-1.068131868131868,35,32,ENABLE
1785583360.3545773,-0.08106355382619945,-0.0329670329670364,-1.103296703296703,35,32,ENABLE
1785583360.3595061,-0.08106355382619945,-0.0329670329670364,-1.1472527472527467,35,32,ENABLE
1785583360.3644922,-0.08106355382619945,-0.010989010989014503,-1.173626373626373,35,32,ENABLE
1785583360.3694935,-0.08068207827878204,0.010989010989014503,-1.1999999999999993,35,32,ENABLE
1785583360.3744898,-0.08068207827878204,-0.010989010989014503,-1.2175824175824168,35,32,ENABLE
1785583360.3794878,-0.08068207827878204,0.0329670329670364,-1.243956043956043,35,32,ENABLE
1785583360.384543,-0.08030060273136463,0.010989010989014503,-1.2703296703296694,35,32,ENABLE
1785583360.3894956,-0.08030060273136463,0.0329670329670364,-1.2703296703296694,35,32,ENABLE
1785583360.394491,-0.07991912718394723,0.0329670329670364,-1.2967032967032956,35,32,ENABLE
1785583360.3995652,-0.07953765163652982,0.0329670329670364,-1.3054945054945044,35,32,ENABLE
1785583360.4044921,-0.07953765163652982,0.010989010989014503,-1.3142857142857132,35,32,ENABLE
1785583360.4094903,-0.07953765163652982,0.010989010989014503,-1.3142857142857132,35,32,ENABLE
1785583360.4144888,-0.07953765163652982,-0.010989010989014503,-1.323076923076922,35,32,ENABLE
1785583360.4195192,-0.07953765163652982,-0.010989010989014503,-1.3318681318681307,35,32,ENABLE
1785583360.4245214,-0.07991912718394723,-0.010989010989014503,-1.3318681318681307,35,32,ENABLE
1785583360.4294899,-0.07991912718394723,-0.0329670329670364,-1.323076923076922,35,32,ENABLE
1785583360.4345448,-0.07991912718394723,-0.0329670329670364,-1.323076923076922,35,32,ENABLE
1785583360.4394953,-0.07991912718394723,-0.0549450549450583,-1.3318681318681307,35,32,ENABLE
1785583360.4445002,-0.07991912718394723,-0.010989010989014503,-1.3406593406593394,35,32,ENABLE
1785583360.4495537,-0.08030060273136463,-0.0329670329670364,-1.358241758241757,35,32,ENABLE
1785583360.4545434,-0.07991912718394723,-0.010989010989014503,-1.3494505494505482,35,32,ENABLE
1785583360.4595282,-0.08030060273136463,-0.010989010989014503,-1.358241758241757,35,32,ENABLE
1785583360.4645681,-0.08030060273136463,-0.010989010989014503,-1.358241758241757,35,32,ENABLE
1785583360.4695415,-0.08030060273136463,-0.010989010989014503,-1.3670329670329657,35,32,ENABLE
1785583360.4744937,-0.08030060273136463,-0.010989010989014503,-1.358241758241757,35,32,ENABLE
1785583360.4794886,-0.08030060273136463,-0.010989010989014503,-1.3494505494505482,35,32,ENABLE
1785583360.484491,-0.07991912718394723,-0.010989010989014503,-1.358241758241757,35,32,ENABLE
1785583360.489581,-0.07991912718394723,-0.010989010989014503,-1.3406593406593394,35,32,ENABLE
1785583360.4944901,-0.07991912718394723,0.010989010989014503,-1.3494505494505482,35,32,ENABLE
1785583360.4995422,-0.07991912718394723,0.010989010989014503,-1.3406593406593394,35,32,ENABLE
1785583360.5045388,-0.08030060273136463,-0.010989010989014503,-1.3406593406593394,35,32,ENABLE
1785583360.5095768,-0.08030060273136463,-0.010989010989014503,-1.3406593406593394,35,32,ENABLE
1785583360.5145397,-0.07991912718394723,-0.010989010989014503,-1.3318681318681307,35,32,ENABLE
1785583360.519501,-0.07991912718394723,0.010989010989014503,-1.323076923076922,35,32,ENABLE
1785583360.5244908,-0.07991912718394723,-0.010989010989014503,-1.3142857142857132,35,32,ENABLE
1785583360.5295086,-0.07991912718394723,0.010989010989014503,-1.3054945054945044,35,32,ENABLE
1785583360.5345435,-0.07991912718394723,-0.0329670329670364,-1.2791208791208781,35,32,ENABLE
1785583360.5394893,-0.07991912718394723,-0.010989010989014503,-1.2703296703296694,35,32,ENABLE
1785583360.5445418,-0.07991912718394723,-0.0329670329670364,-1.2527472527472518,35,32,ENABLE
1785583360.5495422,-0.07991912718394723,-0.010989010989014503,-1.243956043956043,35,32,ENABLE
1785583360.554569,-0.07991912718394723,-0.010989010989014503,-1.2351648351648343,35,32,ENABLE
1785583360.5594957,-0.07991912718394723,0.010989010989014503,-1.2263736263736256,35,32,ENABLE
1785583360.5644913,-0.07991912718394723,-0.010989010989014503,-1.208791208791208,35,32,ENABLE
1785583360.5695503,-0.07991912718394723,-0.010989010989014503,-1.1999999999999993,35,32,ENABLE
1785583360.5745673,-0.07991912718394723,-0.010989010989014503,-1.1824175824175818,35,32,ENABLE
1785583360.5794897,-0.07953765163652982,0.010989010989014503,-1.1648351648351642,35,32,ENABLE
1785583360.5846715,-0.07953765163652982,0.0329670329670364,-1.1648351648351642,35,32,ENABLE
1785583360.5895488,-0.0791561760891124,0.0329670329670364,-1.1472527472527467,35,32,ENABLE
1785583360.5945828,-0.0791561760891124,0.0329670329670364,-1.1296703296703292,35,32,ENABLE
1785583360.5995264,-0.078774700541695,0.0549450549450583,-1.1208791208791204,35,32,ENABLE
1785583360.6045413,-0.07801174944686018,0.0769230769230802,-1.1120879120879117,35,32,ENABLE
1785583360.609484,-0.07763027389944277,0.0989010989011021,-1.1120879120879117,35,32,ENABLE
1785583360.6144922,-0.07648584725719054,0.1428571428571459,-1.1120879120879117,35,32,ENABLE
1785583360.6194892,-0.07610437170977313,0.1428571428571459,-1.103296703296703,35,32,ENABLE
1785583360.6244915,-0.07534142061493831,0.0989010989011021,-1.0769230769230766,35,32,ENABLE
1785583360.6294909,-0.07534142061493831,0.0549450549450583,-1.024175824175824,35,32,ENABLE
1785583360.6344888,-0.07534142061493831,0.010989010989014503,-0.989010989010989,35,32,ENABLE
1785583360.6394908,-0.07534142061493831,-0.010989010989014503,-0.953846153846154,35,32,ENABLE
1785583360.6444907,-0.07534142061493831,0.0329670329670364,-0.9362637362637365,35,32,ENABLE
1785583360.649553,-0.0749599450675209,-0.010989010989014503,-0.918681318681319,35,32,ENABLE
1785583360.6544883,-0.0745784695201035,0.0769230769230802,-0.8923076923076927,35,32,ENABLE
1785583360.6595755,-0.07419699397268609,0.0989010989011021,-0.8747252747252752,35,32,ENABLE
1785583360.6645753,-0.07305256733043386,0.1428571428571459,-0.8835164835164839,35,32,ENABLE
1785583360.6694903,-0.07190814068818163,0.2087912087912116,-0.9010989010989015,35,32,ENABLE
1785583360.67449,-0.0707637140459294,0.2307692307692335,-0.8923076923076927,35,32,ENABLE
1785583360.6795962,-0.06923781185625977,0.2307692307692335,-0.8835164835164839,35,32,ENABLE
1785583360.6845546,-0.06809338521400754,0.2527472527472554,-0.8835164835164839,35,32,ENABLE
1785583360.6894855,-0.06694895857175531,0.2307692307692335,-0.8747252747252752,35,32,ENABLE
1785583360.69449,-0.06580453192950309,0.2087912087912116,-0.8483516483516489,35,32,ENABLE
1785583360.6994874,-0.06427862973983345,0.2527472527472554,-0.8395604395604401,35,32,ENABLE
1785583360.7044885,-0.06275272755016381,0.2747252747252773,-0.8483516483516489,35,32,ENABLE
1785583360.709492,-0.060845349813076766,0.3626373626373649,-0.8483516483516489,35,32,ENABLE
1785583360.7144926,-0.05855649652857231,0.4285714285714306,-0.8835164835164839,35,32,ENABLE
1785583360.7195432,-0.056267643244067855,0.4505494505494525,-0.8835164835164839,35,32,ENABLE
1785583360.7245383,-0.05359731441214599,0.4725274725274744,-0.9010989010989015,35,32,ENABLE
1785583360.729488,-0.05092698558022413,0.4945054945054963,-0.9098901098901102,35,32,ENABLE
1785583360.7344942,-0.04863813229571967,0.5164835164835182,-0.9098901098901102,35,32,ENABLE
1785583360.7394888,-0.04596780346379781,0.4945054945054963,-0.9098901098901102,35,32,ENABLE
1785583360.7445605,-0.04367895017929335,0.4725274725274744,-0.8923076923076927,35,32,ENABLE
1785583360.7495542,-0.0413900968947889,0.4285714285714306,-0.8835164835164839,35,32,ENABLE
1785583360.754584,-0.03910124361028444,0.4505494505494525,-0.8571428571428577,35,32,ENABLE
1785583360.7594907,-0.037193865873197396,0.4285714285714306,-0.8483516483516489,35,32,ENABLE
1785583360.7645757,-0.03452353704127553,0.4505494505494525,-0.8571428571428577,35,32,ENABLE
1785583360.7695384,-0.032234683756771076,0.4725274725274744,-0.8483516483516489,35,32,ENABLE
1785583360.77457,-0.029564354924849212,0.4945054945054963,-0.8571428571428577,35,32,ENABLE
1785583360.7795372,-0.026894026092927348,0.5384615384615401,-0.8571428571428577,35,32,ENABLE
1785583360.7844925,-0.023842221713588074,0.560439560439562,-0.8659340659340664,35,32,ENABLE
1785583360.7895026,-0.02117189288166621,0.560439560439562,-0.8659340659340664,35,32,ENABLE
1785583360.7944896,-0.018120088502326936,0.560439560439562,-0.8571428571428577,35,32,ENABLE
1785583360.7994885,-0.015449759670405072,0.5384615384615401,-0.8483516483516489,35,32,ENABLE
1785583360.804498,-0.013160906385900617,0.4945054945054963,-0.8307692307692314,35,32,ENABLE
1785583360.8095658,-0.010109102006561344,0.5384615384615401,-0.8219780219780226,35,32,ENABLE
1785583360.8145006,-0.007438773174639479,0.5164835164835182,-0.8043956043956051,35,32,ENABLE
1785583360.8194928,-0.005149919890135024,0.4725274725274744,-0.7956043956043963,35,32,ENABLE
1785583360.8244975,-0.0024795910582131597,0.560439560439562,-0.7868131868131876,35,32,ENABLE
1785583360.829494,0.0001907377737087046,0.5164835164835182,-0.7956043956043963,35,32,ENABLE
1785583360.834537,0.002861066605630569,0.5164835164835182,-0.7780219780219788,35,32,ENABLE
1785583360.839494,0.005531395437552433,0.5384615384615401,-0.7604395604395613,35,32,ENABLE
1785583360.8444905,0.008201724269474298,0.5384615384615401,-0.7780219780219788,35,32,ENABLE
1785583360.8495731,0.011253528648813571,0.5164835164835182,-0.7516483516483525,35,32,ENABLE
1785583360.8545084,0.013923857480735435,0.5824175824175839,-0.7428571428571438,35,32,ENABLE
1785583360.8594904,0.01697566186007471,0.6043956043956058,-0.7780219780219788,35,32,ENABLE
1785583360.8645067,0.020027466239413982,0.6043956043956058,-0.7956043956043963,35,32,ENABLE
1785583360.869576,0.023842221713588074,0.6703296703296715,-0.8219780219780226,35,32,ENABLE
1785583360.87456,0.027656977187762166,0.7142857142857153,-0.8307692307692314,35,32,ENABLE
1785583360.8794963,0.03147173266193626,0.7362637362637372,-0.8307692307692314,35,32,ENABLE
1785583360.8844976,0.03528648813611035,0.7362637362637372,-0.8395604395604401,35,32,ENABLE
1785583360.889565,0.03910124361028444,0.7582417582417591,-0.8483516483516489,35,32,ENABLE
1785583360.8945105,0.042915999084458534,0.780219780219781,-0.8747252747252752,35,32,ENABLE
1785583360.899489,0.047112230106050035,0.8021978021978029,-0.8747252747252752,35,32,ENABLE
1785583360.9044943,0.05092698558022413,0.8461538461538467,-0.9010989010989015,35,32,ENABLE
1785583360.9096112,0.05512321660181563,0.8461538461538467,-0.9098901098901102,35,32,ENABLE
1785583360.9145656,0.05931944762340713,0.8461538461538467,-0.9362637362637365,35,32,ENABLE
1785583360.919549,0.06351567864499863,0.8681318681318686,-0.9362637362637365,35,32,ENABLE
1785583360.9244483,0.06733043411917272,0.8461538461538467,-0.9450549450549453,35,32,ENABLE
1785583360.9294927,0.07152666514076422,0.8681318681318686,-0.953846153846154,35,32,ENABLE
1785583360.9347854,0.07572289616235572,0.8241758241758248,-0.9714285714285715,35,32,ENABLE
1785583360.9396572,0.07991912718394723,0.8681318681318686,-0.9802197802197803,35,32,ENABLE
1785583360.944499,0.08411535820553873,0.8461538461538467,-0.9978021978021978,35,32,ENABLE
1785583360.9495697,0.08831158922713023,0.8681318681318686,-1.0153846153846153,35,32,ENABLE
1785583360.9545448,0.09288929579613914,0.9120879120879124,-1.068131868131868,35,32,ENABLE
1785583360.9594991,0.09784847791256546,0.9780219780219781,-1.1120879120879117,35,32,ENABLE
1785583360.9644935,0.10318913557640919,1.021978021978022,-1.173626373626373,35,32,ENABLE
1785583360.9695444,0.10929274433508773,1.1758241758241752,-1.2527472527472518,35,32,ENABLE
1785583360.9745715,0.11539635309376628,1.1758241758241752,-1.3142857142857132,35,32,ENABLE
1785583360.9795463,0.12188143739986224,1.2637362637362628,-1.3758241758241745,35,32,ENABLE
1785583360.984544,0.1287479972533756,1.3076923076923066,-1.4549450549450533,35,32,ENABLE
1785583360.989502,0.13523308155947156,1.3076923076923066,-1.525274725274727,35,32,ENABLE
1785583360.9945195,0.14209964141298492,1.3516483516483504,-1.5780219780219795,35,32,ENABLE
1785583360.9995656,0.14858472571908088,1.2857142857142847,-1.6219780219780233,35,32,ENABLE
1785583361.004544,0.15506981002517684,1.3076923076923066,-1.6571428571428584,35,32,ENABLE
1785583361.009391,0.16117341878385538,1.2637362637362628,-1.6923076923076934,35,32,ENABLE
1785583361.0143917,0.16765850308995134,1.2637362637362628,-1.7362637362637372,35,32,ENABLE
1785583361.0195413,0.17338063630121248,1.1758241758241752,-1.745054945054946,35,32,ENABLE
1785583361.02454,0.1787212939650562,1.1098901098901095,-1.7362637362637372,35,32,ENABLE
1785583361.0294921,0.18444342717631734,1.0879120879120876,-1.7538461538461547,35,32,ENABLE
1785583361.0344925,0.18940260929274366,1.021978021978022,-1.7626373626373635,35,32,ENABLE
1785583361.0395434,0.19398031586175257,0.9340659340659343,-1.7538461538461547,35,32,ENABLE
1785583361.0444896,0.19855802243076148,0.9340659340659343,-1.7714285714285722,35,32,ENABLE
1785583361.0495539,0.2031357289997704,0.8681318681318686,-1.7714285714285722,35,32,ENABLE
1785583361.0544913,0.2073319600213619,0.8681318681318686,-1.7714285714285722,35,32,ENABLE
1785583361.0595715,0.21114671549553599,0.780219780219781,-1.7538461538461547,35,32,ENABLE
1785583361.064526,0.21496147096971008,0.7362637362637372,-1.7538461538461547,35,32,ENABLE
1785583361.069494,0.21839475089646676,0.6923076923076934,-1.7274725274725284,35,32,ENABLE
1785583361.0744927,0.22144655527580603,0.6483516483516496,-1.709890109890111,35,32,ENABLE
1785583361.0795152,0.22487983520256272,0.6263736263736277,-1.709890109890111,35,32,ENABLE
1785583361.0844936,0.22716868848706717,0.5164835164835182,-1.6571428571428584,35,32,ENABLE
1785583361.0895061,0.22983901731898904,0.4945054945054963,-1.6395604395604408,35,32,ENABLE
1785583361.094488,0.23136491950865867,0.4065934065934087,-1.6043956043956058,35,32,ENABLE
1785583361.099491,0.2328908216983283,0.340659340659343,-1.560439560439562,35,32,ENABLE
1785583361.1045012,0.23403524834058054,0.2307692307692335,-1.4989010989010971,35,32,ENABLE
1785583361.1095428,0.23479819943541536,0.1648351648351678,-1.428571428571427,35,32,ENABLE
1785583361.1144931,0.23517967498283276,0.120879120879124,-1.3846153846153832,35,32,ENABLE
1785583361.1194947,0.23556115053025017,0.0989010989011021,-1.3494505494505482,35,32,ENABLE
1785583361.1244962,0.236324101625085,0.0769230769230802,-1.3142857142857132,35,32,ENABLE
1785583361.1295438,0.2367055771725024,0.0769230769230802,-1.2791208791208781,35,32,ENABLE
1785583361.1344924,0.2367055771725024,0.0329670329670364,-1.243956043956043,35,32,ENABLE
1785583361.1394918,0.2367055771725024,0.010989010989014503,-1.1912087912087905,35,32,ENABLE
1785583361.144522,0.2367055771725024,0.010989010989014503,-1.1648351648351642,35,32,ENABLE
1785583361.1495528,0.236324101625085,-0.0329670329670364,-1.1208791208791204,35,32,ENABLE
1785583361.154492,0.236324101625085,-0.0329670329670364,-1.0945054945054942,35,32,ENABLE
1785583361.1595106,0.23594262607766758,-0.0549450549450583,-1.0769230769230766,35,32,ENABLE
1785583361.1645606,0.23594262607766758,-0.0549450549450583,-1.0417582417582416,35,32,ENABLE
1785583361.1695244,0.23594262607766758,-0.0329670329670364,-1.0153846153846153,35,32,ENABLE
1785583361.1745417,0.23594262607766758,-0.010989010989014503,-0.9978021978021978,35,32,ENABLE
1785583361.1794927,0.23594262607766758,-0.010989010989014503,-0.9714285714285715,35,32,ENABLE
1785583361.1844926,0.23556115053025017,-0.0329670329670364,-0.9450549450549453,35,32,ENABLE
1785583361.189527,0.23517967498283276,-0.0549450549450583,-0.918681318681319,35,32,ENABLE
1785583361.1945403,0.23479819943541536,-0.0989010989011021,-0.8835164835164839,35,32,ENABLE
1785583361.1994936,0.23403524834058054,-0.1428571428571459,-0.8395604395604401,35,32,ENABLE
1785583361.2044945,0.23327229724574572,-0.1648351648351678,-0.7956043956043963,35,32,ENABLE
1785583361.209491,0.2321278706034935,-0.1868131868131897,-0.7780219780219788,35,32,ENABLE
1785583361.2144911,0.23174639505607608,-0.120879120879124,-0.76923076923077,35,32,ENABLE
1785583361.2195284,0.23174639505607608,-0.0549450549450583,-0.7780219780219788,35,32,ENABLE
1785583361.2244952,0.23174639505607608,-0.010989010989014503,-0.76923076923077,35,32,ENABLE
1785583361.2295225,0.23174639505607608,-0.010989010989014503,-0.76923076923077,35,32,ENABLE
1785583361.234547,0.23174639505607608,0.010989010989014503,-0.7604395604395613,35,32,ENABLE
1785583361.239487,0.23174639505607608,-0.0329670329670364,-0.7604395604395613,35,32,ENABLE
1785583361.2444851,0.23174639505607608,-0.0329670329670364,-0.7428571428571438,35,32,ENABLE
1785583361.2495816,0.23174639505607608,-0.0329670329670364,-0.7428571428571438,35,32,ENABLE
1785583361.2545774,0.23174639505607608,-0.010989010989014503,-0.7428571428571438,35,32,ENABLE
1785583361.2594974,0.23174639505607608,0.0329670329670364,-0.734065934065935,35,32,ENABLE
1785583361.2644954,0.23174639505607608,0.010989010989014503,-0.734065934065935,35,32,ENABLE
1785583361.2695017,0.2321278706034935,-0.010989010989014503,-0.7252747252747263,35,32,ENABLE
1785583361.274494,0.2321278706034935,-0.010989010989014503,-0.7252747252747263,35,32,ENABLE
1785583361.2795365,0.2321278706034935,0.010989010989014503,-0.7252747252747263,35,32,ENABLE
1785583361.284531,0.2321278706034935,0.010989010989014503,-0.734065934065935,35,32,ENABLE
1785583361.2895544,0.2321278706034935,0.010989010989014503,-0.7252747252747263,35,32,ENABLE
1785583361.2945445,0.2321278706034935,-0.010989010989014503,-0.7252747252747263,35,32,ENABLE
1785583361.299493,0.2321278706034935,-0.0329670329670364,-0.7252747252747263,35,32,ENABLE
1785583361.3044913,0.2321278706034935,-0.010989010989014503,-0.7252747252747263,35,32,ENABLE
1785583361.3094916,0.2321278706034935,-0.010989010989014503,-0.734065934065935,35,32,ENABLE
1785583361.3145654,0.2321278706034935,-0.010989010989014503,-0.734065934065935,35,32,ENABLE
1785583361.3195817,0.2321278706034935,-0.010989010989014503,-0.734065934065935,35,32,ENABLE
1785583361.3244948,0.2321278706034935,-0.010989010989014503,-0.7428571428571438,35,32,ENABLE
1785583361.3295658,0.2321278706034935,0.010989010989014503,-0.7516483516483525,35,32,ENABLE
1785583361.334525,0.2325093461509109,-0.010989010989014503,-0.76923076923077,35,32,ENABLE
1785583361.3394961,0.2321278706034935,-0.0329670329670364,-0.76923076923077,35,32,ENABLE
1785583361.3444915,0.2321278706034935,-0.010989010989014503,-0.76923076923077,35,32,ENABLE
1785583361.349544,0.2321278706034935,-0.0549450549450583,-0.7868131868131876,35,32,ENABLE
1785583361.354495,0.2321278706034935,-0.0329670329670364,-0.7956043956043963,35,32,ENABLE
1785583361.3594985,0.2321278706034935,-0.010989010989014503,-0.8043956043956051,35,32,ENABLE
1785583361.3644903,0.2321278706034935,-0.010989010989014503,-0.8219780219780226,35,32,ENABLE
1785583361.369492,0.2321278706034935,-0.010989010989014503,-0.8307692307692314,35,32,ENABLE
1785583361.3745053,0.23174639505607608,-0.0329670329670364,-0.8395604395604401,35,32,ENABLE
1785583361.3794968,0.23174639505607608,-0.010989010989014503,-0.8571428571428577,35,32,ENABLE
1785583361.3844914,0.23174639505607608,-0.0329670329670364,-0.8747252747252752,35,32,ENABLE
1785583361.3895113,0.23174639505607608,-0.010989010989014503,-0.8923076923076927,35,32,ENABLE
1785583361.3944905,0.23136491950865867,-0.0329670329670364,-0.9098901098901102,35,32,ENABLE
1785583361.3995423,0.23136491950865867,-0.010989010989014503,-0.918681318681319,35,32,ENABLE
1785583361.404541,0.23098344396124126,-0.0549450549450583,-0.9274725274725277,35,32,ENABLE
1785583361.4095008,0.23060196841382385,-0.0989010989011021,-0.918681318681319,35,32,ENABLE
1785583361.4144878,0.22945754177157163,-0.1868131868131897,-0.8923076923076927,35,32,ENABLE
1785583361.4195247,0.227931639581902,-0.2747252747252773,-0.8659340659340664,35,32,ENABLE
1785583361.4244924,0.22640573739223235,-0.3186813186813211,-0.8659340659340664,35,32,ENABLE
1785583361.4294908,0.2244983596551453,-0.3626373626373649,-0.8131868131868139,35,32,ENABLE
1785583361.434492,0.22220950637064085,-0.4505494505494525,-0.8131868131868139,35,32,ENABLE
1785583361.4395037,0.2203021286335538,-0.4065934065934087,-0.7780219780219788,35,32,ENABLE
1785583361.4445283,0.21801327534904935,-0.4285714285714306,-0.7780219780219788,35,32,ENABLE
1785583361.4495435,0.2161058976119623,-0.4065934065934087,-0.76923076923077,35,32,ENABLE
1785583361.4545016,0.21381704432745785,-0.4505494505494525,-0.7780219780219788,35,32,ENABLE
1785583361.4594984,0.2119096665903708,-0.4065934065934087,-0.76923076923077,35,32,ENABLE
1785583361.464492,0.20962081330586635,-0.4285714285714306,-0.7868131868131876,35,32,ENABLE
1785583361.4695544,0.2080949111161967,-0.340659340659343,-0.7956043956043963,35,32,ENABLE
1785583361.4744902,0.20618753337910967,-0.3846153846153868,-0.8219780219780226,35,32,ENABLE
1785583361.4795406,0.20504310673685744,-0.3186813186813211,-0.8483516483516489,35,32,ENABLE
1785583361.4845665,0.2035172045471878,-0.3186813186813211,-0.8571428571428577,35,32,ENABLE
1785583361.4894931,0.20199130235751817,-0.3186813186813211,-0.9010989010989015,35,32,ENABLE
1785583361.4944904,0.20084687571526594,-0.2527472527472554,-0.918681318681319,35,32,ENABLE
1785583361.4994943,0.1993209735255963,-0.2747252747252773,-0.918681318681319,35,32,ENABLE
1785583361.5045164,0.19741359578850926,-0.3626373626373649,-0.9450549450549453,35,32,ENABLE
1785583361.5095737,0.19588769359883962,-0.3186813186813211,-0.9362637362637365,35,32,ENABLE
1785583361.5144908,0.19398031586175257,-0.3846153846153868,-0.9450549450549453,35,32,ENABLE
1785583361.5195415,0.19245441367208294,-0.340659340659343,-0.9626373626373628,35,32,ENABLE
1785583361.5245402,0.1905470359349959,-0.3846153846153868,-0.953846153846154,35,32,ENABLE
1785583361.529502,0.18863965819790884,-0.3846153846153868,-0.989010989010989,35,32,ENABLE
1785583361.5344973,0.1871137560082392,-0.340659340659343,-0.9978021978021978,35,32,ENABLE
1785583361.5394895,0.18520637827115216,-0.3626373626373649,-1.0153846153846153,35,32,ENABLE
1785583361.5444927,0.18368047608148252,-0.340659340659343,-1.024175824175824,35,32,ENABLE
1785583361.5495493,0.18139162279697807,-0.4065934065934087,-1.0417582417582416,35,32,ENABLE
1785583361.5544963,0.17986572060730843,-0.340659340659343,-1.0769230769230766,35,32,ENABLE
1785583361.5594914,0.1783398184176388,-0.2967032967032992,-1.103296703296703,35,32,ENABLE
1785583361.5644917,0.17719539177538657,-0.2747252747252773,-1.1560439560439555,35,32,ENABLE
1785583361.5695758,0.17681391622796916,-0.1648351648351678,-1.2263736263736256,35,32,ENABLE
1785583361.5745661,0.17643244068055175,-0.0989010989011021,-1.3054945054945044,35,32,ENABLE
1785583361.5795405,0.17643244068055175,-0.0329670329670364,-1.3758241758241745,35,32,ENABLE
1785583361.5844874,0.17681391622796916,-0.010989010989014503,-1.4461538461538446,35,32,ENABLE
1785583361.589513,0.17681391622796916,-0.010989010989014503,-1.4901098901098884,35,32,ENABLE
1785583361.5945408,0.17681391622796916,-0.010989010989014503,-1.5516483516483532,35,32,ENABLE
1785583361.5994868,0.17681391622796916,0.010989010989014503,-1.6131868131868146,35,32,ENABLE
1785583361.604475,0.17719539177538657,0.0549450549450583,-1.6659340659340671,35,32,ENABLE
1785583361.6094844,0.17757686732280398,0.0549450549450583,-1.7186813186813197,35,32,ENABLE
1785583361.6144936,0.17757686732280398,0.0329670329670364,-1.7714285714285722,35,32,ENABLE
1785583361.6194904,0.1779583428702214,0.0329670329670364,-1.815384615384616,35,32,ENABLE
1785583361.6244915,0.1779583428702214,0.0329670329670364,-1.8593406593406598,35,32,ENABLE
1785583361.6294854,0.1779583428702214,0.010989010989014503,-1.9032967032967036,35,32,ENABLE
1785583361.634556,0.1779583428702214,-0.010989010989014503,-1.9472527472527474,35,32,ENABLE
1785583361.6395018,0.1779583428702214,-0.010989010989014503,-1.9912087912087912,35,32,ENABLE
1785583361.6444929,0.1779583428702214,-0.010989010989014503,-2.035164835164835,35,32,ENABLE
1785583361.6495488,0.1779583428702214,0.010989010989014503,-2.0879120879120876,35,32,ENABLE
1785583361.6545303,0.1779583428702214,-0.010989010989014503,-2.1318681318681314,35,32,ENABLE
1785583361.659505,0.1779583428702214,-0.010989010989014503,-2.184615384615384,35,32,ENABLE
1785583361.6645796,0.17757686732280398,-0.0549450549450583,-2.2285714285714278,35,32,ENABLE
1785583361.669544,0.1779583428702214,0.010989010989014503,-2.2725274725274733,35,32,ENABLE
1785583361.674546,0.1779583428702214,-0.010989010989014503,-2.316483516483517,35,32,ENABLE
1785583361.6794968,0.17757686732280398,-0.0549450549450583,-2.360439560439561,35,32,ENABLE
1785583361.6844988,0.17719539177538657,-0.0769230769230802,-2.395604395604396,35,32,ENABLE
1785583361.6895065,0.17681391622796916,-0.0989010989011021,-2.430769230769231,35,32,ENABLE
1785583361.694519,0.17605096513313434,-0.0989010989011021,-2.4483516483516485,35,32,ENABLE
1785583361.6995552,0.1749065384908821,-0.2307692307692335,-2.4395604395604398,35,32,ENABLE
1785583361.7045429,0.17299916075379507,-0.340659340659343,-2.4483516483516485,35,32,ENABLE
1785583361.7094872,0.17147325856412543,-0.340659340659343,-2.4395604395604398,35,32,ENABLE
1785583361.7144907,0.16918440527962098,-0.4505494505494525,-2.4131868131868135,35,32,ENABLE
1785583361.7194927,0.16689555199511652,-0.4285714285714306,-2.4131868131868135,35,32,ENABLE
1785583361.7244895,0.16422522316319466,-0.5384615384615401,-2.4043956043956047,35,32,ENABLE
1785583361.7294917,0.16117341878385538,-0.6043956043956058,-2.3692307692307697,35,32,ENABLE
1785583361.7345464,0.1581216144045161,-0.6263736263736277,-2.3428571428571434,35,32,ENABLE
1785583361.7394972,0.15430685893034202,-0.6703296703296715,-2.325274725274726,35,32,ENABLE
1785583361.744494,0.15049210345616792,-0.7362637362637372,-2.2989010989010996,35,32,ENABLE
1785583361.749546,0.14629587243457642,-0.8021978021978029,-2.2637362637362646,35,32,ENABLE
1785583361.7546926,0.14209964141298492,-0.8461538461538467,-2.219780219780219,35,32,ENABLE
1785583361.759545,0.137521934843976,-0.8901098901098905,-2.175824175824175,35,32,ENABLE
1785583361.7645087,0.1325627527275497,-0.9560439560439562,-2.1230769230769226,35,32,ENABLE
1785583361.773863,0.12417029068436669,-1.021978021978022,-2.043956043956044,35,32,ENABLE
1785583361.776108,0.1203555352101926,-1.0659340659340657,-2.0175824175824175,35,32,ENABLE
1785583361.7838237,0.11463340199893146,-1.1318681318681314,-1.9384615384615387,35,32,ENABLE
1785583361.788616,0.10509651331349623,-1.219780219780219,-1.8417582417582423,35,32,ENABLE
1785583361.791163,0.10166323338673955,-1.3076923076923066,-1.7978021978021985,35,32,ENABLE
1785583361.7938628,0.09822995345998287,-1.2857142857142847,-1.7626373626373635,35,32,ENABLE
1785583361.799724,0.09060044251163468,-1.3296703296703285,-1.7010989010989022,35,32,ENABLE
1785583361.8039958,0.08487830930037354,-1.3296703296703285,-1.6659340659340671,35,32,ENABLE
1785583361.8087103,0.078774700541695,-1.3076923076923066,-1.6219780219780233,35,32,ENABLE
1785583361.8137398,0.07190814068818163,-1.3736263736263723,-1.5780219780219795,35,32,ENABLE
1785583361.8196743,0.06389715419241604,-1.3956043956043942,-1.4989010989010971,35,32,ENABLE
1785583361.824675,0.057030594338902674,-1.3296703296703285,-1.4461538461538446,35,32,ENABLE
1785583361.8297253,0.05016403448538931,-1.3736263736263723,-1.4021978021978008,35,32,ENABLE
1785583361.8347352,0.04329747463187594,-1.417582417582416,-1.323076923076922,35,32,ENABLE
1785583361.8395512,0.03643091477836258,-1.417582417582416,-1.2527472527472518,35,32,ENABLE
1785583361.844531,0.028801403830014394,-1.46153846153846,-1.173626373626373,35,32,ENABLE
1785583361.8495376,0.02117189288166621,-1.5054945054945037,-1.0945054945054942,35,32,ENABLE
1785583361.8545554,0.013542381933318026,-1.5494505494505475,-1.0153846153846153,35,32,ENABLE
1785583361.8595462,0.005531395437552433,-1.5494505494505475,-0.953846153846154,35,32,ENABLE
1785583361.8645878,-0.0020981155107957505,-1.5494505494505475,-0.8835164835164839,35,32,ENABLE
1785583361.8694856,-0.009346150911726525,-1.5054945054945037,-0.8307692307692314,35,32,ENABLE
1785583361.8745432,-0.01621271076523989,-1.439560439560438,-0.7780219780219788,35,32,ENABLE
1785583361.879551,-0.023460746166170665,-1.439560439560438,-0.7516483516483525,35,32,ENABLE
1785583361.8845627,-0.03032730601968403,-1.3956043956043942,-0.7076923076923087,35,32,ENABLE
1785583361.8895457,-0.03681239032577999,-1.3296703296703285,-0.6813186813186825,35,32,ENABLE
1785583361.8945081,-0.042915999084458534,-1.3076923076923066,-0.6461538461538474,35,32,ENABLE
1785583361.899495,-0.04863813229571967,-1.197802197802197,-0.6373626373626387,35,32,ENABLE
1785583361.904524,-0.05436026550698081,-1.1758241758241752,-0.6197802197802211,35,32,ENABLE
1785583361.9095392,-0.05970092317082454,-1.0879120879120876,-0.6021978021978036,35,32,ENABLE
1785583361.9144952,-0.06466010528725086,-1.0659340659340657,-0.5934065934065949,35,32,ENABLE
1785583361.9194942,-0.06923781185625977,-1.0,-0.5846153846153861,35,32,ENABLE
1785583361.924511,-0.07381551842526868,-0.9120879120879124,-0.6021978021978036,35,32,ENABLE
1785583361.9294913,-0.07763027389944277,-0.8241758241758248,-0.5934065934065949,35,32,ENABLE
1785583361.9344976,-0.08106355382619945,-0.7582417582417591,-0.6109890109890124,35,32,ENABLE
1785583361.9394948,-0.08449683375295614,-0.6923076923076934,-0.6021978021978036,35,32,ENABLE
1785583361.9445007,-0.08793011367971282,-0.6923076923076934,-0.6109890109890124,35,32,ENABLE
1785583361.9495625,-0.09060044251163468,-0.6043956043956058,-0.6373626373626387,35,32,ENABLE
1785583361.9545407,-0.09327077134355655,-0.5384615384615401,-0.6637362637362649,35,32,ENABLE
1785583361.9594948,-0.09479667353322618,-0.4505494505494525,-0.6901098901098912,35,32,ENABLE
1785583361.9644916,-0.09708552681773064,-0.4285714285714306,-0.6989010989011,35,32,ENABLE
1785583361.9695685,-0.09861142900740028,-0.340659340659343,-0.7516483516483525,35,32,ENABLE
1785583361.9745617,-0.0997558556496525,-0.2967032967032992,-0.7516483516483525,35,32,ENABLE
1785583361.9797673,-0.10090028229190473,-0.2527472527472554,-0.7868131868131876,35,32,ENABLE
1785583361.9845092,-0.10204470893415696,-0.2087912087912116,-0.8307692307692314,35,32,ENABLE
1785583361.98957,-0.10204470893415696,-0.120879120879124,-0.8659340659340664,35,32,ENABLE
1785583361.9945488,-0.10242618448157437,-0.0989010989011021,-0.8923076923076927,35,32,ENABLE
1785583361.999497,-0.10242618448157437,-0.010989010989014503,-0.9450549450549453,35,32,ENABLE
1785583362.0045054,-0.10204470893415696,0.0329670329670364,-0.989010989010989,35,32,ENABLE
1785583362.0095317,-0.10166323338673955,0.0769230769230802,-1.0417582417582416,35,32,ENABLE
1785583362.014532,-0.10090028229190473,0.1428571428571459,-1.0857142857142854,35,32,ENABLE
1785583362.0195687,-0.10013733119706991,0.0769230769230802,-1.0857142857142854,35,32,ENABLE
1785583362.0245438,-0.10013733119706991,0.0549450549450583,-1.0945054945054942,35,32,ENABLE
1785583362.0295408,-0.10013733119706991,0.010989010989014503,-1.0857142857142854,35,32,ENABLE
1785583362.0345771,-0.10013733119706991,-0.010989010989014503,-1.0857142857142854,35,32,ENABLE
1785583362.039494,-0.10013733119706991,-0.0329670329670364,-1.0857142857142854,35,32,ENABLE
1785583362.0445504,-0.10013733119706991,-0.010989010989014503,-1.0857142857142854,35,32,ENABLE
1785583362.049518,-0.10013733119706991,-0.0329670329670364,-1.0857142857142854,35,32,ENABLE
1785583362.054491,-0.10051880674448732,-0.0329670329670364,-1.0857142857142854,35,32,ENABLE
1785583362.059538,-0.10013733119706991,-0.0329670329670364,-1.0857142857142854,35,32,ENABLE
1785583362.0644915,-0.10013733119706991,0.010989010989014503,-1.0857142857142854,35,32,ENABLE
1785583362.0695689,-0.10013733119706991,-0.0329670329670364,-1.0857142857142854,35,32,ENABLE
1785583362.074537,-0.10013733119706991,-0.010989010989014503,-1.0945054945054942,35,32,ENABLE
1785583362.0795724,-0.10013733119706991,-0.010989010989014503,-1.0857142857142854,35,32,ENABLE
1785583362.084532,-0.10013733119706991,-0.010989010989014503,-1.0945054945054942,35,32,ENABLE
1785583362.0894926,-0.10013733119706991,-0.010989010989014503,-1.0769230769230766,35,32,ENABLE
1785583362.094489,-0.10013733119706991,-0.010989010989014503,-1.068131868131868,35,32,ENABLE
1785583362.0994902,-0.10013733119706991,0.010989010989014503,-1.068131868131868,35,32,ENABLE
1785583362.1045396,-0.10013733119706991,-0.010989010989014503,-1.068131868131868,35,32,ENABLE
1785583362.109487,-0.10013733119706991,-0.010989010989014503,-1.0505494505494504,35,32,ENABLE
1785583362.1144874,-0.10013733119706991,-0.010989010989014503,-1.0593406593406591,35,32,ENABLE
1785583362.1195297,-0.0997558556496525,-0.010989010989014503,-1.0417582417582416,35,32,ENABLE
1785583362.124569,-0.0997558556496525,0.010989010989014503,-1.0329670329670328,35,32,ENABLE
1785583362.1295025,-0.0997558556496525,0.010989010989014503,-1.0065934065934066,35,32,ENABLE
1785583362.1344957,-0.0997558556496525,-0.0329670329670364,-0.9978021978021978,35,32,ENABLE
1785583362.139489,-0.0997558556496525,-0.010989010989014503,-0.989010989010989,35,32,ENABLE
1785583362.1445112,-0.0997558556496525,-0.010989010989014503,-0.9714285714285715,35,32,ENABLE
1785583362.1495209,-0.0997558556496525,-0.0329670329670364,-0.953846153846154,35,32,ENABLE
1785583362.1544914,-0.0997558556496525,0.010989010989014503,-0.9362637362637365,35,32,ENABLE
1785583362.15953,-0.0997558556496525,0.010989010989014503,-0.918681318681319,35,32,ENABLE
1785583362.164603,-0.0993743801022351,-0.010989010989014503,-0.9098901098901102,35,32,ENABLE
1785583362.1694136,-0.0993743801022351,0.0329670329670364,-0.8923076923076927,35,32,ENABLE
1785583362.174364,-0.09899290455481768,0.0329670329670364,-0.8923076923076927,35,32,ENABLE
1785583362.1794991,-0.09861142900740028,0.0769230769230802,-0.8835164835164839,35,32,ENABLE
1785583362.184545,-0.09708552681773064,0.1868131868131897,-0.9010989010989015,35,32,ENABLE
1785583362.1895788,-0.09594110017547841,0.2087912087912116,-0.918681318681319,35,32,ENABLE
1785583362.1945398,-0.09517814908064359,0.1868131868131897,-0.9010989010989015,35,32,ENABLE
1785583362.1994934,-0.09403372243839137,0.1868131868131897,-0.8923076923076927,35,32,ENABLE
1785583362.204494,-0.09288929579613914,0.2087912087912116,-0.8923076923076927,35,32,ENABLE
1785583362.209579,-0.09174486915388691,0.2087912087912116,-0.8923076923076927,35,32,ENABLE
1785583362.2145402,-0.09098191805905209,0.2307692307692335,-0.8747252747252752,35,32,ENABLE
1785583362.219541,-0.08945601586938245,0.2527472527472554,-0.8659340659340664,35,32,ENABLE
1785583362.2245317,-0.08793011367971282,0.2967032967032992,-0.8923076923076927,35,32,ENABLE
1785583362.2295187,-0.08602273594262577,0.3186813186813211,-0.8923076923076927,35,32,ENABLE
1785583362.234492,-0.08373388265812132,0.4065934065934087,-0.9274725274725277,35,32,ENABLE
1785583362.2394931,-0.08182650492103427,0.4065934065934087,-0.9098901098901102,35,32,ENABLE
1785583362.2444892,-0.07953765163652982,0.4505494505494525,-0.9362637362637365,35,32,ENABLE
1785583362.2495518,-0.07686732280460795,0.4725274725274744,-0.9450549450549453,35,32,ENABLE
1785583362.2545412,-0.0745784695201035,0.4725274725274744,-0.9450549450549453,35,32,ENABLE
1785583362.2594888,-0.07228961623559904,0.4725274725274744,-0.9450549450549453,35,32,ENABLE
1785583362.2644856,-0.06961928740367718,0.4945054945054963,-0.9450549450549453,35,32,ENABLE
1785583362.2695408,-0.06694895857175531,0.5384615384615401,-0.9714285714285715,35,32,ENABLE
1785583362.2746055,-0.06427862973983345,0.4945054945054963,-0.953846153846154,35,32,ENABLE
1785583362.2794971,-0.061608300907911584,0.5384615384615401,-0.9626373626373628,35,32,ENABLE
1785583362.2844896,-0.05855649652857231,0.5824175824175839,-0.989010989010989,35,32,ENABLE
1785583362.2895048,-0.05550469214923304,0.5824175824175839,-0.9978021978021978,35,32,ENABLE
1785583362.2945702,-0.05245288776989376,0.6263736263736277,-0.989010989010989,35,32,ENABLE
1785583362.299497,-0.04940108339055449,0.6043956043956058,-0.9978021978021978,35,32,ENABLE
1785583362.304491,-0.04596780346379781,0.6263736263736277,-1.0065934065934066,35,32,ENABLE
1785583362.3094904,-0.04329747463187594,0.6043956043956058,-0.9978021978021978,35,32,ENABLE
1785583362.3145697,-0.04024567025253667,0.5824175824175839,-0.989010989010989,35,32,ENABLE
1785583362.319504,-0.037193865873197396,0.5824175824175839,-0.989010989010989,35,32,ENABLE
1785583362.3243573,-0.03452353704127553,0.560439560439562,-0.9802197802197803,35,32,ENABLE
1785583362.3296468,-0.03109025711451885,0.5824175824175839,-0.9714285714285715,35,32,ENABLE
1785583362.3345444,-0.028038452735179575,0.6043956043956058,-0.9714285714285715,35,32,ENABLE
1785583362.3395712,-0.024986648355840302,0.5824175824175839,-0.9714285714285715,35,32,ENABLE
1785583362.3444915,-0.02193484397650103,0.6043956043956058,-0.953846153846154,35,32,ENABLE
1785583362.349566,-0.018883039597161755,0.6043956043956058,-0.9274725274725277,35,32,ENABLE
1785583362.3544967,-0.01621271076523989,0.5824175824175839,-0.9274725274725277,35,32,ENABLE
1785583362.359534,-0.013923857480735435,0.5164835164835182,-0.8923076923076927,35,32,ENABLE
1785583362.364492,-0.011253528648813571,0.4945054945054963,-0.8483516483516489,35,32,ENABLE
1785583362.3695338,-0.009346150911726525,0.4285714285714306,-0.8395604395604401,35,32,ENABLE
1785583362.3745363,-0.00705729762722207,0.4725274725274744,-0.7956043956043963,35,32,ENABLE
1785583362.3797388,-0.004768444342717615,0.4065934065934087,-0.7868131868131876,35,32,ENABLE
1785583362.3845358,-0.0020981155107957505,0.5164835164835182,-0.76923076923077,35,32,ENABLE
1785583362.3894951,0.0001907377737087046,0.5164835164835182,-0.7780219780219788,35,32,ENABLE
1785583362.394491,0.002861066605630569,0.4725274725274744,-0.76923076923077,35,32,ENABLE
1785583362.3995264,0.005912870984969842,0.560439560439562,-0.7428571428571438,35,32,ENABLE
1785583362.4044895,0.008201724269474298,0.5164835164835182,-0.7516483516483525,35,32,ENABLE
1785583362.409499,0.010872053101396162,0.5164835164835182,-0.734065934065935,35,32,ENABLE
1785583362.414498,0.013923857480735435,0.5824175824175839,-0.7076923076923087,35,32,ENABLE
1785583362.4195418,0.01697566186007471,0.560439560439562,-0.7252747252747263,35,32,ENABLE
1785583362.4245434,0.019645990691996573,0.5384615384615401,-0.7076923076923087,35,32,ENABLE
1785583362.4294922,0.022697795071335847,0.6043956043956058,-0.6901098901098912,35,32,ENABLE
1785583362.4344985,0.02574959945067512,0.6043956043956058,-0.6901098901098912,35,32,ENABLE
1785583362.43952,0.028801403830014394,0.5824175824175839,-0.7076923076923087,35,32,ENABLE
1785583362.444492,0.032234683756771076,0.6483516483516496,-0.7252747252747263,35,32,ENABLE
1785583362.4495451,0.03604943923094517,0.7142857142857153,-0.7516483516483525,35,32,ENABLE
1785583362.4544911,0.04024567025253667,0.780219780219781,-0.7868131868131876,35,32,ENABLE
1785583362.4595048,0.04482337682154558,0.8021978021978029,-0.8131868131868139,35,32,ENABLE
1785583362.464527,0.04940108339055449,0.8681318681318686,-0.8483516483516489,35,32,ENABLE
1785583362.4695597,0.05436026550698081,0.9120879120879124,-0.8659340659340664,35,32,ENABLE
1785583362.4744883,0.05855649652857231,0.9120879120879124,-0.8747252747252752,35,32,ENABLE
1785583362.479499,0.06313420309758122,0.8901098901098905,-0.8747252747252752,35,32,ENABLE
1785583362.4844935,0.06733043411917272,0.8681318681318686,-0.8747252747252752,35,32,ENABLE
1785583362.4894888,0.07152666514076422,0.8901098901098905,-0.8835164835164839,35,32,ENABLE
1785583362.4944925,0.07610437170977313,0.9120879120879124,-0.9010989010989015,35,32,ENABLE
1785583362.4994934,0.08068207827878204,0.9120879120879124,-0.918681318681319,35,32,ENABLE
1785583362.504581,0.08525978484779095,0.9340659340659343,-0.9450549450549453,35,32,ENABLE
1785583362.5095446,0.09021896696421727,0.9560439560439562,-0.989010989010989,35,32,ENABLE
1785583362.5144908,0.095559624628061,1.0439560439560438,-1.0505494505494504,35,32,ENABLE
1785583362.5194547,0.10166323338673955,1.1538461538461533,-1.103296703296703,35,32,ENABLE
1785583362.5245125,0.1081483176928355,1.219780219780219,-1.173626373626373,35,32,ENABLE
1785583362.5295296,0.11463340199893146,1.2857142857142847,-1.243956043956043,35,32,ENABLE
1785583362.5344908,0.12149996185244483,1.3516483516483504,-1.323076923076922,35,32,ENABLE
1785583362.5394895,0.1287479972533756,1.3736263736263723,-1.4021978021978008,35,32,ENABLE
1785583362.5444942,0.13599603265430638,1.417582417582416,-1.4813186813186796,35,32,ENABLE
1785583362.5495245,0.14324406805523715,1.46153846153846,-1.560439560439562,35,32,ENABLE
1785583362.554543,0.15125505455100274,1.5274725274725256,-1.630769230769232,35,32,ENABLE
1785583362.5594993,0.15888456549935093,1.5274725274725256,-1.6923076923076934,35,32,ENABLE
1785583362.5644813,0.1661326009002817,1.5054945054945037,-1.745054945054946,35,32,ENABLE
1785583362.5695431,0.17376211184862989,1.4835164835164818,-1.7890109890109898,35,32,ENABLE
1785583362.574494,0.18062867170214325,1.439560439560438,-1.8417582417582423,35,32,ENABLE
1785583362.579493,0.18787670710307403,1.417582417582416,-1.8945054945054949,35,32,ENABLE
1785583362.584497,0.1947432669565874,1.3736263736263723,-1.9208791208791212,35,32,ENABLE
1785583362.5895317,0.20160982681010076,1.3296703296703285,-1.9384615384615387,35,32,ENABLE
1785583362.5945268,0.2077134355687793,1.2637362637362628,-1.9472527472527474,35,32,ENABLE
1785583362.599491,0.21343556878004044,1.219780219780219,-1.9384615384615387,35,32,ENABLE
1785583362.6044922,0.21877622644388417,1.0879120879120876,-1.9208791208791212,35,32,ENABLE
1785583362.6095157,0.22335393301289308,0.9780219780219781,-1.9208791208791212,35,32,ENABLE
1785583362.614542,0.227931639581902,0.8901098901098905,-1.8945054945054949,35,32,ENABLE
1785583362.6194904,0.23174639505607608,0.8021978021978029,-1.8857142857142861,35,32,ENABLE
1785583362.6245308,0.23556115053025017,0.7582417582417591,-1.8417582417582423,35,32,ENABLE
1785583362.6294947,0.23899443045700686,0.6703296703296715,-1.8329670329670336,35,32,ENABLE
1785583362.6344957,0.24204623483634613,0.6703296703296715,-1.8241758241758248,35,32,ENABLE
1785583362.6394908,0.2454795147631028,0.6483516483516496,-1.7978021978021985,35,32,ENABLE
1785583362.644491,0.24814984359502468,0.5824175824175839,-1.780219780219781,35,32,ENABLE
1785583362.6495547,0.2504386968795309,0.5164835164835182,-1.7538461538461547,35,32,ENABLE
1785583362.6545055,0.2531090257114528,0.4945054945054963,-1.7362637362637372,35,32,ENABLE
1785583362.659509,0.2550164034485398,0.4065934065934087,-1.6923076923076934,35,32,ENABLE
1785583362.6645668,0.25654230563820946,0.3186813186813211,-1.630769230769232,35,32,ENABLE
1785583362.6695561,0.25692378118562686,0.1868131868131897,-1.5780219780219795,35,32,ENABLE
1785583362.6745822,0.2573052567330443,0.120879120879124,-1.5164835164835182,35,32,ENABLE
1785583362.6795905,0.2576867322804617,0.0549450549450583,-1.4725274725274708,35,32,ENABLE
1785583362.6845446,0.2576867322804617,0.010989010989014503,-1.4021978021978008,35,32,ENABLE
1785583362.6895406,0.2573052567330443,-0.0549450549450583,-1.3406593406593394,35,32,ENABLE
1785583362.694521,0.25692378118562686,-0.0769230769230802,-1.287912087912087,35,32,ENABLE
1785583362.6994917,0.25654230563820946,-0.120879120879124,-1.2527472527472518,35,32,ENABLE
1785583362.7045403,0.25577935454337464,-0.120879120879124,-1.208791208791208,35,32,ENABLE
1785583362.7094913,0.2550164034485398,-0.2087912087912116,-1.1472527472527467,35,32,ENABLE
1785583362.7144918,0.2534905012588702,-0.2307692307692335,-1.0857142857142854,35,32,ENABLE
1785583362.719525,0.25272755016403536,-0.2087912087912116,-1.0593406593406591,35,32,ENABLE
1785583362.724547,0.25158312352178314,-0.2087912087912116,-1.0329670329670328,35,32,ENABLE
1785583362.7295444,0.2504386968795309,-0.2307692307692335,-0.989010989010989,35,32,ENABLE
1785583362.7344918,0.2492942702372769,-0.2527472527472554,-0.9362637362637365,35,32,ENABLE
1785583362.7394907,0.24776836804760727,-0.2967032967032992,-0.9010989010989015,35,32,ENABLE
1785583362.744489,0.24624246585793763,-0.3186813186813211,-0.8483516483516489,35,32,ENABLE
1785583362.7495162,0.244716563668268,-0.3186813186813211,-0.8043956043956051,35,32,ENABLE
1785583362.7545376,0.24280918593118095,-0.3186813186813211,-0.7868131868131876,35,32,ENABLE
1785583362.7595606,0.24166475928892872,-0.2967032967032992,-0.734065934065935,35,32,ENABLE
1785583362.7645593,0.24013885709925908,-0.3186813186813211,-0.7252747252747263,35,32,ENABLE
1785583362.7695458,0.23861295490958945,-0.2967032967032992,-0.7164835164835175,35,32,ENABLE
1785583362.7744975,0.23785000381475463,-0.2527472527472554,-0.6901098901098912,35,32,ENABLE
1785583362.779518,0.236324101625085,-0.2747252747252773,-0.6549450549450562,35,32,ENABLE
1785583362.7845755,0.23479819943541536,-0.2747252747252773,-0.6461538461538474,35,32,ENABLE
1785583362.7894924,0.23365377279316313,-0.2527472527472554,-0.6197802197802211,35,32,ENABLE
1785583362.7945414,0.2321278706034935,-0.2967032967032992,-0.5670329670329686,35,32,ENABLE
1785583362.7994885,0.23060196841382385,-0.340659340659343,-0.5670329670329686,35,32,ENABLE
1785583362.8045416,0.22945754177157163,-0.2747252747252773,-0.549450549450551,35,32,ENABLE
1785583362.80954,0.227931639581902,-0.2967032967032992,-0.5318681318681335,35,32,ENABLE
1785583362.8145397,0.22678721293964976,-0.2307692307692335,-0.5406593406593423,35,32,ENABLE
1785583362.819486,0.22602426184481494,-0.1648351648351678,-0.549450549450551,35,32,ENABLE
1785583362.824543,0.22564278629739754,-0.120879120879124,-0.5582417582417598,35,32,ENABLE
1785583362.8294952,0.22487983520256272,-0.1648351648351678,-0.5406593406593423,35,32,ENABLE
1785583362.8344924,0.2237354085603105,-0.2087912087912116,-0.5406593406593423,35,32,ENABLE
1785583362.839492,0.22297245746547567,-0.1868131868131897,-0.5582417582417598,35,32,ENABLE
1785583362.844519,0.22297245746547567,-0.0549450549450583,-0.5934065934065949,35,32,ENABLE
1785583362.8495774,0.22335393301289308,-0.010989010989014503,-0.6285714285714299,35,32,ENABLE
1785583362.854538,0.22335393301289308,-0.010989010989014503,-0.6373626373626387,35,32,ENABLE
1785583362.8594892,0.22335393301289308,-0.010989010989014503,-0.6637362637362649,35,32,ENABLE
1785583362.8645153,0.22297245746547567,-0.0329670329670364,-0.6813186813186825,35,32,ENABLE
1785583362.8695421,0.22335393301289308,-0.010989010989014503,-0.6901098901098912,35,32,ENABLE
1785583362.8745403,0.22297245746547567,-0.010989010989014503,-0.7076923076923087,35,32,ENABLE
1785583362.8794942,0.22297245746547567,-0.0329670329670364,-0.7252747252747263,35,32,ENABLE
1785583362.8845253,0.22297245746547567,-0.010989010989014503,-0.7428571428571438,35,32,ENABLE
1785583362.8895075,0.22297245746547567,-0.0329670329670364,-0.7516483516483525,35,32,ENABLE
1785583362.8945277,0.22259098191805826,-0.0769230769230802,-0.7516483516483525,35,32,ENABLE
1785583362.899493,0.22182803082322344,-0.120879120879124,-0.7428571428571438,35,32,ENABLE
1785583362.904552,0.22106507972838862,-0.1648351648351678,-0.7252747252747263,35,32,ENABLE
1785583362.9095004,0.219539177538719,-0.2527472527472554,-0.7164835164835175,35,32,ENABLE
1785583362.9145408,0.21801327534904935,-0.2967032967032992,-0.7164835164835175,35,32,ENABLE
1785583362.919542,0.21686884870679712,-0.2747252747252773,-0.6901098901098912,35,32,ENABLE
1785583362.9244924,0.21496147096971008,-0.340659340659343,-0.6725274725274737,35,32,ENABLE
1785583362.9295237,0.21343556878004044,-0.3186813186813211,-0.6901098901098912,35,32,ENABLE
1785583362.9344985,0.2122911421377882,-0.2967032967032992,-0.6901098901098912,35,32,ENABLE
1785583362.9394906,0.21038376440070117,-0.340659340659343,-0.6989010989011,35,32,ENABLE
1785583362.9444973,0.20885786221103153,-0.3186813186813211,-0.7076923076923087,35,32,ENABLE
1785583362.949625,0.20695048447394448,-0.3846153846153868,-0.6901098901098912,35,32,ENABLE
1785583362.954565,0.20504310673685744,-0.4065934065934087,-0.6989010989011,35,32,ENABLE
1785583362.9595468,0.2031357289997704,-0.4065934065934087,-0.6813186813186825,35,32,ENABLE
1785583362.9644988,0.20084687571526594,-0.4285714285714306,-0.6901098901098912,35,32,ENABLE
1785583362.9695182,0.1989394979781789,-0.4505494505494525,-0.6901098901098912,35,32,ENABLE
1785583362.9745414,0.19703212024109185,-0.3846153846153868,-0.7076923076923087,35,32,ENABLE
1785583362.9795427,0.1951247425040048,-0.3846153846153868,-0.7164835164835175,35,32,ENABLE
1785583362.9844925,0.19321736476691775,-0.3846153846153868,-0.7516483516483525,35,32,ENABLE
1785583362.989543,0.19207293812466553,-0.2967032967032992,-0.76923076923077,35,32,ENABLE
1785583362.9945416,0.18978408484016107,-0.4065934065934087,-0.7868131868131876,35,32,ENABLE
1785583362.9994917,0.18825818265049143,-0.340659340659343,-0.8131868131868139,35,32,ENABLE
1785583363.0045083,0.1863508049134044,-0.3626373626373649,-0.8131868131868139,35,32,ENABLE
1785583363.0094905,0.18444342717631734,-0.4065934065934087,-0.8395604395604401,35,32,ENABLE
1785583363.01459,0.1829175249866477,-0.3626373626373649,-0.8307692307692314,35,32,ENABLE
1785583363.019553,0.18062867170214325,-0.4285714285714306,-0.8571428571428577,35,32,ENABLE
1785583363.0245023,0.17910276951247361,-0.3846153846153868,-0.8747252747252752,35,32,ENABLE
1785583363.0295265,0.17719539177538657,-0.3626373626373649,-0.9098901098901102,35,32,ENABLE
1785583363.034593,0.17605096513313434,-0.2967032967032992,-0.9626373626373628,35,32,ENABLE
1785583363.0395849,0.1745250629434647,-0.2747252747252773,-0.989010989010989,35,32,ENABLE
1785583363.044497,0.17299916075379507,-0.2967032967032992,-1.0329670329670328,35,32,ENABLE
1785583363.0495205,0.17223620965896025,-0.1868131868131897,-1.103296703296703,35,32,ENABLE
1785583363.0545394,0.17147325856412543,-0.1648351648351678,-1.138461538461538,35,32,ENABLE
1785583363.0595403,0.1703288319218732,-0.2527472527472554,-1.1560439560439555,35,32,ENABLE
1785583363.0645425,0.16880292973220357,-0.2747252747252773,-1.1912087912087905,35,32,ENABLE
1785583363.0694919,0.16842145418478616,-0.1648351648351678,-1.2703296703296694,35,32,ENABLE
1785583363.0744867,0.16842145418478616,-0.0769230769230802,-1.3406593406593394,35,32,ENABLE
1785583363.079492,0.16803997863736875,-0.0329670329670364,-1.393406593406592,35,32,ENABLE
1785583363.0844896,0.16765850308995134,-0.0769230769230802,-1.4549450549450533,35,32,ENABLE
1785583363.0894892,0.16803997863736875,0.0329670329670364,-1.5516483516483532,35,32,ENABLE
1785583363.0944896,0.16880292973220357,0.0989010989011021,-1.6395604395604408,35,32,ENABLE
1785583363.099523,0.16956588082703838,0.0989010989011021,-1.7010989010989022,35,32,ENABLE
1785583363.10458,0.1703288319218732,0.120879120879124,-1.7538461538461547,35,32,ENABLE
1785583363.1095386,0.1703288319218732,0.0549450549450583,-1.8241758241758248,35,32,ENABLE
1785583363.1145494,0.17109178301670802,0.0769230769230802,-1.8857142857142861,35,32,ENABLE
1785583363.119524,0.17147325856412543,0.0769230769230802,-1.9472527472527474,35,32,ENABLE
1785583363.1245303,0.17185473411154284,0.0549450549450583,-2.0087912087912088,35,32,ENABLE
1785583363.1294897,0.17261768520637766,0.1428571428571459,-2.0879120879120876,35,32,ENABLE
1785583363.134491,0.17376211184862989,0.2087912087912116,-2.184615384615384,35,32,ENABLE
1785583363.139492,0.1749065384908821,0.1868131868131897,-2.2373626373626365,35,32,ENABLE
1785583363.1445396,0.17566948958571693,0.1428571428571459,-2.2989010989010996,35,32,ENABLE
1785583363.149555,0.17605096513313434,0.0989010989011021,-2.351648351648352,35,32,ENABLE
1785583363.1544907,0.17681391622796916,0.120879120879124,-2.430769230769231,35,32,ENABLE
1785583363.159508,0.1779583428702214,0.1648351648351678,-2.4923076923076923,35,32,ENABLE
1785583363.16457,0.1787212939650562,0.1648351648351678,-2.536263736263736,35,32,ENABLE
1785583363.1695433,0.1787212939650562,0.0329670329670364,-2.58021978021978,35,32,ENABLE
1785583363.1745408,0.1787212939650562,-0.010989010989014503,-2.615384615384615,35,32,ENABLE
1785583363.1795359,0.1783398184176388,-0.0329670329670364,-2.6417582417582413,35,32,ENABLE
1785583363.1845427,0.1779583428702214,-0.0769230769230802,-2.685714285714285,35,32,ENABLE
1785583363.1895514,0.1779583428702214,-0.0549450549450583,-2.7120879120879113,35,32,ENABLE
1785583363.1944902,0.17719539177538657,-0.0989010989011021,-2.72087912087912,35,32,ENABLE
1785583363.1994896,0.17643244068055175,-0.1648351648351678,-2.7472527472527464,35,32,ENABLE
1785583363.2045262,0.1745250629434647,-0.2747252747252773,-2.729670329670329,35,32,ENABLE
1785583363.2094922,0.17185473411154284,-0.4505494505494525,-2.694505494505494,35,32,ENABLE
1785583363.2144907,0.16880292973220357,-0.5824175824175839,-2.65054945054945,35,32,ENABLE
1785583363.2194872,0.16536964980544688,-0.6703296703296715,-2.5978021978021975,35,32,ENABLE
1785583363.2245636,0.1615548943312728,-0.7362637362637372,-2.5626373626373624,35,32,ENABLE
1785583363.2295303,0.1573586633096813,-0.8241758241758248,-2.501098901098901,35,32,ENABLE
1785583363.2345455,0.15278095674067238,-0.8901098901098905,-2.465934065934066,35,32,ENABLE
1785583363.2395403,0.14782177462424606,-0.9560439560439562,-2.4131868131868135,35,32,ENABLE
1785583363.2445683,0.14248111696040233,-1.021978021978022,-2.360439560439561,35,32,ENABLE
1785583363.2495518,0.1371404592965586,-1.1098901098901095,-2.2989010989010996,35,32,ENABLE
1785583363.2544918,0.13103685053788006,-1.1758241758241752,-2.2373626373626365,35,32,ENABLE
1785583363.2594898,0.12493324177920151,-1.219780219780219,-2.175824175824175,35,32,ENABLE
1785583363.264516,0.11844815747310555,-1.3076923076923066,-2.0967032967032964,35,32,ENABLE
1785583363.2695425,0.11158159761959219,-1.3296703296703285,-2.0263736263736263,35,32,ENABLE
1785583363.2745411,0.10433356221866141,-1.417582417582416,-1.9384615384615387,35,32,ENABLE
1785583363.2794926,0.09670405127031323,-1.5494505494505475,-1.8417582417582423,35,32,ENABLE
1785583363.2844841,0.08831158922713023,-1.6153846153846132,-1.7362637362637372,35,32,ENABLE
1785583363.2894883,0.08030060273136463,-1.637362637362635,-1.6483516483516496,35,32,ENABLE
1785583363.294519,0.07190814068818163,-1.659340659340657,-1.5692307692307708,35,32,ENABLE
1785583363.2994897,0.06389715419241604,-1.681318681318679,-1.4989010989010971,35,32,ENABLE
1785583363.304486,0.05512321660181563,-1.7032967032967008,-1.4021978021978008,35,32,ENABLE
1785583363.3095188,0.04596780346379781,-1.7912087912087884,-1.2967032967032956,35,32,ENABLE
1785583363.3144872,0.03681239032577999,-1.8131868131868103,-1.173626373626373,35,32,ENABLE
1785583363.3194892,0.027275501640344757,-1.901098901098898,-1.0769230769230766,35,32,ENABLE
1785583363.3244848,0.017738612954909527,-1.901098901098898,-0.9802197802197803,35,32,ENABLE
1785583363.3295214,0.008201724269474298,-1.901098901098898,-0.8923076923076927,35,32,ENABLE
1785583363.3345168,-0.0013351644159609322,-1.9230769230769198,-0.7956043956043963,35,32,ENABLE
1785583363.3395648,-0.010872053101396162,-1.901098901098898,-0.6989010989011,35,32,ENABLE
1785583363.3445652,-0.020027466239413982,-1.857142857142854,-0.6285714285714299,35,32,ENABLE
1785583363.3496397,-0.028801403830014394,-1.7912087912087884,-0.5670329670329686,35,32,ENABLE
1785583363.3545783,-0.037575341420614805,-1.7472527472527446,-0.5230769230769248,35,32,ENABLE
1785583363.3596215,-0.04596780346379781,-1.681318681318679,-0.4791208791208774,35,32,ENABLE
1785583363.3645594,-0.05321583886472858,-1.5714285714285694,-0.4439560439560424,35,32,ENABLE
1785583363.369692,-0.060845349813076766,-1.5054945054945037,-0.3999999999999986,35,32,ENABLE
1785583363.374842,-0.06809338521400754,-1.46153846153846,-0.3736263736263723,35,32,ENABLE
1785583363.3794773,-0.0745784695201035,-1.3736263736263723,-0.36483516483516354,35,32,ENABLE
1785583363.3843226,-0.08068207827878204,-1.3076923076923066,-0.347252747252746,35,32,ENABLE
1785583363.3893828,-0.08640421149004318,-1.219780219780219,-0.32087912087911974,35,32,ENABLE
1785583363.394486,-0.09212634470130432,-1.1318681318681314,-0.32087912087911974,35,32,ENABLE
1785583363.399416,-0.09670405127031323,-1.0439560439560438,-0.32087912087911974,35,32,ENABLE
1785583363.4044063,-0.10128175783932214,-0.9340659340659343,-0.3296703296703285,35,32,ENABLE
1785583363.4094849,-0.10547798886091364,-0.8241758241758248,-0.33846153846153726,35,32,ENABLE
1785583363.4145098,-0.10891126878767032,-0.7582417582417591,-0.347252747252746,35,32,ENABLE
1785583363.4194214,-0.112344548714427,-0.7142857142857153,-0.3736263736263723,35,32,ENABLE
1785583363.4244041,-0.11539635309376628,-0.6703296703296715,-0.3912087912087898,35,32,ENABLE
1785583363.4294114,-0.11844815747310555,-0.6263736263736277,-0.3912087912087898,35,32,ENABLE
1785583363.4344072,-0.11997405966277519,-0.4285714285714306,-0.4615384615384599,35,32,ENABLE
1785583363.4394145,-0.12111848630502742,-0.2747252747252773,-0.5054945054945073,35,32,ENABLE
1785583363.4444125,-0.12188143739986224,-0.2087912087912116,-0.5582417582417598,35,32,ENABLE
1785583363.449415,-0.12226291294727964,-0.0989010989011021,-0.6373626373626387,35,32,ENABLE
1785583363.454412,-0.12149996185244483,0.0549450549450583,-0.6989010989011,35,32,ENABLE
1785583363.4594095,-0.12149996185244483,0.0549450549450583,-0.7428571428571438,35,32,ENABLE
1785583363.4644125,-0.12111848630502742,0.0549450549450583,-0.7780219780219788,35,32,ENABLE
1785583363.4694118,-0.12073701075761001,0.0549450549450583,-0.8043956043956051,35,32,ENABLE
1785583363.4743915,-0.1203555352101926,0.0329670329670364,-0.8043956043956051,35,32,ENABLE
1785583363.4794192,-0.1203555352101926,0.010989010989014503,-0.8131868131868139,35,32,ENABLE
1785583363.4844189,-0.1203555352101926,0.0329670329670364,-0.8395604395604401,35,32,ENABLE
1785583363.489412,-0.11921110856794037,0.1428571428571459,-0.8923076923076927,35,32,ENABLE
1785583363.4943862,-0.11768520637827073,0.2747252747252773,-0.9450549450549453,35,32,ENABLE
1785583363.499406,-0.11654077973601851,0.2527472527472554,-0.9626373626373628,35,32,ENABLE
1785583363.5044105,-0.1161593041886011,0.0989010989011021,-0.9450549450549453,35,32,ENABLE
1785583363.509413,-0.1161593041886011,0.0329670329670364,-0.918681318681319,35,32,ENABLE
1785583363.5145378,-0.1161593041886011,-0.010989010989014503,-0.9010989010989015,35,32,ENABLE
1785583363.5195312,-0.1161593041886011,-0.010989010989014503,-0.8835164835164839,35,32,ENABLE
1785583363.5244043,-0.1161593041886011,-0.010989010989014503,-0.8659340659340664,35,32,ENABLE
1785583363.5294101,-0.1161593041886011,-0.010989010989014503,-0.8659340659340664,35,32,ENABLE
1785583363.534386,-0.11577782864118369,0.010989010989014503,-0.8835164835164839,35,32,ENABLE
1785583363.5393906,-0.11539635309376628,0.0769230769230802,-0.8923076923076927,35,32,ENABLE
1785583363.5443912,-0.11463340199893146,0.1428571428571459,-0.9274725274725277,35,32,ENABLE
1785583363.5494013,-0.11272602426184442,0.2527472527472554,-0.9714285714285715,35,32,ENABLE
1785583363.5544062,-0.11158159761959219,0.2307692307692335,-0.989010989010989,35,32,ENABLE
1785583363.5594082,-0.10967421988250514,0.3186813186813211,-1.0329670329670328,35,32,ENABLE
1785583363.564384,-0.1081483176928355,0.3186813186813211,-1.0417582417582416,35,32,ENABLE
1785583363.5693922,-0.10700389105058328,0.2527472527472554,-1.024175824175824,35,32,ENABLE
1785583363.5744042,-0.10585946440833105,0.2527472527472554,-1.024175824175824,35,32,ENABLE
1785583363.5794148,-0.10471503776607882,0.2087912087912116,-1.0153846153846153,35,32,ENABLE
1785583363.5845358,-0.103952086671244,0.1648351648351678,-0.989010989010989,35,32,ENABLE
1785583363.5895545,-0.10318913557640919,0.1428571428571459,-0.9714285714285715,35,32,ENABLE
1785583363.5944107,-0.10242618448157437,0.120879120879124,-0.9450549450549453,35,32,ENABLE
1785583363.5994046,-0.10166323338673955,0.1428571428571459,-0.9450549450549453,35,32,ENABLE
1785583363.6044009,-0.10051880674448732,0.2087912087912116,-0.9450549450549453,35,32,ENABLE
1785583363.6093676,-0.0997558556496525,0.1868131868131897,-0.918681318681319,35,32,ENABLE
1785583363.6144128,-0.09899290455481768,0.1428571428571459,-0.8923076923076927,35,32,ENABLE
1785583363.6193914,-0.09822995345998287,0.120879120879124,-0.8747252747252752,35,32,ENABLE
1785583363.624388,-0.09708552681773064,0.1868131868131897,-0.8835164835164839,35,32,ENABLE
1785583363.6293788,-0.09594110017547841,0.2307692307692335,-0.8835164835164839,35,32,ENABLE
1785583363.6344123,-0.09479667353322618,0.2087912087912116,-0.8659340659340664,35,32,ENABLE
1785583363.6393905,-0.09365224689097396,0.2527472527472554,-0.8571428571428577,35,32,ENABLE
1785583363.644382,-0.09212634470130432,0.2527472527472554,-0.8659340659340664,35,32,ENABLE
1785583363.6494122,-0.09098191805905209,0.2307692307692335,-0.8395604395604401,35,32,ENABLE
1785583363.6544135,-0.08945601586938245,0.2527472527472554,-0.8219780219780226,35,32,ENABLE
1785583363.6594224,-0.08831158922713023,0.2747252747252773,-0.8219780219780226,35,32,ENABLE
1785583363.6644087,-0.08678568703746059,0.2527472527472554,-0.7956043956043963,35,32,ENABLE
1785583363.6693933,-0.08487830930037354,0.340659340659343,-0.8131868131868139,35,32,ENABLE
1785583363.6743913,-0.0829709315632865,0.3626373626373649,-0.8219780219780226,35,32,ENABLE
1785583363.6794121,-0.08068207827878204,0.4065934065934087,-0.8219780219780226,35,32,ENABLE
1785583363.6843903,-0.07839322499427759,0.4725274725274744,-0.8483516483516489,35,32,ENABLE
1785583363.6893904,-0.07572289616235572,0.5164835164835182,-0.8659340659340664,35,32,ENABLE
1785583363.6943643,-0.07267109178301645,0.5384615384615401,-0.8747252747252752,35,32,ENABLE
1785583363.6994107,-0.06961928740367718,0.560439560439562,-0.8747252747252752,35,32,ENABLE
1785583363.704535,-0.0665674830243379,0.6043956043956058,-0.918681318681319,35,32,ENABLE
1785583363.7095652,-0.06313420309758122,0.6483516483516496,-0.9274725274725277,35,32,ENABLE
1785583363.7144096,-0.05931944762340713,0.7142857142857153,-0.9450549450549453,35,32,ENABLE
1785583363.719409,-0.055886167696650446,0.7362637362637372,-0.9626373626373628,35,32,ENABLE
1785583363.7245953,-0.051689936675058945,0.7582417582417591,-0.9802197802197803,35,32,ENABLE
1785583363.7294095,-0.04825665674830226,0.7362637362637372,-0.989010989010989,35,32,ENABLE
1785583363.7344153,-0.04444190127412817,0.7582417582417591,-0.989010989010989,35,32,ENABLE
1785583363.7395122,-0.04062714579995408,0.7362637362637372,-0.989010989010989,35,32,ENABLE
1785583363.7444036,-0.037575341420614805,0.6483516483516496,-0.9714285714285715,35,32,ENABLE
1785583363.7494102,-0.03414206149385812,0.6703296703296715,-0.9714285714285715,35,32,ENABLE
1785583363.754406,-0.03109025711451885,0.6483516483516496,-0.9274725274725277,35,32,ENABLE
1785583363.7594087,-0.027656977187762166,0.6483516483516496,-0.9098901098901102,35,32,ENABLE
1785583363.764406,-0.024605172808422893,0.6483516483516496,-0.918681318681319,35,32,ENABLE
1785583363.769385,-0.02155336842908362,0.6263736263736277,-0.9098901098901102,35,32,ENABLE
1785583363.774405,-0.017738612954909527,0.6923076923076934,-0.9098901098901102,35,32,ENABLE
1785583363.7794142,-0.014686808575570254,0.6483516483516496,-0.8835164835164839,35,32,ENABLE
1785583363.784416,-0.01163500419623098,0.6263736263736277,-0.8659340659340664,35,32,ENABLE
1785583363.7894084,-0.008583199816891707,0.5824175824175839,-0.8659340659340664,35,32,ENABLE
1785583363.7945387,-0.005531395437552433,0.5824175824175839,-0.8395604395604401,35,32,ENABLE
1785583363.7995317,-0.0020981155107957505,0.6483516483516496,-0.8219780219780226,35,32,ENABLE
1785583363.8044841,0.0001907377737087046,0.5384615384615401,-0.8043956043956051,35,32,ENABLE
1785583363.8094063,0.003242542153047978,0.560439560439562,-0.7956043956043963,35,32,ENABLE
1785583363.8144062,0.006294346532387252,0.5824175824175839,-0.7516483516483525,35,32,ENABLE
1785583363.8194067,0.009346150911726525,0.5824175824175839,-0.7428571428571438,35,32,ENABLE
1785583363.8244045,0.012397955291065799,0.560439560439562,-0.7428571428571438,35,32,ENABLE
1785583363.829413,0.015449759670405072,0.5824175824175839,-0.7076923076923087,35,32,ENABLE
1785583363.8344007,0.018120088502326936,0.5824175824175839,-0.6989010989011,35,32,ENABLE
1785583363.8394,0.02155336842908362,0.6483516483516496,-0.6989010989011,35,32,ENABLE
1785583363.8444011,0.024605172808422893,0.6043956043956058,-0.7076923076923087,35,32,ENABLE
1785583363.8493996,0.028038452735179575,0.6043956043956058,-0.6901098901098912,35,32,ENABLE
1785583363.854389,0.03147173266193626,0.6923076923076934,-0.7076923076923087,35,32,ENABLE
1785583363.859384,0.03604943923094517,0.8241758241758248,-0.7604395604395613,35,32,ENABLE
1785583363.8644018,0.04100862134737149,0.9120879120879124,-0.8131868131868139,35,32,ENABLE
1785583363.869403,0.04596780346379781,0.9340659340659343,-0.8219780219780226,35,32,ENABLE
1785583363.8743982,0.05054551003280672,0.9120879120879124,-0.8395604395604401,35,32,ENABLE
1785583363.8794005,0.05512321660181563,0.9340659340659343,-0.8483516483516489,35,32,ENABLE
1785583363.8844037,0.060463874265659356,1.0,-0.8835164835164839,35,32,ENABLE
1785583363.8893838,0.06542305638208568,1.0,-0.9010989010989015,35,32,ENABLE
1785583363.8945296,0.070382238498512,0.9780219780219781,-0.8923076923076927,35,32,ENABLE
1785583363.8995342,0.0749599450675209,0.8681318681318686,-0.8923076923076927,35,32,ENABLE
1785583363.9044898,0.07839322499427759,0.8021978021978029,-0.8659340659340664,35,32,ENABLE
1785583363.9094088,0.08220798046845168,0.7582417582417591,-0.8747252747252752,35,32,ENABLE
1785583363.9144034,0.08678568703746059,0.8241758241758248,-0.8835164835164839,35,32,ENABLE
1785583363.919405,0.09212634470130432,0.9780219780219781,-0.9362637362637365,35,32,ENABLE
1785583363.9243991,0.09784847791256546,1.0659340659340657,-0.9978021978021978,35,32,ENABLE
1785583363.9294076,0.103952086671244,1.197802197802197,-1.0593406593406591,35,32,ENABLE
1785583363.934411,0.11081864652475737,1.2637362637362628,-1.138461538461538,35,32,ENABLE
1785583363.9393837,0.11806668192568814,1.3516483516483504,-1.2175824175824168,35,32,ENABLE
1785583363.9443827,0.12531471732661892,1.417582417582416,-1.3054945054945044,35,32,ENABLE
1785583363.9494076,0.1325627527275497,1.439560439560438,-1.3846153846153832,35,32,ENABLE
1785583363.9544053,0.13981078812848047,1.439560439560438,-1.4461538461538446,35,32,ENABLE
1785583363.9593863,0.14744029907682865,1.46153846153846,-1.5164835164835182,35,32,ENABLE
1785583363.9644017,0.15506981002517684,1.5274725274725256,-1.5780219780219795,35,32,ENABLE
1785583363.9694045,0.16308079652094243,1.5494505494505475,-1.6395604395604408,35,32,ENABLE
1785583363.974407,0.17109178301670802,1.5714285714285694,-1.709890109890111,35,32,ENABLE
1785583363.9793859,0.1787212939650562,1.5274725274725256,-1.780219780219781,35,32,ENABLE
1785583363.9843872,0.1867322804608218,1.5494505494505475,-1.8593406593406598,35,32,ENABLE
1785583363.98939,0.19436179140916998,1.5054945054945037,-1.9032967032967036,35,32,ENABLE
1785583363.9944057,0.20199130235751817,1.5054945054945037,-1.9384615384615387,35,32,ENABLE
1785583363.999582,0.20923933775844894,1.46153846153846,-1.964835164835165,35,32,ENABLE
1785583364.0044112,0.2157244220645449,1.3736263736263723,-1.9824175824175825,35,32,ENABLE
1785583364.0094001,0.22259098191805826,1.3516483516483504,-2.0263736263736263,35,32,ENABLE
1785583364.0143595,0.22907606622415422,1.3296703296703285,-2.043956043956044,35,32,ENABLE
1785583364.0194054,0.23479819943541536,1.1758241758241752,-2.0527472527472526,35,32,ENABLE
1785583364.024404,0.2405203326466765,1.1318681318681314,-2.0527472527472526,35,32,ENABLE
1785583364.0293994,0.2454795147631028,1.0439560439560438,-2.0175824175824175,35,32,ENABLE
1785583364.0344055,0.24967574578469431,0.9120879120879124,-2.0,35,32,ENABLE
1785583364.0394049,0.2531090257114528,0.7582417582417591,-1.92967032967033,35,32,ENABLE
1785583364.0444047,0.25577935454337464,0.6043956043956058,-1.8593406593406598,35,32,ENABLE
1785583364.0494008,0.2580682078278791,0.4725274725274744,-1.815384615384616,35,32,ENABLE
1785583364.0544114,0.25959411001754873,0.3626373626373649,-1.7186813186813197,35,32,ENABLE
1785583364.0594084,0.26112001220721837,0.340659340659343,-1.6923076923076934,35,32,ENABLE
1785583364.0643883,0.262645914396888,0.2747252747252773,-1.6483516483516496,35,32,ENABLE
1785583364.0694022,0.2634088654917228,0.1648351648351678,-1.595604395604397,35,32,ENABLE
1785583364.0744097,0.26417181658655764,0.1648351648351678,-1.560439560439562,35,32,ENABLE
1785583364.0794084,0.26455329213397505,0.0989010989011021,-1.5076923076923094,35,32,ENABLE
1785583364.0844228,0.26455329213397505,0.010989010989014503,-1.4461538461538446,35,32,ENABLE
1785583364.0894053,0.26417181658655764,-0.0329670329670364,-1.3846153846153832,35,32,ENABLE
1785583364.0944083,0.26379034103914023,-0.0769230769230802,-1.3318681318681307,35,32,ENABLE
1785583364.099406,0.2630273899443054,-0.120879120879124,-1.2703296703296694,35,32,ENABLE
1785583364.1043868,0.2618829633020532,-0.1868131868131897,-1.1999999999999993,35,32,ENABLE
1785583364.1093924,0.26112001220721837,-0.2087912087912116,-1.1560439560439555,35,32,ENABLE
1785583364.1144052,0.25997558556496614,-0.2087912087912116,-1.1296703296703292,35,32,ENABLE
1785583364.1194115,0.2588311589227139,-0.2527472527472554,-1.0505494505494504,35,32,ENABLE
1785583364.124419,0.25654230563820946,-0.3626373626373649,-0.989010989010989,35,32,ENABLE
1785583364.1294038,0.2546349279011224,-0.3846153846153868,-0.9450549450549453,35,32,ENABLE
1785583364.1343954,0.25234607461661795,-0.4285714285714306,-0.8571428571428577,35,32,ENABLE
1785583364.1395755,0.24967574578469431,-0.5164835164835182,-0.7956043956043963,35,32,ENABLE
1785583364.1445403,0.24738689250018986,-0.4725274725274744,-0.7516483516483525,35,32,ENABLE
1785583364.149408,0.2454795147631028,-0.4505494505494525,-0.7076923076923087,35,32,ENABLE
1785583364.1543965,0.24280918593118095,-0.4725274725274744,-0.6725274725274737,35,32,ENABLE
1785583364.159418,0.2409018081940939,-0.4285714285714306,-0.6285714285714299,35,32,ENABLE
1785583364.1644053,0.23861295490958945,-0.4505494505494525,-0.6109890109890124,35,32,ENABLE
1785583364.169409,0.2367055771725024,-0.4065934065934087,-0.5670329670329686,35,32,ENABLE
1785583364.1744082,0.23441672388799795,-0.4285714285714306,-0.5582417582417598,35,32,ENABLE
1785583364.1794026,0.2325093461509109,-0.4285714285714306,-0.5054945054945073,35,32,ENABLE
1785583364.1844158,0.23022049286640645,-0.4285714285714306,-0.5054945054945073,35,32,ENABLE
1785583364.1894054,0.2286945906767368,-0.3846153846153868,-0.4879120879120862,35,32,ENABLE
1785583364.1943896,0.22678721293964976,-0.4065934065934087,-0.4791208791208774,35,32,ENABLE
1785583364.1993961,0.22526131074998013,-0.340659340659343,-0.45274725274725114,35,32,ENABLE
1785583364.2044036,0.22297245746547567,-0.4285714285714306,-0.4351648351648336,35,32,ENABLE
1785583364.2094064,0.22144655527580603,-0.3626373626373649,-0.42637362637362486,35,32,ENABLE
1785583364.2143874,0.219539177538719,-0.3846153846153868,-0.40879120879120734,35,32,ENABLE
1785583364.219403,0.21801327534904935,-0.340659340659343,-0.40879120879120734,35,32,ENABLE
1785583364.2244093,0.21648737315937971,-0.2967032967032992,-0.40879120879120734,35,32,ENABLE
1785583364.229403,0.21496147096971008,-0.3186813186813211,-0.40879120879120734,35,32,ENABLE
1785583364.234412,0.21419851987487526,-0.2307692307692335,-0.4439560439560424,35,32,ENABLE
1785583364.239407,0.21419851987487526,-0.0769230769230802,-0.5054945054945073,35,32,ENABLE
1785583364.2443876,0.21419851987487526,-0.0329670329670364,-0.5406593406593423,35,32,ENABLE
1785583364.2494102,0.21419851987487526,-0.0549450549450583,-0.5670329670329686,35,32,ENABLE
1785583364.2544093,0.21381704432745785,-0.0549450549450583,-0.5846153846153861,35,32,ENABLE
1785583364.2594025,0.21343556878004044,-0.0769230769230802,-0.5934065934065949,35,32,ENABLE
1785583364.264403,0.2122911421377882,-0.1428571428571459,-0.5758241758241773,35,32,ENABLE
1785583364.2694044,0.21114671549553599,-0.2307692307692335,-0.5758241758241773,35,32,ENABLE
1785583364.2743866,0.21000228885328376,-0.1868131868131897,-0.5846153846153861,35,32,ENABLE
1785583364.279385,0.20962081330586635,-0.1428571428571459,-0.6109890109890124,35,32,ENABLE
1785583364.2843869,0.20923933775844894,-0.0989010989011021,-0.6373626373626387,35,32,ENABLE
1785583364.2894063,0.20847638666361412,-0.120879120879124,-0.6461538461538474,35,32,ENABLE
1785583364.294411,0.2073319600213619,-0.2087912087912116,-0.6285714285714299,35,32,ENABLE
1785583364.2994013,0.20580605783169226,-0.2747252747252773,-0.6373626373626387,35,32,ENABLE
1785583364.304384,0.20466163118944003,-0.2527472527472554,-0.6285714285714299,35,32,ENABLE
1785583364.3094018,0.20237277790493557,-0.3626373626373649,-0.6021978021978036,35,32,ENABLE
1785583364.3144033,0.20046540016784853,-0.4065934065934087,-0.5934065934065949,35,32,ENABLE
1785583364.3195066,0.19779507133592666,-0.5164835164835182,-0.5670329670329686,35,32,ENABLE
1785583364.324545,0.1951247425040048,-0.5164835164835182,-0.5406593406593423,35,32,ENABLE
1785583364.3289146,0.19245441367208294,-0.5824175824175839,-0.5318681318681335,35,32,ENABLE
1785583364.3339057,0.18978408484016107,-0.5824175824175839,-0.5054945054945073,35,32,ENABLE
1785583364.3395448,0.1863508049134044,-0.6043956043956058,-0.4879120879120862,35,32,ENABLE
1785583364.3445363,0.18368047608148252,-0.6043956043956058,-0.47032967032966866,35,32,ENABLE
1785583364.3495836,0.18024719615472584,-0.6043956043956058,-0.4791208791208774,35,32,ENABLE
1785583364.3545363,0.17757686732280398,-0.5824175824175839,-0.5054945054945073,35,32,ENABLE
1785583364.3594115,0.17528801403829952,-0.4725274725274744,-0.5406593406593423,35,32,ENABLE
1785583364.364399,0.17299916075379507,-0.4945054945054963,-0.5582417582417598,35,32,ENABLE
1785583364.369409,0.17109178301670802,-0.4065934065934087,-0.5934065934065949,35,32,ENABLE
1785583364.3744047,0.16880292973220357,-0.4725274725274744,-0.6197802197802211,35,32,ENABLE
1785583364.3794067,0.16689555199511652,-0.4065934065934087,-0.6373626373626387,35,32,ENABLE
1785583364.3844085,0.16498817425802947,-0.3846153846153868,-0.6637362637362649,35,32,ENABLE
1785583364.3894062,0.16384374761577725,-0.3186813186813211,-0.734065934065935,35,32,ENABLE
1785583364.3944066,0.16269932097352502,-0.2747252747252773,-0.7956043956043963,35,32,ENABLE
1785583364.3994098,0.16117341878385538,-0.2747252747252773,-0.8395604395604401,35,32,ENABLE
1785583364.404406,0.16002899214160315,-0.2527472527472554,-0.8835164835164839,35,32,ENABLE
1785583364.409396,0.15926604104676834,-0.2087912087912116,-0.9274725274725277,35,32,ENABLE
1785583364.414401,0.1577401388570987,-0.2747252747252773,-0.953846153846154,35,32,ENABLE
1785583364.4194098,0.15621423666742906,-0.340659340659343,-0.9802197802197803,35,32,ENABLE
1785583364.4244077,0.15468833447775943,-0.3186813186813211,-1.0065934065934066,35,32,ENABLE
1785583364.4294028,0.1535439078355072,-0.2527472527472554,-1.0505494505494504,35,32,ENABLE
1785583364.434406,0.15239948119325497,-0.2307692307692335,-1.1208791208791204,35,32,ENABLE
1785583364.4394047,0.15239948119325497,-0.0549450549450583,-1.2175824175824168,35,32,ENABLE
1785583364.444409,0.15278095674067238,0.010989010989014503,-1.3142857142857132,35,32,ENABLE
1785583364.4494033,0.1535439078355072,0.0769230769230802,-1.4109890109890095,35,32,ENABLE
1785583364.4544048,0.15430685893034202,0.1648351648351678,-1.525274725274727,35,32,ENABLE
1785583364.4594035,0.15583276112001165,0.2087912087912116,-1.6395604395604408,35,32,ENABLE
1785583364.464408,0.1573586633096813,0.3186813186813211,-1.7626373626373635,35,32,ENABLE
1785583364.4693973,0.15888456549935093,0.2967032967032992,-1.8417582417582423,35,32,ENABLE
1785583364.4743998,0.16079194323643797,0.340659340659343,-1.9560439560439562,35,32,ENABLE
1785583364.4794028,0.16346227206835984,0.4505494505494525,-2.0615384615384613,35,32,ENABLE
1785583364.4843993,0.1657511253528643,0.4505494505494525,-2.184615384615384,35,32,ENABLE
1785583364.4894035,0.16803997863736875,0.4285714285714306,-2.254945054945056,35,32,ENABLE
1785583364.4944,0.1703288319218732,0.4725274725274744,-2.3692307692307697,35,32,ENABLE
1785583364.4995704,0.17299916075379507,0.4945054945054963,-2.4835164835164836,35,32,ENABLE
1785583364.5045688,0.17566948958571693,0.5384615384615401,-2.5890109890109887,35,32,ENABLE
1785583364.509501,0.1783398184176388,0.5384615384615401,-2.685714285714285,35,32,ENABLE
1785583364.5143867,0.18101014724956066,0.5384615384615401,-2.782417582417583,35,32,ENABLE
1785583364.5194023,0.18406195162889993,0.5384615384615401,-2.861538461538462,35,32,ENABLE
1785583364.5244062,0.18596932936598698,0.4505494505494525,-2.931868131868132,35,32,ENABLE
1785583364.529369,0.18787670710307403,0.4285714285714306,-2.9934065934065934,35,32,ENABLE
1785583364.534406,0.18902113374532625,0.2747252747252773,-3.0373626373626372,35,32,ENABLE
1785583364.5394027,0.19016556038757848,0.2087912087912116,-3.081318681318681,35,32,ENABLE
1785583364.5444007,0.1905470359349959,0.1428571428571459,-3.081318681318681,35,32,ENABLE
1785583364.549407,0.19016556038757848,-0.0549450549450583,-3.0725274725274723,35,32,ENABLE
1785583364.5543904,0.18978408484016107,-0.0549450549450583,-3.1076923076923073,35,32,ENABLE
1785583364.5593972,0.18902113374532625,-0.1428571428571459,-3.1076923076923073,35,32,ENABLE
1785583364.5644047,0.18787670710307403,-0.2307692307692335,-3.09010989010989,35,32,ENABLE
1785583364.569414,0.18558785381856957,-0.4065934065934087,-3.0637362637362635,35,32,ENABLE
1785583364.5744033,0.1829175249866477,-0.4725274725274744,-3.0197802197802197,35,32,ENABLE
1785583364.5793955,0.17948424505989102,-0.6263736263736277,-2.9846153846153847,35,32,ENABLE
1785583364.5843983,0.17566948958571693,-0.7582417582417591,-2.9142857142857146,35,32,ENABLE
1785583364.5894058,0.1707103074692906,-0.8901098901098905,-2.8439560439560445,35,32,ENABLE
1785583364.594403,0.16536964980544688,-1.021978021978022,-2.7648351648351657,35,32,ENABLE
1785583364.599398,0.15964751659418575,-1.1098901098901095,-2.7120879120879113,35,32,ENABLE
1785583364.604399,0.1539253833829246,-1.1318681318681314,-2.65054945054945,35,32,ENABLE
1785583364.609409,0.14782177462424606,-1.241758241758241,-2.571428571428571,35,32,ENABLE
1785583364.6143713,0.1413366903181501,-1.2637362637362628,-2.4835164835164836,35,32,ENABLE
1785583364.6194005,0.13408865491721933,-1.3956043956043942,-2.386813186813187,35,32,ENABLE
1785583364.6244442,0.12607766842145374,-1.5274725274725256,-2.290109890109891,35,32,ENABLE
1785583364.6293824,0.11768520637827073,-1.637362637362635,-2.175824175824175,35,32,ENABLE
1785583364.6344035,0.10852979324025291,-1.7472527472527446,-2.0527472527472526,35,32,ENABLE
1785583364.6393585,0.0997558556496525,-1.7912087912087884,-1.9472527472527474,35,32,ENABLE
1785583364.6443536,0.09021896696421727,-1.8351648351648322,-1.8241758241758248,35,32,ENABLE
1785583364.6494029,0.08030060273136463,-1.9450549450549417,-1.6923076923076934,35,32,ENABLE
1785583364.6543531,0.070382238498512,-1.9890109890109855,-1.5780219780219795,35,32,ENABLE
1785583364.6594496,0.05970092317082454,-2.120879120879124,-1.4461538461538446,35,32,ENABLE
1785583364.6645708,0.04825665674830226,-2.120879120879124,-1.3054945054945044,35,32,ENABLE
1785583364.6695795,0.037193865873197396,-2.2307692307692335,-1.1560439560439555,35,32,ENABLE
1785583364.674404,0.02574959945067512,-2.318681318681321,-1.0065934065934066,35,32,ENABLE
1785583364.6793776,0.013923857480735435,-2.384615384615387,-0.8659340659340664,35,33,ENABLE
1785583364.6843576,0.0017166399633783413,-2.4285714285714306,-0.7252747252747263,35,33,ENABLE
1785583364.6894674,-0.010490577553978753,-2.4065934065934087,-0.6021978021978036,35,33,ENABLE
1785583364.6945584,-0.02193484397650103,-2.318681318681321,-0.49670329670329494,35,33,ENABLE
1785583364.6995976,-0.032997634851605895,-2.2307692307692335,-0.42637362637362486,35,33,ENABLE
1785583364.7043931,-0.04329747463187594,-2.164835164835168,-0.3560439560439548,35,33,ENABLE
1785583364.7093873,-0.05283436331731117,-2.0549450549450583,-0.312087912087911,35,33,ENABLE
1785583364.7143626,-0.0623712520027464,-1.9450549450549417,-0.2681318681318672,35,33,ENABLE
1785583364.7193656,-0.07114518959334681,-1.8131868131868103,-0.22417582417582338,35,33,ENABLE
1785583364.7243574,-0.07953765163652982,-1.7472527472527446,-0.18901098901098834,35,33,ENABLE
1785583364.729355,-0.08793011367971282,-1.7032967032967008,-0.12747252747252702,35,33,ENABLE
1785583364.7343595,-0.09594110017547841,-1.659340659340657,-0.08351648351648322,35,33,ENABLE
1785583364.7393591,-0.1035706111238266,-1.5934065934065913,-0.03956043956043942,35,33,ENABLE
1785583364.744358,-0.11043717097733996,-1.439560439560438,-0.0219780219780219,35,33,ENABLE
1785583364.7493687,-0.11654077973601851,-1.3296703296703285,-0.0219780219780219,35,33,ENABLE
1785583364.7543979,-0.12226291294727964,-1.1538461538461533,-0.03076923076923066,35,33,ENABLE
1785583364.7594006,-0.12722209506370596,-1.0659340659340657,-0.03956043956043942,35,33,ENABLE
1785583364.7643697,-0.13179980163271487,-1.0,-0.05714285714285694,35,33,ENABLE
1785583364.769574,-0.13637750820172378,-0.9120879120879124,-0.04835164835164818,35,33,ENABLE
1785583364.7744024,-0.13942931258106306,-0.780219780219781,-0.07472527472527446,35,33,ENABLE
1785583364.77941,-0.14248111696040233,-0.6703296703296715,-0.08351648351648322,35,33,ENABLE
1785583364.7843614,-0.1451514457923242,-0.5384615384615401,-0.1098901098901095,35,33,ENABLE
1785583364.7893639,-0.14705882352941124,-0.4285714285714306,-0.1978021978021971,35,33,ENABLE
1785583364.7943492,-0.14667734798199383,-0.0989010989011021,-0.29450549450549346,35,33,ENABLE
1785583364.7993636,-0.14629587243457642,-0.010989010989014503,-0.36483516483516354,35,33,ENABLE
1785583364.8043647,-0.14591439688715901,0.0549450549450583,-0.42637362637362486,35,33,ENABLE
1785583364.809359,-0.1451514457923242,0.120879120879124,-0.514285714285716,35,33,ENABLE
1785583364.8143542,-0.14362554360265456,0.2087912087912116,-0.5670329670329686,35,33,ENABLE
1785583364.819405,-0.14209964141298492,0.2967032967032992,-0.6285714285714299,35,33,ENABLE
1785583364.8244004,-0.14057373922331529,0.2747252747252773,-0.6637362637362649,35,33,ENABLE
1785583364.8293693,-0.13866636148622824,0.340659340659343,-0.7428571428571438,35,33,ENABLE
1785583364.8343613,-0.13637750820172378,0.4505494505494525,-0.7868131868131876,35,33,ENABLE
1785583364.8393579,-0.13370717936980192,0.4725274725274744,-0.8395604395604401,35,33,ENABLE
1785583364.844555,-0.13179980163271487,0.3846153846153868,-0.8395604395604401,35,33,ENABLE
1785583364.849531,-0.13065537499046265,0.2967032967032992,-0.8307692307692314,35,33,ENABLE
1785583364.8543994,-0.129129472800793,0.3186813186813211,-0.8395604395604401,35,33,ENABLE
1785583364.859355,-0.1283665217059582,0.2087912087912116,-0.8219780219780226,35,33,ENABLE
1785583364.8643954,-0.12722209506370596,0.1868131868131897,-0.7956043956043963,35,33,ENABLE
1785583364.869354,-0.12645914396887115,0.1648351648351678,-0.7956043956043963,35,33,ENABLE
1785583364.8743565,-0.12531471732661892,0.2307692307692335,-0.8131868131868139,35,33,ENABLE
1785583364.8793535,-0.12378881513694928,0.2747252747252773,-0.8483516483516489,35,33,ENABLE
1785583364.8843822,-0.12149996185244483,0.3846153846153868,-0.8835164835164839,35,33,ENABLE
1785583364.889399,-0.11959258411535778,0.3846153846153868,-0.8923076923076927,35,33,ENABLE
1785583364.8945491,-0.11768520637827073,0.3846153846153868,-0.918681318681319,35,33,ENABLE
1785583364.8995469,-0.11577782864118369,0.340659340659343,-0.9010989010989015,35,33,ENABLE
1785583364.9043632,-0.11463340199893146,0.2747252747252773,-0.8923076923076927,35,33,ENABLE
1785583364.9093606,-0.112344548714427,0.3626373626373649,-0.9098901098901102,35,33,ENABLE
1785583364.9143538,-0.11081864652475737,0.2967032967032992,-0.8923076923076927,35,33,ENABLE
1785583364.9193542,-0.10967421988250514,0.3186813186813211,-0.9010989010989015,35,33,ENABLE
1785583364.9245474,-0.1077668421454181,0.3186813186813211,-0.9010989010989015,35,33,ENABLE
1785583364.9295757,-0.10585946440833105,0.340659340659343,-0.8923076923076927,35,33,ENABLE
1785583364.9344003,-0.1035706111238266,0.4065934065934087,-0.9274725274725277,35,33,ENABLE
1785583364.93936,-0.10128175783932214,0.4505494505494525,-0.9450549450549453,35,33,ENABLE
1785583364.9443555,-0.09899290455481768,0.4065934065934087,-0.9274725274725277,35,33,ENABLE
1785583364.9493992,-0.09708552681773064,0.4065934065934087,-0.9274725274725277,35,33,ENABLE
1785583364.9543557,-0.09479667353322618,0.4065934065934087,-0.918681318681319,35,33,ENABLE
1785583364.9593534,-0.09250782024872173,0.4505494505494525,-0.9362637362637365,35,33,ENABLE
1785583364.9644954,-0.09021896696421727,0.4505494505494525,-0.918681318681319,35,33,ENABLE
1785583364.9695373,-0.08793011367971282,0.4725274725274744,-0.918681318681319,35,33,ENABLE
1785583364.974401,-0.08525978484779095,0.4505494505494525,-0.9098901098901102,35,33,ENABLE
1785583364.979357,-0.0829709315632865,0.4725274725274744,-0.918681318681319,35,33,ENABLE
1785583364.9843535,-0.08068207827878204,0.5164835164835182,-0.9010989010989015,35,33,ENABLE
1785583364.989352,-0.07801174944686018,0.4725274725274744,-0.8923076923076927,35,33,ENABLE
1785583364.994501,-0.07572289616235572,0.4505494505494525,-0.8835164835164839,35,33,ENABLE
1785583364.9995492,-0.07381551842526868,0.4065934065934087,-0.8483516483516489,35,33,ENABLE
1785583365.0043995,-0.07152666514076422,0.4285714285714306,-0.8395604395604401,35,33,ENABLE
1785583365.0093563,-0.06923781185625977,0.4725274725274744,-0.8131868131868139,35,33,ENABLE
1785583365.014403,-0.06694895857175531,0.4505494505494525,-0.8307692307692314,35,33,ENABLE
1785583365.0193608,-0.06427862973983345,0.4945054945054963,-0.8131868131868139,35,33,ENABLE
1785583365.0243542,-0.061226825360494175,0.5384615384615401,-0.8219780219780226,35,33,ENABLE
1785583365.0293531,-0.0581750209811549,0.5824175824175839,-0.8483516483516489,35,33,ENABLE
1785583365.034492,-0.05512321660181563,0.6043956043956058,-0.8395604395604401,35,33,ENABLE
1785583365.0395427,-0.051308461127641536,0.6703296703296715,-0.8483516483516489,35,33,ENABLE
1785583365.0444,-0.047493705653467444,0.7362637362637372,-0.8659340659340664,35,33,ENABLE
1785583365.0493977,-0.04367895017929335,0.780219780219781,-0.8923076923076927,35,33,ENABLE
1785583365.0543776,-0.03986419470511926,0.780219780219781,-0.918681318681319,35,33,ENABLE
1785583365.0593588,-0.03566796368352776,0.8021978021978029,-0.9098901098901102,35,33,ENABLE
1785583365.0643568,-0.032234683756771076,0.7582417582417591,-0.918681318681319,35,33,ENABLE
1785583365.0693538,-0.028038452735179575,0.780219780219781,-0.9098901098901102,35,33,ENABLE
1785583365.0743542,-0.024605172808422893,0.7362637362637372,-0.9010989010989015,35,33,ENABLE
1785583365.0794027,-0.0207904173342488,0.6923076923076934,-0.8835164835164839,35,33,ENABLE
1785583365.0844872,-0.017357137407492118,0.6703296703296715,-0.8659340659340664,35,33,ENABLE
1785583365.089548,-0.013923857480735435,0.6483516483516496,-0.8219780219780226,35,33,ENABLE
1785583365.0944698,-0.010490577553978753,0.6703296703296715,-0.8131868131868139,35,33,ENABLE
1785583365.0993564,-0.007438773174639479,0.6703296703296715,-0.7956043956043963,35,33,ENABLE
1785583365.1043549,-0.0040054932478827965,0.6703296703296715,-0.7868131868131876,35,33,ENABLE
1785583365.1093545,-0.0005722133211261138,0.6703296703296715,-0.8043956043956051,35,33,ENABLE
1785583365.114474,0.003242542153047978,0.6703296703296715,-0.76923076923077,35,33,ENABLE
1785583365.119712,0.00705729762722207,0.7142857142857153,-0.76923076923077,35,33,ENABLE
1785583365.1245084,0.010872053101396162,0.780219780219781,-0.7868131868131876,35,33,ENABLE
1785583365.1293561,0.015068284122987663,0.8021978021978029,-0.7956043956043963,35,33,ENABLE
1785583365.1343625,0.019264515144579164,0.8241758241758248,-0.7956043956043963,35,33,ENABLE
1785583365.1393988,0.023460746166170665,0.8241758241758248,-0.7868131868131876,35,33,ENABLE
1785583365.1445339,0.027275501640344757,0.780219780219781,-0.7780219780219788,35,33,ENABLE
1785583365.1495261,0.03185320820935367,0.8461538461538467,-0.8043956043956051,35,33,ENABLE
1785583365.1544955,0.03643091477836258,0.9120879120879124,-0.8219780219780226,35,33,ENABLE
1785583365.1594126,0.04100862134737149,0.9340659340659343,-0.8659340659340664,35,33,ENABLE
1785583365.1643887,0.046349279011215216,1.0,-0.8835164835164839,35,33,ENABLE
1785583365.169352,0.051308461127641536,0.9780219780219781,-0.8835164835164839,35,33,ENABLE
1785583365.1743555,0.055886167696650446,0.9340659340659343,-0.8571428571428577,35,33,ENABLE
1785583365.179382,0.05970092317082454,0.8021978021978029,-0.8219780219780226,35,33,ENABLE
1785583365.1843522,0.06351567864499863,0.7582417582417591,-0.76923076923077,35,33,ENABLE
1785583365.189356,0.06694895857175531,0.6923076923076934,-0.7516483516483525,35,33,ENABLE
1785583365.1943512,0.070382238498512,0.7142857142857153,-0.7428571428571438,35,33,ENABLE
1785583365.1993515,0.0745784695201035,0.7582417582417591,-0.7516483516483525,35,33,ENABLE
1785583365.204406,0.078774700541695,0.8461538461538467,-0.7780219780219788,35,33,ENABLE
1785583365.2095363,0.08411535820553873,0.9340659340659343,-0.8219780219780226,35,33,ENABLE
1785583365.2145662,0.08945601586938245,1.0439560439560438,-0.8747252747252752,35,33,ENABLE
1785583365.219367,0.095559624628061,1.1538461538461533,-0.953846153846154,35,33,ENABLE
1785583365.2243962,0.10242618448157437,1.2857142857142847,-1.0329670329670328,35,33,ENABLE
1785583365.2293563,0.10929274433508773,1.3956043956043942,-1.1296703296703292,35,33,ENABLE
1785583365.2343504,0.11692225528343592,1.439560439560438,-1.2175824175824168,35,33,ENABLE
1785583365.2393558,0.12493324177920151,1.5274725274725256,-1.3142857142857132,35,33,ENABLE
1785583365.2443929,0.1329442282749671,1.5934065934065913,-1.4109890109890095,35,33,ENABLE
1785583365.2493982,0.1413366903181501,1.6153846153846132,-1.5076923076923094,35,33,ENABLE
1785583365.2543712,0.1497291523613331,1.659340659340657,-1.5868131868131883,35,33,ENABLE
1785583365.2595513,0.15888456549935093,1.7032967032967008,-1.6483516483516496,35,33,ENABLE
1785583365.2645817,0.16727702754253393,1.7032967032967008,-1.7010989010989022,35,33,ENABLE
1785583365.2694027,0.17566948958571693,1.659340659340657,-1.7626373626373635,35,33,ENABLE
1785583365.2743638,0.18368047608148252,1.637362637362635,-1.850549450549451,35,33,ENABLE
1785583365.2793548,0.19207293812466553,1.681318681318679,-1.9208791208791212,35,33,ENABLE
1785583365.2843592,0.20046540016784853,1.681318681318679,-1.9824175824175825,35,33,ENABLE
1785583365.2895453,0.20885786221103153,1.659340659340657,-2.0175824175824175,35,33,ENABLE
1785583365.2945547,0.21686884870679712,1.5714285714285694,-2.0527472527472526,35,33,ENABLE
1785583365.2993972,0.2237354085603105,1.46153846153846,-2.07032967032967,35,33,ENABLE
1785583365.304358,0.23060196841382385,1.417582417582416,-2.0879120879120876,35,33,ENABLE
1785583365.3093996,0.2370870527199198,1.3296703296703285,-2.0967032967032964,35,33,ENABLE
1785583365.31436,0.24280918593118095,1.197802197802197,-2.0879120879120876,35,33,ENABLE
1785583365.3193634,0.2485313191424421,1.1318681318681314,-2.07032967032967,35,33,ENABLE
1785583365.3244088,0.2534905012588702,1.0,-2.035164835164835,35,33,ENABLE
1785583365.3295653,0.2573052567330443,0.8461538461538467,-1.9912087912087912,35,33,ENABLE
1785583365.334588,0.25997558556496614,0.6483516483516496,-1.9032967032967036,35,33,ENABLE
1785583365.3393693,0.262645914396888,0.5384615384615401,-1.850549450549451,35,33,ENABLE
1785583365.34436,0.26455329213397505,0.4285714285714306,-1.7978021978021985,35,33,ENABLE
1785583365.3494236,0.2664606698710621,0.3626373626373649,-1.7538461538461547,35,33,ENABLE
1785583365.3543572,0.26798657206073173,0.2747252747252773,-1.6923076923076934,35,33,ENABLE
1785583365.3593647,0.26951247425040137,0.340659340659343,-1.6923076923076934,35,33,ENABLE
1785583365.3643625,0.271038376440071,0.3186813186813211,-1.6483516483516496,35,33,ENABLE
1785583365.369556,0.2718013275349058,0.1868131868131897,-1.595604395604397,35,33,ENABLE
1785583365.3745914,0.27218280308232323,0.120879120879124,-1.5340659340659357,35,33,ENABLE
1785583365.3794014,0.27218280308232323,0.0329670329670364,-1.463736263736262,35,33,ENABLE
1785583365.3843617,0.2714198519874884,-0.120879120879124,-1.393406593406592,35,33,ENABLE
1785583365.3893602,0.2702754253452362,-0.1868131868131897,-1.2967032967032956,35,33,ENABLE
1785583365.3944175,0.26913099870298396,-0.2307692307692335,-1.2351648351648343,35,33,ENABLE
1785583365.3994868,0.2672236209658969,-0.3186813186813211,-1.1648351648351642,35,33,ENABLE
1785583365.4045606,0.2656977187762273,-0.340659340659343,-1.0857142857142854,35,33,ENABLE
1785583365.4093668,0.2630273899443054,-0.4725274725274744,-1.0153846153846153,35,33,ENABLE
1785583365.4144073,0.26073853665980096,-0.5164835164835182,-0.9274725274725277,35,33,ENABLE
1785583365.4193554,0.2573052567330443,-0.6043956043956058,-0.8307692307692314,35,33,ENABLE
1785583365.424361,0.2538719768062876,-0.6703296703296715,-0.7604395604395613,35,33,ENABLE
1785583365.4295514,0.2504386968795309,-0.7142857142857153,-0.6901098901098912,35,33,ENABLE
1785583365.4345949,0.24662394140535504,-0.7142857142857153,-0.6109890109890124,35,33,ENABLE
1785583365.4394143,0.24319066147859836,-0.7362637362637372,-0.5582417582417598,35,33,ENABLE
1785583365.4443579,0.2405203326466765,-0.6483516483516496,-0.5230769230769248,35,33,ENABLE
1785583365.449392,0.23746852826733722,-0.6043956043956058,-0.49670329670329494,35,33,ENABLE
1785583365.454358,0.23441672388799795,-0.6263736263736277,-0.45274725274725114,35,33,ENABLE
1785583365.4593608,0.23136491950865867,-0.6483516483516496,-0.40879120879120734,35,33,ENABLE
1785583365.4643526,0.2286945906767368,-0.5824175824175839,-0.3912087912087898,35,33,ENABLE
1785583365.4695408,0.22564278629739754,-0.5384615384615401,-0.38241758241758106,35,33,ENABLE
1785583365.4745443,0.22297245746547567,-0.560439560439562,-0.347252747252746,35,33,ENABLE
1785583365.4794042,0.22106507972838862,-0.4725274725274744,-0.36483516483516354,35,33,ENABLE
1785583365.4843583,0.21915770199130158,-0.4065934065934087,-0.36483516483516354,35,33,ENABLE
1785583365.489356,0.21725032425421453,-0.3846153846153868,-0.3736263736263723,35,33,ENABLE
1785583365.4943562,0.2153429465171275,-0.4285714285714306,-0.33846153846153726,35,33,ENABLE
1785583365.4995687,0.21305409323262303,-0.4065934065934087,-0.33846153846153726,35,33,ENABLE
1785583365.5045307,0.21076523994811858,-0.4725274725274744,-0.29450549450549346,35,33,ENABLE
1785583365.5093668,0.20847638666361412,-0.4725274725274744,-0.27692307692307594,35,33,ENABLE
1785583365.5143652,0.20580605783169226,-0.5164835164835182,-0.2593406593406584,35,33,ENABLE
1785583365.519386,0.2038986800946052,-0.4505494505494525,-0.25054945054944966,35,33,ENABLE
1785583365.524398,0.20160982681010076,-0.4505494505494525,-0.27692307692307594,35,33,ENABLE
1785583365.5293674,0.20046540016784853,-0.340659340659343,-0.2857142857142847,35,33,ENABLE
1785583365.5343559,0.1989394979781789,-0.3186813186813211,-0.32087912087911974,35,33,ENABLE
1785583365.5393558,0.19817654688334407,-0.2087912087912116,-0.3736263736263723,35,33,ENABLE
1785583365.5443575,0.19779507133592666,-0.120879120879124,-0.4351648351648336,35,33,ENABLE
1785583365.5494967,0.19779507133592666,-0.0329670329670364,-0.4791208791208774,35,33,ENABLE
1785583365.5545475,0.19779507133592666,-0.0549450549450583,-0.5318681318681335,35,33,ENABLE
1785583365.5594044,0.19741359578850926,-0.0989010989011021,-0.5670329670329686,35,33,ENABLE
1785583365.5644052,0.19703212024109185,-0.0769230769230802,-0.5846153846153861,35,33,ENABLE
1785583365.569357,0.19626916914625703,-0.120879120879124,-0.6021978021978036,35,33,ENABLE
1785583365.5743542,0.1951247425040048,-0.2307692307692335,-0.5670329670329686,35,33,ENABLE
1785583365.5794861,0.19321736476691775,-0.3186813186813211,-0.5670329670329686,35,33,ENABLE
1785583365.5845284,0.19169146257724812,-0.2967032967032992,-0.5406593406593423,35,33,ENABLE
1785583365.5894902,0.18940260929274366,-0.4285714285714306,-0.5230769230769248,35,33,ENABLE
1785583365.59435,0.18749523155565662,-0.4285714285714306,-0.514285714285716,35,33,ENABLE
1785583365.5993538,0.18444342717631734,-0.5384615384615401,-0.5054945054945073,35,33,ENABLE
1785583365.6043785,0.1821545738918129,-0.5384615384615401,-0.4791208791208774,35,33,ENABLE
1785583365.6094975,0.17948424505989102,-0.4725274725274744,-0.5054945054945073,35,33,ENABLE
1785583365.614547,0.17719539177538657,-0.4725274725274744,-0.5230769230769248,35,33,ENABLE
1785583365.6194675,0.1749065384908821,-0.4725274725274744,-0.5230769230769248,35,33,ENABLE
1785583365.624356,0.17223620965896025,-0.5384615384615401,-0.5054945054945073,35,33,ENABLE
1785583365.6293612,0.16880292973220357,-0.6483516483516496,-0.49670329670329494,35,33,ENABLE
1785583365.6343539,0.16536964980544688,-0.6923076923076934,-0.47032967032966866,35,33,ENABLE
1785583365.639355,0.1615548943312728,-0.7582417582417591,-0.4439560439560424,35,33,ENABLE
1785583365.644349,0.1577401388570987,-0.7362637362637372,-0.4351648351648336,35,33,ENABLE
1785583365.649499,0.15430685893034202,-0.6923076923076934,-0.47032967032966866,35,33,ENABLE
1785583365.654527,0.15163653009842015,-0.6043956043956058,-0.5230769230769248,35,33,ENABLE
1785583365.659509,0.15011062790875052,-0.4285714285714306,-0.5934065934065949,35,33,ENABLE
1785583365.664396,0.14858472571908088,-0.340659340659343,-0.6725274725274737,35,33,ENABLE
1785583365.6695404,0.14782177462424606,-0.2087912087912116,-0.7956043956043963,35,33,ENABLE
1785583365.6744974,0.14820325017166347,-0.0329670329670364,-0.9010989010989015,35,33,ENABLE
1785583365.6794865,0.14782177462424606,-0.0549450549450583,-0.9626373626373628,35,33,ENABLE
1785583365.6844807,0.14705882352941124,-0.1428571428571459,-1.0065934065934066,35,33,ENABLE
1785583365.6895156,0.14667734798199383,-0.1428571428571459,-1.068131868131868,35,33,ENABLE
1785583365.6944985,0.1455329213397416,-0.1868131868131897,-1.103296703296703,35,33,ENABLE
1785583365.699486,0.14438849469748938,-0.2307692307692335,-1.1296703296703292,35,33,ENABLE
1785583365.704484,0.14400701915007197,-0.0989010989011021,-1.2351648351648343,35,33,ENABLE
1785583365.709496,0.1447699702449068,0.0549450549450583,-1.3494505494505482,35,33,ENABLE
1785583365.714493,0.1455329213397416,0.1428571428571459,-1.4461538461538446,35,33,ENABLE
1785583365.7194958,0.14629587243457642,0.120879120879124,-1.5428571428571445,35,33,ENABLE
1785583365.724487,0.14782177462424606,0.2307692307692335,-1.6835164835164846,35,33,ENABLE
1785583365.7294931,0.15011062790875052,0.3846153846153868,-1.8065934065934073,35,33,ENABLE
1785583365.734528,0.15201800564583756,0.4065934065934087,-1.92967032967033,35,33,ENABLE
1785583365.7394931,0.15506981002517684,0.4945054945054963,-2.07032967032967,35,33,ENABLE
1785583365.7444916,0.1581216144045161,0.6043956043956058,-2.219780219780219,35,33,ENABLE
1785583365.74955,0.16117341878385538,0.560439560439562,-2.3340659340659347,35,33,ENABLE
1785583365.7545834,0.16460669871061206,0.6263736263736277,-2.474725274725275,35,33,ENABLE
1785583365.7595737,0.16803997863736875,0.6703296703296715,-2.606593406593406,35,33,ENABLE
1785583365.764482,0.17185473411154284,0.7362637362637372,-2.72087912087912,35,33,ENABLE
1785583365.7694888,0.17566948958571693,0.7582417582417591,-2.861538461538462,35,33,ENABLE
1785583365.7745457,0.17910276951247361,0.7362637362637372,-2.9582417582417584,35,33,ENABLE
1785583365.779544,0.1829175249866477,0.7582417582417591,-3.0989010989010985,35,33,ENABLE
1785583365.7844825,0.1863508049134044,0.7142857142857153,-3.186813186813186,35,33,ENABLE
1785583365.78948,0.18940260929274366,0.6043956043956058,-3.2659340659340668,35,33,ENABLE
1785583365.794486,0.19207293812466553,0.5164835164835182,-3.3098901098901106,35,33,ENABLE
1785583365.7994845,0.19321736476691775,0.340659340659343,-3.327472527472528,35,33,ENABLE
1785583365.80449,0.19436179140916998,0.2307692307692335,-3.3450549450549456,35,33,ENABLE
1785583365.8094814,0.19436179140916998,0.0549450549450583,-3.336263736263737,35,33,ENABLE
1785583365.8145223,0.19398031586175257,-0.010989010989014503,-3.3450549450549456,35,33,ENABLE
1785583365.8196683,0.19359884031433516,-0.0989010989011021,-3.3538461538461544,35,33,ENABLE
1785583365.8244925,0.19207293812466553,-0.2087912087912116,-3.327472527472528,35,33,ENABLE
1785583365.8294938,0.18978408484016107,-0.4285714285714306,-3.301098901098902,35,33,ENABLE
1785583365.8344994,0.1871137560082392,-0.4945054945054963,-3.2483516483516475,35,33,ENABLE
1785583365.839483,0.18368047608148252,-0.6483516483516496,-3.186813186813186,35,33,ENABLE
1785583365.8444924,0.17948424505989102,-0.780219780219781,-3.125274725274725,35,33,ENABLE
1785583365.84949,0.1745250629434647,-0.8901098901098905,-3.046153846153846,35,33,ENABLE
1785583365.8544986,0.16880292973220357,-1.1098901098901095,-2.931868131868132,35,33,ENABLE
1785583365.859545,0.1619363698786902,-1.2857142857142847,-2.8175824175824182,35,33,ENABLE
1785583365.8644967,0.15430685893034202,-1.439560439560438,-2.7120879120879113,35,33,ENABLE
1785583365.8695154,0.14667734798199383,-1.5494505494505475,-2.606593406593406,35,33,ENABLE
1785583365.874495,0.13828488593881083,-1.6153846153846132,-2.4923076923076923,35,33,ENABLE
1785583365.8795562,0.12951094834821042,-1.7252747252747227,-2.3780219780219785,35,33,ENABLE
1785583365.8844936,0.12073701075761001,-1.7692307692307665,-2.2725274725274733,35,33,ENABLE
1785583365.8894966,0.11120012207217478,-1.857142857142854,-2.149450549450549,35,33,ENABLE
1785583365.8944893,0.10128175783932214,-1.9450549450549417,-2.0263736263736263,35,33,ENABLE
1785583365.8995297,0.0913633936064695,-1.9890109890109855,-1.9208791208791212,35,33,ENABLE
1785583365.904484,0.08144502937361686,-2.0109890109890145,-1.7978021978021985,35,33,ENABLE
1785583365.9095473,0.0707637140459294,-2.07692307692308,-1.6747252747252759,35,33,ENABLE
1785583365.9145536,0.05931944762340713,-2.1868131868131897,-1.5340659340659357,35,33,ENABLE
1785583365.9194906,0.04787518120088485,-2.318681318681321,-1.3670329670329657,35,33,ENABLE
1785583365.924481,0.03604943923094517,-2.362637362637365,-1.1999999999999993,35,33,ENABLE
1785583365.929486,0.023842221713588074,-2.4505494505494525,-1.0329670329670328,35,33,ENABLE
1785583365.934495,0.010872053101396162,-2.516483516483518,-0.9010989010989015,35,33,ENABLE
1785583365.9394946,-0.0017166399633783413,-2.516483516483518,-0.7428571428571438,35,33,ENABLE
1785583365.9445574,-0.014305333028152845,-2.516483516483518,-0.6197802197802211,35,33,ENABLE
1785583365.9495418,-0.02651255054550994,-2.516483516483518,-0.49670329670329494,35,33,ENABLE
1785583365.9544888,-0.03871976806286703,-2.4505494505494525,-0.38241758241758106,35,33,ENABLE
1785583365.9594991,-0.05016403448538931,-2.4065934065934087,-0.29450549450549346,35,33,ENABLE
1785583365.9645412,-0.061608300907911584,-2.318681318681321,-0.1978021978021971,35,33,ENABLE
1785583365.9695003,-0.07228961623559904,-2.2307692307692335,-0.12747252747252702,35,33,ENABLE
1785583365.974483,-0.08258945601586909,-2.07692307692308,-0.09230769230769198,35,33,ENABLE
1785583365.9794853,-0.09174486915388691,-1.9450549450549417,-0.03956043956043942,35,33,ENABLE
1785583365.9844906,-0.10013733119706991,-1.7912087912087884,-0.01318681318681314,35,33,ENABLE
1785583365.989488,-0.1077668421454181,-1.637362637362635,0.00439560439560438,35,33,ENABLE
1785583365.9944782,-0.11501487754634887,-1.5054945054945037,0.01318681318681314,35,33,ENABLE
1785583365.9994986,-0.12226291294727964,-1.4835164835164818,0.0659340659340657,35,33,ENABLE
1785583366.004492,-0.129129472800793,-1.417582417582416,0.09230769230769198,35,33,ENABLE
1785583366.009548,-0.13599603265430638,-1.3516483516483504,0.12747252747252702,35,33,ENABLE
1785583366.014506,-0.1413366903181501,-1.197802197802197,0.12747252747252702,35,33,ENABLE
1785583366.0194933,-0.14629587243457642,-1.0,0.13626373626373578,35,33,ENABLE
1785583366.0244899,-0.15087357900358533,-0.9780219780219781,0.13626373626373578,35,33,ENABLE
1785583366.029505,-0.15468833447775943,-0.8241758241758248,0.1098901098901095,35,33,ENABLE
1785583366.0345464,-0.1577401388570987,-0.6703296703296715,0.07472527472527446,35,33,ENABLE
1785583366.039487,-0.16002899214160315,-0.5384615384615401,0.0219780219780219,35,33,ENABLE
1785583366.0444894,-0.16079194323643797,-0.2747252747252773,-0.05714285714285694,35,33,ENABLE
1785583366.0494838,-0.16117341878385538,-0.1648351648351678,-0.13626373626373578,35,33,ENABLE
1785583366.0544982,-0.16079194323643797,0.010989010989014503,-0.20659340659340586,35,33,ENABLE
1785583366.0594933,-0.16041046768902056,0.0329670329670364,-0.2593406593406584,35,33,ENABLE
1785583366.0644956,-0.15964751659418575,0.0989010989011021,-0.32087912087911974,35,33,ENABLE
1785583366.06949,-0.1577401388570987,0.2527472527472554,-0.3912087912087898,35,33,ENABLE
1785583366.0745409,-0.15621423666742906,0.3186813186813211,-0.4615384615384599,35,33,ENABLE
1785583366.0794823,-0.1535439078355072,0.4285714285714306,-0.5230769230769248,35,33,ENABLE
1785583366.084492,-0.15163653009842015,0.3846153846153868,-0.5670329670329686,35,33,ENABLE
1785583366.0894794,-0.1489662012664983,0.4945054945054963,-0.6197802197802211,35,33,ENABLE
1785583366.0944915,-0.14591439688715901,0.560439560439562,-0.6813186813186825,35,33,ENABLE
1785583366.099542,-0.14324406805523715,0.5384615384615401,-0.7076923076923087,35,33,ENABLE
1785583366.1044993,-0.14019226367589788,0.5824175824175839,-0.7516483516483525,35,33,ENABLE
1785583366.1094885,-0.1367589837491412,0.6703296703296715,-0.8131868131868139,35,33,ENABLE
1785583366.11449,-0.1333257038223845,0.6703296703296715,-0.8483516483516489,35,33,ENABLE
1785583366.1195416,-0.13027389944304524,0.6043956043956058,-0.8747252747252752,35,33,ENABLE
1785583366.12448,-0.12722209506370596,0.6263736263736277,-0.8923076923076927,35,33,ENABLE
1785583366.1294904,-0.1245517662317841,0.560439560439562,-0.8747252747252752,35,33,ENABLE
1785583366.1344874,-0.12226291294727964,0.4285714285714306,-0.8483516483516489,35,33,ENABLE
1785583366.139539,-0.1203555352101926,0.3846153846153868,-0.8219780219780226,35,33,ENABLE
1785583366.144486,-0.11882963302052296,0.340659340659343,-0.7956043956043963,35,33,ENABLE
1785583366.1494849,-0.11692225528343592,0.3846153846153868,-0.8043956043956051,35,33,ENABLE
1785583366.154486,-0.11501487754634887,0.3626373626373649,-0.7780219780219788,35,33,ENABLE
1785583366.1595335,-0.11272602426184442,0.4065934065934087,-0.7780219780219788,35,33,ENABLE
1785583366.1647453,-0.11081864652475737,0.4065934065934087,-0.76923076923077,35,33,ENABLE
1785583366.1694887,-0.1081483176928355,0.4725274725274744,-0.8131868131868139,35,33,ENABLE
1785583366.1744785,-0.10509651331349623,0.560439560439562,-0.8307692307692314,35,33,ENABLE
1785583366.179478,-0.10204470893415696,0.6043956043956058,-0.8571428571428577,35,33,ENABLE
1785583366.1844795,-0.09861142900740028,0.6263736263736277,-0.8923076923076927,35,33,ENABLE
1785583366.1894789,-0.09517814908064359,0.6703296703296715,-0.9010989010989015,35,33,ENABLE
1785583366.1944902,-0.09212634470130432,0.6263736263736277,-0.918681318681319,35,33,ENABLE
1785583366.1994941,-0.08907454032196505,0.6483516483516496,-0.9098901098901102,35,33,ENABLE
1785583366.204546,-0.08564126039520836,0.6263736263736277,-0.918681318681319,35,33,ENABLE
1785583366.2094939,-0.08258945601586909,0.6483516483516496,-0.918681318681319,35,33,ENABLE
1785583366.2144897,-0.078774700541695,0.6703296703296715,-0.918681318681319,35,33,ENABLE
1785583366.2194881,-0.07534142061493831,0.6923076923076934,-0.9274725274725277,35,33,ENABLE
1785583366.224542,-0.07228961623559904,0.6483516483516496,-0.8923076923076927,35,33,ENABLE
1785583366.2294955,-0.06961928740367718,0.6043956043956058,-0.8747252747252752,35,33,ENABLE
1785583366.234493,-0.0665674830243379,0.5824175824175839,-0.8659340659340664,35,33,ENABLE
1785583366.2394865,-0.06389715419241604,0.5384615384615401,-0.8131868131868139,35,33,ENABLE
1785583366.2445335,-0.061608300907911584,0.4725274725274744,-0.7868131868131876,35,33,ENABLE
1785583366.2494917,-0.05893797207598972,0.4945054945054963,-0.76923076923077,35,33,ENABLE
1785583366.2544963,-0.056267643244067855,0.4725274725274744,-0.7252747252747263,35,33,ENABLE
1785583366.2594938,-0.05359731441214599,0.5164835164835182,-0.734065934065935,35,33,ENABLE
1785583366.2644875,-0.05016403448538931,0.6043956043956058,-0.7516483516483525,35,33,ENABLE
1785583366.2694914,-0.046730754558632626,0.6703296703296715,-0.7604395604395613,35,33,ENABLE
1785583366.274486,-0.042915999084458534,0.7582417582417591,-0.7780219780219788,35,33,ENABLE
1785583366.2794886,-0.03910124361028444,0.780219780219781,-0.7868131868131876,35,33,ENABLE
1785583366.2844892,-0.03490501258869294,0.8241758241758248,-0.7868131868131876,35,33,ENABLE
1785583366.289542,-0.03070878156710144,0.8241758241758248,-0.8043956043956051,35,33,ENABLE
1785583366.2944849,-0.026894026092927348,0.8461538461538467,-0.8043956043956051,35,33,ENABLE
1785583366.2994924,-0.022697795071335847,0.780219780219781,-0.7868131868131876,35,33,ENABLE
1785583366.3044887,-0.018883039597161755,0.8021978021978029,-0.76923076923077,35,33,ENABLE
1785583366.3094904,-0.015449759670405072,0.7142857142857153,-0.7428571428571438,35,33,ENABLE
1785583366.3145032,-0.01201647974364839,0.6923076923076934,-0.7164835164835175,35,33,ENABLE
1785583366.3194935,-0.008583199816891707,0.6703296703296715,-0.7076923076923087,35,33,ENABLE
1785583366.324463,-0.005149919890135024,0.6483516483516496,-0.6725274725274737,35,33,ENABLE
1785583366.3293667,-0.0017166399633783413,0.7142857142857153,-0.6637362637362649,35,33,ENABLE
1785583366.3343942,0.0024795910582131597,0.7362637362637372,-0.6461538461538474,35,33,ENABLE
1785583366.339481,0.006294346532387252,0.8021978021978029,-0.6549450549450562,35,33,ENABLE
1785583366.3444908,0.010872053101396162,0.8901098901098905,-0.6989010989011,35,33,ENABLE
1785583366.3495243,0.01583123521782248,0.9120879120879124,-0.7252747252747263,35,33,ENABLE
1785583366.3545425,0.0207904173342488,0.9560439560439562,-0.7604395604395613,35,33,ENABLE
1785583366.3594875,0.02613107499809253,1.021978021978022,-0.76923076923077,35,33,ENABLE
1785583366.3644934,0.03109025711451885,1.0,-0.76923076923077,35,33,ENABLE
1785583366.3695204,0.03604943923094517,0.9780219780219781,-0.7868131868131876,35,33,ENABLE
1785583366.374489,0.0413900968947889,1.021978021978022,-0.8131868131868139,35,33,ENABLE
1785583366.3794909,0.046349279011215216,1.021978021978022,-0.8131868131868139,35,33,ENABLE
1785583366.3844876,0.051689936675058945,1.021978021978022,-0.8131868131868139,35,33,ENABLE
1785583366.3894925,0.056649118791485265,1.0,-0.7956043956043963,35,33,ENABLE
1785583366.3944933,0.061226825360494175,0.9560439560439562,-0.7868131868131876,35,33,ENABLE
1785583366.3994915,0.0661860074769205,0.9560439560439562,-0.7956043956043963,35,33,ENABLE
1785583366.4044771,0.0707637140459294,0.9120879120879124,-0.76923076923077,35,33,ENABLE
1785583366.409478,0.0749599450675209,0.8681318681318686,-0.76923076923077,35,33,ENABLE
1785583366.4145434,0.07953765163652982,0.8901098901098905,-0.7604395604395613,35,33,ENABLE
1785583366.4195416,0.08411535820553873,0.9340659340659343,-0.7604395604395613,35,33,ENABLE
1785583366.4244928,0.08945601586938245,0.9780219780219781,-0.8043956043956051,35,33,ENABLE
1785583366.4294922,0.095559624628061,1.1318681318681314,-0.8835164835164839,35,33,ENABLE
1785583366.4344904,0.10242618448157437,1.3076923076923066,-0.9802197802197803,35,33,ENABLE
1785583366.4394808,0.11005569542992255,1.439560439560438,-1.103296703296703,35,33,ENABLE
1785583366.4444745,0.11844815747310555,1.5934065934065913,-1.2263736263736256,35,33,ENABLE
1785583366.4494839,0.12722209506370596,1.7252747252747227,-1.3494505494505482,35,33,ENABLE
1785583366.4545057,0.1367589837491412,1.8351648351648322,-1.4549450549450533,35,33,ENABLE
1785583366.4594944,0.14667734798199383,1.901098901098898,-1.5692307692307708,35,33,ENABLE
1785583366.4644887,0.15621423666742906,1.9670329670329636,-1.6923076923076934,35,33,ENABLE
1785583366.469504,0.1665140764476991,2.0109890109890145,-1.8241758241758248,35,33,ENABLE
1785583366.4744902,0.17681391622796916,2.0549450549450583,-1.9120879120879124,35,33,ENABLE
1785583366.4795008,0.1871137560082392,2.0109890109890145,-1.9912087912087912,35,33,ENABLE
1785583366.4844916,0.19703212024109185,2.0109890109890145,-2.0615384615384613,35,33,ENABLE
1785583366.4894876,0.20656900892652708,1.9230769230769198,-2.14065934065934,35,33,ENABLE
1785583366.494493,0.2157244220645449,1.879120879120876,-2.2021978021978015,35,33,ENABLE
1785583366.4995546,0.22487983520256272,1.8131868131868103,-2.2373626373626365,35,33,ENABLE
1785583366.5044966,0.23327229724574572,1.7252747252747227,-2.2461538461538453,35,33,ENABLE
1785583366.5094874,0.2405203326466765,1.5714285714285694,-2.2461538461538453,35,33,ENABLE
1785583366.5146625,0.24738689250018986,1.3736263736263723,-2.2285714285714278,35,33,ENABLE
1785583366.5195587,0.2534905012588702,1.2857142857142847,-2.2021978021978015,35,33,ENABLE
1785583366.5245183,0.2588311589227139,1.1098901098901095,-2.1670329670329664,35,33,ENABLE
1785583366.529478,0.2630273899443054,0.9120879120879124,-2.0879120879120876,35,33,ENABLE
1785583366.5345,0.2664606698710621,0.7582417582417591,-2.035164835164835,35,33,ENABLE
1785583366.5395226,0.26874952315556655,0.560439560439562,-1.9472527472527474,35,33,ENABLE
1785583366.5445542,0.2714198519874884,0.4945054945054963,-1.8945054945054949,35,33,ENABLE
1785583366.5494888,0.27332722972457546,0.4285714285714306,-1.850549450549451,35,33,ENABLE
1785583366.5544968,0.2748531319142451,0.3626373626373649,-1.780219780219781,35,33,ENABLE
1785583366.55949,0.2756160830090799,0.2307692307692335,-1.6923076923076934,35,33,ENABLE
1785583366.564504,0.27637903410391473,0.1648351648351678,-1.6571428571428584,35,33,ENABLE
1785583366.5694866,0.27714198519874955,0.1648351648351678,-1.630769230769232,35,33,ENABLE
1785583366.5744452,0.2782864118410018,0.1428571428571459,-1.595604395604397,35,33,ENABLE
1785583366.5794933,0.2786678873884192,0.0769230769230802,-1.5428571428571445,35,33,ENABLE
1785583366.5844939,0.2782864118410018,-0.010989010989014503,-1.4901098901098884,35,33,ENABLE
1785583366.5894969,0.27790493629358437,-0.0769230769230802,-1.4373626373626358,35,33,ENABLE
1785583366.5944917,0.27752346074616696,-0.0769230769230802,-1.3846153846153832,35,33,ENABLE
1785583366.5994852,0.27637903410391473,-0.1868131868131897,-1.323076923076922,35,33,ENABLE
1785583366.6045487,0.2752346074616625,-0.2747252747252773,-1.2527472527472518,35,33,ENABLE
1785583366.6095421,0.27294575417715805,-0.3846153846153868,-1.138461538461538,35,33,ENABLE
1785583366.6144905,0.2702754253452362,-0.4945054945054963,-1.0769230769230766,35,33,ENABLE
1785583366.6194816,0.26798657206073173,-0.4945054945054963,-1.0065934065934066,35,33,ENABLE
1785583366.624519,0.26493476768139246,-0.560439560439562,-0.9362637362637365,35,33,ENABLE
1785583366.629494,0.2615014877546358,-0.6703296703296715,-0.8307692307692314,35,33,ENABLE
1785583366.634496,0.2576867322804617,-0.7582417582417591,-0.7428571428571438,35,33,ENABLE
1785583366.6394913,0.2534905012588702,-0.8021978021978029,-0.6549450549450562,35,33,ENABLE
1785583366.6444962,0.2492942702372769,-0.8241758241758248,-0.5846153846153861,35,33,ENABLE
1785583366.6494966,0.2450980392156854,-0.8461538461538467,-0.514285714285716,35,33,ENABLE
1785583366.654491,0.2412832837415113,-0.8021978021978029,-0.47032967032966866,35,33,ENABLE
1785583366.659504,0.23746852826733722,-0.7362637362637372,-0.4439560439560424,35,33,ENABLE
1785583366.6644843,0.23479819943541536,-0.6483516483516496,-0.4351648351648336,35,33,ENABLE
1785583366.6695468,0.23174639505607608,-0.6263736263736277,-0.40879120879120734,35,33,ENABLE
1785583366.6744936,0.2283131151293194,-0.6483516483516496,-0.3736263736263723,35,33,ENABLE
1785583366.6794927,0.2241168841077279,-0.780219780219781,-0.312087912087911,35,33,ENABLE
1785583366.6844883,0.219539177538719,-0.8901098901098905,-0.22417582417582338,35,33,ENABLE
1785583366.6894972,0.21419851987487526,-1.0,-0.12747252747252702,35,33,ENABLE
1785583366.6944957,0.20923933775844894,-1.021978021978022,-0.07472527472527446,35,33,ENABLE
1785583366.6994774,0.20504310673685744,-0.9340659340659343,-0.03956043956043942,35,33,ENABLE
1785583366.7044868,0.20084687571526594,-0.8681318681318686,-0.03076923076923066,35,33,ENABLE
1785583366.709515,0.19741359578850926,-0.7362637362637372,-0.03076923076923066,35,33,ENABLE
1785583366.71449,0.1947432669565874,-0.6043956043956058,-0.05714285714285694,35,33,ENABLE
1785583366.7194939,0.19169146257724812,-0.5824175824175839,-0.0659340659340657,35,33,ENABLE
1785583366.7244906,0.18902113374532625,-0.5824175824175839,-0.07472527472527446,35,33,ENABLE
1785583366.7294874,0.1867322804608218,-0.5164835164835182,-0.08351648351648322,35,33,ENABLE
1785583366.7344923,0.18406195162889993,-0.4945054945054963,-0.1098901098901095,35,33,ENABLE
1785583366.7394788,0.18177309834439548,-0.4945054945054963,-0.11868131868131826,35,33,ENABLE
1785583366.7444892,0.17948424505989102,-0.4725274725274744,-0.14505494505494454,35,33,ENABLE
1785583366.7494845,0.17719539177538657,-0.5164835164835182,-0.13626373626373578,35,33,ENABLE
1785583366.7545605,0.17528801403829952,-0.4065934065934087,-0.17142857142857082,35,33,ENABLE
1785583366.759541,0.17299916075379507,-0.4505494505494525,-0.18901098901098834,35,33,ENABLE
1785583366.7644958,0.17147325856412543,-0.340659340659343,-0.23296703296703214,35,33,ENABLE
1785583366.7694018,0.1699473563744558,-0.340659340659343,-0.25054945054944966,35,33,ENABLE
1785583366.7744062,0.16842145418478616,-0.3186813186813211,-0.29450549450549346,35,33,ENABLE
1785583366.7793572,0.16765850308995134,-0.2307692307692335,-0.33846153846153726,35,33,ENABLE
1785583366.7843559,0.1665140764476991,-0.2527472527472554,-0.3560439560439548,35,33,ENABLE
1785583366.7893581,0.16498817425802947,-0.2967032967032992,-0.3999999999999986,35,33,ENABLE
1785583366.7943816,0.16346227206835984,-0.2747252747252773,-0.4351648351648336,35,33,ENABLE
1785583366.7993991,0.16117341878385538,-0.4065934065934087,-0.40879120879120734,35,33,ENABLE
1785583366.804357,0.15926604104676834,-0.4505494505494525,-0.42637362637362486,35,33,ENABLE
1785583366.8095005,0.15621423666742906,-0.5164835164835182,-0.3999999999999986,35,33,ENABLE
1785583366.8144965,0.1535439078355072,-0.560439560439562,-0.3999999999999986,35,33,ENABLE
1785583366.8194046,0.15049210345616792,-0.560439560439562,-0.3999999999999986,35,33,ENABLE
1785583366.8243546,0.14782177462424606,-0.6043956043956058,-0.3999999999999986,35,33,ENABLE
1785583366.8293526,0.1451514457923242,-0.5164835164835182,-0.4351648351648336,35,33,ENABLE
1785583366.8343525,0.14248111696040233,-0.5164835164835182,-0.47032967032966866,35,33,ENABLE
1785583366.8395014,0.14057373922331529,-0.4725274725274744,-0.49670329670329494,35,33,ENABLE
1785583366.8445432,0.13866636148622824,-0.4065934065934087,-0.5670329670329686,35,33,ENABLE
1785583366.8494616,0.1371404592965586,-0.3626373626373649,-0.6109890109890124,35,33,ENABLE
1785583366.854363,0.13561455710688897,-0.3626373626373649,-0.6989010989011,35,33,ENABLE
1785583366.8593974,0.13485160601205415,-0.1868131868131897,-0.7956043956043963,35,33,ENABLE
1785583366.86441,0.13485160601205415,-0.0329670329670364,-0.9010989010989015,35,33,ENABLE
1785583366.8693554,0.13485160601205415,-0.0549450549450583,-0.989010989010989,35,33,ENABLE
1785583366.8743556,0.13485160601205415,-0.0329670329670364,-1.068131868131868,35,33,ENABLE
1785583366.879386,0.13485160601205415,-0.010989010989014503,-1.1560439560439555,35,33,ENABLE
1785583366.8843544,0.13485160601205415,-0.0329670329670364,-1.2175824175824168,35,33,ENABLE
1785583366.8893547,0.13523308155947156,0.010989010989014503,-1.2967032967032956,35,33,ENABLE
1785583366.8943574,0.13523308155947156,0.0549450549450583,-1.3758241758241745,35,33,ENABLE
1785583366.8993542,0.13523308155947156,0.010989010989014503,-1.4461538461538446,35,33,ENABLE
1785583366.9043524,0.13561455710688897,0.010989010989014503,-1.5164835164835182,35,33,ENABLE
1785583366.9094052,0.13599603265430638,0.0329670329670364,-1.6043956043956058,35,33,ENABLE
1785583366.9145358,0.137521934843976,0.2087912087912116,-1.745054945054946,35,33,ENABLE
1785583366.9194992,0.14057373922331529,0.4725274725274744,-2.0,35,33,ENABLE
1785583366.9243932,0.1447699702449068,0.7362637362637372,-2.184615384615384,35,33,ENABLE
1785583366.9294963,0.1497291523613331,0.8461538461538467,-2.3780219780219785,35,33,ENABLE
1785583366.9344943,0.15430685893034202,0.9120879120879124,-2.5538461538461537,35,33,ENABLE
1785583366.939481,0.15926604104676834,0.9780219780219781,-2.72087912087912,35,33,ENABLE
1785583366.9445593,0.16422522316319466,0.9340659340659343,-2.861538461538462,35,33,ENABLE
1785583366.9495418,0.16918440527962098,0.9780219780219781,-3.010989010989011,35,33,ENABLE
1785583366.954542,0.1741435873960473,0.9780219780219781,-3.1780219780219774,35,33,ENABLE
1785583366.9594867,0.17910276951247361,1.021978021978022,-3.3098901098901106,35,33,ENABLE
1785583366.964551,0.18482490272373475,1.0439560439560438,-3.4681318681318682,35,33,ENABLE
1785583366.9694846,0.19016556038757848,1.0659340659340657,-3.617582417582417,35,33,ENABLE
1785583366.9744978,0.1951247425040048,1.0,-3.7142857142857135,35,33,ENABLE
1785583366.9794893,0.1997024490730137,0.9120879120879124,-3.8109890109890117,35,33,ENABLE
1785583366.984552,0.20275425345235298,0.7142857142857153,-3.8549450549450555,35,33,ENABLE
1785583366.9894857,0.20542458228427485,0.560439560439562,-3.863736263736264,35,33,ENABLE
1785583366.9944797,0.20656900892652708,0.3626373626373649,-3.863736263736264,35,33,ENABLE
1785583366.999494,0.20695048447394448,0.120879120879124,-3.8197802197802204,35,33,ENABLE
1785583367.0045278,0.20580605783169226,-0.0989010989011021,-3.7846153846153854,35,33,ENABLE
1785583367.0094938,0.20428015564202262,-0.2747252747252773,-3.7054945054945048,35,33,ENABLE
1785583367.0144906,0.20122835126268335,-0.4725274725274744,-3.652747252747252,35,33,ENABLE
1785583367.0194957,0.19779507133592666,-0.6703296703296715,-3.5736263736263734,35,33,ENABLE
1785583367.024489,0.19321736476691775,-0.8241758241758248,-3.4857142857142858,35,33,ENABLE
1785583367.0294924,0.18863965819790884,-0.9340659340659343,-3.4153846153846157,35,33,ENABLE
1785583367.0344863,0.18329900053406512,-1.021978021978022,-3.327472527472528,35,33,ENABLE
1785583367.0394888,0.17719539177538657,-1.1758241758241752,-3.2131868131868124,35,33,ENABLE
1785583367.044484,0.16956588082703838,-1.417582417582416,-3.0725274725274723,35,33,ENABLE
1785583367.0495188,0.16041046768902056,-1.659340659340657,-2.9142857142857146,35,33,ENABLE
1785583367.0545447,0.15125505455100274,-1.7912087912087884,-2.782417582417583,35,33,ENABLE
1785583367.059479,0.1417181658655675,-1.901098901098898,-2.6329670329670325,35,33,ENABLE
1785583367.0644903,0.13141832608529747,-2.0109890109890145,-2.474725274725275,35,33,ENABLE
1785583367.0695693,0.1203555352101926,-2.120879120879124,-2.3340659340659347,35,33,ENABLE
1785583367.0745046,0.10929274433508773,-2.2747252747252773,-2.149450549450549,35,33,ENABLE
1785583367.07953,0.09670405127031323,-2.4065934065934087,-1.964835164835165,35,33,ENABLE
1785583367.0844908,0.08335240711070391,-2.582417582417584,-1.7626373626373635,35,33,ENABLE
1785583367.0895674,0.07000076295109459,-2.6483516483516496,-1.5780219780219795,35,33,ENABLE
1785583367.0945323,0.056267643244067855,-2.7142857142857153,-1.393406593406592,35,33,ENABLE
1785583367.0994968,0.042915999084458534,-2.736263736263737,-1.2351648351648343,35,33,ENABLE
1785583367.104495,0.029182879377431803,-2.736263736263737,-1.0769230769230766,35,33,ENABLE
1785583367.1094978,0.01583123521782248,-2.6703296703296715,-0.953846153846154,35,33,ENABLE
1785583367.114539,0.0024795910582131597,-2.6703296703296715,-0.8219780219780226,35,33,ENABLE
1785583367.1195369,-0.010490577553978753,-2.6263736263736277,-0.6989010989011,35,33,ENABLE
1785583367.1244936,-0.023079270618753256,-2.604395604395606,-0.5758241758241773,35,33,ENABLE
1785583367.1294773,-0.03604943923094517,-2.6263736263736277,-0.4351648351648336,35,33,ENABLE
1785583367.1344917,-0.04901960784313708,-2.604395604395606,-0.312087912087911,35,33,ENABLE
1785583367.1394806,-0.06198977645532899,-2.560439560439562,-0.18021978021977958,35,33,ENABLE
1785583367.1444795,-0.07419699397268609,-2.516483516483518,-0.07472527472527446,35,33,ENABLE
1785583367.1495457,-0.08602273594262577,-2.362637362637365,0.00439560439560438,35,33,ENABLE
1785583367.1545467,-0.09632257572289582,-2.2087912087912116,0.05714285714285694,35,33,ENABLE
1785583367.159502,-0.10700389105058328,-2.164835164835168,0.18021978021977958,35,33,ENABLE
1785583367.1645703,-0.11730373083085333,-2.098901098901102,0.25054945054944966,35,33,ENABLE
1785583367.1695032,-0.12722209506370596,-2.0109890109890145,0.32087912087911974,35,33,ENABLE
1785583367.1744807,-0.13599603265430638,-1.879120879120876,0.3736263736263723,35,33,ENABLE
1785583367.1794798,-0.14438849469748938,-1.7252747252747227,0.40879120879120734,35,33,ENABLE
1785583367.1844943,-0.15163653009842015,-1.5714285714285694,0.4351648351648336,35,33,ENABLE
1785583367.1894941,-0.1581216144045161,-1.3736263736263723,0.42637362637362486,35,33,ENABLE
1785583367.1944911,-0.16384374761577725,-1.241758241758241,0.42637362637362486,35,33,ENABLE
1785583367.19952,-0.16918440527962098,-1.1098901098901095,0.4175824175824161,35,33,ENABLE
1785583367.2044783,-0.17299916075379507,-0.9120879120879124,0.3736263736263723,35,33,ENABLE
1785583367.209493,-0.17528801403829952,-0.6263736263736277,0.2857142857142847,35,33,ENABLE
1785583367.214491,-0.17605096513313434,-0.340659340659343,0.18021978021977958,35,33,ENABLE
1785583367.219496,-0.17566948958571693,-0.0549450549450583,0.07472527472527446,35,33,ENABLE
1785583367.2244792,-0.17566948958571693,0.010989010989014503,0.01318681318681314,35,33,ENABLE
1785583367.2295094,-0.17566948958571693,-0.010989010989014503,-0.0219780219780219,35,33,ENABLE
1785583367.2344844,-0.17528801403829952,0.010989010989014503,-0.04835164835164818,35,33,ENABLE
1785583367.2394934,-0.17376211184862989,0.2967032967032992,-0.17142857142857082,35,33,ENABLE
1785583367.2445412,-0.17147325856412543,0.3846153846153868,-0.23296703296703214,35,33,ENABLE
1785583367.2495596,-0.16842145418478616,0.5164835164835182,-0.32087912087911974,35,33,ENABLE
1785583367.254479,-0.16460669871061206,0.6263736263736277,-0.3912087912087898,35,33,ENABLE
1785583367.2595015,-0.16117341878385538,0.7142857142857153,-0.47032967032966866,35,33,ENABLE
1785583367.2645674,-0.1573586633096813,0.7362637362637372,-0.5406593406593423,35,33,ENABLE
1785583367.2694867,-0.1539253833829246,0.7362637362637372,-0.6021978021978036,35,33,ENABLE
1785583367.2744794,-0.1497291523613331,0.780219780219781,-0.6373626373626387,35,33,ENABLE
1785583367.2794838,-0.14629587243457642,0.7362637362637372,-0.6637362637362649,35,33,ENABLE
1785583367.284486,-0.14286259250781974,0.6703296703296715,-0.6725274725274737,35,33,ENABLE
1785583367.2894866,-0.13942931258106306,0.6483516483516496,-0.6813186813186825,35,33,ENABLE
1785583367.2944946,-0.13599603265430638,0.6923076923076934,-0.6813186813186825,35,33,ENABLE
1785583367.299491,-0.1325627527275497,0.6923076923076934,-0.7076923076923087,35,33,ENABLE
1785583367.3045015,-0.129129472800793,0.6923076923076934,-0.7076923076923087,35,33,ENABLE
1785583367.3095295,-0.12569619287403633,0.6483516483516496,-0.7164835164835175,35,33,ENABLE
1785583367.31449,-0.12302586404211446,0.6043956043956058,-0.7076923076923087,35,33,ENABLE
1785583367.3194966,-0.11997405966277519,0.5824175824175839,-0.6989010989011,35,33,ENABLE
1785583367.3244925,-0.11692225528343592,0.6043956043956058,-0.6989010989011,35,33,ENABLE
1785583367.3294928,-0.11387045090409664,0.5824175824175839,-0.6901098901098912,35,33,ENABLE
1785583367.334487,-0.11043717097733996,0.6483516483516496,-0.7076923076923087,35,33,ENABLE
1785583367.3394997,-0.10700389105058328,0.6923076923076934,-0.734065934065935,35,33,ENABLE
1785583367.3444912,-0.10318913557640919,0.7142857142857153,-0.7516483516483525,35,33,ENABLE
1785583367.3495138,-0.0993743801022351,0.7582417582417591,-0.7868131868131876,35,33,ENABLE
1785583367.3544784,-0.09517814908064359,0.8021978021978029,-0.8131868131868139,35,33,ENABLE
1785583367.3594828,-0.09098191805905209,0.8241758241758248,-0.8395604395604401,35,33,ENABLE
1785583367.3645077,-0.08640421149004318,0.8901098901098905,-0.8659340659340664,35,33,ENABLE
1785583367.3694808,-0.08144502937361686,0.9120879120879124,-0.8923076923076927,35,33,ENABLE
1785583367.3745475,-0.07686732280460795,0.9340659340659343,-0.8923076923076927,35,33,ENABLE
1785583367.3794744,-0.07228961623559904,0.9340659340659343,-0.9098901098901102,35,33,ENABLE
1785583367.3844924,-0.06733043411917272,0.9340659340659343,-0.9274725274725277,35,33,ENABLE
1785583367.389489,-0.06313420309758122,0.9120879120879124,-0.918681318681319,35,33,ENABLE
1785583367.394541,-0.05893797207598972,0.8461538461538467,-0.918681318681319,35,33,ENABLE
1785583367.3994765,-0.05474174105439822,0.8241758241758248,-0.9010989010989015,35,33,ENABLE
1785583367.4044943,-0.05016403448538931,0.8461538461538467,-0.9010989010989015,35,33,ENABLE
1785583367.4094868,-0.04596780346379781,0.8461538461538467,-0.8923076923076927,35,33,ENABLE
1785583367.4144962,-0.041771572442206306,0.8681318681318686,-0.9010989010989015,35,33,ENABLE
1785583367.4194899,-0.037575341420614805,0.8241758241758248,-0.8835164835164839,35,33,ENABLE
1785583367.4244874,-0.032997634851605895,0.8241758241758248,-0.8923076923076927,35,33,ENABLE
1785583367.4294887,-0.028419928282596985,0.8681318681318686,-0.8835164835164839,35,33,ENABLE
1785583367.434561,-0.024223697261005483,0.8021978021978029,-0.8659340659340664,35,33,ENABLE
1785583367.4395275,-0.02040894178683139,0.8021978021978029,-0.8307692307692314,35,33,ENABLE
1785583367.4444814,-0.01697566186007471,0.7142857142857153,-0.7956043956043963,35,33,ENABLE
1785583367.4495263,-0.013542381933318026,0.6483516483516496,-0.7428571428571438,35,33,ENABLE
1785583367.4544945,-0.010109102006561344,0.6923076923076934,-0.6989010989011,35,33,ENABLE
1785583367.4594793,-0.007438773174639479,0.6263736263736277,-0.6549450549450562,35,33,ENABLE
1785583367.4644918,-0.0040054932478827965,0.6043956043956058,-0.6549450549450562,35,33,ENABLE
1785583367.4694896,0.0001907377737087046,0.7362637362637372,-0.6725274725274737,35,33,ENABLE
1785583367.4745166,0.004768444342717615,0.8461538461538467,-0.6989010989011,35,33,ENABLE
1785583367.4794908,0.010109102006561344,1.0,-0.7252747252747263,35,33,ENABLE
1785583367.4844828,0.014686808575570254,0.9780219780219781,-0.7516483516483525,35,33,ENABLE
1785583367.489491,0.019645990691996573,0.9560439560439562,-0.7516483516483525,35,33,ENABLE
1785583367.494542,0.024223697261005483,0.9120879120879124,-0.7428571428571438,35,33,ENABLE
1785583367.4994822,0.028801403830014394,0.8901098901098905,-0.734065934065935,35,33,ENABLE
1785583367.5044796,0.033379110399023304,0.9120879120879124,-0.734065934065935,35,33,ENABLE
1785583367.5094876,0.03833829251544962,0.9560439560439562,-0.734065934065935,35,33,ENABLE
1785583367.514491,0.042915999084458534,0.9340659340659343,-0.7252747252747263,35,33,ENABLE
1785583367.519545,0.047493705653467444,0.8901098901098905,-0.6813186813186825,35,33,ENABLE
1785583367.5244918,0.051308461127641536,0.8241758241758248,-0.6549450549450562,35,33,ENABLE
1785583367.5294802,0.05512321660181563,0.780219780219781,-0.6285714285714299,35,33,ENABLE
1785583367.5344763,0.05931944762340713,0.8241758241758248,-0.6285714285714299,35,33,ENABLE
1785583367.5395203,0.06389715419241604,0.8681318681318686,-0.6285714285714299,35,33,ENABLE
1785583367.5444782,0.06847486076142495,0.9120879120879124,-0.6373626373626387,35,33,ENABLE
1785583367.5495408,0.07305256733043386,0.9120879120879124,-0.6373626373626387,35,33,ENABLE
1785583367.5544899,0.07801174944686018,0.9560439560439562,-0.6725274725274737,35,33,ENABLE
1785583367.559679,0.08411535820553873,1.0879120879120876,-0.7164835164835175,35,33,ENABLE
1785583367.56455,0.09021896696421727,1.197802197802197,-0.7780219780219788,35,33,ENABLE
1785583367.5694876,0.09708552681773064,1.3296703296703285,-0.8747252747252752,35,33,ENABLE
1785583367.574495,0.10509651331349623,1.4835164835164818,-0.9978021978021978,35,33,ENABLE
1785583367.5794916,0.11348897535667923,1.659340659340657,-1.1472527472527467,35,33,ENABLE
1785583367.5844827,0.12302586404211446,1.8351648351648322,-1.287912087912087,35,33,ENABLE
1785583367.5894914,0.1329442282749671,1.9450549450549417,-1.4109890109890095,35,33,ENABLE
1785583367.5944803,0.14324406805523715,2.0109890109890145,-1.525274725274727,35,33,ENABLE
1785583367.599485,0.15430685893034202,2.098901098901102,-1.6923076923076934,35,33,ENABLE
1785583367.6045208,0.1657511253528643,2.2307692307692335,-1.8681318681318686,35,33,ENABLE
1785583367.6094785,0.17757686732280398,2.340659340659343,-2.0175824175824175,35,33,ENABLE
1785583367.6144886,0.18978408484016107,2.384615384615387,-2.105494505494505,35,33,ENABLE
1785583367.6194947,0.20160982681010076,2.362637362637365,-2.2285714285714278,35,33,ENABLE
1785583367.6245522,0.21267261768520562,2.2307692307692335,-2.325274725274726,35,33,ENABLE
1785583367.6294882,0.22335393301289308,2.1868131868131897,-2.395604395604396,35,33,ENABLE
1785583367.6344888,0.23365377279316313,2.098901098901102,-2.4131868131868135,35,33,ENABLE
1785583367.6394773,0.24280918593118095,1.857142857142854,-2.395604395604396,35,33,ENABLE
1785583367.6445148,0.2508201724269483,1.681318681318679,-2.395604395604396,35,33,ENABLE
1785583367.649551,0.2580682078278791,1.5494505494505475,-2.395604395604396,35,33,ENABLE
1785583367.654474,0.26531624322880987,1.46153846153846,-2.395604395604396,35,33,ENABLE
1785583367.6595047,0.2718013275349058,1.3296703296703285,-2.3692307692307697,35,33,ENABLE
1785583367.6645246,0.27714198519874955,1.1538461538461533,-2.325274725274726,35,33,ENABLE
1785583367.6695426,0.28210116731517587,1.021978021978022,-2.281318681318682,35,33,ENABLE
1785583367.6744866,0.28591592278934996,0.8461538461538467,-2.2109890109890102,35,33,ENABLE
1785583367.6795428,0.28896772716868924,0.6923076923076934,-2.149450549450549,35,33,ENABLE
1785583367.684485,0.2908751049057763,0.4725274725274744,-2.07032967032967,35,33,ENABLE
1785583367.689569,0.2920195315480285,0.2527472527472554,-1.9384615384615387,35,33,ENABLE
1785583367.6945298,0.2924010070954459,0.120879120879124,-1.8329670329670336,35,33,ENABLE
1785583367.6995487,0.2924010070954459,0.0329670329670364,-1.7714285714285722,35,33,ENABLE
1785583367.7045386,0.2924010070954459,-0.010989010989014503,-1.7186813186813197,35,33,ENABLE
1785583367.7095659,0.2924010070954459,0.010989010989014503,-1.6571428571428584,35,33,ENABLE
1785583367.7145388,0.2920195315480285,-0.0549450549450583,-1.6043956043956058,35,33,ENABLE
1785583367.7195313,0.2912565804531937,-0.0989010989011021,-1.560439560439562,35,33,ENABLE
1785583367.7244904,0.2904936293583589,-0.1648351648351678,-1.5076923076923094,35,33,ENABLE
1785583367.7295134,0.28896772716868924,-0.2527472527472554,-1.4197802197802183,35,33,ENABLE
1785583367.7344923,0.28591592278934996,-0.4725274725274744,-1.2703296703296694,35,33,ENABLE
1785583367.73949,0.2824826428625933,-0.6703296703296715,-1.1560439560439555,35,33,ENABLE
1785583367.7444904,0.27790493629358437,-0.8461538461538467,-0.9978021978021978,35,33,ENABLE
1785583367.7495446,0.27218280308232323,-1.0439560439560438,-0.8395604395604401,35,33,ENABLE
1785583367.754534,0.2668421454184795,-1.0879120879120876,-0.7252747252747263,35,33,ENABLE
1785583367.7595298,0.26112001220721837,-1.1538461538461533,-0.5934065934065949,35,33,ENABLE
1785583367.7645004,0.25539787899595723,-1.1538461538461533,-0.5054945054945073,35,33,ENABLE
1785583367.7697787,0.2492942702372769,-1.219780219780219,-0.4175824175824161,35,33,ENABLE
1785583367.7746747,0.24319066147859836,-1.197802197802197,-0.33846153846153726,35,33,ENABLE
1785583367.7793982,0.23785000381475463,-1.1318681318681314,-0.27692307692307594,35,33,ENABLE
1785583367.784403,0.2328908216983283,-1.0659340659340657,-0.21538461538461462,35,33,ENABLE
1785583367.7895916,0.22755016403448458,-1.0439560439560438,-0.18021978021977958,35,33,ENABLE
1785583367.7946358,0.22259098191805826,-1.0,-0.13626373626373578,35,33,ENABLE
1785583367.7997613,0.21801327534904935,-0.9340659340659343,-0.13626373626373578,35,33,ENABLE
1785583367.8046088,0.21419851987487526,-0.8461538461538467,-0.13626373626373578,35,33,ENABLE
1785583367.809276,0.21114671549553599,-0.7142857142857153,-0.14505494505494454,35,33,ENABLE
1785583367.814311,0.20885786221103153,-0.560439560439562,-0.18901098901098834,35,33,ENABLE
1785583367.8195755,0.20618753337910967,-0.5164835164835182,-0.20659340659340586,35,33,ENABLE
1785583367.8245723,0.2035172045471878,-0.560439560439562,-0.18901098901098834,35,33,ENABLE
1785583367.8295505,0.20008392462043112,-0.6263736263736277,-0.16263736263736206,35,33,ENABLE
1785583367.8345401,0.19626916914625703,-0.7362637362637372,-0.12747252747252702,35,33,ENABLE
1785583367.8394012,0.19245441367208294,-0.7582417582417591,-0.09230769230769198,35,33,ENABLE
1785583367.844364,0.18863965819790884,-0.780219780219781,-0.03076923076923066,35,33,ENABLE
1785583367.8495693,0.18444342717631734,-0.8681318681318686,0.00439560439560438,35,33,ENABLE
1785583367.854582,0.18024719615472584,-0.8461538461538467,0.03076923076923066,35,33,ENABLE
1785583367.8596106,0.17643244068055175,-0.8021978021978029,0.03076923076923066,35,33,ENABLE
1785583367.864579,0.17338063630121248,-0.6703296703296715,0.00439560439560438,35,33,ENABLE
1785583367.8694112,0.17109178301670802,-0.5824175824175839,-0.03076923076923066,35,33,ENABLE
1785583367.8744648,0.16842145418478616,-0.5384615384615401,-0.07472527472527446,35,33,ENABLE
1785583367.8797872,0.1661326009002817,-0.4725274725274744,-0.09230769230769198,35,33,ENABLE
1785583367.8844926,0.16346227206835984,-0.5164835164835182,-0.1098901098901095,35,33,ENABLE
1785583367.8894055,0.16079194323643797,-0.5384615384615401,-0.1098901098901095,35,33,ENABLE
1785583367.8944123,0.1581216144045161,-0.5384615384615401,-0.1098901098901095,35,33,ENABLE
1785583367.8994474,0.15506981002517684,-0.6043956043956058,-0.11868131868131826,35,33,ENABLE
1785583367.9044056,0.15239948119325497,-0.5824175824175839,-0.11868131868131826,35,33,ENABLE
1785583367.9096222,0.1493476768139157,-0.5384615384615401,-0.13626373626373578,35,33,ENABLE
1785583367.914409,0.14667734798199383,-0.5824175824175839,-0.16263736263736206,35,33,ENABLE
1785583367.9193954,0.1451514457923242,-0.4285714285714306,-0.23296703296703214,35,33,ENABLE
1785583367.9244034,0.14362554360265456,-0.340659340659343,-0.3032967032967022,35,33,ENABLE
1785583367.9294124,0.14248111696040233,-0.2967032967032992,-0.347252747252746,35,33,ENABLE
1785583367.9344196,0.14057373922331529,-0.3626373626373649,-0.38241758241758106,35,33,ENABLE
1785583367.9395845,0.13866636148622824,-0.3186813186813211,-0.4439560439560424,35,33,ENABLE
1785583367.9446704,0.1367589837491412,-0.4065934065934087,-0.4439560439560424,35,33,ENABLE
1785583367.9495313,0.13485160601205415,-0.4285714285714306,-0.4879120879120862,35,33,ENABLE
1785583367.954425,0.1329442282749671,-0.3626373626373649,-0.5230769230769248,35,33,ENABLE
1785583367.959402,0.13103685053788006,-0.4065934065934087,-0.5582417582417598,35,33,ENABLE
1785583367.9644768,0.12951094834821042,-0.340659340659343,-0.6109890109890124,35,33,ENABLE
1785583367.9693997,0.12798504615854078,-0.340659340659343,-0.6725274725274737,35,33,ENABLE
1785583367.9743986,0.12684061951628856,-0.2307692307692335,-0.7780219780219788,35,33,ENABLE
1785583367.9793992,0.12684061951628856,-0.0769230769230802,-0.8923076923076927,35,33,ENABLE
1785583367.984461,0.12722209506370596,0.010989010989014503,-0.9978021978021978,35,33,ENABLE
1785583367.9894004,0.12760357061112337,0.0549450549450583,-1.0945054945054942,35,33,ENABLE
1785583367.9943955,0.12760357061112337,0.010989010989014503,-1.1648351648351642,35,33,ENABLE
1785583367.9993913,0.12760357061112337,0.010989010989014503,-1.243956043956043,35,33,ENABLE
1785583368.0043964,0.12798504615854078,0.010989010989014503,-1.323076923076922,35,33,ENABLE
1785583368.009407,0.12798504615854078,0.010989010989014503,-1.4021978021978008,35,33,ENABLE
1785583368.0143995,0.1283665217059582,0.0549450549450583,-1.4813186813186796,35,33,ENABLE
1785583368.0194,0.129129472800793,0.120879120879124,-1.5868131868131883,35,33,ENABLE
1785583368.024395,0.13027389944304524,0.1648351648351678,-1.709890109890111,35,33,ENABLE
1785583368.0293908,0.13370717936980192,0.5824175824175839,-2.0087912087912088,35,33,ENABLE
1785583368.0343974,0.14019226367589788,1.021978021978022,-2.3076923076923084,35,33,ENABLE
1785583368.0394027,0.14667734798199383,1.219780219780219,-2.5186813186813186,35,33,ENABLE
1785583368.0443952,0.15278095674067238,1.241758241758241,-2.7472527472527464,35,33,ENABLE
1785583368.0494552,0.15964751659418575,1.3296703296703285,-2.975824175824176,35,33,ENABLE
1785583368.054404,0.1665140764476991,1.3296703296703285,-3.151648351648351,35,33,ENABLE
1785583368.0593987,0.17223620965896025,1.219780219780219,-3.2659340659340668,35,33,ENABLE
1785583368.0643907,0.1779583428702214,1.1758241758241752,-3.4153846153846157,35,33,ENABLE
1785583368.0693974,0.18406195162889993,1.1758241758241752,-3.5648351648351646,35,33,ENABLE
1785583368.0744028,0.18978408484016107,1.1538461538461533,-3.696703296703296,35,33,ENABLE
1785583368.0794055,0.1951247425040048,1.0879120879120876,-3.802197802197803,35,33,ENABLE
1785583368.084396,0.20008392462043112,1.0439560439560438,-3.9252747252747255,35,33,ENABLE
1785583368.0893924,0.20466163118944003,0.9120879120879124,-3.986813186813187,35,33,ENABLE
1785583368.0944011,0.2080949111161967,0.780219780219781,-4.039560439560439,35,33,ENABLE
1785583368.0993938,0.21000228885328376,0.5164835164835182,-4.039560439560439,35,33,ENABLE
1785583368.1043975,0.2115281910429534,0.3626373626373649,-4.021978021978022,35,33,ENABLE
1785583368.109422,0.2115281910429534,0.0769230769230802,-3.9692307692307693,35,33,ENABLE
1785583368.1143904,0.21000228885328376,-0.1648351648351678,-3.9252747252747255,35,33,ENABLE
1785583368.1193933,0.2077134355687793,-0.3846153846153868,-3.8197802197802204,35,33,ENABLE
1785583368.124394,0.20428015564202262,-0.6043956043956058,-3.767032967032968,35,33,ENABLE
1785583368.1293983,0.20008392462043112,-0.7362637362637372,-3.6879120879120872,35,33,ENABLE
1785583368.1343987,0.1951247425040048,-0.9120879120879124,-3.582417582417582,35,33,ENABLE
1785583368.1393907,0.18902113374532625,-1.1098901098901095,-3.4681318681318682,35,33,ENABLE
1785583368.144389,0.1825360494392303,-1.2857142857142847,-3.3186813186813193,35,33,ENABLE
1785583368.1493964,0.1745250629434647,-1.46153846153846,-3.1692307692307686,35,33,ENABLE
1785583368.1544015,0.16536964980544688,-1.7472527472527446,-3.002197802197802,35,33,ENABLE
1785583368.159411,0.15545128557259424,-1.9230769230769198,-2.8527472527472533,35,33,ENABLE
1785583368.1644142,0.1447699702449068,-2.0549450549450583,-2.694505494505494,35,33,ENABLE
1785583368.1694083,0.13370717936980192,-2.1868131868131897,-2.50989010989011,35,33,ENABLE
1785583368.1744556,0.12188143739986224,-2.318681318681321,-2.325274725274726,35,33,ENABLE
1785583368.1793885,0.10967421988250514,-2.4285714285714306,-2.1582417582417577,35,33,ENABLE
1785583368.1843934,0.09708552681773064,-2.53846153846154,-1.9912087912087912,35,33,ENABLE
1785583368.1893985,0.08373388265812132,-2.6263736263736277,-1.8065934065934073,35,33,ENABLE
1785583368.194418,0.070382238498512,-2.6703296703296715,-1.6219780219780233,35,33,ENABLE
1785583368.1993947,0.056267643244067855,-2.780219780219781,-1.428571428571427,35,33,ENABLE
1785583368.204402,0.041771572442206306,-2.8461538461538467,-1.2527472527472518,35,33,ENABLE
1785583368.2093956,0.026894026092927348,-2.9120879120879124,-1.068131868131868,35,33,ENABLE
1785583368.2143943,0.012779430838483208,-2.8901098901098905,-0.9010989010989015,35,33,ENABLE
1785583368.219389,-0.0017166399633783413,-2.8901098901098905,-0.734065934065935,35,33,ENABLE
1785583368.2243953,-0.01621271076523989,-2.8901098901098905,-0.5846153846153861,35,33,ENABLE
1785583368.2293854,-0.02994583047226662,-2.8461538461538467,-0.45274725274725114,35,33,ENABLE
1785583368.2343922,-0.04367895017929335,-2.758241758241759,-0.3296703296703285,35,33,ENABLE
1785583368.2394483,-0.056649118791485265,-2.6483516483516496,-0.23296703296703214,35,33,ENABLE
1785583368.2443898,-0.06885633630884236,-2.53846153846154,-0.12747252747252702,35,33,ENABLE
1785583368.2493947,-0.08030060273136463,-2.384615384615387,-0.08351648351648322,35,33,ENABLE
1785583368.2543857,-0.0913633936064695,-2.2087912087912116,-0.0219780219780219,35,33,ENABLE
1785583368.259455,-0.10090028229190473,-2.0329670329670364,0.0219780219780219,35,33,ENABLE
1785583368.264394,-0.10967421988250514,-1.857142857142854,0.04835164835164818,35,33,ENABLE
1785583368.2694066,-0.11882963302052296,-1.857142857142854,0.14505494505494454,35,33,ENABLE
1785583368.274405,-0.12760357061112337,-1.7912087912087884,0.1978021978021971,35,33,ENABLE
1785583368.2793996,-0.1367589837491412,-1.7912087912087884,0.27692307692307594,35,33,ENABLE
1785583368.284396,-0.1451514457923242,-1.7472527472527446,0.3560439560439548,35,33,ENABLE
1785583368.289407,-0.1531624322880898,-1.637362637362635,0.42637362637362486,35,33,ENABLE
1785583368.2943912,-0.16041046768902056,-1.5274725274725256,0.47032967032966866,35,33,ENABLE
1785583368.2994032,-0.1661326009002817,-1.2857142857142847,0.4615384615384599,35,33,ENABLE
1785583368.3044467,-0.17185473411154284,-1.1318681318681314,0.47032967032966866,35,33,ENABLE
1785583368.3093977,-0.17605096513313434,-0.9560439560439562,0.4439560439560424,35,33,ENABLE
1785583368.3144057,-0.1783398184176388,-0.6263736263736277,0.347252747252746,35,33,ENABLE
1785583368.319391,-0.1787212939650562,-0.2747252747252773,0.22417582417582338,35,33,ENABLE
1785583368.3244004,-0.1783398184176388,-0.0329670329670364,0.12747252747252702,35,33,ENABLE
1785583368.3294072,-0.1783398184176388,-0.0329670329670364,0.07472527472527446,35,33,ENABLE
1785583368.334399,-0.1779583428702214,0.0329670329670364,0.0219780219780219,35,33,ENABLE
1785583368.3394032,-0.17719539177538657,0.120879120879124,-0.04835164835164818,35,33,ENABLE
1785583368.344389,-0.1749065384908821,0.3186813186813211,-0.11868131868131826,35,33,ENABLE
1785583368.349399,-0.17261768520637766,0.4065934065934087,-0.1538461538461533,35,33,ENABLE
1785583368.3543909,-0.1699473563744558,0.4945054945054963,-0.21538461538461462,35,33,ENABLE
1785583368.359403,-0.16727702754253393,0.5164835164835182,-0.2857142857142847,35,33,ENABLE
1785583368.3643863,-0.16460669871061206,0.5384615384615401,-0.29450549450549346,35,33,ENABLE
1785583368.369405,-0.16117341878385538,0.6263736263736277,-0.3560439560439548,35,33,ENABLE
1785583368.3744035,-0.1577401388570987,0.7142857142857153,-0.4175824175824161,35,33,ENABLE
1785583368.3793879,-0.1539253833829246,0.7142857142857153,-0.4439560439560424,35,33,ENABLE
1785583368.38439,-0.15049210345616792,0.7142857142857153,-0.47032967032966866,35,33,ENABLE
1785583368.3894048,-0.14667734798199383,0.6923076923076934,-0.49670329670329494,35,33,ENABLE
1785583368.3944058,-0.14324406805523715,0.7142857142857153,-0.5054945054945073,35,33,ENABLE
1785583368.3993928,-0.13942931258106306,0.6923076923076934,-0.5318681318681335,35,33,ENABLE
1785583368.4043965,-0.13523308155947156,0.780219780219781,-0.5670329670329686,35,33,ENABLE
1785583368.409468,-0.13103685053788006,0.8241758241758248,-0.5934065934065949,35,33,ENABLE
1785583368.4144082,-0.12645914396887115,0.8461538461538467,-0.6197802197802211,35,33,ENABLE
1785583368.419406,-0.12188143739986224,0.8681318681318686,-0.6549450549450562,35,33,ENABLE
1785583368.4243984,-0.11768520637827073,0.8681318681318686,-0.6637362637362649,35,33,ENABLE
1785583368.4294012,-0.11348897535667923,0.8461538461538467,-0.6637362637362649,35,33,ENABLE
1785583368.4343867,-0.10929274433508773,0.8241758241758248,-0.6637362637362649,35,33,ENABLE
1785583368.4393942,-0.10509651331349623,0.8241758241758248,-0.6725274725274737,35,33,ENABLE
1785583368.4443958,-0.10090028229190473,0.8681318681318686,-0.6813186813186825,35,33,ENABLE
1785583368.449399,-0.09632257572289582,0.8681318681318686,-0.6989010989011,35,33,ENABLE
1785583368.4544106,-0.09174486915388691,0.9120879120879124,-0.7164835164835175,35,33,ENABLE
1785583368.4594576,-0.08678568703746059,0.9340659340659343,-0.7428571428571438,35,33,ENABLE
1785583368.46439,-0.08182650492103427,0.9780219780219781,-0.7780219780219788,35,33,ENABLE
1785583368.469398,-0.07648584725719054,1.021978021978022,-0.7868131868131876,35,33,ENABLE
1785583368.4745815,-0.07152666514076422,1.0,-0.7780219780219788,35,33,ENABLE
1785583368.479584,-0.0665674830243379,0.9780219780219781,-0.7956043956043963,35,33,ENABLE
1785583368.484393,-0.06198977645532899,0.9560439560439562,-0.7868131868131876,35,33,ENABLE
1785583368.4893959,-0.057030594338902674,0.9560439560439562,-0.7956043956043963,35,33,ENABLE
1785583368.4943876,-0.052071412222476354,0.9780219780219781,-0.7956043956043963,35,33,ENABLE
1785583368.4993956,-0.047112230106050035,1.0,-0.7956043956043963,35,33,ENABLE
1785583368.5043883,-0.042153047989623715,0.9780219780219781,-0.8043956043956051,35,33,ENABLE
1785583368.5093842,-0.037575341420614805,0.9340659340659343,-0.7868131868131876,35,33,ENABLE
1785583368.5143857,-0.032997634851605895,0.8681318681318686,-0.7604395604395613,35,33,ENABLE
1785583368.5194075,-0.028801403830014394,0.8901098901098905,-0.7604395604395613,35,33,ENABLE
1785583368.5243945,-0.024223697261005483,0.8681318681318686,-0.7164835164835175,35,33,ENABLE
1785583368.5294049,-0.02040894178683139,0.780219780219781,-0.6901098901098912,35,33,ENABLE
1785583368.534389,-0.015449759670405072,0.8681318681318686,-0.6901098901098912,35,33,ENABLE
1785583368.539452,-0.011253528648813571,0.8681318681318686,-0.6549450549450562,35,33,ENABLE
1785583368.544394,-0.00705729762722207,0.8241758241758248,-0.6461538461538474,35,33,ENABLE
1785583368.5494068,-0.002861066605630569,0.8021978021978029,-0.6197802197802211,35,33,ENABLE
1785583368.554389,0.0013351644159609322,0.8461538461538467,-0.6197802197802211,35,33,ENABLE
1785583368.5594249,0.005912870984969842,0.9340659340659343,-0.6285714285714299,35,33,ENABLE
1785583368.5643914,0.011253528648813571,1.021978021978022,-0.6901098901098912,35,33,ENABLE
1785583368.5693922,0.017357137407492118,1.1318681318681314,-0.734065934065935,35,33,ENABLE
1785583368.5743868,0.023842221713588074,1.241758241758241,-0.8043956043956051,35,33,ENABLE
1785583368.5794253,0.03070878156710144,1.3296703296703285,-0.8307692307692314,35,33,ENABLE
1785583368.5845687,0.03681239032577999,1.219780219780219,-0.8219780219780226,35,33,ENABLE
1785583368.589582,0.042153047989623715,1.1318681318681314,-0.7956043956043963,35,33,ENABLE
1785583368.594398,0.046730754558632626,1.0,-0.7428571428571438,35,33,ENABLE
1785583368.5993953,0.05092698558022413,0.9120879120879124,-0.6901098901098912,35,33,ENABLE
1785583368.6043932,0.05512321660181563,0.8241758241758248,-0.6373626373626387,35,33,ENABLE
1785583368.6094046,0.05855649652857231,0.7582417582417591,-0.6021978021978036,35,33,ENABLE
1785583368.6143901,0.0623712520027464,0.7582417582417591,-0.5758241758241773,35,33,ENABLE
1785583368.619399,0.0665674830243379,0.780219780219781,-0.5670329670329686,35,33,ENABLE
1785583368.6243942,0.07114518959334681,0.8901098901098905,-0.5846153846153861,35,33,ENABLE
1785583368.6294034,0.07648584725719054,1.021978021978022,-0.6109890109890124,35,33,ENABLE
1785583368.6343873,0.08220798046845168,1.0659340659340657,-0.6197802197802211,35,33,ENABLE
1785583368.6393843,0.08793011367971282,1.1098901098901095,-0.6461538461538474,35,33,ENABLE
1785583368.6443968,0.09403372243839137,1.219780219780219,-0.7252747252747263,35,33,ENABLE
1785583368.6493971,0.10128175783932214,1.3956043956043942,-0.8571428571428577,35,33,ENABLE
1785583368.6543915,0.10967421988250514,1.5494505494505475,-1.0153846153846153,35,33,ENABLE
1785583368.6594021,0.11921110856794037,1.7912087912087884,-1.1912087912087905,35,33,ENABLE
1785583368.6644526,0.13027389944304524,2.07692307692308,-1.358241758241757,35,33,ENABLE
1785583368.6694014,0.14209964141298492,2.2307692307692335,-1.5076923076923094,35,33,ENABLE
1785583368.6744008,0.1539253833829246,2.318681318681321,-1.6835164835164846,35,33,ENABLE
1785583368.6793902,0.1657511253528643,2.384615384615387,-1.8857142857142861,35,33,ENABLE
1785583368.6845145,0.1787212939650562,2.4505494505494525,-2.0175824175824175,35,33,ENABLE
1785583368.6895766,0.1913099870298307,2.4945054945054963,-2.0967032967032964,35,33,ENABLE
1785583368.6944644,0.2035172045471878,2.4725274725274744,-2.2373626373626365,35,33,ENABLE
1785583368.6993923,0.2153429465171275,2.4285714285714306,-2.3780219780219785,35,33,ENABLE
1785583368.704403,0.22716868848706717,2.340659340659343,-2.465934065934066,35,33,ENABLE
1785583368.7094004,0.23861295490958945,2.296703296703299,-2.4835164835164836,35,33,ENABLE
1785583368.7144065,0.2489127946898595,2.120879120879124,-2.536263736263736,35,33,ENABLE
1785583368.7193892,0.2584496833752965,1.9890109890109855,-2.58021978021978,35,33,ENABLE
1785583368.7243907,0.2672236209658969,1.8351648351648322,-2.6241758241758237,35,33,ENABLE
1785583368.7293985,0.2756160830090799,1.7032967032967008,-2.5978021978021975,35,33,ENABLE
1785583368.73439,0.2832455939574281,1.5494505494505475,-2.5538461538461537,35,33,ENABLE
1785583368.7393897,0.28934920271610665,1.3296703296703285,-2.4923076923076923,35,33,ENABLE
1785583368.7443857,0.29430838483253297,1.0879120879120876,-2.430769230769231,35,33,ENABLE
1785583368.7494247,0.29774166475928965,0.8461538461538467,-2.360439560439561,35,33,ENABLE
1785583368.7543943,0.3007934691386289,0.6483516483516496,-2.254945054945056,35,33,ENABLE
1785583368.75939,0.30231937132829856,0.3846153846153868,-2.1230769230769226,35,33,ENABLE
1785583368.7643895,0.3030823224231334,0.2527472527472554,-2.0263736263736263,35,33,ENABLE
1785583368.7693858,0.3034637979705508,0.0989010989011021,-1.92967032967033,35,33,ENABLE
1785583368.7744083,0.3030823224231334,-0.010989010989014503,-1.850549450549451,35,33,ENABLE
1785583368.779399,0.3030823224231334,-0.010989010989014503,-1.8065934065934073,35,33,ENABLE
1785583368.784388,0.3030823224231334,-0.010989010989014503,-1.7714285714285722,35,33,ENABLE
1785583368.789389,0.3030823224231334,-0.010989010989014503,-1.745054945054946,35,33,ENABLE
1785583368.7943928,0.30270084687571597,-0.0769230769230802,-1.6835164835164846,35,33,ENABLE
1785583368.7993941,0.30155642023346374,-0.2307692307692335,-1.595604395604397,35,33,ENABLE
1785583368.8043976,0.29850461585412447,-0.4505494505494525,-1.4549450549450533,35,33,ENABLE
1785583368.809386,0.2954528114747852,-0.5824175824175839,-1.358241758241757,35,33,ENABLE
1785583368.8144248,0.2908751049057763,-0.8461538461538467,-1.1648351648351642,35,33,ENABLE
1785583368.8193922,0.28591592278934996,-0.9340659340659343,-1.0417582417582416,35,33,ENABLE
1785583368.8243866,0.2801937895780888,-1.0659340659340657,-0.8835164835164839,35,33,ENABLE
1785583368.8293898,0.2740901808194103,-1.197802197802197,-0.734065934065935,35,33,ENABLE
1785583368.83442,0.2672236209658969,-1.2857142857142847,-0.6109890109890124,35,33,ENABLE
1785583368.8394005,0.25997558556496614,-1.439560439560438,-0.47032967032966866,35,33,ENABLE
1785583368.8443928,0.25234607461661795,-1.4835164835164818,-0.3560439560439548,35,33,ENABLE
1785583368.8493955,0.2450980392156854,-1.4835164835164818,-0.25054945054944966,35,33,ENABLE
1785583368.8544981,0.23746852826733722,-1.5054945054945037,-0.1538461538461533,35,33,ENABLE
1785583368.8595724,0.23060196841382385,-1.3956043956043942,-0.07472527472527446,35,33,ENABLE
1785583368.8644621,0.2244983596551453,-1.3516483516483504,-0.03956043956043942,35,33,ENABLE
1785583368.8694026,0.21877622644388417,-1.197802197802197,-0.01318681318681314,35,33,ENABLE
1785583368.8744063,0.21343556878004044,-1.1098901098901095,-0.01318681318681314,35,33,ENABLE
1785583368.8793986,0.20885786221103153,-1.0,-0.03956043956043942,35,33,ENABLE
1785583368.8843932,0.20504310673685744,-0.8681318681318686,-0.0659340659340657,35,33,ENABLE
1785583368.8894014,0.20160982681010076,-0.8021978021978029,-0.07472527472527446,35,33,ENABLE
1785583368.8943942,0.19779507133592666,-0.7582417582417591,-0.08351648351648322,35,33,ENABLE
1785583368.8994102,0.19321736476691775,-0.8901098901098905,0.00439560439560438,35,33,ENABLE
1785583368.9043994,0.18787670710307403,-1.0439560439560438,0.04835164835164818,35,33,ENABLE
1785583368.9093916,0.1825360494392303,-1.0879120879120876,0.1098901098901095,35,33,ENABLE
1785583368.9143853,0.17719539177538657,-1.0439560439560438,0.1538461538461533,35,33,ENABLE
1785583368.9194136,0.17223620965896025,-1.0439560439560438,0.17142857142857082,35,33,ENABLE
1785583368.9243932,0.16765850308995134,-0.9560439560439562,0.18021978021977958,35,33,ENABLE
1785583368.9293916,0.16346227206835984,-0.9120879120879124,0.17142857142857082,35,33,ENABLE
1785583368.9343975,0.15964751659418575,-0.8021978021978029,0.14505494505494454,35,33,ENABLE
1785583368.9393885,0.15659571221484647,-0.7362637362637372,0.12747252747252702,35,33,ENABLE
1785583368.9443855,0.1535439078355072,-0.6483516483516496,0.09230769230769198,35,33,ENABLE
1785583368.949398,0.15049210345616792,-0.6263736263736277,0.0659340659340657,35,33,ENABLE
1785583368.9546018,0.14667734798199383,-0.6923076923076934,0.0659340659340657,35,33,ENABLE
1785583368.959397,0.14324406805523715,-0.7362637362637372,0.0659340659340657,35,33,ENABLE
1785583368.9643946,0.13904783703364565,-0.8241758241758248,0.08351648351648322,35,33,ENABLE
1785583368.9693956,0.13485160601205415,-0.8681318681318686,0.10109890109890074,35,33,ENABLE
1785583368.9743984,0.13027389944304524,-0.8901098901098905,0.1098901098901095,35,33,ENABLE
1785583368.9793856,0.12645914396887115,-0.8681318681318686,0.09230769230769198,35,33,ENABLE
1785583368.9845414,0.12302586404211446,-0.7362637362637372,0.05714285714285694,35,33,ENABLE
1785583368.9895728,0.12111848630502742,-0.560439560439562,-0.03076923076923066,35,33,ENABLE
1785583368.9945314,0.11882963302052296,-0.5164835164835182,-0.09230769230769198,35,33,ENABLE
1785583368.99939,0.11730373083085333,-0.3626373626373649,-0.1538461538461533,35,33,ENABLE
1785583369.0044456,0.11463340199893146,-0.4725274725274744,-0.18021978021977958,35,33,ENABLE
1785583369.0093944,0.11310749980926182,-0.3846153846153868,-0.2857142857142847,35,33,ENABLE
1785583369.0143895,0.11272602426184442,-0.1868131868131897,-0.3999999999999986,35,33,ENABLE
1785583369.019386,0.1119630731670096,-0.120879120879124,-0.4879120879120862,35,33,ENABLE
1785583369.024391,0.11158159761959219,-0.120879120879124,-0.5758241758241773,35,33,ENABLE
1785583369.0293977,0.11120012207217478,-0.0989010989011021,-0.6637362637362649,35,33,ENABLE
1785583369.034388,0.11120012207217478,-0.0769230769230802,-0.7428571428571438,35,33,ENABLE
1785583369.0393884,0.11120012207217478,-0.010989010989014503,-0.8483516483516489,35,33,ENABLE
1785583369.044391,0.11120012207217478,0.010989010989014503,-0.9450549450549453,35,33,ENABLE
1785583369.0493994,0.1119630731670096,0.0549450549450583,-1.024175824175824,35,33,ENABLE
1785583369.054401,0.1119630731670096,0.0329670329670364,-1.1120879120879117,35,33,ENABLE
1785583369.059384,0.112344548714427,0.0329670329670364,-1.1912087912087905,35,33,ENABLE
1785583369.0643818,0.112344548714427,0.010989010989014503,-1.2703296703296694,35,33,ENABLE
1785583369.0693998,0.11272602426184442,0.0549450549450583,-1.358241758241757,35,33,ENABLE
1785583369.0743885,0.11348897535667923,0.120879120879124,-1.4725274725274708,35,33,ENABLE
1785583369.079398,0.11463340199893146,0.1868131868131897,-1.5868131868131883,35,33,ENABLE
1785583369.0843904,0.11654077973601851,0.2967032967032992,-1.7274725274725284,35,33,ENABLE
1785583369.0893993,0.11882963302052296,0.4285714285714306,-1.92967032967033,35,33,ENABLE
1785583369.0944011,0.12607766842145374,1.1318681318681314,-2.4131868131868135,35,33,ENABLE
1785583369.0993872,0.13790341039139342,1.901098901098898,-2.8439560439560445,35,33,ENABLE
1785583369.1043835,0.1489662012664983,2.120879120879124,-3.16043956043956,35,33,ENABLE
1785583369.1093934,0.15888456549935093,2.0329670329670364,-3.4505494505494507,35,33,ENABLE
1785583369.114391,0.16842145418478616,1.9450549450549417,-3.661538461538461,35,33,ENABLE
1785583369.1195798,0.17681391622796916,1.7032967032967008,-3.7758241758241766,35,33,ENABLE
1785583369.1245344,0.18329900053406512,1.439560439560438,-3.837362637362638,35,33,ENABLE
1785583369.1294193,0.18825818265049143,1.1538461538461533,-3.8461538461538467,35,33,ENABLE
1785583369.1343894,0.19207293812466553,0.9120879120879124,-3.8813186813186817,35,33,ENABLE
1785583369.139396,0.19588769359883962,0.780219780219781,-3.916483516483517,35,33,ENABLE
1785583369.1443994,0.1989394979781789,0.6483516483516496,-3.9692307692307693,35,33,ENABLE
1785583369.149396,0.20160982681010076,0.5824175824175839,-4.004395604395604,35,33,ENABLE
1785583369.154392,0.20428015564202262,0.5164835164835182,-4.039560439560439,35,33,ENABLE
1785583369.1594114,0.20542458228427485,0.3186813186813211,-4.048351648351648,35,33,ENABLE
1785583369.1644077,0.20580605783169226,0.1868131868131897,-4.0747252747252745,35,33,ENABLE
1785583369.1693919,0.20618753337910967,0.0549450549450583,-4.065934065934066,35,33,ENABLE
1785583369.1744218,0.20504310673685744,-0.120879120879124,-4.030769230769231,35,33,ENABLE
1785583369.1793876,0.20275425345235298,-0.340659340659343,-3.9692307692307693,35,33,ENABLE
1785583369.184387,0.20008392462043112,-0.5164835164835182,-3.907692307692308,35,33,ENABLE
1785583369.1893947,0.19588769359883962,-0.7362637362637372,-3.8197802197802204,35,33,ENABLE
1785583369.1944194,0.1905470359349959,-0.9340659340659343,-3.696703296703296,35,33,ENABLE
1785583369.1993852,0.18444342717631734,-1.1318681318681314,-3.5648351648351646,35,33,ENABLE
1785583369.2043986,0.17719539177538657,-1.3736263736263723,-3.4153846153846157,35,33,ENABLE
1785583369.2093914,0.16842145418478616,-1.6153846153846132,-3.23076923076923,35,33,ENABLE
1785583369.2144465,0.15888456549935093,-1.879120879120876,-3.0373626373626372,35,33,ENABLE
1785583369.2193916,0.14782177462424606,-2.120879120879124,-2.861538461538462,35,33,ENABLE
1785583369.2244267,0.13637750820172378,-2.2087912087912116,-2.6593406593406588,35,33,ENABLE
1785583369.2293944,0.1245517662317841,-2.362637362637365,-2.4835164835164836,35,33,ENABLE
1785583369.2344005,0.1119630731670096,-2.4505494505494525,-2.2989010989010996,35,33,ENABLE
1785583369.239403,0.09899290455481768,-2.560439560439562,-2.105494505494505,35,33,ENABLE
1785583369.2443843,0.08525978484779095,-2.6483516483516496,-1.9208791208791212,35,33,ENABLE
1785583369.2493954,0.07152666514076422,-2.736263736263737,-1.745054945054946,35,33,ENABLE
1785583369.2543933,0.05779354543373749,-2.758241758241759,-1.5692307692307708,35,33,ENABLE
1785583369.259602,0.042915999084458534,-2.824175824175825,-1.393406593406592,35,33,ENABLE
1785583369.2645342,0.029182879377431803,-2.8681318681318686,-1.1999999999999993,35,33,ENABLE
1785583369.269394,0.014686808575570254,-2.8901098901098905,-1.0065934065934066,35,33,ENABLE
1785583369.274396,-0.0005722133211261138,-3.0,-0.8043956043956051,35,33,ENABLE
1785583369.279449,-0.01621271076523989,-3.0659340659340657,-0.6285714285714299,35,33,ENABLE
1785583369.2843843,-0.03109025711451885,-3.043956043956044,-0.42637362637362486,35,33,ENABLE
1785583369.2893958,-0.046349279011215216,-3.0659340659340657,-0.2593406593406584,35,33,ENABLE
1785583369.2943966,-0.060845349813076766,-2.956043956043956,-0.13626373626373578,35,33,ENABLE
1785583369.2993872,-0.0745784695201035,-2.780219780219781,-0.03956043956043942,35,33,ENABLE
1785583369.3046,-0.087167162584878,-2.582417582417584,0.03956043956043942,35,33,ENABLE
1785583369.3094008,-0.09822995345998287,-2.384615384615387,0.13626373626373578,35,33,ENABLE
1785583369.3146956,-0.1119630731670096,-2.53846153846154,0.312087912087911,35,33,ENABLE
1785583369.3197246,-0.12378881513694928,-2.4065934065934087,0.38241758241758106,35,33,ENABLE
1785583369.3246098,-0.13370717936980192,-2.1868131868131897,0.45274725274725114,35,33,ENABLE
1785583369.329259,-0.14324406805523715,-2.07692307692308,0.549450549450551,35,33,ENABLE
1785583369.3341985,-0.15239948119325497,-1.9450549450549417,0.5846153846153861,35,33,ENABLE
1785583369.339176,-0.16079194323643797,-1.7692307692307665,0.6197802197802211,35,33,ENABLE
1785583369.3442369,-0.16880292973220357,-1.681318681318679,0.6813186813186825,35,33,ENABLE
1785583369.3492987,-0.17605096513313434,-1.5494505494505475,0.7164835164835175,35,33,ENABLE
1785583369.3537986,-0.18177309834439548,-1.3736263736263723,0.7252747252747263,35,33,ENABLE
1785583369.3586867,-0.18787670710307403,-1.2637362637362628,0.76923076923077,35,33,ENABLE
1785583369.3642595,-0.19321736476691775,-1.021978021978022,0.7164835164835175,35,33,ENABLE
1785583369.369343,-0.1955062180514222,-0.6263736263736277,0.6197802197802211,35,33,ENABLE
1785583369.3746524,-0.19588769359883962,-0.2747252747252773,0.49670329670329494,35,33,ENABLE
1785583369.3796873,-0.1951247425040048,-0.0329670329670364,0.4175824175824161,35,33,ENABLE
1785583369.3845522,-0.19436179140916998,0.0989010989011021,0.3296703296703285,35,33,ENABLE
1785583369.3895688,-0.19321736476691775,0.2087912087912116,0.23296703296703214,35,33,ENABLE
1785583369.3945532,-0.1905470359349959,0.4065934065934087,0.1538461538461533,35,33,ENABLE
1785583369.3994985,-0.1871137560082392,0.6263736263736277,-0.00439560439560438,35,33,ENABLE
1785583369.4045632,-0.18177309834439548,0.9120879120879124,-0.13626373626373578,35,33,ENABLE
1785583369.4095106,-0.17681391622796916,0.9780219780219781,-0.20659340659340586,35,33,ENABLE
1785583369.4146106,-0.17223620965896025,0.8681318681318686,-0.2417582417582409,35,33,ENABLE
1785583369.4195683,-0.16803997863736875,0.8241758241758248,-0.27692307692307594,35,33,ENABLE
1785583369.4245508,-0.16422522316319466,0.8241758241758248,-0.29450549450549346,35,33,ENABLE
1785583369.4295063,-0.16002899214160315,0.8021978021978029,-0.312087912087911,35,33,ENABLE
1785583369.4344957,-0.15583276112001165,0.780219780219781,-0.32087912087911974,35,33,ENABLE
1785583369.4395046,-0.15163653009842015,0.8021978021978029,-0.33846153846153726,35,33,ENABLE
1785583369.4444954,-0.14744029907682865,0.8241758241758248,-0.3560439560439548,35,33,ENABLE
1785583369.4495559,-0.14248111696040233,0.8901098901098905,-0.40879120879120734,35,33,ENABLE
1785583369.454571,-0.1367589837491412,1.021978021978022,-0.4615384615384599,35,33,ENABLE
1785583369.4595177,-0.13141832608529747,1.0879120879120876,-0.5230769230769248,35,33,ENABLE
1785583369.464497,-0.12493324177920151,1.219780219780219,-0.6021978021978036,35,33,ENABLE
1785583369.4694953,-0.11844815747310555,1.241758241758241,-0.6637362637362649,35,33,ENABLE
1785583369.474579,-0.11158159761959219,1.3296703296703285,-0.7164835164835175,35,33,ENABLE
1785583369.479555,-0.10509651331349623,1.3076923076923066,-0.76923076923077,35,33,ENABLE
1785583369.4845395,-0.09861142900740028,1.2857142857142847,-0.8043956043956051,35,33,ENABLE
1785583369.4895654,-0.09250782024872173,1.2637362637362628,-0.7956043956043963,35,33,ENABLE
1785583369.4945056,-0.087167162584878,1.1318681318681314,-0.7956043956043963,35,33,ENABLE
1785583369.4995027,-0.08182650492103427,1.0659340659340657,-0.76923076923077,35,33,ENABLE
1785583369.5044966,-0.07648584725719054,1.0659340659340657,-0.7428571428571438,35,33,ENABLE
1785583369.5095024,-0.07190814068818163,0.9780219780219781,-0.7164835164835175,35,33,ENABLE
1785583369.5145013,-0.06694895857175531,0.9340659340659343,-0.6989010989011,35,33,ENABLE
1785583369.5194914,-0.0623712520027464,0.9560439560439562,-0.6901098901098912,35,33,ENABLE
1785583369.5244942,-0.05741206988632008,0.9120879120879124,-0.6901098901098912,35,33,ENABLE
1785583369.5294938,-0.05245288776989376,0.9560439560439562,-0.6637362637362649,35,33,ENABLE
1785583369.5344937,-0.04787518120088485,0.9340659340659343,-0.6549450549450562,35,33,ENABLE
1785583369.539527,-0.042915999084458534,0.9560439560439562,-0.6461538461538474,35,33,ENABLE
1785583369.5444944,-0.03833829251544962,0.9340659340659343,-0.6373626373626387,35,33,ENABLE
1785583369.549523,-0.03376058594644071,0.9560439560439562,-0.6373626373626387,35,33,ENABLE
1785583369.5544937,-0.028419928282596985,1.0,-0.6549450549450562,35,33,ENABLE
1785583369.559572,-0.023079270618753256,0.9780219780219781,-0.6373626373626387,35,33,ENABLE
1785583369.5644948,-0.017738612954909527,1.0879120879120876,-0.6637362637362649,35,33,ENABLE
1785583369.569496,-0.012397955291065799,1.0879120879120876,-0.6637362637362649,35,33,ENABLE
1785583369.5744936,-0.00705729762722207,1.0439560439560438,-0.6461538461538474,35,33,ENABLE
