time,t_rel,target_pos
1784993388.5171156,4.406000016388134e-06,0.0
1784993388.5217247,0.00513066199999912,0.0
1784993388.5265605,0.010112210999977833,0.0
1784993388.5311494,0.015086761000020488,0.0
1784993388.5361876,0.020128924999994524,0.0
1784993388.5412624,0.02509690300001921,0.0
1784993388.5462782,0.030112184000017805,0.0
1784993388.5521219,0.03509467700001778,0.0
1784993388.5563142,0.040117475999977614,0.0
1784993388.5612895,0.0450967649999825,0.0
1784993388.5663238,0.050113157999987834,0.0
1784993388.5713968,0.055099502000018674,0.0
1784993388.5762975,0.06012072599997964,0.0
1784993388.5813124,0.06509512799999584,0.0
1784993388.586464,0.070114612999987,0.0
1784993388.5919764,0.07509495800002242,0.0
1784993388.5967011,0.08015767299997378,0.0
1784993388.6012444,0.0850939540000013,0.0
1784993388.606239,0.09011223499999232,0.0
1784993388.611218,0.09509450500002004,0.0
1784993388.6164122,0.10014296499997499,0.0
1784993388.6212466,0.10508911400000898,0.0
1784993388.6261559,0.11009534200002236,0.0
1784993388.6312807,0.11509757099997842,0.0
1784993388.6376855,0.12010542799998802,0.0
1784993388.6412675,0.12509564099997306,0.0
1784993388.646485,0.1300956489999976,0.0
1784993388.6511972,0.1350879170000212,0.0
1784993388.6561046,0.1400849620000031,0.0
1784993388.6622136,0.14509952200000953,0.0
1784993388.6664717,0.15009860300000355,0.0
1784993388.6712556,0.1550921300000141,0.0
1784993388.6762102,0.16008871299999328,0.0
1784993388.6812758,0.1650948849999736,0.0
1784993388.686336,0.17009498499999154,0.0
1784993388.6912656,0.17509647299999642,0.0
1784993388.6968532,0.18009316699999545,0.0
1784993388.7020268,0.18509334099996977,0.0
1784993388.706347,0.1900971800000093,0.0
1784993388.7111824,0.1950879670000063,0.0
1784993388.7163165,0.2000872709999726,0.0
1784993388.72133,0.20509636899998895,0.0
1784993388.7263522,0.2100942659999987,0.0
1784993388.7320328,0.21509595800000625,0.0
1784993388.7362792,0.22009487299999364,0.0
1784993388.7413154,0.22508917800001882,0.0
1784993388.746318,0.23009323899998435,0.0
1784993388.7511992,0.23509100699999408,0.0
1784993388.7562783,0.2400911249999922,0.0
1784993388.7613566,0.24509752000000162,0.0
1784993388.767523,0.25009987800001454,0.0
1784993388.771297,0.2550957199999857,0.0
1784993388.776278,0.2600942089999876,0.0
1784993388.7811463,0.2650881810000101,0.0
1784993388.7861354,0.2700893360000123,0.0
1784993388.7911882,0.2750894170000038,0.0
1784993388.796313,0.2800917569999797,0.0
1784993388.8013058,0.2850940229999992,0.0
1784993388.806202,0.2900911049999877,0.0
1784993388.8113637,0.295098591999988,0.0
1784993388.8165274,0.3000995990000206,0.0
1784993388.8213658,0.30509469999998373,0.0
1784993388.826859,0.3100937080000108,0.0
1784993388.8312771,0.31509353000001283,0.0
1784993388.8363156,0.3200937780000004,0.0
1784993388.841269,0.3250942479999708,0.0
1784993388.8473432,0.3300968290000128,0.0
1784993388.8512864,0.3350879490000125,0.0
1784993388.8562012,0.3400902710000082,0.0
1784993388.8613687,0.3450989059999756,0.0
1784993388.8682013,0.3500995800000055,0.0
1784993388.8712096,0.35509279199999355,0.0
1784993388.8763168,0.3600879669999699,0.0
1784993388.8812935,0.3650939180000137,0.0
1784993388.8870428,0.3700944990000039,0.0
1784993388.8913896,0.3752509889999942,0.0
1784993388.8962214,0.3800908470000195,0.0
1784993388.9013138,0.38509322499999143,0.0
1784993388.906265,0.39009402800002135,0.0
1784993388.9113507,0.39509379499997976,0.0
1784993388.9171052,0.40009743100000605,0.0
1784993388.9212906,0.405093920000013,0.0
1784993388.9262137,0.41009805599998117,0.0
1784993388.9312766,0.4150959709999711,0.0
1784993388.9362595,0.42009605300000885,0.0
1784993388.9413614,0.4250968189999753,0.0
1784993388.9462318,0.43008593999996947,0.0
1784993388.9512682,0.4350952599999687,0.0
1784993388.9570422,0.4400948410000183,0.0
1784993388.9612806,0.445095718999994,0.0
1784993388.9664712,0.4500966329999869,0.0
1784993388.9713354,0.4550947149999729,0.0
1784993388.976237,0.460094722000008,0.0
1784993388.9820902,0.4650928969999768,0.0
1784993388.986258,0.4700942929999883,0.0
1784993388.9913008,0.4750942069999837,0.0
1784993388.9962673,0.48009713999999803,0.0
1784993389.0020027,0.4850947959999985,0.0
1784993389.0063508,0.49009511100001646,0.0
1784993389.0112646,0.4950995919999741,0.0
1784993389.0162354,0.5000947780000047,0.0
1784993389.0212545,0.5050930200000039,0.0
1784993389.0263667,0.5100975749999748,0.0
1784993389.032414,0.515106424999999,0.0
1784993389.0362525,0.5200939659999904,0.0
1784993389.0412652,0.5250942999999779,0.0
1784993389.0463474,0.5300936890000116,0.0
1784993389.0518572,0.5350973369999679,0.0
1784993389.0563521,0.5400934680000091,0.0
1784993389.0612614,0.5450968380000063,0.0
1784993389.0662606,0.550093913000012,0.0
1784993389.0713997,0.5550946170000088,0.0
1784993389.0764725,0.5600993389999758,0.0
1784993389.0830908,0.5651020610000046,0.0
1784993389.0862658,0.5700944710000044,0.0
1784993389.091303,0.5750934530000222,0.0
1784993389.0962033,0.5800916210000082,0.0
1784993389.1011894,0.5850910469999917,0.0
1784993389.1063492,0.5900936580000007,0.0
1784993389.1120782,0.5950965289999885,0.0
1784993389.1163728,0.600094103999993,0.0
1784993389.1212919,0.6051192649999848,0.0
1784993389.1262789,0.6100929749999864,0.0
1784993389.1313202,0.6151503890000072,0.0
1784993389.1362946,0.6200917169999798,0.0
1784993389.1413229,0.6251398740000127,0.0
1784993389.147282,0.6301018830000089,0.0
1784993389.1514013,0.6351572969999779,0.0
1784993389.1564205,0.6400954960000149,0.0
1784993389.1613398,0.6451176769999734,0.0
1784993389.1670403,0.6500943869999674,0.0
1784993389.1713269,0.6551482080000142,0.0
1784993389.176202,0.6600915729999883,0.0
1784993389.1813192,0.6651346749999902,0.0
1784993389.18619,0.6700898159999724,0.0
1784993389.1912189,0.6750959259999831,0.0
1784993389.1962583,0.6800956299999825,0.0
1784993389.201279,0.6851122009999813,0.0
1784993389.2069998,0.6900928169999929,0.0
1784993389.2113593,0.6951467310000226,0.0
1784993389.216216,0.7000931139999693,0.0
1784993389.2212663,0.705131716999972,0.0
1784993389.22614,0.7100884870000073,0.0
1784993389.2311654,0.7151249049999819,0.0
1784993389.2362869,0.7200917279999999,0.0
1784993389.2412896,0.7251095199999895,0.0
1784993389.2462175,0.7300917470000172,0.0
1784993389.251212,0.7350993569999673,0.0
1784993389.2571611,0.7400950809999927,0.0
1784993389.261374,0.7451547530000084,0.0
1784993389.266209,0.7500925269999925,0.0
1784993389.2712336,0.7551349619999996,0.0
1784993389.276281,0.7600953609999692,0.0
1784993389.2825184,0.7651138939999669,0.0
1784993389.2862527,0.7700945660000116,0.0
1784993389.2913063,0.7751459799999907,0.0
1784993389.2962065,0.7800934929999812,0.0
1784993389.301226,0.7851310400000102,0.0
1784993389.3063834,0.7900948820000053,0.0
1784993389.311375,0.7951170069999876,0.0
1784993389.3190222,0.800097605000019,0.0
1784993389.3213763,0.8051647199999934,0.0
1784993389.326204,0.8100927369999908,0.0
1784993389.3311725,0.8151077150000106,0.0
1784993389.336137,0.8200862580000035,0.0
1784993389.3411863,0.8251373759999865,0.0
1784993389.3464017,0.830104920999986,0.0
1784993389.351403,0.8351554099999703,0.0
1784993389.3562527,0.8400962949999666,0.0
1784993389.3614342,0.8451156240000159,0.0
1784993389.366274,0.8500959990000183,0.0
1784993389.372395,0.8551157360000161,0.0
1784993389.3762798,0.8600941859999693,0.0
1784993389.381332,0.8651528949999943,0.0
1784993389.386777,0.8700975749999884,0.0
1784993389.3913155,0.8751421769999865,0.0
1784993389.3962529,0.8800963169999818,0.0
1784993389.4012802,0.8851131289999898,0.0
1784993389.4064622,0.8900942820000068,0.0
1784993389.4114435,0.8951154439999982,0.0
1784993389.4173524,0.9000957079999807,0.0
1784993389.4213378,0.9051534739999738,0.0
1784993389.4262013,0.9100921180000228,0.0
1784993389.4313426,0.9151346269999863,0.0
1784993389.4361393,0.9200889339999776,0.0
1784993389.4412875,0.9251289439999937,0.0
1784993389.446361,0.9300968590000025,0.0
1784993389.4524744,0.9351164109999672,0.0
1784993389.4563074,0.9400933059999943,0.0
1784993389.461428,0.945149071000003,0.0
1784993389.4661999,0.9500920849999943,0.0
1784993389.471517,0.955133630999967,0.0
1784993389.4764097,0.9600992690000112,0.0
1784993389.481434,0.9651559609999936,0.0
1784993389.4862275,0.9700894019999851,0.0
1784993389.4911475,0.9750883840000029,0.0
1784993389.4962091,0.9800915509999868,0.0
1784993389.501288,0.9850909219999835,0.0
1784993389.5063949,0.9901003460000197,0.0
1784993389.512231,0.995102031999977,0.0
1784993389.5162985,1.000096014999997,0.0
1784993389.5212653,1.0050947189999988,0.0
1784993389.526382,1.0100945350000075,0.0
1784993389.5313032,1.0150996269999837,0.0
1784993389.53628,1.0200973500000146,0.0
1784993389.5412755,1.0250979799999982,0.0
1784993389.5462174,1.030093963000013,0.0
1784993389.5512784,1.0350930189999872,0.0
1784993389.556191,1.040090446000022,0.0
1784993389.5612838,1.0450922239999727,0.0
1784993389.566338,1.0501003520000154,0.0
1784993389.5713475,1.0550997969999685,0.0
1784993389.5762534,1.0600952059999713,0.0
1784993389.5812638,1.0650955219999787,0.0
1784993389.586263,1.0700941519999674,0.0
1784993389.591256,1.0750945599999682,0.0
1784993389.596381,1.0800940980000178,0.0
1784993389.6013079,1.0850976340000216,0.0
1784993389.6062806,1.0900964310000063,0.0
1784993389.611274,1.0950962279999885,0.0
1784993389.6162698,1.1000927669999783,0.0
1784993389.6216693,1.1050903419999827,0.0
1784993389.6261992,1.110091361000002,0.0
1784993389.631282,1.1150918419999698,0.0
1784993389.636193,1.1200907510000206,0.0
1784993389.6411853,1.125089306999996,0.0
1784993389.647467,1.1301027669999826,0.0
1784993389.6514235,1.13510039800002,0.0
1784993389.6561444,1.1400864199999887,0.0
1784993389.6611385,1.1450872169999684,0.0
1784993389.6663928,1.1500964009999848,0.0
1784993389.6727347,1.1550985860000083,0.0
1784993389.6762972,1.1600889590000065,0.0
1784993389.6812804,1.1650897559999862,0.0
1784993389.6862617,1.1700926809999714,0.0
1784993389.6913714,1.175093292999975,0.0
1784993389.6970227,1.180095107999989,0.0
1784993389.7012975,1.185096164000015,0.0
1784993389.7062702,1.190089869000019,0.0
1784993389.7112827,1.1950919249999856,0.0
1784993389.7162988,1.2000937029999932,0.0
1784993389.721271,1.2050964619999718,0.0
1784993389.7264597,1.2100967399999831,0.0
1784993389.732364,1.215093760000002,0.0
1784993389.7362783,1.2200894279999943,0.0
1784993389.7411885,1.2250901510000176,0.0
1784993389.7463508,1.2300983709999969,0.0
1784993389.7515228,1.235099611999999,0.0
1784993389.756361,1.2400948359999688,0.0
1784993389.761283,1.245095799000012,0.0
1784993389.7674096,1.25009587400001,0.0
1784993389.7712662,1.2550952450000068,0.0
1784993389.7761345,1.2600629009999693,0.0
1784993389.7812214,1.2650865809999914,0.0
1784993389.7862628,1.2700920620000034,0.0
1784993389.7913828,1.275093840000011,0.0
1784993389.7970347,1.2800952850000158,0.0
1784993389.8012779,1.2850957480000034,0.0
1784993389.806266,1.2900929529999985,0.0
1784993389.811277,1.2950902690000134,0.0
1784993389.816266,1.3000923980000039,0.0
1784993389.8213181,1.3051007120000122,0.0
1784993389.8262835,1.310098546000006,0.0
1784993389.8312843,1.3150973059999842,0.0
1784993389.8374996,1.3200986030000195,0.0
1784993389.8412144,1.3250911420000193,0.0
1784993389.8462803,1.330090623999979,0.0
1784993389.8512042,1.3350904399999877,0.0
1784993389.8586643,1.3400894220000055,0.0
1784993389.8613842,1.3450980690000165,0.0
1784993389.866332,1.3500972360000105,0.0
1784993389.87119,1.35508992299998,0.0
1784993389.8770204,1.3600898679999887,0.0
1784993389.8813467,1.3650957379999795,0.0
1784993389.886263,1.370094757000004,0.0
1784993389.8912702,1.3750902769999698,0.0
1784993389.896223,1.3800938140000198,0.0
1784993389.9021165,1.3850977949999788,0.0
1784993389.9062746,1.390096055000015,0.0
1784993389.9112988,1.3950901679999674,0.0
1784993389.916281,1.400091261,0.0
1784993389.9212403,1.4050901140000178,0.0
1784993389.9262056,1.4100901140000133,0.0
1784993389.9314873,1.4150995200000125,0.0
1784993389.9364672,1.420100371999979,0.0
1784993389.9416816,1.4250915779999787,0.0
1784993389.9462461,1.4300940599999876,0.0
1784993389.9513068,1.4350923939999802,0.0
1784993389.9562798,1.4401126120000072,0.0
1784993389.9611847,1.445088525000017,0.0
1784993389.9663222,1.450143364999974,0.0
1784993389.9713154,1.4550953579999941,0.0
1784993389.9773724,1.4601150579999853,0.0
1784993389.9812567,1.465093711999998,0.0
1784993389.986356,1.470147069999996,0.0
1784993389.9911938,1.4750918240000033,0.0
1784993389.9962666,1.480135314999984,0.0
1784993390.0012622,1.4850962869999762,0.0
1784993390.0062766,1.4901112769999827,0.0
1784993390.0120175,1.4950917940000181,0.0
1784993390.0164294,1.50014614600002,0.0
1784993390.0212219,1.5050907809999785,0.0
1784993390.02625,1.510133450000012,0.0
1784993390.0313752,1.5150953969999819,0.0
1784993390.0374308,1.5201048330000049,0.0
1784993390.0412714,1.5250964950000139,0.0
1784993390.0463943,1.5301495510000223,0.0
1784993390.051141,1.5350884100000144,0.0
1784993390.0562422,1.5400868479999872,0.0
1784993390.0612676,1.5450935249999702,0.0
1784993390.066263,1.55009448200002,0.0
1784993390.0725143,1.5550994739999737,0.0
1784993390.0764678,1.5601011900000117,0.0
1784993390.0811408,1.5650881120000122,0.0
1784993390.0861363,1.5700870869999903,0.0
1784993390.091257,1.5750943200000052,0.0
1784993390.0970504,1.5800949239999795,0.0
1784993390.1013415,1.5850953620000041,0.0
1784993390.1062484,1.5900946890000114,0.0
1784993390.111226,1.5950897949999785,0.0
1784993390.1162188,1.6000915110000165,0.0
1784993390.1223788,1.6050948369999674,0.0
1784993390.1263084,1.6100982180000187,0.0
1784993390.131213,1.6150935279999885,0.0
1784993390.1361995,1.620091780999985,0.0
1784993390.1411414,1.6250893490000067,0.0
1784993390.1462207,1.6300891019999995,0.0
1784993390.1512773,1.6350909469999806,0.0
1784993390.1561968,1.6400908850000064,0.0
1784993390.1625204,1.6450971919999802,0.0
1784993390.1664016,1.6501007769999774,0.0
1784993390.1712515,1.655086070999971,0.0
1784993390.1762545,1.660088915000017,0.0
1784993390.1812727,1.665094871000008,0.0
1784993390.18626,1.6700946049999743,0.0
1784993390.1915293,1.6750960429999964,0.0
1784993390.1977324,1.6801003869999818,0.0
1784993390.2011366,1.6850850139999807,0.0
1784993390.2062252,1.6900863959999697,0.0
1784993390.2112904,1.695094776000019,0.0
1784993390.2171047,1.700097991000007,0.0
1784993390.221209,1.7050886349999814,0.0
1784993390.2262042,1.7100905909999824,0.0
1784993390.2324643,1.7151001199999882,0.0
1784993390.236427,1.7201002240000207,0.0
1784993390.2411802,1.7250862029999894,0.0
1784993390.2502463,1.7300872889999823,0.0
1784993390.251662,1.7350937620000195,0.0
1784993390.2563326,1.7402224489999867,0.0
1784993390.261208,1.7450893799999676,0.0
1784993390.2666967,1.7500874290000183,0.0
1784993390.271203,1.7551381709999987,0.0
1784993390.2763472,1.7600943780000193,0.0
1784993390.2813873,1.7651177920000123,0.0
1784993390.2868457,1.7700965870000118,0.0
1784993390.2914047,1.7751493829999845,0.0
1784993390.2962115,1.7800921859999903,0.0
1784993390.3013647,1.7851382430000058,0.0
1784993390.3063629,1.7900972279999792,0.0
1784993390.3113155,1.7950925000000097,0.0
1784993390.3162913,1.8000957149999977,0.0
1784993390.3212721,1.8050945049999996,0.0
1784993390.3273447,1.8100942020000161,0.0
1784993390.3313468,1.815095269999972,0.0
1784993390.336191,1.820091949000016,0.0
1784993390.3411992,1.8250906839999743,0.0
1784993390.3474078,1.830095899000014,0.0
1784993390.3513489,1.8350959289999764,0.0
1784993390.3561974,1.8400909979999938,0.0
1784993390.361208,1.8450897139999825,0.0
1784993390.3662655,1.8500944659999732,0.0
1784993390.3714032,1.8550925889999803,0.0
1784993390.3763528,1.8600978779999764,0.0
1784993390.381261,1.865096001999973,0.0
1784993390.3862538,1.8700947730000053,0.0
1784993390.3913403,1.8750955809999823,0.0
1784993390.3962533,1.8800947230000133,0.0
1784993390.4012578,1.8850941609999836,0.0
1784993390.4062572,1.8900939139999764,0.0
1784993390.4113472,1.8950940930000115,0.0
1784993390.4163864,1.9000961599999755,0.0
1784993390.4212868,1.9050976350000042,0.0
1784993390.4262738,1.9100966099999823,0.0
1784993390.4312868,1.9150965669999778,0.0
1784993390.4373372,1.9200932460000217,0.0
1784993390.4411964,1.9250911479999786,0.0
1784993390.4461932,1.9300918629999728,0.0
1784993390.4511974,1.9350915790000158,0.0
1784993390.4561434,1.9400887959999977,0.0
1784993390.4612446,1.9450859930000206,0.0
1784993390.4662828,1.9500903929999822,0.0
1784993390.4711955,1.9550900539999816,0.0
1784993390.4763446,1.9600996930000179,0.0
1784993390.4813452,1.9650995939999802,0.0
1784993390.4865205,1.9700986070000113,0.0
1784993390.4914587,1.9751004330000228,0.0
1784993390.4962654,1.980095093999978,0.0
1784993390.5012867,1.9850952179999695,0.0
1784993390.5062497,1.9900945819999833,0.0
1784993390.5112975,1.995091742999989,0.0
1784993390.5175161,2.0000947539999743,0.0
1784993390.5212567,2.0050951179999856,0.0
1784993390.526186,2.0100911490000044,0.0
1784993390.5312822,2.0150896430000103,0.0
1784993390.5364742,2.020090062999998,0.0
1784993390.5412853,2.025094629000023,0.0
1784993390.5463672,2.0301038609999864,0.0
1784993390.55234,2.0351043360000176,0.0
1784993390.5562713,2.0400933319999695,0.0
1784993390.5611942,2.045088937999992,0.0
1784993390.5662074,2.0500908569999865,0.0
1784993390.571306,2.05509047999999,0.0
1784993390.5763588,2.060096638999994,0.0
1784993390.5822935,2.065096077000021,0.0
1784993390.5862713,2.0700959229999967,0.0
1784993390.5912647,2.0750964530000147,0.0
1784993390.5962603,2.080088912000008,0.0
1784993390.601225,2.0850891829999796,0.0
1784993390.606255,2.090094453000006,0.0
1784993390.611259,2.0950914289999787,0.0
1784993390.617502,2.100098994999996,0.0
1784993390.621359,2.105100542999992,0.0
1784993390.626249,2.1100857810000093,0.0
1784993390.6314065,2.115089662999992,0.0
1784993390.6362743,2.120094692000009,0.0
1784993390.6412644,2.125094056000023,0.0
1784993390.6465187,2.130102380999972,0.0
1784993390.6521907,2.1350988379999762,0.0
1784993390.6562672,2.1400885379999863,0.0
1784993390.6611857,2.1450883649999923,0.0
1784993390.6662633,2.150094041999978,0.0
1784993390.6713715,2.155094202999976,0.0
1784993390.6763377,2.160095936999994,0.0
1784993390.6820884,2.1650975960000096,0.0
1784993390.686269,2.170093424000015,0.0
1784993390.691311,2.1750941209999723,0.0
1784993390.6972013,2.1800965959999985,0.0
1784993390.701418,2.1850983669999664,0.0
1784993390.7062228,2.1900886029999924,0.0
1784993390.7112062,2.1950884859999746,0.0
1784993390.7164173,2.200093236999976,0.0
1784993390.7213516,2.205094286000019,0.0
1784993390.7270532,2.210097260999987,0.0
1784993390.7313259,2.215094792000002,0.0
1784993390.7361991,2.2200901570000156,0.0
1784993390.7412963,2.225091686999974,0.0
1784993390.746276,2.2300907919999986,0.0
1784993390.7512782,2.235092136999981,0.0
1784993390.7564058,2.240095648000022,0.0
1784993390.7613397,2.2450989000000163,0.0
1784993390.7664945,2.250098634999972,0.0
1784993390.772506,2.255096647000016,0.0
1784993390.776262,2.260093048999977,0.0
1784993390.7812316,2.265092136000021,0.0
1784993390.7862797,2.2700917959999742,0.0
1784993390.7912183,2.2750944179999806,0.0
1784993390.79646,2.2800917270000127,0.0
1784993390.801263,2.2850946279999675,0.0
1784993390.8075113,2.2900958060000107,0.0
1784993390.8112693,2.2950920409999753,0.0
1784993390.8163164,2.3000944599999684,0.0
1784993390.8212535,2.305095176000009,0.0
1784993390.8273685,2.310096946999977,0.0
1784993390.8313468,2.3150965890000066,0.0
1784993390.8362162,2.320094100999995,0.0
1784993390.8411813,2.3250892809999755,0.0
1784993390.8476632,2.3300930149999886,0.0
1784993390.8514423,2.335099728999978,0.0
1784993390.856334,2.3401036839999847,0.0
1784993390.861208,2.345090755000001,0.0
1784993390.8663406,2.350092877999998,0.0
1784993390.8720162,2.3550946859999726,0.0
1784993390.8762486,2.3600959569999986,0.0
1784993390.8812861,2.3650924510000095,0.0
1784993390.8862774,2.370089926999981,0.0
1784993390.8912177,2.3750925680000137,0.0
1784993390.8963459,2.3800932460000013,0.0
1784993390.9012644,2.3850941100000114,0.0
1784993390.9068587,2.3900939370000174,0.0
1784993390.911338,2.3950929860000088,0.0
1784993390.9162714,2.4000946460000137,0.0
1784993390.9211855,2.40509010400001,0.0
1784993390.9267187,2.4100884310000197,0.0
1784993390.9312754,2.415094553000017,0.0
1784993390.936277,2.4200968609999904,0.0
1784993390.941138,2.425088781999989,0.0
1784993390.9461873,2.4300884790000055,0.0
1784993390.9511535,2.4350882879999745,0.0
1784993390.9562445,2.4401294940000184,0.0
1784993390.9613662,2.4451001979999774,0.0
1784993390.9662817,2.4501061349999986,0.0
1784993390.9712753,2.455096964000006,0.0
1784993390.9773366,2.4601053629999683,0.0
1784993390.9812667,2.465093562999982,0.0
1784993390.9863067,2.4701477849999947,0.0
1784993390.9911933,2.4750907910000137,0.0
1784993390.996776,2.480136459999983,0.0
1784993391.001367,2.485094462999996,0.0
1784993391.0062711,2.490117241000007,0.0
1784993391.0113094,2.495099916000015,0.0
1784993391.0163267,2.5001481879999687,0.0
1784993391.0213923,2.5050924829999985,0.0
1784993391.0262864,2.510141718,0.0
1784993391.0311427,2.5150898640000037,0.0
1784993391.0361729,2.5201264159999823,0.0
1784993391.0411868,2.5250917249999816,0.0
1784993391.046278,2.5301066709999986,0.0
1784993391.051267,2.5350907719999896,0.0
1784993391.0562694,2.5401457840000035,0.0
1784993391.0612845,2.5450950960000114,0.0
1784993391.06638,2.5501037099999735,0.0
1784993391.0726411,2.555095420999976,0.0
1784993391.0762985,2.560111458999984,0.0
1784993391.081204,2.5650932460000035,0.0
1784993391.0862548,2.570147850000012,0.0
1784993391.0912588,2.575094940999975,0.0
1784993391.097241,2.580115367000019,0.0
1784993391.10134,2.5850953759999697,0.0
1784993391.106286,2.5901068599999917,0.0
1784993391.1112335,2.595091943,0.0
1784993391.116253,2.6001000379999937,0.0
1784993391.121704,2.6050940260000175,0.0
1784993391.126291,2.610108232000016,0.0
1784993391.1312041,2.6150926099999765,0.0
1784993391.1362479,2.620142011999974,0.0
1784993391.1413465,2.625095600999998,0.0
1784993391.14628,2.630105474000004,0.0
1784993391.1522598,2.63509716599998,0.0
1784993391.156326,2.640149140999995,0.0
1784993391.1612763,2.6450903630000084,0.0
1784993391.1663115,2.650106734000019,0.0
1784993391.1712804,2.6550909649999994,0.0
1784993391.1762128,2.6601004309999894,0.0
1784993391.1825833,2.6650981589999674,0.0
1784993391.1863115,2.670145300999991,0.0
1784993391.1913044,2.6750917630000117,0.0
1784993391.197209,2.6801397009999732,0.0
1784993391.2013767,2.6850964199999794,0.0
1784993391.206309,2.6901466360000086,0.0
1784993391.2112114,2.6950969110000074,0.0
1784993391.2162313,2.700107876000004,0.0
1784993391.2212982,2.705091680999999,0.0
1784993391.2262065,2.7100992950000204,0.0
1784993391.2312756,2.7150919499999873,0.0
1784993391.2362356,2.7201360189999946,0.0
1784993391.2423437,2.7250953669999944,0.0
1784993391.246351,2.7301478229999816,0.0
1784993391.2512798,2.735091969999985,0.0
1784993391.2562444,2.740099880999992,0.0
1784993391.261217,2.745090905999973,0.0
1784993391.266243,2.7501005199999895,0.0
1784993391.2713122,2.7550973400000203,0.0
1784993391.2773538,2.7601051400000074,0.0
1784993391.2812767,2.7650957949999793,0.0
1784993391.2863977,2.770147881000014,0.0
1784993391.2911296,2.775088492000009,0.0
1784993391.2962925,2.7801328389999753,0.0
1784993391.3012753,2.7850970740000207,0.0
1784993391.306267,2.7901036509999813,0.0
1784993391.3117225,2.79509125200002,0.0
1784993391.3162372,2.800107975000003,0.0
1784993391.3213332,2.8050944089999916,0.0
1784993391.3262842,2.8101114840000037,0.0
1784993391.3313031,2.8150904010000204,0.0
1784993391.3362446,2.8201487079999765,0.0
1784993391.341346,2.8251004649999913,0.0
1784993391.3472142,2.8301559760000146,0.0
1784993391.3512533,2.835095641999999,0.0
1784993391.356385,2.840139748000013,0.0
1784993391.3612149,2.845090598000013,0.0
1784993391.3667967,2.850099711999974,0.0
1784993391.3712742,2.855097236000006,0.0
1784993391.376443,2.860142397000004,0.0
1784993391.3812356,2.8650899880000225,0.0
1784993391.3861735,2.8701290209999684,0.0
1784993391.3912497,2.875095514999998,0.0
1784993391.3963654,2.880123550999997,0.0
1784993391.401288,2.8850979690000145,0.0
1784993391.4069722,2.8901149700000133,0.0
1784993391.411353,2.8950990160000174,0.0
1784993391.416461,2.90012434800002,0.0
1784993391.4212854,2.90509752600002,0.0
1784993391.4270232,2.910093845999995,0.0
1784993391.4312701,2.9150945920000026,0.0
1784993391.4362774,2.920095300000014,0.0
1784993391.44118,2.9250888619999955,0.0
1784993391.4462576,2.9300886820000187,0.0
1784993391.4512768,2.935090797999976,0.0
1784993391.4562228,2.940091062000022,0.0
1784993391.4613807,2.945109173999981,0.0
1784993391.4663956,2.950100533000011,0.0
1784993391.4711533,2.9550901139999723,0.0
1784993391.4762533,2.9600890080000113,0.0
1784993391.4812124,2.9650940490000153,0.0
1784993391.4862158,2.970092331999979,0.0
1784993391.4913094,2.97509703999998,0.0
1784993391.497066,2.980096507999974,0.0
1784993391.5013883,2.9850954940000065,0.0
1784993391.5063317,2.9900946099999715,0.0
1784993391.5112088,2.995097541000007,0.0
1784993391.5162463,3.000091490999978,0.0
1784993391.5212886,3.0050923669999747,0.0
1784993391.5262687,3.0100914829999965,0.0
1784993391.531285,3.0150966530000005,0.0
1784993391.5362701,3.020096176999971,0.0
1784993391.5413663,3.0250935710000135,0.0
1784993391.5467734,3.030090873000006,0.0
1784993391.5512567,3.0350930999999832,0.0
1784993391.556251,3.040094640999996,0.0
1784993391.561283,3.04510103399997,0.0
1784993391.5663667,3.050097003000019,0.0
1784993391.5716443,3.055088249999983,0.0
1784993391.5761337,3.060086255999977,0.0
1784993391.5812683,3.065093517999969,0.0
1784993391.5862951,3.070094578999999,0.0
1784993391.5913453,3.0750994160000005,0.0
1784993391.596467,3.0801014019999684,0.0
1784993391.6012754,3.085093223000001,0.0
1784993391.6062708,3.090094912999973,0.0
1784993391.6112673,3.095093011000017,0.0
1784993391.6162853,3.1000957009999865,0.0
1784993391.6213756,3.105094964999978,0.0
1784993391.6274009,3.1100967659999696,0.0
1784993391.6312766,3.1150871429999825,0.0
1784993391.6361911,3.1200904620000074,0.0
1784993391.641342,3.1250962619999996,0.0
1784993391.6476555,3.1301015810000195,0.0
1784993391.6512756,3.1350885699999935,0.0
1784993391.6561997,3.1400927409999895,0.0
1784993391.6612775,3.1450948190000076,0.0
1784993391.6671221,3.1500987489999943,0.0
1784993391.671193,3.1550879229999964,0.0
1784993391.6763108,3.160092113000019,0.0
1784993391.6812763,3.1650912659999904,0.0
1784993391.6862733,3.1700923629999807,0.0
1784993391.6912544,3.1750924979999695,0.0
1784993391.6962583,3.180095983000001,0.0
1784993391.7026503,3.1850965620000125,0.0
1784993391.7064857,3.1900996589999977,0.0
1784993391.711272,3.1950897219999774,0.0
1784993391.7163312,3.2000915039999995,0.0
1784993391.722439,3.205094786000018,0.0
1784993391.726326,3.21009645700002,0.0
1784993391.7312038,3.215093147999994,0.0
1784993391.7362897,3.220090819999996,0.0
1784993391.7412598,3.225092990999997,0.0
1784993391.747031,3.2300957179999727,0.0
1784993391.7511818,3.235052805999999,0.0
1784993391.756207,3.2400927289999686,0.0
1784993391.761244,3.245090327000014,0.0
1784993391.7662036,3.250092312999982,0.0
1784993391.7713552,3.2550973350000163,0.0
1784993391.7775717,3.2600948589999916,0.0
1784993391.7812016,3.265091586999972,0.0
1784993391.7862954,3.2700902770000084,0.0
1784993391.7912548,3.2750957249999715,0.0
1784993391.796473,3.2800965819999988,0.0
1784993391.8012938,3.2850957349999703,0.0
1784993391.807494,3.290098683999986,0.0
1784993391.8114529,3.2950993549999907,0.0
1784993391.816212,3.3000910839999733,0.0
1784993391.8212419,3.305092533999982,0.0
1784993391.8262725,3.310096427000019,0.0
1784993391.8320377,3.315094099000021,0.0
1784993391.8362865,3.320095639999977,0.0
1784993391.8414083,3.3250968489999764,0.0
1784993391.846239,3.330089337000004,0.0
1784993391.851168,3.3350874160000217,0.0
1784993391.8562503,3.3400941229999717,0.0
1784993391.861292,3.3451009789999944,0.0
1784993391.866502,3.3501016129999925,0.0
1784993391.8714733,3.355099951999989,0.0
1784993391.8767521,3.360088884999982,0.0
1784993391.8811703,3.365106034000007,0.0
1784993391.8862612,3.3700949859999696,0.0
1784993391.8913715,3.37509338000001,0.0
1784993391.8964632,3.380102679999993,0.0
1784993391.9027603,3.3851004069999817,0.0
1784993391.9062712,3.3900952469999766,0.0
1784993391.9112806,3.395094121999989,0.0
1784993391.9162817,3.4000885359999984,0.0
1784993391.9212172,3.405094872999996,0.0
1784993391.926261,3.4100952850000112,0.0
1784993391.931279,3.415113266999981,0.0
1784993391.9364135,3.4200951839999902,0.0
1784993391.942538,3.4251181099999712,0.0
1784993391.9462469,3.4300941380000154,0.0
1784993391.9513855,3.435148260999995,0.0
1784993391.956234,3.440092112000002,0.0
1784993391.9612606,3.445141809000006,0.0
1784993391.9663036,3.4500967689999698,0.0
1784993391.9712763,3.4550961069999744,0.0
1784993391.9762046,3.460089057999994,0.0
1784993391.9811783,3.465087951999976,0.0
1784993391.9863536,3.470096381000019,0.0
1784993391.9912481,3.475094979000005,0.0
1784993391.9970355,3.480096001999982,0.0
1784993392.0012708,3.485094951999997,0.0
1784993392.0062997,3.490091576999987,0.0
1784993392.011185,3.495089352999969,0.0
1784993392.0162034,3.500089795000008,0.0
1784993392.0211833,3.5050907180000195,0.0
1784993392.0274956,3.510100379999983,0.0
1784993392.0315285,3.5150999709999837,0.0
1784993392.0361924,3.5200913769999715,0.0
1784993392.0411837,3.525090671999976,0.0
1784993392.0462656,3.5300965199999723,0.0
1784993392.0513976,3.5350937399999793,0.0
1784993392.056371,3.5400975329999937,0.0
1784993392.0622172,3.545092679999982,0.0
1784993392.0662017,3.5500915850000183,0.0
1784993392.071188,3.555091341999969,0.0
1784993392.0761762,3.5600915069999814,0.0
1784993392.0812733,3.565088467999999,0.0
1784993392.086271,3.5700923539999962,0.0
1784993392.091181,3.57509083299999,0.0
1784993392.096385,3.5801017539999975,0.0
1784993392.1025531,3.585096233999991,0.0
1784993392.1061952,3.5900886229999855,0.0
1784993392.1111844,3.5950894160000075,0.0
1784993392.116158,3.600085766999996,0.0
1784993392.1211257,3.6050884119999864,0.0
1784993392.12631,3.6100889649999885,0.0
1784993392.1312175,3.615092183999991,0.0
1784993392.1363328,3.6200934959999813,0.0
1784993392.141248,3.625094585999989,0.0
1784993392.1470282,3.6300967870000136,0.0
1784993392.1512988,3.6350959330000023,0.0
1784993392.1562586,3.640086155000006,0.0
1784993392.1612232,3.645087375000003,0.0
1784993392.1662972,3.6500931670000227,0.0
1784993392.1712615,3.655094923999968,0.0
1784993392.1765454,3.660097236000013,0.0
1784993392.1836503,3.6651010100000008,-0.0
1784993392.1862023,3.670091714000023,-0.0
1784993392.1911898,3.67509030399998,-0.0
1784993392.1974518,3.680094022999981,-0.0
1784993392.2013211,3.685096112999986,-0.0
1784993392.206285,3.690088779000007,-0.0
1784993392.211213,3.6950911459999816,-0.0
1784993392.216295,3.700091995999969,-0.0
1784993392.222398,3.7050972330000036,-0.0
1784993392.2262049,3.7100919719999865,-0.0
1784993392.231275,3.7150918589999833,-0.0
1784993392.2361898,3.7200901900000076,-0.0
1784993392.2412708,3.725089447000016,-0.0
1784993392.2464142,3.730103385999996,-0.0
1784993392.2513547,3.735099255000023,-0.0
1784993392.2562363,3.7400993460000223,-0.0
1784993392.2613266,3.7450904190000074,-0.0
1784993392.2662792,3.750091286999975,-0.0
1784993392.272553,3.7550936540000066,-0.0
1784993392.2762463,3.7600938369999994,-0.0
1784993392.2811987,3.76508944699998,-0.0
1784993392.2864337,3.7700888890000215,-0.0
1784993392.2913592,3.7751028280000014,-0.0
1784993392.2964363,3.780101160000015,-0.0
1784993392.3012512,3.7850954730000126,-0.0
1784993392.3070405,3.790094193000016,-0.0
1784993392.3112762,3.7950940239999795,-0.0
1784993392.3164537,3.8000975030000177,-0.0
1784993392.3214428,3.8051223100000016,-0.0
1784993392.3262527,3.810105737000015,-0.0
1784993392.3311718,3.8150971809999987,-0.0
1784993392.3365693,3.820125708999967,-0.0
1784993392.3411484,3.8250996570000098,-0.0
1784993392.3461866,3.8301007470000172,-0.0
1784993392.3512034,3.8351096320000124,-0.0
1784993392.3561761,3.8400959659999785,-0.0
1784993392.3611755,3.845094834000008,-0.0
1784993392.3661366,3.850096516000008,-0.0
1784993392.3711064,3.8551030119999723,-0.0
1784993392.3760774,3.8600968079999802,-0.0
1784993392.3811274,3.865094806000002,-0.0
1784993392.386028,3.8700838059999683,-0.0
1784993392.3910406,3.875086931999988,-0.0
1784993392.3960824,3.880091780999976,-0.0
1784993392.401109,3.8850934629999756,-0.0
1784993392.4061527,3.8901107899999943,-0.0
1784993392.4111338,3.895092310999985,-0.0
1784993392.4161215,3.900128467000002,-0.0
1784993392.4211223,3.9050983049999672,-0.0
1784993392.4261312,3.9101341279999815,-0.0
1784993392.4311166,3.9151077049999685,-0.0
1784993392.4361632,3.9201281429999995,-0.0
1784993392.4411013,3.9251005169999758,-0.0
1784993392.4461684,3.930131156000016,-0.0
1784993392.4511192,3.93510584400002,-0.0
1784993392.456488,3.940179659000023,-0.0
1784993392.4610999,3.9451023029999988,-0.0
1784993392.4661467,3.9501136499999916,-0.0
1784993392.4710648,3.955099372999996,-0.0
1784993392.476103,3.960085651999975,-0.0
1784993392.481078,3.965092592000019,-0.0
1784993392.4861505,3.97010601300002,-0.0
1784993392.4912324,3.9751138419999847,-0.0
1784993392.4961364,3.9800943070000017,-0.0
1784993392.5011303,3.9851113560000044,-0.0
1784993392.5061204,3.990102374999992,-0.0
1784993392.511115,3.9951134070000194,-0.0
1784993392.5161264,4.000103943999989,-0.0
1784993392.5210712,4.005099015999974,-0.0
1784993392.5261686,4.010119361000022,-0.0
1784993392.5311167,4.0150985669999955,-0.0
1784993392.536215,4.020111599000018,-0.0
1784993392.5411043,4.025097303999985,-0.0
1784993392.5460758,4.030102541000019,-0.0
1784993392.5510945,4.035103297999967,-0.0
1784993392.556107,4.040107219999982,-0.0
1784993392.5611336,4.045107329000018,-0.0
1784993392.5666416,4.050151557999982,-0.0
1784993392.5712566,4.055104916999994,-0.0
1784993392.5760655,4.060093176999999,-0.0
1784993392.5811353,4.065089934000014,-0.0
1784993392.586132,4.070105725000019,-0.0
1784993392.5910897,4.075098002000004,-0.0
1784993392.5960603,4.080087742999979,-0.0
1784993392.6011753,4.0851042740000025,-0.0
1784993392.6061697,4.0901087889999985,-0.0
1784993392.6111429,4.095107600999995,-0.0
1784993392.6161351,4.100107099000013,-0.0
1784993392.621107,4.105100246999996,-0.0
1784993392.626062,4.110084580999967,-0.0
1784993392.6311707,4.115099204999979,-0.0
1784993392.6361892,4.120104534999996,-0.0
1784993392.6411033,4.125089424999999,-0.0
1784993392.6460757,4.1300936989999855,-0.0
1784993392.6510816,4.135088586999984,-0.0
1784993392.6560616,4.14009199100002,-0.0
1784993392.661068,4.145089008000014,-0.0
1784993392.6660995,4.150100355000006,-0.0
1784993392.6710935,4.155092353999976,-0.0
1784993392.67606,4.160087944999987,-0.0
1784993392.6816115,4.165157019999981,-0.0
1784993392.6865528,4.170150260000014,-0.0
1784993392.6914933,4.175140612000007,-0.0
1784993392.6965787,4.180145015999983,-0.0
1784993392.701763,4.185164954000015,-0.0
1784993392.7065496,4.190133699,-0.0
1784993392.7114806,4.195180223000023,-0.0
1784993392.7167332,4.200149968000005,-0.0
1784993392.7216132,4.20520362100001,-0.0
1784993392.7265923,4.210167292999984,-0.0
1784993392.7313795,4.21514786900002,-0.0
1784993392.7364423,4.220163103999994,-0.0
1784993392.7413864,4.225145106000014,-0.0
1784993392.746304,4.230226159999972,-0.0
1784993392.7511754,4.235102351000023,-0.0
1784993392.756147,4.240097165000009,-0.0
1784993392.761238,4.245091386000013,-0.0
1784993392.766057,4.250082514999974,-0.0
1784993392.771169,4.25508967799999,-0.0
1784993392.7761426,4.260085935000006,-0.0
1784993392.7813845,4.265094078999994,-0.0
1784993392.7862966,4.270095761999983,-0.0
1784993392.7912815,4.275096184999995,-0.0
1784993392.796309,4.280096146000005,-0.0
1784993392.8012202,4.285092033000012,-0.0
1784993392.8061986,4.290093494000018,-0.0
1784993392.8112807,4.29509419499999,-0.0
1784993392.816316,4.300095526000007,-0.0
1784993392.82234,4.305095263999988,-0.0
1784993392.8263876,4.310095575999981,-0.0
1784993392.8311617,4.315088613,-0.0
1784993392.8361862,4.320088887999987,-0.0
1784993392.8413608,4.325097364999976,-0.0
1784993392.8472111,4.330101750999972,-0.0
1784993392.851265,4.335095267999975,-0.0
1784993392.8562727,4.340094487999977,-0.0
1784993392.861345,4.345095134000019,-0.0
1784993392.8662627,4.350094538999997,-0.0
1784993392.8713958,4.3550944809999805,-0.0
1784993392.8763475,4.360095367999975,-0.0
1784993392.8812642,4.365097827999989,-0.0
1784993392.8873587,4.370097935999979,-0.0
1784993392.8912103,4.375092786999971,-0.0
1784993392.8963165,4.380092654999999,-0.0
1784993392.9012766,4.385092355999973,-0.0
1784993392.906281,4.390091373000018,-0.0
1784993392.911268,4.395091129999969,-0.0
1784993392.9162889,4.400094534000004,-0.0
1784993392.9212568,4.405094438999981,-0.0
1784993392.9263926,4.410094084999969,-0.0
1784993392.931429,4.415097044999982,-0.0
1784993392.9370363,4.420095117000017,-0.0
1784993392.941282,4.425096947999975,-0.0
1784993392.9463756,4.43009672300002,-0.0
1784993392.9513116,4.435097682999981,-0.0
1784993392.9564178,4.440090460000022,-0.0
1784993392.9612408,4.445091606000005,-0.0
1784993392.966388,4.450094492000005,-0.0
1784993392.972045,4.455097378000005,-0.0
1784993392.976274,4.460095302000013,-0.0
1784993392.9813392,4.4650965399999905,-0.0
1784993392.986305,4.470091613000022,-0.0
1784993392.9912066,4.475091202999977,-0.0
1784993392.9962208,4.480093088999979,-0.0
1784993393.0013523,4.4850917539999955,-0.0
1784993393.0072343,4.490103148000003,-0.0
1784993393.011364,4.4950997319999715,-0.0
1784993393.0162146,4.500091445999999,-0.0
1784993393.0217514,4.505091102999984,-0.0
1784993393.0264971,4.510098147000008,-0.0
1784993393.0313523,4.515102765999984,-0.0
1784993393.0361924,4.520091757999978,-0.0
1784993393.041657,4.525089785999967,-0.0
1784993393.0463514,4.530095941000013,-0.0
1784993393.0513072,4.535096097999997,-0.0
1784993393.0561986,4.54009105199998,-0.0
1784993393.0611959,4.545090523999988,-0.0
1784993393.0677483,4.550098809000019,-0.0
1784993393.0715332,4.555163117999996,-0.0
1784993393.0762753,4.560096030000011,-0.0
1784993393.0812938,4.565119293000009,-0.0
1784993393.0862527,4.57009425199999,-0.0
1784993393.0912664,4.575110978999987,-0.0
1784993393.0964577,4.58009623099997,-0.0
1784993393.101379,4.585114884000006,-0.0
1784993393.106264,4.590096877999997,-0.0
1784993393.111861,4.595104699999979,-0.0
1784993393.1163359,4.600094062999972,-0.0
1784993393.1214561,4.605152687999976,-0.0
1784993393.1262043,4.6100912659999835,-0.0
1784993393.131795,4.615141467000001,-0.0
1784993393.1363788,4.620113629999992,-0.0
1784993393.1413949,4.625152148999973,-0.0
1784993393.1463652,4.630096632999994,-0.0
1784993393.152056,4.635119840000016,-0.0
1784993393.1563358,4.640095723999991,-0.0
1784993393.161278,4.645116857999994,-0.0
1784993393.166263,4.650095426999997,-0.0
1784993393.171416,4.65511233899997,-0.0
1784993393.176347,4.660095370000022,-0.0
1784993393.1824257,4.665105672999971,-0.0
1784993393.186271,4.670093925000003,-0.0
1784993393.1913733,4.67515264299999,-0.0
1784993393.1963158,4.680091054000002,-0.0
1784993393.2012644,4.685143347999997,-0.0
1784993393.2070808,4.690096718000007,-0.0
1784993393.2113247,4.695144217000006,-0.0
1784993393.2162623,4.700091902999986,-0.0
1784993393.2212472,4.705136235999987,-0.0
1784993393.226215,4.710089272999994,-0.0
1784993393.231255,4.715128014000015,-0.0
1784993393.2362082,4.720092179000005,-0.0
1784993393.2412727,4.725136991999989,-0.0
1784993393.2465198,4.7301012679999985,-0.0
1784993393.2515242,4.735155227999996,-0.0
1784993393.2562861,4.740094415999977,-0.0
1784993393.2613096,4.745113439000022,-0.0
1784993393.2662575,4.750095377999969,-0.0
1784993393.2712696,4.755113068000014,-0.0
1784993393.2762408,4.760094470000013,-0.0
1784993393.2814538,4.765116584999987,-0.0
1784993393.2864206,4.770094635000021,-0.0
1784993393.292081,4.775115749999998,-0.0
1784993393.2962708,4.780092670999977,-0.0
1784993393.301284,4.78511247199998,-0.0
1784993393.3062956,4.790094651000004,-0.0
1784993393.3113754,4.795113119000007,-0.0
1784993393.3180907,4.800097574999995,-0.0
1784993393.3213484,4.805157551999969,-0.0
1784993393.3262138,4.810092870999995,-0.0
1784993393.3313656,4.8151383520000195,-0.0
1784993393.3361628,4.820090149000009,-0.0
1784993393.341279,4.825135998999997,-0.0
1784993393.3464813,4.830092776000015,-0.0
1784993393.3512921,4.835114761999989,-0.0
1784993393.3563082,4.840095200999997,-0.0
1784993393.3612876,4.845113889999993,-0.0
1784993393.3662581,4.850095570000008,-0.0
1784993393.3722973,4.855114110999978,-0.0
1784993393.37637,4.860093773000017,-0.0
1784993393.3813255,4.865120368000021,-0.0
1784993393.3862598,4.870095585999991,-0.0
1784993393.3912485,4.875091835999967,-0.0
1784993393.3973742,4.880094177999979,-0.0
1784993393.4013634,4.885095186000001,-0.0
1784993393.4062054,4.890091676999987,-0.0
1784993393.4112017,4.895091277999995,-0.0
1784993393.4162772,4.900094878999994,-0.0
1784993393.4224043,4.905094905999988,-0.0
1784993393.4263465,4.910095006999995,-0.0
1784993393.431265,4.915096792999975,-0.0
1784993393.4362073,4.920092951000015,-0.0
1784993393.4411826,4.925089755999977,-0.0
1784993393.4463398,4.930094708000013,-0.0
1784993393.4512985,4.935096439000006,-0.0
1784993393.4568658,4.9400945959999945,-0.0
1784993393.4612637,4.945094734000008,-0.0
1784993393.4662778,4.950090707000015,-0.0
1784993393.4711945,4.95509047500002,-0.0
1784993393.4770417,4.960093094000001,-0.0
1784993393.4812775,4.9650967499999865,-0.0
1784993393.4862735,4.970092740999974,-0.0
1784993393.4911895,4.975090916999989,-0.0
1784993393.4963896,4.9800921849999895,-0.0
1784993393.50126,4.985096284999997,-0.0
1784993393.5062485,4.990094498000019,-0.0
1784993393.5113378,4.99509446899998,-0.0
1784993393.516427,5.000095903999977,-0.0
1784993393.5214305,5.005104872999993,-0.0
1784993393.5262697,5.010099013000001,-0.0
1784993393.5312624,5.015097095999977,-0.0
1784993393.5363364,5.020097104999991,-0.0
1784993393.5412433,5.025095094999983,-0.0
1784993393.5475473,5.030094696999981,-0.0
1784993393.5512693,5.0350938539999675,-0.0
1784993393.556298,5.040089455999976,-0.0
1784993393.5612602,5.04509344500002,-0.0
1784993393.5662777,5.050097897000001,-0.0
1784993393.5714226,5.055101682999975,-0.0
1784993393.5762606,5.060096155999986,-0.0
1784993393.582352,5.065096589999996,-0.0
1784993393.5862749,5.070096116999991,-0.0
1784993393.5913463,5.075095200000021,-0.0
1784993393.5961564,5.080088617999991,-0.0
1784993393.6011534,5.085089997000011,-0.0
1784993393.6073883,5.090097651999997,-0.0
1784993393.6113563,5.095095771999979,-0.0
1784993393.6162674,5.100089633999971,-0.0
1784993393.6211972,5.105091494000021,-0.0
1784993393.6263807,5.110093168999981,-0.0
1784993393.631275,5.115096731999984,-0.0
1784993393.636272,5.12009588899997,-0.0
1784993393.6420436,5.125094101999991,-0.0
1784993393.6462822,5.130088575000002,-0.0
1784993393.651194,5.135090915999967,-0.0
1784993393.656251,5.140091924999979,-0.0
1784993393.661396,5.145094674000006,-0.0
1784993393.666367,5.150098162999996,-0.0
1784993393.6718614,5.155095523999989,-0.0
1784993393.676263,5.160094033000007,-0.0
1784993393.6813388,5.165096597000002,-0.0
1784993393.6862848,5.170095531000015,-0.0
1784993393.691822,5.175094484999988,-0.0
1784993393.696284,5.180093641999974,-0.0
1784993393.7013443,5.185095538999974,-0.0
1784993393.7061863,5.190090326000018,-0.0
1784993393.7112498,5.195090630999971,-0.0
1784993393.7174406,5.200091529000019,-0.0
1784993393.7214262,5.205100758000015,-0.0
1784993393.7261848,5.210100822000015,-0.0
1784993393.7313077,5.215089277000004,-0.0
1784993393.7372198,5.220101523999972,-0.0
1784993393.741347,5.225100736999991,-0.0
1784993393.7462826,5.230097523999973,-0.0
1784993393.7512808,5.235094625999977,-0.0
1784993393.7563972,5.2400939679999965,-0.0
1784993393.7623007,5.24509679099998,-0.0
1784993393.7663505,5.250154453999983,-0.0
1784993393.7711818,5.255091106000009,-0.0
1784993393.776356,5.260090447999971,-0.0
1784993393.7813854,5.265096770000014,-0.0
1784993393.786256,5.270095352999988,-0.0
1784993393.7912574,5.275094658,-0.0
1784993393.7973926,5.2800920749999705,-0.0
1784993393.8013234,5.285096211999985,-0.0
1784993393.8062644,5.290095201999975,-0.0
1784993393.8112123,5.29509056400002,-0.0
1784993393.8162425,5.300090442999988,-0.0
1784993393.8220396,5.305093913999997,-0.0
1784993393.826372,5.310095903999979,-0.0
1784993393.8312867,5.31509330199998,-0.0
1784993393.8361998,5.320090311000001,-0.0
1784993393.8412597,5.325094725999975,-0.0
1784993393.8474605,5.330095160999974,-0.0
1784993393.8514552,5.335100205000003,-0.0
1784993393.85634,5.340101583999967,-0.0
1784993393.8611343,5.345087817999968,-0.0
1784993393.866782,5.350087529999996,-0.0
1784993393.871419,5.35510161000002,-0.0
1784993393.8763676,5.360099434000006,-0.0
1784993393.8812268,5.365093443999967,-0.0
1784993393.8867059,5.370092007999972,-0.0
1784993393.8913538,5.375098589999993,-0.0
1784993393.8963504,5.38009894999999,-0.0
1784993393.9011433,5.3850896089999765,-0.0
1784993393.9061399,5.390088339999977,-0.0
1784993393.9111357,5.395088293000015,-0.0
1784993393.916296,5.4001283119999925,-0.0
1784993393.9213538,5.405096012999991,-0.0
1784993393.926273,5.410116942999991,-0.0
1784993393.9312534,5.41509423399998,-0.0
1784993393.9364455,5.420110590999968,-0.0
1784993393.9413443,5.425094973,-0.0
1784993393.9471285,5.430117124999981,-0.0
1784993393.9512718,5.435094176000007,-0.0
1784993393.9563458,5.440114216999973,-0.0
1784993393.961253,5.445095266999999,-0.0
1784993393.9668596,5.450112345999969,-0.0
1784993393.971306,5.455093525999985,-0.0
1784993393.9762824,5.46011258599998,-0.0
1784993393.9813402,5.465094135000015,-0.0
1784993393.9871006,5.470119231000012,-0.0
1784993393.9913216,5.475095040999975,-0.0
1784993393.996258,5.480094698000016,-0.0
1784993394.001186,5.4850914859999875,-0.0
1784993394.0063002,5.490089339000008,-0.0
1784993394.0112867,5.495099412000002,-0.0
1784993394.016305,5.500096912999993,-0.0
1784993394.0212066,5.5050946929999895,-0.0
1784993394.0262105,5.510092379000014,-0.0
1784993394.0312684,5.5150968979999675,-0.0
1784993394.0362594,5.520097399000008,-0.0
1784993394.042521,5.5250971589999835,-0.0
1784993394.046353,5.530091956999968,-0.0
1784993394.0511973,5.535090329000013,-0.0
1784993394.0561855,5.540089941000019,-0.0
1784993394.0613468,5.545099291999975,-0.0
1784993394.067067,5.55009903399997,-0.0
1784993394.0713584,5.55510005299999,-0.0
1784993394.0762892,5.560098387999972,-0.0
1784993394.0810823,5.56508472500002,-0.0
1784993394.0860877,5.570083355999998,-0.0
1784993394.0913625,5.575093687999981,-0.0
1784993394.0963306,5.580093873999999,-0.0
1784993394.1012971,5.585097485999995,-0.0
1784993394.106297,5.590099209000016,-0.0
1784993394.111476,5.595102505,-0.0
1784993394.1163979,5.600099951000004,-0.0
1784993394.1213944,5.605090453999992,-0.0
1784993394.1261997,5.6100892329999965,-0.0
1784993394.1312604,5.615094899999974,-0.0
1784993394.136321,5.620093770999972,-0.0
1784993394.1414065,5.625094809000018,-0.0
1784993394.1463685,5.630092681000008,-0.0
1784993394.1524203,5.635098180999989,-0.0
1784993394.1562655,5.640095311999971,-0.0
1784993394.1612608,5.645089387999974,-0.0
1784993394.1662254,5.650089593000018,-0.0
1784993394.171255,5.655093703999967,-0.0
1784993394.1762474,5.660093630999995,-0.0
1784993394.1827817,5.665096668999979,-0.0
1784993394.1863515,5.670100353999999,-0.0
1784993394.1912377,5.675086727999997,-0.0
1784993394.1961622,5.68008735899997,-0.0
1784993394.201348,5.6850939880000055,-0.0
1784993394.206275,5.6900948589999985,-0.0
1784993394.2113082,5.695097859999976,-0.0
1784993394.2164235,5.700095750000003,-0.0
1784993394.221355,5.705094566000014,-0.0
1784993394.226863,5.710098454999979,-0.0
1784993394.2313287,5.715095770999994,-0.0
1784993394.236319,5.7200951429999805,-0.0
1784993394.241249,5.725095883999984,-0.0
1784993394.2470517,5.730091200999993,-0.0
1784993394.251193,5.735087943999986,-0.0
1784993394.2561889,5.740091574000019,-0.0
1784993394.2612703,5.745091537999997,-0.0
1784993394.2662776,5.750091445999999,-0.0
1784993394.2712855,5.755095335000021,-0.0
1784993394.276274,5.760096853999983,-0.0
1784993394.2814,5.765098558999966,-0.0
1784993394.2870102,5.770093615999997,-0.0
1784993394.2912674,5.775087637000013,-0.0
1784993394.2961922,5.780088489999969,-0.0
1784993394.3012915,5.785092286000008,-0.0
1784993394.306258,5.790093935000016,-0.0
1784993394.3120177,5.795094140000003,-0.0
1784993394.316296,5.800095436999982,-0.0
1784993394.3211389,5.8050720909999995,-0.0
1784993394.3261597,5.8100880329999995,-0.0
1784993394.3312778,5.815094735999992,-0.0
1784993394.3370364,5.820094532999974,-0.0
1784993394.3412585,5.825053153999988,-0.0
1784993394.3461988,5.830088832999991,-0.0
1784993394.35134,5.835096055000008,-0.0
1784993394.3564982,5.8400992030000225,-0.0
1784993394.3613734,5.845099647999973,-0.0
1784993394.366284,5.850097205999987,-0.0
1784993394.3713064,5.855097131999969,-0.0
1784993394.376346,5.860098058999995,-0.0
1784993394.381252,5.865095746000009,-0.0
1784993394.3862479,5.870094043999984,-0.0
1784993394.3919365,5.875093841000023,-0.0
1784993394.396419,5.880093230999989,-0.0
1784993394.4012673,5.8850963049999905,-0.0
1784993394.4063742,5.8900965290000045,-0.0
1784993394.412394,5.895093288999988,-0.0
1784993394.4163408,5.90009562299997,-0.0
1784993394.4212246,5.905095272999972,-0.0
1784993394.4262762,5.910090514999979,-0.0
1784993394.4312782,5.915093700999989,-0.0
1784993394.4375162,5.920096978999993,-0.0
1784993394.4412484,5.925093480999976,-0.0
1784993394.446213,5.930090259999986,-0.0
1784993394.4513254,5.935090093999975,-0.0
1784993394.4564617,5.940099260000011,-0.0
1784993394.4621649,5.945101002000001,-0.0
1784993394.4662967,5.9500940780000064,-0.0
1784993394.471262,5.955094874999986,-0.0
1784993394.47625,5.9600935799999775,-0.0
1784993394.482031,5.9650940999999875,-0.0
1784993394.4862618,5.970095044999994,-0.0
1784993394.4912446,5.975097564000009,-0.0
1784993394.4961464,5.980086845000017,-0.0
1784993394.5023446,5.985088326999971,-0.0
1784993394.5063772,5.9900900310000225,-0.0
1784993394.5113132,5.995090828999992,-0.0
1784993394.516342,6.000099234999993,-0.0
1784993394.5223362,6.005098069999974,-0.0
1784993394.5263739,6.010095738000018,-0.0
1784993394.5313358,6.015097572000002,-0.0
1784993394.5361621,6.020088537999982,-0.0
1784993394.5411422,6.02508740899998,-0.0
1784993394.5463338,6.030096130999993,-0.0
1784993394.551328,6.035098187000017,-0.0
1784993394.5563588,6.04009492900002,-0.0
1784993394.5613046,6.045094671000015,-0.0
1784993394.5663466,6.0500952090000055,-0.0
1784993394.5720856,6.055097654000008,-0.0
1784993394.57626,6.060093267000013,-0.0
1784993394.5813787,6.0650942120000195,-0.0
1784993394.5862596,6.070096267999986,-0.0
1784993394.5920403,6.075094325000009,-0.0
1784993394.5962744,6.080093234000003,-0.0
1784993394.6013184,6.0850966599999765,-0.0
1784993394.6061444,6.090089163000016,-0.0
1784993394.611147,6.095086811999977,-0.0
1784993394.6162796,6.10009142399997,-0.0
1784993394.6212149,6.1050998669999785,-0.0
1784993394.6263866,6.110097979999978,-0.0
1784993394.6313343,6.115118049999978,-0.0
1784993394.6373458,6.1200943160000065,-0.0
1784993394.641377,6.125145121000003,-0.0
1784993394.6462061,6.130089410999972,-0.0
1784993394.6512294,6.135137013000019,-0.0
1784993394.6562932,6.140095486000007,-0.0
1784993394.6618998,6.145112353999991,-0.0
1784993394.6663344,6.150094377000016,-0.0
1784993394.6712976,6.155120038999996,-0.0
1784993394.6762764,6.160097489999998,-0.0
1784993394.6813881,6.165106100000003,-0.0
1784993394.6867368,6.17008982699997,-0.0
1784993394.6912622,6.175088568999968,-0.0
1784993394.6962519,6.180092753999986,-0.0
1784993394.7013037,6.185094420999974,0.0
1784993394.706506,6.190100588000007,0.0
1784993394.7114804,6.195098384999994,0.0
1784993394.7173514,6.200097034999999,0.0
1784993394.721272,6.205095647000007,0.0
1784993394.7262328,6.210091537999972,0.0
1784993394.7312868,6.215093964999994,0.0
1784993394.7361374,6.220088689000022,0.0
1784993394.7412179,6.225086986999997,0.0
1784993394.7465234,6.23009637399997,0.0
1784993394.751403,6.235100337999995,0.0
1784993394.756276,6.240095246999999,0.0
1784993394.7613273,6.245094377999976,0.0
1784993394.7662423,6.2500959710000075,0.0
1784993394.7712734,6.255095434999987,0.0
1784993394.7763608,6.260095862000014,0.0
1784993394.78135,6.2650961219999886,0.0
1784993394.7862759,6.270097770999996,0.0
1784993394.7912717,6.275097920000007,0.0
1784993394.7967565,6.2800913849999915,0.0
1784993394.8012698,6.285090830999991,0.0
1784993394.8061836,6.2900910540000154,0.0
1784993394.8113043,6.295090129000016,0.0
1784993394.8173096,6.300100350999969,0.0
1784993394.8213751,6.305102591999969,0.0
1784993394.826297,6.310092872999974,0.0
1784993394.8312235,6.315092558999993,0.0
1784993394.8373902,6.3200979480000115,0.0
1784993394.8413546,6.325094727000021,0.0
1784993394.846142,6.330086840999968,0.0
1784993394.851136,6.335088712000015,0.0
1784993394.857369,6.340094452000017,0.0
1784993394.861238,6.3450942679999685,0.0
1784993394.8662426,6.350091584999973,0.0
1784993394.871259,6.355093752000016,0.0
1784993394.87626,6.360094327000013,0.0
1784993394.881382,6.365091736000011,0.0
1784993394.8862836,6.37009010700001,0.0
1784993394.8919132,6.375093533999973,0.0
1784993394.896515,6.380091367999967,0.0
1784993394.901285,6.385094776000017,0.0
1784993394.9062572,6.390094110999996,0.0
1784993394.9112449,6.395093852000002,0.0
1784993394.9162717,6.400092743000016,0.0
1784993394.921291,6.405093688000022,0.0
1784993394.9262593,6.4100939479999965,0.0
1784993394.9312613,6.415093893000005,0.0
1784993394.9369967,6.420092894999982,0.0
1784993394.941344,6.425093894999975,0.0
1784993394.9462683,6.430091507999975,0.0
1784993394.9512067,6.435093656999982,0.0
1784993394.957353,6.440096730999983,0.0
1784993394.961324,6.445093751000002,0.0
1784993394.9661918,6.450089697999999,0.0
1784993394.9712226,6.455090086999974,0.0
1784993394.9763646,6.460091772999988,0.0
1784993394.9814162,6.46509834699998,0.0
1784993394.9872305,6.470096033999994,0.0
1784993394.9912803,6.475095793999969,0.0
1784993394.9962752,6.480090036999968,0.0
1784993395.0013068,6.485093425999992,0.0
1784993395.006218,6.490087197999969,0.0
1784993395.0111303,6.49508791400001,0.0
1784993395.0162873,6.5000923499999885,0.0
1784993395.0214357,6.505093509999995,0.0
1784993395.0263863,6.5101061670000036,0.0
1784993395.0321436,6.515098995000017,0.0
1784993395.0362113,6.520088509000004,0.0
1784993395.0412672,6.525091131000011,0.0
1784993395.046276,6.530091958000014,0.0
1784993395.0513635,6.535093912999969,0.0
1784993395.057055,6.540094850999992,0.0
1784993395.0612726,6.5450953440000035,0.0
1784993395.0662882,6.55007030500002,0.0
1784993395.0712228,6.555095570999981,0.0
1784993395.0773792,6.56009295299998,0.0
1784993395.0813308,6.565095298000017,0.0
1784993395.0861824,6.5700901999999815,0.0
1784993395.0912151,6.575087618999987,0.0
1784993395.0968544,6.580092499999978,0.0
1784993395.1013489,6.58509271600002,0.0
1784993395.1062133,6.590093523000007,0.0
1784993395.1112049,6.595092997999984,0.0
1784993395.117098,6.600098045999971,0.0
1784993395.1213245,6.6050947620000215,0.0
1784993395.1261818,6.610091588999978,0.0
1784993395.1311796,6.6150900459999775,0.0
1784993395.1363358,6.620099591999974,0.0
1784993395.1413355,6.625099030000001,0.0
1784993395.1462884,6.630097208999985,0.0
1784993395.1512537,6.635093110000014,0.0
1784993395.1572478,6.640094288,0.0
1784993395.161349,6.645095503999983,0.0
1784993395.166216,6.650097774000017,0.0
1784993395.1711564,6.655090842999982,0.0
1784993395.1762848,6.660097816000018,0.0
1784993395.1813784,6.665097715999991,0.0
1784993395.186968,6.670093839999993,0.0
1784993395.1913533,6.675096387999986,0.0
1784993395.1962197,6.6800926970000205,0.0
1784993395.201281,6.685090264999985,0.0
1784993395.2062552,6.6900940350000155,0.0
1784993395.212399,6.695097453000017,0.0
1784993395.2171044,6.700095594999993,0.0
1784993395.2211986,6.705089423000004,0.0
1784993395.2262707,6.710090083000011,0.0
1784993395.2311842,6.715089872000021,0.0
1784993395.236831,6.720091327999967,0.0
1784993395.2414064,6.725100985999973,0.0
1784993395.246345,6.730099719999998,0.0
1784993395.2512312,6.735089159999973,0.0
1784993395.2561681,6.740088522999997,0.0
1784993395.261207,6.7450917570000115,0.0
1784993395.2662427,6.750093601000003,0.0
1784993395.2712812,6.7550983339999675,0.0
1784993395.2762775,6.760097771999995,0.0
1784993395.281499,6.765097283999978,0.0
1784993395.2874207,6.770095443999992,0.0
1784993395.2912886,6.775092252999968,0.0
1784993395.2961972,6.780088561000014,0.0
1784993395.3011923,6.785091887000021,0.0
1784993395.3063295,6.790139666000016,0.0
1784993395.31128,6.79509720599998,0.0
1784993395.3163083,6.800105105,0.0
1784993395.321203,6.80509350799997,0.0
1784993395.3262038,6.810099424999976,0.0
1784993395.3312767,6.815097438000009,0.0
1784993395.336274,6.8201047250000215,0.0
1784993395.3411992,6.825094461999981,0.0
1784993395.3473995,6.830090843999983,0.0
1784993395.3512824,6.835095928999976,0.0
1784993395.35627,6.840095792999989,0.0
1784993395.3611407,6.845088658000009,0.0
1784993395.366143,6.850088983999967,0.0
1784993395.3711927,6.855092736000017,0.0
1784993395.3761988,6.86009117399999,0.0
1784993395.3812659,6.865090592999991,0.0
1784993395.3862848,6.870090790000006,0.0
1784993395.3912828,6.8750972629999865,0.0
1784993395.3962698,6.880094460999999,0.0
1784993395.4012072,6.885093397999981,0.0
1784993395.406199,6.890092503000005,0.0
1784993395.4113243,6.89509697699998,0.0
1784993395.4175549,6.900097673000005,0.0
1784993395.4213347,6.905093555999997,0.0
1784993395.4265966,6.910095011999999,0.0
1784993395.4311981,6.91509283900001,0.0
1784993395.4362447,6.920090684000002,0.0
1784993395.4413438,6.925100897999982,0.0
1784993395.446332,6.930096262000006,0.0
1784993395.4512548,6.935094182,0.0
1784993395.4570663,6.940094638000005,0.0
1784993395.461422,6.945094890000007,0.0
1784993395.466285,6.950096752999968,0.0
1784993395.4712167,6.955093283999986,0.0
1784993395.4762878,6.960094222000009,0.0
1784993395.4812655,6.965094733000001,0.0
1784993395.4862847,6.970094393000011,0.0
1784993395.491867,6.975093163999986,0.0
1784993395.4962852,6.98009932299999,0.0
1784993395.5011973,6.985092131999977,0.0
1784993395.506197,6.990091348000021,0.0
1784993395.5112321,6.995087768000019,0.0
1784993395.5162408,7.000087317000009,0.0
1784993395.5212858,7.005099158999997,0.0
1784993395.526273,7.010097856000016,0.0
1784993395.5312254,7.015095609000014,0.0
1784993395.5363238,7.020093583999994,0.0
1784993395.5412009,7.025093689000016,0.0
1784993395.5462706,7.030091663999997,0.0
1784993395.551401,7.03509421199999,0.0
1784993395.55702,7.0400940380000065,0.0
1784993395.5612707,7.045095253999989,0.0
1784993395.5663273,7.0500957649999805,0.0
1784993395.5712233,7.055089037000016,0.0
1784993395.576153,7.060089196999968,0.0
1784993395.5812838,7.065095411000016,0.0
1784993395.5864067,7.070098088999998,0.0
1784993395.5923848,7.07509410199998,0.0
1784993395.5963295,7.080094557999985,0.0
1784993395.6012132,7.085091496000018,0.0
1784993395.606178,7.090090508000003,0.0
1784993395.6112554,7.095094647999986,0.0
1784993395.616928,7.100093604999984,0.0
1784993395.6212692,7.105093597999996,0.0
1784993395.6263413,7.110093849999998,0.0
1784993395.631285,7.115097380000009,0.0
1784993395.6362762,7.120098557999995,0.0
1784993395.641866,7.125097588000017,0.0
1784993395.6463397,7.130099877000021,0.0
1784993395.6511858,7.135091945999989,0.0
1784993395.656206,7.140089920999969,0.0
1784993395.6619112,7.145094116999985,0.0
1784993395.6663787,7.150095442999998,0.0
1784993395.6714845,7.155098083999974,0.0
1784993395.67628,7.160098002999973,0.0
1784993395.681325,7.165097774000003,0.0
1784993395.6868618,7.170097897000005,0.0
1784993395.6912038,7.175088059000018,0.0
1784993395.696279,7.180097049999972,0.0
1784993395.7012577,7.185094988000003,0.0
1784993395.7076461,7.190093241,0.0
1784993395.7112684,7.195095548999973,0.0
1784993395.716355,7.200096115999997,0.0
1784993395.7211578,7.205088111000009,0.0
1784993395.7261488,7.210089639999978,0.0
1784993395.7321057,7.215097057999969,0.0
1784993395.7363236,7.220093237000015,0.0
1784993395.741243,7.225095099999976,0.0
1784993395.746242,7.23009177900002,0.0
1784993395.7520423,7.2350946239999985,0.0
1784993395.7563045,7.240095654000015,0.0
1784993395.761226,7.2450873519999845,0.0
1784993395.766154,7.250089290000005,0.0
1784993395.7713418,7.255094282000016,0.0
1784993395.7762542,7.260095274999969,0.0
1784993395.782415,7.265093730999979,0.0
1784993395.7862587,7.270095445999971,0.0
1784993395.7913063,7.275089069999979,0.0
1784993395.7962184,7.280091729999981,0.0
1784993395.8024404,7.2850950000000125,0.0
1784993395.806326,7.29009578900002,0.0
1784993395.8111374,7.295086599000001,0.0
1784993395.8161566,7.300087110999982,0.0
1784993395.8226726,7.30509588000001,0.0
1784993395.826436,7.310099131000015,0.0
1784993395.8312325,7.315094459000022,0.0
1784993395.8362086,7.320093600000007,0.0
1784993395.8418705,7.325092074999986,0.0
1784993395.8463087,7.3300625749999995,0.0
1784993395.8511853,7.335090395999998,0.0
1784993395.8562074,7.340089777999992,0.0
1784993395.8625255,7.345093640000016,0.0
1784993395.8663404,7.350095596000017,0.0
1784993395.8711534,7.355091497999979,0.0
1784993395.8761475,7.360088195000003,0.0
1784993395.882349,7.365095167999982,0.0
1784993395.8863175,7.370095106000008,0.0
1784993395.8911796,7.3750934880000045,0.0
1784993395.8961768,7.380087204999995,0.0
1784993395.9013402,7.385093401000006,0.0
1784993395.9062793,7.390097985000011,0.0
1784993395.9112697,7.395096701,0.0
1784993395.9162955,7.400097415999994,0.0
1784993395.9214118,7.405097057999967,0.0
1784993395.9267704,7.410090385999979,0.0
1784993395.9312644,7.415091915999994,0.0
1784993395.9361825,7.42008944600002,0.0
1784993395.9413226,7.4250899950000075,0.0
1784993395.9463456,7.430097283000009,0.0
1784993395.9515042,7.435098202000006,0.0
1784993395.9563415,7.440093436999973,0.0
1784993395.9612732,7.445096836000005,0.0
1784993395.966274,7.4500973300000055,0.0
1784993395.9713943,7.455097636999994,0.0
1784993395.9770412,7.460094390999984,0.0
1784993395.981299,7.4650975870000025,0.0
1784993395.986181,7.470090562999985,0.0
1784993395.9912293,7.47508957499997,0.0
1784993395.9962604,7.48009345600002,0.0
1784993396.0022173,7.485094763999996,0.0
1784993396.0062668,7.490095601000007,0.0
1784993396.0112047,7.495095734000017,0.0
1784993396.0161738,7.500088887000004,0.0
1784993396.0211432,7.505088021000006,0.0
1784993396.0262673,7.510088135999979,0.0
1784993396.0312636,7.515089676000002,0.0
1784993396.036182,7.520090790999973,0.0
1784993396.0412037,7.525089406000006,0.0
1784993396.0473638,7.53009376,0.0
1784993396.0512772,7.535095430000013,0.0
1784993396.0564585,7.540091804999975,0.0
1784993396.0612113,7.545091937999985,0.0
1784993396.0662057,7.550093682000011,0.0
1784993396.071871,7.555096425999977,0.0
1784993396.0763686,7.5600946530000215,0.0
1784993396.0812604,7.565095396999993,0.0
1784993396.0862029,7.57009134599997,0.0
1784993396.091322,7.575091368000017,0.0
1784993396.0962868,7.580093056999999,0.0
1784993396.1012714,7.585096170999975,0.0
1784993396.1061945,7.590090453000016,0.0
1784993396.1112428,7.595090475999996,0.0
1784993396.1163816,7.600095422999971,0.0
1784993396.1223476,7.6050965189999715,0.0
1784993396.1263278,7.610095522999984,0.0
1784993396.1312597,7.615095175000022,0.0
1784993396.136192,7.620091215999992,0.0
1784993396.1417205,7.625090201999967,0.0
1784993396.1464863,7.630098610999994,0.0
1784993396.151424,7.635158842999999,0.0
1784993396.156205,7.640092804999995,0.0
1784993396.161821,7.645134244000019,0.0
1784993396.1663346,7.650093034000008,0.0
1784993396.171347,7.655146601000013,0.0
1784993396.1762233,7.660091911999984,0.0
1784993396.1813717,7.665136665999967,0.0
1784993396.1863637,7.670094677999998,0.0
1784993396.1922975,7.675120880000009,0.0
1784993396.1963105,7.68009529699998,0.0
1784993396.2013226,7.685147085999972,0.0
1784993396.206219,7.690089045999969,0.0
1784993396.2112613,7.695127318999994,0.0
1784993396.2162302,7.700093903999971,0.0
1784993396.2212431,7.705098165999971,0.0
1784993396.2268944,7.710097910999991,0.0
1784993396.2313416,7.715149182000005,0.0
1784993396.236203,7.720091604999993,0.0
1784993396.2417805,7.72513484000001,0.0
1784993396.2463775,7.730092742000011,0.0
1784993396.2512987,7.7351469189999875,0.0
1784993396.2562094,7.740093951999995,0.0
1784993396.2612581,7.745147760000009,0.0
1784993396.2669442,7.750096514999996,0.0
1784993396.2713315,7.755115181000008,0.0
1784993396.2763448,7.76009478200001,0.0
1784993396.2813199,7.765121686999976,0.0
1784993396.2862735,7.770097251999971,0.0
1784993396.292105,7.775156853999988,0.0
1784993396.2962987,7.780091538000022,0.0
1784993396.3012254,7.78511199999997,0.0
1784993396.3061938,7.790091211999993,0.0
1784993396.3113146,7.795138797999982,0.0
1784993396.3163993,7.800103717000013,0.0
1784993396.3213682,7.805110255999978,0.0
1784993396.3267548,7.810094133999996,0.0
1784993396.3312848,7.815088452999987,0.0
1784993396.3361907,7.820090938000021,0.0
1784993396.3413115,7.825090404999969,0.0
1784993396.346456,7.830100831999971,0.0
1784993396.3513563,7.835101558000019,0.0
1784993396.3562033,7.84009295200002,0.0
1784993396.3611908,7.845091216000014,0.0
1784993396.3662565,7.850088219999975,0.0
1784993396.371156,7.8550905010000065,0.0
1784993396.3762822,7.860097113999984,0.0
1784993396.3812778,7.865094026000008,0.0
1784993396.3862743,7.870097269999974,0.0
1784993396.3912668,7.875096976999998,0.0
1784993396.3962085,7.8800938890000225,0.0
1784993396.4011958,7.885092225999983,0.0
1784993396.4062757,7.890096007000011,0.0
1784993396.412317,7.895097028999999,0.0
1784993396.41635,7.900095551999982,0.0
1784993396.4212515,7.9050958149999815,0.0
1784993396.4262474,7.910093836999977,0.0
1784993396.4319458,7.915092582,0.0
1784993396.4363673,7.920090549000008,0.0
1784993396.44125,7.925092366999991,0.0
1784993396.4464974,7.930097646999968,0.0
1784993396.4512846,7.935098724999989,0.0
1784993396.4562016,7.9400941559999865,0.0
1784993396.4611936,7.945092530000011,0.0
1784993396.466312,7.950097976999984,0.0
1784993396.4724452,7.955097388000013,0.0
1784993396.476332,7.96009587399999,0.0
1784993396.4812481,7.965092415000015,0.0
1784993396.4861841,7.970088826999984,0.0
1784993396.4913445,7.9750897559999885,0.0
1784993396.496368,7.980092018999983,0.0
1784993396.5012841,7.985098003000019,0.0
1784993396.5062706,7.9900973029999705,0.0
1784993396.5121758,7.99509780599999,0.0
1784993396.5163665,8.000094181000009,0.0
1784993396.5211985,8.00509055599997,0.0
1784993396.52618,8.010090966999996,0.0
1784993396.5311806,8.015088489999982,0.0
1784993396.537018,8.020090826,0.0
1784993396.5414126,8.025095735999969,0.0
1784993396.546207,8.030091518999996,0.0
1784993396.5513391,8.035092856000006,0.0
1784993396.5562289,8.040090952000014,0.0
1784993396.5617387,8.045091474000003,0.0
1784993396.566345,8.050096236000002,0.0
1784993396.571245,8.055095944000016,0.0
1784993396.5762553,8.060094391999996,0.0
1784993396.582027,8.065092063000009,0.0
1784993396.586313,8.070090326000013,0.0
1784993396.5912871,8.075091310999994,0.0
1784993396.596284,8.080095165999978,0.0
1784993396.6012735,8.085097521000023,0.0
1784993396.607548,8.09009758000002,0.0
1784993396.6113267,8.095093640000016,0.0
1784993396.6162019,8.100088497000002,0.0
1784993396.621212,8.10509048199998,0.0
1784993396.6264913,8.110095854999997,0.0
1784993396.6326861,8.115098838999984,0.0
1784993396.6362119,8.120090825999966,0.0
1784993396.641203,8.125090719000013,0.0
1784993396.6463456,8.130092295999987,0.0
1784993396.6523383,8.135097020999979,0.0
1784993396.6562574,8.140092210999967,0.0
1784993396.6611788,8.145091363000006,0.0
1784993396.666264,8.15009386600002,0.0
1784993396.6718497,8.155094296000016,0.0
1784993396.67629,8.160090652000008,0.0
1784993396.6812172,8.165090192999969,0.0
1784993396.6863415,8.170097788000021,0.0
1784993396.6913905,8.17509688399997,0.0
1784993396.6968544,8.180094684999972,0.0
1784993396.7012537,8.185093317999986,0.0
1784993396.7062476,8.19009409900002,0.0
1784993396.711298,8.195093973999974,0.0
1784993396.7162826,8.200095088000012,0.0
1784993396.7213328,8.205094055000018,0.0
1784993396.7272236,8.210096984000018,0.0
1784993396.7313218,8.21509309999999,0.0
1784993396.7362514,8.220095344000015,0.0
1784993396.7411778,8.225089977999971,0.0
1784993396.7472413,8.23008951899999,-0.0
1784993396.7513444,8.235095335999972,-0.0
1784993396.7562447,8.240097691000017,-0.0
1784993396.7612095,8.245094176999999,-0.0
1784993396.7668333,8.250093977000006,-0.0
1784993396.771321,8.25509407300001,-0.0
1784993396.776223,8.26009528100002,-0.0
1784993396.7811775,8.265087822999988,-0.0
1784993396.7863498,8.270090473999971,-0.0
1784993396.7913442,8.275094717999991,-0.0
1784993396.7970405,8.280097554000008,-0.0
1784993396.8012738,8.285095447000003,-0.0
1784993396.8063104,8.290096005999999,-0.0
1784993396.811338,8.295092824999983,-0.0
1784993396.816281,8.30009301399997,-0.0
1784993396.8212142,8.305089500000008,-0.0
1784993396.8261778,8.310087540999973,-0.0
1784993396.8315477,8.315096432000018,-0.0
1784993396.8363364,8.32009689900002,-0.0
1784993396.841491,8.325098513,-0.0
1784993396.8464658,8.330099275999999,-0.0
1784993396.8524039,8.335095557999978,-0.0
1784993396.8562791,8.340095765000001,-0.0
1784993396.861308,8.345092713999975,-0.0
1784993396.8662736,8.350093033000007,-0.0
1784993396.8712003,8.355092888000001,-0.0
1784993396.8762407,8.360093076999988,-0.0
1784993396.8815086,8.36510009799997,-0.0
1784993396.8874948,8.370100008999998,-0.0
1784993396.8912642,8.375095717000022,-0.0
1784993396.89625,8.380096590999983,-0.0
1784993396.9012752,8.385088670000016,-0.0
1784993396.9062614,8.390133628000001,-0.0
1784993396.9112744,8.395097286999999,-0.0
1784993396.9162967,8.400105234000023,-0.0
1784993396.921195,8.405093831999977,-0.0
1784993396.9270627,8.410100093999972,-0.0
1784993396.9313495,8.41509382099997,-0.0
1784993396.936311,8.420148683999969,-0.0
1784993396.9412355,8.425091977000022,-0.0
1784993396.9467697,8.430133565000006,-0.0
1784993396.9512646,8.435093336000023,-0.0
1784993396.956287,8.440113428000018,-0.0
1784993396.961261,8.445094695000023,-0.0
1784993396.9663162,8.450120582000011,-0.0
1784993396.9714408,8.455097572,-0.0
1784993396.9774272,8.460114035000004,-0.0
1784993396.9815028,8.465327345999981,-0.0
1784993396.9863195,8.470152498000004,-0.0
1784993396.991144,8.475089033000017,-0.0
1784993396.996206,8.480124714999988,-0.0
1784993397.0012712,8.48509205800002,-0.0
1784993397.0062973,8.490111620999983,-0.0
1784993397.0112019,8.495092547000013,-0.0
1784993397.016229,8.500099966999983,-0.0
1784993397.0214121,8.50509853699998,-0.0
1784993397.0272202,8.510112751000008,-0.0
1784993397.0313318,8.515093454999999,-0.0
1784993397.0363226,8.520153901000015,-0.0
1784993397.0412447,8.525091261,-0.0
1784993397.0462413,8.530135191999989,-0.0
1784993397.0520363,8.535094584999968,-0.0
1784993397.056288,8.540113298999984,-0.0
1784993397.0613341,8.545095242000002,-0.0
1784993397.0663407,8.55010471700001,-0.0
1784993397.0712032,8.55509319700002,-0.0
1784993397.076264,8.56009876500002,-0.0
1784993397.0812595,8.565093169000022,-0.0
1784993397.0862875,8.570113993999996,-0.0
1784993397.0920148,8.575094289999981,-0.0
1784993397.096382,8.580144755999981,-0.0
1784993397.1011996,8.585092577000012,-0.0
1784993397.1062,8.590098608999995,-0.0
1784993397.1114058,8.59509660499998,-0.0
1784993397.117059,8.600119651,-0.0
1784993397.1213212,8.605093614999987,-0.0
1784993397.1262696,8.610116345999984,-0.0
1784993397.131299,8.615091606000021,-0.0
1784993397.136449,8.620112060999986,-0.0
1784993397.1413386,8.625095318999968,-0.0
1784993397.1470394,8.63010605300002,-0.0
1784993397.1512635,8.635092161999978,-0.0
1784993397.1563332,8.640094008999995,-0.0
1784993397.1612911,8.645095227000013,-0.0
1784993397.1668649,8.65009418599999,-0.0
1784993397.1712623,8.65509320000001,-0.0
1784993397.176259,8.660094028999993,-0.0
1784993397.1813486,8.665093616999968,-0.0
1784993397.1862895,8.670099037,-0.0
1784993397.1913404,8.675098291999973,-0.0
1784993397.1962788,8.680095232999975,-0.0
1784993397.2012484,8.685095468999975,-0.0
1784993397.2062569,8.690094761000012,-0.0
1784993397.2119915,8.695094089999998,-0.0
1784993397.216285,8.70009467799997,-0.0
1784993397.2213893,8.705092321999985,-0.0
1784993397.2261984,8.710092187999976,-0.0
1784993397.2311802,8.715086518000021,-0.0
1784993397.2361367,8.720087976000002,-0.0
1784993397.241187,8.72509067499999,-0.0
1784993397.2462583,8.73009102200001,-0.0
1784993397.2512953,8.73509720200002,-0.0
1784993397.2562625,8.740090828000007,-0.0
1784993397.2625299,8.745094230000007,-0.0
1784993397.2662594,8.750093874000015,-0.0
1784993397.2711976,8.755091221999976,-0.0
1784993397.2761858,8.760090235999996,-0.0
1784993397.281257,8.765092230999983,-0.0
1784993397.2873774,8.770095523000009,-0.0
1784993397.2913473,8.775094518000003,-0.0
1784993397.2962832,8.780096995000008,-0.0
1784993397.3013155,8.785097731000008,-0.0
1784993397.3073125,8.790096763999998,-0.0
1784993397.311267,8.795092352999973,-0.0
1784993397.3162262,8.800090292999982,-0.0
1784993397.321364,8.805103563999978,-0.0
1784993397.3264458,8.810098449000009,-0.0
1784993397.3312097,8.815089891000014,-0.0
1784993397.3361995,8.820091460000015,-0.0
1784993397.3422067,8.825095454999996,-0.0
1784993397.3462772,8.830095375999974,-0.0
1784993397.3512747,8.835086891999993,-0.0
1784993397.356228,8.840087127999993,-0.0
1784993397.3612807,8.845097511000006,-0.0
1784993397.3663483,8.850097784000013,-0.0
1784993397.371268,8.855096021000008,-0.0
1784993397.377016,8.86009466500002,-0.0
1784993397.3812041,8.865090049999992,-0.0
1784993397.3863127,8.870092989,-0.0
1784993397.39121,8.875093150999987,-0.0
1784993397.3962348,8.880092461999993,-0.0
1784993397.402037,8.885097771000005,-0.0
1784993397.4063342,8.890095822999967,-0.0
1784993397.4111876,8.895089320000011,-0.0
1784993397.416218,8.900090869999985,-0.0
1784993397.421332,8.905090033000022,-0.0
1784993397.4262812,8.910097674999975,-0.0
1784993397.4312773,8.915095318999988,-0.0
1784993397.4370246,8.920096833000002,-0.0
1784993397.44127,8.925089237000009,-0.0
1784993397.4461935,8.930091231999995,-0.0
1784993397.4513032,8.935093912000013,-0.0
1784993397.4573724,8.940095166999981,-0.0
1784993397.4612908,8.945090125999968,-0.0
1784993397.4662082,8.950091380999993,-0.0
1784993397.4712796,8.955092079999986,-0.0
1784993397.476261,8.96009748199998,-0.0
1784993397.4812667,8.965092052999978,-0.0
1784993397.4862537,8.970095195999988,-0.0
1784993397.491445,8.97509398799997,-0.0
1784993397.4963498,8.980095389999974,-0.0
1784993397.5023968,8.98509736699998,-0.0
1784993397.5062666,8.990095732999976,-0.0
1784993397.5112076,8.99509056300002,-0.0
1784993397.5163374,9.000092632000019,-0.0
1784993397.5212293,9.005085406999967,-0.0
1784993397.5262282,9.01008912399999,-0.0
1784993397.531358,9.015097654999977,-0.0
1784993397.5363364,9.02009940900001,-0.0
1784993397.5425103,9.025099459999979,-0.0
1784993397.546457,9.030100215000004,-0.0
1784993397.5511625,9.03508900899999,-0.0
1784993397.5561512,9.040087449999987,-0.0
1784993397.561402,9.045096016999992,-0.0
1784993397.566519,9.050099734000014,-0.0
1784993397.5713778,9.05510052599999,-0.0
1784993397.5763013,9.060097207000013,-0.0
1784993397.5819314,9.065094758999976,-0.0
1784993397.5863206,9.070092532999979,-0.0
1784993397.5912204,9.075091713999996,-0.0
1784993397.5962815,9.08009043200002,-0.0
1784993397.601341,9.085091519999992,-0.0
1784993397.606485,9.090097403000016,-0.0
1784993397.6112902,9.095098102000009,-0.0
1784993397.616305,9.100098467999999,-0.0
1784993397.6220603,9.10509724100001,-0.0
1784993397.6262846,9.110089775000006,-0.0
1784993397.631207,9.115088474999993,-0.0
1784993397.6361954,9.120090506999986,-0.0
1784993397.6423464,9.125091650000002,-0.0
1784993397.6464825,9.130112419,-0.0
1784993397.6513214,9.135101973000019,-0.0
1784993397.6562908,9.140090267000005,-0.0
1784993397.6620948,9.145091761999993,-0.0
1784993397.666364,9.150101921999976,-0.0
1784993397.6713183,9.155100511,-0.0
1784993397.6761413,9.160088416000008,-0.0
1784993397.6811442,9.165086967999969,-0.0
1784993397.6861358,9.170089055000005,-0.0
1784993397.6912837,9.175088976999973,-0.0
1784993397.6962755,9.180091101000016,-0.0
1784993397.701219,9.18509094899997,-0.0
1784993397.706302,9.190095869000004,-0.0
1784993397.7113912,9.195094717000018,-0.0
1784993397.7163575,9.200095341999997,-0.0
1784993397.7223406,9.205097448000004,-0.0
1784993397.7262933,9.210095851000005,-0.0
1784993397.731402,9.215094921000002,-0.0
1784993397.7362645,9.220090529000004,-0.0
1784993397.7411838,9.225090561000002,-0.0
1784993397.7461827,9.230090038000014,-0.0
1784993397.7518644,9.235090292999985,-0.0
1784993397.7563417,9.240099805,-0.0
1784993397.7614584,9.245100115000014,-0.0
1784993397.76629,9.250095611999996,-0.0
1784993397.7718627,9.255094497000016,-0.0
1784993397.776277,9.26009336300001,-0.0
1784993397.7813659,9.265100337999968,-0.0
1784993397.7862055,9.270093669000005,-0.0
1784993397.7913232,9.275092589999986,-0.0
1784993397.7963352,9.280093604000001,-0.0
1784993397.802101,9.28514895799998,-0.0
1784993397.8063555,9.290100612000003,-0.0
1784993397.8115318,9.29515139299997,-0.0
1784993397.8162434,9.300089308999986,-0.0
1784993397.8211951,9.305096506999973,-0.0
1784993397.826279,9.310097483999982,-0.0
1784993397.831322,9.315111550999973,-0.0
1784993397.8362699,9.320095289999983,-0.0
1784993397.8419228,9.325111542000002,-0.0
1784993397.8463023,9.330094781000014,-0.0
1784993397.8512902,9.33511642100001,-0.0
1784993397.8563435,9.340093754000009,-0.0
1784993397.8614256,9.345120726000005,-0.0
1784993397.8673735,9.350095855999996,-0.0
1784993397.8713574,9.355114791999995,-0.0
1784993397.876252,9.36009627300001,-0.0
1784993397.8812883,9.365109579999967,-0.0
1784993397.8863747,9.370094746000007,-0.0
1784993397.8913863,9.375114478,-0.0
1784993397.8975544,9.380098051000004,-0.0
1784993397.9013288,9.385152645999995,-0.0
1784993397.9062724,9.39009239500001,-0.0
1784993397.911234,9.395133918999989,-0.0
1784993397.916318,9.400095441000019,-0.0
1784993397.9213858,9.405114173000015,-0.0
1784993397.926255,9.410094506000007,-0.0
1784993397.9313798,9.41511703399999,-0.0
1784993397.9362895,9.42009862599997,-0.0
1784993397.941791,9.425104712999996,-0.0
1784993397.9462733,9.43008974899999,-0.0
1784993397.951235,9.435136733999968,-0.0
1784993397.9562635,9.440095182999983,-0.0
1784993397.9614506,9.445112952999978,-0.0
1784993397.9663496,9.450096470000005,-0.0
1784993397.972085,9.455106278000017,-0.0
1784993397.9762578,9.460092906,-0.0
1784993397.9813461,9.46515257499999,-0.0
1784993397.9862561,9.470092915999999,-0.0
1784993397.9912543,9.475139104999982,-0.0
1784993397.9963174,9.480089073999977,-0.0
1784993398.0012698,9.485133745999974,-0.0
1784993398.0062196,9.490092500000003,-0.0
1784993398.0112476,9.495100763999972,-0.0
1784993398.0175264,9.500097621999998,-0.0
1784993398.0213792,9.505146024999988,-0.0
1784993398.026195,9.510092357000019,-0.0
1784993398.0312512,9.515134649999993,-0.0
1784993398.037506,9.520100625999987,-0.0
1784993398.0414085,9.525153990999968,-0.0
1784993398.0463092,9.530092545999992,-0.0
1784993398.0512958,9.535092384999984,-0.0
1784993398.0562153,9.540094093999983,-0.0
1784993398.0612054,9.545092599999975,-0.0
1784993398.0662735,9.55009834599997,-0.0
1784993398.0723534,9.555097036999996,-0.0
1784993398.0763292,9.560093542999994,-0.0
1784993398.0812974,9.565092622999998,-0.0
1784993398.086288,9.570094831999995,-0.0
1784993398.0918605,9.575094411999999,-0.0
1784993398.0962574,9.580094084999985,-0.0
1784993398.1012735,9.585095626999987,-0.0
1784993398.1063821,9.590093428999978,-0.0
1784993398.1120772,9.595098470999972,-0.0
1784993398.1163497,9.600097403000007,-0.0
1784993398.1212497,9.605095927999969,-0.0
1784993398.1261852,9.610089861000006,-0.0
1784993398.131745,9.615087958999993,-0.0
1784993398.1362724,9.620094092999977,-0.0
1784993398.1413429,9.62509404299999,-0.0
1784993398.1462784,9.630096975000015,-0.0
1784993398.1514657,9.635097590999976,-0.0
1784993398.1571906,9.640094171999976,-0.0
1784993398.1613216,9.645095603000016,-0.0
1784993398.1661844,9.650092350000023,-0.0
1784993398.1711857,9.655091096999968,-0.0
1784993398.1762974,9.660094508999975,-0.0
1784993398.1825728,9.665091571000005,-0.0
1784993398.1862543,9.670093427999973,-0.0
1784993398.19134,9.675094081999987,-0.0
1784993398.1962817,9.680096606000006,-0.0
1784993398.201279,9.685097982000002,-0.0
1784993398.2071137,9.690097746999982,-0.0
1784993398.21132,9.695091809000019,-0.0
1784993398.216234,9.700090019000015,-0.0
1784993398.221183,9.70508861799999,-0.0
1784993398.2276871,9.710098991999985,-0.0
1784993398.2313702,9.715104403999987,-0.0
1784993398.2362297,9.72008617199998,-0.0
1784993398.2411559,9.725089233000006,-0.0
1784993398.246315,9.730095699999993,-0.0
1784993398.2512789,9.735097242999984,-0.0
1784993398.256378,9.740097118999984,-0.0
1784993398.2618523,9.745094161999987,-0.0
1784993398.2662878,9.750090854000007,-0.0
1784993398.271219,9.755090377999977,-0.0
1784993398.276344,9.760096160999979,-0.0
1784993398.2814991,9.765096796000023,-0.0
1784993398.2870185,9.770093265000014,-0.0
1784993398.2912693,9.775096548000022,-0.0
1784993398.2961957,9.780090369999982,-0.0
1784993398.3012574,9.785091615999988,-0.0
1784993398.3062053,9.790090807000013,-0.0
1784993398.3112912,9.795091941999999,-0.0
1784993398.3163204,9.80009492900001,-0.0
1784993398.3212743,9.80509797100001,-0.0
1784993398.3262641,9.810096439999995,-0.0
1784993398.331274,9.81509420499998,-0.0
1784993398.3362627,9.820096821999982,-0.0
1784993398.3422043,9.825096567999992,-0.0
1784993398.3463113,9.830093556000008,-0.0
1784993398.3511767,9.835091654999985,-0.0
1784993398.3562627,9.840091123999969,-0.0
1784993398.3620214,9.845094109999991,-0.0
1784993398.366206,9.850088857999992,-0.0
1784993398.3713117,9.855091917999971,-0.0
1784993398.3761954,9.860090887000013,-0.0
1784993398.38147,9.86509687299997,-0.0
1784993398.3863504,9.870094972000004,-0.0
1784993398.3912764,9.875099068999987,-0.0
1784993398.3972125,9.880097835000015,-0.0
1784993398.401269,9.885095895999996,-0.0
1784993398.406281,9.890095791000022,-0.0
1784993398.4111705,9.89508770599997,-0.0
1784993398.4163637,9.900093377000019,-0.0
1784993398.4212675,9.905096566999987,-0.0
1784993398.4262679,9.910097054000005,-0.0
1784993398.4312649,9.915094115999977,-0.0
1784993398.4363046,9.920097306999992,-0.0
1784993398.4423063,9.925097127000015,-0.0
1784993398.4462814,9.930095947999973,-0.0
1784993398.4511895,9.935091473,-0.0
1784993398.4562416,9.940089961000012,-0.0
1784993398.4618661,9.945095020999986,-0.0
1784993398.4663253,9.950097582000012,-0.0
1784993398.4712336,9.955092385,-0.0
1784993398.476223,9.96009214999998,-0.0
1784993398.481346,9.965094840000006,-0.0
1784993398.4863582,9.97009575300001,-0.0
1784993398.4920475,9.975093592000007,-0.0
1784993398.496276,9.980096319999973,-0.0
1784993398.5012841,9.98509269699997,-0.0
1784993398.506262,9.990093128000012,-0.0
1784993398.5113008,9.995092929999998,-0.0
1784993398.5162907,10.000092028999973,0.0
1784993398.5217862,10.005096310999988,0.0
1784993398.5262728,10.010095261999993,0.0
1784993398.5312877,10.01509056499998,0.0
1784993398.5362139,10.020093700000018,0.0
1784993398.5413146,10.025092964999999,0.0
1784993398.546274,10.030090249000011,0.0
1784993398.5519934,10.035096308999982,0.0
1784993398.5562885,10.040096000000005,0.0
1784993398.5613317,10.04509619099997,0.0
1784993398.566289,10.050098122000009,0.0
1784993398.5713553,10.055096719999995,0.0
1784993398.5763423,10.06014756799999,0.0
1784993398.5818756,10.065094880000004,0.0
1784993398.586288,10.070114660000002,0.0
1784993398.5912755,10.075095003000001,0.0
1784993398.5964355,10.08011333799999,0.0
1784993398.6012888,10.085096680999982,0.0
1784993398.606375,10.090115646000015,0.0
1784993398.6112747,10.09509693299998,0.0
1784993398.6173484,10.100105306999978,0.0
1784993398.6212692,10.105095870000014,0.0
1784993398.6264205,10.11015629000002,0.0
1784993398.6311393,10.115086458000007,0.0
1784993398.6362329,10.120087814999977,0.0
1784993398.6412787,10.125097745000005,0.0
1784993398.6462777,10.130097176999982,0.0
1784993398.6512504,10.135093127999994,0.0
1784993398.656207,10.140092521999975,0.0
1784993398.661304,10.14509656399997,0.0
1784993398.666271,10.150096607000023,0.0
1784993398.6713457,10.155096964999984,0.0
1784993398.6762953,10.160095840999986,0.0
1784993398.6812642,10.165092532000017,0.0
1784993398.686258,10.170094575000007,0.0
1784993398.6913369,10.175095117000012,0.0
1784993398.6962767,10.180097363000016,0.0
1784993398.7013135,10.185096814000019,0.0
1784993398.7070422,10.190097504999983,0.0
1784993398.7112691,10.195091103999971,0.0
1784993398.7162082,10.200091146999966,0.0
1784993398.721185,10.205090116000008,0.0
1784993398.7263315,10.210090269999966,0.0
1784993398.7313662,10.215100309999968,0.0
1784993398.7363584,10.220101333999992,0.0
1784993398.74193,10.225093453,0.0
1784993398.7462807,10.230089477999968,0.0
1784993398.7512987,10.235095204999993,0.0
1784993398.7562633,10.240093247999994,0.0
1784993398.7612553,10.245094068000014,0.0
1784993398.7670293,10.250094221999973,0.0
1784993398.7714796,10.255095949999998,0.0
1784993398.7763567,10.260096380999983,0.0
1784993398.7811568,10.265088240000011,0.0
1784993398.7861512,10.270090171999982,0.0
1784993398.7923343,10.275097212999981,0.0
1784993398.7963321,10.280095218999975,0.0
1784993398.8011866,10.28509268800002,0.0
1784993398.806182,10.290090379999981,0.0
1784993398.812034,10.295099235999999,0.0
1784993398.8164873,10.300100795999981,0.0
1784993398.821285,10.305096784,0.0
1784993398.826272,10.310095939000007,0.0
1784993398.8313394,10.315093592999972,0.0
1784993398.8362691,10.320097338999972,0.0
1784993398.8424187,10.325097917999983,0.0
1784993398.8462727,10.330096017000017,0.0
1784993398.8511765,10.335088728000017,0.0
1784993398.8562121,10.340087918999984,0.0
1784993398.8612795,10.345092609000005,0.0
1784993398.8661928,10.350090726000019,0.0
1784993398.871358,10.355099785999982,0.0
1784993398.8764913,10.360099514000012,0.0
1784993398.8813488,10.36510270399998,0.0
1784993398.8862722,10.370097137000016,0.0
1784993398.8922114,10.37509755000002,0.0
1784993398.8963053,10.380095425999968,0.0
1784993398.9011502,10.385090339999977,0.0
1784993398.9062116,10.390088976000015,0.0
1784993398.9112782,10.395093165999981,0.0
1784993398.9162402,10.40009046900002,0.0
1784993398.9213834,10.40509954700002,0.0
1784993398.9265075,10.410100682000007,0.0
1784993398.9313471,10.41510076100002,0.0
1784993398.9362693,10.420097472000009,0.0
1784993398.9418619,10.425096402999998,0.0
1784993398.9463084,10.430093946999989,0.0
1784993398.9512079,10.435091582999974,0.0
1784993398.9562733,10.440090977000011,0.0
1784993398.9613376,10.445092482999996,0.0
1784993398.9662745,10.450096395000003,0.0
1784993398.9713304,10.455096955999977,0.0
1784993398.9773736,10.460097072999986,0.0
1784993398.9812078,10.46508934000002,0.0
1784993398.986273,10.470090955999979,0.0
1784993398.9911852,10.475090851000004,0.0
1784993398.9963021,10.480090431000008,0.0
1784993399.0013716,10.485100842000008,0.0
1784993399.0072143,10.49010167199998,0.0
1784993399.011274,10.495093300000008,0.0
1784993399.016296,10.500097889000017,0.0
1784993399.02127,10.505094572000019,0.0
1784993399.026262,10.510092922000013,0.0
1784993399.0312653,10.51510084299997,0.0
1784993399.0363216,10.520094896999979,0.0
1784993399.041225,10.525087692,0.0
1784993399.046148,10.53008913299999,0.0
1784993399.05136,10.535098425000001,0.0
1784993399.057053,10.540099589000022,0.0
1784993399.06136,10.545093642999973,0.0
1784993399.0662813,10.550097213000015,0.0
1784993399.0712829,10.555097063000005,0.0
1784993399.0762634,10.560096949000013,0.0
1784993399.0812027,10.565090595000015,0.0
1784993399.0861979,10.570092999999986,0.0
1784993399.0912676,10.575092460000008,0.0
1784993399.097346,10.580097251999973,0.0
1784993399.1012633,10.58509139900002,0.0
1784993399.1062071,10.590091803999997,0.0
1784993399.1112583,10.59509516999998,0.0
1784993399.1169431,10.600094575000014,0.0
1784993399.121329,10.605094721,0.0
1784993399.1262681,10.610096753999983,0.0
1784993399.1312673,10.61509410399998,0.0
1784993399.1362703,10.62009685999999,0.0
1784993399.1414175,10.62509669100001,0.0
1784993399.1470337,10.630094170000007,0.0
1784993399.15122,10.635095260000014,0.0
1784993399.1564417,10.640091053999981,0.0
1784993399.1612852,10.645092494999972,0.0
1784993399.1662376,10.650092880999978,0.0
1784993399.1712828,10.655093100999977,0.0
1784993399.1763773,10.660097448999977,0.0
1784993399.1813538,10.665102611999998,0.0
1784993399.1870072,10.670096536000017,0.0
1784993399.1912763,10.675095219000013,0.0
1784993399.196276,10.680092402000014,0.0
1784993399.201209,10.685093492000021,0.0
1784993399.2061968,10.690092488999994,0.0
1784993399.2113037,10.695094133999987,0.0
1784993399.216455,10.700095537999971,0.0
1784993399.2219937,10.705095053999969,0.0
1784993399.226276,10.710095533000015,0.0
1784993399.2313309,10.715096529999983,0.0
1784993399.2362416,10.720092769000019,0.0
1784993399.2413294,10.725092914000015,0.0
1784993399.2462554,10.730096317999994,0.0
1784993399.2525601,10.735100758999977,0.0
1784993399.2562737,10.740092387000004,0.0
1784993399.261264,10.745093644000008,0.0
1784993399.2662501,10.750093307999975,0.0
1784993399.2717266,10.75508995399997,0.0
1784993399.2762575,10.760093524000013,0.0
1784993399.2813685,10.765098297999998,0.0
1784993399.2862666,10.770096389000003,0.0
1784993399.292544,10.77509797800002,0.0
1784993399.2961895,10.780090625000014,0.0
1784993399.3012064,10.785094287999982,0.0
1784993399.3061862,10.790090194000015,0.0
1784993399.3117268,10.79509111699997,0.0
1784993399.316278,10.800094575999992,0.0
1784993399.3213458,10.805094591999989,0.0
1784993399.3262753,10.810097643999995,0.0
1784993399.3312693,10.815094511999973,0.0
1784993399.3363557,10.820097787000009,0.0
1784993399.3424082,10.825114242999973,0.0
1784993399.3462496,10.830095152000013,0.0
1784993399.3512847,10.835113811999975,0.0
1784993399.3570135,10.84009381300001,0.0
1784993399.361462,10.845152595000002,0.0
1784993399.3662057,10.850093196999978,0.0
1784993399.3712494,10.855140110999969,0.0
1784993399.3762631,10.86009446899999,0.0
1784993399.3813748,10.865111739999975,0.0
1784993399.3863773,10.870096999999987,0.0
1784993399.39186,10.875114474999975,0.0
1784993399.3962667,10.880094586999974,0.0
1784993399.4013562,10.885113506999971,0.0
1784993399.4062517,10.890095266999992,0.0
1784993399.4123614,10.89511190899998,0.0
1784993399.416285,10.900095594999982,0.0
1784993399.4213216,10.905151283999999,0.0
1784993399.4262545,10.910089646000017,0.0
1784993399.431188,10.915134429999966,0.0
1784993399.4362423,10.920092898999997,0.0
1784993399.4413018,10.925134962000016,0.0
1784993399.4463558,10.930102669000007,0.0
1784993399.4513984,10.935158988000012,0.0
1784993399.4562685,10.940098776000013,0.0
1784993399.4613504,10.945145893000017,0.0
1784993399.4662013,10.950093605000006,0.0
1784993399.4717875,10.955133204999981,0.0
1784993399.4763627,10.960094765999997,0.0
1784993399.4812677,10.965105075999986,0.0
1784993399.486309,10.97009688899999,0.0
1784993399.4920604,10.975103310999998,0.0
1784993399.4963331,10.980094699000006,0.0
1784993399.5012877,10.985117025000022,0.0
1784993399.5062578,10.990094638000016,0.0
1784993399.511453,10.995111594999969,0.0
1784993399.516359,11.000096353999993,0.0
1784993399.5217936,11.005105034999985,0.0
1784993399.5263596,11.010100884999986,0.0
1784993399.5314927,11.015150130999984,0.0
1784993399.5361392,11.020088826000006,0.0
1784993399.5412314,11.025086805,0.0
1784993399.5464833,11.030097318999992,0.0
1784993399.551287,11.035097426999982,0.0
1784993399.556951,11.040092850999997,0.0
1784993399.5612092,11.045090553000023,0.0
1784993399.566209,11.05009193899997,0.0
1784993399.5711994,11.055089881000015,0.0
1784993399.5763388,11.060094488000004,0.0
1784993399.5812647,11.065093151999974,0.0
1784993399.5877001,11.070100130000014,0.0
1784993399.5913641,11.075098738000008,0.0
1784993399.5961893,11.080091680999999,0.0
1784993399.6012118,11.085092048999968,0.0
1784993399.6062577,11.090093878999994,0.0
1784993399.6112578,11.09509291400002,0.0
1784993399.6175356,11.100096446999999,0.0
1784993399.6213293,11.105093667000006,0.0
1784993399.6261857,11.110091738999984,0.0
1784993399.631185,11.115089995999995,0.0
1784993399.6363525,11.12010060199998,0.0
1784993399.6420333,11.125100376999967,0.0
1784993399.646344,11.13009533799999,0.0
1784993399.6512947,11.135094575999972,0.0
1784993399.6563063,11.140096925000023,0.0
1784993399.6613405,11.145096959,0.0
1784993399.6662486,11.150092271999995,0.0
1784993399.6712444,11.155094990999999,0.0
1784993399.67703,11.160094154999967,0.0
1784993399.681461,11.165094634000013,0.0
1784993399.686307,11.170095075999996,0.0
1784993399.6912158,11.17509305499999,0.0
1784993399.696278,11.180097087999968,0.0
1784993399.7012672,11.18509640000002,0.0
1784993399.7075508,11.190097212000012,0.0
1784993399.7112582,11.195093876999977,0.0
1784993399.7162144,11.200089079000008,0.0
1784993399.7211854,11.20509002,0.0
1784993399.7270117,11.210094405999996,0.0
1784993399.7314065,11.21509460599998,0.0
1784993399.7362013,11.220088883000017,0.0
1784993399.7411985,11.225091212999985,0.0
1784993399.7463717,11.230098467999994,0.0
1784993399.7520359,11.23510042800001,0.0
1784993399.7563787,11.240093721999983,0.0
1784993399.7612772,11.245097126000019,0.0
1784993399.7662776,11.250094457999978,0.0
1784993399.7723043,11.255096435999974,0.0
1784993399.7762654,11.260089359999995,0.0
1784993399.7812183,11.265090320000013,0.0
1784993399.786265,11.270091853999986,0.0
1784993399.7913384,11.275094128999967,0.0
1784993399.7962768,11.280098107000015,0.0
1784993399.8018427,11.285096807999992,0.0
1784993399.8061986,11.290089103000014,0.0
1784993399.8113136,11.29509202600002,0.0
1784993399.8162866,11.300090209000018,0.0
1784993399.821228,11.305096390000017,0.0
1784993399.8263574,11.310100515999977,0.0
1784993399.8322334,11.315102808999995,0.0
1784993399.836224,11.320091105000017,0.0
1784993399.8412929,11.325090268999986,0.0
1784993399.8462744,11.330093875999978,0.0
1784993399.8520215,11.335095835999994,0.0
1784993399.856201,11.340089890000002,0.0
1784993399.8611894,11.345091480000008,0.0
1784993399.8663065,11.350089200000014,0.0
1784993399.8713067,11.355091955999967,0.0
1784993399.87646,11.360094581999988,0.0
1784993399.8812733,11.36509632000002,0.0
1784993399.8863695,11.370099649999986,0.0
1784993399.8913429,11.375100480000015,0.0
1784993399.8970814,11.380099476999987,0.0
1784993399.9013736,11.385094605000006,0.0
1784993399.906229,11.390098230999968,0.0
1784993399.9112139,11.39509319299998,0.0
1784993399.9164195,11.400090301999967,0.0
1784993399.922043,11.405094613000017,0.0
1784993399.9263325,11.410095962000014,0.0
1784993399.931374,11.41509188599997,0.0
1784993399.9363778,11.420091734999971,0.0
1784993399.941285,11.425097768,0.0
1784993399.946268,11.430095264999977,0.0
1784993399.9513023,11.43509807700002,0.0
1784993399.956817,11.440098019000004,0.0
1784993399.9612732,11.445090573000016,0.0
1784993399.9661944,11.450088162999975,0.0
1784993399.9711905,11.455088715999977,0.0
1784993399.9762936,11.460091324000018,0.0
1784993399.9814613,11.465099781999982,0.0
1784993399.9863603,11.470100242000001,0.0
1784993399.9912624,11.475095704000012,0.0
1784993399.9963543,11.480093867999983,0.0
1784993400.0014663,11.485112379999975,0.0
1784993400.0063615,11.490096241999993,0.0
1784993400.0117307,11.495093619999977,0.0
1784993400.0162284,11.50009049800002,0.0
1784993400.0212169,11.505087913000011,0.0
1784993400.0262215,11.510134596,0.0
1784993400.0312586,11.51509551800001,0.0
1784993400.0362945,11.520112687999983,0.0
1784993400.0414393,11.525094513999989,0.0
1784993400.0474033,11.530115294999973,0.0
1784993400.0513575,11.535097102000009,0.0
1784993400.0562987,11.540121603999978,0.0
1784993400.0612712,11.545098300999996,0.0
1784993400.0671432,11.550156167000011,0.0
1784993400.071284,11.555091817000005,0.0
1784993400.0762503,11.560140424999986,0.0
1784993400.0813837,11.565095144999987,0.0
1784993400.0873137,11.570115702999999,0.0
1784993400.0913477,11.57509504799998,0.0
1784993400.0963292,11.58015515400001,0.0
1784993400.1012187,11.585094803000004,-0.0
1784993400.1063578,11.590136782999991,-0.0
1784993400.1113403,11.595095743000002,-0.0
1784993400.1175663,11.60011937500002,-0.0
1784993400.1213067,11.605093979999992,-0.0
1784993400.1264331,11.610148883000022,-0.0
1784993400.1312275,11.615092531000016,-0.0
1784993400.1367803,11.620134936999989,-0.0
1784993400.141265,11.625094063999995,-0.0
1784993400.146316,11.630113214999994,-0.0
1784993400.1513624,11.635097021999968,-0.0
1784993400.157051,11.640119579999975,-0.0
1784993400.1613314,11.645095573999981,-0.0
1784993400.1662598,11.650093025999979,-0.0
1784993400.1712768,11.655095662000008,-0.0
1784993400.176249,11.660094094999977,-0.0
1784993400.1820242,11.665095231999999,-0.0
1784993400.1862636,11.67009542400001,-0.0
1784993400.1912587,11.675088487999972,-0.0
1784993400.1961522,11.680089438999971,-0.0
1784993400.2012005,11.685089760999972,-0.0
1784993400.207304,11.690097174000016,-0.0
1784993400.2113223,11.695094774999973,-0.0
1784993400.216316,11.700093245000005,-0.0
1784993400.2212667,11.705093696000006,-0.0
1784993400.226844,11.710093906999987,-0.0
1784993400.2312922,11.715092284999969,-0.0
1784993400.236211,11.720093162000012,-0.0
1784993400.2412844,11.72509872400002,-0.0
1784993400.2463708,11.730097286999978,-0.0
1784993400.2526393,11.735095665000017,-0.0
1784993400.2563329,11.740097042000002,-0.0
1784993400.2611866,11.745089661999998,-0.0
1784993400.2661955,11.750088501999983,-0.0
1784993400.2712631,11.755094138000004,-0.0
1784993400.276934,11.760094403999972,-0.0
1784993400.2812757,11.76509452199997,-0.0
1784993400.2863793,11.770094751999977,-0.0
1784993400.2912872,11.775095184999998,-0.0
1784993400.2962759,11.780096265999987,-0.0
1784993400.3017535,11.785088236999968,-0.0
1784993400.3062725,11.790090077000002,-0.0
1784993400.311226,11.795089991999987,-0.0
1784993400.316222,11.800089646999993,-0.0
1784993400.3215702,11.805097449000016,-0.0
1784993400.3264937,11.810097142000018,-0.0
1784993400.331364,11.815093649000005,-0.0
1784993400.336861,11.820097118999968,-0.0
1784993400.3411977,11.825088016999985,-0.0
1784993400.346289,11.830089763999979,-0.0
1784993400.3512716,11.835094843999968,-0.0
1784993400.357121,11.84009462900002,-0.0
1784993400.361223,11.845089599999994,-0.0
1784993400.3662033,11.850089163000007,-0.0
1784993400.371481,11.855097891000014,-0.0
1784993400.3777416,11.860100693999982,-0.0
1784993400.3813484,11.865090813999984,-0.0
1784993400.386205,11.87009302399997,-0.0
1784993400.3912678,11.875092660999996,-0.0
1784993400.3963904,11.880096870999978,-0.0
1784993400.401342,11.885096099999998,-0.0
1784993400.4062655,11.890096551999989,-0.0
1784993400.411272,11.895094836999988,-0.0
1784993400.4173481,11.900092214999972,-0.0
1784993400.4212172,11.905096388000004,-0.0
1784993400.4262779,11.910091989000023,-0.0
1784993400.431211,11.915094291999992,-0.0
1784993400.4362128,11.920093909999991,-0.0
1784993400.4413874,11.925093010000012,-0.0
1784993400.446372,11.930094924000002,-0.0
1784993400.4523363,11.935095893999971,-0.0
1784993400.4562736,11.940096271000016,-0.0
1784993400.4612849,11.945096390000003,-0.0
1784993400.466152,11.950087176000011,-0.0
1784993400.4712977,11.955089535000013,-0.0
1784993400.4763825,11.96009587399999,-0.0
1784993400.481999,11.965096103000008,-0.0
1784993400.4862783,11.970096739999974,-0.0
1784993400.4913385,11.975096506,-0.0
1784993400.4962025,11.980092236000019,-0.0
1784993400.5013232,11.985093002999974,-0.0
1784993400.5063457,11.990095619999977,-0.0
1784993400.5124128,11.995095702000015,-0.0
1784993400.5162861,12.000094487000013,-0.0
1784993400.5212524,12.005094642000017,-0.0
1784993400.5270317,12.010094131000017,-0.0
1784993400.5312738,12.015095470999995,-0.0
1784993400.5361915,12.020092405000014,-0.0
1784993400.5411909,12.025092133999976,-0.0
1784993400.5461671,12.030087993999985,-0.0
1784993400.551253,12.035088260000009,-0.0
1784993400.5562809,12.040093951000017,-0.0
1784993400.5611877,12.045091421999985,-0.0
1784993400.5662603,12.050092094999968,-0.0
1784993400.5713928,12.05509615699998,-0.0
1784993400.5768569,12.060094590999995,-0.0
1784993400.5813723,12.065100299999983,-0.0
1784993400.58621,12.070093419999978,-0.0
1784993400.5912147,12.075094519000004,-0.0
1784993400.5963845,12.080097766999984,-0.0
1784993400.6012907,12.085117566000008,-0.0
1784993400.6070156,12.090093373999991,-0.0
1784993400.611326,12.095146518999968,-0.0
1784993400.6163142,12.100090093000006,-0.0
1784993400.6212885,12.105113318000008,-0.0
1784993400.6261868,12.110091347999969,-0.0
1784993400.6312327,12.115138881999997,-0.0
1784993400.6365638,12.120100249000018,-0.0
1784993400.642639,12.125153911999973,-0.0
1784993400.646343,12.13009363499998,-0.0
1784993400.651349,12.135153296999988,-0.0
1784993400.656211,12.140093241999978,-0.0
1784993400.661339,12.145131962999983,-0.0
1784993400.6663556,12.150094477999971,-0.0
1784993400.672411,12.155121405999978,-0.0
1784993400.676253,12.160093399999994,-0.0
1784993400.6812632,12.165094202999967,-0.0
1784993400.6862469,12.170093728999973,-0.0
1784993400.6913455,12.175094920999982,-0.0
1784993400.6976504,12.180097761000013,-0.0
1784993400.7014146,12.185095138999998,-0.0
1784993400.7063756,12.19009120200002,-0.0
1784993400.7112358,12.195091708999996,-0.0
1784993400.717542,12.200094938000007,-0.0
1784993400.72125,12.20509439,-0.0
1784993400.726341,12.210093896999979,-0.0
1784993400.7312748,12.21509710700002,-0.0
1784993400.73632,12.220098022000002,-0.0
1784993400.7423122,12.225097547000018,-0.0
1784993400.7463338,12.23009470300002,-0.0
1784993400.751266,12.235097246999999,-0.0
1784993400.7561953,12.240091440000015,-0.0
1784993400.761732,12.24509013300002,-0.0
1784993400.7662954,12.250088102999996,-0.0
1784993400.7712011,12.255093182999985,-0.0
1784993400.776292,12.260097837999979,-0.0
1784993400.7814333,12.265097178000019,-0.0
1784993400.7870116,12.270093797000015,-0.0
1784993400.7913392,12.275095545,-0.0
1784993400.796188,12.280089572000009,-0.0
1784993400.8012018,12.285091633999969,-0.0
1784993400.806292,12.290094789000023,-0.0
1784993400.8118477,12.295094387999995,-0.0
1784993400.8162868,12.300088119000009,-0.0
1784993400.8212075,12.305093236000005,-0.0
1784993400.826281,12.310097482999993,-0.0
1784993400.8325965,12.315098304999992,-0.0
1784993400.8362823,12.320088350999981,-0.0
1784993400.8411894,12.325089728000023,-0.0
1784993400.8463392,12.330095659999984,-0.0
1784993400.8514926,12.335098704000018,-0.0
1784993400.8573785,12.340093766999985,-0.0
1784993400.8612733,12.345096014999967,-0.0
1784993400.8661482,12.350087098000017,-0.0
1784993400.8711357,12.355088271,-0.0
1784993400.8762965,12.360090222999986,-0.0
1784993400.8812764,12.365091043999996,-0.0
1784993400.8862858,12.370095402000004,-0.0
1784993400.8913116,12.375097057000005,-0.0
1784993400.8963904,12.380096397999978,-0.0
1784993400.9024708,12.385093627999993,-0.0
1784993400.9062784,12.390088727999967,-0.0
1784993400.9111998,12.395091068,-0.0
1784993400.9163778,12.400098463000006,-0.0
1784993400.92147,12.405097062999971,-0.0
1784993400.9263635,12.410093312000015,-0.0
1784993400.9323366,12.415097169999967,-0.0
1784993400.936203,12.420089733999987,-0.0
1784993400.9412727,12.425091463000001,-0.0
1784993400.9461884,12.430090618000008,-0.0
1784993400.9513102,12.43509188500002,-0.0
1784993400.9563785,12.440097465000008,-0.0
1784993400.961463,12.445099490000018,-0.0
1784993400.9674585,12.450093905000017,-0.0
1784993400.9713838,12.455096004999973,-0.0
1784993400.9761474,12.460088939000002,-0.0
1784993400.981257,12.465089279999972,-0.0
1784993400.9863524,12.470092359999967,-0.0
1784993400.9923263,12.475096921999977,-0.0
1784993400.9963093,12.480096355,-0.0
1784993401.0013454,12.48509719499998,-0.0
1784993401.0061948,12.49008914000001,-0.0
1784993401.0112708,12.495090730000015,-0.0
1784993401.0163102,12.500095524000017,-0.0
1784993401.0224848,12.505097354999975,-0.0
1784993401.026256,12.510094632000005,-0.0
1784993401.0311942,12.515091649999988,-0.0
1784993401.0373998,12.520094481000001,-0.0
1784993401.0413804,12.525093793999986,-0.0
1784993401.0461986,12.530093310999973,-0.0
1784993401.0511963,12.53509186499997,-0.0
1784993401.0570111,12.540094048000014,-0.0
1784993401.061274,12.545095453999977,-0.0
1784993401.0663037,12.550093840999978,-0.0
1784993401.0712028,12.555094542999996,-0.0
1784993401.0762901,12.560097151999969,-0.0
1784993401.0821624,12.565097335000019,-0.0
1784993401.0863197,12.570094556000015,-0.0
1784993401.091208,12.575091536999992,-0.0
1784993401.0965645,12.580090831999996,-0.0
1784993401.1013532,12.585099958,-0.0
1784993401.1062963,12.590100825999968,-0.0
1784993401.112783,12.595093621999979,-0.0
1784993401.1163042,12.600093342999969,-0.0
1784993401.1212127,12.605092840999987,-0.0
1784993401.1262217,12.610092914000006,-0.0
1784993401.1312745,12.615099911000016,-0.0
1784993401.1364489,12.62009670599997,-0.0
1784993401.142027,12.625093261000018,-0.0
1784993401.1463141,12.63009638799997,-0.0
1784993401.1512883,12.635092978999978,-0.0
1784993401.1562734,12.640090662999967,-0.0
1784993401.161235,12.645092235999982,-0.0
1784993401.1663165,12.650090716000022,-0.0
1784993401.171263,12.655095249999988,-0.0
1784993401.1768646,12.660094433999973,-0.0
1784993401.1813333,12.665093635999995,-0.0
1784993401.1862693,12.67009654100002,-0.0
1784993401.1911924,12.675091355000006,-0.0
1784993401.196296,12.680090168999982,-0.0
1784993401.2014654,12.685099960999992,-0.0
1784993401.2072713,12.69012260300002,-0.0
1784993401.211384,12.695099531999972,-0.0
1784993401.2163732,12.70009756799999,-0.0
1784993401.222369,12.705095010999969,-0.0
1784993401.2263386,12.710094138999978,-0.0
1784993401.23126,12.715096211000002,-0.0
1784993401.2362185,12.720093469000005,-0.0
1784993401.2412665,12.72509437499997,-0.0
1784993401.24626,12.730093392000015,-0.0
1784993401.2522602,12.735105535999992,-0.0
1784993401.256378,12.740103626999996,-0.0
1784993401.2611973,12.745088962000011,-0.0
1784993401.2661924,12.750090311999998,-0.0
1784993401.2723746,12.755094919999976,-0.0
1784993401.2763472,12.760095584999988,-0.0
1784993401.2811987,12.765091843999983,-0.0
1784993401.286208,12.770092563999981,-0.0
1784993401.2912583,12.775094154999977,-0.0
1784993401.296752,12.78009381999999,-0.0
1784993401.3013124,12.785092448,-0.0
1784993401.3062084,12.790092353999967,-0.0
1784993401.3113117,12.795100423999997,-0.0
1784993401.3164558,12.800095775999978,-0.0
1784993401.3217194,12.805093811000006,-0.0
1784993401.326298,12.810091828999987,-0.0
1784993401.331183,12.815091123000002,-0.0
1784993401.336211,12.820093139999983,-0.0
1784993401.3414683,12.825100840000005,-0.0
1784993401.34636,12.83010015299999,-0.0
1784993401.3512754,12.83509441199999,-0.0
1784993401.357384,12.84009653999999,-0.0
1784993401.3612878,12.845088632,-0.0
1784993401.3662043,12.850089630000014,-0.0
1784993401.3712626,12.855094924000014,-0.0
1784993401.3773737,12.860094219000018,-0.0
1784993401.3812022,12.865090662,-0.0
1784993401.386306,12.870092604999968,-0.0
1784993401.3912807,12.875093880000009,-0.0
1784993401.3963227,12.880095638,-0.0
1784993401.4026194,12.885100468000019,-0.0
1784993401.4064293,12.890099299999974,-0.0
1784993401.4111953,12.895090188999973,-0.0
1784993401.4162173,12.900087928999994,-0.0
1784993401.4213626,12.905093203999968,-0.0
1784993401.4263358,12.910095442,-0.0
1784993401.432091,12.915097199999991,-0.0
1784993401.436259,12.920093383999983,-0.0
1784993401.4412649,12.92509432700001,-0.0
1784993401.447044,12.930094620999967,-0.0
1784993401.4512694,12.935060534000002,-0.0
1784993401.4561865,12.940090914999985,-0.0
1784993401.4613433,12.94509672700002,-0.0
1784993401.4664395,12.950108796999984,-0.0
1784993401.4712949,12.95509983400001,-0.0
1784993401.4769058,12.960092963000022,-0.0
1784993401.4813702,12.965089444,-0.0
1784993401.4862123,12.970093588999987,-0.0
1784993401.4913929,12.975099308999972,-0.0
1784993401.4971747,12.980100214000004,-0.0
1784993401.501299,12.985099730999991,-0.0
1784993401.506181,12.990090935000012,-0.0
1784993401.5112581,12.995094284999993,-0.0
1784993401.5163105,13.000103244000002,-0.0
1784993401.5213401,13.00509692899999,-0.0
1784993401.5262783,13.010090779999985,-0.0
1784993401.5320854,13.015092519000007,-0.0
1784993401.5363307,13.020094664999988,-0.0
1784993401.5412643,13.025095384999986,-0.0
1784993401.5462544,13.030094216999998,0.0
1784993401.5513806,13.035096640999996,0.0
1784993401.556787,13.040094936000003,0.0
1784993401.5613456,13.045096934000014,0.0
1784993401.5662177,13.050090914999998,0.0
1784993401.571322,13.055094209000004,0.0
1784993401.5762491,13.060095354999987,0.0
1784993401.582416,13.06509407599998,0.0
1784993401.586318,13.070094462999975,0.0
1784993401.5912666,13.075093443000014,0.0
1784993401.596346,13.08009370100001,0.0
1784993401.601295,13.085098512999991,0.0
1784993401.6072855,13.090098048000016,0.0
1784993401.611372,13.095096398999999,0.0
1784993401.6162074,13.100089879999985,0.0
1784993401.6211827,13.105091803999983,0.0
1784993401.6269672,13.110094117000017,0.0
1784993401.6313217,13.115095004000011,0.0
1784993401.6363404,13.120094075999987,0.0
1784993401.641219,13.125093055999969,0.0
1784993401.6462066,13.13009224000001,0.0
1784993401.6512804,13.135093107999978,0.0
1784993401.656282,13.140093958000023,0.0
1784993401.661255,13.145095882000021,0.0
1784993401.6670313,13.150091714999974,0.0
1784993401.6712933,13.155113153000002,0.0
1784993401.6763284,13.160096432999978,0.0
1784993401.681278,13.165105781000022,0.0
1784993401.6862247,13.170093300000019,0.0
1784993401.6912725,13.17509946399997,0.0
1784993401.6963654,13.180094703999998,0.0
1784993401.7012985,13.185118697999997,0.0
1784993401.7073839,13.190093848999993,0.0
1784993401.7113392,13.19514865100001,0.0
1784993401.7162762,13.200090160999991,0.0
1784993401.7213156,13.205108044999974,0.0
1784993401.7262106,13.210092397999972,0.0
1784993401.731207,13.21510013599999,0.0
1784993401.7364233,13.220097152999983,0.0
1784993401.7423875,13.225115000000017,0.0
1784993401.7463245,13.230094168999983,0.0
1784993401.751364,13.235122513000022,0.0
1784993401.7563941,13.240101793999997,0.0
1784993401.7614536,13.24518360899998,0.0
1784993401.7661002,13.250096031999988,0.0
1784993401.7711716,13.255094309000015,0.0
1784993401.7761488,13.260094529000014,0.0
1784993401.7811418,13.265089825000018,0.0
1784993401.7860763,13.27008358400002,0.0
1784993401.7910354,13.27508223000001,0.0
1784993401.796291,13.280094410999993,0.0
1784993401.801266,13.285094076000007,0.0
1784993401.8062425,13.290090686999974,0.0
1784993401.8112907,13.29509116600002,0.0
1784993401.8162644,13.300087405999989,0.0
1784993401.8211524,13.305088755999975,0.0
1784993401.8263566,13.31010017799997,0.0
1784993401.8323038,13.31510023200002,0.0
1784993401.8363671,13.320096157000023,0.0
1784993401.8412826,13.325096950999978,0.0
1784993401.8462873,13.330097672000022,0.0
1784993401.8519404,13.33509733699998,0.0
1784993401.856233,13.340091891999975,0.0
1784993401.8611848,13.34509011299997,0.0
1784993401.8663812,13.350107070999968,0.0
1784993401.8716142,13.355108013000006,0.0
1784993401.8762035,13.360090737000007,0.0
1784993401.8812218,13.365090142999975,0.0
1784993401.8862684,13.370098213999995,0.0
1784993401.8912604,13.37509471300001,0.0
1784993401.896922,13.380095062999999,0.0
1784993401.9013608,13.385096338999972,0.0
1784993401.9062924,13.390098818000013,0.0
1784993401.9113047,13.395096853999974,0.0
1784993401.9164329,13.400094501000012,0.0
1784993401.9223926,13.405095129000017,0.0
1784993401.9262817,13.410090090999972,0.0
1784993401.9312027,13.41509260700002,0.0
1784993401.9362772,13.420098141999972,0.0
1784993401.9412587,13.425096251000014,0.0
1784993401.9469934,13.430093731999989,0.0
1784993401.95134,13.43509721099997,0.0
1784993401.9562242,13.440091672999984,0.0
1784993401.9612134,13.445092837999994,0.0
1784993401.9662762,13.450094077000017,0.0
1784993401.971361,13.455096963000017,0.0
1784993401.977382,13.460097109999992,0.0
1784993401.9812999,13.465093776000003,0.0
1784993401.9862747,13.470095754999988,0.0
1784993401.991264,13.475094512999988,0.0
1784993401.9962642,13.480093474,0.0
1784993402.00195,13.485093639000013,0.0
1784993402.0063417,13.490095236999991,0.0
1784993402.0112545,13.49509520800001,0.0
1784993402.0163898,13.500103973000023,0.0
1784993402.021354,13.505100556000002,0.0
1784993402.0262365,13.510086918000013,0.0
1784993402.0312307,13.515087962999985,0.0
1784993402.036295,13.52009424800002,0.0
1784993402.041307,13.525096570000017,0.0
1784993402.046383,13.530096706999984,0.0
1784993402.052086,13.535094974999993,0.0
1784993402.056201,13.540089373,0.0
1784993402.0611935,13.54509045399999,0.0
1784993402.066477,13.550106143999983,0.0
1784993402.0713456,13.555100745999994,0.0
1784993402.0764303,13.560094848000006,0.0
1784993402.0812883,13.565095780999968,0.0
1784993402.086293,13.570098417999986,0.0
1784993402.092397,13.575096777999988,0.0
1784993402.0963423,13.58009632300002,0.0
1784993402.1013167,13.585091368999997,0.0
1784993402.106262,13.590091580999967,0.0
1784993402.1112623,13.595093606999967,0.0
1784993402.1165001,13.600102908999986,0.0
1784993402.1213715,13.605100955000012,0.0
1784993402.1263642,13.610101498999995,0.0
1784993402.1320622,13.615096322999989,0.0
1784993402.1362474,13.620096035000017,0.0
1784993402.1413066,13.625092172999985,0.0
1784993402.1462882,13.630091181000012,0.0
1784993402.1512485,13.63509335499998,0.0
1784993402.1571457,13.640093251999986,0.0
1784993402.1612544,13.645095056000002,0.0
1784993402.1663113,13.650100191999968,0.0
1784993402.1713424,13.65509549799998,0.0
1784993402.1763077,13.660098152999979,0.0
1784993402.1811404,13.66508823700002,0.0
1784993402.1869097,13.670089114999996,0.0
1784993402.1912642,13.675094510999998,0.0
1784993402.1962712,13.680094462999989,0.0
1784993402.2012715,13.68509717400002,0.0
1784993402.2070308,13.69009390499997,0.0
1784993402.2112687,13.695095024000011,0.0
1784993402.216351,13.700093901999992,0.0
1784993402.2211552,13.705089484999974,0.0
1784993402.2261713,13.710089881999977,0.0
1784993402.23254,13.715096202999973,0.0
1784993402.2362716,13.720095748000006,0.0
1784993402.2412012,13.725092663999988,0.0
1784993402.2461946,13.730091339000012,0.0
1784993402.2524939,13.735099234000018,0.0
1784993402.2566254,13.740101204999974,0.0
1784993402.2612002,13.74509382499997,0.0
1784993402.266203,13.750089408000008,0.0
1784993402.2711446,13.755088101000013,0.0
1784993402.2761884,13.760088738999968,0.0
1784993402.2811918,13.765091524000013,0.0
1784993402.2862794,13.770091457999968,0.0
1784993402.291284,13.775090244000012,0.0
1784993402.2962425,13.780090974000018,0.0
1784993402.3012664,13.785095406999972,0.0
1784993402.3063765,13.790095802999986,0.0
1784993402.3117821,13.795094329999984,0.0
1784993402.31643,13.800094301000001,0.0
1784993402.3212929,13.805096270999968,0.0
1784993402.3262165,13.810092225000005,0.0
1784993402.3323655,13.81509399099997,0.0
1784993402.336407,13.820114698999987,0.0
1784993402.3412683,13.825097765999999,0.0
1784993402.3463254,13.830115400000011,0.0
1784993402.3519976,13.835094966999975,0.0
1784993402.3563242,13.840150983000001,0.0
1784993402.3612015,13.845092186999977,0.0
1784993402.3662002,13.850089991999994,0.0
1784993402.3711975,13.855089167000017,0.0
1784993402.376145,13.860088748999999,0.0
1784993402.3812768,13.865092088999972,0.0
1784993402.3862796,13.870093838000003,0.0
1784993402.391266,13.87509530799997,0.0
1784993402.3963087,13.880094204999978,0.0
1784993402.4013553,13.88510091500001,0.0
1784993402.4064713,13.890100034999989,0.0
1784993402.4114602,13.895099745999971,0.0
1784993402.416303,13.900101512999981,0.0
1784993402.4213092,13.905097206999983,0.0
1784993402.4262736,13.910095936999994,0.0
1784993402.4312289,13.915088910000009,0.0
1784993402.43623,13.920089028999996,0.0
1784993402.4412704,13.925096275999977,0.0
1784993402.446279,13.930096579999997,0.0
1784993402.451359,13.935101975999999,0.0
1784993402.4563348,13.94010048399997,0.0
1784993402.4612477,13.945095381999977,0.0
1784993402.466863,13.950092186999996,0.0
1784993402.4712925,13.955094453000015,0.0
1784993402.4763331,13.96010553299999,0.0
1784993402.4812717,13.965094339000018,0.0
1784993402.4863155,13.970096069000022,0.0
1784993402.491948,13.97509437399998,0.0
1784993402.4963481,13.98009371500001,0.0
1784993402.5012324,13.98509418599997,0.0
1784993402.506212,13.990092935000007,0.0
1784993402.5114088,13.99509747899998,0.0
1784993402.5162942,14.000100411999995,0.0
1784993402.5212047,14.005092994999984,0.0
1784993402.5262618,14.010092317999977,0.0
1784993402.5317233,14.015091771000016,0.0
1784993402.536207,14.020091852999997,0.0
1784993402.5413833,14.025095490000012,0.0
1784993402.54629,14.030097404000003,0.0
1784993402.5513022,14.03509737500002,0.0
1784993402.5562742,14.040097104999973,0.0
1784993402.561321,14.045094225000014,0.0
1784993402.5662396,14.050095918000011,0.0
1784993402.5711958,14.055093370999998,0.0
1784993402.5762002,14.060089989999994,0.0
1784993402.581276,14.065089887,0.0
1784993402.5863323,14.070093228000019,0.0
1784993402.5913713,14.075096771999995,0.0
1784993402.5970478,14.080096835000006,0.0
1784993402.6012747,14.085095529,0.0
1784993402.606333,14.09009503699997,0.0
1784993402.6111593,14.095088341999997,0.0
1784993402.6162531,14.100087794999979,0.0
1784993402.6214118,14.105096967000009,0.0
1784993402.6262615,14.110095141999977,0.0
1784993402.6313543,14.115098761000013,0.0
1784993402.6372347,14.120102600999985,0.0
1784993402.6412969,14.125089129999992,0.0
1784993402.6463957,14.130092934000004,0.0
1784993402.651278,14.135095607999972,0.0
1784993402.6562781,14.140096986000003,0.0
1784993402.6612587,14.145094789999973,0.0
1784993402.6662729,14.150093186999982,0.0
1784993402.6712492,14.155094583999983,0.0
1784993402.6773071,14.160093259000007,0.0
1784993402.6812296,14.16509269300002,0.0
1784993402.6862464,14.170092682000018,0.0
1784993402.691401,14.175094134000005,0.0
1784993402.6962986,14.180093308999972,0.0
1784993402.7013044,14.185095371999978,0.0
1784993402.70627,14.190097397999978,0.0
1784993402.7112694,14.195097073,0.0
1784993402.7164006,14.200096007000013,0.0
1784993402.7218628,14.205095902999972,0.0
1784993402.7262793,14.210094948999995,0.0
1784993402.7312717,14.215094770999997,0.0
1784993402.7373652,14.220096852999973,0.0
1784993402.7412338,14.225089640000022,0.0
1784993402.746277,14.230091202999972,0.0
1784993402.7512898,14.23509650599999,0.0
1784993402.7562714,14.240096681000011,0.0
1784993402.7614014,14.245097428999998,0.0
1784993402.766276,14.250100047999979,0.0
1784993402.7712708,14.255098389000011,0.0
1784993402.7761931,14.260091676000002,0.0
1784993402.7812138,14.265086537000002,0.0
1784993402.7862487,14.27008943300001,0.0
1784993402.7912626,14.275093533000017,0.0
1784993402.7962632,14.280095281000001,0.0
1784993402.8013546,14.285099528999979,0.0
1784993402.8065298,14.290099184999974,0.0
1784993402.8121207,14.295099101000005,0.0
1784993402.8163774,14.300100385999997,0.0
1784993402.8212397,14.305098041999997,0.0
1784993402.8262098,14.310093181000013,0.0
1784993402.8313239,14.31509257800002,0.0
1784993402.8362956,14.320095826,0.0
1784993402.8413708,14.325093907999985,0.0
1784993402.8470306,14.330094120000012,0.0
1784993402.851361,14.335097385999973,0.0
1784993402.856213,14.340093820999982,0.0
1784993402.8612626,14.345092421999993,0.0
1784993402.8662663,14.350094892000016,0.0
1784993402.8712711,14.355098194999982,0.0
1784993402.8763835,14.360097370000005,0.0
1784993402.882016,14.365094805000012,-0.0
1784993402.8862755,14.370096294000007,-0.0
1784993402.8913403,14.37509706100002,-0.0
1784993402.896262,14.380093180000017,-0.0
1784993402.9011977,14.385091928999998,-0.0
1784993402.9061832,14.390090381999983,-0.0
1784993402.911182,14.395090556000014,-0.0
1784993402.916473,14.400097099999982,-0.0
1784993402.92277,14.405100662999985,-0.0
1784993402.9262726,14.410095615999978,-0.0
1784993402.931397,14.415098623999995,-0.0
1784993402.9361973,14.420089299999972,-0.0
1784993402.9411402,14.425089345000004,-0.0
1784993402.9461367,14.43008838999998,-0.0
1784993402.9511425,14.435089101000017,-0.0
1784993402.956379,14.440091404999976,-0.0
1784993402.961324,14.445138126000018,-0.0
1784993402.966276,14.45009451300001,-0.0
1784993402.9712737,14.455102963999991,-0.0
1784993402.9762778,14.460096620999991,-0.0
1784993402.9817762,14.465100571999983,-0.0
1784993402.9863605,14.470096599999977,-0.0
1784993402.9912848,14.475117769999997,-0.0
1784993402.9962864,14.480094448999978,-0.0
1784993403.0019546,14.485113102000014,-0.0
1784993403.006269,14.490095473999986,-0.0
1784993403.0113673,14.495111931999986,-0.0
1784993403.0162966,14.500097933999996,-0.0
1784993403.0212977,14.505118169000013,-0.0
1784993403.0263057,14.510097542999972,-0.0
1784993403.0316947,14.51510344799999,-0.0
1784993403.0367322,14.520093615000008,-0.0
1784993403.0412505,14.525139957000022,-0.0
1784993403.0463324,14.530096667999999,-0.0
1784993403.0513842,14.535105794000003,-0.0
1784993403.0561817,14.540091759000006,-0.0
1784993403.0612621,14.545134341999983,-0.0
1784993403.0662608,14.550095848000012,-0.0
1784993403.0719287,14.555112732999987,-0.0
1784993403.0762641,14.560095049999973,-0.0
1784993403.0812862,14.565112638000016,-0.0
1784993403.086271,14.570095750999997,-0.0
1784993403.091288,14.575113338999984,-0.0
1784993403.0963578,14.580093433999991,-0.0
1784993403.1019285,14.585117910000008,-0.0
1784993403.10629,14.590094061000002,-0.0
1784993403.1113696,14.595113240999979,-0.0
1784993403.116306,14.600097798999968,-0.0
1784993403.1213217,14.605105295999977,-0.0
1784993403.1269305,14.610094316000016,-0.0
1784993403.131195,14.615090500000008,-0.0
1784993403.136213,14.62009333200001,-0.0
1784993403.1412053,14.62509027599998,-0.0
1784993403.1464698,14.63009895800002,-0.0
1784993403.1513736,14.635103825999977,-0.0
1784993403.157031,14.640096475000007,-0.0
1784993403.1612718,14.645095491999996,-0.0
1784993403.1661432,14.650088584999992,-0.0
1784993403.1711404,14.655089250000003,-0.0
1784993403.1763117,14.66009169299997,-0.0
1784993403.1812112,14.66509391400001,-0.0
1784993403.1863248,14.670096355999988,-0.0
1784993403.19131,14.675097521999987,-0.0
1784993403.1962092,14.680093817999989,-0.0
1784993403.2012002,14.685093687000006,-0.0
1784993403.2062776,14.690093186000013,-0.0
1784993403.211657,14.69509018499997,-0.0
1784993403.2163317,14.700096015999975,-0.0
1784993403.2213407,14.705096255,-0.0
1784993403.226195,14.71009208800001,-0.0
1784993403.231183,14.715091031999975,-0.0
1784993403.2375064,14.72010254700001,-0.0
1784993403.2414215,14.725101619999975,-0.0
1784993403.2461298,14.730086139999969,-0.0
1784993403.2511609,14.735087138999972,-0.0
1784993403.2563865,14.740100412999993,-0.0
1784993403.2613907,14.745094930999983,-0.0
1784993403.2662532,14.750093429999993,-0.0
1784993403.2712605,14.755094873000019,-0.0
1784993403.2762473,14.760094149999986,-0.0
1784993403.2813947,14.765093648999994,-0.0
1784993403.28741,14.770097609999993,-0.0
1784993403.291346,14.775095905,-0.0
1784993403.296185,14.780089182999973,-0.0
1784993403.3012037,14.785093829000004,-0.0
1784993403.3065143,14.790096402000017,-0.0
1784993403.3114486,14.795100751999996,-0.0
1784993403.3175664,14.800092806999999,-0.0
1784993403.3212764,14.805094472999997,-0.0
1784993403.3262744,14.81009428599998,-0.0
1784993403.3312693,14.815094173999967,-0.0
1784993403.3373425,14.82009832,-0.0
1784993403.3413422,14.825093374999994,-0.0
1784993403.346197,14.830089559999976,-0.0
1784993403.3512044,14.83509307700001,-0.0
1784993403.3573775,14.840092186999982,-0.0
1784993403.3612545,14.845093536999968,-0.0
1784993403.3661916,14.85008849999997,-0.0
1784993403.371194,14.855088276999993,-0.0
1784993403.376994,14.860091737999994,-0.0
1784993403.3813074,14.865096531999995,-0.0
1784993403.3863761,14.870097475000023,-0.0
1784993403.3912752,14.875093881999987,-0.0
1784993403.3961911,14.880090473999985,-0.0
1784993403.4012034,14.885091971999998,-0.0
1784993403.406515,14.890097044000015,-0.0
1784993403.4114459,14.895099098000003,-0.0
1784993403.417548,14.900095265000004,-0.0
1784993403.4214919,14.905094893000012,-0.0
1784993403.4263256,14.910095206999983,-0.0
1784993403.431277,14.915095391000023,-0.0
1784993403.4362774,14.920097611000017,-0.0
1784993403.441371,14.925096703000008,-0.0
1784993403.4466863,14.930090054999994,-0.0
1784993403.4513168,14.935092108999982,-0.0
1784993403.4562032,14.940091682000002,-0.0
1784993403.4613185,14.94509119899999,-0.0
1784993403.4663532,14.950097604000007,-0.0
1784993403.4717798,14.955094843999973,-0.0
1784993403.4762812,14.960096434999969,-0.0
1784993403.481268,14.965095970999982,-0.0
1784993403.4862602,14.970089212000005,-0.0
1784993403.4912205,14.975087099999996,-0.0
1784993403.4963543,14.980094301000008,-0.0
1784993403.5012796,14.985096762000012,-0.0
1784993403.5063844,14.990095150000002,-0.0
1784993403.5113487,14.995100519000005,-0.0
1784993403.5163996,15.00009970299999,-0.0
1784993403.5214279,15.005094665000001,-0.0
1784993403.5262525,15.01009742299999,-0.0
1784993403.5317128,15.015092348999985,-0.0
1784993403.5361981,15.020092255000009,-0.0
1784993403.5412633,15.025091513000007,-0.0
1784993403.546294,15.030093345000012,-0.0
1784993403.5511854,15.03509064100001,-0.0
1784993403.556308,15.040090399000007,-0.0
1784993403.561338,15.045099709999988,-0.0
1784993403.5663912,15.050099079999995,-0.0
1784993403.5713484,15.055102929999975,-0.0
1784993403.576243,15.06009941100001,-0.0
1784993403.5812058,15.065091596000002,-0.0
1784993403.5873349,15.070092891000002,-0.0
1784993403.5912683,15.075096536999979,-0.0
1784993403.5961962,15.080096888000014,-0.0
1784993403.6011446,15.085088814000017,-0.0
1784993403.6061323,15.090088369,-0.0
1784993403.6112554,15.09508820100001,-0.0
1784993403.6172466,15.100087569999971,-0.0
1784993403.6212106,15.105091716000004,-0.0
1784993403.6262944,15.110090103999994,-0.0
1784993403.6315045,15.115098785999976,-0.0
1784993403.6364481,15.120104283999979,-0.0
1784993403.6422377,15.125095950999992,-0.0
1784993403.6470642,15.130096228000014,-0.0
1784993403.6511934,15.135088135999979,-0.0
1784993403.6562753,15.140090375,-0.0
1784993403.661195,15.145091594999997,-0.0
1784993403.6669145,15.150091576000023,-0.0
1784993403.6713738,15.155098535999969,-0.0
1784993403.6764252,15.160099849999995,-0.0
1784993403.6812508,15.165095274999999,-0.0
1784993403.6870313,15.170094515000017,-0.0
1784993403.6912642,15.175095383999974,-0.0
1784993403.6962855,15.180096401000014,-0.0
1784993403.701146,15.18508682800001,-0.0
1784993403.7061327,15.19008827099998,-0.0
1784993403.7112384,15.195087510000008,-0.0
1784993403.716265,15.200089415999969,-0.0
1784993403.7212517,15.205095340000014,-0.0
1784993403.7262595,15.210095819999992,-0.0
1784993403.7313807,15.215094819,-0.0
1784993403.737382,15.220097058000022,-0.0
1784993403.7412646,15.225096685999972,-0.0
1784993403.7463331,15.230096018999973,-0.0
1784993403.7512162,15.235090667000009,-0.0
1784993403.7562046,15.240093516999991,-0.0
1784993403.7620826,15.245098589000008,-0.0
1784993403.7663555,15.250116139999989,-0.0
1784993403.77124,15.255095586999971,-0.0
1784993403.7762713,15.260114025999997,-0.0
1784993403.7819166,15.265094880999982,-0.0
1784993403.786294,15.270115467999972,-0.0
1784993403.7913501,15.275093878999996,-0.0
1784993403.796301,15.280120538999995,-0.0
1784993403.8012767,15.285094060999995,-0.0
1784993403.8077755,15.290156584999977,-0.0
1784993403.8112068,15.295089227000005,-0.0
1784993403.8162403,15.30009022500002,-0.0
1784993403.8212755,15.305095870999992,-0.0
1784993403.8273556,15.310093758999983,-0.0
1784993403.831274,15.315095757999984,-0.0
1784993403.836347,15.320096738000018,-0.0
1784993403.8412228,15.325093867000021,-0.0
1784993403.8461359,15.330087810999999,-0.0
1784993403.851248,15.335092254000017,-0.0
1784993403.8567922,15.340094918999966,-0.0
1784993403.8612676,15.34509601000002,-0.0
1784993403.8663406,15.350095601000021,-0.0
1784993403.871159,15.355090656000016,-0.0
1784993403.8761766,15.360089489000018,-0.0
1784993403.881342,15.365097708000008,-0.0
1784993403.8862507,15.370098095999992,-0.0
1784993403.8927002,15.37509929800001,-0.0
1784993403.8963618,15.38009961199998,-0.0
1784993403.9014356,15.385098925000023,-0.0
1784993403.9062037,15.39009153699999,-0.0
1784993403.912032,15.395094793999988,-0.0
1784993403.9162874,15.400095163000003,-0.0
1784993403.9211428,15.40508933000001,-0.0
1784993403.9262195,15.410088180999992,-0.0
1784993403.9311948,15.415090271999986,-0.0
1784993403.9362745,15.42009271500001,-0.0
1784993403.9413486,15.425100841000017,-0.0
1784993403.9472191,15.430099784999982,-0.0
1784993403.9512866,15.435094080999988,-0.0
1784993403.9562542,15.440094746,-0.0
1784993403.9612494,15.445093986000018,-0.0
1784993403.966335,15.450093632999994,-0.0
1784993403.9713757,15.455096835000006,-0.0
1784993403.9762568,15.460095464000005,-0.0
1784993403.9812694,15.465094573999977,-0.0
1784993403.9863744,15.470093758000019,-0.0
1784993403.9913456,15.475098885000023,-0.0
1784993403.997074,15.480094699999995,-0.0
1784993404.0012608,15.485094199000002,-0.0
1784993404.006335,15.49009444699999,-0.0
1784993404.0112615,15.495095214000003,-0.0
1784993404.0174294,15.500094629999978,-0.0
1784993404.0212693,15.505096396999988,-0.0
1784993404.0263186,15.510096274999967,-0.0
1784993404.0311363,15.515086063000012,-0.0
1784993404.036226,15.520088644999987,-0.0
1784993404.0412982,15.525095595999971,-0.0
1784993404.0470302,15.53009517800001,-0.0
1784993404.0512702,15.535094019999974,-0.0
1784993404.0563369,15.540095915999984,-0.0
1784993404.061191,15.545089647999987,-0.0
1784993404.066251,15.550091526000017,-0.0
1784993404.072039,15.555092459999969,-0.0
1784993404.0763345,15.560095449000016,-0.0
1784993404.0812213,15.565089643000022,-0.0
1784993404.0861998,15.570094595,-0.0
1784993404.0923269,15.575095195000017,-0.0
1784993404.0963154,15.58009466599998,-0.0
1784993404.1011891,15.585088434999989,-0.0
1784993404.106183,15.590090535000002,-0.0
1784993404.1123352,15.595092173000012,-0.0
1784993404.1163535,15.600095199000009,-0.0
1784993404.1212056,15.60508956000001,-0.0
1784993404.1261985,15.610092270999985,-0.0
1784993404.131288,15.615093296999987,-0.0
1784993404.1364682,15.620097396999995,0.0
1784993404.1413462,15.625093961999994,0.0
1784993404.1462567,15.630096487999992,0.0
1784993404.1513534,15.635097309999992,0.0
1784993404.1570396,15.64009972499997,0.0
1784993404.1613193,15.645092771999998,0.0
1784993404.1662142,15.65009235399998,0.0
1784993404.1712842,15.655093232000013,0.0
1784993404.1763947,15.66009723999997,0.0
1784993404.1813214,15.665094562999968,0.0
1784993404.186997,15.670095478000007,0.0
1784993404.1911924,15.675091264999992,0.0
1784993404.196384,15.680091420999986,0.0
1784993404.201202,15.685090743999979,0.0
1784993404.2062173,15.690091807999977,0.0
1784993404.2111473,15.695089150000001,0.0
1784993404.2161562,15.700088157999971,0.0
1784993404.2213218,15.70508909199998,0.0
1784993404.2262843,15.710091043999967,0.0
1784993404.231266,15.71509336600002,0.0
1784993404.2362826,15.72009890999999,0.0
1784993404.2412698,15.725098011,0.0
1784993404.2463946,15.730095946000006,0.0
1784993404.2520318,15.735093343000017,0.0
1784993404.2563293,15.740099776000022,0.0
1784993404.261428,15.74510681999999,0.0
1784993404.266207,15.750093090000007,0.0
1784993404.2713466,15.75509265300002,0.0
1784993404.2762063,15.760093050000023,0.0
1784993404.2812536,15.765090633,0.0
1784993404.2871733,15.770106305000013,0.0
1784993404.2912858,15.77509564799999,0.0
1784993404.2963104,15.780090230999974,0.0
1784993404.3012366,15.785087702999988,0.0
1784993404.3070784,15.790095468999993,0.0
1784993404.3113563,15.795097920999979,0.0
1784993404.316303,15.80009665099999,0.0
1784993404.321277,15.805096789000004,0.0
1784993404.3263738,15.810096907999991,0.0
1784993404.3325808,15.815093231999981,0.0
1784993404.33627,15.820094610000012,0.0
1784993404.3412752,15.825093729000002,0.0
1784993404.3468618,15.830093922000003,0.0
1784993404.3513436,15.835092486000008,0.0
1784993404.3562512,15.84009340199998,0.0
1784993404.361203,15.845093039000005,0.0
1784993404.3664043,15.850097676000019,0.0
1784993404.37133,15.855095017999986,0.0
1784993404.377013,15.860095747999992,0.0
1784993404.3813791,15.86511391900001,0.0
1784993404.3863478,15.870096079000007,0.0
1784993404.3913481,15.875160223000023,0.0
1784993404.3962622,15.880090392999989,0.0
1784993404.4012454,15.885085457000002,0.0
1784993404.4070404,15.890095111999983,0.0
1784993404.411268,15.895095490000017,0.0
1784993404.4162996,15.900093035999987,0.0
1784993404.421217,15.905092507000006,0.0
1784993404.426403,15.91009705099998,0.0
1784993404.4313498,15.915095207999968,0.0
1784993404.4362633,15.920096160000014,0.0
1784993404.441262,15.925095241999998,0.0
1784993404.447034,15.930093917000022,0.0
1784993404.4513302,15.935096757999986,0.0
1784993404.456151,15.940090934000011,0.0
1784993404.4611728,15.945088571999975,0.0
1784993404.4663005,15.95009352400001,0.0
1784993404.4712148,15.955093531999978,0.0
1784993404.4763474,15.96009481699997,0.0
1784993404.4812906,15.965097603000004,0.0
1784993404.4873605,15.970095647999983,0.0
1784993404.4912803,15.975095490000001,0.0
1784993404.4961963,15.980091701999982,0.0
1784993404.5012777,15.98509045100002,0.0
1784993404.5061452,15.990087829999993,0.0
1784993404.5111325,15.995087874999967,0.0
1784993404.516545,16.00010100999998,0.0
1784993404.5213523,16.00510046300002,0.0
1784993404.5272558,16.010101119000012,0.0
1784993404.5314634,16.01510001600002,0.0
1784993404.5362163,16.020092655999974,0.0
1784993404.541203,16.02509110799997,0.0
1784993404.5463748,16.030094505000022,0.0
1784993404.5513873,16.035094678999997,0.0
1784993404.5572224,16.040094094999972,0.0
1784993404.561276,16.04509501000001,0.0
1784993404.566196,16.050092296999992,0.0
1784993404.5713048,16.05509134199997,0.0
1784993404.5763023,16.06009368299999,0.0
1784993404.5814548,16.065090525000016,0.0
1784993404.5863707,16.070102067999983,0.0
1784993404.5913923,16.075100539000005,0.0
1784993404.5963428,16.080100361999996,0.0
1784993404.6020098,16.085095722999995,0.0
1784993404.6061962,16.090089750999994,0.0
1784993404.6111846,16.095090406999986,0.0
1784993404.6163847,16.100098747000004,0.0
1784993404.6225548,16.105097144000013,0.0
1784993404.626253,16.110087856999996,0.0
1784993404.6311948,16.11509214199998,0.0
1784993404.6362314,16.12008896599997,0.0
1784993404.641141,16.125089066999976,0.0
1784993404.646418,16.130097294999985,0.0
1784993404.6513326,16.13509534100001,0.0
1784993404.6564372,16.140097830000002,0.0
1784993404.6620421,16.145100651999996,0.0
1784993404.6662843,16.15008893999999,0.0
1784993404.6712153,16.155094557999973,0.0
1784993404.676348,16.16009636199999,0.0
1784993404.6814222,16.165097592999984,0.0
1784993404.6872816,16.170097767000016,0.0
1784993404.6912673,16.175095202000023,0.0
1784993404.6962802,16.180089006999992,0.0
1784993404.7012846,16.18509142199997,0.0
1784993404.7061982,16.190091355999982,0.0
1784993404.7111824,16.195090919999984,0.0
1784993404.716397,16.200097594,0.0
1784993404.7214618,16.20509912,0.0
1784993404.7262912,16.210095128999967,0.0
1784993404.7318609,16.215093748000015,0.0
1784993404.7362022,16.220091646000014,0.0
1784993404.741192,16.22509048699999,0.0
1784993404.7465088,16.230097011999987,0.0
1784993404.7522445,16.235098983,0.0
1784993404.7565744,16.240095177,0.0
1784993404.761316,16.245100555000022,0.0
1784993404.7662804,16.250096434,0.0
1784993404.7712648,16.255093812999974,0.0
1784993404.7762704,16.26009504299998,0.0
1784993404.7814746,16.26509873499998,0.0
1784993404.7870436,16.270095744000002,0.0
1784993404.791273,16.275095455999974,0.0
1784993404.7962458,16.28009218699998,0.0
1784993404.8012877,16.285091379999983,0.0
1784993404.8061466,16.290091222,0.0
1784993404.8112235,16.295084453000015,0.0
1784993404.8163867,16.30009053399999,0.0
1784993404.821455,16.305104631999995,0.0
1784993404.826363,16.31009908599998,0.0
1784993404.8312123,16.315093853999997,0.0
1784993404.8362067,16.320093455000006,0.0
1784993404.8412073,16.32509238900002,0.0
1784993404.846441,16.33009260099999,0.0
1784993404.851884,16.33509388599998,0.0
1784993404.8562846,16.340094598000007,0.0
1784993404.8612041,16.345091329000013,0.0
1784993404.8663762,16.350090577999993,0.0
1784993404.8725417,16.355101843,0.0
1784993404.8763788,16.36009792599998,0.0
1784993404.8811877,16.365091972000016,0.0
1784993404.8862078,16.370090850999986,0.0
1784993404.891912,16.375094580999985,0.0
1784993404.8962946,16.38009532899997,0.0
1784993404.9013484,16.38509333799999,0.0
1784993404.9062796,16.39009682699998,0.0
1784993404.9112782,16.395096705000014,0.0
1784993404.9162943,16.400097398000014,0.0
1784993404.921353,16.40509462900002,0.0
1784993404.9267855,16.41009084199999,0.0
1784993404.9312677,16.41509281200001,0.0
1784993404.936336,16.42009583800001,0.0
1784993404.9419913,16.42509514300002,0.0
1784993404.94628,16.430096538999976,0.0
1784993404.9512885,16.43509045600001,0.0
1784993404.956214,16.440093649000005,0.0
1784993404.9612024,16.445093360999977,0.0
1784993404.9667363,16.450093535000008,0.0
1784993404.9714935,16.45509300599997,0.0
1784993404.976261,16.46009293999998,0.0
1784993404.9812627,16.465094299999976,0.0
1784993404.98626,16.470093716000008,0.0
1784993404.991388,16.47509403800001,0.0
1784993404.997028,16.480096805000017,0.0
1784993405.001275,16.485094146999984,0.0
1784993405.0062778,16.49009657099998,0.0
1784993405.011284,16.495092145,0.0
1784993405.0163152,16.500092327999994,0.0
1784993405.021277,16.505092752999985,0.0
1784993405.026237,16.510143094,0.0
1784993405.0320537,16.51509999000001,0.0
1784993405.0365386,16.52016023599998,0.0
1784993405.0412793,16.525097079999966,0.0
1784993405.0462973,16.530115131000002,0.0
1784993405.0514069,16.535092040999984,0.0
1784993405.0563538,16.54011942400001,0.0
1784993405.061774,16.54509468599997,0.0
1784993405.0663264,16.550113978000013,0.0
1784993405.0713906,16.555095924,0.0
1784993405.076419,16.560152744999982,0.0
1784993405.0811932,16.565091440999993,0.0
1784993405.0862498,16.57013717199999,0.0
1784993405.091527,16.575100695999993,0.0
1784993405.0965095,16.580156090999992,0.0
1784993405.102053,16.585094305999974,0.0
1784993405.1063175,16.590144591000012,0.0
1784993405.1113057,16.59509241500001,0.0
1784993405.1163273,16.600108207000005,0.0
1784993405.1212153,16.605092801000012,0.0
1784993405.126201,16.610099908999985,0.0
1784993405.131364,16.615097149000007,0.0
1784993405.1363435,16.620115865999992,0.0
1784993405.142411,16.625095887999976,0.0
1784993405.1462977,16.630113938000022,0.0
1784993405.1513417,16.63509297799999,0.0
1784993405.1562805,16.640106899999978,0.0
1784993405.1625369,16.64509812299997,0.0
1784993405.166361,16.65015418500002,0.0
1784993405.1712084,16.65509088099998,0.0
1784993405.1762407,16.660133814999995,0.0
1784993405.1813362,16.66509406299997,0.0
1784993405.1869295,16.670118242,0.0
1784993405.1913447,16.67509505999999,0.0
1784993405.1963117,16.680121552999992,0.0
1784993405.201274,16.685094649999996,0.0
1784993405.2064698,16.690154489000008,0.0
1784993405.2112727,16.695091685000023,0.0
1784993405.21736,16.700138341000013,0.0
1784993405.2213712,16.705101495000008,0.0
1784993405.226599,16.710155612999984,0.0
1784993405.2312236,16.715088347000005,0.0
1784993405.236156,16.720096344000012,0.0
1784993405.241273,16.725092157999995,0.0
1784993405.246374,16.73010420999998,0.0
1784993405.251349,16.735098246999996,0.0
1784993405.2562618,16.740093005999995,0.0
1784993405.2613397,16.74509274600001,0.0
1784993405.2662861,16.750096095000004,0.0
1784993405.2712812,16.755097037999974,0.0
1784993405.276276,16.760097443999996,0.0
1784993405.281205,16.765093148000005,0.0
1784993405.286283,16.770092776000013,0.0
1784993405.2912912,16.775095384999986,0.0
1784993405.2970161,16.780095383999992,0.0
1784993405.3012738,16.785093087000007,0.0
1784993405.3062644,16.790095732999987,0.0
1784993405.3112624,16.79509017700002,-0.0
1784993405.3161664,16.800089694999997,-0.0
1784993405.321336,16.805096155,-0.0
1784993405.3262522,16.81009574699999,-0.0
1784993405.3326876,16.815100021999967,-0.0
1784993405.3364055,16.820099131999996,-0.0
1784993405.3412728,16.825089780999974,-0.0
1784993405.3462083,16.830093370999975,-0.0
1784993405.3512745,16.835094776999995,-0.0
1784993405.3569531,16.840096924000022,-0.0
1784993405.3612714,16.84509414500002,-0.0
1784993405.3663375,16.850094143999968,-0.0
1784993405.3720462,16.85509662300001,-0.0
1784993405.376339,16.860096306999992,-0.0
1784993405.381236,16.86509145499997,-0.0
1784993405.3862298,16.87009417600001,-0.0
1784993405.3914158,16.87509778499998,-0.0
1784993405.3970156,16.880095525,-0.0
1784993405.4011984,16.885089746999995,-0.0
1784993405.4062397,16.890091782000013,-0.0
1784993405.4112706,16.895091614000023,-0.0
1784993405.416272,16.900092056999995,-0.0
1784993405.4212654,16.90509462900002,-0.0
1784993405.4262564,16.91009557199999,-0.0
1784993405.4314935,16.91509649699998,-0.0
1784993405.4371717,16.92010021699997,-0.0
1784993405.441269,16.925089662000005,-0.0
1784993405.4462042,16.930092807999984,-0.0
1784993405.4512806,16.935095380000007,-0.0
1784993405.4573417,16.94009811899997,-0.0
1784993405.4613106,16.94508980500001,-0.0
1784993405.4662724,16.950093191999997,-0.0
1784993405.471252,16.955094764000023,-0.0
1784993405.4763105,16.960095115,-0.0
1784993405.4822345,16.965097094999976,-0.0
1784993405.486422,16.970100851999973,-0.0
1784993405.491198,16.975092167000014,-0.0
1784993405.4961896,16.980090925000013,-0.0
1784993405.5025756,16.985093163999977,-0.0
1784993405.5062556,16.99009238499997,-0.0
1784993405.511188,16.995088884999973,-0.0
1784993405.5163422,17.000089902000013,-0.0
1784993405.521953,17.005095029000017,-0.0
1784993405.5263355,17.010096453000017,-0.0
1784993405.531185,17.01509239699999,-0.0
1784993405.5361886,17.020091321999985,-0.0
1784993405.5413926,17.025095411999985,-0.0
1784993405.5463765,17.030096669999978,-0.0
1784993405.551283,17.035102000999984,-0.0
1784993405.5562563,17.040096352999967,-0.0
1784993405.56128,17.0450965,-0.0
1784993405.566227,17.050089739999976,-0.0
1784993405.5713086,17.055095737999977,-0.0
1784993405.5762596,17.060094589000016,-0.0
1784993405.5824392,17.06509219899999,-0.0
1784993405.5863645,17.070101324999996,-0.0
1784993405.5912638,17.075100065000015,-0.0
1784993405.5962305,17.080088418000003,-0.0
1784993405.6012661,17.085085639,-0.0
1784993405.6061893,17.09009115599997,-0.0
1784993405.6113322,17.095090340000013,-0.0
1784993405.6165245,17.10009992900001,-0.0
1784993405.6219907,17.10510220499998,-0.0
1784993405.626325,17.11009405699997,-0.0
1784993405.6312706,17.115097961999993,-0.0
1784993405.6362662,17.120097257999987,-0.0
1784993405.6425614,17.125096644999985,-0.0
1784993405.6463394,17.13009433000002,-0.0
1784993405.6512854,17.13509990099999,-0.0
1784993405.656195,17.14009258699997,-0.0
1784993405.6612575,17.145091696999998,-0.0
1784993405.6662438,17.15008982500001,-0.0
1784993405.671139,17.15508852800002,-0.0
1784993405.6762598,17.160094118000018,-0.0
1784993405.6812549,17.165094227999987,-0.0
1784993405.686894,17.17009654100002,-0.0
1784993405.691339,17.175094596000008,-0.0
1784993405.696272,17.180097370999988,-0.0
1784993405.7012768,17.185094741,-0.0
1784993405.7062695,17.190096536,-0.0
1784993405.712032,17.19509671999998,-0.0
1784993405.7163491,17.200095589,-0.0
1784993405.7213156,17.205154538999977,-0.0
1784993405.7261968,17.210091050000017,-0.0
1784993405.731693,17.215088659999992,-0.0
1784993405.7364209,17.22010148999999,-0.0
1784993405.7414649,17.22509806300002,-0.0
1784993405.7463315,17.230089266999983,-0.0
1784993405.7511513,17.235085932999993,-0.0
1784993405.7562683,17.240094579000015,-0.0
1784993405.7613084,17.245095021999987,-0.0
1784993405.767502,17.250101556000004,-0.0
1784993405.7714562,17.255101018000005,-0.0
1784993405.7761347,17.260088149000012,-0.0
1784993405.7811325,17.265086999000005,-0.0
1784993405.7862554,17.27009684799998,-0.0
1784993405.7913282,17.275094679999995,-0.0
1784993405.7962503,17.28009577199998,-0.0
1784993405.8013048,17.285091937999994,-0.0
1784993405.8062623,17.290095306000012,-0.0
1784993405.8125136,17.295094360000007,-0.0
1784993405.8163419,17.30009493299997,-0.0
1784993405.8212588,17.305095987000016,-0.0
1784993405.8262007,17.31009106099998,-0.0
1784993405.8320634,17.315090134000002,-0.0
1784993405.8363323,17.32009713100001,-0.0
1784993405.8412483,17.32509699999997,-0.0
1784993405.8462546,17.33009549899998,-0.0
1784993405.8517678,17.33509194300001,-0.0
1784993405.8562043,17.340092922999986,-0.0
1784993405.861267,17.345091939999975,-0.0
1784993405.8662155,17.35009045800001,-0.0
1784993405.8712816,17.355092566999986,-0.0
1784993405.8763628,17.360100064999983,-0.0
1784993405.8822215,17.365102433000004,-0.0
1784993405.8862803,17.37009336,-0.0
1784993405.8912735,17.375093598999968,-0.0
1784993405.8962617,17.380093949000013,-0.0
1784993405.9013011,17.38509252199998,-0.0
1784993405.9070442,17.39009381699998,-0.0
1784993405.9112678,17.395095630000014,-0.0
1784993405.9162304,17.400086594000015,-0.0
1784993405.9212258,17.405090221000023,-0.0
1784993405.9263122,17.410091609000006,-0.0
1784993405.9312587,17.415095440000016,-0.0
1784993405.937684,17.42009938199999,-0.0
1784993405.941421,17.425099269999976,-0.0
1784993405.946207,17.430091714000014,-0.0
1784993405.9512177,17.435091694999983,-0.0
1784993405.9563925,17.44009508199997,-0.0
1784993405.9613297,17.44509591299999,-0.0
1784993405.9670026,17.450095707999992,-0.0
1784993405.9712818,17.45509554099999,-0.0
1784993405.976201,17.460088874000007,-0.0
1784993405.981291,17.465092298000002,-0.0
1784993405.986228,17.470085853,-0.0
1784993405.9912493,17.47508766599998,-0.0
1784993405.9964292,17.480097995999984,-0.0
1784993406.001366,17.485099995999974,-0.0
1784993406.0067482,17.490093189999982,-0.0
1784993406.0112817,17.49509182700001,-0.0
1784993406.0162094,17.500090668999974,-0.0
1784993406.0213447,17.505092397999988,-0.0
1784993406.0270178,17.510092757999985,-0.0
1784993406.031266,17.515095375999977,-0.0
1784993406.036263,17.520063926999967,-0.0
1784993406.0412138,17.525093965999986,-0.0
1784993406.046282,17.53009267699997,-0.0
1784993406.0513654,17.535094833000016,-0.0
1784993406.0574083,17.540095822000012,-0.0
1784993406.0612528,17.545094791999986,-0.0
1784993406.066301,17.550093597,-0.0
1784993406.0713124,17.555100325000012,-0.0
1784993406.0762665,17.56009485200002,-0.0
1784993406.0812564,17.565094581999972,-0.0
1784993406.0863469,17.57009771899999,-0.0
1784993406.0920413,17.57509620899998,-0.0
1784993406.0963078,17.58009595699997,-0.0
1784993406.1012137,17.58509104000001,-0.0
1784993406.1063735,17.590093046999982,-0.0
1784993406.1112604,17.595095017000006,-0.0
1784993406.1163628,17.600094839999997,-0.0
1784993406.1224177,17.605095587999983,-0.0
1784993406.1263082,17.61009509600001,-0.0
1784993406.1313863,17.615093011,-0.0
1784993406.1362584,17.620095111000012,-0.0
1784993406.1413958,17.625096878000022,-0.0
1784993406.1463199,17.63009373799997,-0.0
1784993406.1520178,17.635093300999984,-0.0
1784993406.1562736,17.640095400999996,-0.0
1784993406.1613019,17.645095482999977,-0.0
1784993406.1663399,17.65009623100002,-0.0
1784993406.171159,17.65509038800002,-0.0
1784993406.176236,17.66009034000001,-0.0
1784993406.181262,17.665096087999984,-0.0
1784993406.1862993,17.670096484,-0.0
1784993406.1920037,17.67509458500001,-0.0
1784993406.1963854,17.68009542599998,-0.0
1784993406.201283,17.68509598899999,-0.0
1784993406.206212,17.690093811999986,-0.0
1784993406.2112756,17.695097558999976,-0.0
1784993406.217254,17.700097641000013,-0.0
1784993406.2213182,17.705095444999984,-0.0
1784993406.2262514,17.71009532300002,-0.0
1784993406.2312143,17.71509151700002,-0.0
1784993406.2370265,17.72009000700001,-0.0
1784993406.2414582,17.725098253,-0.0
1784993406.2464025,17.730100000999983,-0.0
1784993406.2511983,17.735088325999982,-0.0
1784993406.257153,17.740090425999995,-0.0
1784993406.2613387,17.745099375999985,-0.0
1784993406.2665112,17.750099494999972,-0.0
1784993406.27122,17.755094058999987,-0.0
1784993406.2767632,17.76009190100001,-0.0
1784993406.2812672,17.76509366800002,-0.0
1784993406.2862759,17.77009706299998,-0.0
1784993406.2919867,17.77509385000002,-0.0
1784993406.2962878,17.780110908999973,-0.0
1784993406.3013406,17.78509330899999,-0.0
1784993406.3063464,17.790158749,-0.0
1784993406.3112319,17.79509430600001,-0.0
1784993406.3162208,17.800100905000022,-0.0
1784993406.3212056,17.805093322000005,-0.0
1784993406.326354,17.810099105999996,-0.0
1784993406.3313282,17.81509609599999,-0.0
1784993406.3374043,17.820116154999994,-0.0
1784993406.3412633,17.825094260000014,-0.0
1784993406.3463526,17.830112579,-0.0
1784993406.3513124,17.835094348999974,-0.0
1784993406.3562884,17.840117426000006,-0.0
1784993406.3612602,17.84509695600002,-0.0
1784993406.3663745,17.85011681200001,-0.0
1784993406.372444,17.855096452999987,-0.0
1784993406.3763309,17.860150542999975,-0.0
1784993406.3812673,17.865092394999976,-0.0
1784993406.3862882,17.870101272,-0.0
1784993406.3911934,17.875090633000013,-0.0
1784993406.3962297,17.880138928000008,-0.0
1784993406.4013436,17.885092869999994,-0.0
1784993406.4062731,17.89010557900002,-0.0
1784993406.4120607,17.89509660699997,-0.0
1784993406.416328,17.900146345999985,-0.0
1784993406.4212365,17.90509190099999,-0.0
1784993406.4263024,17.910133771000005,-0.0
1784993406.4312112,17.915089936000015,0.0
1784993406.4361799,17.92012930599998,0.0
1784993406.4412513,17.925095876,0.0
1784993406.4463012,17.930113231999997,0.0
1784993406.4513319,17.935092966000013,0.0
1784993406.4564333,17.940121616,0.0
1784993406.4617765,17.945094795999978,0.0
1784993406.4662883,17.95011437400001,0.0
1784993406.4713292,17.955097162000015,0.0
1784993406.4763515,17.960104797999975,0.0
1784993406.481195,17.965091493999978,0.0
1784993406.4862237,17.97013665899999,0.0
1784993406.4912527,17.97509560100002,0.0
1784993406.496413,17.980114216000004,0.0
1784993406.5013442,17.985103391999985,0.0
1784993406.5063334,17.990153815999975,0.0
1784993406.5111978,17.995092521000004,0.0
1784993406.5162423,18.000134613,0.0
1784993406.5213234,18.005088999999998,0.0
1784993406.526193,18.010135479999974,0.0
1784993406.5312681,18.015092736999975,0.0
1784993406.5362895,18.02010170599999,0.0
1784993406.5411959,18.02509125199998,0.0
1784993406.546229,18.03014008399998,0.0
1784993406.5512564,18.035092970999983,0.0
1784993406.557389,18.04011349299998,0.0
1784993406.5612617,18.045094319999976,0.0
1784993406.5663652,18.05014977999997,0.0
1784993406.5712051,18.055092446000003,0.0
1784993406.5762436,18.060134409,0.0
1784993406.5814848,18.06509857200001,0.0
1784993406.5875144,18.07010813300002,0.0
1784993406.591498,18.075101030999974,0.0
1784993406.5964024,18.08016119399997,0.0
1784993406.6011534,18.085093751999977,0.0
1784993406.6062992,18.090130122999994,0.0
1784993406.611285,18.095097785000007,0.0
1784993406.6163359,18.100105068999994,0.0
1784993406.6217153,18.10509370799997,0.0
1784993406.6262858,18.110107175999985,0.0
1784993406.6312213,18.11509155699997,0.0
1784993406.636249,18.120139203999997,0.0
1784993406.641456,18.125095423999994,0.0
1784993406.6463547,18.130114279999987,0.0
1784993406.6523418,18.13509990099999,0.0
1784993406.656324,18.14014821400002,0.0
1784993406.6611872,18.145092696000006,0.0
1784993406.666403,18.150131510999984,0.0
1784993406.6712244,18.155087842,0.0
1784993406.6762555,18.160129471000005,0.0
1784993406.6812775,18.165097150999998,0.0
1784993406.6862752,18.170105621000005,0.0
1784993406.6918204,18.175094463999983,0.0
1784993406.6962204,18.18011011599998,0.0
1784993406.7013133,18.185096627000007,0.0
1784993406.7063098,18.190144439999983,0.0
1784993406.7112553,18.195095568,0.0
1784993406.7164116,18.200114257999985,0.0
1784993406.7212868,18.205095916999994,0.0
1784993406.7272863,18.210114014,0.0
1784993406.7312663,18.215095414000018,0.0
1784993406.736321,18.220149282000023,0.0
1784993406.7412221,18.225088744999994,0.0
1784993406.7461746,18.230129078999994,0.0
1784993406.751212,18.235096388999978,0.0
1784993406.7562883,18.24014048099997,0.0
1784993406.7625077,18.245101069999976,0.0
1784993406.7664156,18.250154992999967,0.0
1784993406.771323,18.255092513000022,0.0
1784993406.7762828,18.26010031499999,0.0
1784993406.781189,18.265090621000013,0.0
1784993406.786236,18.270140008,0.0
1784993406.7912648,18.27509437599997,0.0
1784993406.7964275,18.280110954999998,0.0
1784993406.80134,18.28509379899998,0.0
1784993406.806302,18.290121264999982,0.0
1784993406.8113005,18.295100553999987,0.0
1784993406.816604,18.300105765000012,0.0
1784993406.8211837,18.305088146000003,0.0
1784993406.8262355,18.31008909799999,0.0
1784993406.831256,18.315095307999968,0.0
1784993406.8375456,18.320096629999966,0.0
1784993406.8413353,18.325099766999983,0.0
1784993406.8464632,18.330099218999976,0.0
1784993406.8512013,18.335088876999976,0.0
1784993406.8561869,18.340090847,0.0
1784993406.8623793,18.345096094999974,0.0
1784993406.8662791,18.350095306000014,0.0
1784993406.8712041,18.35509287000002,0.0
1784993406.8761907,18.360092562999967,0.0
1784993406.881212,18.36508818300001,0.0
1784993406.886266,18.37008767200001,0.0
1784993406.891263,18.375095363000014,0.0
1784993406.896263,18.380096056000014,0.0
1784993406.9012291,18.38505775599998,0.0
1784993406.9064667,18.39009555299998,0.0
1784993406.9113157,18.395093615999997,0.0
1784993406.916687,18.40009173599998,0.0
1784993406.9212787,18.405091391999974,0.0
1784993406.9261885,18.410090196,0.0
1784993406.9312525,18.41509533200002,0.0
1784993406.9370804,18.420096821000016,0.0
1784993406.9413283,18.425093995999987,0.0
1784993406.94626,18.43009633600002,0.0
1784993406.9512684,18.435092510999993,0.0
1784993406.9562576,18.440093945,0.0
1784993406.9612653,18.44509584100001,0.0
1784993406.967381,18.450094348999983,0.0
1784993406.9712822,18.45509204199999,0.0
1784993406.976193,18.460089660999984,0.0
1784993406.9812565,18.46509501999998,0.0
1784993406.9862576,18.47009697200002,0.0
1784993406.9921882,18.475094831999968,0.0
1784993406.9963229,18.480094968999992,0.0
1784993407.0011868,18.485089310999967,0.0
1784993407.0061955,18.490090454999972,0.0
1784993407.0113723,18.495103246999975,0.0
1784993407.0165262,18.500100319000012,0.0
1784993407.0213537,18.505094225999983,0.0
1784993407.0272343,18.510095557,0.0
1784993407.0312016,18.51508779699998,0.0
1784993407.036282,18.520092109000018,0.0
1784993407.0412002,18.525092996000012,0.0
1784993407.0462747,18.530093086000022,0.0
1784993407.0512578,18.535097416999974,0.0
1784993407.0568666,18.540095619,0.0
1784993407.061289,18.545094227999982,0.0
1784993407.0663471,18.55009396700001,0.0
1784993407.0712776,18.555098834999967,0.0
1784993407.077333,18.560098332999985,0.0
1784993407.0812821,18.56509434999998,0.0
1784993407.0863435,18.570104587000003,0.0
1784993407.0911484,18.57508775499997,0.0
1784993407.0961487,18.580088640999975,0.0
1784993407.1011364,18.585089287000017,0.0
1784993407.106222,18.590090358999987,0.0
1784993407.1112947,18.595091024,0.0
1784993407.1163075,18.600092761999974,0.0
1784993407.1212616,18.60509313099999,0.0
1784993407.1262627,18.610096869000017,0.0
1784993407.1313965,18.615097940999988,0.0
1784993407.1365361,18.620096993999994,0.0
1784993407.1420865,18.625095603999966,0.0
1784993407.1462674,18.630093768999984,0.0
1784993407.1512737,18.63509402599999,0.0
1784993407.156308,18.640094191000003,0.0
1784993407.1612618,18.645094836999988,0.0
1784993407.1662626,18.650093872000014,0.0
1784993407.1713283,18.655094018,0.0
1784993407.1767867,18.660094720000018,0.0
1784993407.1813362,18.665092533000006,0.0
1784993407.1862178,18.67009306799997,0.0
1784993407.1913826,18.675097472000004,0.0
1784993407.1962686,18.680093951999993,0.0
1784993407.2020063,18.68509395000001,0.0
1784993407.206327,18.69009461500002,0.0
1784993407.2112048,18.695098594,0.0
1784993407.216244,18.700089333999983,0.0
1784993407.221222,18.705088350999972,0.0
1784993407.226336,18.71009356999997,0.0
1784993407.231322,18.71509328999997,0.0
1784993407.2362607,18.720094270000004,0.0
1784993407.2420485,18.725094637999973,0.0
1784993407.2462673,18.730095914000003,0.0
1784993407.251522,18.735097041000017,0.0
1784993407.2562551,18.740084393000018,0.0
1784993407.2612505,18.745088390999967,0.0
1784993407.2663274,18.750095535000014,0.0
1784993407.2713149,18.755099402999974,0.0
1784993407.276254,18.760095068,0.0
1784993407.281392,18.765096047999975,0.0
1784993407.2862902,18.77009569400002,0.0
1784993407.2921042,18.77509848799997,0.0
1784993407.2963717,18.78009017300002,0.0
1784993407.301243,18.78509205900002,0.0
1784993407.3062725,18.79009546399999,0.0
1784993407.311292,18.79509649900001,0.0
1784993407.31634,18.80010003299998,0.0
1784993407.3225167,18.80510362299998,0.0
1784993407.326238,18.810089437999977,0.0
1784993407.331249,18.81509130699999,0.0
1784993407.3362565,18.820091675000015,0.0
1784993407.3413072,18.82509146899997,0.0
1784993407.3462746,18.830097281000008,0.0
1784993407.3523562,18.835095260999992,0.0
1784993407.3562799,18.840095888000008,0.0
1784993407.3612745,18.84509671899997,0.0
1784993407.3662238,18.85008914499997,0.0
1784993407.371156,18.855097437999973,0.0
1784993407.3764215,18.860097213000017,0.0
1784993407.3813045,18.865117021999993,0.0
1784993407.3870225,18.870092709999994,0.0
1784993407.3913264,18.87514853099998,0.0
1784993407.396223,18.88009318799999,0.0
1784993407.4012704,18.885134826000012,0.0
1784993407.4061496,18.890088850999973,0.0
1784993407.4112291,18.895086757,0.0
1784993407.4162083,18.900091754000016,0.0
1784993407.4211712,18.90509328899998,0.0
1784993407.4264054,18.910101210999983,0.0
1784993407.4313426,18.915099190999968,0.0
1784993407.4365132,18.920097114999976,0.0
1784993407.4414778,18.92510100200002,0.0
1784993407.4473655,18.930096796999976,0.0
1784993407.4513192,18.935095832000002,0.0
1784993407.4562016,18.940092533999973,0.0
1784993407.4611924,18.94509225500002,0.0
1784993407.4662743,18.95008873500001,0.0
1784993407.4712324,18.955090954000013,0.0
1784993407.4762769,18.960096358999976,0.0
1784993407.4812663,18.96509557899998,0.0
1784993407.4863484,18.97009635500001,0.0
1784993407.4914937,18.975099908000004,0.0
1784993407.496856,18.98009690599997,-0.0
1784993407.5012903,18.985094607999997,-0.0
1784993407.5062683,18.990094698999997,-0.0
1784993407.5113378,18.99509390100002,-0.0
1784993407.5174382,19.00009845400001,-0.0
1784993407.5213985,19.005099154999982,-0.0
1784993407.5261722,19.01009345099999,-0.0
1784993407.531269,19.015088487000014,-0.0
1784993407.5362265,19.02009105799999,-0.0
1784993407.5412087,19.025092944999983,-0.0
1784993407.546796,19.03009368300002,-0.0
1784993407.5512946,19.035090051999987,-0.0
1784993407.5562735,19.040094587,-0.0
1784993407.561259,19.045095918000015,-0.0
1784993407.5665092,19.050096914999983,-0.0
1784993407.5714846,19.055101616,-0.0
1784993407.5773473,19.060094153000023,-0.0
1784993407.581267,19.065095891,-0.0
1784993407.5862577,19.070083631999978,-0.0
1784993407.5911357,19.075088074000007,-0.0
1784993407.5963786,19.080091701000015,-0.0
1784993407.6013534,19.085097253000015,-0.0
1784993407.6062713,19.090095528999996,-0.0
1784993407.611263,19.095095878999985,-0.0
1784993407.616897,19.10009519199997,-0.0
1784993407.6213622,19.105097005000005,-0.0
1784993407.626261,19.11009363300002,-0.0
1784993407.6312037,19.115091020000023,-0.0
1784993407.6362667,19.12009518399998,-0.0
1784993407.64131,19.125094978999982,-0.0
1784993407.647458,19.130094531999987,-0.0
1784993407.651259,19.13509262299999,-0.0
1784993407.6562335,19.140085510999995,-0.0
1784993407.6611602,19.14508954600001,-0.0
1784993407.666286,19.150093579999975,-0.0
1784993407.671268,19.155097206999983,-0.0
1784993407.676269,19.16009696399999,-0.0
1784993407.6814694,19.165097333000006,-0.0
1784993407.6862524,19.170091034999984,-0.0
1784993407.6912045,19.175092958999983,-0.0
1784993407.6969264,19.180092012999978,-0.0
1784993407.7012193,19.18508975200001,-0.0
1784993407.7062662,19.190093101000002,-0.0
1784993407.7113101,19.195095949999995,-0.0
1784993407.7173808,19.200095245,-0.0
1784993407.7212515,19.20509472399999,-0.0
1784993407.7262473,19.210099943999978,-0.0
1784993407.7312405,19.215092164999987,-0.0
1784993407.736155,19.220088497000006,-0.0
1784993407.7412784,19.225087143999986,-0.0
1784993407.7463114,19.230098639999994,-0.0
1784993407.7512195,19.23509295399998,-0.0
1784993407.7562943,19.240096895000022,-0.0
1784993407.7618742,19.24509894800002,-0.0
1784993407.7662363,19.250095428999998,-0.0
1784993407.7711942,19.25509122400001,-0.0
1784993407.7762823,19.26009098100002,-0.0
1784993407.7813783,19.26509590400002,-0.0
1784993407.7862806,19.27009479100002,-0.0
1784993407.7912738,19.27509767700002,-0.0
1784993407.7972426,19.28009741599999,-0.0
1784993407.8014302,19.285096452000005,-0.0
1784993407.8063653,19.290096264,-0.0
1784993407.811186,19.29509067099997,-0.0
1784993407.8162277,19.300091760999976,-0.0
1784993407.8213706,19.30509711000002,-0.0
1784993407.8262951,19.310096385999998,-0.0
1784993407.8313932,19.315094365999983,-0.0
1784993407.8363235,19.32009851099997,-0.0
1784993407.8413272,19.325095750999992,-0.0
1784993407.846267,19.330093729999987,-0.0
1784993407.8514285,19.335094599,-0.0
1784993407.8575554,19.34009589300001,-0.0
1784993407.861261,19.34509540900001,-0.0
1784993407.8662672,19.350093610999977,-0.0
1784993407.8713555,19.355094701999974,-0.0
1784993407.8771954,19.36009749499999,-0.0
1784993407.8813353,19.365094512999974,-0.0
1784993407.8862596,19.37009462200001,-0.0
1784993407.8912523,19.375094285999978,-0.0
1784993407.8970573,19.38009483999997,-0.0
1784993407.9012728,19.385095707999994,-0.0
1784993407.9063056,19.39009692799999,-0.0
1784993407.9112694,19.395089612999982,-0.0
1784993407.9162655,19.40013178800001,-0.0
1784993407.9212577,19.405095941000013,-0.0
1784993407.9262817,19.410114805999967,-0.0
1784993407.9313805,19.415091900999982,-0.0
1784993407.9372883,19.420127965999995,-0.0
1784993407.9413028,19.425098635999973,-0.0
1784993407.9463222,19.430097504999992,-0.0
1784993407.9512503,19.435089763000008,-0.0
1784993407.9562383,19.44008824299999,-0.0
1784993407.9612985,19.44509574,-0.0
1784993407.966279,19.45009716300001,-0.0
1784993407.9712496,19.45509290299998,-0.0
1784993407.9762127,19.460094141000013,-0.0
1784993407.9812791,19.465097823999997,-0.0
1784993407.9862764,19.470094544999995,-0.0
1784993407.9923477,19.475098005000007,-0.0
1784993407.9963481,19.48009528099999,-0.0
1784993408.0011408,19.485088855000015,-0.0
1784993408.0061443,19.490087508999977,-0.0
1784993408.012492,19.495100198999978,-0.0
1784993408.0164733,19.50009989099999,-0.0
1784993408.0212219,19.505093472999988,-0.0
1784993408.0262067,19.510092165000003,-0.0
1784993408.032355,19.515095356000018,-0.0
1784993408.0363498,19.520094510999968,-0.0
1784993408.041311,19.52510740499997,-0.0
1784993408.0462136,19.53009357999997,-0.0
1784993408.0511546,19.535087939999983,-0.0
1784993408.056275,19.540089297999998,-0.0
1784993408.0612826,19.54509274899999,-0.0
1784993408.0662382,19.550092199999995,-0.0
1784993408.0715976,19.555101778999983,-0.0
1784993408.0763462,19.560097842000005,-0.0
1784993408.0813708,19.56509288699999,-0.0
1784993408.087654,19.57009409699998,-0.0
1784993408.0912037,19.575089771000023,-0.0
1784993408.0962243,19.580091944000003,-0.0
1784993408.1011455,19.58508867400002,-0.0
1784993408.1062174,19.590088680999997,-0.0
1784993408.1113014,19.595089408999968,-0.0
1784993408.116228,19.600093119000007,-0.0
1784993408.1213663,19.60510264200002,-0.0
1784993408.1265213,19.61010250099997,-0.0
1784993408.1317437,19.615089361999992,-0.0
1784993408.1362028,19.620088924000015,-0.0
1784993408.1412766,19.62509272699998,-0.0
1784993408.1463025,19.630097121999995,-0.0
1784993408.151285,19.635096035999993,-0.0
1784993408.1564295,19.640095191,-0.0
1784993408.1613805,19.64509482699998,-0.0
1784993408.167083,19.650097740999968,-0.0
1784993408.1712282,19.65509076699999,-0.0
1784993408.1762826,19.66009144100002,-0.0
1784993408.1812565,19.665093280000008,-0.0
1784993408.1863637,19.670092806000014,-0.0
1784993408.1920154,19.67509429400002,-0.0
1784993408.1962729,19.68009533700001,-0.0
1784993408.2012734,19.685058276999996,-0.0
1784993408.206244,19.69009446199999,-0.0
1784993408.212325,19.69509226499997,-0.0
1784993408.2163377,19.700095456999975,-0.0
1784993408.2211862,19.705089557000008,-0.0
1784993408.2262845,19.71009060099999,-0.0
1784993408.2313247,19.715094662000013,-0.0
1784993408.2364013,19.720095760999982,-0.0
1784993408.241791,19.725095101000022,-0.0
1784993408.2463117,19.730094941000004,-0.0
1784993408.25122,19.735092597000005,-0.0
1784993408.256299,19.74009613999999,-0.0
1784993408.261243,19.745087333000015,-0.0
1784993408.266157,19.750090227999976,-0.0
1784993408.2713733,19.755100270000014,-0.0
1784993408.2772927,19.760097055000017,-0.0
1784993408.2813034,19.765100469000004,-0.0
1784993408.2862165,19.77008945900002,-0.0
1784993408.2912674,19.77509076199999,-0.0
1784993408.2970386,19.780095323000012,-0.0
1784993408.3012574,19.78509677400001,-0.0
1784993408.3061945,19.790093040999977,-0.0
1784993408.3111944,19.795091325999977,-0.0
1784993408.3162677,19.800092092,-0.0
1784993408.3212736,19.805091005999998,-0.0
1784993408.326248,19.810092511999983,-0.0
1784993408.331274,19.81509405600002,-0.0
1784993408.336281,19.82009430300002,-0.0
1784993408.342319,19.825098104999995,-0.0
1784993408.3462694,19.83009596400001,-0.0
1784993408.3512645,19.835097027000018,-0.0
1784993408.3561707,19.840091164,-0.0
1784993408.3612332,19.845088911999994,-0.0
1784993408.3661513,19.85008930700002,-0.0
1784993408.3713074,19.85509086899998,-0.0
1784993408.376255,19.860092578999968,-0.0
1784993408.3825185,19.865095344999986,-0.0
1784993408.3862884,19.870093758999985,-0.0
1784993408.3912768,19.875095172999977,-0.0
1784993408.3962493,19.880089718000022,-0.0
1784993408.401998,19.885091112999987,-0.0
1784993408.406326,19.890095563999978,-0.0
1784993408.4112597,19.895092589,-0.0
1784993408.4162357,19.900091282000005,-0.0
1784993408.4213295,19.905092454999988,-0.0
1784993408.4276865,19.91009810899999,-0.0
1784993408.4313412,19.915099558999998,-0.0
1784993408.4362867,19.92008886399998,-0.0
1784993408.4412186,19.925094591999994,-0.0
1784993408.447384,19.930097838999984,-0.0
1784993408.4513478,19.935094347000017,-0.0
1784993408.456421,19.940091001999974,-0.0
1784993408.461222,19.945094859999983,-0.0
1784993408.467104,19.950095532999967,-0.0
1784993408.4712887,19.955097651000017,-0.0
1784993408.4762962,19.96009091799999,-0.0
1784993408.4814017,19.965093923999973,-0.0
1784993408.4863727,19.970099206999976,-0.0
1784993408.4922152,19.975103268999987,-0.0
1784993408.4962156,19.980100257999993,-0.0
1784993408.5012002,19.985090987999968,-0.0
1784993408.5073934,19.99009636400001,-0.0
1784993408.5113475,19.995113497999967,-0.0
