time,t_rel,target_pos
1785583349.5782592,3.148000004671303e-06,4.5492807188112496e-06
1785583349.5832136,0.005176739999996016,0.00748977631178061
1785583349.5881324,0.010105166999991866,0.014636410672079669
1785583349.592852,0.015086722999996027,0.02187599393427292
1785583349.5978694,0.02013024199999336,0.02922184455372641
1785583349.6028605,0.025089632000003803,0.03646099993176225
1785583349.6078951,0.030131909999994377,0.04383716999318993
1785583349.61304,0.035094669999992334,0.05
1785583349.617921,0.0400928370000031,0.05
1785583349.622869,0.04508989299999655,0.05
1785583349.6278572,0.05008907900000281,0.05
1785583349.632881,0.055091950000004886,0.05
1785583349.6378472,0.06008835800000156,0.05
1785583349.6428533,0.0650886729999911,0.05
1785583349.6478558,0.07008687699999427,0.05
1785583349.6528702,0.07509097099999451,0.05
1785583349.6578503,0.08008989699999347,0.05
1785583349.662928,0.08509963800000264,0.05
1785583349.6679187,0.09009147199999745,0.05
1785583349.672865,0.09509076899999513,0.05
1785583349.677858,0.1000889729999983,0.05
1785583349.6828597,0.10508875200000034,0.05
1785583349.6878822,0.1100905670000003,0.05
1785583349.6928618,0.11508941900000025,0.05
1785583349.6978552,0.12008693900000367,0.05
1785583349.702955,0.1250872539999932,0.05
1785583349.7079465,0.13009045799999797,0.05
1785583349.713042,0.135098217999996,0.05
1785583349.71799,0.14009564399999874,0.05
1785583349.7229311,0.1450921640000047,0.05
1785583349.727947,0.1500931270000052,0.05
1785583349.73293,0.15509410900000375,0.05
1785583349.7379234,0.16009388700000216,0.05
1785583349.7429216,0.16509223999999278,0.05
1785583349.7479658,0.17009433299999444,0.05
1785583349.7529788,0.17510583300000349,0.05
1785583349.7579389,0.18009198199999332,0.05
1785583349.7629259,0.1850933719999972,0.05
1785583349.767946,0.19009394600000462,0.05
1785583349.7735136,0.19509392799999148,0.05
1785583349.777966,0.20009274400000265,0.05
1785583349.78289,0.20508785500000215,0.05
1785583349.7878773,0.21009002299999224,0.05
1785583349.7929401,0.21509317099999237,0.05
1785583349.7979653,0.22009163500000284,0.05
1785583349.802921,0.2250937280000045,0.05
1785583349.8079123,0.2300939320000026,0.05
1785583349.812937,0.23509489599999256,0.05
1785583349.8179193,0.2400940259999942,0.05
1785583349.8229241,0.24509250799999904,0.05
1785583349.8279173,0.2500935639999966,0.05
1785583349.8329372,0.25509523099999853,0.05
1785583349.8379269,0.26009324999999706,0.05
1785583349.842922,0.26509439899999165,0.05
1785583349.8479378,0.2700911400000052,0.05
1785583349.8529296,0.2750947339999925,0.05
1785583349.8579202,0.2800936790000037,0.05
1785583349.8629284,0.28509401299999126,0.05
1785583349.8679142,0.29009277199999417,0.05
1785583349.8729324,0.29509408799999903,0.05
1785583349.8779166,0.3000934399999977,0.05
1785583349.882958,0.30509320000000173,0.05
1785583349.8879263,0.3100932379999932,0.05
1785583349.8929336,0.3150955529999919,0.05
1785583349.8979287,0.32009173899999155,0.05
1785583349.9029179,0.32509297999999376,0.05
1785583349.9079373,0.3300943509999996,0.05
1785583349.9129214,0.33509418500000265,0.05
1785583349.917912,0.34009324100000526,0.05
1785583349.9229143,0.345092778999998,0.05
1785583349.9279475,0.3500932239999912,0.05
1785583349.9329214,0.355093760999992,0.05
1785583349.937911,0.36009290999999166,0.05
1785583349.9429116,0.36509344699999247,0.05
1785583349.9479597,0.37009166999999366,0.05
1785583349.9529333,0.375094782000005,0.05
1785583349.9579306,0.3800910229999914,0.05
1785583349.9629412,0.3850924129999953,0.05
1785583349.9679897,0.3900928949999951,0.05
1785583349.9729254,0.39509526599999845,0.05
1785583349.9779139,0.40009359900000163,0.05
1785583349.9829187,0.4050935629999941,0.05
1785583349.987937,0.41009302700000205,0.05
1785583349.9929194,0.4150933969999926,0.05
1785583349.9979155,0.4200916389999918,0.05
1785583350.0029116,0.4250938250000047,0.05
1785583350.0079346,0.43009312399999544,0.05
1785583350.0129323,0.43509446000000196,0.05
1785583350.0179188,0.44009357400000226,0.05
1785583350.0229304,0.4450943169999988,0.05
1785583350.0279565,0.4500916719999992,0.05
1785583350.0329301,0.4550909900000022,0.05
1785583350.037976,0.4600930480000045,0.05
1785583350.0429564,0.46509297699999763,0.05
1785583350.0479796,0.4700927199999967,0.05
1785583350.0530207,0.47509455699999137,0.05
1785583350.0579622,0.48009317099999294,0.05
1785583350.0629516,0.4850926729999969,0.05
1785583350.0679595,0.4900927869999947,0.05
1785583350.0729733,0.49509417899999164,0.05
1785583350.0779574,0.5000932749999976,0.05
1785583350.082956,0.5050932589999917,0.05
1785583350.087975,0.5100933730000037,0.05
1785583350.0929604,0.5150937460000051,0.05
1785583350.0979676,0.5200931379999929,0.05
1785583350.1029572,0.5250926960000015,0.05
1785583350.1079597,0.5300923660000052,0.05
1785583350.112964,0.5350934979999948,0.05
1785583350.117976,0.5400924819999915,0.05
1785583350.1229832,0.5450963739999963,0.05
1785583350.1279833,0.5500941920000031,0.05
1785583350.1329622,0.5550933239999978,0.05
1785583350.1380005,0.560092123000004,0.05
1785583350.1429558,0.5650925340000015,0.05
1785583350.1479833,0.5700925179999956,0.05
1785583350.1529534,0.5750929280000037,0.05
1785583350.1579556,0.580092116000003,0.05
1785583350.162986,0.5850943229999928,0.05
1785583350.1679652,0.5900956219999927,0.05
1785583350.172993,0.5950976430000026,0.05
1785583350.1779215,0.6000938680000019,0.05
1785583350.1829236,0.6050936120000046,0.05
1785583350.187914,0.6100927260000049,0.05
1785583350.1929293,0.6150934509999928,0.05
1785583350.197925,0.6200919540000029,0.05
1785583350.2029219,0.6250938080000026,0.05
1785583350.2079146,0.6300937930000003,0.05
1785583350.2129374,0.6350954069999943,0.05
1785583350.2179568,0.6400938729999979,0.05
1785583350.222952,0.6451004489999974,0.05
1785583350.227919,0.6500928039999962,0.05
1785583350.23294,0.6551029000000028,0.05
1785583350.237916,0.6600940879999939,0.05
1785583350.2429068,0.6650932569999952,0.05
1785583350.2479367,0.670091056000004,0.05
1785583350.2529342,0.6750953180000039,0.05
1785583350.2579138,0.6800934319999925,0.05
1785583350.2629125,0.6850929350000001,0.05
1785583350.2679207,0.690093418999993,0.05
1785583350.2729325,0.6950951820000029,0.05
1785583350.2779167,0.7000936289999942,0.05
1785583350.2829542,0.7050933169999922,0.05
1785583350.2879138,0.710093263999994,0.05
1785583350.2929323,0.7150958969999976,0.05
1785583350.2979162,0.7200914740000002,0.05
1785583350.3029094,0.7250934759999978,0.05
1785583350.3079512,0.7300926639999972,0.05
1785583350.312954,0.7350939260000047,0.05
1785583350.3179715,0.7400930029999984,0.05
1785583350.3229165,0.7450930990000018,0.05
1785583350.3279114,0.7500932869999986,0.05
1785583350.3329396,0.7550959929999976,0.05
1785583350.3379166,0.7600932179999944,0.05
1785583350.3429148,0.7650930180000017,0.05
1785583350.3479402,0.7700910389999933,0.05
1785583350.352947,0.7750970599999931,0.05
1785583350.3579216,0.7800942479999975,0.05
1785583350.3629105,0.7850932139999998,0.05
1785583350.3679178,0.7900929759999968,0.05
1785583350.3729398,0.7950962009999927,0.05
1785583350.3779187,0.8000939450000004,0.05
1785583350.382913,0.8050930400000027,0.05
1785583350.387917,0.8100931359999919,0.05
1785583350.3929753,0.815096804999996,0.05
1785583350.3979213,0.8200919929999912,0.05
1785583350.402912,0.8250934409999928,0.05
1785583350.407912,0.8300935550000048,0.05
1785583350.4129355,0.8350947429999991,0.05
1785583350.4179194,0.8400942640000011,0.05
1785583350.4229126,0.8450930449999987,0.05
1785583350.4279137,0.8500931399999985,0.05
1785583350.4329398,0.8550960129999936,0.05
1785583350.4379358,0.8600944789999971,0.05
1785583350.4429183,0.865092962999995,0.05
1785583350.4479375,0.8700910959999959,0.05
1785583350.452931,0.8750962839999943,0.05
1785583350.4579213,0.880094138000004,0.05
1785583350.4629147,0.8850919559999966,0.05
1785583350.4679134,0.8900932549999965,0.05
1785583350.4729922,0.8950982399999958,0.05
1785583350.4779541,0.900093928000004,0.05
1785583350.4829168,0.9050934859999984,0.05
1785583350.487918,0.9100937850000008,0.05
1785583350.4929285,0.915094584000002,0.05
1785583350.497922,0.9200919569999968,0.05
1785583350.5029147,0.9250932749999947,0.05
1785583350.5079165,0.9300932590000031,0.05
1785583350.512931,0.9350941699999993,0.05
1785583350.5179133,0.940094098000003,0.05
1785583350.5229266,0.9450949350000002,0.05
1785583350.527914,0.9500930859999954,0.05
1785583350.5329354,0.9550944399999963,0.05
1785583350.537962,0.9600918879999938,0.05
1785583350.54292,0.965093502000002,0.05
1785583350.5479386,0.9700915229999936,0.05
1785583350.552914,0.9750925259999974,0.05
1785583350.557909,0.9800937320000003,0.05
1785583350.56295,0.9850925679999989,0.05
1785583350.567916,0.9900930339999974,0.05
1785583350.5729768,0.9951042409999928,0.05
1785583350.5779428,1.0000922619999955,0.05
1785583350.582974,1.005093617,0.05
1785583350.5879624,1.0100929529999974,0.05
1785583350.5929577,1.0150925669999964,0.05
1785583350.5979595,1.0200930139999969,0.05
1785583350.6029532,1.0250936279999934,0.05
1785583350.6079612,1.0300930199999954,0.05
1785583350.6129582,1.0350922079999947,0.05
1785583350.617955,1.0400920069999984,0.05
1785583350.6229515,1.0450919359999915,0.05
1785583350.6279547,1.050092253999992,0.05
1785583350.6329541,1.0550923489999917,0.05
1785583350.637954,1.060091963000005,0.05
1785583350.6429517,1.0650925399999949,0.05
1785583350.648015,1.0700925430000012,0.05
1785583350.6529524,1.0750927489999924,0.05
1785583350.657948,1.0800925850000027,0.05
1785583350.6630452,1.0850978839999925,0.05
1785583350.667969,1.0900954800000022,0.05
1785583350.6729603,1.0950926489999944,0.05
1785583350.6779552,1.1000921889999944,0.05
1785583350.6829545,1.1050921180000017,0.05
1785583350.6879513,1.1100926579999992,0.05
1785583350.692955,1.1150925679999943,0.05
1785583350.6979558,1.1200936639999952,0.05
1785583350.702949,1.1250923329999978,0.05
1785583350.707954,1.1300927249999972,0.05
1785583350.7129536,1.1350918760000042,0.05
1785583350.7179496,1.1400925450000017,0.05
1785583350.7229464,1.145091973999996,0.05
1785583350.7279942,1.1500933290000006,0.05
1785583350.7329943,1.1550929240000016,0.05
1785583350.7380233,1.1600935750000048,0.05
1785583350.7429564,1.1650922820000034,0.05
1785583350.7479718,1.1700920250000024,0.05
1785583350.7529483,1.1750926759999913,0.05
1785583350.757977,1.1800932719999935,0.05
1785583350.7629578,1.1850925520000004,0.05
1785583350.7679522,1.1900927220000028,0.05
1785583350.7729514,1.1950919840000012,0.05
1785583350.7779577,1.2000925979999977,0.05
1785583350.7829518,1.2050919710000016,0.05
1785583350.7879684,1.2101101039999946,0.05
1785583350.792986,1.2150916989999985,0.05
1785583350.7979765,1.2201117390000036,0.05
1785583350.8029509,1.2250923529999938,0.05
1785583350.80795,1.2300922999999955,0.05
1785583350.8129518,1.235093710000001,0.05
1785583350.8179843,1.2400918609999962,0.05
1785583350.8229632,1.2450929009999925,0.05
1785583350.8279467,1.2500919409999938,0.05
1785583350.8329546,1.255092591999997,0.05
1785583350.837947,1.2600922620000006,0.05
1785583350.842949,1.2650925049999984,0.05
1785583350.84797,1.270091655999991,0.05
1785583350.8529508,1.2750919369999991,0.05
1785583350.8579504,1.2800920880000035,0.05
1785583350.8629537,1.2850921649999947,0.05
1785583350.867953,1.2900919450000004,0.05
1785583350.8729496,1.2950920589999981,0.05
1785583350.8779507,1.3000926919999927,0.05
1785583350.882955,1.305092842999997,0.05
1785583350.8879497,1.3100923269999925,0.05
1785583350.8929484,1.3150918669999925,0.05
1785583350.8979502,1.3200922030000015,0.05
1785583350.9029856,1.325092576000003,0.05
1785583350.9079535,1.330091987000003,0.05
1785583350.9130013,1.3350950819999952,0.05
1785583350.9180193,1.3400923629999966,0.05
1785583350.9229584,1.345092495000003,0.05
1785583350.9279547,1.350093239000003,0.05
1785583350.9329534,1.3550925379999939,0.05
1785583350.937954,1.3600925220000022,0.05
1785583350.9429502,1.3650921549999993,0.05
1785583350.947976,1.3700929350000024,0.05
1785583350.952951,1.3750926419999985,0.05
1785583350.9579492,1.3800923849999975,0.05
1785583350.9629457,1.385092869999994,0.05
1785583350.967956,1.390092224,0.05
1785583350.9729557,1.3950932270000038,0.05
1785583350.9779453,1.4000923779999965,0.05
1785583350.9829874,1.405092400000001,0.05
1785583350.9879878,1.410092309999996,0.05
1785583350.9929533,1.4150929049999945,0.05
1785583350.9979515,1.4200922039999995,0.05
1785583351.0029497,1.4250927260000026,0.05
1785583351.007951,1.430092676000001,0.05
1785583351.0129497,1.4350925689999912,0.05
1785583351.017946,1.440091370999994,0.05
1785583351.0229456,1.4450919869999979,0.05
1785583351.0279455,1.4500914179999995,0.05
1785583351.0329585,1.4550921999999957,0.05
1785583351.0379455,1.4600915019999974,0.05
1785583351.042948,1.4650918399999995,0.05
1785583351.0480084,1.4700914750000038,0.05
1785583351.0529509,1.4750921649999924,0.05
1785583351.0579486,1.4800920029999958,0.05
1785583351.0629475,1.4850918409999991,0.05
1785583351.0679464,1.4900920319999926,0.05
1785583351.0729854,1.4950919810000016,0.05
1785583351.0779471,1.5000917449999918,0.05
1785583351.0829496,1.5050917869999978,0.05
1785583351.0879445,1.5100915700000002,0.05
1785583351.0929456,1.5150908339999916,0.05
1785583351.0979514,1.5200914499999953,0.05
1785583351.1029482,1.5250924919999989,0.05
1785583351.1079435,1.530091830999993,0.05
1785583351.112954,1.5350915580000049,0.05
1785583351.1179664,1.540091321999995,0.05
1785583351.122951,1.545091733999996,0.05
1785583351.1279478,1.5500919619999962,0.05
1785583351.1329544,1.5550919850000042,0.05
1785583351.1379497,1.5600912679999936,0.05
1785583351.142948,1.5650917539999938,0.05
1785583351.1479692,1.5700915369999962,0.05
1785583351.1529498,1.5750916530000012,0.05
1785583351.1579967,1.580091232000001,0.05
1785583351.1629858,1.5850983109999959,0.05
1785583351.1726446,1.590092538999997,0.05
1785583351.173271,1.5954885219999966,0.05
1785583351.1779819,1.6000913449999956,0.05
1785583351.183286,1.6050885909999977,0.05
1785583351.1879983,1.6100910579999947,0.05
1785583351.1929936,1.6150913040000034,0.05
1785583351.1979935,1.6200889200000006,0.05
1785583351.2030041,1.6250922400000007,0.05
1785583351.208198,1.6300955039999963,0.05
1785583351.2131946,1.6350953059999966,0.05
1785583351.2181911,1.640095458999994,0.05
1785583351.2232697,1.6451720190000003,0.05
1785583351.2280252,1.6501002279999994,0.05
1785583351.2330227,1.6550973810000045,0.05
1785583351.2379887,1.6600971270000002,0.05
1785583351.2430184,1.6650955389999922,0.05
1785583351.247948,1.6700923589999945,0.05
1785583351.2529051,1.675093382,0.05
1785583351.257897,1.6800928319999997,0.05
1785583351.2629006,1.6850928549999935,0.05
1785583351.2678967,1.690092711999995,0.05
1785583351.2728965,1.6950920879999956,0.05
1785583351.2779527,1.7000965550000018,0.05
1785583351.282955,1.7050954679999961,0.05
1785583351.287912,1.7100927319999926,0.05
1785583351.2928972,1.7150924780000025,0.05
1785583351.2978966,1.7200909639999935,0.05
1785583351.3028908,1.725091636000002,0.05
1785583351.3079774,1.730097826000005,0.05
1785583351.3129528,1.7350954049999956,0.05
1785583351.3178978,1.7400909290000044,0.05
1785583351.3228977,1.7450933779999929,0.05
1785583351.3279276,1.750092030999994,0.05
1785583351.332907,1.7550932949999947,0.05
1785583351.3379521,1.760092708000002,0.05
1785583351.3428938,1.7650930279999955,0.05
1785583351.3479114,1.7700903660000051,0.05
1785583351.352893,1.7750927780000012,0.05
1785583351.3579147,1.7800941719999912,0.05
1785583351.3628974,1.7850931589999988,0.05
1785583351.3678987,1.7900930710000011,0.05
1785583351.3729255,1.7950929830000035,0.05
1785583351.3778934,1.8000927289999993,0.05
1785583351.3828967,1.8050924930000036,0.05
1785583351.3879488,1.810097017000004,0.05
1785583351.392961,1.8150962069999963,0.05
1785583351.397899,1.8200914530000034,0.05
1785583351.4028955,1.8250928279999954,0.05
1785583351.407891,1.830092406999995,0.05
1785583351.4129272,1.8350920970000004,0.05
1785583351.4179552,1.8400967319999921,0.05
1785583351.422953,1.8450947550000052,0.05
1785583351.4278986,1.850091704999997,0.05
1785583351.432895,1.8550925619999958,0.05
1785583351.4378948,1.8600921409999955,0.05
1785583351.4428957,1.8650925529999967,0.05
1785583351.447974,1.8700944280000016,0.05
1785583351.4529524,1.875093636999992,0.05
1785583351.45795,1.8800927529999996,0.05
1785583351.4629095,1.8850915360000045,0.05
1785583351.4678974,1.8900926329999947,0.05
1785583351.4728937,1.8950926199999998,0.05
1785583351.4778974,1.900093032000001,0.05
1785583351.4828975,1.9050927779999967,0.05
1785583351.4878912,1.9100931720000034,0.05
1785583351.4929054,1.9150921949999997,0.05
1785583351.4979937,1.9200951819999972,0.05
1785583351.502954,1.9250950389999986,0.05
1785583351.5079012,1.930090210000003,0.05
1785583351.5128996,1.9350927889999952,0.05
1785583351.5179183,1.940093349999998,0.05
1785583351.522903,1.9450932439999917,0.05
1785583351.5278935,1.9500930260000047,0.05
1785583351.5328963,1.9550924389999977,0.05
1785583351.537959,1.9600953140000001,0.05
1785583351.5429566,1.9650962270000036,0.05
1785583351.547918,1.9700914910000051,0.05
1785583351.552896,1.975092348000004,0.05
1785583351.5579123,1.9800912049999937,0.05
1785583351.5629232,1.9850943389999998,0.05
1785583351.5678937,1.990091954999997,0.05
1785583351.5729084,1.9950931079999918,0.05
1785583351.5779066,2.0000919839999938,0.05
1785583351.5829356,2.0050929519999983,0.05
1785583351.5878937,2.0100924199999923,0.05
1785583351.5928931,2.0150924059999937,0.05
1785583351.5979517,2.0200946519999974,0.05
1785583351.6029603,2.025093396999992,0.05
1785583351.6079006,2.030091162000005,0.05
1785583351.6128979,2.0350925190000027,0.05
1785583351.6178923,2.0400927089999925,0.05
1785583351.6228955,2.0450925100000035,0.05
1785583351.6279788,2.0500953479999993,0.05
1785583351.632971,2.0550956679999928,0.05
1785583351.637909,2.060093932000001,0.05
1785583351.6428945,2.06509303,0.05
1785583351.6479192,2.0700911459999958,0.05
1785583351.6528955,2.0750924099999963,0.05
1785583351.6578903,2.0800923599999948,0.05
1785583351.6629045,2.0850939199999914,0.05
1785583351.66799,2.0900936470000033,0.05
1785583351.6729758,2.0950959489999974,0.05
1785583351.6779282,2.100095213000003,0.05
1785583351.6828952,2.105092810000002,0.05
1785583351.6878927,2.1100922969999942,0.05
1785583351.6928928,2.1150918200000035,0.05
1785583351.6978858,2.120090806999997,0.05
1785583351.7028918,2.1250919780000004,0.05
1785583351.707901,2.130092242999993,0.05
1785583351.712951,2.1350936549999915,0.05
1785583351.7179418,2.1400945120000046,0.05
1785583351.7228942,2.1450919800000037,0.05
1785583351.7278914,2.1500920959999945,0.05
1785583351.732902,2.155092971000002,0.05
1785583351.737906,2.160092605999992,0.05
1785583351.7429442,2.1650936479999956,0.05
1785583351.7479668,2.1700940970000033,0.05
1785583351.7529387,2.1750896389999923,0.05
1785583351.7578967,2.1800898669999924,0.05
1785583351.7629359,2.185091853000003,0.05
1785583351.7678936,2.1900928019999952,0.05
1785583351.7728922,2.195092548000005,0.05
1785583351.7778914,2.200092294000001,0.05
1785583351.7828937,2.205091964999994,0.05
1785583351.7878945,2.210092247999995,0.05
1785583351.7929451,2.2150941240000037,0.05
1785583351.7979574,2.2200935729999998,0.05
1785583351.8028975,2.2250929300000024,0.05
1785583351.8078933,2.2300924529999975,0.05
1785583351.8129008,2.235092014000003,0.05
1785583351.8179169,2.240093036999994,0.05
1785583351.8229442,2.245093913000005,0.05
1785583351.8279493,2.2500943619999987,0.05
1785583351.832898,2.2550925709999916,0.05
1785583351.8380198,2.2600931869999954,0.05
1785583351.8428955,2.2650876919999945,0.05
1785583351.8479128,2.2700906230000015,0.05
1785583351.8529,2.275092201999996,0.05
1785583351.8579626,2.2800925029999917,0.05
1785583351.8629003,2.285093175,0.05
1785583351.8679187,2.290095717,0.05
1785583351.8728993,2.295093092000002,0.05
1785583351.8778913,2.3000928379999976,0.05
1785583351.8829274,2.305093658000004,0.05
1785583351.8878956,2.3100923850000044,0.05
1785583351.8928955,2.315092407999998,0.05
1785583351.8978927,2.3200907279999967,0.05
1785583351.9029486,2.325094511000003,0.05
1785583351.9079473,2.3300954049999945,0.05
1785583351.912897,2.335093557999997,0.05
1785583351.9178967,2.3400914700000044,0.05
1785583351.922929,2.345092772000001,0.05
1785583351.927888,2.350099165000003,0.05
1785583351.9328942,2.3550923929999925,0.05
1785583351.937887,2.3600985089999966,0.05
1785583351.942946,2.365096198999993,0.05
1785583351.947974,2.3700931110000028,0.05
1785583351.9528964,2.375090671999999,0.05
1785583351.9578888,2.380092195000003,0.05
1785583351.9628932,2.3850924970000023,0.05
1785583351.9678938,2.3900923899999924,0.05
1785583351.9728913,2.3950926919999915,0.05
1785583351.9778833,2.400092215000001,0.05
1785583351.9829545,2.4050981270000023,0.05
1785583351.9879508,2.410095224999992,0.05
1785583351.992901,2.415089655999992,0.05
1785583351.997892,2.420091142000004,0.05
1785583352.0028887,2.425093517999997,0.05
1785583352.0079288,2.430092524999992,0.05
1785583352.0129015,2.4350931799999955,0.05
1785583352.01789,2.4400929279999986,0.05
1785583352.0228918,2.4450923419999953,0.05
1785583352.0278895,2.4500929969999987,0.05
1785583352.0329514,2.4550969299999963,0.05
1785583352.0379388,2.4600934559999956,0.05
1785583352.0428905,2.4650906109999937,0.05
1785583352.0479076,2.4700899509999914,0.05
1785583352.0529034,2.475092680000003,0.05
1785583352.057888,2.480092482999993,0.05
1785583352.062888,2.4850924899999995,0.05
1785583352.0678914,2.4900925160000043,0.05
1785583352.0729864,2.495098764000005,0.05
1785583352.077964,2.500092566999996,0.05
1785583352.0829146,2.5050907410000036,0.05
1785583352.0878954,2.510092728999993,0.05
1785583352.0929296,2.515092531999997,0.05
1785583352.0978901,2.5200903909999965,0.05
1785583352.102889,2.525092454000003,0.05
1785583352.1078854,2.530091979000005,0.05
1785583352.1129472,2.535094282000003,0.05
1785583352.1179488,2.5400940669999983,0.05
1785583352.1228983,2.5450879999999927,0.05
1785583352.127892,2.550092062999994,0.05
1785583352.132895,2.5550919960000016,0.05
1785583352.1379156,2.560092651000005,0.05
1785583352.1429024,2.5650920100000008,0.05
1785583352.1479008,2.570089682999992,0.05
1785583352.1528924,2.5750922639999914,0.05
1785583352.1578944,2.5800926050000044,0.05
1785583352.1629374,2.585095648999996,0.05
1785583352.1679013,2.590093581000005,0.05
1785583352.172907,2.5950931069999967,0.05
1785583352.1779447,2.6000927070000017,0.05
1785583352.1829004,2.6050925840000048,0.05
1785583352.1878889,2.610092295000001,0.05
1785583352.192892,2.6150923390000003,0.05
1785583352.1978877,2.620090493999996,0.05
1785583352.2029583,2.625092037999991,0.05
1785583352.2079487,2.630093303999999,0.05
1785583352.212904,2.635094311000003,0.05
1785583352.2179058,2.640090280999999,0.05
1785583352.2229064,2.645093342999999,0.05
1785583352.227897,2.650092479999998,0.05
1785583352.2328975,2.6550928019999986,0.05
1785583352.237892,2.6600924379999924,0.05
1785583352.2429624,2.665096297000005,0.05
1785583352.2479687,2.6700939889999944,0.05
1785583352.2529085,2.675094403999992,0.05
1785583352.2578933,2.6800920590000032,0.05
1785583352.2629366,2.6850922510000004,0.05
1785583352.267903,2.690092906000004,0.05
1785583352.2728956,2.6950924129999976,0.05
1785583352.2778914,2.700092939000001,0.05
1785583352.2829177,2.7050925380000024,0.05
1785583352.28795,2.7100941559999967,0.05
1785583352.2929418,2.7150942749999984,0.05
1785583352.29789,2.720090263000003,0.05
1785583352.3028903,2.7250918069999983,0.05
1785583352.3078935,2.730092850999995,0.05
1785583352.312911,2.735092025,0.05
1785583352.3179417,2.740094087000003,0.05
1785583352.322952,2.7450947049999996,0.05
1785583352.3279197,2.750093063999998,0.05
1785583352.3329003,2.755092959999999,0.05
1785583352.3378887,2.760092114999992,0.05
1785583352.342894,2.7650913439999982,0.05
1785583352.348001,2.7700939810000023,0.05
1785583352.3529565,2.775094746999997,0.05
1785583352.357896,2.780093217000001,0.05
1785583352.3628864,2.785092316999993,0.05
1785583352.3678885,2.7900915639999937,0.05
1785583352.3730342,2.7950929419999966,0.05
1785583352.377947,2.8000959860000023,0.05
1785583352.3829408,2.8050929740000043,0.05
1785583352.3879583,2.8100928890000034,0.05
1785583352.392972,2.815092524999997,0.05
1785583352.3979282,2.820092920999997,0.05
1785583352.402929,2.8250920210000032,0.05
1785583352.4079237,2.8300921940000023,0.05
1785583352.413156,2.8351532380000037,0.05
1785583352.4179084,2.8400919310000035,0.05
1785583352.4235573,2.8450924929999957,0.05
1785583352.4277189,2.850075222000001,0.05
1785583352.4327564,2.8550767109999953,0.05
1785583352.4379249,2.86009344,0.05
1785583352.4429126,2.8650918729999972,0.05
1785583352.4479997,2.8701007319999974,0.05
1785583352.452942,2.875092812999995,0.05
1785583352.4579358,2.8800932089999947,0.05
1785583352.4629283,2.8850918819999976,0.05
1785583352.467926,2.890092870999993,0.05
1785583352.4729278,2.895091784999991,0.05
1785583352.4779239,2.900092477000001,0.05
1785583352.4829257,2.9050920210000015,0.05
1785583352.4879255,2.9100922129999987,0.05
1785583352.4929225,2.9150923870000014,0.05
1785583352.4979272,2.920093042000005,0.05
1785583352.5029266,2.925091901000002,0.05
1785583352.5079212,2.930091945000001,0.05
1785583352.5129235,2.9350922480000037,0.05
1785583352.517964,2.940092440000001,0.05
1785583352.5229404,2.9450928549999986,0.05
1785583352.5279222,2.9500923429999943,0.05
1785583352.5329578,2.9550930730000005,0.05
1785583352.5379522,2.9600923019999925,0.05
1785583352.5429304,2.9650924009999926,0.05
1785583352.5479436,2.9700922419999927,0.05
1785583352.5529268,2.9750918780000006,0.048255930760060364
1785583352.5579197,2.980092404000004,0.03134927432495953
1785583352.5631642,2.985111966000005,0.014360200895287032
1785583352.5679293,2.990094491999997,-0.0025205029812769768
1785583352.5729487,2.9951106839999966,-0.01953143512011284
1785583352.5779467,3.000092468999995,-0.036440823943702086
1785583352.5829878,3.005111290000002,-0.05349024321553064
1785583352.587925,3.0100932419999964,-0.07042770185805067
1785583352.5929723,3.0151113229999993,-0.08750042933249448
1785583352.5979517,3.020093293000002,-0.10446170818588996
1785583352.602937,3.0250930779999976,-0.12149412101708383
1785583352.6079247,3.030092824999997,-0.13853595228015717
1785583352.6129224,3.035092646999999,-0.1555866281514564
1785583352.6179245,3.040092950000002,-0.17264657038644768
1785583352.6229515,3.045092365000002,-0.1897101383918139
1785583352.6279304,3.0500930009999934,-0.20678355695184528
1785583352.6329193,3.0550922120000052,-0.22385681301306595
1785583352.6379213,3.060092107999992,-0.24093612809824266
1785583352.6429543,3.065092410999995,-0.25801956540293464
1785583352.6479685,3.070093288999999,-0.27510670628809947
1785583352.6529255,3.0750925180000053,-0.29218895358516395
1785583352.6579192,3.0800929319999995,-0.30927498852101654
1785583352.6630154,3.0850990870000032,-0.32637936891524677
1785583352.6679306,3.0900934649999954,-0.34344123350441924
1785583352.6729212,3.0950929899999977,-0.3605173877401602
1785583352.6779225,3.100092219000004,-0.3775882165100261
1785583352.6829567,3.1050924860000038,-0.39465724956957654
1785583352.687923,3.110092456000004,-0.4117188997209795
1785583352.6929276,3.1150927399999944,-0.4287742186762235
1785583352.69792,3.1200924139999984,-0.44581901825906944
1785583352.702918,3.125091365000003,-0.46285187564683805
1785583352.7079213,3.1300920580000025,-0.47988014137033297
1785583352.7129705,3.1350921760000006,-0.49689487235666147
1785583352.7179286,3.1400931830000047,-0.5138999954018768
1785583352.722922,3.1450928189999985,-0.5308867701660097
1785583352.7279205,3.1500919930000038,-0.5478572317128448
1785583352.732925,3.155093463,-0.564819668997738
1785583352.737946,3.160092524999996,-0.5817570604402824
1785583352.742929,3.1650920879999944,-0.5986781995877334
1785583352.7479444,3.170092373000003,-0.6155827518968339
1785583352.7529204,3.175092343000003,-0.6324661297240372
1785583352.7579162,3.1800925719999924,-0.6493291885415939
1785583352.7629166,3.185092634,-0.6661694046397668
1785583352.767922,3.1900921040000014,-0.6829842621340589
1785583352.7729352,3.1950912039999935,-0.6997734218583681
1785583352.77793,3.200093377999991,-0.7165473335174538
1785583352.7829223,3.2050917179999914,-0.7332817391275628
1785583352.7879229,3.2100927059999975,-0.7499972471453022
1785583352.7929215,3.2150918060000038,-0.7666775847596893
1785583352.797919,3.2200925169999977,-0.7833333207589473
1785583352.8029232,3.2250920789999924,-0.7999541471545574
1785583352.8079195,3.230092678999995,-0.8165462212611623
1785583352.8129213,3.235092334000001,-0.833101845795089
1785583352.8179219,3.2400930820000013,-0.8496266480492255
1785583352.8229175,3.245092550999999,-0.8661116697922009
1785583352.8280835,3.2500915210000016,-0.8825583778188631
1785583352.8329525,3.2550948989999995,-0.8989817450571738
1785583352.8379188,3.260093795000003,-0.9153514618388068
1785583352.8428736,3.265091171999998,-0.9316761704800978
1785583352.8479917,3.2700928639999916,-0.9479737610480271
1785583352.852926,3.275092704000002,-0.9642229723936094
1785583352.8579202,3.2800920450000035,-0.980427093677735
1785583352.862926,3.2850924589999977,-0.9965900725922765
1785583352.8679156,3.2900921330000017,-1.012704902647586
1785583352.8729231,3.2950917139999945,-1.0287725371340792
1785583352.8779192,3.3000925730000006,-1.044796219754848
1785583352.882919,3.3050917279999936,-1.060765254855244
1785583352.8879187,3.3100917350000003,-1.0766866711461704
1785583352.8929253,3.315091964000004,-1.0925572960822272
1785583352.8979492,3.32009223,-1.1083753867175785
1785583352.9029639,3.325092773999998,-1.1241405472469934
1785583352.9079244,3.330093132999991,-1.139850162038649
1785583352.912978,3.3350959179999933,-1.1555112405098091
1785583352.9179277,3.3400930920000036,-1.1710975209312124
1785583352.92292,3.3450922650000052,-1.18663164441788
1785583352.9279182,3.3500913829999917,-1.2021060369480403
1785583352.9329545,3.355093224000001,-1.2175280903352175
1785583352.9379778,3.3600925450000005,-1.2328804755179075
1785583352.9429245,3.365092403999995,-1.2481714597750098
1785583352.9479418,3.370092521999993,-1.2633990138949511
1785583352.9529188,3.375091900000001,-1.2785589436605072
1785583352.9579182,3.380092146999999,-1.2936549639281718
1785583352.9629176,3.385091450999994,-1.308680443996974
1785583352.967919,3.3900923089999964,-1.3236417138653107
1785583352.9729173,3.3950923529999955,-1.3385305114921402
1785583352.9779215,3.400092231000002,-1.3533476248614746
1785583352.982949,3.4050923490000002,-1.3680930935078919
1785583352.9879303,3.410091762999997,-1.3827629820423057
1785583352.9929256,3.415091973999992,-1.3973605313391604
1785583352.9979455,3.4200914989999944,-1.4118802485715898
1785583353.0029228,3.4250932110000036,-1.426329282165318
1785583353.0079148,3.4300918120000006,-1.4406911888242326
1785583353.0129204,3.4350925250000017,-1.4549798391740283
1785583353.0179474,3.440091977999998,-1.4691844197744317
1785583353.02292,3.445093412999995,-1.4833129663152045
1785583353.0279193,3.4500917550000025,-1.4973500135393047
1785583353.0329292,3.455094004000003,-1.5113140433984664
1785583353.03792,3.460093032000003,-1.5251839862900607
1785583353.0429196,3.465091892999993,-1.5389672496611204
1785583353.0479326,3.4700921980000032,-1.552667091072574
1785583353.0529165,3.475092207000003,-1.5662775631660344
1785583353.0579174,3.4800914380000023,-1.5797962343145409
1785583353.0629222,3.4850921869999922,-1.5932281464766624
1785583353.06792,3.4900923999999947,-1.6065666108516612
1785583353.0729196,3.4950922419999984,-1.6198109496663393
1785583353.077921,3.5000923620000037,-1.6329617437666555
1785583353.0829463,3.505091667000002,-1.6460149951855387
1785583353.087918,3.5100921760000006,-1.6589748278479153
1785583353.0929618,3.515091776999995,-1.6718346255013414
1785583353.0979195,3.5200916379999967,-1.684596279863782
1785583353.1029456,3.5250916279999984,-1.697258316021326
1785583353.1079147,3.5300915450000048,-1.7098190944035128
1785583353.112914,3.5350911089999926,-1.722276801113909
1785583353.1179175,3.5400916370000033,-1.7346335782491162
1785583353.122918,3.5450912940000023,-1.7468837708729756
1785583353.1279173,3.550090764999993,-1.759027976192488
1785583353.1329203,3.5550909779999955,-1.771067319540346
1785583353.137914,3.560091689999993,-1.7830000678781939
1785583353.142917,3.5650906989999953,-1.7948199014674342
1785583353.14794,3.570091449000003,-1.8065338611002089
1785583353.1529222,3.575091698999998,-1.8181355590390305
1785583353.1579785,3.5801107439999953,-1.829668052391236
1785583353.1629944,3.5850971050000027,-1.8410124354939683
1785583353.1679914,3.5900928359999966,-1.8522640942108926
1785583353.1729605,3.5950928449999964,-1.8634100128850029
1785583353.1779501,3.6000919279999977,-1.8744373984470348
1785583353.1829522,3.6050931959999986,-1.8853519963781877
1785583353.1879826,3.6100922609999913,-1.896143163111848
1785583353.1929588,3.6150931579999934,-1.906818558105276
1785583353.1979482,3.6200917230000016,-1.9173682520539503
1785583353.2029495,3.6250924719999915,-1.9278007274321263
1785583353.2079494,3.6300924809999913,-1.9381087823925471
1785583353.212953,3.6350928049999993,-1.948293563451081
1785583353.2179477,3.6400918690000026,-1.9583508592632797
1785583353.2229514,3.6450921929999964,-1.9682847062112683
1785583353.2279446,3.650092035,-1.9780905862036677
1785583353.232953,3.6550926369999956,-1.987769901805494
1785583353.2379487,3.660091867999995,-1.997317535043341
1785583353.2429483,3.665091672999992,-2.006736220513202
1785583353.247965,3.670092404000002,-2.0160255574908725
1785583353.2529774,3.675091765000005,-2.0251802994329515
1785583353.2579455,3.680092309999992,-2.0342041374681124
1785583353.262966,3.685093522999992,-2.0430950793460294
1785583353.2679522,3.6900927730000035,-2.051847519618538
1785583353.2729886,3.6950918,-2.060463619751124
1785583353.277951,3.700092049999995,-2.0689448641753994
1785583353.2829535,3.7050924469999984,-2.077288411007075
1785583353.2879546,3.7100924930000048,-2.0854924841082814
1785583353.292952,3.7150918349999955,-2.0935556018850137
1785583353.2979496,3.7200926780000003,-2.101480347585368
1785583353.3029492,3.725093242,-2.109262916386078
1785583353.3079457,3.730092009999993,-2.1169001109640746
1785583353.3129501,3.735092222999995,-2.12439598069867
1785583353.3179731,3.7400953060000006,-2.131751565222904
1785583353.322909,3.7450902030000037,-2.138949939388267
1785583353.3279014,3.750091748999992,-2.146011655463471
1785583353.3329575,3.7550937949999934,-2.1529268311624157
1785583353.337993,3.7600928600000003,-2.1596898853763786
1785583353.342953,3.7650924609999947,-2.166304814873697
1785583353.3479936,3.7700920629999928,-2.172770026411217
1785583353.3529477,3.775092385999997,-2.1790855654009778
1785583353.3579524,3.7800925800000016,-2.1852494868124412
1785583353.36295,3.7850919219999923,-2.1912601081632346
1785583353.367953,3.7900928760000028,-2.1971195298204704
1785583353.3729637,3.7950932920000042,-2.202824364967758
1785583353.3780026,3.800092023000005,-2.208372598804749
1785583353.3829818,3.8050929019999984,-2.2137676641194464
1785583353.3879502,3.8100920589999987,-2.219004575516554
1785583353.3929458,3.8150921609999955,-2.224085382057122
1785583353.3979478,3.8200916699999965,-2.229007732782866
1785583353.4029493,3.825092140999999,-2.233772379087591
1785583353.407948,3.8300918730000006,-2.2383769373407474
1785583353.4130254,3.8350954919999936,-2.2428247739903067
1785583353.417957,3.8400932050000023,-2.247106548632131
1785583353.4229524,3.8450918249999972,-2.251227617778496
1785583353.4279494,3.8500921669999997,-2.2551878141588872
1785583353.4329545,3.855093101999998,-2.2589854291094764
1785583353.4379454,3.8600916850000004,-2.262617621418288
1785583353.4429474,3.865092563999994,-2.266087090709362
1785583353.4480147,3.8700924989999947,-2.269390852743393
1785583353.4529555,3.875092785999996,-2.272529134199004
1785583353.4579463,3.880092183000002,-2.2755005345212473
1785583353.46295,3.885092506999996,-2.278305494956631
1785583353.4679484,3.8900925530000023,-2.280942681408587
1785583353.472954,3.895091598999997,-2.2834111632349265
1785583353.4779541,3.900092940999997,-2.285711899506877
1785583353.4829504,3.9050918939999946,-2.287842148558354
1785583353.4879453,3.9100914959999926,-2.289802713943186
1785583353.4929807,3.9150917079999914,-2.291592948358068
1785583353.4979508,3.9200919390000024,-2.29321205202949
1785583353.5029502,3.9250928189999996,-2.2946596505326053
1785583353.507944,3.9300923090000026,-2.295934660024671
1785583353.512951,3.9350924099999958,-2.297037111506486
1785583353.5179496,3.9400925119999926,-2.297966331569367
1785583353.5229466,3.945092058,-2.2987217508887348
1785583353.52794,3.9500923810000046,-2.2993030771932066
1785583353.5329468,3.955092167999993,-2.2997096758162248
1785583353.5379484,3.960091750999993,-2.299941155960345
1785583353.542961,3.9650923889999916,-2.299997087404346
1785583353.5479677,3.9700919719999916,-2.2998770158663087
1785583353.5529528,3.975092704000005,-2.299580465767716
1785583353.5579784,3.9800916570000027,-2.2991072398591412
1785583353.562946,3.9850917210000034,-2.298456709037964
1785583353.567948,3.9900912490000024,-2.2976286795655554
1785583353.572944,3.995091813000002,-2.2966225004157907
1785583353.5779433,4.000091377000004,-2.2954382290551223
1785583353.582957,4.005092422999994,-2.2940749151134456
1785583353.5879455,4.010091431999996,-2.292533225035455
1785583353.5929475,4.015091718999997,-2.2908118685363603
1785583353.5979407,4.020091339000004,-2.28891118776432
1785583353.6030123,4.025091199999991,-2.286830580078156
1785583353.607959,4.030091893999995,-2.2845694749818573
1785583353.61296,4.035092328000005,-2.2821280838962124
1785583353.6179488,4.040092004000002,-2.2795064677766903
1785583353.622954,4.045092013000001,-2.2767038548912493
1785583353.6279006,4.050091318,-2.2737206386715862
1785583353.6329007,4.055090548999999,-2.2705562922706295
1785583353.6379514,4.060092373000003,-2.2672088121570457
1785583353.6429465,4.065091547999998,-2.2636815462085713
1785583353.6479702,4.0700916870000015,-2.2599718886528257
1785583353.6529546,4.075092158000004,-2.2560801045277747
1785583353.6579468,4.080091037999992,-2.252007641259296
1785583353.6629856,4.085099212999992,-2.2477451066304024
1785583353.6680095,4.090094167000004,-2.2433117917147203
1785583353.672956,4.095092026999993,-2.238693875014453
1785583353.6779459,4.100092017999998,-2.2338917413724886
1785583353.6829517,4.105092599999992,-2.2289066806492626
1785583353.687944,4.110092295000001,-2.2237401578673395
1785583353.692952,4.115091617999994,-2.2183917009969294
1785583353.6979444,4.120091664,-2.2128601265889554
1785583353.7029486,4.125091951000002,-2.207145938398707
1785583353.7079437,4.1300920150000024,-2.2012497050490363
1785583353.7129765,4.135092172,-2.1951711165642025
1785583353.7179494,4.140092050999996,-2.1889107058888033
1785583353.7229474,4.145092059999996,-2.182468058407609
1785583353.7279437,4.150091883999991,-2.1758436875835283
1785583353.7330108,4.155111058999992,-2.1690107840816832
1785583353.7379487,4.160092457000005,-2.1620482620879375
1785583353.7429638,4.165108984,-2.1548545200545415
1785583353.7479658,4.170091733999996,-2.147528466433092
1785583353.7529733,4.175100743000002,-2.139982428723349
1785583353.7579658,4.180093900000003,-2.132279485926727
1785583353.7629693,4.185092372,-2.1243877772056714
1785583353.7679398,4.190093640000001,-2.116311078449196
1785583353.7729344,4.195092075000005,-2.108058737583581
1785583353.7779596,4.200093158000001,-2.0996219883386917
1785583353.7829325,4.205092406999995,-2.0910086376544363
1785583353.787924,4.210091767999998,-2.082215732583636
1785583353.7929256,4.215091831999999,-2.073242514182442
1785583353.797934,4.220092359999995,-2.064089690489179
1785583353.8029313,4.225092387000004,-2.0547593890066604
1785583353.8079221,4.230092006999996,-2.0452518595165934
1785583353.812923,4.235093071999998,-2.035563919009113
1785583353.8179224,4.2400914880000045,-2.0257039739704643
1785583353.8229275,4.245092107999994,-2.0156629043080807
1785583353.8279192,4.250092080000002,-2.005446801215746
1785583353.8329227,4.2550925139999975,-1.9950538713413695
1785583353.8379207,4.260091782999993,-1.9844880157037552
1785583353.842922,4.265092457999998,-1.9737442882014227
1785583353.8479466,4.270092633999994,-1.962827252223087
1785583353.852921,4.275092178999998,-1.9517377910069276
1785583353.857943,4.280091873999993,-1.9404747511027856
1785583353.8629453,4.285092401,-1.9290371170095362
1785583353.8679206,4.290092539,-1.917428248461851
1785583353.8729331,4.295093030000004,-1.9056470326195376
1785583353.8779354,4.300092945999992,-1.8936962932414074
1785583353.882933,4.305092565999999,-1.8815760520404476
1785583353.8879225,4.310092185999991,-1.869286268536597
1785583353.8929238,4.3150927869999975,-1.8568251617296452
1785583353.897921,4.320092926000001,-1.8441969996685241
1785583353.9029198,4.325092064000003,-1.831403933865959
1785583353.907925,4.330092035999996,-1.8184420115438091
1785583353.912924,4.335091544999997,-1.8053153293302724
1785583353.9179194,4.340092424000005,-1.7920198007947583
1785583353.9229474,4.345092507000004,-1.7785619457321322
1785583353.9279268,4.350092145999994,-1.7649416856345785
1785583353.9329257,4.355092542999998,-1.7511565566874574
1785583353.9379182,4.360091682000004,-1.7372129851577998
1785583353.9429226,4.365092172000004,-1.7231045522263588
1785583353.947983,4.370092810999992,-1.7088354579226221
1785583353.9529245,4.375092300999995,-1.694410353309596
1785583353.958146,4.380093051000003,-1.67982320013818
1785583353.9629297,4.385092985,-1.6650809689241388
1785583353.967926,4.390092772000003,-1.65018268675724
1785583353.9729311,4.395091948000001,-1.635130743981182
1785583353.9779205,4.400091512000003,-1.6199231335787276
1785583353.9829254,4.4050920020000035,-1.6045591672499593
1785583353.987926,4.410091973999997,-1.5890442902385695
1785583353.992924,4.415091668000002,-1.5733788397249928
1785583353.9979262,4.420093288000004,-1.5575568994629287
1785583354.0029225,4.425091260000002,-1.5415972612292579
1785583354.0079215,4.430092344999991,-1.5254794600392412
1785583354.0129209,4.435091595999992,-1.5092205006998052
1785583354.0179203,4.440091754999997,-1.4928126429193882
1785583354.0229197,4.445092024999994,-1.4762596122235052
1785583354.0279179,4.450091850999996,-1.4595644331857573
1785583354.0329554,4.455091620000005,-1.4427270259337754
1785583354.037951,4.4600925940000025,-1.4257443007777704
1785583354.042937,4.4650921049999965,-1.4086265557871962
1785583354.0479426,4.470091912000001,-1.3913690621883315
1785583354.0529315,4.475091958999997,-1.3739732537695337
1785583354.0579257,4.480092376999991,-1.35643993051137
1785583354.062922,4.485092166000001,-1.338773907928451
1785583354.06792,4.490093102000003,-1.320970206670417
1785583354.072918,4.495092056999994,-1.3030413299136154
1785583354.0779233,4.500091789999999,-1.284978781748836
1785583354.0829225,4.5050919859999965,-1.2667850209035725
1785583354.0879176,4.5100921260000035,-1.2484633072023565
1785583354.0929272,4.515092339999995,-1.2300145684121764
1785583354.0979233,4.520092425000001,-1.2114409778465771
1785583354.1029208,4.5250919169999975,-1.1927457255656233
1785583354.1079202,4.530092316999998,-1.1739246439702886
1785583354.1129498,4.535092031000005,-1.154985198660209
1785583354.117954,4.540092634000004,-1.1359229076946846
1785583354.1229243,4.545091478000003,-1.1167494044430486
1785583354.127915,4.5500918780000035,-1.097453506712982
1785583354.1329215,4.5550912220000015,-1.0780468186238883
1785583354.1379216,4.560091825000001,-1.0585219064310423
1785583354.142922,4.565091260999992,-1.0388898154597632
1785583354.1479402,4.570091476000002,-1.0191445101790158
1785583354.1529217,4.575091745999998,-0.9992904319392955
1785583354.1579163,4.580091960000004,-0.9793296480658681
1785583354.1630087,4.585104637000001,-0.9592134351396339
1785583354.1679635,4.590093702999994,-0.9390885687897187
1785583354.172961,4.595092139999991,-0.9188241219737241
1785583354.1779885,4.600092242999992,-0.8984526848183543
1785583354.1829653,4.605093049999994,-0.8779798135871237
1785583354.1879513,4.610092800999993,-0.8574144478489539
1785583354.1929576,4.615092904999997,-0.8367525521783796
1785583354.197952,4.620092248999995,-0.8160004924597286
1785583354.2029839,4.625092203999998,-0.7951543528142505
1785583354.2079508,4.630092011000002,-0.7742190714571676
1785583354.21295,4.635091798999994,-0.7531959146459971
1785583354.2179472,4.640091975999994,-0.7320849745211554
1785583354.2229748,4.645091968000003,-0.710890501920356
1785583354.2279534,4.650091459999999,-0.6896156968128556
1785583354.2329502,4.655091933999998,-0.6682561036130376
1785583354.2379458,4.660091777999995,-0.6468204769578272
1785583354.2429779,4.6650928069999935,-0.6253029152731303
1785583354.2479672,4.670091706999997,-0.6037196055073903
1785583354.2529492,4.675092347000003,-0.5820557729670317
1785583354.2579484,4.680092191,-0.5603243188812552
1785583354.2629726,4.685092034999997,-0.5385237499931572
1785583354.2679539,4.690092656999994,-0.5166526218825565
1785583354.2729497,4.695092185999997,-0.4947211013655299
1785583354.2779434,4.700092084999994,-0.47272477584351436
1785583354.282949,4.705091854999992,-0.450667840499216
1785583354.2879498,4.710091735999995,-0.42855125484776846
1785583354.2929444,4.715091653999991,-0.40637737485975234
1785583354.2979457,4.720091998000001,-0.3841465121469563
1785583354.302951,4.725092489999994,-0.36186195107542035
1785583354.3079734,4.730094352999998,-0.3395202890346978
1785583354.3129692,4.735092621999996,-0.31714581921302387
1785583354.3179553,4.740091707000005,-0.2947209354166679
1785583354.3229032,4.7450906809999935,-0.27225189223457247
1785583354.3278983,4.750090450999991,-0.24973672269085714
1785583354.3329577,4.755092258000005,-0.2271719347922189
1785583354.337943,4.760091712999994,-0.2045794760129471
1785583354.3429434,4.765092612000004,-0.18194435830811556
1785583354.3479722,4.770091901000001,-0.1592825723978393
1785583354.3529522,4.775092873999995,-0.13658136385832956
1785583354.3579488,4.780092311000004,-0.1138575362063238
1785583354.3629494,4.785092358,-0.09110354268256182
1785583354.3679755,4.790092442999992,-0.06832419083114731
1785583354.372948,4.7950920649999915,-0.045523986307998726
1785583354.3779454,4.800092483,-0.022699416001000314
1785583354.382949,4.805091529999999,0.00013738532956624762
1785583354.3879993,4.810092707999999,0.023000168812608874
1785583354.392952,4.8150928660000005,0.04587227471703683
1785583354.3979454,4.820092524999993,0.05
1785583354.4029438,4.825092036000001,0.05
1785583354.407976,4.830092508999996,0.05
1785583354.4129496,4.835091723999994,0.05
1785583354.417946,4.840092420000005,0.05
1785583354.42295,4.845092393000002,0.05
1785583354.427961,4.850109348000004,0.05
1785583354.4329953,4.855094100000002,0.05
1785583354.4379675,4.860092387999998,0.05
1785583354.4429507,4.865093399000003,0.05
1785583354.4479668,4.870092038999999,0.05
1785583354.4529538,4.875092086999999,0.05
1785583354.4579446,4.880091355999994,0.05
1785583354.462949,4.885092810999993,0.05
1785583354.467942,4.890092210999995,0.05
1785583354.4729803,4.895091906999994,0.05
1785583354.4779487,4.900092528000002,0.05
1785583354.4829469,4.905092298,0.05
1785583354.4879456,4.9100912530000045,0.05
1785583354.4929793,4.915092189999996,0.05
1785583354.4979467,4.920092292999996,0.05
1785583354.5029488,4.925093082000004,0.05
1785583354.5079434,4.930092443999996,0.05
1785583354.5129483,4.935092269999998,0.05
1785583354.517948,4.940092261999993,0.05
1785583354.5229468,4.945092364999994,0.05
1785583354.5279424,4.950092338000005,0.05
1785583354.5329509,4.955092127,0.05
1785583354.5379443,4.960092044999996,0.05
1785583354.5429444,4.965092314999993,0.05
1785583354.547962,4.970092547999997,0.05
1785583354.5529442,4.975092150999998,0.05
1785583354.5579782,4.980092106000001,0.05
1785583354.5629532,4.985093061000001,0.05
1785583354.567967,4.99009246,0.05
1785583354.5729523,4.995092322999994,0.05
1785583354.5779755,5.000091759,0.05
1785583354.5829523,5.005092159,0.05
1785583354.5879447,5.0100919660000045,0.05
1785583354.5929518,5.0150911620000045,0.05
1785583354.5979447,5.020091856999997,0.05
1785583354.6029532,5.025091293999992,0.05
1785583354.6079457,5.030091786,0.05
1785583354.6129463,5.035091796999993,0.05
1785583354.6179442,5.040092510999997,0.05
1785583354.622976,5.045091761999998,0.05
1785583354.6279454,5.050092179999993,0.05
1785583354.633006,5.055096746999993,0.05
1785583354.6379535,5.060092998000002,0.05
1785583354.6429448,5.065089119999996,0.05
1785583354.6479213,5.070091555999994,0.05
1785583354.6529584,5.075092826000002,0.05
1785583354.657966,5.080092614999998,0.05
1785583354.663063,5.085102383999995,0.05
1785583354.6679611,5.090094153999999,0.05
1785583354.6729543,5.095092664999996,0.05
1785583354.6779437,5.100091972000001,0.05
1785583354.6829526,5.105092908000003,0.05
1785583354.6879847,5.110091807999993,0.05
1785583354.692954,5.115092521999998,0.05
1785583354.6979444,5.120091755000004,0.05
1785583354.7029457,5.125092025000001,0.05
1785583354.7079496,5.130091350000001,0.05
1785583354.7129486,5.135091693999996,0.05
1785583354.7179441,5.140092205000002,0.05
1785583354.722948,5.145092140999992,0.05
1785583354.7279966,5.150092059000002,0.05
1785583354.7329547,5.155091810999991,0.05
1785583354.7379453,5.160091988000005,0.05
1785583354.7429478,5.165092424999997,0.05
1785583354.7480013,5.170091528,0.05
1785583354.752995,5.175102000999999,0.05
1785583354.7579873,5.180096770999995,0.05
1785583354.7629638,5.185093003999995,0.05
1785583354.767957,5.190093810999997,0.05
1785583354.772959,5.1950920999999965,0.05
1785583354.7779489,5.200092850999994,0.05
1785583354.782956,5.2050925469999925,0.05
1785583354.7879481,5.210092149999994,0.05
1785583354.7929535,5.215092400999993,0.05
1785583354.79795,5.220092726999994,0.05
1785583354.8029487,5.2250925519999925,0.05
1785583354.8079488,5.230093100000005,0.05
1785583354.813047,5.235091702999995,0.05
1785583354.817952,5.240093287999997,0.05
1785583354.822958,5.2450932980000005,0.05
1785583354.8279493,5.250092049999992,0.05
1785583354.8329883,5.2550928200000016,0.05
1785583354.837947,5.260092329999992,0.05
1785583354.8429499,5.265093155999992,0.05
1785583354.8479636,5.270093148000001,0.05
1785583354.852947,5.275091899000003,0.05
1785583354.8579473,5.280093354000002,0.05
1785583354.86295,5.285092105000004,0.05
1785583354.8679578,5.2900925609999945,0.05
1785583354.8729475,5.2950918859999945,0.05
1785583354.8779733,5.300091840999997,0.05
1785583354.8829477,5.305092536999993,0.05
1785583354.8879473,5.310092361999992,0.05
1785583354.8929477,5.315092280000002,0.05
1785583354.8979774,5.320092383999992,0.05
1785583354.9029524,5.325093078999998,0.05
1785583354.9079466,5.330092479000001,0.05
1785583354.9129467,5.335092322999998,0.05
1785583354.917973,5.3400915,0.05
1785583354.9229488,5.345092399999999,0.05
1785583354.9279487,5.350092429,0.05
1785583354.9329524,5.355092253999999,0.05
1785583354.9379458,5.360092135000002,0.05
1785583354.9429784,5.3650921090000026,0.05
1785583354.9479656,5.370092138000004,0.05
1785583354.952952,5.375091647999994,0.05
1785583354.9579434,5.380092232999999,0.05
1785583354.962952,5.385092298999993,0.05
1785583354.9679484,5.390092088000003,0.05
1785583354.9729495,5.395092413,0.05
1785583354.9779444,5.400091739000004,0.05
1785583354.9829843,5.405092620000005,0.05
1785583354.9879477,5.410092277999993,0.05
1785583354.9929485,5.415092436999998,0.05
1785583354.9979427,5.420092225999994,0.05
1785583355.0029757,5.425091588000001,0.05
1785583355.0079598,5.43009223,0.05
1785583355.012951,5.435092093999998,0.05
1785583355.0179508,5.4400928470000025,0.05
1785583355.02295,5.445092303999999,0.05
1785583355.0279508,5.450091667999999,0.05
1785583355.032951,5.455092124999993,0.05
1785583355.0379448,5.460092377999999,0.05
1785583355.0429478,5.4650920379999945,0.05
1785583355.047964,5.470092421000004,0.05
1785583355.0529518,5.475092117999992,0.05
1785583355.057944,5.480091704999992,0.05
1785583355.062949,5.4850919209999915,0.05
1785583355.0679824,5.490091821999997,0.05
1785583355.0729892,5.495113649000004,0.05
1785583355.0779643,5.500092569000003,0.05
1785583355.0829551,5.505092895999994,0.05
1785583355.0879807,5.5100917409999965,0.05
1785583355.0929525,5.515091791000003,0.05
1785583355.097947,5.520092988000002,0.05
1785583355.102947,5.525091945,0.05
1785583355.107945,5.530091808999998,0.05
1785583355.112952,5.535091968999993,0.05
1785583355.1179452,5.540091666999999,0.05
1785583355.122948,5.5450923639999985,0.05
1785583355.1279428,5.550091672999997,0.05
1785583355.132978,5.555091574000002,0.05
1785583355.1379468,5.560091659999998,0.05
1785583355.1429946,5.565093543000003,0.05
1785583355.1479728,5.570092629000001,0.05
1785583355.153002,5.575092807999994,0.05
1785583355.1579518,5.580092153999999,0.05
1785583355.16298,5.585098258999992,0.05
1785583355.1679819,5.590095289999994,0.05
1785583355.1729944,5.595094117000002,0.05
1785583355.1779482,5.6000929249999984,0.05
1785583355.1829615,5.605095603999999,0.05
1785583355.1879482,5.610092949999995,0.05
1785583355.19295,5.615092720999996,0.05
1785583355.1979902,5.620092658999994,0.05
1785583355.2029517,5.625091987000005,0.05
1785583355.2079465,5.6300918689999975,0.05
1785583355.2129498,5.635092917999998,0.05
1785583355.2179482,5.640092171999996,0.05
1785583355.222949,5.645092016999996,0.05
1785583355.2279446,5.650091584999998,0.05
1785583355.2329504,5.655092504999999,0.05
1785583355.2379756,5.6600916280000035,0.05
1785583355.242947,5.665092287999997,0.05
1785583355.2479653,5.670091503999998,0.05
1785583355.2529485,5.675091960999993,0.05
1785583355.257973,5.680092196000004,0.05
1785583355.262951,5.685092208,0.05
1785583355.2679443,5.6900923310000024,0.05
1785583355.272951,5.695092176999992,0.05
1785583355.2779434,5.700092170999994,0.05
1785583355.2829535,5.7050924609999925,0.05
1785583355.2879446,5.710091566000003,0.05
1785583355.292948,5.715092040999991,0.05
1785583355.2979417,5.720092145999999,0.05
1785583355.3029475,5.725091712999998,0.05
1785583355.3079488,5.730091595999994,0.05
1785583355.3129478,5.735091793999999,0.05
1785583355.318286,5.740129565000004,0.05
1785583355.3236895,5.7452989100000025,0.05
1785583355.3283284,5.750100848999992,0.05
1785583355.3328903,5.7551058429999955,0.05
1785583355.3378866,5.760105687999996,0.05
1785583355.342949,5.765108830000003,0.05
1785583355.3479393,5.770115082999993,0.05
1785583355.3529818,5.775091317999994,0.05
1785583355.3577342,5.780079014999998,0.05
1785583355.3627,5.785075360999997,0.05
1785583355.368158,5.790112484000005,0.05
1785583355.3731122,5.795103126000001,0.05
1785583355.378109,5.8001029339999945,0.05
1785583355.3829603,5.805092557999998,0.05
1785583355.387979,5.810093292000005,0.05
1785583355.3929064,5.815090693999991,0.05
1785583355.3979137,5.820090854,0.05
1785583355.402954,5.825092885000004,0.05
1785583355.4079835,5.830092507999993,0.05
1785583355.4129548,5.835093075999993,0.05
1785583355.4179487,5.840092384999991,0.05
1785583355.4229448,5.845091749000005,0.05
1785583355.427981,5.850092446000005,0.05
1785583355.4329522,5.855092346999996,0.05
1785583355.4379473,5.860091674000003,0.05
1785583355.4429474,5.865092204999996,0.05
1785583355.4479623,5.870092291999995,0.05
1785583355.4529874,5.8750927299999915,0.05
1785583355.4579499,5.880091945999993,0.05
1785583355.4629564,5.885092939000003,0.05
1785583355.467968,5.890093062999995,0.05
1785583355.472953,5.895092056999999,0.05
1785583355.477945,5.900092123999997,0.05
1785583355.4829507,5.905092600000003,0.05
1785583355.4879465,5.910092555999995,0.05
1785583355.4929836,5.915092180000002,0.05
1785583355.4979475,5.920092635999993,0.05
1785583355.50295,5.9250921670000025,0.05
1785583355.5079436,5.930092309000003,0.05
1785583355.5129733,5.935092320999999,0.05
1785583355.517954,5.940093445000002,0.05
1785583355.5229456,5.945091660999992,0.05
1785583355.5279472,5.950092673,0.05
1785583355.5329533,5.9550930369999975,0.05
1785583355.5379508,5.960092622999994,0.05
1785583355.542949,5.965092431999992,0.05
1785583355.5479655,5.970091832999998,0.05
1785583355.5529451,5.975092179000001,0.05
1785583355.557952,5.9800929499999995,0.05
1785583355.562948,5.9850921289999945,0.05
1785583355.5679646,5.990110716000004,0.05
1785583355.572945,5.995091895000002,0.05
1785583355.5779808,6.000091924999992,0.05
1785583355.5829597,6.005092603999998,0.05
1785583355.5879462,6.010093080000004,0.05
1785583355.5929554,6.015092961999997,0.05
1785583355.5979946,6.020091863000005,0.05
1785583355.602949,6.025091967999998,0.05
1785583355.6079493,6.030092479999993,0.05
1785583355.6129503,6.035091399999999,0.05
1785583355.6179485,6.040091541999999,0.05
1785583355.6229556,6.0450925359999985,0.05
1785583355.6279452,6.0500914929999965,0.05
1785583355.632953,6.055092301000002,0.05
1785583355.6379445,6.060091349999993,0.05
1785583355.642978,6.065091676999998,0.05
1785583355.6479657,6.070091968,0.05
1785583355.652951,6.075091849999993,0.05
1785583355.657943,6.080092121999996,0.05
1785583355.6630154,6.085097633999993,0.05
1785583355.6679578,6.090093312999997,0.05
1785583355.6729538,6.095093102999996,0.05
1785583355.6779466,6.100092152000002,0.05
1785583355.6829855,6.105092775999992,0.05
1785583355.6879494,6.1100920290000005,0.05
1785583355.6929474,6.115093078000001,0.05
1785583355.6979482,6.120091774999992,0.05
1785583355.7029757,6.1250958990000015,0.05
1785583355.7079852,6.1300920409999975,0.05
1785583355.712957,6.135092868000001,0.05
1785583355.717948,6.140091675999997,0.05
1785583355.722948,6.145091596,0.05
1785583355.7279525,6.150091868000004,0.05
1785583355.7329526,6.155092508999999,0.05
1785583355.7379434,6.160091465999997,0.05
1785583355.7429478,6.165091441000001,0.05
1785583355.747997,6.170091454000001,0.05
1785583355.7529514,6.175092187999994,0.05
1785583355.757948,6.180092219000002,0.05
1785583355.7629955,6.185091212999993,0.05
1785583355.767993,6.1900925030000025,0.05
1785583355.7729516,6.195092922000001,0.05
1785583355.7779446,6.200092174999995,0.05
1785583355.7829523,6.205092187999995,0.05
1785583355.7879465,6.2100927179999985,0.05
1785583355.7929633,6.215093526999993,0.05
1785583355.797957,6.220092520999998,0.05
1785583355.8029501,6.225091958999997,0.05
1785583355.807945,6.230092916000004,0.05
1785583355.812952,6.235092316999996,0.025611610527298916
1785583355.8179448,6.240092551000004,-0.001896644056676841
1785583355.8229442,6.245092155999998,-0.02941742203593732
1785583355.827941,6.250091983000004,-0.0569514609480426
1785583355.832953,6.255092402999992,-0.08449684770003746
1785583355.8379495,6.260093248999993,-0.1120486917923933
1785583355.8429446,6.26509265,-0.1395927001771413
1785583355.847973,6.27009194,-0.16713222808428538
1785583355.8529565,6.275093248000005,-0.19467499331677762
1785583355.8579464,6.280092427,-0.22219414139921925
1785583355.86295,6.285092014,-0.24969961752448316
1785583355.8679438,6.290091785000001,-0.2771861506673477
1785583355.872979,6.295092519999997,-0.30465397569865854
1785583355.8779514,6.300092587999998,-0.332090077478418
1785583355.882951,6.305092599999995,-0.35949375303832365
1785583355.8879442,6.310092148999999,-0.386858708871168
1785583355.892975,6.315091809999998,-0.4141840218877022
1785583355.897975,6.320091691999991,-0.4414662035072686
1785583355.9029481,6.325092908000002,-0.4687072184802428
1785583355.907947,6.330091660999997,-0.49588231177759473
1785583355.9130828,6.335104154999996,-0.5230752835755814
1785583355.9179626,6.340094222999994,-0.5500859826457374
1785583355.922952,6.345092605000005,-0.5770769632450844
1785583355.9279463,6.350092007000001,-0.6040045584931995
1785583355.932951,6.355092482000003,-0.6308649061478125
1785583355.9379458,6.360091623999992,-0.6576409835994002
1785583355.9429486,6.365092246999993,-0.6843437533947194
1785583355.947964,6.370091666999997,-0.710954771862159
1785583355.9529488,6.375091808999997,-0.737480193478625
1785583355.9579468,6.3800918759999945,-0.7639116702163182
1785583355.9629767,6.385092721999996,-0.7902495951346827
1785583355.9679472,6.390092289999998,-0.8164790520409348
1785583355.972947,6.395091949999994,-0.8426031715701807
1785583355.9779475,6.400092091999994,-0.8686198841255209
1785583355.9829524,6.405092511999996,-0.8945240181923685
1785583355.9879417,6.410092079999998,-0.9203056611424413
1785583355.9929454,6.415092462000004,-0.9459693326689455
1785583355.997949,6.420092029999992,-0.9715026123342144
1785583356.0029497,6.425092079999999,-0.9969080737674564
1785583356.0079458,6.430092333999994,-1.0221802277813794
1785583356.0129435,6.435092440999995,-1.047313257148308
1785583356.017972,6.440092140000004,-1.0723018423792454
1785583356.0229464,6.445091691000002,-1.097143286962264
1785583356.0279493,6.450091518999997,-1.1218356880068157
1785583356.0329506,6.455092033,-1.1463770235666406
1785583356.037988,6.460092195000001,-1.1707581978808828
1785583356.0429535,6.4650913379999935,-1.1949720523343097
1785583356.0479677,6.470091722999996,-1.2190255687250773
1785583356.0529718,6.475093125000001,-1.242913605683473
1785583356.057949,6.4800930100000045,-1.266620155716577
1785583356.062973,6.485110671000001,-1.2902319051647113
1785583356.0679636,6.490091945000003,-1.3134910907241297
1785583356.0729575,6.495092255000003,-1.3366535753893591
1785583356.0779448,6.5000928430000045,-1.3596275342851973
1785583356.082956,6.505093097,-1.382406314948903
1785583356.0879493,6.510092759000003,-1.4049849721186316
1785583356.092958,6.515092346999992,-1.4273620813449224
1785583356.0979466,6.520091972000003,-1.449534359261246
1785583356.102982,6.525092263999994,-1.4715007944830165
1785583356.107947,6.530092240000002,-1.4932533067186853
1785583356.112942,6.5350913099999985,-1.5147856911031856
1785583356.1179466,6.540091989999993,-1.536105044976668
1785583356.12298,6.5450927079999985,-1.5572008868999319
1785583356.127945,6.550092444000001,-1.57806533217175
1785583356.1329515,6.555091902000001,-1.5986977859074438
1785583356.1379442,6.560092638,-1.6191010065951499
1785583356.142944,6.565091929999994,-1.6392603343293013
1785583356.1479633,6.570091794999996,-1.6591804263808778
1785583356.1529758,6.575091623999995,-1.678855307431737
1785583356.1579475,6.580092081999993,-1.6982840686588794
1785583356.1629813,6.5850973369999934,-1.717479040743703
1785583356.1679602,6.590094831999991,-1.7363888704339348
1785583356.172951,6.595092030999993,-1.7550390307710289
1785583356.1779487,6.600091766999995,-1.7734365642438088
1785583356.1829507,6.605092021999994,-1.7915704785251885
1785583356.1879761,6.610091386999997,-1.8094324001369746
1785583356.1929507,6.615091622999998,-1.8270253622042192
1785583356.1979444,6.620092267000004,-1.8443444046904371
1785583356.2029462,6.6250924099999935,-1.8613831956515139
1785583356.207982,6.630092609000002,-1.8781405146787649
1785583356.212948,6.635092381999996,-1.8946116589169373
1785583356.2179778,6.640092026000005,-1.9107945727507007
1785583356.2229517,6.645091780000001,-1.926686987605424
1785583356.227943,6.6500919049999965,-1.942286685145133
1785583356.2329547,6.655093066999996,-1.9575926506476302
1785583356.237948,6.660092136999992,-1.9725924746700443
1785583356.2429447,6.665091113000003,-1.9872894627961006
1785583356.2479668,6.670091960999997,-2.0016863868870898
1785583356.2529526,6.675092751999998,-2.015774721119722
1785583356.2579463,6.680092395999992,-2.029548742989696
1785583356.2629426,6.685091224000004,-2.0430068285535152
1785583356.2679484,6.690092015999994,-2.0561536771149043
1785583356.2729769,6.695091732999998,-2.0689785820842577
1785583356.2779484,6.700092192,-2.0814836473666993
1785583356.2829506,6.705092261000004,-2.0936634647070322
1785583356.2879467,6.710091922999993,-2.105515573018544
1785583356.2929804,6.715091917999999,-2.117039282878662
1785583356.2979472,6.720091728,-2.1282309819598866
1785583356.30295,6.725092223999994,-2.13909021320554
1785583356.3079457,6.730091940999998,-2.1496114961686166
1785583356.3129468,6.735092010999992,-2.15979499625067
1785583356.317947,6.740092486999998,-2.1696385335120163
1785583356.322945,6.745092037999996,-2.1791373804836627
1785583356.3279443,6.750091718999997,-2.188291513513359
1785583356.332946,6.7550921029999955,-2.197099836131903
1785583356.3379796,6.7600917460000005,-2.2055578010430867
1785583356.342949,6.765091001000002,-2.213664168488483
1785583356.3479693,6.770091977999996,-2.2214203157787265
1785583356.3529515,6.775091528999994,-2.2288194792274063
1785583356.3579533,6.780092561000004,-2.2358641580533614
1785583356.3629553,6.785091777999995,-2.2425480029324274
1785583356.3679633,6.790091996000001,-2.2488731784730462
1785583356.372947,6.795090935999994,-2.2548351996724816
1785583356.3779433,6.800092061000001,-2.260436520814275
1785583356.382948,6.805092055999992,-2.2656717929193784
1785583356.3879504,6.810092069999996,-2.2705408760715433
1785583356.3929467,6.815091434999999,-2.2750417818800455
1785583356.3979454,6.820091782999995,-2.279174592827583
1785583356.4029999,6.825093370000005,-2.282937981758816
1785583356.4079785,6.830092069000003,-2.2863277931490926
1785583356.4130082,6.835097324000003,-2.2893488454816096
1785583356.4179688,6.840095078999994,-2.29199164494415
1785583356.4229531,6.845092665999999,-2.2942598736393456
1785583356.4279563,6.850092328000002,-2.2961533400744076
1785583356.432955,6.855091935000004,-2.29767007484963
1785583356.4379492,6.860091689000001,-2.2988092544936802
1785583356.4429488,6.865092239999996,-2.29957010678105
1785583356.44801,6.870092532000001,-2.2999516581630717
1785583356.452953,6.875092785999996,-2.2999532695012435
1785583356.4579484,6.880092374,-2.299574393553147
1785583356.4629464,6.885092239999992,-2.298814438480443
1785583356.4679463,6.890092994,-2.297672676514485
1785583356.4729981,6.895092470999998,-2.2961492082398607
1785583356.4779477,6.9000928180000045,-2.294243051397292
1785583356.4829538,6.905093257999994,-2.2919540809898473
1785583356.4879653,6.910092308999992,-2.289282877871484
1785583356.4929547,6.915092100999999,-2.28622819652607
1785583356.4979448,6.920091576999994,-2.2827905169010974
1785583356.5029535,6.925092590999995,-2.278968371712479
1785583356.5079505,6.930092623999997,-2.274763635522526
1785583356.5129955,6.935092045000005,-2.270176260194332
1785583356.517954,6.940092391999997,-2.265204943218274
1785583356.5229528,6.945092201999998,-2.259851305256684
1785583356.5279465,6.950092382999998,-2.2541146702632915
1785583356.5329516,6.955092284999992,-2.247996116997008
1785583356.5379512,6.960092336000002,-2.2414955468514743
1785583356.5429487,6.965092775999992,-2.2346130633199714
1785583356.5479698,6.970092159999993,-2.2273512755564004
1785583356.5529482,6.975091859000003,-2.2197088878864712
1785583356.5579703,6.9800925769999935,-2.2116853506704475
1785583356.5629508,6.9850921270000015,-2.2032849357522544
1785583356.5679514,6.99009203,-2.194505993542447
1785583356.5729494,6.995093025000003,-2.1853479440662773
1785583356.5779467,7.000093020999998,-2.1758155549931475
1785583356.5829551,7.005092757,-2.1659085762251915
1785583356.587946,7.010092714999999,-2.1556271415580217
1785583356.592957,7.015093784000001,-2.144970426424098
1785583356.5980246,7.020091687000004,-2.133948994433776
1785583356.6029637,7.025093385999995,-2.1225487118343125
1785583356.6079473,7.030091826000003,-2.1107869555332854
1785583356.612973,7.035092691999992,-2.098651865612998
1785583356.6179492,7.0400933159999965,-2.086151168806023
1785583356.6229796,7.0450919599999935,-2.073291014418141
1785583356.6279473,7.050092102999997,-2.0600641334595435
1785583356.6329527,7.055092135999999,-2.0464763280818286
1785583356.6379454,7.060093112000004,-2.0325264122306836
1785583356.6429758,7.065091811000002,-2.018225344208142
1785583356.64797,7.070092639999999,-2.003562432696919
1785583356.6529458,7.075092171999998,-1.988549605469131
1785583356.6579463,7.080092241999992,-1.9731834690872554
1785583356.663014,7.0850976259999925,-1.9574508362508505
1785583356.6679695,7.090093713999991,-1.941400215940522
1785583356.67295,7.095092468000004,-1.924996106353668
1785583356.6779525,7.100092481999994,-1.908245019478951
1785583356.6829498,7.105092865999993,-1.8911521418820791
1785583356.6879702,7.110112121,-1.8736547198593627
1785583356.692949,7.115092356999995,-1.8559591004947944
1785583356.6979504,7.120092314999994,-1.8378610764972176
1785583356.7029471,7.1250926439999915,-1.8194313217995275
1785583356.7079725,7.130092176000005,-1.8006768871941374
1785583356.7129464,7.135092783000005,-1.7815934931131368
1785583356.7179472,7.140092703999997,-1.7621906570928665
1785583356.722945,7.145092809999994,-1.7424679477679392
1785583356.7280087,7.1500929350000035,-1.722428965420951
1785583356.732953,7.155092541999991,-1.702078938517619
1785583356.7379427,7.160092315,-1.6814182091143584
1785583356.7429442,7.165092142999995,-1.6604503723097808
1785583356.748177,7.170092397999994,-1.6391770446890759
1785583356.752958,7.175093392999997,-1.6176000735902114
1785583356.7579455,7.180092443999996,-1.595734493956144
1785583356.7629488,7.185092384000001,-1.5735714171861863
1785583356.7679443,7.190093250000004,-1.5511139913801606
1785583356.7729526,7.195092670999998,-1.5283764416476493
1785583356.777946,7.200092166000005,-1.505355570469368
1785583356.782947,7.205092105999995,-1.4820532794936676
1785583356.7879474,7.210092156999991,-1.4584747934521298
1785583356.7929785,7.215092781999999,-1.4346216478257772
1785583356.797945,7.220092831999992,-1.410503157850474
1785583356.8029468,7.225093216999994,-1.3861188467673566
1785583356.8079798,7.230094229999992,-1.3614711621968434
1785583356.812981,7.235093300000003,-1.3365768862893577
1785583356.817952,7.240093277,-1.3114259719603991
1785583356.8229504,7.245092235000001,-1.2860322367561339
1785583356.8279467,7.2500923599999965,-1.2603887435434924
1785583356.8329492,7.255092929,-1.2345033175410658
1785583356.8379462,7.260092720999992,-1.2083865927064008
1785583356.8429456,7.265091956999996,-1.1820418513032003
1785583356.8479648,7.270091952000001,-1.1554665464347689
1785583356.8529506,7.2750928920000035,-1.1286640256221772
1785583356.8579493,7.280092534999994,-1.1016508315623794
1785583356.8629496,7.285091734000005,-1.0744270227793338
1785583356.8679464,7.290092525999995,-1.0469860398110102
1785583356.872953,7.295093261999995,-1.0193414933624176
1785583356.8779802,7.300092867999993,-0.9915040996716143
1785583356.8829544,7.305092807999998,-0.9634705101510105
1785583356.8879442,7.310092248000004,-0.9352502132187654
1785583356.8929453,7.3150924840000044,-0.9068407279414924
1785583356.8979695,7.320092052999996,-0.8782552569848416
1785583356.9029493,7.325092697000002,-0.849488763677192
1785583356.9079418,7.330092802999999,-0.8205554891542383
1785583356.912947,7.335092965000001,-0.791457055803883
1785583356.9179733,7.340092720000001,-0.7622012533316508
1785583356.922946,7.345092566999995,-0.7327902977010868
1785583356.9279454,7.350091784,-0.7032336225769291
1785583356.9329543,7.3550923909999995,-0.673524456204053
1785583356.9379504,7.360092460000004,-0.6436794617103346
1785583356.942955,7.365092658999998,-0.6136999543132291
1785583356.9479625,7.370091914,-0.5835977282985406
1785583356.9529483,7.3750925199999955,-0.5533643110328251
1785583356.9579458,7.380092903999994,-0.5230145705856436
1785583356.962951,7.385092065999999,-0.49256006082427095
1785583356.9679577,7.390092358000004,-0.46199192631467234
1785583356.972947,7.395091909000001,-0.4313270955553633
1785583356.9779465,7.400092921999999,-0.40055757356124705
1785583356.982978,7.405092750999998,-0.3697052023949504
1785583356.9879456,7.410092301999995,-0.338770031360254
1785583356.9929497,7.4150924079999925,-0.30775253048454976
1785583356.997945,7.420091773999999,-0.2766663971893781
1785583357.0029516,7.4250926210000046,-0.24550349575499966
1785583357.0079458,7.430092376999994,-0.21428556288429973
1785583357.012948,7.435092299999994,-0.18301050439739386
1785583357.017947,7.440092112000002,-0.15168582675467712
1785583357.022982,7.445092071000005,-0.1203157062018263
1785583357.0279484,7.450091623999995,-0.08890943161486928
1785583357.0329475,7.455092453999995,-0.05746226120041621
1785583357.03794,7.460091875999993,-0.025996940582260847
1785583357.0429745,7.465091966000003,0.005493709337379779
1785583357.047968,7.470092258999998,0.03700086495713675
1785583357.0529497,7.475092384999996,0.05
1785583357.0579424,7.480091196999993,0.05
1785583357.0629766,7.485091694000005,0.05
1785583357.06795,7.490092672000003,0.05
1785583357.072948,7.495091853999995,0.05
1785583357.077943,7.500092183999996,0.05
1785583357.0829484,7.505091792000002,0.05
1785583357.0879447,7.510092622000002,0.05
1785583357.0929508,7.515091988999998,0.05
1785583357.0979624,7.520095060000003,0.05
1785583357.102947,7.525092055999991,0.05
1785583357.1079547,7.530092405000005,0.05
1785583357.112958,7.5350932169999965,0.05
1785583357.1179461,7.540092528000002,0.05
1785583357.1229482,7.545091728999992,0.05
1785583357.127977,7.550092891999995,0.05
1785583357.1329496,7.555092704000003,0.05
1785583357.1379457,7.560092533999992,0.05
1785583357.1429453,7.565091733999992,0.05
1785583357.1479955,7.570092137999993,0.05
1785583357.1529586,7.575092819999995,0.05
1785583357.157943,7.580091909999993,0.05
1785583357.1630123,7.585101442999999,0.05
1785583357.1679614,7.590094421999993,0.05
1785583357.1729894,7.595092992000005,0.05
1785583357.1779487,7.6000926929999935,0.05
1785583357.1829555,7.605092892999991,0.05
1785583357.1879458,7.610092057000003,0.05
1785583357.1929636,7.615094442,0.05
1785583357.1979496,7.620092753999998,0.05
1785583357.2029505,7.625092676999998,0.05
1785583357.2079465,7.630092155,0.05
1785583357.2129974,7.635092466000003,0.05
1785583357.2179513,7.640093351999994,0.05
1785583357.2229474,7.6450931269999955,0.05
1785583357.2279491,7.650092716000003,0.05
1785583357.2329843,7.655093323999992,0.05
1785583357.23798,7.660093117000002,0.05
1785583357.2429519,7.665092483999999,0.05
1785583357.2479682,7.6700925549999965,0.05
1785583357.252971,7.675110513999996,0.05
1785583357.25795,7.680092993000002,0.05
1785583357.26297,7.685109100999995,0.05
1785583357.267959,7.6900924119999985,0.05
1785583357.2729518,7.695092242000001,0.05
1785583357.277954,7.7000933319999945,0.05
1785583357.2829483,7.7050930509999915,0.05
1785583357.287948,7.710093473000001,0.05
1785583357.2929492,7.715093044,0.05
1785583357.2979825,7.720092484999995,0.05
1785583357.3029504,7.725092666999998,0.05
1785583357.3079476,7.730092220000003,0.05
1785583357.312946,7.735092198000004,0.05
1785583357.3179793,7.740092434999994,0.05
1785583357.322951,7.745092728000003,0.05
1785583357.32795,7.750092373000001,0.05
1785583357.332948,7.755092926000003,0.05
1785583357.3379447,7.760091719000002,0.05
1785583357.342949,7.765092697,0.05
1785583357.3479657,7.770092027000004,0.05
1785583357.352947,7.7750927459999986,0.05
1785583357.3579478,7.780092334999992,0.05
1785583357.3629527,7.785093184000004,0.05
1785583357.3679543,7.790092384000005,0.05
1785583357.372945,7.795091955000004,0.05
1785583357.3779492,7.800092230000004,0.05
1785583357.3829832,7.805091985999994,0.05
1785583357.3879485,7.810092037999993,0.05
1785583357.3929505,7.815092923999998,0.05
1785583357.3979456,7.8200919570000025,0.05
1785583357.4029772,7.825092694999995,0.05
1785583357.40795,7.830091765999995,0.05
1785583357.4129517,7.8350927249999955,0.05
1785583357.4179428,7.840092814999991,0.05
1785583357.4229486,7.845092089000005,0.05
1785583357.427972,7.850092160000003,0.05
1785583357.43295,7.855091693999995,0.05
1785583357.4379485,7.860091728,0.05
1785583357.442947,7.865092336000004,0.05
1785583357.447992,7.870093905999994,0.05
1785583357.4529576,7.875092662,0.05
1785583357.4579463,7.880092344000005,0.05
1785583357.4629452,7.885092192999991,0.05
1785583357.4679787,7.890092652999996,0.05
1785583357.4729471,7.895091983,0.05
1785583357.4779475,7.900093034999998,0.05
1785583357.4829464,7.905091661,0.05
1785583357.4879746,7.9100916400000045,0.05
1785583357.4930005,7.915093080999995,0.05
1785583357.4980614,7.920093206999994,0.05
1785583357.5029607,7.9250940929999985,0.05
1785583357.5079496,7.930092533999996,0.05
1785583357.5129592,7.935093456999994,0.05
1785583357.517948,7.940092860999997,0.05
1785583357.5229468,7.9450921170000015,0.05
1785583357.5279474,7.950093409999994,0.05
1785583357.5329528,7.955091832999997,0.05
1785583357.5379488,7.960092089,0.05
1785583357.5429468,7.965092103999993,0.05
1785583357.5479665,7.970092340999997,0.05
1785583357.5529802,7.975092227000005,0.05
1785583357.5579467,7.980091594000001,0.05
1785583357.562946,7.9850921649999975,0.05
1785583357.5679626,7.990091531999994,0.05
1785583357.5729802,7.995091991999999,0.05
1785583357.577944,8.000091932999993,0.05
1785583357.5829513,8.005092169999998,0.05
1785583357.5879474,8.010092149000002,0.05
1785583357.592948,8.015091423000001,0.05
1785583357.5979512,8.020092660999993,0.05
1785583357.6029458,8.025091545999999,0.05
1785583357.6079402,8.030092080000003,0.05
1785583357.612946,8.035092207000005,0.05
1785583357.6179502,8.040092259000005,0.05
1785583357.6229506,8.045092182000005,0.05
1785583357.6279457,8.050092234000005,0.05
1785583357.6329496,8.055091860000005,0.05
1785583357.6379821,8.060091653,0.05
1785583357.6429498,8.065092316999994,0.05
1785583357.6479683,8.070091925,0.05
1785583357.652947,8.075092291999994,0.05
1785583357.6579754,8.080091788000004,0.05
1785583357.6629844,8.085098525999996,0.05
1785583357.6679502,8.090093041000003,0.05
1785583357.6729496,8.095092631,0.05
1785583357.677947,8.100092423999996,0.05
1785583357.6829777,8.105091587000004,0.05
1785583357.687948,8.110092546999994,0.05
1785583357.6929493,8.11509221,0.05
1785583357.6979454,8.120092854999996,0.05
1785583357.7029538,8.125092980999995,0.05
1785583357.7079506,8.130091977999996,0.05
1785583357.712947,8.135092012000001,0.05
1785583357.7179456,8.140092526999993,0.05
1785583357.7229748,8.145092282999997,0.05
1785583357.7279434,8.150092595000004,0.05
1785583357.7329457,8.155091257999999,0.05
1785583357.7379456,8.160092866,0.05
1785583357.7429812,8.165092084999998,0.05
1785583357.7479954,8.170092303999994,0.05
1785583357.7529495,8.175091578999996,0.05
1785583357.7579768,8.180094834999991,0.05
1785583357.7629554,8.185095109000002,0.05
1785583357.7679632,8.190096623999992,0.05
1785583357.7729056,8.195093546999999,0.05
1785583357.7779188,8.200112857999997,0.05
1785583357.7828937,8.205090818000002,0.05
1785583357.7879283,8.210114258999994,0.05
1785583357.7929049,8.215094089999994,0.05
1785583357.7979047,8.220090994000003,0.05
1785583357.8029015,8.225093971999996,0.05
1785583357.8079321,8.230093580000002,0.05
1785583357.8128998,8.235092577000003,0.05
1785583357.8178918,8.240092591999996,0.05
1785583357.8229527,8.245097365999996,0.05
1785583357.8279896,8.250093992999993,0.05
1785583357.8329098,8.255091433999993,0.05
1785583357.8378959,8.260093041999994,0.05
1785583357.8428946,8.265092260999992,0.05
1785583357.8479102,8.270091702000002,0.05
1785583357.8529625,8.275097735999992,0.05
1785583357.8579504,8.280095492000001,0.05
1785583357.8629003,8.285090118,0.05
1785583357.8679094,8.290092633,0.05
1785583357.8729022,8.295093370999993,0.05
1785583357.8778963,8.300092905,0.05
1785583357.8828926,8.305091124,0.05
1785583357.8878915,8.310092656999998,0.05
1785583357.8929346,8.315091987999992,0.05
1785583357.8978906,8.320091707000003,0.05
1785583357.9029555,8.325095203000004,0.05
1785583357.907948,8.330093384999998,0.05
1785583357.912933,8.335088345000003,0.05
1785583357.9179034,8.340093471000003,0.05
1785583357.9228964,8.345093023999993,0.05
1785583357.9278922,8.350092594000003,0.05
1785583357.9329495,8.355093943,0.05
1785583357.9379768,8.360094994999997,0.05
1785583357.942901,8.365090991999992,0.05
1785583357.9479065,8.370092710999998,0.05
1785583357.9528968,8.375093114999999,0.05
1785583357.9578936,8.380092555999994,0.05
1785583357.962895,8.385092572000005,0.05
1785583357.9678924,8.390092530999993,0.05
1785583357.9729552,8.395094361000005,0.05
1785583357.9779823,8.400094542999994,0.05
1785583357.9829144,8.405090650999995,0.05
1785583357.9878943,8.410091944000001,0.05
1785583357.9928956,8.415092126000005,0.05
1785583357.9979146,8.420091585999998,0.05
1785583358.0029807,8.425098730999991,0.05
1785583358.007948,8.430094432999994,0.05
1785583358.0129128,8.435094356999997,0.05
1785583358.0178957,8.440093410000003,0.05
1785583358.0229015,8.445093259999993,0.05
1785583358.027891,8.450093183999996,0.05
1785583358.0329483,8.455094552999995,0.05
1785583358.037943,8.460092699,0.05
1785583358.0429127,8.465095622999996,0.05
1785583358.0479147,8.470092898999994,0.05
1785583358.0528977,8.475093100999999,0.05
1785583358.0578923,8.480092765999999,0.05
1785583358.06292,8.485092245000004,0.05
1785583358.0678992,8.490092614000005,0.05
1785583358.0729125,8.495092556000003,0.05
1785583358.0779445,8.500093647,0.05
1785583358.0829859,8.505094737999997,0.05
1785583358.0878954,8.510093179999998,0.05
1785583358.0928903,8.515092233999994,0.05
1785583358.0978925,8.520092157999997,0.05
1785583358.1028993,8.525092489000002,0.05
1785583358.1079507,8.530094653999996,0.05
1785583358.112952,8.535094763000004,0.05
1785583358.117893,8.540092872999992,0.05
1785583358.1228905,8.545092611000001,0.0371681318764667
1785583358.1278996,8.550093406000002,0.0021456060853802593
1785583358.132902,8.555090811,-0.03286992178854556
1785583358.1378932,8.560092939,-0.06792716719999371
1785583358.143087,8.565092751999998,-0.1029686553111978
1785583358.1479168,8.570092250000002,-0.1380002299197565
1785583358.1528978,8.575093155999994,-0.17302576899471425
1785583358.1578927,8.580092449999995,-0.20801591720665732
1785583358.1629152,8.585093763000003,-0.2429878623948347
1785583358.1679475,8.590094186999991,-0.27791302602634227
1785583358.1728983,8.595093406999993,-0.3127809945470539
1785583358.1778882,8.600092554,-0.34759143096406464
1785583358.1828895,8.605090922000002,-0.3823311873145395
1785583358.1879215,8.610092753999993,-0.41702144137640096
1785583358.192924,8.615092473999994,-0.4516152319549082
1785583358.1979477,8.620094823999992,-0.4861370913714593
1785583358.2029536,8.625094321999995,-0.5205409366362376
1785583358.2079268,8.630093376000005,-0.5548351867113455
1785583358.2129009,8.635092447999995,-0.5890147842675408
1785583358.2178996,8.640093445999995,-0.6230844701405502
1785583358.2228928,8.64509287,-0.6570121622430487
1785583358.2278903,8.650092200999993,-0.6907997654861379
1785583358.2328963,8.655091107000004,-0.7244368631653598
1785583358.2379458,8.660096549000002,-0.7579618271654318
1785583358.242948,8.665101307,-0.791317841070717
1785583358.247919,8.670090286000004,-0.8243969888934733
1785583358.252904,8.675099580999998,-0.857430225814562
1785583358.2579195,8.680093227,-0.890172048279242
1785583358.2628944,8.685099206999993,-0.9227980360139975
1785583358.2678902,8.690092704999998,-0.9551384355247472
1785583358.2728968,8.695093202999999,-0.9873117522634217
1785583358.2779024,8.700091737999998,-1.0192520268858554
1785583358.2828927,8.705090494999993,-1.0509653994065935
1785583358.2879505,8.710097715999993,-1.0824956396980718
1785583358.292987,8.715094102999998,-1.1137135323415006
1785583358.297895,8.720090655999996,-1.1446807733490847
1785583358.3028975,8.725092709999998,-1.1754222173477407
1785583358.3078916,8.730093041999993,-1.2058854399061816
1785583358.3129492,8.735091057999995,-1.2360594604155393
1785583358.3179018,8.740093316,-1.2659760669757743
1785583358.322893,8.745092517000003,-1.2955839172498305
1785583358.3278892,8.750093144999994,-1.3249021716786915
1785583358.3328917,8.755091014000001,-1.3538989316115682
1785583358.3379595,8.760097751999993,-1.382633660788312
1785583358.3429542,8.765094916999999,-1.410993218851599
1785583358.347912,8.770089951999992,-1.4390136806454719
1785583358.3528965,8.775092135999998,-1.466739367052893
1785583358.3579159,8.780094059999996,-1.4941213404874054
1785583358.3628974,8.785092853999998,-1.521137130398212
1785583358.3678944,8.790092407999992,-1.547800972262531
1785583358.3728957,8.795092627999992,-1.5741052464158816
1785583358.3779247,8.800092681999999,-1.6000386280558903
1785583358.3828914,8.805091273000002,-1.6255877561309813
1785583358.3878942,8.810092288999996,-1.6507656524462055
1785583358.3928974,8.815092398000004,-1.6755487043216926
1785583358.397919,8.820092304,-1.6999339495572643
1785583358.4028966,8.825092783000002,-1.7239186292954636
1785583358.40795,8.830097577999993,-1.7475136795818635
1785583358.4129949,8.835097871999992,-1.7706712224731946
1785583358.41791,8.840092056000003,-1.7933789029665361
1785583358.4229057,8.845093590999994,-1.8156916226291888
1785583358.427902,8.850092755999995,-1.8375593206442806
1785583358.4328983,8.855090198,-1.8589794038592458
1785583358.4379547,8.860095251999994,-1.8799852308783571
1785583358.4429839,8.865095213000004,-1.90051736922531
1785583358.447952,8.870089507000003,-1.9205692608013345
1785583358.452902,8.875093078999996,-1.9401948420715045
1785583358.457892,8.880092022,-1.9593334536087281
1785583358.462925,8.885092001999993,-1.978001930486934
1785583358.4679718,8.890095295999998,-1.9962028930982452
1785583358.4729595,8.895094849999992,-2.0139055911328114
1785583358.477901,8.900091310999997,-2.031108275310096
1785583358.482936,8.905091271999993,-2.0478286601659312
1785583358.4878986,8.910093732999997,-2.0640576925036305
1785583358.4929295,8.915097027000002,-2.079784755428736
1785583358.4979007,8.920093581000003,-2.094982354254726
1785583358.5028973,8.925092337999999,-2.109673917148901
1785583358.5078986,8.930092724999994,-2.123852821275818
1785583358.5129414,8.935095242000003,-2.1375156667800144
1785583358.5179403,8.940093183999991,-2.1506404164945554
1785583358.5229034,8.945092904999996,-2.163240212938047
1785583358.527899,8.950093088000003,-2.175307520470114
1785583358.5329025,8.955091216,-2.1868327869135764
1785583358.5378978,8.960093287999996,-2.197825931179749
1785583358.5428941,8.965092193999993,-2.2082677222327636
1785583358.54802,8.970097413999994,-2.218174091518411
1785583358.5529823,8.975095431,-2.227515213168631
1785583358.5579324,8.980094558000005,-2.2363045456501665
1785583358.5629187,8.985092555999998,-2.2445352054350245
1785583358.5679142,8.990092646999997,-2.2522095198815686
1785583358.5729182,8.995092755999991,-2.259321267082198
1785583358.5779207,9.000093327999991,-2.265868452248439
1785583358.5829146,9.005090363999997,-2.2718439548025473
1785583358.58791,9.010092473,-2.2772555380496824
1785583358.5929413,9.015092303999992,-2.2820926422889394
1785583358.597917,9.020093117000002,-2.286356654987814
1785583358.6029122,9.02509293,-2.29004404310409
1785583358.607914,9.030093225000002,-2.2931542856805063
1785583358.6129117,9.035093536999995,-2.2956854473529824
1785583358.6179159,9.040092498999996,-2.297635653266009
1785583358.6229136,9.04509333,-2.2990047992011178
1785583358.6279087,9.050092550000002,-2.2997907643363185
1785583358.6329076,9.055090566999993,-2.2999931291842244
1785583358.6379173,9.06009401,-2.29961059303111
1785583358.6429183,9.065093470999997,-2.298642941290021
1785583358.6479316,9.070093190999998,-2.2970894754566156
1785583358.652915,9.075092837,-2.2949498846348746
1785583358.6579568,9.080092223999998,-2.2922240747757043
1785583358.662971,9.085095332999998,-2.2889091846669474
1785583358.6679509,9.090096054,-2.2850090977670496
1785583358.672902,9.095093496000004,-2.280525727446903
1785583358.6778939,9.100092957000001,-2.2754549154831523
1785583358.6829007,9.105092084999995,-2.269799276623115
1785583358.6878953,9.110093860999996,-2.2635557105583937
1785583358.6928988,9.115093415000004,-2.256731053042876
1785583358.6979053,9.120093135000005,-2.2493233889580453
1785583358.7030084,9.125094078000004,-2.241332047646332
1785583358.707969,9.130094112999998,-2.23276167117181
1785583358.7128987,9.135092665999991,-2.2236151041846606
1785583358.7178946,9.140092646,-2.213888631934682
1785583358.7228923,9.145092699999992,-2.203586379264691
1785583358.7279088,9.150091476,-2.1927132457474667
1785583358.7329092,9.155091732999992,-2.1812652556139844
1785583358.737891,9.160092546000001,-2.169246392291466
1785583358.7428918,9.16509284,-2.1566616017915776
1785583358.7479167,9.170093226999995,-2.14351193852033
1785583358.752895,9.175093429,-2.1298008244611633
1785583358.7579281,9.180091148999992,-2.1155378335275112
1785583358.762948,9.185094165999999,-2.100703276049059
1785583358.7680092,9.190093496999992,-2.0853266525201435
1785583358.7729352,9.195092513999995,-2.0694015395631946
1785583358.77793,9.200093068000001,-2.0529252758760794
1785583358.7829266,9.205092417999992,-2.0359104256490475
1785583358.787926,9.210092267999997,-2.0183550425512227
1785583358.7929292,9.215092618,-2.0002628543126257
1785583358.797926,9.220093004999995,-1.9816394895110334
1785583358.8029313,9.225092762000003,-1.9624917145535092
1785583358.8079212,9.230092482000003,-1.942821699426628
1785583358.8129318,9.235092757999993,-1.922631513721452
1785583358.8179276,9.240093145000003,-1.9019274820397887
1785583358.8229237,9.245092642999992,-1.8807186409172092
1785583358.8279216,9.250092197,-1.8590060294416038
1785583358.8329291,9.255092583999996,-1.83679120537357
1785583358.8379238,9.260092526999998,-1.814084993617174
1785583358.842946,9.265093339000003,-1.7908867225049916
1785583358.84797,9.270112393000005,-1.7671185319737561
1785583358.8529918,9.275093464999998,-1.7430551468779696
1785583358.857967,9.280092667000005,-1.7184340930764146
1785583358.8629506,9.285093739000004,-1.6933385339633906
1785583358.8679419,9.290093311999996,-1.6677913721181319
1785583358.8729274,9.295093586999997,-1.6417876557208477
1785583358.8779352,9.300092122999999,-1.6153465358405863
1785583358.8829494,9.305093047,-1.5884525477389628
1785583358.8879354,9.310092377999993,-1.5611335785160907
1785583358.8929248,9.315092449999995,-1.5333836994363648
1785583358.8979304,9.320092373999998,-1.505214611895583
1785583358.9029224,9.325092464999997,-1.4766315105123697
1785583358.907923,9.330092481999998,-1.4476428591933546
1785583358.912925,9.335091554000002,-1.4182610516493594
1785583358.9179358,9.340093088999993,-1.3884732241205007
1785583358.9229274,9.345092643000001,-1.3583132540741931
1785583358.9279177,9.350091715000005,-1.3277799662895273
1785583358.9329202,9.355091693999995,-1.2968725317844452
1785583358.937975,9.360092562999995,-1.2655986793162364
1785583358.942939,9.365092375999993,-1.2339785319840326
1785583358.9479368,9.370091837000004,-1.2020158326763593
1785583358.952925,9.375091983000004,-1.1697120750107877
1785583358.9579456,9.380091648000004,-1.1370830373790677
1785583358.9629214,9.385091665000004,-1.104131669797106
1785583358.9679232,9.390092328999998,-1.070864413065338
1785583358.9729211,9.395091993999998,-1.0373008319884103
1785583358.977918,9.400091787999997,-1.0034421151868924
1785583358.982929,9.405091916000003,-0.9692956149773969
1785583358.9879193,9.410092895999995,-0.9348665737569823
1785583358.9929192,9.415092004999991,-0.9001827938224396
1785583358.997915,9.420092021999992,-0.8652341361873666
1785583359.0029256,9.425092371999995,-0.8300336794842175
1785583359.0079188,9.430092316,-0.7945958748070031
1785583359.0129187,9.435092037000004,-0.7589287981802845
1785583359.0179176,9.440091758999998,-0.7230402773607155
1785583359.022944,9.445092035999991,-0.686935791745337
1785583359.0279186,9.450091684,-0.6506334652763222
1785583359.0329194,9.455092331000003,-0.6141311037223908
1785583359.0379205,9.460092330999998,-0.5774504233924522
1785583359.0429497,9.465091997000002,-0.5405989731210004
1785583359.0479388,9.470092218000005,-0.5035800496291224
1785583359.0529184,9.475092051000004,-0.4664105523965844
1785583359.0579176,9.480091958000003,-0.4290970510168746
1785583359.06295,9.485091901999994,-0.3916498674754156
1785583359.0679345,9.490091918999994,-0.3540788370674093
1785583359.0729213,9.495091993000003,-0.3163942405482104
1785583359.077913,9.500092195999997,-0.2786057479062682
1785583359.0829449,9.505092157999997,-0.24072642742663064
1785583359.0879223,9.510091935999995,-0.202766174225924
1785583359.0929205,9.515091545999994,-0.16473523433720658
1785583359.0979178,9.520092007999992,-0.1266362377570047
1785583359.1029253,9.525093007999999,-0.08848199756712948
1785583359.1079185,9.530092174000004,-0.05030110769865532
1785583359.112921,9.535092117999994,-0.012084143062872461
1785583359.1179147,9.540092079999994,0.02615255254738283
1785583359.1229272,9.545092505,0.05
1785583359.1279204,9.550091856999998,0.05
1785583359.1329215,9.555091633999993,0.05
1785583359.1379187,9.560092706999995,0.05
1785583359.1429167,9.565091835999993,0.05
1785583359.1479416,9.570092279999997,0.05
1785583359.152929,9.575091889999996,0.05
1785583359.1579123,9.580092481999998,0.05
1785583359.162997,9.585098074000001,0.05
1785583359.1679962,9.590093202999995,0.05
1785583359.1729689,9.595093109999993,0.05
1785583359.1779525,9.600093053999998,0.05
1785583359.1829545,9.605093053000004,0.05
1785583359.1879876,9.610092644999995,0.05
1785583359.192971,9.615094236999994,0.05
1785583359.197953,9.620091848000001,0.05
1785583359.202953,9.625092607,0.05
1785583359.2079508,9.630092994999998,0.05
1785583359.212983,9.635093123999994,0.05
1785583359.2179496,9.640092641999999,0.05
1785583359.2229474,9.645092289000004,0.05
1785583359.227947,9.650092974000003,0.05
1785583359.2329552,9.655092233000005,0.05
1785583359.237995,9.660097601999993,0.05
1785583359.2429633,9.665092971999997,0.05
1785583359.2479885,9.670093768000001,0.05
1785583359.2530196,9.675095081999999,0.05
1785583359.2579699,9.680094062999999,0.05
1785583359.2629712,9.685093784000003,0.05
1785583359.2679808,9.690095747,0.05
1785583359.2730057,9.695093634999992,0.05
1785583359.277983,9.700092596999994,0.05
1785583359.2829547,9.705093023000003,0.05
1785583359.2879524,9.710092504000002,0.05
1785583359.2929513,9.715092132999999,0.05
1785583359.2979522,9.720092502,0.05
1785583359.3029501,9.725092335,0.05
1785583359.3079457,9.730091759999993,0.05
1785583359.31309,9.735106888999994,0.05
1785583359.3179731,9.740094388999992,0.05
1785583359.3229678,9.745093870000005,0.05
1785583359.3278582,9.750088238999993,0.05
1785583359.3328593,9.755088108999999,0.05
1785583359.3379931,9.760094182999993,0.05
1785583359.342956,9.765093125999996,0.05
1785583359.347967,9.770092180999995,0.05
1785583359.3529532,9.775092365999996,0.05
1785583359.3579943,9.780093179999994,0.05
1785583359.362955,9.785094271999995,0.05
1785583359.3679664,9.790092678999997,0.05
1785583359.372952,9.795092585999996,0.05
1785583359.377944,9.800092121999995,0.05
1785583359.3829496,9.805092622000004,0.05
1785583359.3879457,9.810092101999999,0.05
1785583359.3929448,9.815092286999999,0.05
1785583359.3979452,9.820092137999993,0.05
1785583359.4029558,9.825092081999998,0.05
1785583359.40795,9.830092526000001,0.05
1785583359.412952,9.835092433,0.05
1785583359.4179492,9.840092321,0.05
1785583359.422985,9.845092097999995,0.05
1785583359.4279475,9.850092246000003,0.05
1785583359.4329698,9.855111338,0.05
1785583359.4379437,9.860092484999996,0.05
1785583359.4430003,9.865109724999996,0.05
1785583359.447971,9.870092169000003,0.05
1785583359.4529727,9.875109928,0.05
1785583359.4579465,9.880092242000003,0.05
1785583359.4629679,9.885108740999996,0.05
1785583359.4679742,9.890092518000003,0.05
1785583359.472947,9.895091777000005,0.05
1785583359.4779534,9.900092776999998,0.05
1785583359.482953,9.905091869000003,0.05
1785583359.487953,9.910093293999992,0.05
1785583359.4929755,9.915092367,0.05
1785583359.497952,9.920093589000004,0.05
1785583359.502952,9.925091921999993,0.05
1785583359.5079782,9.930091809999993,0.05
1785583359.512952,9.935092530999995,0.05
1785583359.5179484,9.940091937999995,0.05
1785583359.5229485,9.945091882,0.05
1785583359.527995,9.950091788999998,0.05
1785583359.5329819,9.955092362000002,0.05
1785583359.538163,9.96009214,0.05
1785583359.5429606,9.965093045999993,0.05
1785583359.5479758,9.970092934999997,0.05
1785583359.5529566,9.975092840999991,0.05
1785583359.5579479,9.980092489,0.05
1785583359.5629473,9.985091858999994,0.05
1785583359.5679512,9.990092727999993,0.05
1785583359.5729513,9.995092968999998,0.05
1785583359.5779538,10.000092135000003,0.05
1785583359.5829496,10.005092152999993,0.05
1785583359.5879457,10.010091892999995,0.05
1785583359.592978,10.015092170000003,0.05
1785583359.5979517,10.020092465000005,0.05
1785583359.6029484,10.025092039,0.05
1785583359.6079497,10.030091982999991,0.05
1785583359.6129878,10.035091816000005,0.05
1785583359.6179538,10.040092778000002,0.05
1785583359.6229496,10.045092111000002,0.05
1785583359.6279447,10.050092109999994,0.05
1785583359.6329496,10.055091258000004,0.05
1785583359.6379457,10.060091275000005,0.05
1785583359.6429453,10.065091756000001,0.05
1785583359.6479654,10.070091996000002,0.05
1785583359.6529648,10.075093291999991,0.05
1785583359.6579711,10.080091995000004,0.05
1785583359.6630216,10.085103771999997,0.05
1785583359.6679585,10.090094586999996,0.05
1785583359.6729355,10.095092049000002,0.05
1785583359.677968,10.100091992999992,0.05
1785583359.682926,10.105092048000003,0.05
1785583359.6879342,10.110092676999997,0.05
1785583359.692952,10.115092176000005,0.05
1785583359.6979973,10.120092435000004,0.05
1785583359.7029579,10.125092619,0.05
1785583359.7079492,10.130091581999991,0.05
1785583359.7129512,10.135093377000004,0.05
1785583359.717953,10.140092803000002,0.05
1785583359.7229798,10.145091820999994,0.05
1785583359.7279475,10.150092246,0.05
1785583359.7329495,10.155092208,0.05
1785583359.7379463,10.160092188999997,0.05
1785583359.7429497,10.165091707000002,0.05
1785583359.747972,10.170092447000002,0.05
1785583359.7529745,10.175096334999992,0.05
1785583359.7579744,10.180097649999993,0.05
1785583359.763049,10.185092796999996,0.05
1785583359.7679563,10.190093371000003,0.05
1785583359.7729464,10.195093185000005,0.05
1785583359.7779484,10.200092405999996,0.05
1785583359.782985,10.205092312999994,0.05
1785583359.7879772,10.210092404999997,0.05
1785583359.7929516,10.215092385999995,0.05
1785583359.797944,10.220092108000003,0.05
1785583359.8029475,10.225093755000003,0.05
1785583359.8079507,10.230092903,0.05
1785583359.8129551,10.235092717,0.05
1785583359.8179486,10.240092771999997,0.05
1785583359.8229504,10.245091641999991,0.05
1785583359.8279486,10.250092084999991,0.05
1785583359.8329494,10.255092159,0.05
1785583359.8379521,10.260092547,0.05
1785583359.8429492,10.265092527999997,0.05
1785583359.8479931,10.270091786999998,0.05
1785583359.8529499,10.275091970999995,0.05
1785583359.857944,10.280092007999997,0.05
1785583359.8629448,10.285091451,0.05
1785583359.867987,10.290093228999993,0.05
1785583359.8729467,10.295091912999993,0.05
1785583359.8779488,10.300092672000005,0.05
1785583359.882946,10.305091968,0.05
1785583359.8879678,10.310094336999995,0.05
1785583359.8929572,10.315092188999998,0.05
1785583359.8979447,10.320091872999996,0.05
1785583359.9029458,10.325091705999995,0.05
1785583359.9079473,10.330091631000002,0.05
1785583359.9129558,10.335093353000005,0.05
1785583359.9179533,10.340092111000004,0.05
1785583359.9229493,10.34509174,0.05
1785583359.9279468,10.350091665999997,0.05
1785583359.9329774,10.355091406,0.05
1785583359.9379482,10.360092108999993,0.05
1785583359.9429524,10.365091664000005,0.05
1785583359.9479697,10.370092181999993,0.05
1785583359.9529996,10.375092033000001,0.05
1785583359.957952,10.380091957999994,0.05
1785583359.9629495,10.385091383999992,0.05
1785583359.9679637,10.390091752999993,0.05
1785583359.9729488,10.395091549,0.05
1785583359.977973,10.400092419000003,0.05
1785583359.9829502,10.405091436999996,0.05
1785583359.9879487,10.410092066000004,0.05
1785583359.9929495,10.415091509999996,0.05
1785583359.9979458,10.420091397999997,0.05
1785583360.0029492,10.425091434999999,0.05
1785583360.0079443,10.430091656999991,0.05
1785583360.0129461,10.435091916999994,0.05
1785583360.0179799,10.440091881,0.05
1785583360.022945,10.445091380999997,0.010727872149778533
1785583360.0279446,10.450091807999996,-0.030471228482132472
1785583360.0329454,10.455092011999994,-0.07167496690409272
1785583360.037974,10.460091679000001,-0.11286750689194891
1785583360.0429783,10.465091790999992,-0.15404366741852343
1785583360.0479662,10.470092124999994,-0.19518831482806123
1785583360.0529459,10.475091254999995,-0.23627642164093055
1785583360.0579727,10.480091903999991,-0.27731704426978016
1785583360.062949,10.485092034000004,-0.3182801125481071
1785583360.0679443,10.490092312000002,-0.3591577694248008
1785583360.0729425,10.495092127999996,-0.39993171103925745
1785583360.0779443,10.500091665,-0.4405901353172368
1785583360.082945,10.505091054999994,-0.4811208259617092
1785583360.0879486,10.510092481000001,-0.5215281105669565
1785583360.0929432,10.515091704,-0.5617644759042639
1785583360.0979412,10.520092390000002,-0.601846208998783
1785583360.1029456,10.525091797999991,-0.6417381111916741
1785583360.1079428,10.530091317,-0.6814381427260618
1785583360.1129456,10.535091855000005,-0.7209402956691102
1785583360.117946,10.540091485000005,-0.7602162315183605
1785583360.122948,10.545091855999999,-0.7992658498325161
1785583360.127963,10.550110911999994,-0.838214821792756
1785583360.1329489,10.555091856999994,-0.8766109171160223
1785583360.137945,10.560091580000005,-0.9148812936721539
1785583360.1429513,10.565092617000005,-0.9528778181830698
1785583360.1479673,10.570091969999993,-0.9905649777746852
1785583360.1529493,10.575092136999999,-1.0279489856807429
1785583360.157942,10.580091248999992,-1.0650032770620668
1785583360.163021,10.585096898000003,-1.1017710349027323
1785583360.1679535,10.590092787000003,-1.1381204341951705
1785583360.1729574,10.595092343000005,-1.1741374474790598
1785583360.177946,10.600091436,-1.209779719297094
1785583360.1829875,10.605091993000002,-1.245048709747685
1785583360.1879454,10.610092123000001,-1.2799188973524482
1785583360.192947,10.615091863999993,-1.3143786880085313
1785583360.1979487,10.620092419999992,-1.3484244812903203
1785583360.2029502,10.625092495000004,-1.3820356816217074
1785583360.207947,10.630091754999995,-1.41519860567136
1785583360.2129536,10.635092106999991,-1.4479143827892467
1785583360.2179456,10.640092737000003,-1.480166142444421
1785583360.2229457,10.645091941999993,-1.51193184064805
1785583360.2279499,10.650091552999996,-1.5432121746252487
1785583360.2329743,10.655091460999998,-1.5739954165346548
1785583360.2379687,10.660094405999999,-1.604287125963979
1785583360.242952,10.665092591999993,-1.6340297146979155
1785583360.2480106,10.670091869999993,-1.663248079159601
1785583360.252952,10.675092890000002,-1.6919352251428124
1785583360.2579522,10.680091963999999,-1.7200598531323128
1785583360.2629569,10.685092964999996,-1.7476337380705658
1785583360.2680063,10.690092538999991,-1.7746284572148638
1785583360.2729552,10.695092150999997,-1.8010424863702372
1785583360.2779436,10.700091911000001,-1.8268668782814088
1785583360.282945,10.705091522999993,-1.8520907880672852
1785583360.2879431,10.710091875000003,-1.8767094543456724
1785583360.2929478,10.715092060999993,-1.9007093632356333
1785583360.2979794,10.720091728,-1.924080190983189
1785583360.3029504,10.725092043999993,-1.9468188093464267
1785583360.3079438,10.730092137,-1.9689128057222
1785583360.3129492,10.735091433999997,-1.9903516820192209
1785583360.3179445,10.740091527000004,-2.0111343053699837
1785583360.3229449,10.745091305000003,-2.0312482104494096
1785583360.327951,10.750093195000005,-2.0506952535188963
1785583360.332985,10.755091805999996,-2.069447383669506
1785583360.3379457,10.760091806999995,-2.0875153918491915
1785583360.3429487,10.765091974,-2.1048876411412962
1785583360.3479638,10.770091640999993,-2.1215552184778708
1785583360.3529851,10.775091735000004,-2.1375147857472743
1785583360.3579524,10.780091939000002,-2.152759000897225
1785583360.3629527,10.785091588,-2.1672799482364504
1785583360.3679514,10.790091847,-2.1810752486600204
1785583360.3729472,10.795091478000003,-2.194135977090313
1785583360.377949,10.800091756,-2.206460184624113
1785583360.382952,10.805091348999994,-2.2180395635785524
1785583360.3879468,10.810091349999993,-2.2288719174246996
1785583360.3929477,10.815091831999993,-2.238952660240144
1785583360.3979852,10.820091332000004,-2.248274660623792
1785583360.402948,10.825091647999997,-2.2568372633661387
1785583360.4079459,10.830091777999996,-2.2646348159118093
1785583360.412949,10.835092316,-2.271664654640129
1785583360.4179447,10.840091760999996,-2.2779215458612305
1785583360.4229498,10.845091835000005,-2.283404728602363
1785583360.4279466,10.850092020999995,-2.288110699991948
1785583360.4329493,10.855092076999995,-2.2920367342848067
1785583360.4379494,10.860092836999996,-2.2951811125006825
1785583360.442948,10.865092430000004,-2.297540792618744
1785583360.4479668,10.870092134000004,-2.299114918193767
1785583360.4529486,10.875091838999992,-2.2999019875639024
1785583360.4579453,10.880092062000003,-2.299900787172821
1785583360.4629858,10.885091673000005,-2.2991104369091553
1785583360.4679542,10.890092636999995,-2.2975298184663338
1785583360.4729474,10.895091971,-2.2951595799392535
1785583360.4779441,10.900091731000003,-2.2919989440740167
1785583360.4829488,10.905092213000003,-2.288047636917607
1785583360.4879725,10.910092695000003,-2.283306517167356
1785583360.4929502,10.915091547000003,-2.27777824987443
1785583360.4979498,10.920092824999998,-2.2714591700255387
1785583360.5029497,10.925091899999998,-2.2643563573145062
1785583360.507978,10.930091993000005,-2.256467074412096
1785583360.5129538,10.935092216000001,-2.247794287471501
1785583360.5179443,10.940091105999997,-2.2383429271274946
1785583360.5229468,10.945092142999997,-2.228108610598987
1785583360.5279405,10.950091439999994,-2.217101859730313
1785583360.5329514,10.955091995999993,-2.2053191225985516
1785583360.5379455,10.960091774999995,-2.1927682983708037
1785583360.5429504,10.965091868000002,-2.1794502439407335
1785583360.5479627,10.970092238999996,-2.1653686825081553
1785583360.5529804,10.975092349999997,-2.150529162151478
1785583360.5579486,10.980091962000003,-2.1349368742724786
1785583360.562948,10.985091889000003,-2.1185939035550554
1785583360.5679634,10.990092074000003,-2.101505161012459
1785583360.572984,10.995092149000001,-2.0836769953524783
1785583360.5779462,11.000091501,-2.065117169103904
1785583360.5829449,11.005091797999995,-2.0458251022446086
1785583360.5879588,11.010093002999994,-2.025806463103498
1785583360.5929508,11.015091706999996,-2.005081434392551
1785583360.59795,11.020092058999992,-1.983639454736196
1785583360.6029537,11.025092023,-1.9614957057149978
1785583360.6079426,11.030091893999995,-1.9386559624701822
1785583360.6129456,11.035091468000005,-1.9151284762464962
1785583360.617948,11.040091691,-1.8909162186434365
1785583360.6229486,11.045091747,-1.8660307936908234
1785583360.6279452,11.050092581000001,-1.8404753812030443
1785583360.6329496,11.055091804,-1.8142706094872003
1785583360.6379483,11.060092064000003,-1.7874112149283803
1785583360.6429467,11.065091491000004,-1.759915949973748
1785583360.6479688,11.070092583999994,-1.731779906531936
1785583360.652949,11.075092046999998,-1.7030308542975172
1785583360.6579752,11.080091547999999,-1.6736689689449267
1785583360.6629834,11.085098251999995,-1.643660569626968
1785583360.6679485,11.090093678999992,-1.6131270905863355
1785583360.6729496,11.095093234999993,-1.5819858033297958
1785583360.677947,11.100092902,-1.5502713858474582
1785583360.682959,11.105093643000004,-1.5179881485756215
1785583360.6879487,11.110092198999993,-1.485168154186584
1785583360.6929495,11.115093126000005,-1.451792517364457
1785583360.6979444,11.120093163999996,-1.417894027394282
1785583360.7029467,11.125093441999994,-1.3834766167875039
1785583360.707944,11.130092497999996,-1.3485621859466796
1785583360.7129524,11.135093257999998,-1.3131421189704
1785583360.7179508,11.140093276999991,-1.2772456823549787
1785583360.722951,11.145092388999998,-1.2408865883962565
1785583360.7279437,11.150092888999993,-1.2040605552283234
1785583360.7329454,11.155092315999994,-1.1667983258511998
1785583360.737946,11.160092649999996,-1.129098013477511
1785583360.743016,11.165112428,-1.0908303426952923
1785583360.7479684,11.170093003000005,-1.0524580330675555
1785583360.7529957,11.175117428999997,-1.0133541052087036
1785583360.7579486,11.180093077999999,-0.9742534948749499
1785583360.7629485,11.185093559999999,-0.9345941316286065
1785583360.767954,11.190093060999999,-0.8945919791990913
1785583360.7729626,11.195092579999994,-0.8542531523343722
1785583360.7779534,11.200093099,-0.8135837836949031
1785583360.7829483,11.205092284999992,-0.7726171770554151
1785583360.7879486,11.210092211000003,-0.7313508367483056
1785583360.7929473,11.215092396999992,-0.6898032085010486
1785583360.7979445,11.220092008999998,-0.6479959472894555
1785583360.8029466,11.225091750000004,-0.605938031473374
1785583360.8079863,11.230092306000003,-0.5636385637399313
1785583360.8129482,11.235091936000003,-0.5211273330872903
1785583360.817947,11.240092621999992,-0.47840264458970144
1785583360.822948,11.245092122999992,-0.43549891678225544
1785583360.8279479,11.250092604999992,-0.39241293834925506
1785583360.8329482,11.255091863999994,-0.34917916348859773
1785583360.837948,11.260092606,-0.30578972208767957
1785583360.8429477,11.265091605999999,-0.26228822468578755
1785583360.8479934,11.270092050999992,-0.2186626473360198
1785583360.85295,11.275092626000003,-0.17494018055724592
1785583360.8579428,11.280092349,-0.13114526305932267
1785583360.8629494,11.285092590000005,-0.08728179372014734
1785583360.867992,11.290092608999998,-0.04337220172913491
1785583360.8729548,11.295092647000004,0.0005696358249330757
1785583360.877945,11.300091758999997,0.04451937895030215
1785583360.8829448,11.305092092999999,0.05
1785583360.8879752,11.310092686000004,0.05
1785583360.89295,11.315092964000002,0.05
1785583360.8979437,11.320092075999995,0.05
1785583360.9029508,11.325091983999997,0.05
1785583360.907944,11.330092706999991,0.05
1785583360.912998,11.335095948000003,0.05
1785583360.9179587,11.340094077999993,0.05
1785583360.9229507,11.345091448999995,0.05
1785583360.927945,11.350092208999996,0.05
1785583360.9331815,11.355093858000004,0.05
1785583360.9380567,11.360094469000003,0.05
1785583360.9429555,11.365092543999992,0.05
1785583360.947972,11.370092432999996,0.05
1785583360.9529552,11.375092749000004,0.05
1785583360.9579492,11.380092305000005,0.05
1785583360.962949,11.385092102000002,0.05
1785583360.9679546,11.390092472999996,0.05
1785583360.9729812,11.395092083999998,0.05
1785583360.9779558,11.400092936999997,0.05
1785583360.9829493,11.405091752000004,0.05
1785583360.987947,11.410091937999994,0.05
1785583360.9929488,11.415092141999992,0.05
1785583360.997975,11.420092291000003,0.05
1785583361.002984,11.425095069999998,0.05
1785583361.0079088,11.430089479000003,0.05
1785583361.012901,11.435090203000001,0.05
1785583361.0179656,11.440093703999992,0.05
1785583361.0229547,11.445092853999995,0.05
1785583361.0279458,11.450091986000004,0.05
1785583361.0329454,11.455091449999998,0.05
1785583361.0379553,11.460092340999992,0.05
1785583361.0429497,11.465092028,0.05
1785583361.0479677,11.470092178000002,0.05
1785583361.052951,11.475091734999992,0.05
1785583361.0579765,11.480091161999994,0.05
1785583361.0629768,11.485092072,0.05
1785583361.0679483,11.490091980999992,0.05
1785583361.0729473,11.495091501000005,0.05
1785583361.077948,11.500091335999997,0.05
1785583361.082951,11.505091855999993,0.05
1785583361.087946,11.510091562,0.05
1785583361.0929456,11.515092062999997,0.05
1785583361.0979457,11.520091527999995,0.05
1785583361.102953,11.525092900000004,0.05
1785583361.107951,11.530092475999993,0.05
1785583361.1129506,11.535091459,0.05
1785583361.1179433,11.540092313000002,0.05
1785583361.122952,11.545092350999994,0.05
1785583361.127952,11.550092038000003,0.05
1785583361.1329484,11.555091372999996,0.05
1785583361.1379468,11.560091763999992,0.05
1785583361.1429808,11.565091987999992,0.05
1785583361.1479676,11.570091675,0.05
1785583361.1529484,11.575091880000002,0.05
1785583361.1579463,11.5800919,0.05
1785583361.1629827,11.585098512999991,0.05
1785583361.1679757,11.590093330000002,0.05
1785583361.1729534,11.595092424,0.05
1785583361.1779463,11.600092703000001,0.05
1785583361.1829443,11.605092427000002,0.05
1785583361.187953,11.610092909999992,0.05
1785583361.1929538,11.615092504999993,0.05
1785583361.1979458,11.62009234,0.05
1785583361.2029521,11.625093026999991,0.05
1785583361.2079446,11.630092564999998,0.05
1785583361.2129493,11.635092474999993,0.05
1785583361.2179484,11.640092643000003,0.05
1785583361.2229486,11.645091847999993,0.05
1785583361.2279813,11.650092775999994,0.05
1785583361.232956,11.655093166,0.05
1785583361.2379453,11.660092297999995,0.05
1785583361.242947,11.665092985000001,0.05
1785583361.2479677,11.670092152999999,0.05
1785583361.2529774,11.675092581000001,0.05
1785583361.2579482,11.680092618999993,0.05
1785583361.2629504,11.685092639999993,0.05
1785583361.2679424,11.690091918999997,0.05
1785583361.27295,11.695092309999993,0.05
1785583361.2779539,11.700093347999996,0.05
1785583361.2829704,11.705094184000004,0.05
1785583361.2879639,11.710092852000002,0.05
1785583361.2929585,11.715092854000005,0.05
1785583361.297949,11.720092780999991,0.05
1785583361.3029475,11.725092246000003,0.05
1785583361.3079464,11.730092544000001,0.05
1785583361.3129823,11.735092082999998,0.05
1785583361.3179972,11.740092861999997,0.05
1785583361.3229513,11.745092474999993,0.05
1785583361.327967,11.750110790999997,0.05
1785583361.3329484,11.755091551999996,0.05
1785583361.3379474,11.760092349999994,0.05
1785583361.3429499,11.765092334000002,0.05
1785583361.3479638,11.770092168999994,0.05
1785583361.3529499,11.775092078,0.05
1785583361.3579469,11.780093209,0.05
1785583361.362947,11.785092526,0.05
1785583361.3679454,11.790092526999999,0.05
1785583361.3729477,11.795092343999997,0.05
1785583361.3779485,11.800092548999999,0.05
1785583361.3829503,11.805092329000004,0.05
1785583361.3879423,11.810092218999998,0.05
1785583361.392948,11.815091887999998,0.05
1785583361.397975,11.820091574999992,0.05
1785583361.402954,11.825092205999994,0.05
1785583361.4079485,11.830092671000003,0.05
1785583361.412946,11.835091856999995,0.05
1785583361.4179447,11.840091767000004,0.05
1785583361.4229472,11.845091861,0.05
1785583361.4279475,11.850091880999997,0.05
1785583361.432945,11.855092568000003,0.05
1785583361.4379442,11.860092440000003,0.05
1785583361.442951,11.86509246,0.05
1785583361.4479704,11.870092276999998,0.05
1785583361.4529474,11.875092056,0.05
1785583361.457944,11.880092075999997,0.05
1785583361.4629464,11.885091485999993,0.05
1785583361.4679606,11.890091838999993,0.05
1785583361.4729466,11.895091969999996,0.05
1785583361.4779487,11.900091860999993,0.05
1785583361.4829764,11.905091400000003,0.05
1785583361.4879482,11.910092141999996,0.05
1785583361.492949,11.915092161999993,0.05
1785583361.4979427,11.920092367999999,0.05
1785583361.502946,11.925091944000002,0.05
1785583361.507971,11.930092259999995,0.05
1785583361.51295,11.935092761999996,0.05
1785583361.5179486,11.940092226999994,0.05
1785583361.5229504,11.945092450000004,0.05
1785583361.527949,11.950092007999999,0.05
1785583361.532951,11.955092898000004,0.05
1785583361.5379453,11.960092844000002,0.05
1785583361.542946,11.965091401999999,0.05
1785583361.5479662,11.970091940000003,0.05
1785583361.5529487,11.975092016000005,0.05
1785583361.5579436,11.980091629,0.05
1785583361.5629475,11.985091983000004,0.05
1785583361.567976,11.990092003,0.05
1785583361.5729735,11.995091541999997,0.05
1785583361.5779493,12.000091173000001,0.05
1785583361.582947,12.005091878000002,0.05
1785583361.5879445,12.010092380000003,0.05
1785583361.5929506,12.015092121999999,0.05
1785583361.5979419,12.020091382999993,0.05
1785583361.6029465,12.025093052000003,0.05
1785583361.6079445,12.030091756999994,0.05
1785583361.6129482,12.035091463,0.05
1785583361.6179469,12.040091611999998,0.05
1785583361.6229453,12.045091447000004,0.05
1785583361.6279423,12.050091357,0.05
1785583361.6329672,12.055092376999994,0.05
1785583361.637947,12.060091786000001,0.05
1785583361.6429465,12.065092027999995,0.05
1785583361.647965,12.070091492999993,0.05
1785583361.6529794,12.075091771999993,0.05
1785583361.6579463,12.080092014999991,0.05
1785583361.6629877,12.085099646000003,0.05
1785583361.6679547,12.090094018000002,0.031173410369877554
1785583361.6729553,12.095093278999997,-0.01536395804479761
1785583361.6779485,12.100092188000005,-0.06190800610884148
1785583361.682947,12.105093135000004,-0.10846189448623618
1785583361.687945,12.110092655000003,-0.15497424286818287
1785583361.6929471,12.115092841999996,-0.20144539158164904
1785583361.697944,12.120092583999991,-0.24784584427920636
1785583361.702955,12.125093437999993,-0.29417086590195507
1785583361.7079425,12.130092290999997,-0.3403724837610011
1785583361.7129488,12.135092440999998,-0.38646204887186986
1785583361.7179465,12.140093683999993,-0.4324184478454548
1785583361.7229443,12.145092110999997,-0.47818673139278467
1785583361.7279453,12.150092353999995,-0.5237902865461187
1785583361.7329507,12.155091632999998,-0.5691846843585571
1785583361.7379458,12.160093189999998,-0.6143802904056731
1785583361.7429485,12.165092154999996,-0.6593141952060786
1785583361.7479603,12.170091786,-0.7039969648354161
1785583361.752971,12.175096991999993,-0.7484531706481051
1785583361.757968,12.180093881999994,-0.7925409611357772
1785583361.7629929,12.185093272999993,-0.8363376825092936
1785583361.7683182,12.190131570999995,-0.8801395943970974
1785583361.7732189,12.195123886999994,-0.9231909209085434
1785583361.7780616,12.200107129999992,-0.9657975321861911
1785583361.78316,12.205116982999996,-1.0082444009538547
1785583361.7879076,12.210093114999992,-1.050003290142103
1785583361.7930274,12.215086208999992,-1.0914837542129499
1785583361.7983015,12.220162896000005,-1.1332083322299917
1785583361.8029613,12.225092711999991,-1.1732738640933809
1785583361.8077416,12.230075696,-1.2133017494772325
1785583361.8127615,12.235123493999993,-1.2533513048228606
1785583361.8181386,12.240114292000001,-1.2924377345139257
1785583361.8230789,12.245125664,-1.3311571512877753
1785583361.8280807,12.250098702000003,-1.36904063656396
1785583361.8330986,12.255177296,-1.4071563647444585
1785583361.8379831,12.260094483999993,-1.4434940990972385
1785583361.8429642,12.265092503999995,-1.4798419386211892
1785583361.8479853,12.270093060999997,-1.5155999604024837
1785583361.852961,12.275092544000003,-1.550726426613356
1785583361.8579588,12.280092934999999,-1.585219875532985
1785583361.8629937,12.285091917999992,-1.619049258321075
1785583361.8680074,12.290092974999993,-1.6522230804413869
1785583361.8729649,12.295094883999994,-1.6847179697436352
1785583361.877961,12.300093719000003,-1.7164944749339444
1785583361.8829913,12.305091851,-1.7475543379689635
1785583361.8879542,12.310092389999994,-1.7779026689764386
1785583361.8929582,12.315092206000003,-1.8075065354461517
1785583361.8979495,12.320091949000002,-1.836356683346883
1785583361.9029496,12.325091838999995,-1.864441382762525
1785583361.9079542,12.330092766999996,-1.891752681222087
1785583361.9129527,12.335091398000003,-1.9182602921752003
1785583361.9179528,12.340091825999991,-1.9439739880012874
1785583361.9229515,12.345092160999997,-1.9688719020235697
1785583361.9279468,12.350091792,-1.992939778368743
1785583361.932947,12.355091959999996,-2.016172555694931
1785583361.9379501,12.360092332999997,-2.0385577648227895
1785583361.942947,12.365091464000002,-2.060078799219934
1785583361.9480028,12.370091779999996,-2.080736075188695
1785583361.9529567,12.375092003999995,-2.1005143388233294
1785583361.957952,12.380091653999997,-2.1194025258464
1785583361.9629478,12.385091877999997,-2.1373960027106897
1785583361.9679806,12.390091768999994,-2.1544828391095954
1785583361.972961,12.395093251999995,-2.170661038342944
1785583361.9779506,12.400091754000002,-2.1859083400005086
1785583361.9829628,12.405092607,-2.2002337119973117
1785583361.987953,12.410091515999994,-2.213617656239157
1785583361.992957,12.415091629000003,-2.226062115435333
1785583361.9979527,12.420092779,-2.237559737421355
1785583362.0029528,12.425092429000003,-2.2480989179810202
1785583362.0079513,12.430091839,-2.2576773104912244
1785583362.0129828,12.435092119999993,-2.2662917636646167
1785583362.017979,12.440092140999994,-2.273935461108245
1785583362.0229492,12.445091013999999,-2.2806031762207093
1785583362.0279517,12.450091887,-2.286294990886275
1785583362.0329537,12.455091779,-2.2910037613765044
1785583362.0379508,12.460091540999997,-2.2947275831664
1785583362.0429537,12.465091635999997,-2.2974641283711046
1785583362.0479693,12.470091639000003,-2.2992109029377596
1785583362.0529518,12.475091605000003,-2.299966199028085
1785583362.057951,12.480091995999999,-2.2997286319508623
1785583362.0629485,12.485091740000001,-2.2984974079692093
1785583362.0679686,12.49009178,-2.2962719181704845
1785583362.0729525,12.495091337999995,-2.2930525136939024
1785583362.0779788,12.500092358999993,-2.2888380307122667
1785583362.0829787,12.505091176999997,-2.283632592790045
1785583362.0879495,12.510091993999993,-2.277433132270484
1785583362.0929465,12.515092033999991,-2.270244407886212
1785583362.0979464,12.520091518000001,-2.262068612465378
1785583362.1029515,12.525091520999993,-2.252906547841707
1785583362.1079454,12.530091986999992,-2.2427610098600437
1785583362.1129475,12.535091266999999,-2.231638973600504
1785583362.1179466,12.540091899999993,-2.219538592256661
1785583362.122982,12.545091662000004,-2.206469389213127
1785583362.127949,12.550092109000005,-2.1924320668875628
1785583362.1329513,12.555091352000005,-2.17743722297028
1785583362.1379468,12.560091688,-2.1614835750210912
1785583362.142944,12.565091506000002,-2.144582100946657
1785583362.1479733,12.570092046,-2.126734981773541
1785583362.1529486,12.575091862999997,-2.1079542294052205
1785583362.157944,12.580092218000004,-2.0882424370333266
1785583362.163049,12.585104349999995,-2.0675595971160297
1785583362.167961,12.590094261000004,-2.0460569933805335
1785583362.1729052,12.595091596999993,-2.0236194430754044
1785583362.177914,12.600090248,-2.000280939148024
1785583362.1829538,12.605092120999998,-1.9760407146855539
1785583362.187995,12.610091901000004,-1.9509339880363754
1785583362.1929524,12.615091996999993,-1.9249592934059632
1785583362.1979485,12.620091481000003,-1.8981320886969602
1785583362.2029502,12.625092021,-1.870454268687766
1785583362.2079847,12.630092097000002,-1.8419454472685526
1785583362.2129536,12.635092581999999,-1.8126124009065143
1785583362.2179492,12.640091843999997,-1.7824770225041637
1785583362.2229538,12.645091827999991,-1.7515402082145934
1785583362.2279472,12.650091942000003,-1.719818291467423
1785583362.2329504,12.655091778,-1.6873271387888416
1785583362.2379484,12.660092317999997,-1.6540738808422173
1785583362.242946,12.665091727999993,-1.6200847759509582
1785583362.247969,12.670092174999994,-1.5853594349975886
1785583362.252953,12.675092585000002,-1.5499197698827156
1785583362.2579448,12.680091699000002,-1.513789998002796
1785583362.2629437,12.685091442000001,-1.4769716923276548
1785583362.2679505,12.690091353,-1.4394837612953955
1785583362.2730181,12.695091578000003,-1.4013410179733197
1785583362.2779472,12.700091579999992,-1.362563862909809
1785583362.2829463,12.705091119999992,-1.3231709106390621
1785583362.287949,12.710092529999997,-1.2831604698304027
1785583362.29298,12.715090791999998,-1.2425901423409804
1785583362.2979474,12.720091702000005,-1.2014304987581428
1785583362.3029497,12.725091613000004,-1.1597290840071777
1785583362.307945,12.730092004,-1.1174917371299335
1785583362.312965,12.735092950999999,-1.0747360124769674
1785583362.3179572,12.740093638999994,-1.0314874554821092
1785583362.3228984,12.745088937999995,-0.9878101107069519
1785583362.328099,12.750090737999997,-0.943618969148097
1785583362.33296,12.755090666000001,-0.8990067224771112
1785583362.337985,12.760091965,-0.8539640920703909
1785583362.3429508,12.765091505000001,-0.808539117693925
1785583362.3479881,12.770111322999995,-0.7625495190388295
1785583362.352945,12.775092010999998,-0.716561847768142
1785583362.3579767,12.780111050000002,-0.669881306775306
1785583362.3629484,12.785092053,-0.6232388106078126
1785583362.3679633,12.790092278000003,-0.5761207181818949
1785583362.3729773,12.795094781000003,-0.5287057261234113
1785583362.3781316,12.800091987000002,-0.4810869727276271
1785583362.3829527,12.805092119999998,-0.43320752010116603
1785583362.3879502,12.810092178000005,-0.38511730670242
1785583362.3929474,12.815091662,-0.3368426954147401
1785583362.3979719,12.820092183,-0.2883897544749717
1785583362.4029503,12.825092334000004,-0.23979384607724424
1785583362.4079447,12.830092652000005,-0.19107162693979027
1785583362.4129455,12.835091543999994,-0.1422606144629863
1785583362.4179804,12.840092157,-0.0933521115413289
1785583362.4229496,12.845091771,-0.044394813546975095
1785583362.4279437,12.850091941000002,0.004604322022556489
1785583362.43295,12.855092257999999,0.05
1785583362.4379435,12.860091483000005,0.05
1785583362.4429493,12.865092856000004,0.05
1785583362.4479613,12.870091692999992,0.05
1785583362.4529443,12.875092176999999,0.05
1785583362.4579427,12.880091493999998,0.05
1785583362.4629486,12.885091422999992,0.05
1785583362.4679472,12.890093518,0.05
1785583362.472949,12.895092577,0.05
1785583362.4779449,12.900091282999995,0.05
1785583362.4829533,12.905091786,0.05
1785583362.4879413,12.910091473999998,0.05
1785583362.4929466,12.915092180000002,0.05
1785583362.4979403,12.920090923999993,0.05
1785583362.5030022,12.925091222999995,0.05
1785583362.507953,12.930092669999993,0.05
1785583362.51295,12.935092025000003,0.05
1785583362.517945,12.940091878999993,0.05
1785583362.5229468,12.945091734000002,0.05
1785583362.5279744,12.950091865999994,0.05
1785583362.532948,12.955092090999997,0.05
1785583362.537948,12.960092187,0.05
1785583362.54295,12.965092282,0.05
1785583362.5479717,12.970091951,0.05
1785583362.5529542,12.975092286999995,0.05
1785583362.5579438,12.980092142000004,0.05
1785583362.5629447,12.985092144999996,0.05
1785583362.5679486,12.990091961999994,0.05
1785583362.5729482,12.995092112999998,0.05
1785583362.577945,13.000091634,0.05
1785583362.5829456,13.005091636999992,0.05
1785583362.5879712,13.010091954999993,0.05
1785583362.592978,13.015092179999996,0.05
1785583362.597947,13.020092070999993,0.05
1785583362.6029465,13.025091869999997,0.05
1785583362.6079419,13.030090595000004,0.05
1785583362.6129544,13.035091709,0.05
1785583362.6179461,13.040091675,0.05
1785583362.6229494,13.045092232999991,0.05
1785583362.6279447,13.050090940000004,0.05
1785583362.6329482,13.055091757,0.05
1785583362.6379478,13.060091870999997,0.05
1785583362.642949,13.065091891999998,0.05
1785583362.647966,13.070091246999993,0.05
1785583362.6529531,13.075091935000003,0.05
1785583362.657952,13.080092196999999,0.05
1785583362.6629844,13.085097903000005,0.05
1785583362.6679645,13.090093590999999,0.05
1785583362.6729896,13.095092297999997,0.05
1785583362.6779878,13.100096097000005,0.05
1785583362.6829534,13.105093617999998,0.05
1785583362.6879504,13.110092065000003,0.05
1785583362.69295,13.115091567999997,0.05
1785583362.6979475,13.120091700999993,0.05
1785583362.7029538,13.125092573999993,0.05
1785583362.707944,13.130092242999993,0.05
1785583362.7129493,13.135093005000002,0.05
1785583362.7179518,13.140091712,0.05
1785583362.7229552,13.145092640000001,0.05
1785583362.7279527,13.150092736000005,0.05
1785583362.7329514,13.155091868,0.05
1785583362.7379496,13.160092648999992,0.05
1785583362.7429502,13.165092095999995,0.05
1785583362.7479672,13.170091524,0.05
1785583362.7529788,13.175097285999996,0.05
1785583362.7580032,13.180093103999994,0.05
1785583362.7629638,13.185093328999997,0.05
1785583362.767953,13.190092054000004,0.05
1785583362.7729504,13.195091742000002,0.05
1785583362.7779493,13.200091985,0.05
1785583362.7829857,13.205092024999999,0.05
1785583362.787949,13.210092434999993,0.05
1785583362.7929525,13.215091622999992,0.05
1785583362.7979462,13.220092347999994,0.05
1785583362.8029544,13.225093407000003,0.05
1785583362.8079531,13.23009202,0.05
1785583362.8129494,13.235092855999994,0.05
1785583362.817946,13.240092192999995,0.05
1785583362.8229558,13.245093120999996,0.05
1785583362.8279457,13.250091865000002,0.05
1785583362.8329473,13.255091960000001,0.05
1785583362.8379471,13.260092426,0.05
1785583362.8429747,13.265091614,0.05
1785583362.8479972,13.270092097999992,0.05
1785583362.8529537,13.275093064000004,0.05
1785583362.8579454,13.280092714999995,0.05
1785583362.8629458,13.285092087999999,0.05
1785583362.8679526,13.290092756999996,0.05
1785583362.8729522,13.295092612000005,0.05
1785583362.8779442,13.300092726000003,0.05
1785583362.882971,13.305110264999996,0.05
1785583362.887951,13.310092545999993,0.05
1785583362.8929718,13.315111955999996,0.05
1785583362.8979447,13.320092810999995,0.05
1785583362.9029694,13.325109665,0.05
1785583362.90795,13.330092909000001,0.05
1785583362.9129536,13.335092597,0.05
1785583362.9179502,13.340092636999998,0.05
1785583362.9229496,13.345092601999994,0.05
1785583362.92798,13.350092124,0.05
1785583362.9329512,13.3550927,0.05
1785583362.9379478,13.360092980999994,0.05
1785583362.942949,13.365092558,0.05
1785583362.9479697,13.370092486000004,0.05
1785583362.952992,13.375095025999997,0.05
1785583362.9579573,13.380093918,0.05
1785583362.9629505,13.385092087000004,0.05
1785583362.967969,13.390092775,0.05
1785583362.972956,13.395092332999994,0.05
1785583362.977954,13.400091946999993,0.05
1785583362.9829504,13.405092097999997,0.05
1785583362.9879513,13.410091675000004,0.05
1785583362.9929504,13.415091270000005,0.05
1785583362.9979455,13.420091329000002,0.05
1785583363.0029502,13.425091608999992,0.05
1785583363.0079463,13.430091649999994,0.05
1785583363.0129912,13.435091931999992,0.05
1785583363.0179594,13.440092675999992,0.05
1785583363.022953,13.445091716999997,0.05
1785583363.0279684,13.450093924,0.05
1785583363.0329583,13.455092280000002,0.05
1785583363.0379832,13.460092136,0.05
1785583363.0429482,13.465092028,0.05
1785583363.0479696,13.470091939,0.05
1785583363.0529556,13.475092498999999,0.05
1785583363.0579507,13.480092095000003,0.05
1785583363.0629525,13.485092801999997,0.05
1785583363.0679421,13.490091972999991,0.05
1785583363.072947,13.495091939999995,0.05
1785583363.0779495,13.500092147000004,0.05
1785583363.0829465,13.505092058000002,0.05
1785583363.0879464,13.510091840000001,0.05
1785583363.0929492,13.515091565999995,0.05
1785583363.097977,13.520092014,0.05
1785583363.1029954,13.525092388000004,0.05
1785583363.1079528,13.530092187999998,0.05
1785583363.1129506,13.535091562000005,0.05
1785583363.1179473,13.540092306999995,0.05
1785583363.1229515,13.545091494999994,0.05
1785583363.1279457,13.550092183999993,0.05
1785583363.1329463,13.555092336000001,0.05
1785583363.137949,13.560092544,0.05
1785583363.1429486,13.565091972999994,0.046632641565447136
1785583363.147968,13.570091828999992,-0.004704025782936392
1785583363.1529486,13.575092721999994,-0.056065251478921975
1785583363.1579452,13.580092743999998,-0.10740581894558404
1785583363.1629825,13.585098285,-0.1587656187771887
1785583363.167954,13.590093269999997,-0.20995411781062115
1785583363.1729546,13.595093347999992,-0.26110611807716066
1785583363.1779487,13.600092851,-0.3121378479724318
1785583363.1829545,13.605092485,-0.3630308720466868
1785583363.1879506,13.610093395999996,-0.4137711577451994
1785583363.1929479,13.61509264,-0.4643032677914177
1785583363.197946,13.620092976999999,-0.5146295972357361
1785583363.2029788,13.625092832999997,-0.5647088001785215
1785583363.207944,13.630091984999993,-0.6145133531653472
1785583363.2129467,13.635092432999997,-0.6640378443195821
1785583363.2179444,13.640092604000003,-0.7132414215376938
1785583363.2229793,13.645092329999997,-0.7620974407681178
1785583363.227949,13.650092573999999,-0.8105903760913669
1785583363.23296,13.655093317999999,-0.8586951525191512
1785583363.2379522,13.660092821999996,-0.90637049906814
1785583363.242987,13.665092363,-0.9536042998121611
1785583363.2479699,13.670092478,-1.0003772847429657
1785583363.2529485,13.675091315000003,-1.0466481722531866
1785583363.2579458,13.680092485000003,-1.0924263700778842
1785583363.2629476,13.685092358999995,-1.1376548656170968
1785583363.267959,13.690092899999996,-1.1823281141180264
1785583363.2729537,13.695092867,-1.226411862112247
1785583363.2779431,13.700091685000004,-1.269878461922051
1785583363.2829428,13.705091893000002,-1.312727333182734
1785583363.287947,13.710092173999996,-1.3549245800112137
1785583363.292973,13.715091622999992,-1.3964406811284695
1785583363.297943,13.720091940999993,-1.4372680263308695
1785583363.3029468,13.725092093,-1.4773766097566137
1785583363.3079765,13.730091799999997,-1.5167432512834598
1785583363.3129518,13.735092266999999,-1.555356634829344
1785583363.3179488,13.740092012000005,-1.59318493183923
1785583363.322946,13.745092145000001,-1.6302166073036826
1785583363.3279827,13.750092186000003,-1.6664284012550485
1785583363.332966,13.755092152999993,-1.701801239092283
1785583363.3379838,13.760094859999995,-1.7363354924554657
1785583363.342973,13.765094734000002,-1.7699742690791365
1785583363.3480096,13.770093997000004,-1.8027154072097413
1785583363.3529832,13.775094722999995,-1.8345546707679437
1785583363.3580444,13.780100430000005,-1.8654955105888975
1785583363.3629782,13.785094786000002,-1.895422070108902
1785583363.368038,13.790103678999998,-1.9244722847693596
1785583363.3730206,13.795097904999992,-1.952461061728373
1785583363.3780098,13.800097519000005,-1.979488228814709
1785583363.3829074,13.805091207999993,-2.005478023261801
1785583363.387899,13.810090693999996,-2.0304771972432416
1785583363.392985,13.815095659999997,-2.054466883361077
1785583363.397921,13.820093626999991,-2.0773744422861085
1785583363.4029198,13.825094316000005,-2.0992329952729216
1785583363.4079154,13.830094505000005,-2.120015501763568
1785583363.4130013,13.835096527000005,-2.1397195059347105
1785583363.417931,13.840092900999991,-2.15830562057441
1785583363.42292,13.845093848999994,-2.175801603585259
1785583363.4279158,13.850093575000002,-2.1921760004447237
1785583363.4329143,13.855093652999997,-2.207424754073482
1785583363.4379277,13.860092472000005,-2.221534327354407
1785583363.4429183,13.865093845999994,-2.234506681455695
1785583363.4479332,13.870091961,-2.2463192022340372
1785583363.452915,13.875092093999996,-2.256977596988929
1785583363.4579418,13.880098782999994,-2.2664819374242526
1785583363.462923,13.885093509,-2.2747929557641613
1785583363.467915,13.890090716000003,-2.2819326178402592
1785583363.472916,13.895092238999993,-2.2878963422948604
1785583363.4779162,13.900092539,-2.2926722294017017
1785583363.4829204,13.905093523999994,-2.2962587044845466
1785583363.4879222,13.910092786999996,-2.298651439411262
1785583363.4929101,13.915093087000002,-2.299849644545381
1785583363.4979184,13.920093312999995,-2.2998509729405296
1785583363.5029206,13.925093316999991,-2.298654417417651
1785583363.507909,13.930092338999998,-2.296260103234787
1785583363.5129745,13.935097045999996,-2.2926632824715982
1785583363.5179691,13.940094161000005,-2.28787494550462
1785583363.5229514,13.945090738999994,-2.2818926407985805
1785583363.5279174,13.950095058000002,-2.2747058936359816
1785583363.532908,13.955092506,-2.2663380235048014
1785583363.5379124,13.96009325,-2.256776561408138
1785583363.5429146,13.965092568999992,-2.2460337708733693
1785583363.547959,13.970093590999994,-2.2341073653741796
1785583363.5529132,13.975092427999996,-2.2210119450284624
1785583363.5579116,13.980092616999997,-2.2067443213926268
1785583363.5629094,13.985092249999994,-2.1913160662990636
1785583363.5679464,13.990093290999994,-2.1747278535358356
1785583363.5729163,13.995092775999993,-2.156997213885776
1785583363.57791,14.000092428000002,-2.138126778534984
1785583363.5829718,14.005097727999996,-2.1181027667742955
1785583363.5879698,14.010094342999992,-2.0969930334758997
1785583363.592922,14.015088754000004,-2.0747839304815323
1785583363.597917,14.020091461999996,-2.0514374272115203
1785583363.6029143,14.025092243000003,-2.0270104330973244
1785583363.6079056,14.030093246999996,-2.0015048986869575
1785583363.6129405,14.035091176999998,-1.9749510292435044
1785583363.6179116,14.040092458000004,-1.9473276616238726
1785583363.622912,14.045092166000003,-1.9186750668820653
1785583363.6279094,14.050092855000003,-1.8889930037730227
1785583363.632931,14.055093339999999,-1.858303043127384
1785583363.6379123,14.060092639999993,-1.826626954049629
1785583363.6429095,14.065093051000005,-1.7939660930472123
1785583363.6479292,14.070093055000001,-1.7603465940424754
1785583363.6529434,14.075092983999994,-1.7257833250400556
1785583363.6579142,14.080093988000002,-1.6902855490607513
1785583363.662927,14.085093361999995,-1.6538906296347937
1785583363.6679122,14.090093050999997,-1.6166032847729273
1785583363.6729128,14.095093296000002,-1.5784405090377704
1785583363.6779194,14.100093521999995,-1.5394260710037484
1785583363.6829116,14.105092822000003,-1.4995872878187708
1785583363.6879117,14.110093121999995,-1.4589292707499437
1785583363.6929092,14.115092570000002,-1.4174879808390035
1785583363.6979158,14.120093202999996,-1.3752678544891104
1785583363.7029707,14.125095002999998,-1.332290358084798
1785583363.7079647,14.130094413999998,-1.2886085973799355
1785583363.7129157,14.135091547999991,-1.2442452815773812
1785583363.7179174,14.140091976999997,-1.1991738288040183
1785583363.7231102,14.145093222,-1.1534392612040834
1785583363.7279155,14.150091188999994,-1.1071033835142237
1785583363.7329278,14.155093117999996,-1.060123225712961
1785583363.7380009,14.160092659,-1.0125827768912175
1785583363.742921,14.165093217999996,-0.9644748799361148
1785583363.7479339,14.170092480999998,-0.915847160558979
1785583363.752913,14.175093355000001,-0.8666969459412207
1785583363.7579095,14.180092247999994,-0.8170855474463352
1785583363.7629147,14.185092252000004,-0.767008659249774
1785583363.767908,14.190092551999996,-0.7165007965779027
1785583363.7729125,14.195092536999994,-0.6655949496659538
1785583363.7779083,14.200092392999991,-0.6143163496173455
1785583363.7829266,14.205092545,-0.5626879353624893
1785583363.787915,14.21009377,-0.510729099144435
1785583363.7929626,14.215094237000002,-0.45848660343116726
1785583363.7979672,14.220094333999995,-0.40598445793792515
1785583363.802969,14.225095689,-0.35323365791375216
1785583363.8079112,14.230093674000003,-0.30031146586361723
1785583363.8129122,14.235092918999996,-0.2471974423586812
1785583363.8179116,14.240092662999999,-0.1939281784723116
1785583363.8229132,14.245093444999995,-0.1405266029981879
1785583363.8279178,14.250093911999997,-0.0870359906393492
1785583363.8329096,14.255093470999995,-0.03349165636365282
1785583363.8379097,14.260093177999991,0.02008868224323244
1785583363.8429189,14.265093163000003,0.05
1785583363.8479292,14.270092555999994,0.05
1785583363.8529077,14.275093134000002,0.05
1785583363.8579118,14.280092377999992,0.05
1785583363.862937,14.285092586000005,0.05
1785583363.867941,14.290091312000001,0.05
1785583363.8729117,14.295092166999993,0.05
1785583363.8779097,14.300092097000004,0.05
1785583363.8829343,14.305092656,0.05
1785583363.8879108,14.310093159999994,0.05
1785583363.892913,14.315092718999992,0.05
1785583363.897973,14.320094667999996,0.05
1785583363.902971,14.325094374999992,0.05
1785583363.9079118,14.330093379000004,0.05
1785583363.9129128,14.335093642000004,0.05
1785583363.9179122,14.340093127000003,0.05
1785583363.9229078,14.345092315999992,0.05
1785583363.9279127,14.350092227000005,0.05
1785583363.9329245,14.355093100999994,0.05
1785583363.9379086,14.360092511999994,0.05
1785583363.942907,14.365091441999994,0.05
1785583363.9479551,14.370092241999998,0.05
1785583363.9529135,14.375089672000001,0.05
1785583363.9579105,14.380090842000001,0.05
1785583363.9629078,14.385098697999993,0.05
1785583363.967937,14.390092479000003,0.05
1785583363.972908,14.395099278999993,0.05
1785583363.9779093,14.400091950000004,0.05
1785583363.9829068,14.405092100999994,0.05
1785583363.987908,14.410092363999993,0.05
1785583363.992927,14.415095127,0.05
1785583363.9979422,14.420093093999995,0.05
1785583364.0029218,14.425090616999995,0.05
1785583364.007921,14.430092066,0.05
1785583364.0129158,14.435092847999996,0.05
1785583364.0179126,14.440092167999993,0.05
1785583364.022912,14.445092617,0.05
1785583364.027909,14.450092343999998,0.05
1785583364.0329387,14.455092311000001,0.05
1785583364.0379267,14.460090631,0.05
1785583364.0429153,14.465092247000001,0.05
1785583364.0479321,14.470092936,0.05
1785583364.0529416,14.475091551999995,0.05
1785583364.0579398,14.480093445999998,0.05
1785583364.0629108,14.485093136000003,0.05
1785583364.0679119,14.490092344000004,0.05
1785583364.0729368,14.495092514999996,0.05
1785583364.0779214,14.500093593999992,0.05
1785583364.0829136,14.505093062,0.05
1785583364.0879118,14.510092639999996,0.05
1785583364.0929086,14.515092977999998,0.05
1785583364.0979147,14.520093261,0.05
1785583364.102909,14.525091098999994,0.05
1785583364.1079135,14.530092565999993,0.05
1785583364.1129103,14.535093274999994,0.05
1785583364.1179547,14.540092891,0.05
1785583364.1229417,14.545093284000004,0.05
1785583364.1279156,14.550093732999997,0.05
1785583364.132908,14.555093329999991,0.05
1785583364.13801,14.560094871999993,0.05
1785583364.1429691,14.565094357999996,0.05
1785583364.1479373,14.570090252,0.05
1785583364.1529121,14.575091181999994,0.05
1785583364.1579137,14.580092928,0.05
1785583364.1629264,14.585094858000005,0.05
1785583364.1679153,14.590092862999995,0.05
1785583364.1729152,14.595093405,0.05
1785583364.1779141,14.600092891000003,0.05
1785583364.1829123,14.605092896000002,0.05
1785583364.1879148,14.610092604000002,0.05
1785583364.1929107,14.615093219999991,0.05
1785583364.197913,14.620093686999994,0.05
1785583364.202943,14.625090266,0.05
1785583364.2079158,14.630092993000005,0.05
1785583364.2129056,14.635092368000002,0.05
1785583364.2179105,14.640092447,0.05
1785583364.2229402,14.645092043999995,0.05
1785583364.2279112,14.650092493000002,0.05
1785583364.232924,14.655092312999997,0.05
1785583364.237917,14.660091151000003,0.05
1785583364.242907,14.665093302999992,0.05
1785583364.2479336,14.670093140999995,0.05
1785583364.2529135,14.675091645999998,0.05
1785583364.2579107,14.680092853999994,0.05
1785583364.2629123,14.685092062999999,0.05
1785583364.2679126,14.690092753000002,0.05
1785583364.272908,14.695092404999997,0.05
1785583364.2779126,14.700092873000003,0.05
1785583364.2829075,14.705092284999992,0.05
1785583364.2879527,14.71009266,0.05
1785583364.292918,14.715092646000002,0.05
1785583364.2979121,14.720092984000004,0.05
1785583364.3029087,14.725090452000003,0.05
1785583364.3079393,14.730093159999996,0.05
1785583364.3129318,14.735092257999995,0.05
1785583364.3179193,14.740093002999998,0.05
1785583364.3229973,14.745099619000001,0.05
1785583364.3277936,14.750084994000005,0.05
1785583364.3327754,14.755082497999993,0.05
1785583364.3379872,14.760096521999998,0.05
1785583364.3429692,14.765094266999995,0.05
1785583364.3479877,14.770094697999994,0.05
1785583364.3529758,14.775095683999993,0.05
1785583364.3579538,14.780096559,0.05
1785583364.3629124,14.785093618999994,0.05
1785583364.3679128,14.790092809,0.05
1785583364.3729434,14.795092757999996,0.05
1785583364.3779435,14.800093410999992,0.05
1785583364.382911,14.805093064000005,0.05
1785583364.3879175,14.810092920000002,0.05
1785583364.3929436,14.815093016999995,0.05
1785583364.3979127,14.820092892000005,0.05
1785583364.402909,14.825091322999995,0.05
1785583364.4079094,14.830092456999992,0.05
1785583364.4129086,14.835092665999994,0.05
1785583364.417914,14.840092892000001,0.05
1785583364.4229417,14.845097416000002,0.05
1785583364.4279175,14.850094197999994,0.05
1785583364.4329088,14.855093480999997,0.05
1785583364.4379199,14.860094504000003,0.05
1785583364.442914,14.865093600999998,0.05
1785583364.4479325,14.870092735,0.05
1785583364.452913,14.87509061,0.05
1785583364.457963,14.880092873999999,0.05
1785583364.4629157,14.885092509000003,0.05
1785583364.4679148,14.890092717000002,0.05
1785583364.4729133,14.895092203000004,0.05
1785583364.4779396,14.900093503999997,0.05
1785583364.482908,14.905092656999997,0.05
1785583364.487918,14.910092902000002,0.05
1785583364.4929125,14.915092591999993,0.045389141134729194
1785583364.4979143,14.920092467000003,-0.010337421332747204
1785583364.502976,14.925094879,-0.06610244374465443
1785583364.5079732,14.930095327999993,-0.1218229823561911
1785583364.5129113,14.935093370000004,-0.17746133770767147
1785583364.5179121,14.940092449000005,-0.23302307954552187
1785583364.5229125,14.945093009000004,-0.28848027028803647
1785583364.5279055,14.950092662000003,-0.34377362409067325
1785583364.5329204,14.955091628999995,-0.3988729299445005
1785583364.537914,14.960093004,-0.4537795047037464
1785583364.5429108,14.965093065000005,-0.5084198120640583
1785583364.5479317,14.970093031999994,-0.5627747918580297
1785583364.552908,14.975090277999996,-0.6167837838326643
1785583364.557907,14.980092282000001,-0.6704951825199047
1785583364.562913,14.985093027999994,-0.7238119338453345
1785583364.5679352,14.990092477000005,-0.7767020170423374
1785583364.5729074,14.995092185000004,-0.8291503299519952
1785583364.5779083,15.000091560000001,-0.8811192032423439
1785583364.5829384,15.005092693999998,-0.9325989287502071
1785583364.5879104,15.010098384000003,-0.9835862812653465
1785583364.5929153,15.015092981999999,-1.033892246475641
1785583364.5979111,15.020099004999992,-1.0837130924775389
1785583364.6029356,15.025090508999995,-1.132761146389667
1785583364.6079113,15.030091791999993,-1.1812463063477787
1785583364.6129084,15.035091684999998,-1.2290292239868363
1785583364.6179092,15.040092393999998,-1.2761020354614114
1785583364.62292,15.045092732,-1.3224247956676176
1785583364.6279035,15.050093365999999,-1.367975425993906
1785583364.6329162,15.055093537000005,-1.412719203122797
1785583364.6378965,15.060092597999997,-1.4566233198458718
1785583364.6428947,15.065092213,-1.4996755891917322
1785583364.647916,15.070092680999991,-1.5418517495871753
1785583364.6528945,15.075090223000004,-1.5830945156485723
1785583364.6578898,15.080092356999998,-1.6234399899042964
1785583364.662998,15.085101436000002,-1.6628788734180313
1785583364.6680067,15.090094644000004,-1.7012097036528944
1785583364.672905,15.095091629999999,-1.7385630702079091
1785583364.6779008,15.100093893999997,-1.7749241651415197
1785583364.682899,15.105093232000002,-1.810209927456012
1785583364.6879234,15.110093754999994,-1.8444278186210155
1785583364.692955,15.115097352999996,-1.8775678824822066
1785583364.6979544,15.120095135,-1.909551283501894
1785583364.7029085,15.125091768999994,-1.9403900473026725
1785583364.7078986,15.130094107000005,-1.9701053504687254
1785583364.7129014,15.135092389999997,-1.998619773144253
1785583364.7179,15.140093746000005,-2.0259561178368863
1785583364.7228963,15.145092750999993,-2.052066977127621
1785583364.727895,15.150092052000005,-2.0769501306938487
1785583364.7328968,15.155092667999995,-2.100593974860741
1785583364.7378979,15.160093301999993,-2.1229765238769387
1785583364.7428944,15.165092509999994,-2.144077239319792
1785583364.7479095,15.170092014999994,-2.1638899706033685
1785583364.752949,15.175092612,-2.1824042320080514
1785583364.7579021,15.180092524000003,-2.1996009575130966
1785583364.762902,15.185092158999993,-2.2154703833148637
1785583364.7678938,15.190092292999992,-2.230004124678051
1785583364.7729042,15.195091000999994,-2.24318699935478
1785583364.7779052,15.200093023999997,-2.255021582596903
1785583364.7829003,15.205093492000003,-2.265487284034212
1785583364.7878962,15.210092867,-2.27457862447468
1785583364.792891,15.215092724000002,-2.2822920140208622
1785583364.7979016,15.220093820999992,-2.2886220311272667
1785583364.8029006,15.225091473999996,-2.293558624597227
1785583364.8078945,15.230093256000004,-2.297104786118025
1785583364.8128922,15.235092186999992,-2.2992516757176746
1785583364.817928,15.240092043000004,-2.299999212868691
1785583364.8229222,15.245092936999995,-2.299344930807626
1785583364.8278973,15.250092460000005,-2.297288479645384
1785583364.832903,15.255092816000001,-2.293829230061158
1785583364.837893,15.260092487999998,-2.288969077304006
1785583364.842956,15.265095974000005,-2.2827041023184753
1785583364.8479722,15.270094792999998,-2.275047909966628
1785583364.8529038,15.275091205999999,-2.2660034835721703
1785583364.8578918,15.280091673000001,-2.255562784008572
1785583364.8629208,15.285092399999996,-2.2437371395004826
1785583364.8678935,15.290092533999996,-2.230534766993043
1785583364.8728921,15.295092686999993,-2.215961203775599
1785583364.877891,15.300092229,-2.2000262957190717
1785583364.8828905,15.305092103999996,-2.1827357630102893
1785583364.8879206,15.310092979000004,-2.1640962215432333
1785583364.892951,15.315096464999996,-2.1441105267793192
1785583364.8979545,15.320094432999994,-2.1228234518700386
1785583364.902901,15.325090770999992,-2.100233229413894
1785583364.907899,15.330092293999996,-2.0763204422079684
1785583364.9128904,15.335092427999996,-2.0511286590345374
1785583364.9178944,15.340092544,-2.0246659462057366
1785583364.9229543,15.345094734,-1.996935694761917
1785583364.927986,15.350092830999998,-1.9679888793125062
1785583364.9329112,15.355092262,-1.9378119095484763
1785583364.9378984,15.360092358999992,-1.9064256818310723
1785583364.942892,15.365092438000005,-1.87385262754392
1785583364.9479403,15.370092256999996,-1.840113554349255
1785583364.9528964,15.375091464999997,-1.8052310134136864
1785583364.957894,15.380092452,-1.7692085541284739
1785583364.9629447,15.385095123,-1.7320670649821948
1785583364.9679482,15.390094331,-1.6938674231987294
1785583364.9729264,15.395094002999997,-1.6546033690152522
1785583364.977894,15.400093210999998,-1.6143056460650749
1785583364.9828916,15.405091937999998,-1.5729988138436568
1785583364.9878924,15.410093109000002,-1.5306829169418963
1785583364.9929411,15.415093631999994,-1.4874090508246882
1785583364.9979565,15.420094321999997,-1.4431964069148069
1785583365.0029333,15.425095030999998,-1.3980729677628523
1785583365.0078952,15.430093072999995,-1.3520909990994643
1785583365.0129302,15.435092264000005,-1.305243690086683
1785583365.0178986,15.440092992000004,-1.2575551994087582
1785583365.0228906,15.445092422999991,-1.2090815294245
1785583365.0278919,15.450092576999992,-1.1598328117708658
1785583365.0329316,15.455092471,-1.1098487218618927
1785583365.0379477,15.460095088000003,-1.0591295282447482
1785583365.0429475,15.465094296999993,-1.0077686319264305
1785583365.047911,15.470092710000003,-0.955771593044604
1785583365.0528905,15.475090475000002,-0.9031691228068182
1785583365.057901,15.480093314000001,-0.8499326381340994
1785583365.0628946,15.485093355999993,-0.7961783582489015
1785583365.067893,15.490092861999997,-0.7419157607246548
1785583365.0728905,15.495092459999995,-0.687171697366171
1785583365.0779188,15.500093187999994,-0.6319685883133231
1785583365.082895,15.505093989999992,-0.5763522279118265
1785583365.0879462,15.510094605999996,-0.5203601286457817
1785583365.0929465,15.515094407999996,-0.4640343179879698
1785583365.0979018,15.520093357999997,-0.40741052672209815
1785583365.1028962,15.525091141000004,-0.3505278618036547
1785583365.107886,15.530092850999992,-0.2933637362474984
1785583365.1128893,15.535092707999993,-0.23601987398754345
1785583365.1181674,15.540095010000002,-0.17848296505942077
1785583365.1229532,15.545094534,-0.1208492496830291
1785583365.127895,15.550093391000004,-0.06313078652404033
1785583365.1329062,15.555092582,-0.0053523909749026806
1785583365.1379316,15.560092975999993,0.05
1785583365.142936,15.565093610999995,0.05
1785583365.1479778,15.570095487000003,0.05
1785583365.1529512,15.575095160000004,0.05
1785583365.1579244,15.580093332000004,0.05
1785583365.1629093,15.585094021999993,0.05
1785583365.1678925,15.590092842999994,0.05
1785583365.1728883,15.595092292999993,0.05
1785583365.1778908,15.600092187000001,0.05
1785583365.1828935,15.605092137,0.05
1785583365.1878953,15.610092938999998,0.05
1785583365.1928875,15.615091499999991,0.05
1785583365.1978922,15.620092745999997,0.05
1785583365.2029037,15.625091307000005,0.05
1785583365.2079499,15.630094460999999,0.05
1785583365.2129502,15.635101910999992,0.05
1785583365.2179008,15.640091304999999,0.05
1785583365.2229228,15.645098458999996,0.05
1785583365.2278943,15.650093224000003,0.05
1785583365.2328873,15.655092377999992,0.05
1785583365.237896,15.660092308999992,0.05
1785583365.242919,15.665091778000004,0.05
1785583365.2479353,15.670096689999994,0.05
1785583365.2528982,15.675091252000001,0.05
1785583365.2579517,15.680097183,0.05
1785583365.2629466,15.685094726000003,0.05
1785583365.267903,15.690090619999992,0.05
1785583365.272901,15.695092884999994,0.05
1785583365.2778955,15.700093445999997,0.05
1785583365.282893,15.705092933000003,0.05
1785583365.2879522,15.710097624,0.05
1785583365.292948,15.715095054999992,0.05
1785583365.2979064,15.720091264000004,0.05
1785583365.3028946,15.725090714000004,0.05
1785583365.3079252,15.730092627000005,0.05
1785583365.3128967,15.735093798999998,0.05
1785583365.3178976,15.740091359999994,0.05
1785583365.3228922,15.745093050999998,0.05
1785583365.3279943,15.750097037999993,0.05
1785583365.3329766,15.755095118,0.05
1785583365.337905,15.760090383000005,0.05
1785583365.342891,15.765092887999998,0.05
1785583365.347912,15.770092985999995,0.05
1785583365.3528957,15.775090844000005,0.05
1785583365.3579044,15.780094534,0.05
1785583365.3628912,15.785092946999995,0.05
1785583365.3679457,15.790094916000001,0.05
1785583365.372986,15.795095254999993,0.05
1785583365.3779185,15.800090611999991,0.05
1785583365.3828979,15.805093339999999,0.05
1785583365.3878984,15.810093049000002,0.05
1785583365.3929255,15.815091979999991,0.05
1785583365.3979208,15.820093856,0.05
1785583365.402954,15.825093768999992,0.05
1785583365.4079015,15.830091589999995,0.05
1785583365.4129233,15.835093040000004,0.05
1785583365.417896,15.840093064000001,0.05
1785583365.42289,15.845092605999994,0.05
1785583365.4279466,15.850094611999992,0.05
1785583365.4329615,15.855093784000005,0.05
1785583365.4379199,15.860091640999997,0.05
1785583365.4428973,15.865092535999992,0.05
1785583365.4479136,15.870091523,0.05
1785583365.4528883,15.875090121,0.05
1785583365.4578984,15.880092496999993,0.05
1785583365.462892,15.885092686999997,0.05
1785583365.467981,15.890095970999994,0.05
1785583365.4729514,15.895094401999998,0.05
1785583365.4779415,15.900094686000003,0.05
1785583365.4828959,15.905093746999995,0.05
1785583365.4878883,15.910092566999992,0.05
1785583365.4928927,15.915092923999993,0.05
1785583365.4980028,15.920096540999992,0.05
1785583365.5029676,15.925095158000005,0.05
1785583365.5079024,15.930094478000001,0.05
1785583365.5129023,15.935093483000003,0.05
1785583365.517895,15.940092859000004,0.05
1785583365.5228984,15.945092716999994,0.05
1785583365.527895,15.950093221999992,0.05
1785583365.5328927,15.955092375999996,0.05
1785583365.5378928,15.960092511,0.05
1785583365.5428948,15.965092775999992,0.05
1785583365.5479329,15.970093040999998,0.05
1785583365.5529494,15.975094267999992,0.05
1785583365.5579462,15.980094995999991,0.05
1785583365.562921,15.985092593999994,0.05
1785583365.5678957,15.990092599999997,0.05
1785583365.5728915,15.995092587000002,0.05
1785583365.5779164,16.000092537,0.05
1785583365.5829763,16.005094431000003,0.05
1785583365.5879774,16.010094881,0.05
1785583365.5928936,16.015092627,0.05
1785583365.5978909,16.020092707000003,0.05
1785583365.602888,16.025091082999992,0.05
1785583365.6078992,16.030093459,0.05
1785583365.6129496,16.035094334999997,0.05
1785583365.6179512,16.040095339999993,0.05
1785583365.6228938,16.045093456999993,0.05
1785583365.6278985,16.050093517999997,0.05
1785583365.6328921,16.055092746,0.05
1785583365.6378944,16.060091158999995,0.05
1785583365.6428912,16.065092331000002,0.05
1785583365.64794,16.070092429,0.05
1785583365.6529734,16.07509523099999,0.05
1785583365.6579585,16.080095125,0.05
1785583365.6629043,16.085093001000004,0.05
1785583365.6679347,16.090092135999996,0.05
1785583365.6729398,16.095093789999993,0.05
1785583365.6779299,16.100093481000002,0.05
1785583365.6829264,16.105092096999996,0.05
1785583365.687924,16.110092288000004,0.05
1785583365.6929235,16.115092848999993,0.05
1785583365.697928,16.120092483999997,0.05
1785583365.7029247,16.125093119,0.05
1785583365.7079215,16.130092866,0.05
1785583365.7129238,16.135092204999992,0.05
1785583365.7179222,16.140092265999996,0.05
1785583365.722918,16.145092122999998,0.05
1785583365.7279215,16.150092220999994,0.05
1785583365.7329695,16.155092170999993,0.05
1785583365.7379267,16.160093231999994,0.05
1785583365.7429178,16.165092478999995,0.05
1785583365.747962,16.170112001999996,-0.0020657985593369754
1785583365.75297,16.175092840999994,-0.06164086973997686
1785583365.7579682,16.180113773000002,-0.1216698195520953
1785583365.7629287,16.185092240999992,-0.18112536975126134
1785583365.7679424,16.190109969000005,-0.24094289470126568
1785583365.7729182,16.195092067000004,-0.3001892116949747
1785583365.7779305,16.200092850999994,-0.3594706017044616
1785583365.7829301,16.205093652000002,-0.41852436282308186
1785583365.787921,16.210092916999997,-0.4772919906546865
1785583365.792925,16.215092219,-0.5357519649821909
1785583365.7979224,16.220091983999993,-0.5938692415044449
1785583365.802918,16.225092452,-0.6516066778990891
1785583365.8079169,16.230091754,-0.7089031588428991
1785583365.8129387,16.235092777999995,-0.765752341695995
1785583365.818097,16.240093969,-0.822097169496502
1785583365.8229358,16.245093623000002,-0.8778798453871404
1785583365.8279266,16.250093109999995,-0.9330774574435728
1785583365.8329234,16.255092762999993,-0.9876555552443219
1785583365.837924,16.260092823999997,-1.041578913016664
1785583365.8429449,16.265092144999997,-1.0947978619085226
1785583365.847943,16.270092575999996,-1.1472950787347789
1785583365.852923,16.27509196999999,-1.1990115284745053
1785583365.8579516,16.280091717000005,-1.2499257461305586
1785583365.8629203,16.285091758999997,-1.3000014824342305
1785583365.8679209,16.290092802000004,-1.3492104923111945
1785583365.872922,16.295092158999992,-1.3974920969073394
1785583365.8779528,16.300091942999998,-1.4448332076425525
1785583365.882922,16.305091985000004,-1.4911987922366092
1785583365.8879158,16.310092304999998,-1.5365562621923965
1785583365.892915,16.315092421999992,-1.5808692659898107
1785583365.8979206,16.320091761,-1.624101732206246
1785583365.902923,16.32509174799999,-1.666235445523842
1785583365.9079578,16.330092068,-1.7072375514357596
1785583365.9129589,16.335094869999992,-1.7470955501509045
1785583365.9179296,16.340093171999996,-1.7857261541970044
1785583365.9229238,16.345092973999996,-1.8231492278832515
1785583365.9279234,16.350093387,-1.859330563482396
1785583365.9329224,16.355092059,-1.894227619041186
1785583365.9379215,16.360092435,-1.9278393469120332
1785583365.9429696,16.365092513999997,-1.9601274980761696
1785583365.9479465,16.370092946,-1.9910728731709353
1785583365.9529266,16.375092525,-2.0206457412608336
1785583365.957921,16.380091624000002,-2.048827308576281
1785583365.9629471,16.385091907000003,-2.07560604181704
1785583365.9679172,16.390092393999993,-2.100956429336014
1785583365.9729238,16.395092140000003,-2.124855201716273
1785583365.9779222,16.40009270099999,-2.1472920314709256
1785583365.9829154,16.405091835999997,-2.168240400007377
1785583365.9879234,16.410092823,-2.1876981206613757
1785583365.9929237,16.41509260699999,-2.205638305422141
1785583365.9979224,16.420091594,-2.2220496456216723
1785583366.0029204,16.425091191999996,-2.2369242184415503
1785583366.007951,16.430092254,-2.2502520201753438
1785583366.01292,16.435092389999994,-2.262015912723544
1785583366.0179198,16.440092543999995,-2.2722090980995877
1785583366.02292,16.445091939999998,-2.280821983876603
1785583366.0279164,16.450091224000005,-2.287848826783895
1785583366.0329356,16.455092636999993,-2.293285640855293
1785583366.0379295,16.460092199,-2.297122896312063
1785583366.0429175,16.465091705999995,-2.299358924441769
1785583366.0479379,16.470092156999996,-2.2999908974411114
1785583366.0529206,16.475092125999993,-2.2990166832831864
1785583366.0579202,16.480091983999998,-2.296435887310563
1785583366.0629222,16.485092064,-2.2922487998620036
1785583366.0679188,16.490091903999996,-2.2864574576700614
1785583366.072949,16.495091243999994,-2.279065285082509
1785583366.0779254,16.500092787,-2.270071363174863
1785583366.0829177,16.505092534,-2.2594877090908847
1785583366.0879285,16.510093280999996,-2.2473149318564256
1785583366.092922,16.515092788000004,-2.233565865488686
1785583366.0979497,16.520092793999993,-2.2182444655544136
1785583366.1029222,16.525092651999998,-2.2013620511040872
1785583366.107918,16.530092398999997,-2.182929230899513
1785583366.1129208,16.53509238699999,-2.162956365197463
1785583366.1179523,16.540091985999993,-2.1414588552430622
1785583366.1229262,16.545092269999998,-2.118445858758507
1785583366.1279185,16.550092738999993,-2.0939342804299006
1785583366.1329157,16.555091616,-2.0679495292365124
1785583366.1379514,16.560092733999994,-2.0404885347826154
1785583366.1429174,16.565091609999996,-2.011594102637562
1785583366.1479375,16.570091598000005,-1.9812665741750366
1785583366.1529164,16.575091919000002,-1.9495303308986678
1785583366.1579225,16.580091611,-1.9164128977039625
1785583366.1629584,16.58509267299999,-1.8819230374951659
1785583366.1679363,16.590093198000005,-1.846096867922293
1785583366.1729255,16.595092351999995,-1.8089654056085158
1785583366.1779246,16.600092024999995,-1.7705401856088967
1785583366.1829267,16.605092475999996,-1.7308449076490808
1785583366.1879234,16.610092538000004,-1.6899158124870937
1785583366.192916,16.615092081,-1.6477823335757629
1785583366.1979213,16.620092420999995,-1.6044622126375987
1785583366.2029557,16.625091575,-1.5600025666562696
1785583366.2079217,16.630092582000003,-1.5144068112908464
1785583366.2129173,16.635091884000005,-1.4677388337484483
1785583366.2179172,16.640092316999997,-1.420004669108184
1785583366.2229528,16.645092766999994,-1.3712477067977515
1785583366.2279193,16.650092513999994,-1.3215090626384514
1785583366.232918,16.655093206000004,-1.270806912718536
1785583366.2379165,16.660092046000003,-1.2192052242070341
1785583366.242921,16.665091719000003,-1.1667126142325133
1785583366.2479417,16.670092335999996,-1.113364190655742
1785583366.2529206,16.675091361,-1.059224555439996
1785583366.2579236,16.680092181999996,-1.0042949938559464
1785583366.2629185,16.685091892000003,-0.9486458982732899
1785583366.2679172,16.690092491,-0.8922942611234048
1785583366.2729177,16.695091831,-0.8353041019221839
1785583366.2779193,16.70009209599999,-0.7776908539173281
1785583366.2829165,16.705091750999998,-0.7195128958446222
1785583366.287929,16.710091664999993,-0.6608013921198801
1785583366.2929242,16.715092467000005,-0.6015904390302531
1785583366.2979205,16.720091807000003,-0.5419500007232936
1785583366.3029175,16.725092146999998,-0.4818932076577962
1785583366.3079433,16.730092467999995,-0.42147496815930346
1785583366.3129284,16.735092973999997,-0.3607359100151662
1785583366.3179185,16.740092090999994,-0.29973864290250374
1785583366.3229182,16.745092005000004,-0.23850017720860683
1785583366.3279023,16.750090919,-0.17708638060063397
1785583366.33289,16.755091666,-0.11550646314851346
1785583366.3379216,16.760095320999994,-0.053791263779909816
1785583366.3429172,16.765093215999997,0.00790787694915102
1785583366.3479867,16.770092092,0.05
1785583366.3529453,16.775092987999997,0.05
1785583366.3579257,16.780093013,0.05
1785583366.362943,16.785110962999994,0.05
1785583366.367909,16.790092024999993,0.05
1785583366.3729367,16.795110050000005,0.05
1785583366.3779175,16.800092112,0.05
1785583366.3829138,16.805091933,0.05
1785583366.3879197,16.810091810000003,0.05
1785583366.392918,16.815091593999995,0.05
1785583366.3979182,16.820092860000003,0.05
1785583366.4029174,16.825092958,0.05
1785583366.4079325,16.830092945999994,0.05
1785583366.412947,16.835091379000005,0.05
1785583366.4179468,16.840092310999992,0.05
1785583366.422921,16.845092520999998,0.05
1785583366.427917,16.85009271199999,0.05
1785583366.4329424,16.855092107999994,0.05
1785583366.4379256,16.860092261999995,0.05
1785583366.442919,16.865092491,0.05
1785583366.4479349,16.87009159,0.05
1785583366.452915,16.875091337,0.05
1785583366.457922,16.880092231999996,0.05
1785583366.462914,16.885092256999997,0.05
1785583366.467916,16.890092003999996,0.05
1785583366.4729247,16.895091898999993,0.05
1785583366.4779203,16.900092165000004,0.05
1785583366.4829144,16.905092208,0.05
1785583366.487917,16.910092028999998,0.05
1785583366.4929175,16.915091720999996,0.05
1785583366.4979484,16.920092709000002,0.05
1785583366.5029209,16.925091769999995,0.05
1785583366.5079155,16.930092703,0.05
1785583366.513124,16.935091857000003,0.05
1785583366.5179641,16.940093974999996,0.05
1785583366.522924,16.945092351,0.05
1785583366.527922,16.950092042999998,0.05
1785583366.5329158,16.955092123,0.05
1785583366.537924,16.960091926000004,0.05
1785583366.5429232,16.96509152499999,0.05
1785583366.5479417,16.970091994,0.05
1785583366.5529144,16.97509185199999,0.05
1785583366.5579188,16.980092228999993,0.05
1785583366.5629158,16.985092421000004,0.05
1785583366.567916,16.990092112,0.05
1785583366.5729165,16.99509267399999,0.05
1785583366.5779202,17.000091736,0.05
1785583366.5829473,17.005091983,0.05
1785583366.5879219,17.010091508000002,0.05
1785583366.592916,17.015091643999995,0.05
1785583366.5979154,17.020091797999996,0.05
1785583366.602948,17.025091731000003,0.05
1785583366.6079438,17.030092681,0.05
1785583366.6129196,17.03509228,0.05
1785583366.6179242,17.04009256399999,0.05
1785583366.6229177,17.045091811999995,0.05
1785583366.627923,17.050092151,0.05
1785583366.6329403,17.055092454000004,0.05
1785583366.637921,17.060091997,0.05
1785583366.642914,17.065092300000003,0.05
1785583366.6479425,17.070092214,0.05
1785583366.6529162,17.075092182999995,0.05
1785583366.6579185,17.080092245000003,0.05
1785583366.6629303,17.085091788,0.05
1785583366.6679542,17.090092349999992,0.05
1785583366.6729472,17.095092281999996,0.05
1785583366.6779208,17.100091566000003,0.05
1785583366.6829176,17.105091962000003,0.05
1785583366.6879504,17.110092412,0.05
1785583366.6929224,17.115092011,0.05
1785583366.6979208,17.120091684000002,0.05
1785583366.7029157,17.125091987000005,0.05
1785583366.7079175,17.130091844999995,0.05
1785583366.712921,17.135091426000002,0.05
1785583366.717924,17.140091858000005,0.05
1785583366.7229161,17.145092272,0.05
1785583366.7279167,17.150092556000004,0.05
1785583366.732918,17.155091765999998,0.05
1785583366.7379255,17.16009195699999,0.05
1785583366.7429173,17.165091538,0.05
1785583366.7479374,17.170091618,0.05
1785583366.7529817,17.17509945799999,0.05
1785583366.7579813,17.180094167999997,0.05
1785583366.76295,17.185093378000005,0.05
1785583366.7679248,17.190094273,0.05
1785583366.7729344,17.195093465,0.05
1785583366.7778971,17.200093081999995,0.05
1785583366.782891,17.205093163,0.05
1785583366.7878928,17.21009302099999,0.05
1785583366.7928932,17.215092471999995,0.05
1785583366.7979,17.220093458999997,0.05
1785583366.8029,17.225091242999994,0.05
1785583366.807912,17.230093361,0.05
1785583366.8129478,17.235094274999994,0.05
1785583366.8179367,17.240094670000005,0.05
1785583366.8228946,17.245092749999998,0.05
1785583366.8278933,17.250092405000004,0.05
1785583366.8328865,17.255092169999998,0.05
1785583366.837941,17.26009343599999,0.05
1785583366.842944,17.26509473899999,0.05
1785583366.8479695,17.270095225999995,0.05
1785583366.8528967,17.275091047999993,0.05
1785583366.85793,17.280093554000004,0.05
1785583366.862944,17.28509332,0.05
1785583366.8678951,17.290092751999993,0.05
1785583366.8728945,17.295092888,0.05
1785583366.8778942,17.300092468000003,0.05
1785583366.8828962,17.305092919000003,0.05
1785583366.887899,17.310093573000003,0.05
1785583366.8928902,17.315092375999996,0.05
1785583366.8978915,17.320093307999997,0.05
1785583366.9028919,17.325090574,0.05
1785583366.907895,17.33009261699999,0.05
1785583366.9129438,17.335093587000003,0.05
1785583366.9179568,17.34009526,0.010334721587035585
1785583366.9229252,17.345092172999998,-0.05323715813251768
1785583366.92791,17.350092012999994,-0.11682178660027544
1785583366.9329479,17.355092927,-0.18034684709412577
1785583366.9379337,17.360093043999996,-0.24373983459589663
1785583366.942966,17.365092606000005,-0.306955178719648
1785583366.9479485,17.37009202,-0.3699494521379758
1785583366.952956,17.375092526000003,-0.432689697523276
1785583366.9579384,17.380092421,-0.49510613575811835
1785583366.9629633,17.385092760999996,-0.5571637667531782
1785583366.9679253,17.390092416,-0.618800623440063
1785583366.9729214,17.395092070000004,-0.6799775140756301
1785583366.9779491,17.400092075999993,-0.740651289865452
1785583366.9829636,17.405092509,-0.8007756428740858
1785583366.9879236,17.410093089,-0.8603003719887854
1785583366.9929254,17.415092040000005,-0.9191582943042186
1785583366.9979246,17.420092656999998,-0.9773423131524398
1785583367.0029202,17.425092812000003,-1.034782009944496
1785583367.0079246,17.430092392999995,-1.0914314404437606
1785583367.012922,17.435091862999997,-1.1472516804448334
1785583367.0179217,17.440092444,-1.2022123622833396
1785583367.0229185,17.445091969999993,-1.2562465297173677
1785583367.0279212,17.450092698999995,-1.3093360496231692
1785583367.0329177,17.455092520999997,-1.3614166358007211
1785583367.0379224,17.460092435999996,-1.4124578706215536
1785583367.0429168,17.465091849999993,-1.462413502816476
1785583367.0479715,17.470091690999993,-1.5112532978562068
1785583367.0529194,17.475092086999993,-1.558939454110623
1785583367.0579252,17.480092427000002,-1.6054280960505476
1785583367.0629148,17.485091842000003,-1.6506745145721193
1785583367.067987,17.490109793000002,-1.6948120025618691
1785583367.0729222,17.495092634000002,-1.7373399929339566
1785583367.0779393,17.500109456000004,-1.7788142965935414
1785583367.082919,17.505091777000004,-1.818635975373059
1785583367.0879545,17.510091266000003,-1.8571930617732468
1785583367.0929408,17.515091958,-1.8943236463751771
1785583367.0979335,17.520092836000003,-1.9299895622871355
1785583367.102922,17.525092583999992,-1.9641529356967182
1785583367.1079195,17.530091460999998,-1.996788673401437
1785583367.112936,17.535092394000003,-2.0278887218887385
1785583367.1179466,17.540092809,-2.057410911224409
1785583367.122923,17.545092296999997,-2.0853292663936074
1785583367.12792,17.550092414999995,-2.111629599715712
1785583367.1329489,17.555092255999995,-2.1362851843595916
1785583367.1379232,17.560091744000005,-2.1592754328171933
1785583367.1429248,17.56509193699999,-2.180585784303257
1785583367.147968,17.570091703000003,-2.2001933188232665
1785583367.1529322,17.575092544,-2.2180869451474776
1785583367.1579292,17.58009244,-2.23424404688481
1785583367.1630144,17.585102927999998,-2.248682852714791
1785583367.167935,17.590093656999997,-2.2613081000104995
1785583367.1729324,17.595091886999995,-2.2721839774997363
1785583367.1779304,17.600092689999997,-2.2812845374560813
1785583367.1829512,17.605092623000004,-2.288594108947868
1785583367.1879208,17.610093093000003,-2.294107827071625
1785583367.1929202,17.615092951999998,-2.297818771370541
1785583367.1979773,17.620092626,-2.2997234060569895
1785583367.2029228,17.625092225999992,-2.2998190490183497
1785583367.207932,17.630091324999995,-2.298104561504684
1785583367.21294,17.635093944000005,-2.2945769070850344
1785583367.217921,17.640092173,-2.2892435468662518
1785583367.2229245,17.645092421,-2.2821017699766752
1785583367.2279217,17.650091872000004,-2.273159206141203
1785583367.232935,17.655091787000003,-2.2624194793097114
1785583367.2379498,17.660092219999996,-2.2498890723430263
1785583367.242955,17.665092837999993,-2.2355769962490304
1785583367.2479565,17.670092271,-2.219497676858083
1785583367.2529233,17.675091870999992,-2.2016586900928505
1785583367.2579217,17.680091673999996,-2.1820725035519755
1785583367.2629457,17.685092607,-2.1607489851170283
1785583367.2679324,17.690092429000003,-2.137713266747417
1785583367.2729359,17.69509264,-2.1129757779931535
1785583367.2779245,17.700092184,-2.0865602195323083
1785583367.2829177,17.705092875999995,-2.0584764582517177
1785583367.2879238,17.710092402,-2.028758537087584
1785583367.292922,17.715091982999994,-1.9974221119655173
1785583367.2979186,17.720092268000002,-1.96448643279299
1785583367.3029351,17.725092126999996,-1.9299837934743007
1785583367.3079605,17.730092708,-1.893932403676328
1785583367.3129284,17.735092844999997,-1.8563680725768321
1785583367.3179219,17.740091945000003,-1.817324691394709
1785583367.3229237,17.745092154999995,-1.7768154494957795
1785583367.327949,17.750092273999996,-1.734880823883566
1785583367.3329196,17.755092891999993,-1.6915480693167517
1785583367.337925,17.760092287999996,-1.6468659200150573
1785583367.3429163,17.765092295000002,-1.600852891701454
1785583367.347937,17.770092839,-1.5535449681999316
1785583367.3529212,17.775092419999993,-1.5049933324839724
1785583367.3579252,17.780093352999998,-1.4552132468171117
1785583367.3629217,17.785092063999997,-1.4042794890389505
1785583367.367921,17.79009234899999,-1.3521934954566117
1785583367.3729575,17.795093041,-1.2990076045242904
1785583367.3779247,17.800092789000004,-1.2447781411602705
1785583367.3829198,17.805092074,-1.1895429970091704
1785583367.3879163,17.810091858999996,-1.133335051239442
1785583367.3929534,17.815091940000002,-1.0762007343683915
1785583367.3979247,17.820093002999997,-1.0181770386749833
1785583367.402919,17.82509175,-0.9593484962199301
1785583367.4079158,17.830091886999995,-0.8997183747457177
1785583367.4129446,17.835092042,-0.8393500497148991
1785583367.417918,17.84009329,-0.778278318240652
1785583367.4229448,17.845092000999998,-0.7165964075046808
1785583367.4279325,17.850092582000002,-0.6542992603212556
1785583367.4329636,17.855092718999998,-0.5914651837210315
1785583367.4379666,17.860093596,-0.5281294989758643
1785583367.442931,17.865092899999993,-0.46437230654908684
1785583367.4479396,17.870091962000004,-0.4002279598407364
1785583367.4529178,17.875091951,-0.3357328551921081
1785583367.4579253,17.880092069,-0.2709490024499987
1785583367.4629166,17.88509191,-0.20593379404019813
1785583367.4679134,17.890091490999993,-0.14073941401168047
1785583367.472917,17.895091831000002,-0.07540513879934208
1785583367.4779472,17.900091689999996,-0.009999917949612204
1785583367.4829335,17.905092382999996,0.05
1785583367.487921,17.910092055999996,0.05
1785583367.4929395,17.915091951999997,0.05
1785583367.4979336,17.920092682000003,0.05
1785583367.5029235,17.925093688999993,0.05
1785583367.5079162,17.930092196000004,0.05
1785583367.5129428,17.935093073000004,0.05
1785583367.517961,17.94009283999999,0.05
1785583367.5229473,17.945092790999993,0.05
1785583367.5279295,17.950092834999992,0.05
1785583367.532934,17.955092027999996,0.05
1785583367.5379813,17.960092349999996,0.05
1785583367.5429206,17.965092634,0.05
1785583367.5479522,17.97009265999999,0.05
1785583367.552916,17.975092259999997,0.05
1785583367.5579188,17.980091767000005,0.05
1785583367.5629363,17.985092551999998,0.05
1785583367.5679321,17.990092911000005,0.05
1785583367.5729213,17.995093029000003,0.05
1785583367.577946,18.000092128999995,0.05
1785583367.5829349,18.005092136000002,0.05
1785583367.5879211,18.010091994999996,0.05
1785583367.5929248,18.015092371999998,0.05
1785583367.5979154,18.020092027000004,0.05
1785583367.6029768,18.025091126999996,0.05
1785583367.6079338,18.030092893000003,0.05
1785583367.6129186,18.035092401,0.05
1785583367.6179433,18.040092259000005,0.05
1785583367.6229625,18.045092617999998,0.05
1785583367.6279461,18.050092237,0.05
1785583367.6329172,18.055092114000004,0.05
1785583367.6379242,18.06009238,0.05
1785583367.6429172,18.065091776000003,0.05
1785583367.647969,18.070091801999993,0.05
1785583367.6529288,18.075092513,0.05
1785583367.657919,18.080092223999998,0.05
1785583367.662982,18.085098322999997,0.05
1785583367.6679575,18.090092571,0.05
1785583367.672953,18.095093614999996,0.05
1785583367.6779509,18.100092789,0.05
1785583367.6829486,18.105092499999998,0.05
1785583367.6879835,18.110092839999993,0.05
1785583367.692979,18.115091718000002,0.05
1785583367.697952,18.120092835999998,0.05
1785583367.702947,18.125092084000002,0.05
1785583367.7079823,18.130092147,0.05
1785583367.7129536,18.135091802000005,0.05
1785583367.7179463,18.140092346000003,0.05
1785583367.7229452,18.145091705,0.05
1785583367.7279463,18.150092082,0.05
1785583367.7329473,18.155091756000004,0.05
1785583367.7379491,18.160092300000002,0.05
1785583367.742943,18.165092251999994,0.05
1785583367.7479649,18.170091628999998,0.05
1785583367.7529495,18.175093302999997,0.05
1785583367.757952,18.180092791999996,0.05
1785583367.7629495,18.185092279999992,0.05
1785583367.767954,18.190092084,0.05
1785583367.773097,18.195108904999998,0.05
1785583367.7779145,18.200092876,0.05
1785583367.78293,18.205157233999998,0.05
1785583367.7879887,18.210098333999994,0.05
1785583367.793017,18.21509367499999,0.05
1785583367.7981436,18.220116477999994,0.05
1785583367.8030286,18.225108152000004,0.05
1785583367.807872,18.230088029,0.05
1785583367.81287,18.235089239999994,0.05
1785583367.8179686,18.240096099,0.05
1785583367.8229945,18.245097625,0.05
1785583367.82797,18.250094484,0.05
1785583367.8329751,18.255093028000005,0.05
1785583367.8379235,18.260091461000002,0.05
1785583367.8429043,18.265091819999995,0.05
1785583367.847977,18.270095030999997,0.05
1785583367.8530042,18.275100038000005,0.05
1785583367.8580163,18.28009523,0.05
1785583367.8629768,18.285095978,0.05
1785583367.8679247,18.290091188999995,0.05
1785583367.8729548,18.295097158999994,0.05
1785583367.8782082,18.30009057299999,0.05
1785583367.8829582,18.305090284000002,0.05
1785583367.8879273,18.310094512999996,0.05
1785583367.8929217,18.315093094000005,0.05
1785583367.8979154,18.320092527,0.05
1785583367.9029183,18.325090664,0.05
1785583367.9081304,18.330092559999997,0.05
1785583367.912918,18.335090363999996,0.05
1785583367.9179168,18.340092223,0.05
1785583367.9229221,18.345092969999996,0.05
1785583367.927919,18.350094033000005,0.05
1785583367.9329128,18.355092835999997,0.05
1785583367.9379797,18.36009565799999,0.05
1785583367.9430642,18.365100184,0.05
1785583367.947995,18.370092783999993,0.05
1785583367.9529397,18.375093234999994,0.05
1785583367.957925,18.380094334999995,0.05
1785583367.962969,18.385093897999994,0.05
1785583367.9679189,18.390093034000003,0.05
1785583367.9729152,18.395092671,0.05
1785583367.9779124,18.400092826000005,0.05
1785583367.9829102,18.405092963,0.05
1785583367.987925,18.410093599999996,0.05
1785583367.9929144,18.415093698999996,0.05
1785583367.9979146,18.42009335499999,0.05
1785583368.0029082,18.425090732,0.05
1785583368.0079198,18.430094054999998,0.05
1785583368.012918,18.435093469999998,0.05
1785583368.0179121,18.440092199999995,0.05
1785583368.0229065,18.445091837999996,0.007356083525475446
1785583368.0279155,18.450092716,-0.05985784890806962
1785583368.032916,18.455092723999996,-0.12702521337328318
1785583368.0379138,18.460091582999993,-0.19408486915052242
1785583368.0429082,18.465091943000004,-0.26101493455231695
1785583368.0479572,18.470092413999993,-0.3277393567291223
1785583368.0529127,18.475090680999998,-0.3941701474932684
1785583368.0579128,18.480092263000003,-0.4603234511410554
1785583368.062903,18.485093047999996,-0.5260877184635886
1785583368.067941,18.490091741,-0.5913896223661451
1785583368.0729108,18.495092896999992,-0.6562322718573046
1785583368.0779138,18.500092331000005,-0.7205053228805691
1785583368.0829074,18.505092191000003,-0.7841810295992837
1785583368.0879447,18.510092958,-0.8472101383415089
1785583368.0929124,18.51509204,-0.9095055183197402
1785583368.0979106,18.520093214,-0.9710600514615138
1785583368.1029065,18.525090184999996,-1.0317433111865872
1785583368.1079097,18.530092248000003,-1.0916150963060984
1785583368.112911,18.535092886,-1.1505442669507886
1785583368.1179178,18.540092966999993,-1.2084901674456392
1785583368.1229062,18.54509179,-1.2653945842756966
1785583368.1279092,18.550092167999992,-1.3212396352878328
1785583368.1329167,18.555092621,-1.3759593119906408
1785583368.1379414,18.560093202000004,-1.429506078580777
1785583368.1429076,18.565092765999992,-1.4818209133669182
1785583368.1479301,18.570092403000004,-1.5328694987597384
1785583368.1529374,18.575090004000003,-1.5825860541715588
1785583368.1579099,18.580090086,-1.6309714017837296
1785583368.1629236,18.585094075,-1.6779938508485621
1785583368.167927,18.590091174999998,-1.723511545141019
1785583368.172956,18.595093145999996,-1.767591980360542
1785583368.1779165,18.600092486999998,-1.8101288210769477
1785583368.182909,18.60509216199999,-1.8511103683294718
1785583368.187916,18.610092392,-1.8905013560168866
1785583368.1929145,18.615092473999994,-1.9282607276958994
1785583368.1979127,18.620092240999995,-1.9643535022570595
1785583368.2029397,18.625091210999997,-1.998744225760117
1785583368.2079127,18.630092386,-2.031421719444603
1785583368.2129111,18.635092227,-2.062332764761966
1785583368.2179143,18.640092846,-2.09146255693799
1785583368.2229128,18.645092853999998,-2.1187762863805246
1785583368.2279108,18.650092528000002,-2.1442509023912164
1785583368.232909,18.655092276999994,-2.1678651266569418
1785583368.2379498,18.660093024999995,-2.1896008049326383
1785583368.242909,18.665092791999996,-2.2094290225221345
1785583368.2479324,18.670092893000003,-2.2273367015732735
1785583368.2529097,18.675090419,-2.2432977248554704
1785583368.2579362,18.680093130999992,-2.257320018840477
1785583368.2629163,18.685093026999994,-2.269366118341278
1785583368.2679229,18.690092016999998,-2.2794308859710233
1785583368.2729235,18.695093912999994,-2.2875105821927884
1785583368.2779226,18.700093569000003,-2.293588004068814
1785583368.2829177,18.705092687999993,-2.2976601363114493
1785583368.2879362,18.710091677999998,-2.2997227109451
1785583368.2929165,18.715093351999997,-2.299772098731164
1785583368.2979307,18.720092840999996,-2.2978064639229694
1785583368.3029487,18.725090367999996,-2.293828504690491
1785583368.3079164,18.730092709000004,-2.2878331527630005
1785583368.312923,18.735093624,-2.2798296611869775
1785583368.3179162,18.740092723999993,-2.269826193207011
1785583368.3229105,18.745092916999994,-2.257824718476331
1785583368.3279212,18.750092388,-2.24383848801131
1785583368.332928,18.755093821999992,-2.2278701331919417
1785583368.3379192,18.760093756000003,-2.2099430681740464
1785583368.342914,18.765090244999996,-2.190081535019493
1785583368.3479624,18.770092270999996,-2.1682647165835656
1785583368.3529127,18.775090742000003,-2.144548941652722
1785583368.3579185,18.78009075,-2.1189307477954076
1785583368.3629115,18.785092312999993,-2.091429530426283
1785583368.367911,18.79009295099999,-2.062081498457001
1785583368.3729193,18.795092662000002,-2.03091227273079
1785583368.377914,18.800093521999997,-1.997935018785633
1785583368.3829048,18.805092196000004,-1.963200122715606
1785583368.3879173,18.810092334000004,-1.9267120467273648
1785583368.3929408,18.815092804999992,-1.8885091300331045
1785583368.397914,18.820092183,-1.8486352275086129
1785583368.4029095,18.825090598000003,-1.807124416620031
1785583368.4079077,18.830091587,-1.7639821293814646
1785583368.412962,18.835097798999996,-1.7192189021830386
1785583368.417927,18.840101770000004,-1.6729386738348986
1785583368.4229147,18.84509274,-1.6252878032421538
1785583368.4279132,18.850092173999997,-1.5761046185739012
1785583368.4329488,18.855093570999998,-1.5254911537027107
1785583368.43792,18.860092855999994,-1.4735326398620348
1785583368.4429111,18.865092493999995,-1.42024937145196
1785583368.4479334,18.870091927999994,-1.3656936394519716
1785583368.4529097,18.875091232000003,-1.30991236418958
1785583368.457959,18.880092684000005,-1.2529281706171032
1785583368.4629157,18.885093061999996,-1.1948272801378133
1785583368.4679115,18.890091514000005,-1.1356715267933897
1785583368.4729795,18.89509672599999,-1.0754085981460195
1785583368.4779751,18.900095197,-1.0142539891093039
1785583368.4829164,18.905090556000005,-0.9522199568041418
1785583368.4879148,18.910092898000002,-0.8892348227270424
1785583368.492913,18.915092701999995,-0.8254729042360696
1785583368.49792,18.920092876,-0.7609540296970541
1785583368.5029116,18.925090514000004,-0.6957732527860786
1785583368.507912,18.930092372999994,-0.6298999182735102
1785583368.5129113,18.935092029000003,-0.5634766889224089
1785583368.517931,18.940090537000003,-0.496549133771371
1785583368.5229197,18.945093322999995,-0.42910372511647277
1785583368.5279129,18.950092589999997,-0.36130552982424524
1785583368.5329127,18.955092820000004,-0.2931545604427976
1785583368.5379457,18.960091957000003,-0.22473968881415732
1785583368.5429153,18.965093112999995,-0.1560794449987566
1785583368.5479317,18.970092620999992,-0.08728559168087993
1785583368.5529115,18.975090702999992,-0.018416833296614366
1785583368.557941,18.980091970000004,0.05
1785583368.562911,18.985092977999997,0.05
1785583368.5679095,18.990092949,0.05
1785583368.5729115,18.995092993,0.05
1785583368.5779111,19.000092205,0.05
1785583368.5829751,19.005095268000005,0.05
1785583368.5879774,19.010095257999993,0.05
1785583368.5929198,19.015088672999994,0.05
1785583368.597912,19.020092218000002,0.05
1785583368.602914,19.025091595999996,0.05
1785583368.607937,19.030095399999993,0.05
1785583368.6129155,19.035093148,0.05
1785583368.6179142,19.040092915999992,0.05
1785583368.622916,19.045092608999994,0.05
1785583368.6279197,19.050092320000005,0.05
1785583368.632912,19.055092328,0.05
1785583368.637914,19.060092595,0.05
1785583368.6429508,19.06509301,0.05
1785583368.647957,19.070092629,0.05
1785583368.6529064,19.075091063000002,0.05
1785583368.6579108,19.080092366999992,0.05
1785583368.662923,19.085093782,0.05
1785583368.6679173,19.090092494000004,0.05
1785583368.6729183,19.095094020000005,0.05
1785583368.677911,19.100092176000004,0.05
1785583368.6829145,19.105092517000003,0.05
1785583368.6879785,19.110094654999997,0.05
1785583368.6929214,19.115091347999993,0.05
1785583368.6979167,19.120093003999997,0.05
1785583368.7029123,19.125092697,0.05
1785583368.7079186,19.130093223000003,0.05
1785583368.7129421,19.135093045999994,0.05
1785583368.7179134,19.140092738999996,0.05
1785583368.722915,19.145092875999993,0.05
1785583368.727939,19.150092754,0.05
1785583368.7329178,19.155092057999994,0.05
1785583368.7379153,19.160091491999992,0.05
1785583368.7429116,19.165092647999998,0.05
1785583368.7479324,19.170092507999996,0.05
1785583368.7529168,19.175092348999996,0.05
1785583368.757917,19.180093079000002,0.05
1785583368.7629128,19.185092994,0.05
1785583368.7679145,19.190092871999994,0.05
1785583368.7729318,19.195093694999997,0.05
1785583368.7779195,19.200093350999992,0.05
1785583368.7829137,19.205091822,0.05
1785583368.7879176,19.21009257,0.05
1785583368.79292,19.215092541000004,0.05
1785583368.7979164,19.220092604,0.05
1785583368.8029108,19.225092371000002,0.05
1785583368.807914,19.230092193999994,0.05
1785583368.8129547,19.235092202000004,0.05
1785583368.8179145,19.240091949999993,0.05
1785583368.822913,19.245092494999994,0.05
1785583368.827908,19.250092354999992,0.05
1785583368.8329077,19.255092102999996,0.05
1785583368.8379183,19.2600925,0.05
1785583368.8429189,19.265092526000004,0.05
1785583368.847931,19.270092053,0.05
1785583368.8529303,19.27509235699999,0.05
1785583368.857973,19.280093846,0.05
1785583368.8629653,19.285094743000002,0.05
1785583368.8679175,19.290093047,0.05
1785583368.8729198,19.295093073000004,0.05
1785583368.877919,19.300093155,0.05
1785583368.8829162,19.305092162999998,0.05
1785583368.8879128,19.310092356,0.05
1785583368.8929102,19.315092863999993,0.05
1785583368.8979378,19.320091871999992,0.05
1785583368.902942,19.325093213000002,0.05
1785583368.9079154,19.330093535000003,0.05
1785583368.9129121,19.335093005999994,0.05
1785583368.917912,19.340092458,0.05
1785583368.9229133,19.345092465999997,0.05
1785583368.9279132,19.350092882,0.05
1785583368.9329093,19.355092518999996,0.05
1785583368.9379144,19.360092823000002,0.05
1785583368.9429114,19.365093330999997,0.05
1785583368.9479263,19.370091950000003,0.05
1785583368.9529068,19.375092995000003,0.05
1785583368.9579232,19.380090780000003,0.05
1785583368.9629197,19.385093936000004,0.05
1785583368.967949,19.390093944,0.05
1785583368.9729164,19.395093118999995,0.05
1785583368.9779108,19.400092607999994,0.05
1785583368.9829543,19.405092948999993,0.05
1785583368.9879804,19.410094216000005,0.05
1785583368.9929733,19.41509518699999,0.05
1785583368.9979165,19.420093805999997,0.05
1785583369.0029168,19.425093868999994,0.05
1785583369.0079172,19.430093118000002,0.05
1785583369.0129104,19.435093441999996,0.05
1785583369.0179088,19.440091635,0.05
1785583369.0229092,19.445092551000002,0.05
1785583369.0279157,19.450092412000004,0.05
1785583369.0329132,19.455092234999995,0.05
1785583369.0379128,19.460091872999996,0.05
1785583369.0429065,19.465092141,0.05
1785583369.0479367,19.470092907999998,0.05
1785583369.0529206,19.475091917,0.05
1785583369.0579102,19.480092202999998,0.05
1785583369.0629103,19.485091248999993,0.05
1785583369.0679398,19.490091645999996,0.05
1785583369.072911,19.495091098999993,-0.011952514719925984
1785583369.0779145,19.500092069999994,-0.08257156179028134
1785583369.082907,19.505098042,-0.1531994658309761
1785583369.0879114,19.510091884000005,-0.22352812844192552
1785583369.0929105,19.515092132999996,-0.29375229465616576
1785583369.0979116,19.520091937999993,-0.3637089675775096
1785583369.1029093,19.525091872000004,-0.43333990100039127
1785583369.1079133,19.530092807000003,-0.5025910493086068
1785583369.1129124,19.535092019000004,-0.5713590250589204
1785583369.1179721,19.540096637999994,-0.639675891314783
1785583369.1229665,19.545094480000003,-0.7073105683297641
1785583369.1279137,19.550089932999995,-0.774259675070658
1785583369.1329134,19.555092664,-0.840587854002548
1785583369.1379201,19.560091208999992,-0.9060791275792209
1785583369.1429098,19.565092328999995,-0.9707597621137755
1785583369.1479247,19.5700923,-1.0345192852316059
1785583369.152915,19.575093104999993,-1.0973218940397795
1785583369.1579535,19.580091038999996,-1.1590613836889292
1785583369.162921,19.585093732999994,-1.219771999547508
1785583369.1679103,19.590092315999996,-1.2792874565653525
1785583369.172947,19.595092860999998,-1.3376233851581423
1785583369.1779146,19.60009253599999,-1.3946900318272766
1785583369.1829133,19.60509211899999,-1.4504414556401095
1785583369.1879091,19.610090608999997,-1.5048129913995834
1785583369.1929457,19.615092340000004,-1.5577981197982518
1785583369.1979113,19.620092348,-1.6092921310480235
1785583369.2029088,19.625091986,-1.6592597637626998
1785583369.2079077,19.630091995,-1.707659701108498
1785583369.2129111,19.635092059,-1.754441403484955
1785583369.217912,19.640092771,-1.7995642779755958
1785583369.222941,19.645092871999992,-1.8429726902458299
1785583369.2279158,19.650091992,-1.8846215903786931
1785583369.232914,19.655092056,-1.9244860023099954
1785583369.2379138,19.66009049,-1.9625064281776896
1785583369.2429104,19.665092665000003,-1.9986848818060985
1785583369.2479281,19.670091487999997,-2.0329339389116003
1785583369.2529116,19.675092144999994,-2.0652558657895277
1785583369.2580097,19.680094190999995,-2.095613580169732
1785583369.2629662,19.685093292000005,-2.123951247393498
1785583369.2679193,19.690088892999995,-2.1502410750978598
1785583369.2729163,19.695093419999992,-2.174518481886579
1785583369.2779408,19.700090001999996,-2.196676339427031
1785583369.2829123,19.705092511000004,-2.216754683867649
1785583369.2879167,19.710090834,-2.234691106348547
1785583369.292908,19.715092342999995,-2.2504939836024547
1785583369.297911,19.720092592,-2.264131360758361
1785583369.3031113,19.725092173999997,-2.2755915022222397
1785583369.3079228,19.730091404999996,-2.284863277764113
1785583369.31296,19.735100117,-2.2919484664282
1785583369.3182285,19.740324903,-2.296979221954258
1785583369.3231037,19.745113116,-2.299467410989844
1785583369.3279686,19.750111680000003,-2.2998955667711307
1785583369.3329139,19.755109929,-2.2981060602449417
1785583369.337893,19.760107808,-2.2940995800072277
1785583369.3429291,19.76511616799999,-2.287863059257748
1785583369.3479424,19.770094973,-2.2794634955186583
1785583369.3527837,19.775082352,-2.2688570561098818
1785583369.3577151,19.780075804999996,-2.256048122897189
1785583369.3628633,19.785087942999994,-2.2409989820540583
1785583369.3679104,19.790134135999992,-2.2236420753017674
1785583369.3730412,19.795103552,-2.2044016494494216
1785583369.3780677,19.80016567199999,-2.1826288032213936
1785583369.3829587,19.805093439999993,-2.159345836380022
1785583369.3880086,19.810094745,-2.1336304769696697
1785583369.3929615,19.815094678999998,-2.105846063008929
1785583369.3979516,19.820092391000003,-2.0760251008483985
1785583369.4029672,19.825092696,-2.0441662046915043
1785583369.407957,19.830092277999995,-2.01031893803204
1785583369.4130294,19.835092898,-1.974502746074206
1785583369.4179618,19.840093776999993,-1.9367559528398144
1785583369.4229598,19.845092988999994,-1.8971293162197584
1785583369.427954,19.850092645999993,-1.8556440746973257
1785583369.4329515,19.855092395,-1.812341993532441
1785583369.437956,19.860094015,-1.7672475748839873
1785583369.4429486,19.865092689999997,-1.7204475371936174
1785583369.4479687,19.870092383,-1.6719502427789352
1785583369.4529834,19.875092891999998,-1.6218028969414495
1785583369.4579499,19.880092863,-1.5700667718584422
1785583369.4629452,19.885092094,-1.5167939958746497
1785583369.4679482,19.890091842999993,-1.4620222602574857
1785583369.4729495,19.89509287,-1.4057949729074928
1785583369.4779859,19.900092453,-1.3481968023003654
1785583369.4829555,19.905092443,-1.289262266633671
1785583369.4879565,19.910093359,-1.2290415115975493
1785583369.4929461,19.915092497000003,-1.1676255063818999
1785583369.4979503,19.920092431,-1.105042330405189
1785583369.5029492,19.92509244,-1.0413612535850418
1785583369.5079489,19.930092725999998,-0.9766412897799671
1785583369.512953,19.935092678999993,-0.9109531355249998
1785583369.5179467,19.940092223999997,-0.8443617899102744
1785583369.5229466,19.945092622000004,-0.776915112215852
1785583369.5279481,19.950092001,-0.7087040564101613
1785583369.532943,19.955092230999995,-0.6397696618204789
1785583369.5379746,19.960091813999995,-0.5701998149768776
1785583369.5429518,19.965092432999995,-0.5000390320754305
1785583369.5479705,19.970092089999994,-0.42938397262192096
1785583369.5529442,19.975092339,-0.35828195760820597
1785583369.557979,19.980092310999993,-0.2868150337722239
1785583369.5629447,19.985093003999992,-0.21503907864215896
1785583369.5679462,19.990092512999993,-0.14305201835107148
1785583369.572946,19.995092835999998,-0.07089596625424331
