time,position,velocity,torque,temp_mosfet,temp_rotor,status
1785583349.3486469,-0.1871137560082392,-0.010989010989014503,-0.01318681318681314,35,32,ENABLE
1785583349.5673285,-0.0001907377737087046,0.010989010989014503,-0.00439560439560438,35,32,ENABLE
1785583349.5816195,-0.0001907377737087046,-0.010989010989014503,-0.00439560439560438,35,32,ENABLE
1785583349.5864148,-0.0001907377737087046,-0.010989010989014503,-0.00439560439560438,35,32,ENABLE
1785583349.5911052,-0.0001907377737087046,-0.010989010989014503,0.0219780219780219,35,32,ENABLE
1785583349.5952108,-0.0001907377737087046,-0.010989010989014503,0.07472527472527446,35,32,ENABLE
1785583349.6001852,0.0001907377737087046,0.0329670329670364,0.14505494505494454,35,32,ENABLE
1785583349.605462,0.0005722133211261138,0.0549450549450583,0.20659340659340586,35,32,ENABLE
1785583349.6105785,0.0017166399633783413,0.1648351648351678,0.2593406593406584,35,32,ENABLE
1785583349.6158261,0.0040054932478827965,0.3626373626373649,0.25054945054944966,35,32,ENABLE
1785583349.6207352,0.007438773174639479,0.5164835164835182,0.2417582417582409,35,32,ENABLE
1785583349.6252186,0.010872053101396162,0.6703296703296715,0.1978021978021971,35,32,ENABLE
1785583349.630535,0.014305333028152845,0.6483516483516496,0.17142857142857082,35,32,ENABLE
1785583349.6354907,0.017738612954909527,0.6703296703296715,0.1098901098901095,35,32,ENABLE
1785583349.6404276,0.02117189288166621,0.6483516483516496,0.0659340659340657,35,32,ENABLE
1785583349.6454957,0.023842221713588074,0.6043956043956058,0.05714285714285694,35,32,ENABLE
1785583349.6505702,0.02651255054550994,0.5384615384615401,0.0219780219780219,35,32,ENABLE
1785583349.6554737,0.029564354924849212,0.6043956043956058,-0.03076923076923066,35,32,ENABLE
1785583349.6605358,0.032234683756771076,0.5384615384615401,-0.04835164835164818,35,32,ENABLE
1785583349.6655533,0.03490501258869294,0.5164835164835182,-0.0659340659340657,35,32,ENABLE
1785583349.6705518,0.03681239032577999,0.4505494505494525,-0.08351648351648322,35,32,ENABLE
1785583349.6754696,0.03833829251544962,0.340659340659343,-0.0659340659340657,35,32,ENABLE
1785583349.680469,0.03986419470511926,0.3186813186813211,-0.0659340659340657,35,32,ENABLE
1785583349.685468,0.0413900968947889,0.3186813186813211,-0.07472527472527446,35,32,ENABLE
1785583349.6904798,0.042534523537041125,0.2307692307692335,-0.05714285714285694,35,32,ENABLE
1785583349.6954684,0.04329747463187594,0.1868131868131897,-0.05714285714285694,35,32,ENABLE
1785583349.700475,0.04444190127412817,0.2087912087912116,-0.07472527472527446,35,32,ENABLE
1785583349.705565,0.04596780346379781,0.2307692307692335,-0.08351648351648322,35,32,ENABLE
1785583349.710576,0.047112230106050035,0.2087912087912116,-0.0659340659340657,35,32,ENABLE
1785583349.7158844,0.047493705653467444,0.1428571428571459,-0.07472527472527446,35,32,ENABLE
1785583349.7209036,0.04825665674830226,0.1428571428571459,-0.08351648351648322,35,32,ENABLE
1785583349.7256548,0.04940108339055449,0.1868131868131897,-0.10109890109890074,35,32,ENABLE
1785583349.7306638,0.0497825589379719,0.120879120879124,-0.08351648351648322,35,32,ENABLE
1785583349.7356935,0.05016403448538931,0.0549450549450583,-0.05714285714285694,35,32,ENABLE
1785583349.7406538,0.0497825589379719,0.010989010989014503,-0.03956043956043942,35,32,ENABLE
1785583349.74566,0.05016403448538931,0.010989010989014503,-0.03956043956043942,35,32,ENABLE
1785583349.7507093,0.0497825589379719,0.010989010989014503,-0.03076923076923066,35,32,ENABLE
1785583349.755694,0.0497825589379719,-0.010989010989014503,-0.0219780219780219,35,32,ENABLE
1785583349.7606635,0.0497825589379719,-0.0329670329670364,-0.0219780219780219,35,32,ENABLE
1785583349.7656562,0.0497825589379719,0.010989010989014503,-0.0219780219780219,35,32,ENABLE
1785583349.7706568,0.0497825589379719,-0.010989010989014503,-0.03076923076923066,35,32,ENABLE
1785583349.7762942,0.0497825589379719,-0.010989010989014503,-0.01318681318681314,35,32,ENABLE
1785583349.7807105,0.0497825589379719,-0.0549450549450583,-0.01318681318681314,35,32,ENABLE
1785583349.7855175,0.0497825589379719,-0.0329670329670364,-0.00439560439560438,35,32,ENABLE
1785583349.7905507,0.0497825589379719,-0.010989010989014503,-0.0219780219780219,35,32,ENABLE
1785583349.795661,0.0497825589379719,-0.010989010989014503,-0.0219780219780219,35,32,ENABLE
1785583349.8007066,0.05016403448538931,0.010989010989014503,-0.0219780219780219,35,32,ENABLE
1785583349.805648,0.0497825589379719,-0.0549450549450583,-0.01318681318681314,35,32,ENABLE
1785583349.8106625,0.0497825589379719,-0.0329670329670364,-0.01318681318681314,35,32,ENABLE
1785583349.81567,0.0497825589379719,-0.010989010989014503,-0.01318681318681314,35,32,ENABLE
1785583349.8206558,0.0497825589379719,0.010989010989014503,-0.0219780219780219,35,32,ENABLE
1785583349.825658,0.0497825589379719,-0.0329670329670364,-0.0219780219780219,35,32,ENABLE
1785583349.8306682,0.0497825589379719,0.010989010989014503,-0.0219780219780219,35,32,ENABLE
1785583349.8356607,0.0497825589379719,-0.010989010989014503,-0.01318681318681314,35,32,ENABLE
1785583349.840676,0.0497825589379719,-0.010989010989014503,-0.0219780219780219,35,32,ENABLE
1785583349.8456666,0.0497825589379719,-0.010989010989014503,-0.0219780219780219,35,32,ENABLE
1785583349.8506448,0.0497825589379719,-0.010989010989014503,-0.0219780219780219,35,32,ENABLE
1785583349.8556619,0.0497825589379719,0.010989010989014503,-0.0219780219780219,35,32,ENABLE
1785583349.8606648,0.0497825589379719,-0.0329670329670364,-0.01318681318681314,35,32,ENABLE
1785583349.8656564,0.0497825589379719,-0.0329670329670364,-0.0219780219780219,35,32,ENABLE
1785583349.8706946,0.0497825589379719,-0.0329670329670364,-0.01318681318681314,35,32,ENABLE
1785583349.8756628,0.0497825589379719,-0.010989010989014503,-0.00439560439560438,35,32,ENABLE
1785583349.8806586,0.0497825589379719,-0.0329670329670364,-0.01318681318681314,35,32,ENABLE
1785583349.8856573,0.0497825589379719,-0.010989010989014503,-0.0219780219780219,35,32,ENABLE
1785583349.8906648,0.0497825589379719,-0.010989010989014503,-0.01318681318681314,35,32,ENABLE
1785583349.8956585,0.0497825589379719,-0.0329670329670364,-0.01318681318681314,35,32,ENABLE
1785583349.9006596,0.0497825589379719,-0.010989010989014503,-0.01318681318681314,35,32,ENABLE
1785583349.9056668,0.0497825589379719,-0.010989010989014503,-0.0219780219780219,35,32,ENABLE
1785583349.9106703,0.0497825589379719,-0.010989010989014503,-0.0219780219780219,35,32,ENABLE
1785583349.915666,0.0497825589379719,-0.0329670329670364,-0.0219780219780219,35,32,ENABLE
1785583349.9206512,0.0497825589379719,-0.010989010989014503,-0.01318681318681314,35,32,ENABLE
1785583349.9256487,0.0497825589379719,-0.0329670329670364,-0.01318681318681314,35,32,ENABLE
1785583349.9306688,0.04940108339055449,-0.0329670329670364,-0.0219780219780219,35,32,ENABLE
1785583349.9356577,0.0497825589379719,-0.0329670329670364,-0.0219780219780219,35,32,ENABLE
1785583349.9406383,0.0497825589379719,0.010989010989014503,-0.01318681318681314,35,32,ENABLE
1785583349.9456625,0.0497825589379719,-0.010989010989014503,-0.01318681318681314,35,32,ENABLE
1785583349.9506788,0.0497825589379719,-0.010989010989014503,-0.00439560439560438,35,32,ENABLE
1785583349.9556966,0.0497825589379719,0.010989010989014503,-0.0219780219780219,35,32,ENABLE
1785583349.9606562,0.0497825589379719,0.010989010989014503,-0.0219780219780219,35,32,ENABLE
1785583349.9656653,0.0497825589379719,-0.010989010989014503,-0.01318681318681314,35,32,ENABLE
1785583349.970704,0.0497825589379719,-0.010989010989014503,-0.0219780219780219,35,32,ENABLE
1785583349.975655,0.0497825589379719,0.010989010989014503,-0.01318681318681314,35,32,ENABLE
1785583349.9806576,0.0497825589379719,-0.010989010989014503,-0.0219780219780219,35,32,ENABLE
1785583349.9856532,0.0497825589379719,-0.010989010989014503,-0.0219780219780219,35,32,ENABLE
1785583349.9907103,0.0497825589379719,-0.010989010989014503,-0.0219780219780219,35,32,ENABLE
1785583349.995667,0.0497825589379719,-0.010989010989014503,-0.01318681318681314,35,32,ENABLE
1785583350.0006595,0.0497825589379719,-0.010989010989014503,-0.03076923076923066,35,32,ENABLE
1785583350.005664,0.0497825589379719,0.010989010989014503,-0.0219780219780219,35,32,ENABLE
1785583350.0106678,0.0497825589379719,-0.0329670329670364,-0.0219780219780219,35,32,ENABLE
1785583350.0156531,0.0497825589379719,0.010989010989014503,-0.0219780219780219,35,32,ENABLE
1785583350.0207114,0.0497825589379719,0.010989010989014503,-0.0219780219780219,35,32,ENABLE
1785583350.025656,0.0497825589379719,-0.010989010989014503,-0.0219780219780219,35,32,ENABLE
1785583350.0307117,0.0497825589379719,-0.010989010989014503,-0.03076923076923066,35,32,ENABLE
1785583350.0357993,0.0497825589379719,-0.0329670329670364,-0.0219780219780219,35,32,ENABLE
1785583350.0408707,0.0497825589379719,-0.010989010989014503,-0.0219780219780219,35,32,ENABLE
1785583350.0458205,0.0497825589379719,0.010989010989014503,-0.0219780219780219,35,32,ENABLE
1785583350.0508597,0.05016403448538931,0.010989010989014503,-0.0219780219780219,35,32,ENABLE
1785583350.0558789,0.05016403448538931,0.010989010989014503,-0.0219780219780219,35,32,ENABLE
1785583350.0608702,0.05016403448538931,-0.010989010989014503,-0.0219780219780219,35,32,ENABLE
1785583350.0658622,0.05016403448538931,0.010989010989014503,-0.0219780219780219,35,32,ENABLE
1785583350.070887,0.05016403448538931,-0.010989010989014503,-0.03076923076923066,35,32,ENABLE
1785583350.0759072,0.05016403448538931,0.0329670329670364,-0.03076923076923066,35,32,ENABLE
1785583350.080865,0.05016403448538931,-0.010989010989014503,-0.03076923076923066,35,32,ENABLE
1785583350.0858645,0.05016403448538931,-0.010989010989014503,-0.03076923076923066,35,32,ENABLE
1785583350.0908115,0.05016403448538931,0.0329670329670364,-0.03076923076923066,35,32,ENABLE
1785583350.09587,0.05054551003280672,0.010989010989014503,-0.03076923076923066,35,32,ENABLE
1785583350.100816,0.05054551003280672,-0.010989010989014503,-0.03076923076923066,35,32,ENABLE
1785583350.1058633,0.05054551003280672,0.010989010989014503,-0.03076923076923066,35,32,ENABLE
1785583350.110826,0.05054551003280672,0.010989010989014503,-0.03956043956043942,35,32,ENABLE
1785583350.115866,0.05092698558022413,-0.010989010989014503,-0.03956043956043942,35,32,ENABLE
1785583350.1208167,0.05092698558022413,0.010989010989014503,-0.04835164835164818,35,32,ENABLE
1785583350.1258075,0.05092698558022413,0.0329670329670364,-0.05714285714285694,35,32,ENABLE
1785583350.1308618,0.051308461127641536,0.0549450549450583,-0.0659340659340657,35,32,ENABLE
1785583350.1358647,0.052071412222476354,0.0989010989011021,-0.09230769230769198,35,32,ENABLE
1785583350.1408706,0.05321583886472858,0.1648351648351678,-0.13626373626373578,35,32,ENABLE
1785583350.1458638,0.05474174105439822,0.2307692307692335,-0.16263736263736206,35,32,ENABLE
1785583350.1508067,0.05550469214923304,0.1868131868131897,-0.16263736263736206,35,32,ENABLE
1785583350.155868,0.055886167696650446,0.120879120879124,-0.17142857142857082,35,32,ENABLE
1785583350.160851,0.056649118791485265,0.120879120879124,-0.18901098901098834,35,32,ENABLE
1785583350.1658826,0.05779354543373749,0.1868131868131897,-0.20659340659340586,35,32,ENABLE
1785583350.170881,0.05855649652857231,0.1428571428571459,-0.20659340659340586,35,32,ENABLE
1785583350.1757452,0.05855649652857231,0.0989010989011021,-0.18021978021977958,35,32,ENABLE
1785583350.1806529,0.0581750209811549,-0.010989010989014503,-0.16263736263736206,35,32,ENABLE
1785583350.185657,0.05855649652857231,0.0329670329670364,-0.16263736263736206,35,32,ENABLE
1785583350.1906648,0.05855649652857231,-0.010989010989014503,-0.14505494505494454,35,32,ENABLE
1785583350.195659,0.05855649652857231,-0.010989010989014503,-0.14505494505494454,35,32,ENABLE
1785583350.2006557,0.05855649652857231,-0.0329670329670364,-0.13626373626373578,35,32,ENABLE
1785583350.2056556,0.05855649652857231,-0.010989010989014503,-0.12747252747252702,35,32,ENABLE
1785583350.2106938,0.05855649652857231,0.010989010989014503,-0.13626373626373578,35,32,ENABLE
1785583350.2156541,0.05855649652857231,0.010989010989014503,-0.14505494505494454,35,32,ENABLE
1785583350.2206979,0.05855649652857231,-0.0329670329670364,-0.13626373626373578,35,32,ENABLE
1785583350.2256942,0.05855649652857231,-0.0329670329670364,-0.13626373626373578,35,32,ENABLE
1785583350.2306767,0.05855649652857231,-0.010989010989014503,-0.13626373626373578,35,32,ENABLE
1785583350.2356632,0.05855649652857231,0.010989010989014503,-0.13626373626373578,35,32,ENABLE
1785583350.2406592,0.05855649652857231,-0.010989010989014503,-0.14505494505494454,35,32,ENABLE
1785583350.245656,0.05855649652857231,-0.0549450549450583,-0.13626373626373578,35,32,ENABLE
1785583350.2506592,0.05855649652857231,-0.0549450549450583,-0.12747252747252702,35,32,ENABLE
1785583350.2556424,0.05855649652857231,-0.010989010989014503,-0.12747252747252702,35,32,ENABLE
1785583350.2606544,0.05855649652857231,0.010989010989014503,-0.12747252747252702,35,32,ENABLE
1785583350.2656593,0.05855649652857231,0.010989010989014503,-0.12747252747252702,35,32,ENABLE
1785583350.2707064,0.05855649652857231,-0.010989010989014503,-0.13626373626373578,35,32,ENABLE
1785583350.2756572,0.05855649652857231,-0.010989010989014503,-0.13626373626373578,35,32,ENABLE
1785583350.2806523,0.05855649652857231,0.010989010989014503,-0.12747252747252702,35,32,ENABLE
1785583350.2856557,0.05855649652857231,-0.010989010989014503,-0.13626373626373578,35,32,ENABLE
1785583350.2906914,0.05855649652857231,-0.010989010989014503,-0.13626373626373578,35,32,ENABLE
1785583350.2956543,0.05855649652857231,0.010989010989014503,-0.13626373626373578,35,32,ENABLE
1785583350.30066,0.05855649652857231,-0.010989010989014503,-0.13626373626373578,35,32,ENABLE
1785583350.305654,0.05855649652857231,-0.010989010989014503,-0.13626373626373578,35,32,ENABLE
1785583350.3106792,0.05855649652857231,-0.010989010989014503,-0.13626373626373578,35,32,ENABLE
1785583350.3156898,0.05855649652857231,-0.010989010989014503,-0.13626373626373578,35,32,ENABLE
1785583350.3207161,0.05893797207598972,0.0329670329670364,-0.14505494505494454,35,32,ENABLE
1785583350.325657,0.05931944762340713,0.0549450549450583,-0.16263736263736206,35,32,ENABLE
1785583350.3307586,0.05931944762340713,0.0549450549450583,-0.16263736263736206,35,32,ENABLE
1785583350.3356497,0.05970092317082454,0.0329670329670364,-0.17142857142857082,35,32,ENABLE
1785583350.3406544,0.05970092317082454,0.0329670329670364,-0.18021978021977958,35,32,ENABLE
1785583350.3456483,0.060463874265659356,0.0549450549450583,-0.1978021978021971,35,32,ENABLE
1785583350.3506758,0.061226825360494175,0.1428571428571459,-0.23296703296703214,35,32,ENABLE
1785583350.3556476,0.0623712520027464,0.1868131868131897,-0.25054945054944966,35,32,ENABLE
1785583350.3606546,0.06313420309758122,0.1648351648351678,-0.25054945054944966,35,32,ENABLE
1785583350.3656278,0.06313420309758122,0.0549450549450583,-0.23296703296703214,35,32,ENABLE
1785583350.370702,0.06275272755016381,-0.0329670329670364,-0.22417582417582338,35,32,ENABLE
1785583350.3756578,0.06275272755016381,-0.010989010989014503,-0.20659340659340586,35,32,ENABLE
1785583350.3806608,0.06275272755016381,-0.0329670329670364,-0.20659340659340586,35,32,ENABLE
1785583350.385658,0.06313420309758122,-0.0329670329670364,-0.18901098901098834,35,32,ENABLE
1785583350.3906798,0.06313420309758122,-0.010989010989014503,-0.1978021978021971,35,32,ENABLE
1785583350.3956883,0.06313420309758122,-0.010989010989014503,-0.1978021978021971,35,32,ENABLE
1785583350.400654,0.06313420309758122,-0.010989010989014503,-0.18901098901098834,35,32,ENABLE
1785583350.405652,0.06313420309758122,0.010989010989014503,-0.18901098901098834,35,32,ENABLE
1785583350.4107108,0.06275272755016381,-0.0549450549450583,-0.1978021978021971,35,32,ENABLE
1785583350.415714,0.06275272755016381,-0.010989010989014503,-0.18901098901098834,35,32,ENABLE
1785583350.420661,0.06275272755016381,-0.0329670329670364,-0.1978021978021971,35,32,ENABLE
1785583350.42565,0.06313420309758122,0.010989010989014503,-0.1978021978021971,35,32,ENABLE
1785583350.4306853,0.06351567864499863,0.0329670329670364,-0.1978021978021971,35,32,ENABLE
1785583350.4356554,0.06313420309758122,-0.010989010989014503,-0.1978021978021971,35,32,ENABLE
1785583350.4406555,0.06313420309758122,-0.010989010989014503,-0.1978021978021971,35,32,ENABLE
1785583350.445661,0.06313420309758122,-0.010989010989014503,-0.20659340659340586,35,32,ENABLE
1785583350.450689,0.06313420309758122,-0.010989010989014503,-0.20659340659340586,35,32,ENABLE
1785583350.4556553,0.06313420309758122,-0.010989010989014503,-0.20659340659340586,35,32,ENABLE
1785583350.4606543,0.06313420309758122,0.010989010989014503,-0.20659340659340586,35,32,ENABLE
1785583350.4656522,0.06313420309758122,-0.010989010989014503,-0.1978021978021971,35,32,ENABLE
1785583350.4706368,0.06351567864499863,-0.010989010989014503,-0.1978021978021971,35,32,ENABLE
1785583350.4757428,0.06313420309758122,-0.010989010989014503,-0.1978021978021971,35,32,ENABLE
1785583350.4806657,0.06313420309758122,-0.010989010989014503,-0.20659340659340586,35,32,ENABLE
1785583350.4856584,0.06351567864499863,0.010989010989014503,-0.21538461538461462,35,32,ENABLE
1785583350.4906926,0.06351567864499863,0.0329670329670364,-0.20659340659340586,35,32,ENABLE
1785583350.4956746,0.06389715419241604,0.010989010989014503,-0.21538461538461462,35,32,ENABLE
1785583350.5006528,0.06427862973983345,0.0549450549450583,-0.23296703296703214,35,32,ENABLE
1785583350.5056787,0.06504158083466827,0.0989010989011021,-0.2681318681318672,35,32,ENABLE
1785583350.5106342,0.06580453192950309,0.1648351648351678,-0.29450549450549346,35,32,ENABLE
1785583350.5156543,0.06694895857175531,0.1648351648351678,-0.3032967032967022,35,32,ENABLE
1785583350.520658,0.06733043411917272,0.120879120879124,-0.29450549450549346,35,32,ENABLE
1785583350.5256648,0.06733043411917272,0.010989010989014503,-0.2857142857142847,35,32,ENABLE
1785583350.530697,0.06694895857175531,-0.0329670329670364,-0.2681318681318672,35,32,ENABLE
1785583350.5356588,0.06694895857175531,-0.010989010989014503,-0.2593406593406584,35,32,ENABLE
1785583350.5406592,0.06694895857175531,-0.010989010989014503,-0.2593406593406584,35,32,ENABLE
1785583350.5456536,0.06694895857175531,0.010989010989014503,-0.2593406593406584,35,32,ENABLE
1785583350.5506551,0.06694895857175531,0.010989010989014503,-0.2593406593406584,35,32,ENABLE
1785583350.555653,0.06694895857175531,-0.0329670329670364,-0.2593406593406584,35,32,ENABLE
1785583350.560627,0.06694895857175531,-0.010989010989014503,-0.25054945054944966,35,32,ENABLE
1785583350.5656476,0.06694895857175531,-0.010989010989014503,-0.25054945054944966,35,32,ENABLE
1785583350.570698,0.06694895857175531,-0.010989010989014503,-0.25054945054944966,35,32,ENABLE
1785583350.575689,0.06694895857175531,0.010989010989014503,-0.2417582417582409,35,32,ENABLE
1785583350.5808733,0.06694895857175531,-0.010989010989014503,-0.25054945054944966,35,32,ENABLE
1785583350.5859194,0.06694895857175531,-0.0329670329670364,-0.25054945054944966,35,32,ENABLE
1785583350.590872,0.06694895857175531,0.010989010989014503,-0.25054945054944966,35,32,ENABLE
1785583350.595865,0.06694895857175531,0.010989010989014503,-0.25054945054944966,35,32,ENABLE
1785583350.6008685,0.06694895857175531,0.010989010989014503,-0.25054945054944966,35,32,ENABLE
1785583350.6058693,0.06694895857175531,-0.010989010989014503,-0.25054945054944966,35,32,ENABLE
1785583350.6108701,0.06694895857175531,-0.0329670329670364,-0.2593406593406584,35,32,ENABLE
1785583350.615812,0.06694895857175531,-0.0329670329670364,-0.25054945054944966,35,32,ENABLE
1785583350.6208637,0.06694895857175531,-0.010989010989014503,-0.2417582417582409,35,32,ENABLE
1785583350.625816,0.06694895857175531,0.010989010989014503,-0.2417582417582409,35,32,ENABLE
1785583350.6308134,0.06694895857175531,-0.010989010989014503,-0.2417582417582409,35,32,ENABLE
1785583350.6358383,0.06694895857175531,-0.010989010989014503,-0.2417582417582409,35,32,ENABLE
1785583350.6408093,0.06694895857175531,0.010989010989014503,-0.25054945054944966,35,32,ENABLE
1785583350.6458094,0.06733043411917272,0.010989010989014503,-0.25054945054944966,35,32,ENABLE
1785583350.6508775,0.06694895857175531,-0.010989010989014503,-0.2593406593406584,35,32,ENABLE
1785583350.6558073,0.06694895857175531,-0.0329670329670364,-0.2593406593406584,35,32,ENABLE
1785583350.6608207,0.06733043411917272,-0.0329670329670364,-0.2593406593406584,35,32,ENABLE
1785583350.665957,0.06694895857175531,-0.010989010989014503,-0.25054945054944966,35,32,ENABLE
1785583350.6708782,0.06694895857175531,-0.010989010989014503,-0.25054945054944966,35,32,ENABLE
1785583350.6758642,0.06694895857175531,-0.010989010989014503,-0.25054945054944966,35,32,ENABLE
1785583350.680807,0.06694895857175531,-0.0329670329670364,-0.2417582417582409,35,32,ENABLE
1785583350.6858623,0.06694895857175531,-0.010989010989014503,-0.25054945054944966,35,32,ENABLE
1785583350.690865,0.06694895857175531,-0.010989010989014503,-0.2417582417582409,35,32,ENABLE
1785583350.6958058,0.06694895857175531,-0.010989010989014503,-0.2593406593406584,35,32,ENABLE
1785583350.7008624,0.06694895857175531,-0.0329670329670364,-0.25054945054944966,35,32,ENABLE
1785583350.7058048,0.06733043411917272,-0.010989010989014503,-0.25054945054944966,35,32,ENABLE
1785583350.7108018,0.06733043411917272,-0.010989010989014503,-0.2417582417582409,35,32,ENABLE
1785583350.7158656,0.06733043411917272,0.010989010989014503,-0.25054945054944966,35,32,ENABLE
1785583350.7208104,0.06694895857175531,-0.010989010989014503,-0.25054945054944966,35,32,ENABLE
1785583350.7258148,0.06694895857175531,-0.010989010989014503,-0.25054945054944966,35,32,ENABLE
1785583350.730883,0.06733043411917272,-0.010989010989014503,-0.25054945054944966,35,32,ENABLE
1785583350.7359023,0.06733043411917272,-0.0329670329670364,-0.25054945054944966,35,32,ENABLE
1785583350.7408738,0.06733043411917272,-0.010989010989014503,-0.25054945054944966,35,32,ENABLE
1785583350.7458613,0.06694895857175531,-0.0329670329670364,-0.2417582417582409,35,32,ENABLE
1785583350.750814,0.06733043411917272,-0.010989010989014503,-0.2417582417582409,35,32,ENABLE
1785583350.7558541,0.06694895857175531,0.010989010989014503,-0.25054945054944966,35,32,ENABLE
1785583350.7608113,0.06694895857175531,-0.0329670329670364,-0.2593406593406584,35,32,ENABLE
1785583350.7658646,0.06733043411917272,-0.010989010989014503,-0.2593406593406584,35,32,ENABLE
1785583350.7708604,0.06733043411917272,0.010989010989014503,-0.25054945054944966,35,32,ENABLE
1785583350.7758121,0.06733043411917272,0.010989010989014503,-0.2593406593406584,35,32,ENABLE
1785583350.7808654,0.06694895857175531,-0.010989010989014503,-0.2593406593406584,35,32,ENABLE
1785583350.7858047,0.06733043411917272,-0.010989010989014503,-0.2417582417582409,35,32,ENABLE
1785583350.790868,0.06694895857175531,-0.010989010989014503,-0.2417582417582409,35,32,ENABLE
1785583350.7958727,0.06733043411917272,0.010989010989014503,-0.2417582417582409,35,32,ENABLE
1785583350.8008132,0.06694895857175531,-0.010989010989014503,-0.25054945054944966,35,32,ENABLE
1785583350.8058066,0.06733043411917272,-0.010989010989014503,-0.2593406593406584,35,32,ENABLE
1785583350.8107986,0.06733043411917272,-0.010989010989014503,-0.25054945054944966,35,32,ENABLE
1785583350.8158069,0.06733043411917272,0.010989010989014503,-0.25054945054944966,35,32,ENABLE
1785583350.8210976,0.06733043411917272,-0.0549450549450583,-0.2593406593406584,35,32,ENABLE
1785583350.8258681,0.06733043411917272,0.010989010989014503,-0.25054945054944966,35,32,ENABLE
1785583350.830799,0.06733043411917272,-0.010989010989014503,-0.25054945054944966,35,32,ENABLE
1785583350.835805,0.06733043411917272,-0.010989010989014503,-0.2417582417582409,35,32,ENABLE
1785583350.8408217,0.06733043411917272,-0.010989010989014503,-0.25054945054944966,35,32,ENABLE
1785583350.8457959,0.06733043411917272,-0.010989010989014503,-0.25054945054944966,35,32,ENABLE
1785583350.8508239,0.06733043411917272,0.010989010989014503,-0.25054945054944966,35,32,ENABLE
1785583350.8558028,0.06733043411917272,0.010989010989014503,-0.25054945054944966,35,32,ENABLE
1785583350.8608239,0.06694895857175531,-0.0329670329670364,-0.2417582417582409,35,32,ENABLE
1785583350.8658118,0.06694895857175531,-0.010989010989014503,-0.25054945054944966,35,32,ENABLE
1785583350.8708656,0.06733043411917272,-0.010989010989014503,-0.25054945054944966,35,32,ENABLE
1785583350.8758001,0.06733043411917272,-0.010989010989014503,-0.2417582417582409,35,32,ENABLE
1785583350.8808067,0.06733043411917272,-0.010989010989014503,-0.25054945054944966,35,32,ENABLE
1785583350.8858042,0.06733043411917272,-0.010989010989014503,-0.25054945054944966,35,32,ENABLE
1785583350.890797,0.06733043411917272,0.010989010989014503,-0.2593406593406584,35,32,ENABLE
1785583350.895799,0.06733043411917272,0.010989010989014503,-0.2681318681318672,35,32,ENABLE
1785583350.9008024,0.06733043411917272,-0.010989010989014503,-0.25054945054944966,35,32,ENABLE
1785583350.9058688,0.06733043411917272,-0.010989010989014503,-0.2593406593406584,35,32,ENABLE
1785583350.9108489,0.06733043411917272,-0.010989010989014503,-0.2593406593406584,35,32,ENABLE
1785583350.9158807,0.06733043411917272,-0.010989010989014503,-0.2593406593406584,35,32,ENABLE
1785583350.920877,0.06733043411917272,-0.010989010989014503,-0.2593406593406584,35,32,ENABLE
1785583350.9258738,0.06733043411917272,-0.010989010989014503,-0.25054945054944966,35,32,ENABLE
1785583350.9308712,0.06733043411917272,-0.010989010989014503,-0.2593406593406584,35,32,ENABLE
1785583350.9358113,0.06733043411917272,0.010989010989014503,-0.2593406593406584,35,32,ENABLE
1785583350.940807,0.06733043411917272,-0.0329670329670364,-0.2593406593406584,35,32,ENABLE
1785583350.945811,0.06733043411917272,-0.010989010989014503,-0.2593406593406584,35,32,ENABLE
1785583350.9508657,0.06733043411917272,0.010989010989014503,-0.2593406593406584,35,32,ENABLE
1785583350.9558058,0.06771190966659013,0.0329670329670364,-0.2593406593406584,35,32,ENABLE
1785583350.9608064,0.06771190966659013,0.010989010989014503,-0.2681318681318672,35,32,ENABLE
1785583350.9658074,0.06771190966659013,-0.010989010989014503,-0.2681318681318672,35,32,ENABLE
1785583350.9708686,0.06771190966659013,0.0329670329670364,-0.2681318681318672,35,32,ENABLE
1785583350.9758089,0.06809338521400754,0.0329670329670364,-0.29450549450549346,35,32,ENABLE
1785583350.9808092,0.06847486076142495,0.0329670329670364,-0.2857142857142847,35,32,ENABLE
1785583350.9858432,0.06885633630884236,0.0549450549450583,-0.29450549450549346,35,32,ENABLE
1785583350.9908772,0.06923781185625977,0.0989010989011021,-0.32087912087911974,35,32,ENABLE
1785583350.9958065,0.070382238498512,0.1648351648351678,-0.347252747252746,35,32,ENABLE
1785583351.0008698,0.0707637140459294,0.0989010989011021,-0.347252747252746,35,32,ENABLE
1785583351.0057976,0.07114518959334681,0.0329670329670364,-0.33846153846153726,35,32,ENABLE
1785583351.0108924,0.07114518959334681,-0.010989010989014503,-0.32087912087911974,35,32,ENABLE
1785583351.0158083,0.07114518959334681,0.010989010989014503,-0.312087912087911,35,32,ENABLE
1785583351.020805,0.0707637140459294,-0.010989010989014503,-0.312087912087911,35,32,ENABLE
1785583351.0257945,0.0707637140459294,-0.010989010989014503,-0.3032967032967022,35,32,ENABLE
1785583351.0308068,0.07114518959334681,-0.010989010989014503,-0.3032967032967022,35,32,ENABLE
1785583351.0358136,0.07114518959334681,0.010989010989014503,-0.312087912087911,35,32,ENABLE
1785583351.0408053,0.0707637140459294,-0.0329670329670364,-0.3032967032967022,35,32,ENABLE
1785583351.045797,0.0707637140459294,0.010989010989014503,-0.3032967032967022,35,32,ENABLE
1785583351.0508513,0.07114518959334681,0.010989010989014503,-0.3032967032967022,35,32,ENABLE
1785583351.0558085,0.07114518959334681,-0.010989010989014503,-0.3032967032967022,35,32,ENABLE
1785583351.0607982,0.07114518959334681,-0.010989010989014503,-0.3032967032967022,35,32,ENABLE
1785583351.065798,0.07114518959334681,-0.0329670329670364,-0.3032967032967022,35,32,ENABLE
1785583351.0707994,0.07114518959334681,-0.0329670329670364,-0.3032967032967022,35,32,ENABLE
1785583351.0758662,0.07114518959334681,-0.010989010989014503,-0.3032967032967022,35,32,ENABLE
1785583351.080808,0.07114518959334681,0.010989010989014503,-0.3032967032967022,35,32,ENABLE
1785583351.0858006,0.0707637140459294,-0.010989010989014503,-0.3032967032967022,35,32,ENABLE
1785583351.0908003,0.07114518959334681,0.010989010989014503,-0.3032967032967022,35,32,ENABLE
1785583351.0958152,0.07114518959334681,-0.0329670329670364,-0.3032967032967022,35,32,ENABLE
1785583351.100805,0.0707637140459294,-0.0329670329670364,-0.29450549450549346,35,32,ENABLE
1785583351.1057963,0.07114518959334681,-0.010989010989014503,-0.3032967032967022,35,32,ENABLE
1785583351.110799,0.07114518959334681,-0.010989010989014503,-0.3032967032967022,35,32,ENABLE
1785583351.1158612,0.07114518959334681,-0.0329670329670364,-0.3032967032967022,35,32,ENABLE
1785583351.1208112,0.07114518959334681,-0.010989010989014503,-0.3032967032967022,35,32,ENABLE
1785583351.1258078,0.07114518959334681,-0.0329670329670364,-0.3032967032967022,35,32,ENABLE
1785583351.130819,0.0707637140459294,-0.0329670329670364,-0.2857142857142847,35,32,ENABLE
1785583351.1358035,0.07114518959334681,-0.010989010989014503,-0.29450549450549346,35,32,ENABLE
1785583351.1408157,0.0707637140459294,-0.0329670329670364,-0.29450549450549346,35,32,ENABLE
1785583351.145795,0.0707637140459294,-0.0329670329670364,-0.3032967032967022,35,32,ENABLE
1785583351.1508267,0.0707637140459294,-0.010989010989014503,-0.29450549450549346,35,32,ENABLE
1785583351.1558216,0.0707637140459294,-0.0329670329670364,-0.2857142857142847,35,32,ENABLE
1785583351.1609075,0.0707637140459294,-0.010989010989014503,-0.3032967032967022,35,32,ENABLE
1785583351.1658707,0.0707637140459294,-0.010989010989014503,-0.29450549450549346,35,32,ENABLE
1785583351.175914,0.0707637140459294,0.010989010989014503,-0.3032967032967022,35,32,ENABLE
1785583351.1790404,0.0707637140459294,-0.0329670329670364,-0.3032967032967022,35,32,ENABLE
1785583351.182133,0.0707637140459294,-0.0329670329670364,-0.29450549450549346,35,32,ENABLE
1785583351.1852505,0.0707637140459294,-0.010989010989014503,-0.3032967032967022,35,32,ENABLE
1785583351.1900895,0.0707637140459294,0.010989010989014503,-0.312087912087911,35,32,ENABLE
1785583351.1950924,0.0707637140459294,-0.010989010989014503,-0.3032967032967022,35,32,ENABLE
1785583351.2000942,0.0707637140459294,-0.010989010989014503,-0.29450549450549346,35,32,ENABLE
1785583351.205253,0.0707637140459294,-0.0329670329670364,-0.29450549450549346,35,32,ENABLE
1785583351.2100253,0.0707637140459294,0.010989010989014503,-0.3032967032967022,35,32,ENABLE
1785583351.2150362,0.0707637140459294,-0.010989010989014503,-0.3032967032967022,35,32,ENABLE
1785583351.2200253,0.0707637140459294,-0.010989010989014503,-0.29450549450549346,35,32,ENABLE
1785583351.225132,0.0707637140459294,-0.0329670329670364,-0.29450549450549346,35,32,ENABLE
1785583351.2309816,0.0707637140459294,-0.010989010989014503,-0.2857142857142847,35,32,ENABLE
1785583351.2359805,0.0707637140459294,-0.010989010989014503,-0.29450549450549346,35,32,ENABLE
1785583351.2408986,0.0707637140459294,-0.010989010989014503,-0.29450549450549346,35,32,ENABLE
1785583351.2458975,0.0707637140459294,0.010989010989014503,-0.29450549450549346,35,32,ENABLE
1785583351.2506266,0.0707637140459294,-0.010989010989014503,-0.3032967032967022,35,32,ENABLE
1785583351.255652,0.07114518959334681,-0.010989010989014503,-0.312087912087911,35,32,ENABLE
1785583351.2605906,0.07114518959334681,0.010989010989014503,-0.312087912087911,35,32,ENABLE
1785583351.2656212,0.07152666514076422,0.0549450549450583,-0.3296703296703285,35,32,ENABLE
1785583351.270609,0.07190814068818163,0.0769230769230802,-0.3560439560439548,35,32,ENABLE
1785583351.2756128,0.07305256733043386,0.1648351648351678,-0.40879120879120734,35,32,ENABLE
1785583351.2808113,0.07534142061493831,0.3186813186813211,-0.4791208791208774,35,32,ENABLE
1785583351.285871,0.07724879835202536,0.3626373626373649,-0.514285714285716,35,32,ENABLE
1785583351.2906294,0.0791561760891124,0.3626373626373649,-0.5758241758241773,35,32,ENABLE
1785583351.2955875,0.08068207827878204,0.340659340659343,-0.5934065934065949,35,32,ENABLE
1785583351.3005924,0.0829709315632865,0.3846153846153868,-0.6461538461538474,35,32,ENABLE
1785583351.3055913,0.08449683375295614,0.3186813186813211,-0.6285714285714299,35,32,ENABLE
1785583351.3108256,0.08564126039520836,0.2747252747252773,-0.6461538461538474,35,32,ENABLE
1785583351.3158164,0.08640421149004318,0.1868131868131897,-0.6285714285714299,35,32,ENABLE
1785583351.3205895,0.08754863813229541,0.2087912087912116,-0.6197802197802211,35,32,ENABLE
1785583351.3255897,0.08754863813229541,0.0769230769230802,-0.5758241758241773,35,32,ENABLE
1785583351.3306406,0.08754863813229541,0.010989010989014503,-0.5582417582417598,35,32,ENABLE
1785583351.335626,0.08678568703746059,-0.0769230769230802,-0.5230769230769248,35,32,ENABLE
1785583351.340631,0.087167162584878,-0.010989010989014503,-0.5230769230769248,35,32,ENABLE
1785583351.3455915,0.087167162584878,-0.010989010989014503,-0.514285714285716,35,32,ENABLE
1785583351.3506353,0.087167162584878,0.010989010989014503,-0.5318681318681335,35,32,ENABLE
1785583351.3556046,0.087167162584878,0.010989010989014503,-0.5318681318681335,35,32,ENABLE
1785583351.3606336,0.087167162584878,-0.010989010989014503,-0.5230769230769248,35,32,ENABLE
1785583351.365612,0.087167162584878,-0.010989010989014503,-0.5230769230769248,35,32,ENABLE
1785583351.3706002,0.087167162584878,-0.0549450549450583,-0.5230769230769248,35,32,ENABLE
1785583351.3756354,0.087167162584878,-0.010989010989014503,-0.5230769230769248,35,32,ENABLE
1785583351.380601,0.087167162584878,-0.010989010989014503,-0.514285714285716,35,32,ENABLE
1785583351.3856387,0.087167162584878,-0.0329670329670364,-0.5230769230769248,35,32,ENABLE
1785583351.3908727,0.087167162584878,-0.010989010989014503,-0.514285714285716,35,32,ENABLE
1785583351.395875,0.087167162584878,-0.010989010989014503,-0.5230769230769248,35,32,ENABLE
1785583351.4006143,0.087167162584878,-0.010989010989014503,-0.514285714285716,35,32,ENABLE
1785583351.4056113,0.087167162584878,-0.010989010989014503,-0.514285714285716,35,32,ENABLE
1785583351.4105926,0.08754863813229541,0.010989010989014503,-0.514285714285716,35,32,ENABLE
1785583351.415651,0.087167162584878,-0.0329670329670364,-0.5230769230769248,35,32,ENABLE
1785583351.4208198,0.087167162584878,-0.0329670329670364,-0.5318681318681335,35,32,ENABLE
1785583351.4258716,0.087167162584878,-0.010989010989014503,-0.5230769230769248,35,32,ENABLE
1785583351.430594,0.087167162584878,0.010989010989014503,-0.514285714285716,35,32,ENABLE
1785583351.4356503,0.087167162584878,-0.010989010989014503,-0.514285714285716,35,32,ENABLE
1785583351.440589,0.087167162584878,0.010989010989014503,-0.514285714285716,35,32,ENABLE
1785583351.4456105,0.087167162584878,-0.010989010989014503,-0.514285714285716,35,32,ENABLE
1785583351.4508271,0.087167162584878,0.010989010989014503,-0.5054945054945073,35,32,ENABLE
1785583351.4558778,0.08678568703746059,0.010989010989014503,-0.5054945054945073,35,32,ENABLE
1785583351.4606736,0.087167162584878,-0.010989010989014503,-0.514285714285716,35,32,ENABLE
1785583351.4656694,0.087167162584878,0.010989010989014503,-0.5230769230769248,35,32,ENABLE
1785583351.470618,0.08678568703746059,-0.010989010989014503,-0.5054945054945073,35,32,ENABLE
1785583351.4756103,0.08678568703746059,-0.0329670329670364,-0.5054945054945073,35,32,ENABLE
1785583351.4806223,0.08678568703746059,-0.0329670329670364,-0.5054945054945073,35,32,ENABLE
1785583351.4856176,0.08678568703746059,0.010989010989014503,-0.49670329670329494,35,32,ENABLE
1785583351.4905925,0.08678568703746059,-0.0329670329670364,-0.5054945054945073,35,32,ENABLE
1785583351.4956942,0.08678568703746059,-0.010989010989014503,-0.5054945054945073,35,32,ENABLE
1785583351.5008795,0.08678568703746059,-0.010989010989014503,-0.5054945054945073,35,32,ENABLE
1785583351.5058255,0.08678568703746059,0.010989010989014503,-0.5230769230769248,35,32,ENABLE
1785583351.5106215,0.08678568703746059,-0.010989010989014503,-0.5230769230769248,35,32,ENABLE
1785583351.515619,0.08678568703746059,0.010989010989014503,-0.514285714285716,35,32,ENABLE
1785583351.5206676,0.08678568703746059,-0.0329670329670364,-0.5054945054945073,35,32,ENABLE
1785583351.5256214,0.08678568703746059,-0.0329670329670364,-0.514285714285716,35,32,ENABLE
1785583351.5305905,0.08678568703746059,-0.010989010989014503,-0.514285714285716,35,32,ENABLE
1785583351.5356188,0.08678568703746059,-0.010989010989014503,-0.514285714285716,35,32,ENABLE
1785583351.5408788,0.08678568703746059,-0.010989010989014503,-0.5054945054945073,35,32,ENABLE
1785583351.5459175,0.08678568703746059,-0.010989010989014503,-0.514285714285716,35,32,ENABLE
1785583351.5506256,0.08678568703746059,-0.010989010989014503,-0.514285714285716,35,32,ENABLE
1785583351.5555882,0.08678568703746059,-0.0329670329670364,-0.514285714285716,35,32,ENABLE
1785583351.5606387,0.08678568703746059,0.010989010989014503,-0.514285714285716,35,32,ENABLE
1785583351.5656722,0.08678568703746059,0.010989010989014503,-0.514285714285716,35,32,ENABLE
1785583351.5705953,0.08678568703746059,-0.010989010989014503,-0.5230769230769248,35,32,ENABLE
1785583351.5756257,0.08678568703746059,-0.0329670329670364,-0.5230769230769248,35,32,ENABLE
1785583351.5806713,0.08678568703746059,-0.010989010989014503,-0.5230769230769248,35,32,ENABLE
1785583351.585658,0.08678568703746059,0.010989010989014503,-0.514285714285716,35,32,ENABLE
1785583351.5905886,0.08678568703746059,-0.010989010989014503,-0.514285714285716,35,32,ENABLE
1785583351.5956254,0.08678568703746059,-0.010989010989014503,-0.514285714285716,35,32,ENABLE
1785583351.6008708,0.08678568703746059,-0.0329670329670364,-0.5230769230769248,35,32,ENABLE
1785583351.6058514,0.08678568703746059,-0.010989010989014503,-0.514285714285716,35,32,ENABLE
1785583351.6106486,0.087167162584878,0.0329670329670364,-0.514285714285716,35,32,ENABLE
1785583351.6155882,0.08678568703746059,-0.0329670329670364,-0.514285714285716,35,32,ENABLE
1785583351.6205919,0.08678568703746059,-0.010989010989014503,-0.514285714285716,35,32,ENABLE
1785583351.625591,0.08678568703746059,-0.0329670329670364,-0.514285714285716,35,32,ENABLE
1785583351.6308744,0.08678568703746059,-0.0329670329670364,-0.514285714285716,35,32,ENABLE
1785583351.6358001,0.08678568703746059,-0.010989010989014503,-0.514285714285716,35,32,ENABLE
1785583351.6406302,0.08678568703746059,-0.0329670329670364,-0.5054945054945073,35,32,ENABLE
1785583351.6456223,0.08678568703746059,-0.010989010989014503,-0.514285714285716,35,32,ENABLE
1785583351.6506336,0.08678568703746059,-0.010989010989014503,-0.514285714285716,35,32,ENABLE
1785583351.6556082,0.08678568703746059,-0.0329670329670364,-0.514285714285716,35,32,ENABLE
1785583351.6606252,0.08678568703746059,-0.010989010989014503,-0.514285714285716,35,32,ENABLE
1785583351.665615,0.08678568703746059,0.010989010989014503,-0.5054945054945073,35,32,ENABLE
1785583351.6708803,0.08678568703746059,-0.0329670329670364,-0.514285714285716,35,32,ENABLE
1785583351.675874,0.08678568703746059,-0.010989010989014503,-0.514285714285716,35,32,ENABLE
1785583351.6806376,0.08678568703746059,0.010989010989014503,-0.5054945054945073,35,32,ENABLE
1785583351.68559,0.08678568703746059,-0.0329670329670364,-0.514285714285716,35,32,ENABLE
1785583351.6906655,0.08678568703746059,0.010989010989014503,-0.5230769230769248,35,32,ENABLE
1785583351.6956153,0.08678568703746059,-0.010989010989014503,-0.514285714285716,35,32,ENABLE
1785583351.7006161,0.08678568703746059,0.010989010989014503,-0.514285714285716,35,32,ENABLE
1785583351.7056258,0.08640421149004318,-0.0329670329670364,-0.5054945054945073,35,32,ENABLE
1785583351.710801,0.08640421149004318,-0.010989010989014503,-0.5054945054945073,35,32,ENABLE
1785583351.7158158,0.08640421149004318,-0.010989010989014503,-0.514285714285716,35,32,ENABLE
1785583351.7206674,0.08678568703746059,-0.010989010989014503,-0.5054945054945073,35,32,ENABLE
1785583351.72561,0.08678568703746059,-0.0329670329670364,-0.49670329670329494,35,32,ENABLE
1785583351.730597,0.08640421149004318,-0.010989010989014503,-0.514285714285716,35,32,ENABLE
1785583351.7356231,0.08640421149004318,-0.010989010989014503,-0.514285714285716,35,32,ENABLE
1785583351.7407978,0.08640421149004318,0.010989010989014503,-0.5054945054945073,35,32,ENABLE
1785583351.745805,0.08678568703746059,0.010989010989014503,-0.514285714285716,35,32,ENABLE
1785583351.7507775,0.08640421149004318,-0.0329670329670364,-0.514285714285716,35,32,ENABLE
1785583351.755634,0.08678568703746059,-0.010989010989014503,-0.514285714285716,35,32,ENABLE
1785583351.760617,0.08640421149004318,-0.0329670329670364,-0.514285714285716,35,32,ENABLE
1785583351.7656732,0.08678568703746059,-0.010989010989014503,-0.514285714285716,35,32,ENABLE
1785583351.7706194,0.08640421149004318,-0.010989010989014503,-0.5054945054945073,35,32,ENABLE
1785583351.7756665,0.08640421149004318,-0.010989010989014503,-0.514285714285716,35,32,ENABLE
1785583351.780619,0.08640421149004318,-0.010989010989014503,-0.5054945054945073,35,32,ENABLE
1785583351.7856133,0.08640421149004318,-0.010989010989014503,-0.514285714285716,35,32,ENABLE
1785583351.79078,0.08640421149004318,-0.0329670329670364,-0.5054945054945073,35,32,ENABLE
1785583351.7958217,0.08678568703746059,-0.010989010989014503,-0.514285714285716,35,32,ENABLE
1785583351.8006847,0.08640421149004318,-0.0329670329670364,-0.514285714285716,35,32,ENABLE
1785583351.8055987,0.08678568703746059,-0.010989010989014503,-0.514285714285716,35,32,ENABLE
1785583351.8105922,0.08678568703746059,0.010989010989014503,-0.514285714285716,35,32,ENABLE
1785583351.815635,0.08678568703746059,0.010989010989014503,-0.514285714285716,35,32,ENABLE
1785583351.8207994,0.08678568703746059,-0.010989010989014503,-0.5054945054945073,35,32,ENABLE
1785583351.8258193,0.08640421149004318,-0.0329670329670364,-0.5054945054945073,35,32,ENABLE
1785583351.830688,0.08678568703746059,-0.010989010989014503,-0.514285714285716,35,32,ENABLE
1785583351.8355877,0.08678568703746059,0.010989010989014503,-0.5230769230769248,35,32,ENABLE
1785583351.840746,0.08678568703746059,-0.0329670329670364,-0.514285714285716,35,32,ENABLE
1785583351.845621,0.08678568703746059,0.010989010989014503,-0.514285714285716,35,32,ENABLE
1785583351.8506346,0.08678568703746059,-0.010989010989014503,-0.514285714285716,35,32,ENABLE
1785583351.855622,0.08678568703746059,-0.010989010989014503,-0.5230769230769248,35,32,ENABLE
1785583351.8607461,0.08678568703746059,-0.010989010989014503,-0.514285714285716,35,32,ENABLE
1785583351.8656254,0.08678568703746059,-0.010989010989014503,-0.514285714285716,35,32,ENABLE
1785583351.8706622,0.08678568703746059,-0.010989010989014503,-0.5054945054945073,35,32,ENABLE
1785583351.875615,0.08678568703746059,0.010989010989014503,-0.514285714285716,35,32,ENABLE
1785583351.8805995,0.08678568703746059,-0.010989010989014503,-0.514285714285716,35,32,ENABLE
1785583351.885664,0.08678568703746059,-0.0329670329670364,-0.514285714285716,35,32,ENABLE
1785583351.890618,0.08678568703746059,-0.010989010989014503,-0.514285714285716,35,32,ENABLE
1785583351.8956108,0.08678568703746059,-0.010989010989014503,-0.514285714285716,35,32,ENABLE
1785583351.90073,0.08678568703746059,-0.010989010989014503,-0.5230769230769248,35,32,ENABLE
1785583351.9058113,0.08678568703746059,-0.010989010989014503,-0.514285714285716,35,32,ENABLE
1785583351.9107478,0.08678568703746059,-0.0329670329670364,-0.5054945054945073,35,32,ENABLE
1785583351.9155958,0.08678568703746059,-0.0329670329670364,-0.5054945054945073,35,32,ENABLE
1785583351.9205878,0.08678568703746059,0.010989010989014503,-0.5230769230769248,35,32,ENABLE
1785583351.9256594,0.08678568703746059,-0.010989010989014503,-0.5230769230769248,35,32,ENABLE
1785583351.9306138,0.08678568703746059,-0.010989010989014503,-0.514285714285716,35,32,ENABLE
1785583351.9355974,0.08678568703746059,-0.010989010989014503,-0.5054945054945073,35,32,ENABLE
1785583351.9406884,0.08678568703746059,-0.010989010989014503,-0.514285714285716,35,32,ENABLE
1785583351.9458163,0.08678568703746059,0.010989010989014503,-0.514285714285716,35,32,ENABLE
1785583351.9507794,0.08678568703746059,-0.010989010989014503,-0.5230769230769248,35,32,ENABLE
1785583351.95562,0.08678568703746059,-0.0329670329670364,-0.514285714285716,35,32,ENABLE
1785583351.9605982,0.08678568703746059,-0.010989010989014503,-0.5054945054945073,35,32,ENABLE
1785583351.9655967,0.08678568703746059,-0.010989010989014503,-0.514285714285716,35,32,ENABLE
1785583351.9705966,0.08678568703746059,-0.010989010989014503,-0.5230769230769248,35,32,ENABLE
1785583351.975589,0.08678568703746059,-0.010989010989014503,-0.514285714285716,35,32,ENABLE
1785583351.9805903,0.08678568703746059,-0.010989010989014503,-0.514285714285716,35,32,ENABLE
1785583351.9858034,0.08678568703746059,-0.010989010989014503,-0.5054945054945073,35,32,ENABLE
1785583351.9908175,0.08678568703746059,-0.010989010989014503,-0.514285714285716,35,32,ENABLE
1785583351.9956186,0.08678568703746059,-0.010989010989014503,-0.514285714285716,35,32,ENABLE
1785583352.0006225,0.08678568703746059,-0.0329670329670364,-0.514285714285716,35,32,ENABLE
1785583352.0055916,0.08678568703746059,0.010989010989014503,-0.514285714285716,35,32,ENABLE
1785583352.010643,0.08678568703746059,-0.010989010989014503,-0.5054945054945073,35,32,ENABLE
1785583352.0156178,0.08678568703746059,-0.010989010989014503,-0.5054945054945073,35,32,ENABLE
1785583352.0206234,0.08678568703746059,-0.010989010989014503,-0.514285714285716,35,32,ENABLE
1785583352.0255952,0.08678568703746059,-0.010989010989014503,-0.514285714285716,35,32,ENABLE
1785583352.0306635,0.08640421149004318,-0.010989010989014503,-0.5054945054945073,35,32,ENABLE
1785583352.0358129,0.08678568703746059,-0.010989010989014503,-0.514285714285716,35,32,ENABLE
1785583352.0408006,0.08678568703746059,-0.0329670329670364,-0.514285714285716,35,32,ENABLE
1785583352.0455933,0.08678568703746059,-0.010989010989014503,-0.514285714285716,35,32,ENABLE
1785583352.0506337,0.08678568703746059,-0.010989010989014503,-0.514285714285716,35,32,ENABLE
1785583352.0556226,0.08640421149004318,-0.0329670329670364,-0.5054945054945073,35,32,ENABLE
1785583352.060592,0.08678568703746059,0.010989010989014503,-0.514285714285716,35,32,ENABLE
1785583352.0656202,0.08640421149004318,-0.0329670329670364,-0.514285714285716,35,32,ENABLE
1785583352.0706177,0.08640421149004318,-0.010989010989014503,-0.514285714285716,35,32,ENABLE
1785583352.0758762,0.08640421149004318,-0.010989010989014503,-0.49670329670329494,35,32,ENABLE
1785583352.0809064,0.08640421149004318,-0.010989010989014503,-0.49670329670329494,35,32,ENABLE
1785583352.0856555,0.08640421149004318,-0.010989010989014503,-0.5054945054945073,35,32,ENABLE
1785583352.0906224,0.08640421149004318,0.010989010989014503,-0.5054945054945073,35,32,ENABLE
1785583352.0956333,0.08640421149004318,0.010989010989014503,-0.5054945054945073,35,32,ENABLE
1785583352.1006222,0.08640421149004318,0.010989010989014503,-0.514285714285716,35,32,ENABLE
1785583352.105594,0.08640421149004318,-0.0329670329670364,-0.5054945054945073,35,32,ENABLE
1785583352.110622,0.08640421149004318,-0.0329670329670364,-0.5054945054945073,35,32,ENABLE
1785583352.1158247,0.08640421149004318,-0.010989010989014503,-0.514285714285716,35,32,ENABLE
1785583352.1208115,0.08640421149004318,-0.010989010989014503,-0.5054945054945073,35,32,ENABLE
1785583352.1256227,0.08640421149004318,-0.0329670329670364,-0.5054945054945073,35,32,ENABLE
1785583352.130592,0.08640421149004318,-0.0329670329670364,-0.5054945054945073,35,32,ENABLE
1785583352.1355999,0.08640421149004318,-0.010989010989014503,-0.5054945054945073,35,32,ENABLE
1785583352.1406586,0.08640421149004318,-0.0329670329670364,-0.514285714285716,35,32,ENABLE
1785583352.1456156,0.08640421149004318,-0.010989010989014503,-0.514285714285716,35,32,ENABLE
1785583352.1506257,0.08640421149004318,-0.010989010989014503,-0.5054945054945073,35,32,ENABLE
1785583352.1555896,0.08640421149004318,0.010989010989014503,-0.5054945054945073,35,32,ENABLE
1785583352.160698,0.08640421149004318,0.010989010989014503,-0.514285714285716,35,32,ENABLE
1785583352.165663,0.08640421149004318,-0.010989010989014503,-0.514285714285716,35,32,ENABLE
1785583352.1706252,0.08640421149004318,-0.010989010989014503,-0.5054945054945073,35,32,ENABLE
1785583352.1756241,0.08640421149004318,-0.010989010989014503,-0.514285714285716,35,32,ENABLE
1785583352.1806593,0.08640421149004318,-0.010989010989014503,-0.5054945054945073,35,32,ENABLE
1785583352.1856213,0.08640421149004318,0.010989010989014503,-0.5054945054945073,35,32,ENABLE
1785583352.1906216,0.08640421149004318,-0.010989010989014503,-0.514285714285716,35,32,ENABLE
1785583352.1956153,0.08640421149004318,-0.010989010989014503,-0.5054945054945073,35,32,ENABLE
1785583352.2006667,0.08640421149004318,0.0329670329670364,-0.5054945054945073,35,32,ENABLE
1785583352.2058654,0.08640421149004318,-0.0329670329670364,-0.514285714285716,35,32,ENABLE
1785583352.2108147,0.08640421149004318,-0.0329670329670364,-0.514285714285716,35,32,ENABLE
1785583352.2158177,0.08640421149004318,-0.010989010989014503,-0.514285714285716,35,32,ENABLE
1785583352.2206337,0.08640421149004318,0.010989010989014503,-0.5054945054945073,35,32,ENABLE
1785583352.2256253,0.08640421149004318,0.010989010989014503,-0.5054945054945073,35,32,ENABLE
1785583352.230619,0.08640421149004318,-0.010989010989014503,-0.5054945054945073,35,32,ENABLE
1785583352.235617,0.08640421149004318,-0.0329670329670364,-0.5054945054945073,35,32,ENABLE
1785583352.2406592,0.08640421149004318,-0.010989010989014503,-0.514285714285716,35,32,ENABLE
1785583352.2458682,0.08640421149004318,-0.010989010989014503,-0.5054945054945073,35,32,ENABLE
1785583352.2508268,0.08640421149004318,-0.010989010989014503,-0.5054945054945073,35,32,ENABLE
1785583352.2556212,0.08640421149004318,-0.0329670329670364,-0.5054945054945073,35,32,ENABLE
1785583352.260615,0.08640421149004318,-0.010989010989014503,-0.5054945054945073,35,32,ENABLE
1785583352.2656212,0.08640421149004318,0.010989010989014503,-0.49670329670329494,35,32,ENABLE
1785583352.270622,0.08640421149004318,-0.010989010989014503,-0.5054945054945073,35,32,ENABLE
1785583352.2756183,0.08602273594262577,-0.0329670329670364,-0.4879120879120862,35,32,ENABLE
1785583352.280597,0.08602273594262577,-0.010989010989014503,-0.49670329670329494,35,32,ENABLE
1785583352.285815,0.08602273594262577,0.010989010989014503,-0.514285714285716,35,32,ENABLE
1785583352.2908142,0.08602273594262577,-0.010989010989014503,-0.5054945054945073,35,32,ENABLE
1785583352.2956328,0.08602273594262577,-0.0329670329670364,-0.49670329670329494,35,32,ENABLE
1785583352.3005984,0.08602273594262577,-0.0329670329670364,-0.5054945054945073,35,32,ENABLE
1785583352.305619,0.08602273594262577,-0.0329670329670364,-0.49670329670329494,35,32,ENABLE
1785583352.3106005,0.08602273594262577,-0.0329670329670364,-0.49670329670329494,35,32,ENABLE
1785583352.3158004,0.08602273594262577,-0.010989010989014503,-0.5054945054945073,35,32,ENABLE
1785583352.3208125,0.08602273594262577,-0.0329670329670364,-0.4879120879120862,35,32,ENABLE
1785583352.3257043,0.08564126039520836,-0.010989010989014503,-0.4791208791208774,35,32,ENABLE
1785583352.3306336,0.08564126039520836,-0.010989010989014503,-0.4879120879120862,35,32,ENABLE
1785583352.335623,0.08564126039520836,-0.0329670329670364,-0.4879120879120862,35,32,ENABLE
1785583352.3405936,0.08564126039520836,-0.0329670329670364,-0.49670329670329494,35,32,ENABLE
1785583352.3457975,0.08564126039520836,-0.010989010989014503,-0.4879120879120862,35,32,ENABLE
1785583352.3508744,0.08525978484779095,-0.0329670329670364,-0.4879120879120862,35,32,ENABLE
1785583352.3556879,0.08525978484779095,-0.0329670329670364,-0.4791208791208774,35,32,ENABLE
1785583352.3605921,0.08449683375295614,-0.0989010989011021,-0.45274725274725114,35,32,ENABLE
1785583352.365617,0.08373388265812132,-0.1648351648351678,-0.4175824175824161,35,32,ENABLE
1785583352.3706305,0.08258945601586909,-0.2307692307692335,-0.38241758241758106,35,32,ENABLE
1785583352.3752975,0.08144502937361686,-0.2087912087912116,-0.38241758241758106,35,32,ENABLE
1785583352.3808126,0.08106355382619945,-0.120879120879124,-0.38241758241758106,35,32,ENABLE
1785583352.3858073,0.08106355382619945,-0.0989010989011021,-0.3912087912087898,35,32,ENABLE
1785583352.3908231,0.08068207827878204,-0.0769230769230802,-0.38241758241758106,35,32,ENABLE
1785583352.3958151,0.07991912718394723,-0.120879120879124,-0.36483516483516354,35,32,ENABLE
1785583352.4007697,0.078774700541695,-0.2087912087912116,-0.3296703296703285,35,32,ENABLE
1785583352.4057696,0.07763027389944277,-0.2527472527472554,-0.32087912087911974,35,32,ENABLE
1785583352.4141288,0.07610437170977313,-0.2087912087912116,-0.27692307692307594,35,32,ENABLE
1785583352.4188185,0.0745784695201035,-0.2747252747252773,-0.25054945054944966,35,32,ENABLE
1785583352.421962,0.07381551842526868,-0.2527472527472554,-0.2417582417582409,35,32,ENABLE
1785583352.4250572,0.07343404287785127,-0.1868131868131897,-0.2681318681318672,35,32,ENABLE
1785583352.4292123,0.07381551842526868,-0.0769230769230802,-0.2857142857142847,35,32,ENABLE
1785583352.4354875,0.07381551842526868,0.010989010989014503,-0.3032967032967022,35,32,ENABLE
1785583352.4406376,0.07381551842526868,-0.0329670329670364,-0.312087912087911,35,32,ENABLE
1785583352.4458075,0.07343404287785127,-0.010989010989014503,-0.3296703296703285,35,32,ENABLE
1785583352.4508667,0.07381551842526868,0.010989010989014503,-0.33846153846153726,35,32,ENABLE
1785583352.4558184,0.07381551842526868,-0.010989010989014503,-0.3296703296703285,35,32,ENABLE
1785583352.4607983,0.07343404287785127,-0.0549450549450583,-0.3296703296703285,35,32,ENABLE
1785583352.4657965,0.07381551842526868,0.010989010989014503,-0.33846153846153726,35,32,ENABLE
1785583352.470775,0.07381551842526868,0.010989010989014503,-0.3296703296703285,35,32,ENABLE
1785583352.4758034,0.07381551842526868,-0.010989010989014503,-0.33846153846153726,35,32,ENABLE
1785583352.4807775,0.07381551842526868,-0.0329670329670364,-0.347252747252746,35,32,ENABLE
1785583352.4858024,0.07381551842526868,-0.010989010989014503,-0.347252747252746,35,32,ENABLE
1785583352.4907734,0.07381551842526868,-0.0329670329670364,-0.33846153846153726,35,32,ENABLE
1785583352.4957674,0.07381551842526868,-0.0329670329670364,-0.33846153846153726,35,32,ENABLE
1785583352.500774,0.07343404287785127,-0.0329670329670364,-0.33846153846153726,35,32,ENABLE
1785583352.5057766,0.07381551842526868,0.010989010989014503,-0.347252747252746,35,32,ENABLE
1785583352.5108016,0.07381551842526868,-0.010989010989014503,-0.33846153846153726,35,32,ENABLE
1785583352.5157776,0.07381551842526868,-0.010989010989014503,-0.33846153846153726,35,32,ENABLE
1785583352.52087,0.07343404287785127,-0.0329670329670364,-0.33846153846153726,35,32,ENABLE
1785583352.5258021,0.07343404287785127,-0.0329670329670364,-0.33846153846153726,35,32,ENABLE
1785583352.5308106,0.07381551842526868,0.010989010989014503,-0.3296703296703285,35,32,ENABLE
1785583352.535866,0.07343404287785127,-0.010989010989014503,-0.33846153846153726,35,32,ENABLE
1785583352.5408764,0.07343404287785127,-0.010989010989014503,-0.33846153846153726,35,32,ENABLE
1785583352.5457957,0.07381551842526868,-0.010989010989014503,-0.33846153846153726,35,32,ENABLE
1785583352.5508075,0.07343404287785127,-0.010989010989014503,-0.3296703296703285,35,32,ENABLE
1785583352.5557766,0.07343404287785127,-0.0329670329670364,-0.32087912087911974,35,32,ENABLE
1785583352.5608108,0.07343404287785127,-0.010989010989014503,-0.3296703296703285,35,32,ENABLE
1785583352.5660267,0.07305256733043386,-0.0549450549450583,-0.3999999999999986,35,32,ENABLE
1785583352.5708015,0.07228961623559904,-0.1428571428571459,-0.49670329670329494,35,32,ENABLE
1785583352.5758033,0.06923781185625977,-0.4285714285714306,-0.549450549450551,35,32,ENABLE
1785583352.5808425,0.06466010528725086,-0.780219780219781,-0.6021978021978036,35,32,ENABLE
1785583352.5858452,0.0581750209811549,-1.0659340659340657,-0.6197802197802211,35,32,ENABLE
1785583352.5907812,0.05092698558022413,-1.3736263736263723,-0.6109890109890124,35,32,ENABLE
1785583352.5958133,0.042153047989623715,-1.637362637362635,-0.5934065934065949,35,32,ENABLE
1785583352.6008124,0.03185320820935367,-1.901098901098898,-0.5582417582417598,35,32,ENABLE
1785583352.60581,0.0207904173342488,-2.098901098901102,-0.549450549450551,35,32,ENABLE
1785583352.6107774,0.009346150911726525,-2.2527472527472554,-0.5230769230769248,35,32,ENABLE
1785583352.615805,-0.0024795910582131597,-2.384615384615387,-0.5230769230769248,35,32,ENABLE
1785583352.6207738,-0.01583123521782248,-2.53846153846154,-0.49670329670329494,35,32,ENABLE
1785583352.6258137,-0.029564354924849212,-2.6703296703296715,-0.47032967032966866,35,32,ENABLE
1785583352.6307783,-0.04329747463187594,-2.736263736263737,-0.4615384615384599,35,32,ENABLE
1785583352.6357737,-0.05741206988632008,-2.824175824175825,-0.4615384615384599,35,32,ENABLE
1785583352.6408033,-0.07190814068818163,-2.8901098901098905,-0.47032967032966866,35,32,ENABLE
1785583352.6458066,-0.08678568703746059,-2.9340659340659343,-0.4439560439560424,35,32,ENABLE
1785583352.6508133,-0.10204470893415696,-3.021978021978022,-0.4615384615384599,36,32,ENABLE
1785583352.6557765,-0.11730373083085333,-3.043956043956044,-0.4351648351648336,35,32,ENABLE
1785583352.6608174,-0.1333257038223845,-3.1538461538461533,-0.4439560439560424,35,32,ENABLE
1785583352.665873,-0.1489662012664983,-3.1538461538461533,-0.4439560439560424,36,32,ENABLE
1785583352.670775,-0.16422522316319466,-3.1538461538461533,-0.4439560439560424,36,32,ENABLE
1785583352.6758037,-0.18024719615472584,-3.1538461538461533,-0.4615384615384599,35,32,ENABLE
1785583352.6808,-0.19626916914625703,-3.1538461538461533,-0.47032967032966866,36,32,ENABLE
1785583352.6858177,-0.21267261768520562,-3.241758241758241,-0.45274725274725114,36,32,ENABLE
1785583352.6907845,-0.22907606622415422,-3.2857142857142847,-0.4439560439560424,36,32,ENABLE
1785583352.6958115,-0.2454795147631028,-3.3076923076923066,-0.45274725274725114,36,32,ENABLE
1785583352.7008011,-0.2618829633020532,-3.2857142857142847,-0.4439560439560424,36,32,ENABLE
1785583352.7058642,-0.2786678873884192,-3.3076923076923066,-0.45274725274725114,36,32,ENABLE
1785583352.7108014,-0.2950713359273678,-3.3516483516483504,-0.4351648351648336,36,32,ENABLE
1785583352.7158113,-0.3118562600137338,-3.3736263736263723,-0.4351648351648336,36,32,ENABLE
1785583352.7207828,-0.3282597085526824,-3.3516483516483504,-0.4439560439560424,36,32,ENABLE
1785583352.7258213,-0.3450446326390484,-3.3516483516483504,-0.4439560439560424,36,32,ENABLE
1785583352.7307694,-0.3618295567254144,-3.3736263736263723,-0.42637362637362486,36,32,ENABLE
1785583352.7357793,-0.3793774319066152,-3.439560439560438,-0.4175824175824161,36,32,ENABLE
1785583352.740807,-0.39654383154039863,-3.46153846153846,-0.3999999999999986,36,32,ENABLE
1785583352.7458024,-0.41371023117418204,-3.439560439560438,-0.3912087912087898,36,32,ENABLE
1785583352.750807,-0.43087663080796546,-3.417582417582416,-0.38241758241758106,36,32,ENABLE
1785583352.7557654,-0.44728007934691405,-3.3736263736263723,-0.3999999999999986,36,32,ENABLE
1785583352.760801,-0.46444647898069746,-3.417582417582416,-0.3912087912087898,36,32,ENABLE
1785583352.7657998,-0.48123140306706347,-3.3736263736263723,-0.3912087912087898,36,32,ENABLE
1785583352.7708,-0.4983978027008469,-3.417582417582416,-0.3912087912087898,36,32,ENABLE
1785583352.7758226,-0.5155642023346303,-3.417582417582416,-0.3999999999999986,36,32,ENABLE
1785583352.7807693,-0.5319676508735789,-3.395604395604394,-0.3999999999999986,36,32,ENABLE
1785583352.7858372,-0.5491340505073623,-3.417582417582416,-0.3912087912087898,36,32,ENABLE
1785583352.790779,-0.5663004501411457,-3.417582417582416,-0.38241758241758106,36,32,ENABLE
1785583352.7957997,-0.5830853742275117,-3.417582417582416,-0.38241758241758106,36,32,ENABLE
1785583352.800799,-0.6002517738612951,-3.395604395604394,-0.3912087912087898,36,32,ENABLE
1785583352.8058121,-0.6170366979476611,-3.395604395604394,-0.38241758241758106,36,32,ENABLE
1785583352.8107994,-0.6342030975814446,-3.395604395604394,-0.3736263736263723,36,32,ENABLE
1785583352.8158038,-0.6509880216678106,-3.3736263736263723,-0.3736263736263723,36,32,ENABLE
1785583352.8208067,-0.668154421301594,-3.395604395604394,-0.3736263736263723,36,32,ENABLE
1785583352.8257368,-0.6845578698405426,-3.3516483516483504,-0.3736263736263723,36,32,ENABLE
1785583352.8310397,-0.7024872205691608,-3.395604395604394,-0.3736263736263723,36,32,ENABLE
1785583352.8357675,-0.7181277180132746,-3.395604395604394,-0.3560439560439548,36,32,ENABLE
1785583352.840649,-0.735294117647058,-3.417582417582416,-0.33846153846153726,36,32,ENABLE
1785583352.8455772,-0.7520790417334258,-3.395604395604394,-0.347252747252746,36,32,ENABLE
1785583352.8509035,-0.7696269169146266,-3.395604395604394,-0.3560439560439548,36,32,ENABLE
1785583352.855781,-0.7852674143587404,-3.3076923076923066,-0.3736263736263723,36,32,ENABLE
1785583352.8608084,-0.8012893873502716,-3.197802197802197,-0.4175824175824161,36,32,ENABLE
1785583352.8658001,-0.8169298847943853,-3.1538461538461533,-0.45274725274725114,36,32,ENABLE
1785583352.8708088,-0.8321889066910817,-3.0879120879120876,-0.4879120879120862,36,32,ENABLE
1785583352.8758092,-0.8474479285877781,-3.043956043956044,-0.5230769230769248,36,32,ENABLE
1785583352.8808017,-0.862325474937057,-3.021978021978022,-0.5670329670329686,36,32,ENABLE
1785583352.8858051,-0.877203021286336,-3.0,-0.5934065934065949,36,32,ENABLE
1785583352.8908257,-0.8920805676356149,-3.0,-0.6109890109890124,36,32,ENABLE
1785583352.895815,-0.9069581139848939,-3.021978021978022,-0.6197802197802211,36,32,ENABLE
1785583352.9008112,-0.9222171358815903,-3.021978021978022,-0.6285714285714299,36,32,ENABLE
1785583352.9058876,-0.9374761577782866,-3.021978021978022,-0.6549450549450562,36,32,ENABLE
1785583352.9107747,-0.9519722285801482,-3.0,-0.6637362637362649,36,32,ENABLE
1785583352.9158115,-0.9672312504768446,-3.043956043956044,-0.6549450549450562,36,32,ENABLE
1785583352.9207995,-0.9821087968261235,-3.021978021978022,-0.6637362637362649,36,32,ENABLE
1785583352.9258134,-0.9977492942702373,-3.021978021978022,-0.6637362637362649,36,32,ENABLE
1785583352.9308085,-1.0126268406195162,-3.0659340659340657,-0.6725274725274737,36,32,ENABLE
1785583352.935864,-1.02826733806363,-3.0879120879120876,-0.6637362637362649,36,32,ENABLE
1785583352.9409492,-1.0439078355077438,-3.0659340659340657,-0.6637362637362649,36,32,ENABLE
1785583352.945782,-1.0587853818570228,-3.0659340659340657,-0.6725274725274737,36,32,ENABLE
1785583352.950804,-1.0740444037537191,-3.0879120879120876,-0.6813186813186825,36,32,ENABLE
1785583352.9558043,-1.0893034256504155,-3.0659340659340657,-0.6637362637362649,36,32,ENABLE
1785583352.9608004,-1.1045624475471119,-3.0659340659340657,-0.6725274725274737,36,32,ENABLE
1785583352.9657469,-1.1194399938963908,-3.0659340659340657,-0.6901098901098912,36,32,ENABLE
1785583352.9708004,-1.1346990157930872,-3.0659340659340657,-0.6725274725274737,36,32,ENABLE
1785583352.975826,-1.1499580376897836,-3.043956043956044,-0.6813186813186825,36,32,ENABLE
1785583352.980806,-1.16521705958648,-3.043956043956044,-0.6637362637362649,36,32,ENABLE
1785583352.9858096,-1.1804760814831763,-3.0659340659340657,-0.6725274725274737,36,32,ENABLE
1785583352.990797,-1.1957351033798727,-3.0659340659340657,-0.6461538461538474,36,32,ENABLE
1785583352.995811,-1.210994125276569,-3.0659340659340657,-0.6461538461538474,36,32,ENABLE
1785583353.000796,-1.2266346227206828,-3.0879120879120876,-0.6197802197802211,36,32,ENABLE
1785583353.005804,-1.2418936446173792,-3.0879120879120876,-0.6197802197802211,36,32,ENABLE
1785583353.0108006,-1.2575341420614947,-3.1098901098901095,-0.5934065934065949,36,32,ENABLE
1785583353.015805,-1.272793163958191,-3.0659340659340657,-0.5758241758241773,36,32,ENABLE
1785583353.0208008,-1.2880521858548875,-3.0659340659340657,-0.5670329670329686,36,32,ENABLE
1785583353.0257993,-1.3033112077515838,-3.021978021978022,-0.5758241758241773,36,32,ENABLE
1785583353.0308244,-1.3181887541008628,-3.0,-0.5934065934065949,36,32,ENABLE
1785583353.035785,-1.3326848249027243,-2.9340659340659343,-0.6021978021978036,36,32,ENABLE
1785583353.0408034,-1.3471808957045859,-2.978021978021978,-0.6021978021978036,36,32,ENABLE
1785583353.045807,-1.3620584420538648,-2.978021978021978,-0.5846153846153861,36,32,ENABLE
1785583353.0507765,-1.3769359884031438,-2.9340659340659343,-0.5934065934065949,36,32,ENABLE
1785583353.0557978,-1.391050583657588,-2.8901098901098905,-0.6021978021978036,36,32,ENABLE
1785583353.060824,-1.4055466544594495,-2.8681318681318686,-0.6109890109890124,36,32,ENABLE
1785583353.0658057,-1.4192797741664762,-2.8461538461538467,-0.6109890109890124,36,32,ENABLE
1785583353.0708,-1.4333943694209204,-2.802197802197803,-0.6285714285714299,36,32,ENABLE
1785583353.075801,-1.4467460135805297,-2.736263736263737,-0.6461538461538474,36,32,ENABLE
1785583353.0808063,-1.460097657740139,-2.7142857142857153,-0.6461538461538474,36,32,ENABLE
1785583353.0857992,-1.4738307774471657,-2.736263736263737,-0.6549450549450562,36,32,ENABLE
1785583353.090797,-1.4875638971541925,-2.7142857142857153,-0.6549450549450562,36,32,ENABLE
1785583353.0958169,-1.5005340657663844,-2.6923076923076934,-0.6637362637362649,36,32,ENABLE
1785583353.1008015,-1.514267185473411,-2.6923076923076934,-0.6461538461538474,36,32,ENABLE
1785583353.105804,-1.5276188296330204,-2.6923076923076934,-0.6373626373626387,36,32,ENABLE
1785583353.110801,-1.5413519493400472,-2.758241758241759,-0.6373626373626387,36,32,ENABLE
1785583353.115801,-1.5547035934996565,-2.736263736263737,-0.6285714285714299,36,32,ENABLE
1785583353.1207962,-1.5680552376592658,-2.6703296703296715,-0.6197802197802211,36,32,ENABLE
1785583353.125799,-1.5814068818188751,-2.6483516483516496,-0.6285714285714299,36,32,ENABLE
1785583353.1307988,-1.594377050431067,-2.6703296703296715,-0.6109890109890124,36,32,ENABLE
1785583353.1357982,-1.6077286945906764,-2.6703296703296715,-0.6109890109890124,36,32,ENABLE
1785583353.1407952,-1.6206988632028683,-2.582417582417584,-0.6109890109890124,36,32,ENABLE
1785583353.145821,-1.6332875562676428,-2.582417582417584,-0.6109890109890124,36,32,ENABLE
1785583353.1508143,-1.6458762493324173,-2.516483516483518,-0.6285714285714299,36,32,ENABLE
1785583353.15578,-1.6584649423971918,-2.53846153846154,-0.6197802197802211,36,32,ENABLE
1785583353.16081,-1.6710536354619663,-2.53846153846154,-0.6109890109890124,36,32,ENABLE
1785583353.165847,-1.6832608529793234,-2.4945054945054963,-0.6373626373626387,36,32,ENABLE
1785583353.1708686,-1.6954680704966805,-2.4285714285714306,-0.6373626373626387,36,32,ENABLE
1785583353.1758146,-1.7069123369192027,-2.384615384615387,-0.6549450549450562,36,32,ENABLE
1785583353.1807995,-1.7187380788891424,-2.384615384615387,-0.6549450549450562,36,32,ENABLE
1785583353.1857986,-1.7301823453116647,-2.340659340659343,-0.6725274725274737,36,32,ENABLE
1785583353.190804,-1.7420080872816044,-2.296703296703299,-0.6901098901098912,36,32,ENABLE
1785583353.1958141,-1.753070878156711,-2.296703296703299,-0.6813186813186825,36,32,ENABLE
1785583353.200807,-1.7645151445792333,-2.2747252747252773,-0.6813186813186825,36,32,ENABLE
1785583353.2057977,-1.7755779354543382,-2.2747252747252773,-0.6901098901098912,36,32,ENABLE
1785583353.2107995,-1.786640726329443,-2.2307692307692335,-0.6813186813186825,36,33,ENABLE
1785583353.2158096,-1.797703517204548,-2.2087912087912116,-0.6901098901098912,36,33,ENABLE
1785583353.2207973,-1.8083848325322354,-2.2087912087912116,-0.6901098901098912,36,33,ENABLE
1785583353.2258093,-1.8194476234073402,-2.1868131868131897,-0.6901098901098912,36,33,ENABLE
1785583353.2308433,-1.8297474631876103,-2.164835164835168,-0.6901098901098912,36,33,ENABLE
1785583353.2358055,-1.8408102540627151,-2.142857142857146,-0.6989010989011,36,33,ENABLE
1785583353.2408175,-1.8511100938429852,-2.098901098901102,-0.6989010989011,36,33,ENABLE
1785583353.2457795,-1.8610284580758378,-2.098901098901102,-0.6901098901098912,36,33,ENABLE
1785583353.2508647,-1.8717097734035253,-2.07692307692308,-0.6989010989011,36,33,ENABLE
1785583353.2558165,-1.881628137636378,-2.0549450549450583,-0.6901098901098912,36,33,ENABLE
1785583353.2608137,-1.8923094529640654,-2.07692307692308,-0.6813186813186825,36,33,ENABLE
1785583353.2658632,-1.902227817196918,-2.0109890109890145,-0.6725274725274737,36,33,ENABLE
1785583353.2708151,-1.912527656977188,-2.0549450549450583,-0.6637362637362649,36,33,ENABLE
1785583353.2758455,-1.9228274967574581,-2.0329670329670364,-0.6637362637362649,36,33,ENABLE
1785583353.2807984,-1.931982909895476,-1.9890109890109855,-0.6725274725274737,36,33,ENABLE
1785583353.2858183,-1.9419012741283286,-1.9450549450549417,-0.6813186813186825,36,33,ENABLE
1785583353.2908087,-1.9514381628137638,-1.9230769230769198,-0.6725274725274737,36,33,ENABLE
1785583353.2958062,-1.9605935759517816,-1.879120879120876,-0.6725274725274737,36,33,ENABLE
1785583353.3007941,-1.969367513542382,-1.857142857142854,-0.6813186813186825,36,33,ENABLE
1785583353.305775,-1.9785229266803999,-1.8131868131868103,-0.6901098901098912,36,33,ENABLE
1785583353.3107953,-1.9869153887235829,-1.7472527472527446,-0.6901098901098912,36,33,ENABLE
1785583353.316026,-1.9960708018616007,-1.7472527472527446,-0.6901098901098912,36,33,ENABLE
1785583353.3208058,-2.0040817883573663,-1.7252747252747227,-0.6813186813186825,36,33,ENABLE
1785583353.325648,-2.0124742504005493,-1.7252747252747227,-0.6901098901098912,36,33,ENABLE
1785583353.3306189,-2.0208667124437323,-1.7252747252747227,-0.6901098901098912,36,33,ENABLE
1785583353.3358703,-2.0292591744869153,-1.659340659340657,-0.6989010989011,36,33,ENABLE
1785583353.3409057,-2.0376516365300983,-1.659340659340657,-0.6901098901098912,36,33,ENABLE
1785583353.3458261,-2.0452811474784465,-1.6153846153846132,-0.6813186813186825,36,33,ENABLE
1785583353.350845,-2.053292133974212,-1.5934065934065913,-0.6725274725274737,36,33,ENABLE
1785583353.3558223,-2.0609216449225602,-1.5934065934065913,-0.6637362637362649,36,33,ENABLE
1785583353.3608818,-2.0685511558709084,-1.5274725274725256,-0.6637362637362649,36,33,ENABLE
1785583353.3658667,-2.075799191271839,-1.46153846153846,-0.6813186813186825,36,33,ENABLE
1785583353.3708735,-2.0826657511253526,-1.439560439560438,-0.6813186813186825,36,33,ENABLE
1785583353.375876,-2.0899137865262833,-1.417582417582416,-0.6901098901098912,36,33,ENABLE
1785583353.3808484,-2.0963988708323793,-1.3516483516483504,-0.6989010989011,36,33,ENABLE
1785583353.3858802,-2.1028839551384753,-1.3296703296703285,-0.7076923076923087,36,33,ENABLE
1785583353.3908148,-2.109369039444571,-1.2857142857142847,-0.6901098901098912,36,33,ENABLE
1785583353.395809,-2.115854123750667,-1.3516483516483504,-0.6901098901098912,36,33,ENABLE
1785583353.4008627,-2.1227206836041805,-1.3076923076923066,-0.6901098901098912,36,33,ENABLE
1785583353.4058185,-2.128824292362859,-1.2637362637362628,-0.6813186813186825,36,33,ENABLE
1785583353.410812,-2.13454642557412,-1.219780219780219,-0.6813186813186825,36,33,ENABLE
1785583353.4159493,-2.1406500343327988,-1.197802197802197,-0.6989010989011,36,33,ENABLE
1785583353.4208553,-2.1459906919966425,-1.1318681318681314,-0.6989010989011,36,33,ENABLE
1785583353.4259005,-2.1513313496604862,-1.1098901098901095,-0.7076923076923087,36,33,ENABLE
1785583353.4308195,-2.1562905317769125,-1.0879120879120876,-0.7164835164835175,36,33,ENABLE
1785583353.4358668,-2.161249713893339,-1.021978021978022,-0.7164835164835175,36,33,ENABLE
1785583353.440817,-2.166208896009765,-1.021978021978022,-0.7076923076923087,36,33,ENABLE
1785583353.4458177,-2.171549553673609,-1.0,-0.7076923076923087,36,33,ENABLE
1785583353.4508462,-2.1765087357900352,-1.0,-0.7076923076923087,36,33,ENABLE
1785583353.455864,-2.181086442359044,-1.0,-0.7252747252747263,36,33,ENABLE
1785583353.4608185,-2.1852826733806356,-0.9780219780219781,-0.7076923076923087,36,33,ENABLE
1785583353.4658158,-2.189478904402227,-0.8681318681318686,-0.7076923076923087,36,33,ENABLE
1785583353.470825,-2.1932936598764012,-0.8461538461538467,-0.6989010989011,36,33,ENABLE
1785583353.4758635,-2.1974898908979927,-0.8681318681318686,-0.7164835164835175,36,33,ENABLE
1785583353.480866,-2.201304646372167,-0.8241758241758248,-0.7076923076923087,36,33,ENABLE
1785583353.4858685,-2.205119401846341,-0.8021978021978029,-0.6989010989011,36,33,ENABLE
1785583353.4907775,-2.2085526817730976,-0.7362637362637372,-0.6813186813186825,36,33,ENABLE
1785583353.495846,-2.2119859616998543,-0.6923076923076934,-0.6901098901098912,36,33,ENABLE
1785583353.5008183,-2.214656290531776,-0.6263736263736277,-0.6989010989011,36,33,ENABLE
1785583353.5058174,-2.2177080949111154,-0.6483516483516496,-0.6901098901098912,36,33,ENABLE
1785583353.5108144,-2.2207598992904547,-0.5824175824175839,-0.6989010989011,36,33,ENABLE
1785583353.5158184,-2.2226672770275417,-0.4945054945054963,-0.7252747252747263,36,33,ENABLE
1785583353.5208158,-2.225719081406881,-0.5384615384615401,-0.7076923076923087,36,33,ENABLE
1785583353.5258107,-2.2272449835965507,-0.3846153846153868,-0.7252747252747263,36,33,ENABLE
1785583353.5308096,-2.2299153124284725,-0.4725274725274744,-0.7164835164835175,36,33,ENABLE
1785583353.5358496,-2.231441214618142,-0.340659340659343,-0.734065934065935,36,33,ENABLE
1785583353.5408304,-2.2337300679026466,-0.4285714285714306,-0.7076923076923087,36,33,ENABLE
1785583353.5458653,-2.2344930189974814,-0.2967032967032992,-0.7252747252747263,36,33,ENABLE
1785583353.5508204,-2.2364003967345685,-0.3186813186813211,-0.6989010989011,36,33,ENABLE
1785583353.5558178,-2.237926298924238,-0.3626373626373649,-0.6989010989011,36,33,ENABLE
1785583353.5608451,-2.238689250019073,-0.2087912087912116,-0.7252747252747263,36,33,ENABLE
1785583353.565817,-2.2394522011139077,-0.1648351648351678,-0.7076923076923087,36,33,ENABLE
1785583353.5708215,-2.2409781033035774,-0.2967032967032992,-0.6725274725274737,36,33,ENABLE
1785583353.5758214,-2.241741054398412,-0.2307692307692335,-0.6725274725274737,36,33,ENABLE
1785583353.5808187,-2.2421225299458296,-0.120879120879124,-0.6901098901098912,36,33,ENABLE
1785583353.5858753,-2.242504005493247,-0.0769230769230802,-0.6813186813186825,36,33,ENABLE
1785583353.5908124,-2.2428854810406644,-0.0769230769230802,-0.6901098901098912,36,33,ENABLE
1785583353.5958092,-2.242504005493247,-0.010989010989014503,-0.7164835164835175,36,33,ENABLE
1785583353.600802,-2.2421225299458296,0.0549450549450583,-0.7164835164835175,36,33,ENABLE
1785583353.6058495,-2.241741054398412,0.0769230769230802,-0.6901098901098912,36,33,ENABLE
1785583353.6110241,-2.241359578850995,0.0549450549450583,-0.6725274725274737,36,33,ENABLE
1785583353.6158674,-2.241359578850995,0.010989010989014503,-0.6549450549450562,36,33,ENABLE
1785583353.6208103,-2.241359578850995,0.0329670329670364,-0.6197802197802211,36,33,ENABLE
1785583353.6257434,-2.241359578850995,-0.010989010989014503,-0.5670329670329686,36,33,ENABLE
1785583353.6306138,-2.241359578850995,0.010989010989014503,-0.5406593406593423,36,33,ENABLE
1785583353.6357658,-2.241359578850995,-0.010989010989014503,-0.5054945054945073,36,33,ENABLE
1785583353.6408107,-2.2409781033035774,0.010989010989014503,-0.47032967032966866,36,33,ENABLE
1785583353.6458373,-2.2409781033035774,0.0549450549450583,-0.4351648351648336,36,33,ENABLE
1785583353.650822,-2.24059662775616,0.010989010989014503,-0.3999999999999986,36,33,ENABLE
1785583353.655819,-2.2402151522087426,0.0549450549450583,-0.3736263736263723,36,33,ENABLE
1785583353.6608198,-2.239833676661325,0.0549450549450583,-0.33846153846153726,36,33,ENABLE
1785583353.6658487,-2.2390707255664903,0.0989010989011021,-0.312087912087911,36,33,ENABLE
1785583353.6709042,-2.237926298924238,0.1648351648351678,-0.3032967032967022,36,33,ENABLE
1785583353.6758156,-2.2364003967345685,0.2967032967032992,-0.29450549450549346,36,33,ENABLE
1785583353.6808183,-2.234874494544899,0.2747252747252773,-0.2593406593406584,36,33,ENABLE
1785583353.6858068,-2.232967116807812,0.3626373626373649,-0.2857142857142847,36,33,ENABLE
1785583353.6908095,-2.2299153124284725,0.4725274725274744,-0.2857142857142847,36,33,ENABLE
1785583353.6958165,-2.2268635080491332,0.5384615384615401,-0.27692307692307594,36,33,ENABLE
1785583353.700802,-2.2241931792172114,0.560439560439562,-0.27692307692307594,36,33,ENABLE
1785583353.7058036,-2.2207598992904547,0.6263736263736277,-0.2857142857142847,36,33,ENABLE
1785583353.7108119,-2.2169451438162806,0.6703296703296715,-0.29450549450549346,36,33,ENABLE
1785583353.7158449,-2.212748912794689,0.7362637362637372,-0.29450549450549346,36,33,ENABLE
1785583353.7208092,-2.2085526817730976,0.8021978021978029,-0.3032967032967022,36,33,ENABLE
1785583353.725806,-2.2039749752040887,0.8241758241758248,-0.312087912087911,36,33,ENABLE
1785583353.730809,-2.19939726863508,0.8681318681318686,-0.312087912087911,36,33,ENABLE
1785583353.735938,-2.194056610971236,0.9560439560439562,-0.32087912087911974,36,33,ENABLE
1785583353.7408102,-2.1890974288548097,1.0439560439560438,-0.312087912087911,36,33,ENABLE
1785583353.7458658,-2.1841382467383834,1.0439560439560438,-0.32087912087911974,36,33,ENABLE
1785583353.75087,-2.178034637979705,1.0659340659340657,-0.3296703296703285,36,33,ENABLE
1785583353.7558994,-2.1723125047684437,1.1758241758241752,-0.3296703296703285,36,33,ENABLE
1785583353.7608144,-2.166208896009765,1.1098901098901095,-0.3296703296703285,36,33,ENABLE
1785583353.7658277,-2.1597238117036692,1.2857142857142847,-0.3296703296703285,36,33,ENABLE
1785583353.7708097,-2.1532387273975733,1.241758241758241,-0.33846153846153726,36,33,ENABLE
1785583353.7758024,-2.1471351186388947,1.2637362637362628,-0.33846153846153726,36,33,ENABLE
1785583353.7808774,-2.139887083237964,1.3296703296703285,-0.33846153846153726,36,33,ENABLE
1785583353.7858021,-2.1330205233844506,1.3296703296703285,-0.33846153846153726,36,33,ENABLE
1785583353.7908242,-2.126153963530937,1.439560439560438,-0.33846153846153726,36,33,ENABLE
1785583353.7958233,-2.118524452582589,1.4835164835164818,-0.33846153846153726,36,33,ENABLE
1785583353.8008742,-2.110894941634241,1.46153846153846,-0.33846153846153726,36,33,ENABLE
1785583353.8057997,-2.1032654306858927,1.5054945054945037,-0.3560439560439548,36,33,ENABLE
1785583353.8108048,-2.095254444190127,1.5494505494505475,-0.3560439560439548,36,33,ENABLE
1785583353.8158255,-2.0872434576943615,1.5714285714285694,-0.347252747252746,36,33,ENABLE
1785583353.8208256,-2.079232471198596,1.5934065934065913,-0.347252747252746,36,33,ENABLE
1785583353.8258014,-2.0704585336079955,1.659340659340657,-0.3560439560439548,36,33,ENABLE
1785583353.8308072,-2.061684596017395,1.7252747252747227,-0.3560439560439548,36,33,ENABLE
1785583353.8357987,-2.0529106584267947,1.7472527472527446,-0.347252747252746,36,33,ENABLE
1785583353.8408039,-2.0441367208361942,1.7692307692307665,-0.3560439560439548,36,33,ENABLE
1785583353.8458219,-2.0349813076981764,1.8351648351648322,-0.3560439560439548,36,33,ENABLE
1785583353.8508046,-2.025444419012741,1.8351648351648322,-0.347252747252746,36,33,ENABLE
1785583353.8558104,-2.015907530327306,1.857142857142854,-0.3560439560439548,36,33,ENABLE
1785583353.8608088,-2.0063706416418707,1.9230769230769198,-0.36483516483516354,36,33,ENABLE
1785583353.8658233,-1.996452277409018,1.9670329670329636,-0.36483516483516354,36,33,ENABLE
1785583353.8708267,-1.9865339131761655,1.9670329670329636,-0.3560439560439548,36,33,ENABLE
1785583353.8758016,-1.9762340733958954,1.9890109890109855,-0.3560439560439548,36,33,ENABLE
1785583353.8808534,-1.9659342336156254,2.0109890109890145,-0.33846153846153726,36,33,ENABLE
1785583353.8858497,-1.9556343938353553,2.0329670329670364,-0.347252747252746,36,33,ENABLE
1785583353.8908262,-1.9453345540550853,2.07692307692308,-0.33846153846153726,36,33,ENABLE
1785583353.8958077,-1.9346532387273978,2.120879120879124,-0.33846153846153726,36,33,ENABLE
1785583353.9007964,-1.923590447852293,2.164835164835168,-0.33846153846153726,36,33,ENABLE
1785583353.9058297,-1.9121461814297707,2.1868131868131897,-0.3296703296703285,36,33,ENABLE
1785583353.9108002,-1.9010833905546658,2.2087912087912116,-0.33846153846153726,36,33,ENABLE
1785583353.9158037,-1.8892576485847261,2.296703296703299,-0.347252747252746,36,33,ENABLE
1785583353.920808,-1.8774319066147864,2.318681318681321,-0.33846153846153726,36,33,ENABLE
1785583353.9258263,-1.8656061646448467,2.384615384615387,-0.33846153846153726,36,33,ENABLE
1785583353.93081,-1.8533989471274896,2.384615384615387,-0.347252747252746,36,33,ENABLE
1785583353.9358041,-1.84157320515755,2.4285714285714306,-0.33846153846153726,36,33,ENABLE
1785583353.9408178,-1.8289845120927755,2.4725274725274744,-0.347252747252746,36,33,ENABLE
1785583353.9458237,-1.816395819028001,2.4725274725274744,-0.3296703296703285,36,33,ENABLE
1785583353.950841,-1.8038071259632265,2.4945054945054963,-0.33846153846153726,36,33,ENABLE
1785583353.9558241,-1.791218432898452,2.53846153846154,-0.3296703296703285,36,33,ENABLE
1785583353.9610848,-1.7771038376440078,2.582417582417584,-0.33846153846153726,36,33,ENABLE
1785583353.9658058,-1.7645151445792333,2.6263736263736277,-0.347252747252746,36,33,ENABLE
1785583353.9708154,-1.751163500419624,2.604395604395606,-0.3296703296703285,36,33,ENABLE
1785583353.9758036,-1.7381933318074303,2.6703296703296715,-0.3296703296703285,36,33,ENABLE
1785583353.980807,-1.724841687647821,2.6923076923076934,-0.312087912087911,36,33,ENABLE
1785583353.9858072,-1.7107270923933768,2.6703296703296715,-0.3032967032967022,36,33,ENABLE
1785583353.9908156,-1.6973754482337675,2.7142857142857153,-0.3032967032967022,36,33,ENABLE
1785583353.9958026,-1.6840238040741582,2.6923076923076934,-0.27692307692307594,36,33,ENABLE
1785583354.000802,-1.669909208819714,2.758241758241759,-0.2681318681318672,36,33,ENABLE
1785583354.005824,-1.65579461356527,2.802197802197803,-0.2681318681318672,36,33,ENABLE
1785583354.0108244,-1.6412985427634084,2.824175824175825,-0.2593406593406584,36,33,ENABLE
1785583354.0158167,-1.6268024719615468,2.8901098901098905,-0.2681318681318672,36,33,ENABLE
1785583354.020807,-1.6119249256122679,2.9340659340659343,-0.25054945054944966,36,33,ENABLE
1785583354.025821,-1.597047379262989,2.978021978021978,-0.2681318681318672,36,33,ENABLE
1785583354.0308192,-1.5817883573662925,2.978021978021978,-0.27692307692307594,36,33,ENABLE
1785583354.0358832,-1.5665293354695962,3.021978021978022,-0.2593406593406584,36,33,ENABLE
1785583354.0408137,-1.5512703135728998,3.021978021978022,-0.25054945054944966,36,33,ENABLE
1785583354.0458076,-1.5360112916762034,3.043956043956044,-0.25054945054944966,36,33,ENABLE
1785583354.0508828,-1.5203707942320897,3.0879120879120876,-0.23296703296703214,36,33,ENABLE
1785583354.0558803,-1.5043488212405585,3.1538461538461533,-0.25054945054944966,36,33,ENABLE
1785583354.0607972,-1.4883268482490273,3.219780219780219,-0.2593406593406584,36,33,ENABLE
1785583354.0658202,-1.472304875257496,3.241758241758241,-0.2593406593406584,36,33,ENABLE
1785583354.0708086,-1.45551995117113,3.2857142857142847,-0.27692307692307594,36,33,ENABLE
1785583354.0758178,-1.4391165026321815,3.2857142857142847,-0.2681318681318672,36,33,ENABLE
1785583354.0808225,-1.4223315785458155,3.3516483516483504,-0.27692307692307594,36,33,ENABLE
1785583354.085822,-1.405165178912032,3.3516483516483504,-0.2681318681318672,36,33,ENABLE
1785583354.090816,-1.388380254825666,3.3296703296703285,-0.2681318681318672,36,33,ENABLE
1785583354.095768,-1.3715953307393,3.3736263736263723,-0.25054945054944966,36,33,ENABLE
1785583354.100801,-1.3544289311055167,3.395604395604394,-0.25054945054944966,36,33,ENABLE
1785583354.1058054,-1.3372625314717332,3.395604395604394,-0.25054945054944966,36,33,ENABLE
1785583354.1108048,-1.3197146562905324,3.46153846153846,-0.2417582417582409,36,33,ENABLE
1785583354.115813,-1.3021667811093316,3.5054945054945037,-0.23296703296703214,36,33,ENABLE
1785583354.1208692,-1.2846189059281308,3.46153846153846,-0.21538461538461462,36,33,ENABLE
1785583354.1258159,-1.2674525062943474,3.46153846153846,-0.20659340659340586,36,33,ENABLE
1785583354.1308064,-1.2495231555657274,3.5494505494505475,-0.20659340659340586,36,33,ENABLE
1785583354.1358154,-1.2315938048371091,3.483516483516482,-0.1978021978021971,36,33,ENABLE
1785583354.140821,-1.2140459296559083,3.5714285714285694,-0.17142857142857082,36,33,ENABLE
1785583354.1458166,-1.1957351033798727,3.615384615384613,-0.18021978021977958,36,33,ENABLE
1785583354.1507983,-1.1778057526512544,3.615384615384613,-0.17142857142857082,36,32,ENABLE
1785583354.155813,-1.1594949263752188,3.637362637362635,-0.1538461538461533,36,32,ENABLE
1785583354.1608305,-1.1411841000991831,3.615384615384613,-0.16263736263736206,36,32,ENABLE
1785583354.1658762,-1.12249179827573,3.681318681318679,-0.14505494505494454,36,32,ENABLE
1785583354.1708674,-1.1041809719996944,3.659340659340657,-0.13626373626373578,36,32,ENABLE
1785583354.1758757,-1.085107194628824,3.703296703296701,-0.12747252747252702,36,32,ENABLE
1785583354.180865,-1.0660334172579535,3.7472527472527446,-0.13626373626373578,36,32,ENABLE
1785583354.1858537,-1.046959639887083,3.7912087912087884,-0.12747252747252702,36,32,ENABLE
1785583354.1908157,-1.0286488136110474,3.7912087912087884,-0.12747252747252702,36,32,ENABLE
1785583354.19582,-1.0091935606927596,3.8131868131868103,-0.1098901098901095,36,32,ENABLE
1785583354.200818,-0.9901197833218891,3.857142857142854,-0.1098901098901095,36,32,ENABLE
1785583354.2058475,-0.9702830548561838,3.835164835164832,-0.09230769230769198,36,32,ENABLE
1785583354.2108202,-0.950827801937896,3.901098901098898,-0.09230769230769198,36,32,ENABLE
1785583354.2157722,-0.9309910734721907,3.9670329670329636,-0.1098901098901095,36,32,ENABLE
1785583354.2208114,-0.9103913939116506,4.054945054945058,-0.12747252747252702,36,32,ENABLE
1785583354.2258492,-0.8890287632562757,4.164835164835168,-0.18021978021977958,36,32,ENABLE
1785583354.230816,-0.8680476081483182,4.18681318681319,-0.1978021978021971,36,32,ENABLE
1785583354.2358155,-0.8463035019455258,4.252747252747255,-0.23296703296703214,36,32,ENABLE
1785583354.2408175,-0.8249408712901509,4.318681318681321,-0.2681318681318672,36,32,ENABLE
1785583354.2458355,-0.8028152895399412,4.340659340659343,-0.29450549450549346,36,32,ENABLE
1785583354.2508745,-0.7810711833371489,4.340659340659343,-0.32087912087911974,36,32,ENABLE
1785583354.2558153,-0.759708552681774,4.318681318681321,-0.312087912087911,36,32,ENABLE
1785583354.2608073,-0.7383459220263973,4.296703296703299,-0.3032967032967022,36,32,ENABLE
1785583354.265851,-0.7166018158236049,4.274725274725277,-0.29450549450549346,36,32,ENABLE
1785583354.2708638,-0.69523918516823,4.296703296703299,-0.3032967032967022,36,32,ENABLE
1785583354.2758143,-0.6738765545128551,4.296703296703299,-0.29450549450549346,36,32,ENABLE
1785583354.280803,-0.6525139238574802,4.318681318681321,-0.29450549450549346,36,32,ENABLE
1785583354.2858164,-0.6307698176546879,4.296703296703299,-0.2681318681318672,36,32,ENABLE
1785583354.2908158,-0.609407186999313,4.318681318681321,-0.2681318681318672,36,32,ENABLE
1785583354.2957964,-0.5872816052491032,4.362637362637365,-0.29450549450549346,36,32,ENABLE
1785583354.3008244,-0.5655374990463109,4.362637362637365,-0.3032967032967022,36,32,ENABLE
1785583354.3058581,-0.5430304417486838,4.384615384615387,-0.3032967032967022,36,32,ENABLE
1785583354.310849,-0.520904859998474,4.362637362637365,-0.29450549450549346,36,32,ENABLE
1785583354.315865,-0.4995422293430991,4.362637362637365,-0.3032967032967022,36,32,ENABLE
1785583354.3207393,-0.4777981231403068,4.384615384615387,-0.29450549450549346,36,32,ENABLE
1785583354.3256521,-0.45643549248493187,4.362637362637365,-0.2857142857142847,36,32,ENABLE
1785583354.3308263,-0.43392843518730473,4.340659340659343,-0.2593406593406584,36,32,ENABLE
1785583354.3358707,-0.4121843289845124,4.340659340659343,-0.25054945054944966,36,32,ENABLE
1785583354.340817,-0.3912031738765549,4.318681318681321,-0.25054945054944966,36,32,ENABLE
1785583354.3458486,-0.3694590676737626,4.318681318681321,-0.21538461538461462,36,32,ENABLE
1785583354.3508132,-0.34771496147097025,4.340659340659343,-0.18901098901098834,36,32,ENABLE
1785583354.3558667,-0.32597085526817793,4.296703296703299,-0.18021978021977958,36,32,ENABLE
1785583354.360824,-0.304608224612803,4.318681318681321,-0.16263736263736206,36,32,ENABLE
1785583354.365823,-0.2832455939574281,4.318681318681321,-0.16263736263736206,36,32,ENABLE
1785583354.3708527,-0.26112001220721837,4.296703296703299,-0.13626373626373578,36,32,ENABLE
1785583354.375829,-0.23975738155184168,4.362637362637365,-0.12747252747252702,36,32,ENABLE
1785583354.380815,-0.21801327534904935,4.318681318681321,-0.11868131868131826,36,32,ENABLE
1785583354.3858225,-0.19626916914625703,4.318681318681321,-0.11868131868131826,36,32,ENABLE
1785583354.3909163,-0.1745250629434647,4.318681318681321,-0.09230769230769198,36,32,ENABLE
1785583354.3958702,-0.15278095674067238,4.318681318681321,-0.0659340659340657,36,32,ENABLE
1785583354.4008229,-0.13141832608529747,4.318681318681321,-0.04835164835164818,36,32,ENABLE
1785583354.4058301,-0.11005569542992255,4.274725274725277,-0.10109890109890074,36,32,ENABLE
1785583354.4108486,-0.08907454032196505,4.18681318681319,-0.1978021978021971,36,32,ENABLE
1785583354.415824,-0.070382238498512,3.9450549450549417,-0.312087912087911,36,32,ENABLE
1785583354.4208252,-0.05283436331731117,3.5934065934065913,-0.42637362637362486,36,32,ENABLE
1785583354.4258235,-0.037575341420614805,3.2857142857142847,-0.4879120879120862,35,32,ENABLE
1785583354.4308748,-0.023842221713588074,2.8681318681318686,-0.5054945054945073,36,32,ENABLE
1785583354.4358845,-0.012397955291065799,2.4505494505494525,-0.49670329670329494,36,32,ENABLE
1785583354.4408824,-0.002861066605630569,2.164835164835168,-0.4615384615384599,36,32,ENABLE
1785583354.4458659,0.005531395437552433,1.8351648351648322,-0.42637362637362486,35,32,ENABLE
1785583354.4508781,0.012779430838483208,1.5714285714285694,-0.38241758241758106,35,32,ENABLE
1785583354.455872,0.019264515144579164,1.3736263736263723,-0.33846153846153726,36,32,ENABLE
1785583354.4608245,0.024605172808422893,1.1758241758241752,-0.32087912087911974,35,32,ENABLE
1785583354.4658225,0.029182879377431803,1.021978021978022,-0.29450549450549346,35,32,ENABLE
1785583354.4708223,0.032997634851605895,0.8681318681318686,-0.2593406593406584,35,32,ENABLE
1785583354.4758956,0.03604943923094517,0.7142857142857153,-0.2417582417582409,36,32,ENABLE
1785583354.4808233,0.03910124361028444,0.6263736263736277,-0.21538461538461462,35,32,ENABLE
1785583354.4858236,0.0413900968947889,0.5384615384615401,-0.20659340659340586,35,32,ENABLE
1785583354.4908233,0.04329747463187594,0.4065934065934087,-0.18021978021977958,36,32,ENABLE
1785583354.4958057,0.04520485236896299,0.3626373626373649,-0.18901098901098834,35,32,ENABLE
1785583354.5008116,0.047112230106050035,0.340659340659343,-0.16263736263736206,35,32,ENABLE
1785583354.5058212,0.04787518120088485,0.2527472527472554,-0.1538461538461533,35,32,ENABLE
1785583354.5108223,0.04940108339055449,0.2527472527472554,-0.16263736263736206,35,32,ENABLE
1785583354.5158179,0.05054551003280672,0.2307692307692335,-0.14505494505494454,36,32,ENABLE
1785583354.5208857,0.051308461127641536,0.1648351648351678,-0.12747252747252702,35,32,ENABLE
1785583354.5258067,0.051308461127641536,0.0329670329670364,-0.10109890109890074,35,32,ENABLE
1785583354.5308228,0.05092698558022413,-0.010989010989014503,-0.0659340659340657,36,32,ENABLE
1785583354.5358965,0.05092698558022413,-0.010989010989014503,-0.04835164835164818,35,32,ENABLE
1785583354.5408218,0.051308461127641536,-0.010989010989014503,-0.04835164835164818,35,32,ENABLE
1785583354.5458117,0.051308461127641536,-0.010989010989014503,-0.03076923076923066,36,32,ENABLE
1785583354.5508869,0.05092698558022413,-0.0329670329670364,-0.04835164835164818,35,32,ENABLE
1785583354.5558202,0.051308461127641536,0.010989010989014503,-0.03956043956043942,36,32,ENABLE
1785583354.560912,0.05092698558022413,-0.0329670329670364,-0.03956043956043942,35,32,ENABLE
1785583354.5658677,0.051308461127641536,0.0329670329670364,-0.03956043956043942,35,32,ENABLE
1785583354.5708203,0.05092698558022413,-0.0329670329670364,-0.03956043956043942,36,32,ENABLE
1785583354.5758688,0.05092698558022413,-0.010989010989014503,-0.03076923076923066,36,32,ENABLE
1785583354.5808072,0.05092698558022413,-0.0329670329670364,-0.03956043956043942,35,32,ENABLE
1785583354.5858681,0.051308461127641536,-0.010989010989014503,-0.03076923076923066,36,32,ENABLE
1785583354.5908103,0.051308461127641536,-0.010989010989014503,-0.04835164835164818,36,32,ENABLE
1785583354.595822,0.051308461127641536,-0.010989010989014503,-0.04835164835164818,36,32,ENABLE
1785583354.6008248,0.051308461127641536,-0.0329670329670364,-0.03076923076923066,36,32,ENABLE
1785583354.6058714,0.051308461127641536,-0.0329670329670364,-0.03956043956043942,35,32,ENABLE
1785583354.6108227,0.051308461127641536,0.010989010989014503,-0.03956043956043942,36,32,ENABLE
1785583354.6158218,0.051308461127641536,0.010989010989014503,-0.03956043956043942,35,32,ENABLE
1785583354.62085,0.051308461127641536,-0.010989010989014503,-0.03956043956043942,35,32,ENABLE
1785583354.6258142,0.051308461127641536,-0.0329670329670364,-0.03956043956043942,36,32,ENABLE
1785583354.630907,0.051689936675058945,0.010989010989014503,-0.03956043956043942,35,32,ENABLE
1785583354.6358464,0.051689936675058945,0.010989010989014503,-0.04835164835164818,35,32,ENABLE
1785583354.640924,0.051689936675058945,0.010989010989014503,-0.0659340659340657,35,32,ENABLE
1785583354.6456594,0.05245288776989376,0.0989010989011021,-0.09230769230769198,35,32,ENABLE
1785583354.6506813,0.05321583886472858,0.1428571428571459,-0.11868131868131826,35,32,ENABLE
1785583354.6558785,0.0539787899595634,0.120879120879124,-0.13626373626373578,35,32,ENABLE
1785583354.6608548,0.05474174105439822,0.0989010989011021,-0.12747252747252702,35,32,ENABLE
1785583354.6659834,0.05474174105439822,0.0549450549450583,-0.11868131868131826,35,32,ENABLE
1785583354.6708558,0.05474174105439822,0.010989010989014503,-0.10109890109890074,35,32,ENABLE
1785583354.6758683,0.05436026550698081,-0.0549450549450583,-0.09230769230769198,35,32,ENABLE
1785583354.6808178,0.05474174105439822,-0.0329670329670364,-0.09230769230769198,35,32,ENABLE
1785583354.6858652,0.05474174105439822,0.010989010989014503,-0.09230769230769198,36,32,ENABLE
1785583354.690848,0.05474174105439822,-0.010989010989014503,-0.09230769230769198,35,32,ENABLE
1785583354.6958683,0.05474174105439822,0.010989010989014503,-0.08351648351648322,35,32,ENABLE
1785583354.700775,0.05474174105439822,0.010989010989014503,-0.09230769230769198,36,32,ENABLE
1785583354.7058387,0.05512321660181563,0.010989010989014503,-0.09230769230769198,35,32,ENABLE
1785583354.7108214,0.05474174105439822,-0.010989010989014503,-0.09230769230769198,35,32,ENABLE
1785583354.7158191,0.05474174105439822,-0.0329670329670364,-0.08351648351648322,35,32,ENABLE
1785583354.7208235,0.05512321660181563,0.010989010989014503,-0.09230769230769198,35,32,ENABLE
1785583354.725818,0.05512321660181563,0.0329670329670364,-0.10109890109890074,36,32,ENABLE
1785583354.7309105,0.05550469214923304,0.0549450549450583,-0.1098901098901095,36,32,ENABLE
1785583354.7358665,0.055886167696650446,0.0549450549450583,-0.12747252747252702,35,32,ENABLE
1785583354.7408152,0.056267643244067855,0.0769230769230802,-0.1538461538461533,35,32,ENABLE
1785583354.745805,0.05741206988632008,0.1428571428571459,-0.17142857142857082,35,32,ENABLE
1785583354.750882,0.0581750209811549,0.1868131868131897,-0.1978021978021971,36,32,ENABLE
1785583354.7558804,0.05893797207598972,0.1648351648351678,-0.1978021978021971,35,32,ENABLE
1785583354.760851,0.05931944762340713,0.0989010989011021,-0.18901098901098834,35,32,ENABLE
1785583354.7658203,0.05931944762340713,0.0329670329670364,-0.18901098901098834,36,32,ENABLE
1785583354.7708673,0.05931944762340713,0.010989010989014503,-0.16263736263736206,35,32,ENABLE
1785583354.7758749,0.05893797207598972,-0.0549450549450583,-0.14505494505494454,35,32,ENABLE
1785583354.7808146,0.05893797207598972,-0.0329670329670364,-0.14505494505494454,35,32,ENABLE
1785583354.7858686,0.05931944762340713,0.010989010989014503,-0.14505494505494454,35,32,ENABLE
1785583354.7908537,0.05931944762340713,0.010989010989014503,-0.1538461538461533,35,32,ENABLE
1785583354.7958643,0.05970092317082454,0.0329670329670364,-0.16263736263736206,35,32,ENABLE
1785583354.800816,0.06008239871824195,0.0549450549450583,-0.17142857142857082,36,32,ENABLE
1785583354.8058133,0.060463874265659356,0.0549450549450583,-0.18021978021977958,35,32,ENABLE
1785583354.8108118,0.061226825360494175,0.1428571428571459,-0.21538461538461462,35,32,ENABLE
1785583354.8159761,0.0623712520027464,0.2087912087912116,-0.2681318681318672,36,32,ENABLE
1785583354.8208778,0.06313420309758122,0.1868131868131897,-0.2593406593406584,35,32,ENABLE
1785583354.8258686,0.06351567864499863,0.0989010989011021,-0.25054945054944966,35,32,ENABLE
1785583354.83082,0.06351567864499863,0.0329670329670364,-0.23296703296703214,36,32,ENABLE
1785583354.8358996,0.06351567864499863,-0.010989010989014503,-0.22417582417582338,36,32,ENABLE
1785583354.8408062,0.06351567864499863,0.010989010989014503,-0.21538461538461462,35,32,ENABLE
1785583354.8458169,0.06351567864499863,-0.0329670329670364,-0.20659340659340586,35,32,ENABLE
1785583354.8508782,0.06351567864499863,-0.010989010989014503,-0.20659340659340586,35,32,ENABLE
1785583354.8558054,0.06351567864499863,0.010989010989014503,-0.1978021978021971,35,32,ENABLE
1785583354.8608637,0.06351567864499863,-0.0549450549450583,-0.20659340659340586,35,32,ENABLE
1785583354.8658197,0.06351567864499863,0.010989010989014503,-0.1978021978021971,35,32,ENABLE
1785583354.8708715,0.06351567864499863,0.010989010989014503,-0.20659340659340586,35,32,ENABLE
1785583354.8758364,0.06389715419241604,0.010989010989014503,-0.20659340659340586,35,32,ENABLE
1785583354.8808846,0.06389715419241604,-0.010989010989014503,-0.21538461538461462,35,32,ENABLE
1785583354.8858156,0.06389715419241604,0.0329670329670364,-0.22417582417582338,35,32,ENABLE
1785583354.8908157,0.06427862973983345,0.0549450549450583,-0.23296703296703214,36,32,ENABLE
1785583354.8958158,0.06542305638208568,0.120879120879124,-0.2681318681318672,35,32,ENABLE
1785583354.9008129,0.0661860074769205,0.1648351648351678,-0.29450549450549346,35,32,ENABLE
1785583354.90582,0.06694895857175531,0.1648351648351678,-0.3032967032967022,36,32,ENABLE
1785583354.9108174,0.06771190966659013,0.0989010989011021,-0.312087912087911,35,32,ENABLE
1785583354.9158118,0.06733043411917272,0.010989010989014503,-0.29450549450549346,36,32,ENABLE
1785583354.920806,0.06733043411917272,-0.0329670329670364,-0.2681318681318672,36,32,ENABLE
1785583354.9258626,0.06733043411917272,-0.0329670329670364,-0.2681318681318672,35,32,ENABLE
1785583354.9308114,0.06733043411917272,-0.010989010989014503,-0.2593406593406584,36,32,ENABLE
1785583354.9358656,0.06733043411917272,-0.0329670329670364,-0.2593406593406584,36,32,ENABLE
1785583354.940817,0.06733043411917272,-0.0329670329670364,-0.2593406593406584,35,32,ENABLE
1785583354.9458055,0.06694895857175531,-0.010989010989014503,-0.25054945054944966,36,32,ENABLE
1785583354.950866,0.06733043411917272,-0.010989010989014503,-0.25054945054944966,36,32,ENABLE
1785583354.955866,0.06694895857175531,-0.0329670329670364,-0.2417582417582409,36,32,ENABLE
1785583354.9608395,0.06733043411917272,-0.010989010989014503,-0.25054945054944966,35,32,ENABLE
1785583354.965865,0.06733043411917272,-0.010989010989014503,-0.25054945054944966,35,32,ENABLE
1785583354.9708111,0.06733043411917272,-0.010989010989014503,-0.2593406593406584,36,32,ENABLE
1785583354.9758654,0.06733043411917272,-0.010989010989014503,-0.25054945054944966,36,32,ENABLE
1785583354.9808104,0.06694895857175531,-0.010989010989014503,-0.2417582417582409,35,32,ENABLE
1785583354.985847,0.06694895857175531,-0.0329670329670364,-0.25054945054944966,36,32,ENABLE
1785583354.990816,0.06694895857175531,-0.0329670329670364,-0.25054945054944966,36,32,ENABLE
1785583354.9958138,0.06694895857175531,-0.0329670329670364,-0.25054945054944966,35,32,ENABLE
1785583355.0008163,0.06733043411917272,-0.0329670329670364,-0.25054945054944966,35,32,ENABLE
1785583355.0060995,0.06733043411917272,-0.010989010989014503,-0.2593406593406584,36,32,ENABLE
1785583355.0108683,0.06733043411917272,-0.010989010989014503,-0.2593406593406584,35,32,ENABLE
1785583355.0158157,0.06733043411917272,-0.010989010989014503,-0.25054945054944966,35,32,ENABLE
1785583355.0208645,0.06733043411917272,-0.0329670329670364,-0.25054945054944966,35,32,ENABLE
1785583355.0258124,0.06733043411917272,-0.010989010989014503,-0.2593406593406584,35,32,ENABLE
1785583355.0308177,0.06733043411917272,-0.0329670329670364,-0.2593406593406584,35,32,ENABLE
1785583355.035815,0.06733043411917272,-0.0329670329670364,-0.25054945054944966,35,32,ENABLE
1785583355.0408087,0.06733043411917272,0.010989010989014503,-0.25054945054944966,35,32,ENABLE
1785583355.0458395,0.06733043411917272,-0.010989010989014503,-0.25054945054944966,36,32,ENABLE
1785583355.0508769,0.06733043411917272,-0.010989010989014503,-0.2593406593406584,36,32,ENABLE
1785583355.0558152,0.06733043411917272,-0.010989010989014503,-0.25054945054944966,35,32,ENABLE
1785583355.0608156,0.06733043411917272,-0.010989010989014503,-0.25054945054944966,35,32,ENABLE
1785583355.065817,0.06694895857175531,-0.010989010989014503,-0.25054945054944966,36,32,ENABLE
1785583355.070878,0.06694895857175531,-0.0329670329670364,-0.2593406593406584,35,32,ENABLE
1785583355.0758605,0.06733043411917272,0.010989010989014503,-0.25054945054944966,36,32,ENABLE
1785583355.0808756,0.06733043411917272,-0.0329670329670364,-0.2417582417582409,35,32,ENABLE
1785583355.0858731,0.06733043411917272,-0.0329670329670364,-0.2417582417582409,36,32,ENABLE
1785583355.0908144,0.06733043411917272,-0.0329670329670364,-0.25054945054944966,36,32,ENABLE
1785583355.0958157,0.06733043411917272,-0.010989010989014503,-0.25054945054944966,36,32,ENABLE
1785583355.1008148,0.06733043411917272,-0.010989010989014503,-0.25054945054944966,36,32,ENABLE
1785583355.1058109,0.06694895857175531,-0.0329670329670364,-0.2593406593406584,36,32,ENABLE
1785583355.1108131,0.06694895857175531,-0.0329670329670364,-0.2593406593406584,36,32,ENABLE
1785583355.1158159,0.06694895857175531,-0.010989010989014503,-0.25054945054944966,35,32,ENABLE
1785583355.1208103,0.06733043411917272,0.010989010989014503,-0.25054945054944966,36,32,ENABLE
1785583355.1258192,0.06733043411917272,0.010989010989014503,-0.25054945054944966,35,32,ENABLE
1785583355.130845,0.06733043411917272,-0.010989010989014503,-0.2593406593406584,36,32,ENABLE
1785583355.1358647,0.06733043411917272,-0.010989010989014503,-0.2417582417582409,36,32,ENABLE
1785583355.1408548,0.06733043411917272,-0.0329670329670364,-0.2417582417582409,36,32,ENABLE
1785583355.145869,0.06694895857175531,-0.010989010989014503,-0.2417582417582409,36,32,ENABLE
1785583355.1508121,0.06733043411917272,-0.010989010989014503,-0.2417582417582409,36,32,ENABLE
1785583355.1559055,0.06694895857175531,-0.010989010989014503,-0.25054945054944966,35,32,ENABLE
1785583355.16087,0.06694895857175531,-0.010989010989014503,-0.25054945054944966,36,32,ENABLE
1785583355.1658685,0.06733043411917272,0.010989010989014503,-0.25054945054944966,35,32,ENABLE
1785583355.170849,0.06733043411917272,0.010989010989014503,-0.25054945054944966,36,32,ENABLE
1785583355.1758764,0.06694895857175531,-0.010989010989014503,-0.2417582417582409,35,32,ENABLE
1785583355.1808631,0.06694895857175531,-0.0329670329670364,-0.25054945054944966,36,32,ENABLE
1785583355.1858726,0.06694895857175531,-0.010989010989014503,-0.25054945054944966,35,32,ENABLE
1785583355.1908095,0.06694895857175531,-0.0329670329670364,-0.25054945054944966,36,32,ENABLE
1785583355.1958148,0.06694895857175531,0.010989010989014503,-0.2593406593406584,35,32,ENABLE
1785583355.2008483,0.06733043411917272,0.010989010989014503,-0.2593406593406584,35,32,ENABLE
1785583355.2058108,0.06694895857175531,-0.010989010989014503,-0.2593406593406584,35,32,ENABLE
1785583355.2108111,0.06733043411917272,0.010989010989014503,-0.2593406593406584,36,32,ENABLE
1785583355.2158425,0.06733043411917272,-0.010989010989014503,-0.2681318681318672,35,32,ENABLE
1785583355.2208078,0.06733043411917272,-0.010989010989014503,-0.2593406593406584,35,32,ENABLE
1785583355.225862,0.06733043411917272,-0.010989010989014503,-0.2593406593406584,36,32,ENABLE
1785583355.2308078,0.06733043411917272,-0.010989010989014503,-0.2593406593406584,36,32,ENABLE
1785583355.235866,0.06733043411917272,-0.0329670329670364,-0.2593406593406584,36,32,ENABLE
1785583355.2408144,0.06733043411917272,-0.0329670329670364,-0.25054945054944966,35,32,ENABLE
1785583355.2457669,0.06733043411917272,0.0329670329670364,-0.25054945054944966,35,32,ENABLE
1785583355.250865,0.06771190966659013,0.0329670329670364,-0.2593406593406584,35,32,ENABLE
1785583355.2558067,0.06771190966659013,-0.010989010989014503,-0.2593406593406584,36,32,ENABLE
1785583355.2608047,0.06733043411917272,-0.0329670329670364,-0.25054945054944966,35,32,ENABLE
1785583355.2658598,0.06733043411917272,-0.0329670329670364,-0.2681318681318672,35,32,ENABLE
1785583355.270809,0.06733043411917272,-0.010989010989014503,-0.2593406593406584,36,32,ENABLE
1785583355.2758172,0.06733043411917272,-0.0329670329670364,-0.25054945054944966,35,32,ENABLE
1785583355.2808106,0.06733043411917272,-0.010989010989014503,-0.2593406593406584,35,32,ENABLE
1785583355.285845,0.06733043411917272,-0.010989010989014503,-0.2593406593406584,36,32,ENABLE
1785583355.2908065,0.06733043411917272,0.010989010989014503,-0.2593406593406584,35,32,ENABLE
1785583355.2958145,0.06733043411917272,0.010989010989014503,-0.2593406593406584,36,32,ENABLE
1785583355.3008282,0.06733043411917272,-0.0329670329670364,-0.2417582417582409,35,32,ENABLE
1785583355.3058162,0.06733043411917272,-0.010989010989014503,-0.25054945054944966,36,32,ENABLE
1785583355.3108113,0.06733043411917272,0.010989010989014503,-0.25054945054944966,36,32,ENABLE
1785583355.3158717,0.06733043411917272,-0.010989010989014503,-0.2417582417582409,36,32,ENABLE
1785583355.3252604,0.06694895857175531,-0.0329670329670364,-0.2417582417582409,35,32,ENABLE
1785583355.3284883,0.06733043411917272,0.010989010989014503,-0.25054945054944966,35,32,ENABLE
1785583355.3311014,0.06733043411917272,-0.010989010989014503,-0.25054945054944966,35,32,ENABLE
1785583355.3348932,0.06733043411917272,-0.010989010989014503,-0.2417582417582409,36,32,ENABLE
1785583355.3399208,0.06694895857175531,0.010989010989014503,-0.25054945054944966,36,32,ENABLE
1785583355.3450556,0.06694895857175531,-0.0329670329670364,-0.25054945054944966,36,32,ENABLE
1785583355.351695,0.06694895857175531,-0.010989010989014503,-0.25054945054944966,35,32,ENABLE
1785583355.3548012,0.06694895857175531,-0.0329670329670364,-0.25054945054944966,36,32,ENABLE
1785583355.3592303,0.06733043411917272,0.010989010989014503,-0.2417582417582409,36,32,ENABLE
1785583355.3642,0.06733043411917272,-0.010989010989014503,-0.25054945054944966,36,32,ENABLE
1785583355.371401,0.06694895857175531,-0.0329670329670364,-0.25054945054944966,36,32,ENABLE
1785583355.3763175,0.06694895857175531,-0.010989010989014503,-0.2417582417582409,36,32,ENABLE
1785583355.3810148,0.06694895857175531,-0.0329670329670364,-0.23296703296703214,35,32,ENABLE
1785583355.3859134,0.06694895857175531,-0.0329670329670364,-0.2417582417582409,36,32,ENABLE
1785583355.3907077,0.06694895857175531,-0.010989010989014503,-0.25054945054944966,35,32,ENABLE
1785583355.395619,0.06694895857175531,0.010989010989014503,-0.2417582417582409,36,32,ENABLE
1785583355.4008057,0.06694895857175531,0.010989010989014503,-0.25054945054944966,35,32,ENABLE
1785583355.4057703,0.06694895857175531,-0.010989010989014503,-0.2417582417582409,36,32,ENABLE
1785583355.4108222,0.06694895857175531,-0.010989010989014503,-0.25054945054944966,35,32,ENABLE
1785583355.415809,0.06694895857175531,0.010989010989014503,-0.25054945054944966,35,32,ENABLE
1785583355.4208026,0.06694895857175531,-0.0329670329670364,-0.2593406593406584,35,32,ENABLE
1785583355.4258075,0.06694895857175531,-0.010989010989014503,-0.25054945054944966,35,32,ENABLE
1785583355.4308164,0.06694895857175531,-0.0329670329670364,-0.25054945054944966,36,32,ENABLE
1785583355.435865,0.06694895857175531,0.010989010989014503,-0.25054945054944966,36,32,ENABLE
1785583355.4408019,0.06694895857175531,-0.010989010989014503,-0.25054945054944966,36,32,ENABLE
1785583355.4458091,0.06694895857175531,-0.010989010989014503,-0.25054945054944966,36,32,ENABLE
1785583355.450866,0.06694895857175531,-0.010989010989014503,-0.25054945054944966,35,32,ENABLE
1785583355.4558785,0.06694895857175531,-0.010989010989014503,-0.25054945054944966,35,32,ENABLE
1785583355.4608223,0.06694895857175531,-0.0329670329670364,-0.25054945054944966,35,32,ENABLE
1785583355.4658642,0.06694895857175531,0.010989010989014503,-0.25054945054944966,35,32,ENABLE
1785583355.4708505,0.06733043411917272,0.010989010989014503,-0.25054945054944966,36,32,ENABLE
1785583355.4758072,0.06694895857175531,-0.010989010989014503,-0.25054945054944966,36,32,ENABLE
1785583355.4807994,0.06694895857175531,-0.010989010989014503,-0.25054945054944966,36,32,ENABLE
1785583355.4857965,0.06694895857175531,-0.010989010989014503,-0.25054945054944966,35,32,ENABLE
1785583355.4907978,0.06694895857175531,-0.010989010989014503,-0.2417582417582409,36,32,ENABLE
1785583355.4958684,0.06694895857175531,-0.0329670329670364,-0.2417582417582409,36,32,ENABLE
1785583355.500808,0.06694895857175531,-0.0329670329670364,-0.25054945054944966,36,32,ENABLE
1785583355.5058038,0.06694895857175531,0.010989010989014503,-0.2593406593406584,36,32,ENABLE
1785583355.5108032,0.06694895857175531,-0.0329670329670364,-0.25054945054944966,36,32,ENABLE
1785583355.5158198,0.06694895857175531,0.010989010989014503,-0.2417582417582409,36,32,ENABLE
1785583355.5208082,0.06694895857175531,-0.010989010989014503,-0.25054945054944966,36,32,ENABLE
1785583355.5258074,0.06694895857175531,-0.010989010989014503,-0.25054945054944966,36,32,ENABLE
1785583355.5307994,0.06694895857175531,-0.0329670329670364,-0.2417582417582409,35,32,ENABLE
1785583355.5358124,0.06694895857175531,-0.0329670329670364,-0.2417582417582409,36,32,ENABLE
1785583355.540809,0.06694895857175531,-0.0329670329670364,-0.2417582417582409,35,32,ENABLE
1785583355.5458012,0.06694895857175531,0.010989010989014503,-0.25054945054944966,36,32,ENABLE
1785583355.5508623,0.06733043411917272,-0.0329670329670364,-0.2593406593406584,36,32,ENABLE
1785583355.5558276,0.06694895857175531,-0.010989010989014503,-0.2593406593406584,36,32,ENABLE
1785583355.5608022,0.06694895857175531,-0.010989010989014503,-0.25054945054944966,35,32,ENABLE
1785583355.5658028,0.06694895857175531,-0.010989010989014503,-0.2417582417582409,35,32,ENABLE
1785583355.5708594,0.06694895857175531,0.010989010989014503,-0.25054945054944966,36,32,ENABLE
1785583355.575804,0.06694895857175531,-0.010989010989014503,-0.25054945054944966,36,32,ENABLE
1785583355.5808702,0.06694895857175531,-0.0329670329670364,-0.2417582417582409,36,32,ENABLE
1785583355.5858636,0.06694895857175531,-0.010989010989014503,-0.2417582417582409,35,32,ENABLE
1785583355.5907779,0.06694895857175531,-0.0329670329670364,-0.2417582417582409,36,32,ENABLE
1785583355.5958018,0.06694895857175531,-0.010989010989014503,-0.25054945054944966,35,32,ENABLE
1785583355.6008651,0.06694895857175531,-0.0329670329670364,-0.25054945054944966,36,32,ENABLE
1785583355.6057992,0.06694895857175531,-0.0329670329670364,-0.2417582417582409,35,32,ENABLE
1785583355.6108048,0.06694895857175531,-0.010989010989014503,-0.23296703296703214,36,32,ENABLE
1785583355.6158,0.06694895857175531,-0.010989010989014503,-0.25054945054944966,36,32,ENABLE
1785583355.6208,0.06694895857175531,-0.010989010989014503,-0.25054945054944966,36,32,ENABLE
1785583355.625862,0.06694895857175531,0.010989010989014503,-0.2417582417582409,36,32,ENABLE
1785583355.630797,0.06694895857175531,-0.010989010989014503,-0.25054945054944966,36,32,ENABLE
1785583355.635798,0.06694895857175531,-0.010989010989014503,-0.2417582417582409,36,32,ENABLE
1785583355.6408453,0.0665674830243379,-0.0329670329670364,-0.2417582417582409,35,32,ENABLE
1785583355.6458676,0.0665674830243379,-0.0329670329670364,-0.2417582417582409,36,32,ENABLE
1785583355.650872,0.06694895857175531,-0.010989010989014503,-0.25054945054944966,35,32,ENABLE
1785583355.6558,0.0665674830243379,-0.010989010989014503,-0.2417582417582409,35,32,ENABLE
1785583355.6608028,0.0665674830243379,-0.0329670329670364,-0.2417582417582409,36,32,ENABLE
1785583355.6659071,0.0665674830243379,0.010989010989014503,-0.2417582417582409,36,32,ENABLE
1785583355.6708636,0.0665674830243379,-0.010989010989014503,-0.2417582417582409,36,32,ENABLE
1785583355.6757789,0.0665674830243379,-0.0329670329670364,-0.23296703296703214,35,32,ENABLE
1785583355.6808002,0.0665674830243379,0.010989010989014503,-0.23296703296703214,36,32,ENABLE
1785583355.6858685,0.0665674830243379,-0.0329670329670364,-0.25054945054944966,36,32,ENABLE
1785583355.6908007,0.0665674830243379,-0.0329670329670364,-0.2417582417582409,36,32,ENABLE
1785583355.6957803,0.0665674830243379,-0.010989010989014503,-0.22417582417582338,36,32,ENABLE
1785583355.7007394,0.0665674830243379,-0.0329670329670364,-0.22417582417582338,35,32,ENABLE
1785583355.7058198,0.0665674830243379,-0.010989010989014503,-0.23296703296703214,35,32,ENABLE
1785583355.7108786,0.0661860074769205,-0.010989010989014503,-0.2417582417582409,36,32,ENABLE
1785583355.715865,0.0665674830243379,-0.010989010989014503,-0.23296703296703214,36,32,ENABLE
1785583355.7207656,0.0665674830243379,-0.010989010989014503,-0.23296703296703214,36,32,ENABLE
1785583355.7258284,0.0665674830243379,0.010989010989014503,-0.2417582417582409,35,32,ENABLE
1785583355.7308064,0.0665674830243379,-0.0329670329670364,-0.23296703296703214,36,32,ENABLE
1785583355.7358067,0.0661860074769205,-0.010989010989014503,-0.2417582417582409,36,32,ENABLE
1785583355.7408116,0.0661860074769205,-0.010989010989014503,-0.2417582417582409,35,32,ENABLE
1785583355.745779,0.0661860074769205,-0.010989010989014503,-0.23296703296703214,36,32,ENABLE
1785583355.7509007,0.0661860074769205,-0.010989010989014503,-0.23296703296703214,35,32,ENABLE
1785583355.7558043,0.0661860074769205,-0.0329670329670364,-0.2417582417582409,36,32,ENABLE
1785583355.7608044,0.0661860074769205,-0.010989010989014503,-0.23296703296703214,36,32,ENABLE
1785583355.7658424,0.0661860074769205,-0.0549450549450583,-0.22417582417582338,36,32,ENABLE
1785583355.7708755,0.0661860074769205,-0.0329670329670364,-0.23296703296703214,36,32,ENABLE
1785583355.7758071,0.06580453192950309,-0.0329670329670364,-0.23296703296703214,36,32,ENABLE
1785583355.7808044,0.06580453192950309,-0.010989010989014503,-0.23296703296703214,36,32,ENABLE
1785583355.785801,0.06580453192950309,-0.0329670329670364,-0.23296703296703214,35,32,ENABLE
1785583355.7907755,0.06580453192950309,-0.010989010989014503,-0.22417582417582338,35,32,ENABLE
1785583355.7958703,0.06580453192950309,-0.010989010989014503,-0.2417582417582409,36,32,ENABLE
1785583355.8008158,0.06580453192950309,-0.0329670329670364,-0.23296703296703214,36,32,ENABLE
1785583355.805798,0.06580453192950309,-0.010989010989014503,-0.22417582417582338,35,32,ENABLE
1785583355.8108304,0.06580453192950309,-0.010989010989014503,-0.22417582417582338,36,32,ENABLE
1785583355.8158023,0.06580453192950309,-0.010989010989014503,-0.23296703296703214,35,32,ENABLE
1785583355.8208077,0.06542305638208568,-0.0549450549450583,-0.312087912087911,36,32,ENABLE
1785583355.8257964,0.06466010528725086,-0.120879120879124,-0.4879120879120862,35,32,ENABLE
1785583355.8308141,0.061608300907911584,-0.4505494505494525,-0.6549450549450562,35,32,ENABLE
1785583355.8358216,0.056649118791485265,-0.8241758241758248,-0.8131868131868139,35,32,ENABLE
1785583355.840812,0.04863813229571967,-1.2857142857142847,-0.9010989010989015,36,32,ENABLE
1785583355.8458169,0.03871976806286703,-1.7692307692307665,-0.9274725274725277,35,32,ENABLE
1785583355.8508182,0.02613107499809253,-2.2527472527472554,-0.9098901098901102,36,32,ENABLE
1785583355.855804,0.01163500419623098,-2.6703296703296715,-0.8747252747252752,36,32,ENABLE
1785583355.860811,-0.004386968795300206,-3.0659340659340657,-0.8395604395604401,36,32,ENABLE
1785583355.8658023,-0.02193484397650103,-3.395604395604394,-0.8131868131868139,36,32,ENABLE
1785583355.8707972,-0.04100862134737149,-3.659340659340657,-0.7780219780219788,36,32,ENABLE
1785583355.875814,-0.061226825360494175,-3.879120879120876,-0.7604395604395613,36,32,ENABLE
1785583355.880809,-0.08182650492103427,-4.054945054945058,-0.7516483516483525,36,32,ENABLE
1785583355.8857996,-0.10318913557640919,-4.208791208791212,-0.7516483516483525,36,32,ENABLE
1785583355.8908017,-0.12493324177920151,-4.384615384615387,-0.734065934065935,36,32,ENABLE
1785583355.8958156,-0.14820325017166347,-4.472527472527474,-0.734065934065935,36,32,ENABLE
1785583355.9008179,-0.17109178301670802,-4.582417582417584,-0.7428571428571438,36,32,ENABLE
1785583355.905796,-0.19436179140916998,-4.692307692307693,-0.734065934065935,36,32,ENABLE
1785583355.9107223,-0.21839475089646676,-4.780219780219781,-0.7076923076923087,36,32,ENABLE
1785583355.915958,-0.24395361257343318,-4.868131868131869,-0.7076923076923087,36,32,ENABLE
1785583355.920825,-0.26836804760814914,-4.912087912087912,-0.7076923076923087,36,32,ENABLE
1785583355.9258053,-0.29316395819028074,-5.0,-0.6989010989011,36,32,ENABLE
1785583355.9307399,-0.31834134431982974,-5.043956043956044,-0.7076923076923087,36,32,ENABLE
1785583355.9358695,-0.34428168154421357,-5.087912087912088,-0.7076923076923087,36,32,ENABLE
1785583355.9407814,-0.36984054322118,-5.153846153846153,-0.6901098901098912,36,32,ENABLE
1785583355.9458005,-0.3953994048981464,-5.175824175824175,-0.6813186813186825,36,32,ENABLE
1785583355.9508176,-0.42248416876478245,-5.241758241758241,-0.6637362637362649,36,32,ENABLE
1785583355.9557998,-0.4484245059891663,-5.241758241758241,-0.6461538461538474,36,32,ENABLE
1785583355.9608037,-0.4747463187609675,-5.285714285714285,-0.6285714285714299,36,32,ENABLE
1785583355.9658244,-0.5018310826276036,-5.3296703296703285,-0.6109890109890124,36,32,ENABLE
1785583355.9708,-0.5281528953994048,-5.3296703296703285,-0.5934065934065949,36,32,ENABLE
1785583355.9758012,-0.5552376592660409,-5.395604395604394,-0.5846153846153861,36,32,ENABLE
1785583355.9808025,-0.5815594720378421,-5.35164835164835,-0.5670329670329686,36,32,ENABLE
1785583355.9857967,-0.6082627603570607,-5.35164835164835,-0.5758241758241773,36,32,ENABLE
1785583355.990779,-0.6349660486762794,-5.35164835164835,-0.5670329670329686,36,32,ENABLE
1785583355.995779,-0.661669336995498,-5.35164835164835,-0.549450549450551,36,32,ENABLE
1785583356.000796,-0.6883726253147167,-5.3296703296703285,-0.549450549450551,36,32,ENABLE
1785583356.0057971,-0.7143129625391005,-5.241758241758241,-0.5846153846153861,36,32,ENABLE
1785583356.0107865,-0.7402532997634843,-5.175824175824175,-0.5846153846153861,36,32,ENABLE
1785583356.015781,-0.7658121614404525,-5.175824175824175,-0.6021978021978036,36,32,ENABLE
1785583356.020817,-0.7913710231174189,-5.087912087912088,-0.6285714285714299,36,32,ENABLE
1785583356.0257895,-0.8161669336995505,-5.043956043956044,-0.6637362637362649,36,32,ENABLE
1785583356.0307972,-0.8405813687342647,-4.956043956043956,-0.6989010989011,36,32,ENABLE
1785583356.035776,-0.8646143282215615,-4.912087912087912,-0.734065934065935,36,32,ENABLE
1785583356.0408707,-0.8897917143511105,-4.8901098901098905,-0.7516483516483525,36,32,ENABLE
1785583356.045801,-0.9138246738384073,-4.868131868131869,-0.7956043956043963,36,32,ENABLE
1785583356.0508158,-0.937857633325704,-4.802197802197803,-0.7956043956043963,36,32,ENABLE
1785583356.055814,-0.9615091172655834,-4.802197802197803,-0.8043956043956051,36,32,ENABLE
1785583356.0608003,-0.9851606012054628,-4.802197802197803,-0.8219780219780226,36,32,ENABLE
1785583356.065817,-1.009575036240177,-4.802197802197803,-0.8219780219780226,36,32,ENABLE
1785583356.070813,-1.0339894712748912,-4.802197802197803,-0.8219780219780226,36,32,ENABLE
1785583356.0758097,-1.0576409552147705,-4.802197802197803,-0.8219780219780226,36,32,ENABLE
1785583356.0807962,-1.08129243915465,-4.780219780219781,-0.8131868131868139,36,32,ENABLE
1785583356.0858061,-1.1053253986419467,-4.802197802197803,-0.8131868131868139,36,32,ENABLE
1785583356.0908182,-1.128976882581826,-4.758241758241759,-0.8131868131868139,36,32,ENABLE
1785583356.0958056,-1.152246890974288,-4.714285714285715,-0.8131868131868139,36,32,ENABLE
1785583356.1008036,-1.17551689936675,-4.692307692307693,-0.8131868131868139,36,32,ENABLE
1785583356.1058161,-1.1995498588540467,-4.714285714285715,-0.7956043956043963,36,32,ENABLE
1785583356.110794,-1.2224383916990913,-4.714285714285715,-0.7780219780219788,36,32,ENABLE
1785583356.1157966,-1.2457084000915533,-4.692307692307693,-0.7780219780219788,36,32,ENABLE
1785583356.1207957,-1.2693598840314344,-4.736263736263737,-0.734065934065935,36,32,ENABLE
1785583356.1258035,-1.2933928435187312,-4.758241758241759,-0.6989010989011,36,32,ENABLE
1785583356.130791,-1.3166628519111931,-4.714285714285715,-0.6989010989011,36,32,ENABLE
1785583356.1358051,-1.3403143358510725,-4.714285714285715,-0.6285714285714299,36,32,ENABLE
1785583356.1407816,-1.3635843442435345,-4.714285714285715,-0.6197802197802211,36,32,ENABLE
1785583356.1458018,-1.386472877088579,-4.626373626373628,-0.5934065934065949,36,32,ENABLE
1785583356.1508133,-1.4101243610284584,-4.604395604395606,-0.5758241758241773,36,32,ENABLE
1785583356.1558654,-1.433012893873503,-4.582417582417584,-0.5582417582417598,36,32,ENABLE
1785583356.1608036,-1.4547570000762953,-4.516483516483518,-0.5406593406593423,36,32,ENABLE
1785583356.1658728,-1.4776455329213398,-4.494505494505496,-0.5406593406593423,36,32,ENABLE
1785583356.1708138,-1.4997711146715496,-4.428571428571431,-0.5318681318681335,36,32,ENABLE
1785583356.1758173,-1.5211337453269245,-4.340659340659343,-0.5230769230769248,36,32,ENABLE
1785583356.1807966,-1.542114900434882,-4.318681318681321,-0.5054945054945073,36,32,ENABLE
1785583356.1858644,-1.563477531090257,-4.252747252747255,-0.5054945054945073,36,32,ENABLE
1785583356.1908138,-1.584077210650797,-4.18681318681319,-0.5054945054945073,36,32,ENABLE
1785583356.1958067,-1.6050583657587545,-4.142857142857146,-0.4791208791208774,36,32,ENABLE
1785583356.2007782,-1.6248950942244598,-4.120879120879124,-0.4791208791208774,36,32,ENABLE
1785583356.2058036,-1.6451132982375825,-4.032967032967036,-0.4791208791208774,36,32,ENABLE
1785583356.2108686,-1.6649500267032877,-3.9670329670329636,-0.49670329670329494,36,33,ENABLE
1785583356.215799,-1.6836423285267408,-3.901098901098898,-0.4879120879120862,36,33,ENABLE
1785583356.2208166,-1.7030975814450287,-3.879120879120876,-0.4791208791208774,36,33,ENABLE
1785583356.2257955,-1.7217898832684817,-3.7912087912087884,-0.4879120879120862,36,33,ENABLE
1785583356.230813,-1.7401007095445173,-3.7472527472527446,-0.4879120879120862,36,33,ENABLE
1785583356.2358038,-1.7580300602731374,-3.659340659340657,-0.5054945054945073,36,33,ENABLE
1785583356.2407975,-1.7759594110017556,-3.5934065934065913,-0.5054945054945073,36,33,ENABLE
1785583356.2457426,-1.793125810635539,-3.5274725274725256,-0.4791208791208774,36,33,ENABLE
1785583356.2508168,-1.8106736858167398,-3.483516483516482,-0.49670329670329494,36,33,ENABLE
1785583356.255811,-1.8270771343556884,-3.395604395604394,-0.49670329670329494,36,33,ENABLE
1785583356.260779,-1.843480582894637,-3.3296703296703285,-0.5054945054945073,36,33,ENABLE
1785583356.2657826,-1.8595025558861682,-3.241758241758241,-0.5230769230769248,36,33,ENABLE
1785583356.2707767,-1.875143053330282,-3.1538461538461533,-0.5406593406593423,36,33,ENABLE
1785583356.2758162,-1.8907835507743957,-3.0879120879120876,-0.549450549450551,36,33,ENABLE
1785583356.2808046,-1.9056610971236747,-3.043956043956044,-0.5582417582417598,36,33,ENABLE
1785583356.2858124,-1.9201571679255363,-2.978021978021978,-0.5582417582417598,36,33,ENABLE
1785583356.2907996,-1.9342717631799804,-2.9120879120879124,-0.5670329670329686,36,33,ENABLE
1785583356.2958481,-1.9483863584344245,-2.824175824175825,-0.5934065934065949,36,33,ENABLE
1785583356.300773,-1.9617380025940339,-2.736263736263737,-0.5934065934065949,36,33,ENABLE
1785583356.3058012,-1.9750896467536432,-2.7142857142857153,-0.5934065934065949,36,33,ENABLE
1785583356.3107758,-1.988059815365835,-2.6263736263736277,-0.6109890109890124,36,33,ENABLE
1785583356.3157823,-2.0006485084306096,-2.560439560439562,-0.6197802197802211,36,33,ENABLE
1785583356.320779,-2.0128557259479667,-2.4945054945054963,-0.6373626373626387,36,33,ENABLE
1785583356.3257947,-2.0246814679179064,-2.4725274725274744,-0.6197802197802211,36,33,ENABLE
1785583356.3307943,-2.0368886854352635,-2.4285714285714306,-0.6285714285714299,36,33,ENABLE
1785583356.335777,-2.0483329518577857,-2.362637362637365,-0.6285714285714299,36,33,ENABLE
1785583356.3408134,-2.059777218280308,-2.296703296703299,-0.6197802197802211,36,33,ENABLE
1785583356.345824,-2.070840009155413,-2.2307692307692335,-0.6197802197802211,36,33,ENABLE
1785583356.350864,-2.0815213244831003,-2.1868131868131897,-0.6197802197802211,36,33,ENABLE
1785583356.3557982,-2.0918211642633704,-2.142857142857146,-0.6021978021978036,36,33,ENABLE
1785583356.3608167,-2.1021210040436404,-2.0549450549450583,-0.6109890109890124,36,33,ENABLE
1785583356.3658085,-2.1116578927290757,-2.0329670329670364,-0.6109890109890124,36,33,ENABLE
1785583356.3708174,-2.121194781414511,-1.9230769230769198,-0.6021978021978036,36,33,ENABLE
1785583356.375811,-2.1303501945525287,-1.857142857142854,-0.6197802197802211,36,33,ENABLE
1785583356.3808002,-2.1387426565957117,-1.7692307692307665,-0.6197802197802211,36,33,ENABLE
1785583356.3858132,-2.147516594186312,-1.7032967032967008,-0.6109890109890124,36,33,ENABLE
1785583356.3907785,-2.1555275806820777,-1.637362637362635,-0.6109890109890124,36,33,ENABLE
1785583356.3958068,-2.163157091630426,-1.5494505494505475,-0.6109890109890124,36,33,ENABLE
1785583356.4010491,-2.170786602578774,-1.4835164835164818,-0.6109890109890124,36,33,ENABLE
1785583356.4058635,-2.1776531624322875,-1.46153846153846,-0.6109890109890124,36,33,ENABLE
1785583356.410812,-2.1841382467383834,-1.3516483516483504,-0.6109890109890124,36,33,ENABLE
1785583356.415927,-2.1906233310444794,-1.3076923076923066,-0.6197802197802211,36,33,ENABLE
1785583356.420816,-2.196726939803158,-1.241758241758241,-0.6021978021978036,36,33,ENABLE
1785583356.4258165,-2.202449073014419,-1.241758241758241,-0.5846153846153861,36,33,ENABLE
1785583356.4308174,-2.20817120622568,-1.1538461538461533,-0.5670329670329686,36,33,ENABLE
1785583356.4358146,-2.213511863889524,-1.0659340659340657,-0.5758241758241773,36,33,ENABLE
1785583356.440798,-2.2177080949111154,-1.021978021978022,-0.5670329670329686,36,33,ENABLE
1785583356.4457817,-2.2222858014801243,-0.9560439560439562,-0.5758241758241773,36,33,ENABLE
1785583356.4508972,-2.2261005569542984,-0.8461538461538467,-0.5758241758241773,36,33,ENABLE
1785583356.4558053,-2.229533836881055,-0.7582417582417591,-0.5846153846153861,36,33,ENABLE
1785583356.4607968,-2.2325856412603944,-0.6483516483516496,-0.5758241758241773,36,33,ENABLE
1785583356.4657397,-2.2352559700923162,-0.5824175824175839,-0.5846153846153861,36,33,ENABLE
1785583356.4708,-2.2375448233768207,-0.560439560439562,-0.5846153846153861,36,33,ENABLE
1785583356.4758463,-2.2390707255664903,-0.3846153846153868,-0.5934065934065949,36,33,ENABLE
1785583356.4807959,-2.241359578850995,-0.4285714285714306,-0.5670329670329686,36,33,ENABLE
1785583356.4858117,-2.242504005493247,-0.2967032967032992,-0.5758241758241773,36,33,ENABLE
1785583356.490813,-2.2428854810406644,-0.1648351648351678,-0.5934065934065949,36,33,ENABLE
1785583356.495812,-2.243266956588082,-0.120879120879124,-0.5846153846153861,36,33,ENABLE
1785583356.5007753,-2.2436484321354992,-0.0769230769230802,-0.5758241758241773,36,33,ENABLE
1785583356.5058134,-2.2436484321354992,-0.0549450549450583,-0.5758241758241773,36,33,ENABLE
1785583356.5107973,-2.243266956588082,0.0549450549450583,-0.549450549450551,36,33,ENABLE
1785583356.5158553,-2.2428854810406644,0.0549450549450583,-0.5230769230769248,36,33,ENABLE
1785583356.520816,-2.2421225299458296,0.0989010989011021,-0.5054945054945073,36,33,ENABLE
1785583356.5258183,-2.241359578850995,0.1648351648351678,-0.4791208791208774,36,33,ENABLE
1785583356.5307782,-2.2402151522087426,0.1648351648351678,-0.4175824175824161,36,33,ENABLE
1785583356.535807,-2.2394522011139077,0.1868131868131897,-0.38241758241758106,36,33,ENABLE
1785583356.5408192,-2.2383077744716555,0.2307692307692335,-0.3736263736263723,36,33,ENABLE
1785583356.5458145,-2.236018921187151,0.3626373626373649,-0.33846153846153726,36,33,ENABLE
1785583356.5508626,-2.234111543450064,0.3186813186813211,-0.27692307692307594,36,33,ENABLE
1785583356.5557802,-2.2318226901655596,0.4065934065934087,-0.2681318681318672,36,33,ENABLE
1785583356.5608149,-2.2291523613336377,0.4725274725274744,-0.2417582417582409,36,33,ENABLE
1785583356.565779,-2.225719081406881,0.6483516483516496,-0.22417582417582338,36,33,ENABLE
1785583356.5707784,-2.221904325932707,0.7142857142857153,-0.1978021978021971,36,33,ENABLE
1785583356.5757768,-2.2177080949111154,0.8021978021978029,-0.1978021978021971,36,33,ENABLE
1785583356.5807998,-2.212748912794689,0.8901098901098905,-0.1978021978021971,36,33,ENABLE
1785583356.5858042,-2.2074082551308454,0.9780219780219781,-0.1978021978021971,36,33,ENABLE
1785583356.5908086,-2.201304646372167,1.1098901098901095,-0.18021978021977958,36,33,ENABLE
1785583356.595807,-2.1955825131609057,1.1758241758241752,-0.18021978021977958,36,33,ENABLE
1785583356.6009896,-2.188334477759975,1.3516483516483504,-0.18901098901098834,36,33,ENABLE
1785583356.605861,-2.1807049668116267,1.439560439560438,-0.18901098901098834,36,33,ENABLE
1785583356.6107872,-2.1730754558632785,1.4835164835164818,-0.18901098901098834,36,33,ENABLE
1785583356.6158154,-2.165064469367513,1.5494505494505475,-0.1978021978021971,36,33,ENABLE
1785583356.6207976,-2.1562905317769125,1.7032967032967008,-0.21538461538461462,36,33,ENABLE
1785583356.6258159,-2.1467536430914773,1.8131868131868103,-0.22417582417582338,36,33,ENABLE
1785583356.6307943,-2.137216754406042,1.879120879120876,-0.21538461538461462,36,33,ENABLE
1785583356.6357977,-2.1272983901731894,1.9450549450549417,-0.22417582417582338,36,33,ENABLE
1785583356.6407783,-2.116617074845502,2.07692307692308,-0.22417582417582338,36,33,ENABLE
1785583356.6458652,-2.1051728084229797,2.142857142857146,-0.2417582417582409,36,33,ENABLE
1785583356.6508124,-2.094110017547875,2.164835164835168,-0.2417582417582409,36,33,ENABLE
1785583356.6557722,-2.082284275577935,2.318681318681321,-0.25054945054944966,36,33,ENABLE
1785583356.6608071,-2.070077058060578,2.362637362637365,-0.25054945054944966,36,33,ENABLE
1785583356.6659057,-2.0574883649958036,2.4065934065934087,-0.2417582417582409,36,33,ENABLE
1785583356.6708167,-2.0452811474784465,2.4725274725274744,-0.2593406593406584,36,33,ENABLE
1785583356.6757784,-2.031929503318837,2.604395604395606,-0.25054945054944966,36,33,ENABLE
1785583356.6808076,-2.018577859159228,2.6263736263736277,-0.2417582417582409,36,33,ENABLE
1785583356.6858063,-2.004844739452201,2.7142857142857153,-0.25054945054944966,36,33,ENABLE
1785583356.6908612,-1.990730144197757,2.780219780219781,-0.2417582417582409,36,33,ENABLE
1785583356.6958008,-1.9762340733958954,2.8461538461538467,-0.2417582417582409,36,33,ENABLE
1785583356.700819,-1.9613565270466164,2.9120879120879124,-0.2417582417582409,36,33,ENABLE
1785583356.7058146,-1.9464789806973375,3.0,-0.2417582417582409,36,33,ENABLE
1785583356.7108147,-1.9308384832532237,3.021978021978022,-0.2417582417582409,36,33,ENABLE
1785583356.7157974,-1.91519798580911,3.1318681318681314,-0.23296703296703214,36,33,ENABLE
1785583356.7207956,-1.8991760128175788,3.1538461538461533,-0.23296703296703214,36,33,ENABLE
1785583356.7257795,-1.8823910887312127,3.2857142857142847,-0.23296703296703214,36,33,ENABLE
1785583356.7308965,-1.864843213550012,3.3516483516483504,-0.23296703296703214,36,33,ENABLE
1785583356.7358031,-1.848058289463646,3.395604395604394,-0.2417582417582409,36,33,ENABLE
1785583356.740798,-1.830510414282445,3.46153846153846,-0.25054945054944966,36,33,ENABLE
1785583356.745778,-1.8125810635538269,3.5274725274725256,-0.23296703296703214,36,33,ENABLE
1785583356.7510357,-1.7935072861829564,3.5934065934065913,-0.23296703296703214,36,33,ENABLE
1785583356.7558053,-1.7755779354543382,3.659340659340657,-0.23296703296703214,36,33,ENABLE
1785583356.7608144,-1.7568856336308851,3.7472527472527446,-0.2417582417582409,36,33,ENABLE
1785583356.765782,-1.7378118562600129,3.8131868131868103,-0.2417582417582409,36,33,ENABLE
1785583356.770822,-1.7179751277943076,3.857142857142854,-0.23296703296703214,36,33,ENABLE
1785583356.7757967,-1.6985198748760197,3.92307692307692,-0.2417582417582409,36,33,ENABLE
1785583356.7807953,-1.678301670862897,3.9890109890109855,-0.23296703296703214,36,33,ENABLE
1785583356.785811,-1.6580834668497744,4.032967032967036,-0.21538461538461462,36,33,ENABLE
1785583356.7907999,-1.6374837872892343,4.07692307692308,-0.21538461538461462,36,33,ENABLE
1785583356.795815,-1.6165026321812768,4.120879120879124,-0.18901098901098834,36,33,ENABLE
1785583356.8008127,-1.5959029526207367,4.142857142857146,-0.18021978021977958,36,33,ENABLE
1785583356.8058057,-1.5749217975127792,4.2307692307692335,-0.17142857142857082,36,33,ENABLE
1785583356.8108678,-1.5527962157625694,4.296703296703299,-0.16263736263736206,36,33,ENABLE
1785583356.815876,-1.5306706340123597,4.318681318681321,-0.17142857142857082,36,33,ENABLE
1785583356.8208146,-1.50854505226215,4.406593406593409,-0.18021978021977958,36,33,ENABLE
1785583356.825796,-1.4864194705119402,4.4505494505494525,-0.1538461538461533,36,33,ENABLE
1785583356.8307815,-1.463912413214313,4.494505494505496,-0.16263736263736206,36,33,ENABLE
1785583356.8358004,-1.4402609292744337,4.604395604395606,-0.17142857142857082,36,33,ENABLE
1785583356.8407986,-1.4169909208819718,4.626373626373628,-0.14505494505494454,36,33,ENABLE
1785583356.8457959,-1.3933394369420924,4.692307692307693,-0.1538461538461533,36,33,ENABLE
1785583356.8508134,-1.3689250019073782,4.736263736263737,-0.13626373626373578,36,33,ENABLE
1785583356.8558154,-1.3452735179674988,4.802197802197803,-0.14505494505494454,36,33,ENABLE
1785583356.860813,-1.3204776073853672,4.868131868131869,-0.14505494505494454,36,33,ENABLE
1785583356.86578,-1.296063172350653,4.912087912087912,-0.14505494505494454,36,33,ENABLE
1785583356.87081,-1.2712672617685215,4.934065934065934,-0.13626373626373578,36,33,ENABLE
1785583356.8758183,-1.2460898756389707,5.0,-0.12747252747252702,36,33,ENABLE
1785583356.8808646,-1.2205310139620043,5.0,-0.1098901098901095,36,33,ENABLE
1785583356.8858213,-1.1953536278324552,5.065934065934066,-0.11868131868131826,36,33,ENABLE
1785583356.8908067,-1.1694132906080714,5.153846153846153,-0.1098901098901095,36,33,ENABLE
1785583356.8957767,-1.143854428931105,5.131868131868131,-0.10109890109890074,36,33,ENABLE
1785583356.9008093,-1.1171511406118864,5.219780219780219,-0.08351648351648322,36,33,ENABLE
1785583356.9057775,-1.0912108033875025,5.241758241758241,-0.08351648351648322,36,33,ENABLE
1785583356.9107988,-1.064507515068284,5.307692307692307,-0.08351648351648322,36,33,ENABLE
1785583356.9157772,-1.0374227512016478,5.373626373626372,-0.09230769230769198,36,33,ENABLE
1785583356.9208171,-1.0099565117875944,5.417582417582416,-0.09230769230769198,36,33,ENABLE
1785583356.9257753,-0.9824902723735409,5.483516483516482,-0.1098901098901095,36,33,ENABLE
1785583356.9307792,-0.9542610818646526,5.593406593406591,-0.13626373626373578,36,33,ENABLE
1785583356.9358566,-0.9248874647135121,5.703296703296701,-0.16263736263736206,36,33,ENABLE
1785583356.9408112,-0.895895323109789,5.791208791208788,-0.20659340659340586,36,33,ENABLE
1785583356.9458075,-0.8665217059586485,5.835164835164832,-0.2417582417582409,36,33,ENABLE
1785583356.9508045,-0.8363851377126732,5.945054945054942,-0.2681318681318672,36,33,ENABLE
1785583356.9557939,-0.8073929961089501,5.92307692307692,-0.2857142857142847,36,33,ENABLE
1785583356.960777,-0.7768749523155574,5.9890109890109855,-0.3032967032967022,36,33,ENABLE
1785583356.9658072,-0.7467383840695803,5.967032967032964,-0.3032967032967022,36,32,ENABLE
1785583356.9708126,-0.7162203402761875,6.032967032967036,-0.347252747252746,36,32,ENABLE
1785583356.9757943,-0.6860837720302122,6.120879120879124,-0.36483516483516354,36,32,ENABLE
1785583356.9808347,-0.6551842526894021,6.098901098901102,-0.38241758241758106,36,32,ENABLE
1785583356.9858177,-0.6246662088960093,6.120879120879124,-0.3999999999999986,36,32,ENABLE
1785583356.9908082,-0.5937666895551992,6.120879120879124,-0.3912087912087898,36,32,ENABLE
1785583356.995794,-0.5632486457618064,6.142857142857146,-0.40879120879120734,36,32,ENABLE
1785583357.0008125,-0.5319676508735789,6.164835164835168,-0.42637362637362486,36,32,ENABLE
1785583357.0058205,-0.5014496070801862,6.120879120879124,-0.3999999999999986,36,32,ENABLE
1785583357.010777,-0.4709315632867934,6.164835164835168,-0.40879120879120734,36,32,ENABLE
1785583357.0157986,-0.43965056839856587,6.18681318681319,-0.42637362637362486,36,32,ENABLE
1785583357.0208054,-0.4087510490577557,6.142857142857146,-0.40879120879120734,36,32,ENABLE
1785583357.025815,-0.3778515297169456,6.164835164835168,-0.38241758241758106,36,32,ENABLE
1785583357.0307786,-0.34733348592355284,6.142857142857146,-0.3912087912087898,36,32,ENABLE
1785583357.0357962,-0.3164339665827427,6.164835164835168,-0.38241758241758106,36,32,ENABLE
1785583357.0407968,-0.28553444724193255,6.164835164835168,-0.3560439560439548,36,32,ENABLE
1785583357.045815,-0.2546349279011224,6.164835164835168,-0.347252747252746,36,32,ENABLE
1785583357.050817,-0.2237354085603105,6.120879120879124,-0.3560439560439548,36,32,ENABLE
1785583357.055806,-0.19321736476691775,6.142857142857146,-0.33846153846153726,36,32,ENABLE
1785583357.0608003,-0.16308079652094243,6.098901098901102,-0.3736263736263723,36,32,ENABLE
1785583357.0658176,-0.1333257038223845,5.967032967032964,-0.5406593406593423,36,32,ENABLE
1785583357.0708058,-0.10585946440833105,5.659340659340657,-0.734065934065935,36,32,ENABLE
1785583357.0758166,-0.08068207827878204,5.263736263736263,-0.8747252747252752,36,32,ENABLE
1785583357.0807993,-0.05779354543373749,4.780219780219781,-0.989010989010989,36,32,ENABLE
1785583357.0857997,-0.03833829251544962,4.208791208791212,-1.0065934065934066,36,32,ENABLE
1785583357.0907795,-0.02117189288166621,3.681318681318679,-0.9978021978021978,36,32,ENABLE
1785583357.0958498,-0.006294346532387252,3.175824175824175,-0.9626373626373628,35,32,ENABLE
1785583357.100873,0.006294346532387252,2.7142857142857153,-0.9098901098901102,36,32,ENABLE
1785583357.1057992,0.0165941863126573,2.318681318681321,-0.8395604395604401,36,32,ENABLE
1785583357.110816,0.02574959945067512,1.9890109890109855,-0.7868131868131876,36,32,ENABLE
1785583357.1158602,0.033379110399023304,1.7032967032967008,-0.7252747252747263,36,32,ENABLE
1785583357.1207974,0.04024567025253667,1.439560439560438,-0.6901098901098912,36,32,ENABLE
1785583357.1258059,0.0455863279163804,1.197802197802197,-0.6461538461538474,36,32,ENABLE
1785583357.1308177,0.05054551003280672,1.021978021978022,-0.6021978021978036,36,32,ENABLE
1785583357.1358514,0.05474174105439822,0.9120879120879124,-0.5758241758241773,36,32,ENABLE
1785583357.140795,0.05779354543373749,0.7582417582417591,-0.5406593406593423,36,32,ENABLE
1785583357.1457772,0.060463874265659356,0.5824175824175839,-0.49670329670329494,35,32,ENABLE
1785583357.15086,0.06275272755016381,0.4725274725274744,-0.47032967032966866,36,32,ENABLE
1785583357.155814,0.06389715419241604,0.3626373626373649,-0.42637362637362486,36,32,ENABLE
1785583357.160807,0.06504158083466827,0.2527472527472554,-0.3999999999999986,36,32,ENABLE
1785583357.165871,0.0661860074769205,0.2307692307692335,-0.3736263736263723,35,32,ENABLE
1785583357.1708193,0.06694895857175531,0.1648351648351678,-0.347252747252746,36,32,ENABLE
1785583357.1758735,0.0665674830243379,0.0329670329670364,-0.3032967032967022,36,32,ENABLE
1785583357.1808238,0.0665674830243379,0.010989010989014503,-0.27692307692307594,36,32,ENABLE
1785583357.185819,0.0665674830243379,-0.0549450549450583,-0.2593406593406584,36,32,ENABLE
1785583357.1907806,0.0665674830243379,0.010989010989014503,-0.2681318681318672,36,32,ENABLE
1785583357.1958148,0.0665674830243379,0.010989010989014503,-0.2417582417582409,36,32,ENABLE
1785583357.2008188,0.0661860074769205,-0.0329670329670364,-0.23296703296703214,36,32,ENABLE
1785583357.2058177,0.0665674830243379,-0.010989010989014503,-0.23296703296703214,36,32,ENABLE
1785583357.2107742,0.0665674830243379,0.010989010989014503,-0.2417582417582409,36,32,ENABLE
1785583357.2158763,0.0665674830243379,-0.0329670329670364,-0.23296703296703214,36,32,ENABLE
1785583357.2208216,0.0661860074769205,-0.010989010989014503,-0.22417582417582338,36,32,ENABLE
1785583357.225777,0.0661860074769205,-0.0329670329670364,-0.22417582417582338,36,32,ENABLE
1785583357.2308192,0.0661860074769205,-0.0329670329670364,-0.23296703296703214,36,32,ENABLE
1785583357.2358656,0.0661860074769205,0.010989010989014503,-0.23296703296703214,36,32,ENABLE
1785583357.2408168,0.0661860074769205,0.010989010989014503,-0.23296703296703214,36,32,ENABLE
1785583357.2458055,0.0661860074769205,-0.010989010989014503,-0.23296703296703214,36,32,ENABLE
1785583357.25081,0.0661860074769205,-0.0329670329670364,-0.2417582417582409,36,32,ENABLE
1785583357.2558193,0.06580453192950309,-0.0329670329670364,-0.23296703296703214,36,32,ENABLE
1785583357.260818,0.0661860074769205,0.010989010989014503,-0.23296703296703214,36,32,ENABLE
1785583357.2658596,0.06580453192950309,-0.010989010989014503,-0.23296703296703214,36,32,ENABLE
1785583357.270804,0.06580453192950309,-0.0329670329670364,-0.22417582417582338,35,32,ENABLE
1785583357.2758193,0.06580453192950309,-0.010989010989014503,-0.23296703296703214,36,32,ENABLE
1785583357.2808204,0.06580453192950309,-0.0329670329670364,-0.22417582417582338,35,32,ENABLE
1785583357.2858148,0.06580453192950309,-0.010989010989014503,-0.22417582417582338,36,32,ENABLE
1785583357.2907777,0.06580453192950309,-0.010989010989014503,-0.22417582417582338,36,32,ENABLE
1785583357.295821,0.06580453192950309,-0.010989010989014503,-0.22417582417582338,36,32,ENABLE
1785583357.3008583,0.06580453192950309,-0.0329670329670364,-0.21538461538461462,36,32,ENABLE
1785583357.3058207,0.06580453192950309,-0.0329670329670364,-0.23296703296703214,36,32,ENABLE
1785583357.3108099,0.06580453192950309,0.010989010989014503,-0.23296703296703214,36,32,ENABLE
1785583357.3158004,0.06580453192950309,-0.010989010989014503,-0.23296703296703214,36,32,ENABLE
1785583357.3208158,0.06580453192950309,-0.0329670329670364,-0.22417582417582338,36,32,ENABLE
1785583357.3258162,0.06580453192950309,-0.010989010989014503,-0.23296703296703214,36,32,ENABLE
1785583357.3308184,0.06580453192950309,0.010989010989014503,-0.23296703296703214,36,32,ENABLE
1785583357.335795,0.06580453192950309,-0.010989010989014503,-0.22417582417582338,36,32,ENABLE
1785583357.3407788,0.06580453192950309,-0.0329670329670364,-0.22417582417582338,36,32,ENABLE
1785583357.3458219,0.06580453192950309,-0.010989010989014503,-0.2417582417582409,36,32,ENABLE
1785583357.3508139,0.06580453192950309,0.010989010989014503,-0.23296703296703214,36,32,ENABLE
1785583357.3558197,0.06580453192950309,-0.010989010989014503,-0.23296703296703214,36,32,ENABLE
1785583357.3607962,0.06580453192950309,0.010989010989014503,-0.2417582417582409,35,32,ENABLE
1785583357.3658042,0.06580453192950309,-0.010989010989014503,-0.2417582417582409,36,32,ENABLE
1785583357.3708045,0.06580453192950309,-0.010989010989014503,-0.2417582417582409,36,32,ENABLE
1785583357.3758066,0.06580453192950309,-0.010989010989014503,-0.23296703296703214,36,32,ENABLE
1785583357.380806,0.06580453192950309,-0.0329670329670364,-0.2417582417582409,36,32,ENABLE
1785583357.3858664,0.06580453192950309,0.010989010989014503,-0.25054945054944966,36,32,ENABLE
1785583357.3907795,0.06580453192950309,0.010989010989014503,-0.23296703296703214,36,32,ENABLE
1785583357.3958154,0.06580453192950309,0.010989010989014503,-0.23296703296703214,36,32,ENABLE
1785583357.400778,0.06580453192950309,-0.010989010989014503,-0.2417582417582409,36,32,ENABLE
1785583357.4058783,0.0661860074769205,-0.010989010989014503,-0.23296703296703214,36,32,ENABLE
1785583357.4108043,0.06580453192950309,-0.010989010989014503,-0.2417582417582409,36,32,ENABLE
1785583357.415822,0.0661860074769205,-0.010989010989014503,-0.23296703296703214,36,32,ENABLE
1785583357.4207814,0.0661860074769205,-0.010989010989014503,-0.23296703296703214,36,32,ENABLE
1785583357.4257998,0.0661860074769205,0.010989010989014503,-0.2417582417582409,35,32,ENABLE
1785583357.4308138,0.0661860074769205,0.010989010989014503,-0.22417582417582338,36,32,ENABLE
1785583357.4357955,0.0661860074769205,-0.0329670329670364,-0.23296703296703214,36,32,ENABLE
1785583357.4408195,0.0661860074769205,-0.010989010989014503,-0.23296703296703214,36,32,ENABLE
1785583357.4457707,0.0661860074769205,-0.0329670329670364,-0.23296703296703214,36,32,ENABLE
1785583357.4508448,0.0661860074769205,-0.010989010989014503,-0.2417582417582409,36,32,ENABLE
1785583357.4558089,0.0661860074769205,-0.010989010989014503,-0.23296703296703214,36,32,ENABLE
1785583357.460781,0.0661860074769205,0.010989010989014503,-0.23296703296703214,36,32,ENABLE
1785583357.4658127,0.0661860074769205,-0.010989010989014503,-0.2417582417582409,36,32,ENABLE
1785583357.4708152,0.0665674830243379,0.0329670329670364,-0.2593406593406584,36,32,ENABLE
1785583357.4757998,0.0665674830243379,-0.010989010989014503,-0.23296703296703214,35,32,ENABLE
1785583357.4808197,0.0665674830243379,-0.0329670329670364,-0.2417582417582409,36,32,ENABLE
1785583357.4858596,0.0661860074769205,0.010989010989014503,-0.25054945054944966,36,32,ENABLE
1785583357.490826,0.0665674830243379,0.010989010989014503,-0.2417582417582409,36,32,ENABLE
1785583357.4958925,0.0665674830243379,-0.010989010989014503,-0.2417582417582409,36,32,ENABLE
1785583357.5009656,0.0665674830243379,0.0329670329670364,-0.25054945054944966,36,32,ENABLE
1785583357.5058622,0.0665674830243379,-0.010989010989014503,-0.2417582417582409,36,32,ENABLE
1785583357.510809,0.0665674830243379,-0.0329670329670364,-0.23296703296703214,36,32,ENABLE
1785583357.5158076,0.0665674830243379,-0.010989010989014503,-0.2417582417582409,36,32,ENABLE
1785583357.5208218,0.0665674830243379,-0.010989010989014503,-0.25054945054944966,36,32,ENABLE
1785583357.525796,0.0665674830243379,-0.010989010989014503,-0.23296703296703214,36,32,ENABLE
1785583357.5308027,0.0665674830243379,0.010989010989014503,-0.2417582417582409,36,32,ENABLE
1785583357.5358486,0.0665674830243379,-0.010989010989014503,-0.25054945054944966,36,32,ENABLE
1785583357.5407958,0.06694895857175531,0.010989010989014503,-0.25054945054944966,35,32,ENABLE
1785583357.5458043,0.06694895857175531,-0.010989010989014503,-0.25054945054944966,36,32,ENABLE
1785583357.5508137,0.0665674830243379,-0.010989010989014503,-0.2417582417582409,36,32,ENABLE
1785583357.5558057,0.0665674830243379,-0.010989010989014503,-0.25054945054944966,36,32,ENABLE
1785583357.5607965,0.0665674830243379,-0.010989010989014503,-0.2417582417582409,35,32,ENABLE
1785583357.5658,0.0665674830243379,-0.0329670329670364,-0.2417582417582409,36,32,ENABLE
1785583357.570863,0.0665674830243379,-0.0329670329670364,-0.2417582417582409,36,32,ENABLE
1785583357.5758703,0.0665674830243379,0.010989010989014503,-0.25054945054944966,36,32,ENABLE
1785583357.580795,0.0665674830243379,-0.010989010989014503,-0.25054945054944966,35,32,ENABLE
1785583357.58585,0.0665674830243379,-0.0329670329670364,-0.25054945054944966,36,32,ENABLE
1785583357.590822,0.0665674830243379,-0.010989010989014503,-0.2417582417582409,36,32,ENABLE
1785583357.5958061,0.0665674830243379,-0.010989010989014503,-0.2417582417582409,36,32,ENABLE
1785583357.6008027,0.0665674830243379,-0.010989010989014503,-0.25054945054944966,36,32,ENABLE
1785583357.6058016,0.0665674830243379,-0.010989010989014503,-0.2417582417582409,35,32,ENABLE
1785583357.6107752,0.0665674830243379,-0.010989010989014503,-0.2417582417582409,36,32,ENABLE
1785583357.6158001,0.0665674830243379,-0.010989010989014503,-0.25054945054944966,36,32,ENABLE
1785583357.6208177,0.0665674830243379,-0.010989010989014503,-0.2417582417582409,36,32,ENABLE
1785583357.6258485,0.0665674830243379,-0.010989010989014503,-0.25054945054944966,36,32,ENABLE
1785583357.6308086,0.0665674830243379,-0.010989010989014503,-0.2417582417582409,36,32,ENABLE
1785583357.6358078,0.0665674830243379,-0.010989010989014503,-0.2417582417582409,35,32,ENABLE
1785583357.6408632,0.0665674830243379,-0.010989010989014503,-0.2417582417582409,36,32,ENABLE
1785583357.6458025,0.0665674830243379,-0.010989010989014503,-0.25054945054944966,36,32,ENABLE
1785583357.6508632,0.0665674830243379,-0.010989010989014503,-0.2417582417582409,36,32,ENABLE
1785583357.6558046,0.0661860074769205,-0.0329670329670364,-0.23296703296703214,36,32,ENABLE
1785583357.6608005,0.0665674830243379,-0.010989010989014503,-0.23296703296703214,36,32,ENABLE
1785583357.6658692,0.0661860074769205,0.010989010989014503,-0.2417582417582409,36,32,ENABLE
1785583357.670805,0.0665674830243379,0.010989010989014503,-0.2417582417582409,36,32,ENABLE
1785583357.6758246,0.0665674830243379,-0.010989010989014503,-0.23296703296703214,36,32,ENABLE
1785583357.6808095,0.0665674830243379,0.010989010989014503,-0.2417582417582409,36,32,ENABLE
1785583357.685871,0.0665674830243379,0.010989010989014503,-0.25054945054944966,36,32,ENABLE
1785583357.69082,0.0665674830243379,-0.010989010989014503,-0.25054945054944966,36,32,ENABLE
1785583357.6958218,0.0665674830243379,-0.010989010989014503,-0.2417582417582409,36,32,ENABLE
1785583357.700823,0.0665674830243379,0.010989010989014503,-0.25054945054944966,35,32,ENABLE
1785583357.705803,0.0665674830243379,-0.010989010989014503,-0.25054945054944966,36,32,ENABLE
1785583357.7108035,0.0665674830243379,-0.0329670329670364,-0.2417582417582409,36,32,ENABLE
1785583357.7158053,0.0665674830243379,0.010989010989014503,-0.25054945054944966,36,32,ENABLE
1785583357.720789,0.0665674830243379,-0.0329670329670364,-0.2417582417582409,36,32,ENABLE
1785583357.7258153,0.0665674830243379,-0.0329670329670364,-0.2417582417582409,36,32,ENABLE
1785583357.7307935,0.0665674830243379,0.010989010989014503,-0.2417582417582409,35,32,ENABLE
1785583357.7357962,0.0665674830243379,-0.010989010989014503,-0.2417582417582409,36,32,ENABLE
1785583357.7408168,0.0665674830243379,0.010989010989014503,-0.23296703296703214,36,32,ENABLE
1785583357.745872,0.0665674830243379,-0.010989010989014503,-0.2417582417582409,36,32,ENABLE
1785583357.750842,0.0665674830243379,-0.0329670329670364,-0.25054945054944966,36,32,ENABLE
1785583357.75588,0.0665674830243379,-0.010989010989014503,-0.2417582417582409,36,32,ENABLE
1785583357.7608273,0.0661860074769205,-0.0329670329670364,-0.2417582417582409,36,32,ENABLE
1785583357.765821,0.0661860074769205,-0.0329670329670364,-0.23296703296703214,36,32,ENABLE
1785583357.7707093,0.0665674830243379,-0.010989010989014503,-0.2417582417582409,36,32,ENABLE
1785583357.7756178,0.0665674830243379,-0.010989010989014503,-0.25054945054944966,36,32,ENABLE
1785583357.7806597,0.0665674830243379,-0.010989010989014503,-0.2417582417582409,36,32,ENABLE
1785583357.7855973,0.0661860074769205,-0.010989010989014503,-0.23296703296703214,36,32,ENABLE
1785583357.790644,0.0661860074769205,-0.010989010989014503,-0.2417582417582409,36,32,ENABLE
1785583357.7958221,0.0661860074769205,0.010989010989014503,-0.2417582417582409,36,32,ENABLE
1785583357.8006208,0.0661860074769205,-0.0329670329670364,-0.23296703296703214,36,32,ENABLE
1785583357.8056161,0.0661860074769205,-0.010989010989014503,-0.23296703296703214,36,32,ENABLE
1785583357.8106577,0.0661860074769205,-0.0329670329670364,-0.22417582417582338,35,32,ENABLE
1785583357.815614,0.0661860074769205,-0.010989010989014503,-0.23296703296703214,36,32,ENABLE
1785583357.8206089,0.0661860074769205,-0.010989010989014503,-0.23296703296703214,35,32,ENABLE
1785583357.825816,0.0661860074769205,-0.010989010989014503,-0.2417582417582409,36,32,ENABLE
1785583357.8308096,0.0661860074769205,-0.0329670329670364,-0.23296703296703214,35,32,ENABLE
1785583357.8356295,0.0661860074769205,-0.010989010989014503,-0.2417582417582409,36,32,ENABLE
1785583357.8405986,0.0661860074769205,-0.010989010989014503,-0.2417582417582409,35,32,ENABLE
1785583357.8455892,0.0661860074769205,0.010989010989014503,-0.22417582417582338,35,32,ENABLE
1785583357.8506265,0.0661860074769205,-0.0329670329670364,-0.22417582417582338,36,32,ENABLE
1785583357.8558693,0.0661860074769205,-0.010989010989014503,-0.2417582417582409,36,32,ENABLE
1785583357.8608093,0.0661860074769205,-0.0329670329670364,-0.2417582417582409,36,32,ENABLE
1785583357.8656073,0.0661860074769205,-0.010989010989014503,-0.23296703296703214,36,32,ENABLE
1785583357.8706448,0.0661860074769205,0.010989010989014503,-0.23296703296703214,36,32,ENABLE
1785583357.8756204,0.0661860074769205,-0.010989010989014503,-0.23296703296703214,36,32,ENABLE
1785583357.8806174,0.0661860074769205,-0.010989010989014503,-0.23296703296703214,36,32,ENABLE
1785583357.8856132,0.0661860074769205,0.010989010989014503,-0.25054945054944966,35,32,ENABLE
1785583357.890595,0.0665674830243379,0.010989010989014503,-0.25054945054944966,36,32,ENABLE
1785583357.8956544,0.0661860074769205,-0.010989010989014503,-0.23296703296703214,35,32,ENABLE
1785583357.9005985,0.0661860074769205,-0.0329670329670364,-0.23296703296703214,36,32,ENABLE
1785583357.9058192,0.0665674830243379,0.010989010989014503,-0.2417582417582409,36,32,ENABLE
1785583357.9108129,0.0665674830243379,-0.0329670329670364,-0.2417582417582409,36,32,ENABLE
1785583357.9156487,0.0665674830243379,-0.010989010989014503,-0.23296703296703214,36,32,ENABLE
1785583357.9206083,0.0661860074769205,-0.010989010989014503,-0.2417582417582409,36,32,ENABLE
1785583357.9256134,0.0661860074769205,-0.0329670329670364,-0.2417582417582409,35,32,ENABLE
1785583357.930617,0.0661860074769205,-0.010989010989014503,-0.2417582417582409,36,32,ENABLE
1785583357.9358144,0.0661860074769205,-0.010989010989014503,-0.23296703296703214,36,32,ENABLE
1785583357.9408302,0.0661860074769205,-0.0329670329670364,-0.2417582417582409,36,32,ENABLE
1785583357.9456177,0.0661860074769205,-0.010989010989014503,-0.23296703296703214,36,32,ENABLE
1785583357.9506218,0.0661860074769205,-0.0329670329670364,-0.23296703296703214,36,32,ENABLE
1785583357.9555907,0.0665674830243379,-0.010989010989014503,-0.2417582417582409,35,32,ENABLE
1785583357.9605951,0.0661860074769205,-0.010989010989014503,-0.23296703296703214,36,32,ENABLE
1785583357.9656131,0.0661860074769205,-0.010989010989014503,-0.23296703296703214,36,32,ENABLE
1785583357.9705977,0.0661860074769205,0.010989010989014503,-0.25054945054944966,36,32,ENABLE
1785583357.975818,0.0661860074769205,-0.010989010989014503,-0.25054945054944966,36,32,ENABLE
1785583357.9808729,0.0661860074769205,-0.010989010989014503,-0.2417582417582409,36,32,ENABLE
1785583357.9856315,0.0661860074769205,-0.0329670329670364,-0.2417582417582409,36,32,ENABLE
1785583357.9906142,0.0661860074769205,-0.0329670329670364,-0.2417582417582409,35,32,ENABLE
1785583357.99559,0.0661860074769205,-0.010989010989014503,-0.2417582417582409,36,32,ENABLE
1785583358.0006552,0.0665674830243379,-0.010989010989014503,-0.2417582417582409,36,32,ENABLE
1785583358.0058136,0.0661860074769205,-0.010989010989014503,-0.23296703296703214,36,32,ENABLE
1785583358.010812,0.0661860074769205,-0.010989010989014503,-0.2417582417582409,36,32,ENABLE
1785583358.0156472,0.0661860074769205,-0.010989010989014503,-0.2417582417582409,36,32,ENABLE
1785583358.020594,0.0661860074769205,-0.010989010989014503,-0.23296703296703214,36,32,ENABLE
1785583358.0256093,0.0661860074769205,-0.010989010989014503,-0.23296703296703214,36,32,ENABLE
1785583358.0306158,0.0661860074769205,-0.010989010989014503,-0.2417582417582409,36,32,ENABLE
1785583358.035812,0.0661860074769205,0.010989010989014503,-0.2417582417582409,36,32,ENABLE
1785583358.0408092,0.0661860074769205,-0.010989010989014503,-0.2417582417582409,36,32,ENABLE
1785583358.045632,0.0661860074769205,-0.0329670329670364,-0.2417582417582409,36,32,ENABLE
1785583358.0506375,0.0661860074769205,-0.0329670329670364,-0.2417582417582409,36,32,ENABLE
1785583358.0556138,0.0661860074769205,0.010989010989014503,-0.23296703296703214,36,32,ENABLE
1785583358.0605893,0.0661860074769205,-0.010989010989014503,-0.2417582417582409,36,32,ENABLE
1785583358.065631,0.0661860074769205,-0.0329670329670364,-0.25054945054944966,36,32,ENABLE
1785583358.0705934,0.0661860074769205,-0.0329670329670364,-0.23296703296703214,36,32,ENABLE
1785583358.0757992,0.0661860074769205,-0.0329670329670364,-0.23296703296703214,36,32,ENABLE
1785583358.0808153,0.0661860074769205,0.010989010989014503,-0.23296703296703214,36,32,ENABLE
1785583358.085696,0.0661860074769205,-0.010989010989014503,-0.2417582417582409,36,32,ENABLE
1785583358.0906081,0.06580453192950309,-0.010989010989014503,-0.22417582417582338,36,32,ENABLE
1785583358.0955937,0.0661860074769205,-0.0329670329670364,-0.23296703296703214,36,32,ENABLE
1785583358.1006162,0.0661860074769205,-0.0329670329670364,-0.22417582417582338,36,32,ENABLE
1785583358.1058018,0.06580453192950309,-0.0329670329670364,-0.23296703296703214,36,32,ENABLE
1785583358.1108115,0.06580453192950309,-0.010989010989014503,-0.2417582417582409,36,32,ENABLE
1785583358.1157365,0.06580453192950309,0.010989010989014503,-0.23296703296703214,36,32,ENABLE
1785583358.1205912,0.06580453192950309,-0.0329670329670364,-0.23296703296703214,36,32,ENABLE
1785583358.125609,0.06580453192950309,0.010989010989014503,-0.2417582417582409,36,32,ENABLE
1785583358.130656,0.06580453192950309,-0.0329670329670364,-0.27692307692307594,35,32,ENABLE
1785583358.135607,0.06466010528725086,-0.120879120879124,-0.42637362637362486,36,32,ENABLE
1785583358.140588,0.06198977645532899,-0.4065934065934087,-0.6549450549450562,36,32,ENABLE
1785583358.1457753,0.056649118791485265,-0.8241758241758248,-0.8747252747252752,36,32,ENABLE
1785583358.150659,0.04863813229571967,-1.3736263736263723,-1.0065934065934066,36,32,ENABLE
1785583358.155606,0.037575341420614805,-1.9450549450549417,-1.0857142857142854,35,32,ENABLE
1785583358.160608,0.023460746166170665,-2.582417582417584,-1.0945054945054942,36,32,ENABLE
1785583358.1656575,0.006294346532387252,-3.1318681318681314,-1.068131868131868,36,32,ENABLE
1785583358.1706522,-0.013160906385900617,-3.615384615384613,-1.0505494505494504,36,32,ENABLE
1785583358.175591,-0.03414206149385812,-4.07692307692308,-1.0065934065934066,36,32,ENABLE
1785583358.1805904,-0.057030594338902674,-4.406593406593409,-0.9802197802197803,36,32,ENABLE
1785583358.1855915,-0.08106355382619945,-4.692307692307693,-0.953846153846154,36,32,ENABLE
1785583358.1906307,-0.10700389105058328,-4.956043956043956,-0.9362637362637365,36,32,ENABLE
1785583358.1957781,-0.13408865491721933,-5.131868131868131,-0.9274725274725277,36,32,ENABLE
1785583358.2008083,-0.1615548943312728,-5.373626373626372,-0.9274725274725277,36,32,ENABLE
1785583358.2057064,-0.18902113374532625,-5.5494505494505475,-0.9274725274725277,36,32,ENABLE
1785583358.2106352,-0.21686884870679712,-5.659340659340657,-0.9274725274725277,36,32,ENABLE
1785583358.2156103,-0.24624246585793763,-5.81318681318681,-0.9274725274725277,36,32,ENABLE
1785583358.2205887,-0.2759975585564973,-5.967032967032964,-0.9098901098901102,36,32,ENABLE
1785583358.2255938,-0.30689707789730747,-6.054945054945058,-0.9010989010989015,36,32,ENABLE
1785583358.2306497,-0.338178072785535,-6.164835164835168,-0.9010989010989015,36,32,ENABLE
1785583358.235644,-0.36907759212634517,-6.2307692307692335,-0.8835164835164839,36,32,ENABLE
1785583358.2408016,-0.40188448920424236,-6.296703296703299,-0.8571428571428577,36,32,ENABLE
1785583358.2458072,-0.43430991073472214,-6.384615384615387,-0.8307692307692314,36,32,ENABLE
1785583358.2506564,-0.4655909056229497,-6.428571428571431,-0.8307692307692314,36,32,ENABLE
1785583358.2556212,-0.49763485160601206,-6.472527472527474,-0.8219780219780226,36,32,ENABLE
1785583358.2606192,-0.5304417486839093,-6.516483516483518,-0.8307692307692314,36,32,ENABLE
1785583358.265613,-0.5632486457618064,-6.53846153846154,-0.8043956043956051,36,32,ENABLE
1785583358.2706249,-0.5960555428397036,-6.560439560439562,-0.8043956043956051,36,32,ENABLE
1785583358.275583,-0.628099488822766,-6.560439560439562,-0.8043956043956051,36,32,ENABLE
1785583358.2805955,-0.6609063859006632,-6.516483516483518,-0.8219780219780226,36,32,ENABLE
1785583358.2855914,-0.6929503318837256,-6.4505494505494525,-0.8395604395604401,36,32,ENABLE
1785583358.2908242,-0.7261387045090402,-6.384615384615387,-0.8659340659340664,36,32,ENABLE
1785583358.2958097,-0.7570382238498521,-6.296703296703299,-0.8747252747252752,36,32,ENABLE
1785583358.3005838,-0.78679331654841,-6.274725274725277,-0.918681318681319,36,32,ENABLE
1785583358.305606,-0.8180743114366376,-6.164835164835168,-0.9714285714285715,36,32,ENABLE
1785583358.3105843,-0.8482108796826129,-6.142857142857146,-0.989010989010989,36,32,ENABLE
1785583358.3156567,-0.879110399023423,-6.098901098901102,-1.0329670329670328,36,32,ENABLE
1785583358.3206065,-0.908865491721981,-6.098901098901102,-1.0505494505494504,36,32,ENABLE
1785583358.325591,-0.9390020599679563,-6.054945054945058,-1.0505494505494504,36,32,ENABLE
1785583358.3306086,-0.9691386282139316,-6.032967032967036,-1.068131868131868,36,32,ENABLE
1785583358.3355894,-0.9992751964599069,-6.054945054945058,-1.0769230769230766,36,32,ENABLE
1785583358.340821,-1.0305561913481345,-6.0109890109890145,-1.0593406593406591,36,32,ENABLE
1785583358.3458023,-1.0603112840466924,-6.032967032967036,-1.0593406593406591,36,32,ENABLE
1785583358.3506274,-1.0893034256504155,-6.0109890109890145,-1.0153846153846153,36,32,ENABLE
1785583358.355614,-1.1190585183489734,-6.0109890109890145,-1.024175824175824,36,32,ENABLE
1785583358.3606539,-1.1495765621423661,-5.967032967032964,-0.9978021978021978,36,32,ENABLE
1785583358.3656123,-1.1789501792935067,-5.967032967032964,-0.989010989010989,36,32,ENABLE
1785583358.3705902,-1.2083237964446472,-5.92307692307692,-0.9802197802197803,36,32,ENABLE
1785583358.3755982,-1.238078889143205,-5.945054945054942,-0.9274725274725277,36,32,ENABLE
1785583358.3806493,-1.2682154573891822,-5.945054945054942,-0.8923076923076927,36,32,ENABLE
1785583358.385649,-1.29797055008774,-5.967032967032964,-0.8395604395604401,36,32,ENABLE
1785583358.390589,-1.3265812161440458,-5.901098901098898,-0.8219780219780226,36,32,ENABLE
1785583358.395608,-1.3559548332951863,-5.879120879120876,-0.76923076923077,36,32,ENABLE
1785583358.400632,-1.3853284504463268,-5.857142857142854,-0.7252747252747263,36,32,ENABLE
1785583358.4056067,-1.41432059205005,-5.835164835164832,-0.6901098901098912,36,32,ENABLE
1785583358.410858,-1.4436942092011904,-5.747252747252745,-0.6813186813186825,36,32,ENABLE
1785583358.4159615,-1.4726863508049135,-5.681318681318679,-0.6285714285714299,36,32,ENABLE
1785583358.4206333,-1.4990081635767147,-5.615384615384613,-0.6109890109890124,36,32,ENABLE
1785583358.425609,-1.5264744029907682,-5.571428571428569,-0.5934065934065949,36,32,ENABLE
1785583358.430609,-1.5539406424048217,-5.505494505494504,-0.5406593406593423,36,33,ENABLE
1785583358.4356084,-1.5806439307240403,-5.417582417582416,-0.5230769230769248,36,33,ENABLE
1785583358.4408472,-1.6081101701380938,-5.35164835164835,-0.5054945054945073,36,33,ENABLE
1785583358.4458718,-1.634431982909895,-5.285714285714285,-0.47032967032966866,36,33,ENABLE
1785583358.4506354,-1.6588464179446092,-5.175824175824175,-0.45274725274725114,36,33,ENABLE
1785583358.455606,-1.6840238040741582,-5.1098901098901095,-0.40879120879120734,36,33,ENABLE
1785583358.4605877,-1.7088197146562898,-5.065934065934066,-0.40879120879120734,36,33,ENABLE
1785583358.4656527,-1.7336156252384214,-4.912087912087912,-0.3912087912087898,36,33,ENABLE
1785583358.470828,-1.7580300602731374,-4.824175824175825,-0.38241758241758106,36,33,ENABLE
1785583358.4758227,-1.7813000686655993,-4.714285714285715,-0.36483516483516354,36,33,ENABLE
1785583358.4806104,-1.8030441748683916,-4.582417582417584,-0.33846153846153726,36,33,ENABLE
1785583358.4856515,-1.8251697566186014,-4.472527472527474,-0.347252747252746,36,33,ENABLE
1785583358.4905884,-1.8461509117265589,-4.340659340659343,-0.36483516483516354,36,33,ENABLE
1785583358.4956474,-1.8675135423819338,-4.274725274725277,-0.3560439560439548,36,33,ENABLE
1785583358.5005949,-1.8881132219424739,-4.208791208791212,-0.33846153846153726,36,33,ENABLE
1785583358.5055928,-1.9079499504081792,-4.098901098901102,-0.347252747252746,36,33,ENABLE
1785583358.5106168,-1.927405203326467,-3.901098901098898,-0.3296703296703285,36,33,ENABLE
1785583358.5156488,-1.9457160296025027,-3.7692307692307665,-0.3560439560439548,36,33,ENABLE
1785583358.520674,-1.963645380331121,-3.637362637362635,-0.36483516483516354,36,33,ENABLE
1785583358.52563,-1.9808117799649043,-3.5494505494505475,-0.36483516483516354,36,33,ENABLE
1785583358.530611,-1.9975967040512703,-3.395604395604394,-0.38241758241758106,36,33,ENABLE
1785583358.5355914,-2.0136186770428015,-3.2857142857142847,-0.4175824175824161,36,33,ENABLE
1785583358.5405889,-2.0292591744869153,-3.175824175824175,-0.3999999999999986,36,33,ENABLE
1785583358.5455928,-2.0441367208361942,-3.0659340659340657,-0.4175824175824161,36,33,ENABLE
1785583358.5508797,-2.059014267185473,-2.956043956043956,-0.45274725274725114,36,33,ENABLE
1785583358.5558078,-2.0727473868925,-2.8461538461538467,-0.4439560439560424,36,33,ENABLE
1785583358.5606518,-2.085717555504692,-2.7142857142857153,-0.4439560439560424,36,33,ENABLE
1785583358.5656314,-2.0983062485694663,-2.6483516483516496,-0.47032967032966866,36,33,ENABLE
1785583358.570657,-2.110131990539406,-2.4725274725274744,-0.4791208791208774,36,33,ENABLE
1785583358.575654,-2.1215762569619283,-2.340659340659343,-0.49670329670329494,36,33,ENABLE
1785583358.5806472,-2.1322575722896158,-2.2527472527472554,-0.514285714285716,36,33,ENABLE
1785583358.5856516,-2.142557412069886,-2.098901098901102,-0.514285714285716,36,33,ENABLE
1785583358.5906124,-2.152857251850156,-2.07692307692308,-0.5230769230769248,36,33,ENABLE
1785583358.5956492,-2.1620126649881737,-1.9450549450549417,-0.5406593406593423,36,33,ENABLE
1785583358.600628,-2.170786602578774,-1.8351648351648322,-0.514285714285716,36,33,ENABLE
1785583358.6056523,-2.179942015716792,-1.7472527472527446,-0.5054945054945073,36,33,ENABLE
1785583358.6106315,-2.1871900511177227,-1.5934065934065913,-0.5318681318681335,36,33,ENABLE
1785583358.6156507,-2.1944380865186535,-1.4835164835164818,-0.5406593406593423,36,33,ENABLE
1785583358.620646,-2.201304646372167,-1.46153846153846,-0.514285714285716,36,33,ENABLE
1785583358.6256464,-2.20817120622568,-1.3736263736263723,-0.5054945054945073,36,33,ENABLE
1785583358.6306252,-2.2138933394369413,-1.2857142857142847,-0.5230769230769248,36,33,ENABLE
1785583358.6356466,-2.219233997100785,-1.1098901098901095,-0.514285714285716,36,33,ENABLE
1785583358.6406329,-2.2241931792172114,-1.021978021978022,-0.4879120879120862,36,33,ENABLE
1785583358.6456451,-2.228389410238803,-0.8901098901098905,-0.5054945054945073,36,33,ENABLE
1785583358.6506486,-2.232204165712977,-0.7582417582417591,-0.49670329670329494,36,33,ENABLE
1785583358.6556334,-2.2352559700923162,-0.6703296703296715,-0.49670329670329494,36,33,ENABLE
1785583358.6608784,-2.238689250019073,-0.6263736263736277,-0.4879120879120862,36,33,ENABLE
1785583358.6658306,-2.2409781033035774,-0.5384615384615401,-0.47032967032966866,36,33,ENABLE
1785583358.6706524,-2.242504005493247,-0.4285714285714306,-0.4615384615384599,36,33,ENABLE
1785583358.675613,-2.243266956588082,-0.2307692307692335,-0.4791208791208774,36,33,ENABLE
1785583358.6806118,-2.2436484321354992,-0.1648351648351678,-0.47032967032966866,36,33,ENABLE
1785583358.685599,-2.2440299076829167,-0.0769230769230802,-0.4439560439560424,36,33,ENABLE
1785583358.690597,-2.2436484321354992,-0.010989010989014503,-0.4351648351648336,36,33,ENABLE
1785583358.6955996,-2.2428854810406644,0.0989010989011021,-0.40879120879120734,36,33,ENABLE
1785583358.7008,-2.241741054398412,0.1868131868131897,-0.38241758241758106,36,33,ENABLE
1785583358.7059124,-2.2402151522087426,0.2527472527472554,-0.3296703296703285,36,33,ENABLE
1785583358.710699,-2.238689250019073,0.2307692307692335,-0.2857142857142847,36,33,ENABLE
1785583358.7155926,-2.236781872281986,0.340659340659343,-0.27692307692307594,36,33,ENABLE
1785583358.720586,-2.234111543450064,0.4505494505494525,-0.21538461538461462,36,33,ENABLE
1785583358.7256165,-2.2306782635233073,0.6263736263736277,-0.17142857142857082,36,33,ENABLE
1785583358.7306414,-2.2272449835965507,0.6483516483516496,-0.14505494505494454,36,33,ENABLE
1785583358.7356505,-2.2226672770275417,0.8021978021978029,-0.12747252747252702,36,33,ENABLE
1785583358.7406075,-2.2177080949111154,0.9560439560439562,-0.10109890109890074,36,33,ENABLE
1785583358.745616,-2.212748912794689,1.021978021978022,-0.07472527472527446,36,33,ENABLE
1785583358.7506497,-2.2058823529411757,1.197802197802197,-0.08351648351648322,36,33,ENABLE
1785583358.7555964,-2.1982528419928276,1.3516483516483504,-0.08351648351648322,36,33,ENABLE
1785583358.7608216,-2.1906233310444794,1.4835164835164818,-0.07472527472527446,36,33,ENABLE
1785583358.7658057,-2.181849393453879,1.6153846153846132,-0.07472527472527446,36,33,ENABLE
1785583358.7708986,-2.1723125047684437,1.7692307692307665,-0.07472527472527446,36,33,ENABLE
1785583358.7758,-2.1627756160830085,1.9230769230769198,-0.08351648351648322,36,33,ENABLE
1785583358.7807746,-2.1517128252079036,2.07692307692308,-0.08351648351648322,36,33,ENABLE
1785583358.7857697,-2.1402685587853814,2.164835164835168,-0.08351648351648322,36,33,ENABLE
1785583358.7908125,-2.1284428168154417,2.318681318681321,-0.09230769230769198,36,33,ENABLE
1785583358.7957659,-2.1154726482032498,2.4725274725274744,-0.09230769230769198,36,33,ENABLE
1785583358.8007731,-2.1021210040436404,2.604395604395606,-0.1098901098901095,36,33,ENABLE
1785583358.8057663,-2.0880064087891963,2.7142857142857153,-0.12747252747252702,36,33,ENABLE
1785583358.8108041,-2.0735103379873348,2.824175824175825,-0.11868131868131826,36,33,ENABLE
1785583358.8157701,-2.0582513160906384,3.0,-0.13626373626373578,36,33,ENABLE
1785583358.8207707,-2.0426108186465246,3.0659340659340657,-0.13626373626373578,36,33,ENABLE
1785583358.8257935,-2.026207370107576,3.175824175824175,-0.14505494505494454,36,33,ENABLE
1785583358.8307962,-2.00942244602121,3.263736263736263,-0.14505494505494454,36,33,ENABLE
1785583358.8357692,-1.9922560463874266,3.439560439560438,-0.14505494505494454,36,33,ENABLE
1785583358.8407674,-1.973945220111391,3.5274725274725256,-0.13626373626373578,36,33,ENABLE
1785583358.8457792,-1.9556343938353553,3.615384615384613,-0.16263736263736206,36,33,ENABLE
1785583358.8508198,-1.9361791409170674,3.7472527472527446,-0.1538461538461533,36,33,ENABLE
1785583358.855901,-1.9167238879987796,3.857142857142854,-0.16263736263736206,36,33,ENABLE
1785583358.8608274,-1.8972686350804917,3.92307692307692,-0.18021978021977958,36,33,ENABLE
1785583358.8658094,-1.8762874799725342,4.0109890109890145,-0.1538461538461533,36,33,ENABLE
1785583358.8707976,-1.855687800411994,4.098901098901102,-0.1538461538461533,36,33,ENABLE
1785583358.8758135,-1.8339436942092018,4.208791208791212,-0.16263736263736206,36,33,ENABLE
1785583358.8808033,-1.8121995880064095,4.318681318681321,-0.16263736263736206,36,33,ENABLE
1785583358.885822,-1.7896925307087823,4.428571428571431,-0.1538461538461533,36,33,ENABLE
1785583358.890797,-1.7668039978637378,4.516483516483518,-0.14505494505494454,36,33,ENABLE
1785583358.8958127,-1.7439154650186914,4.582417582417584,-0.12747252747252702,36,33,ENABLE
1785583358.9007783,-1.7206454566262295,4.6703296703296715,-0.12747252747252702,36,33,ENABLE
1785583358.9057963,-1.6966124971389327,4.736263736263737,-0.12747252747252702,36,33,ENABLE
1785583358.9107714,-1.671816586556801,4.846153846153847,-0.11868131868131826,36,33,ENABLE
1785583358.9157994,-1.6470206759746695,4.8901098901098905,-0.1098901098901095,36,33,ENABLE
1785583358.9208055,-1.621461814297703,5.065934065934066,-0.11868131868131826,36,33,ENABLE
1785583358.925773,-1.5955214770733193,5.131868131868131,-0.11868131868131826,36,33,ENABLE
1785583358.930795,-1.569199664301518,5.197802197802197,-0.11868131868131826,36,33,ENABLE
1785583358.9357948,-1.542114900434882,5.307692307692307,-0.1098901098901095,36,33,ENABLE
1785583358.940821,-1.5146486610208285,5.373626373626372,-0.09230769230769198,36,33,ENABLE
1785583358.9457805,-1.487182421606775,5.505494505494504,-0.11868131868131826,36,33,ENABLE
1785583358.9507756,-1.4593347066453042,5.571428571428569,-0.08351648351648322,36,33,ENABLE
1785583358.9557712,-1.4307240405889985,5.637362637362635,-0.10109890109890074,36,33,ENABLE
1785583358.9608197,-1.4017318989852754,5.725274725274723,-0.07472527472527446,36,33,ENABLE
1785583358.9657784,-1.3731212329289697,5.747252747252745,-0.07472527472527446,36,33,ENABLE
1785583358.9707966,-1.3437476157778292,5.857142857142854,-0.0659340659340657,36,33,ENABLE
1785583358.9757774,-1.3136110475318539,5.92307692307692,-0.07472527472527446,36,33,ENABLE
1785583358.980827,-1.2830930037384611,6.0109890109890145,-0.0659340659340657,36,33,ENABLE
1785583358.985763,-1.2525749599450684,6.120879120879124,-0.0659340659340657,36,33,ENABLE
1785583358.9908006,-1.221293965056839,6.18681318681319,-0.08351648351648322,36,33,ENABLE
1785583358.9957979,-1.189631494621194,6.274725274725277,-0.08351648351648322,36,33,ENABLE
1785583359.0008256,-1.1575875486381317,6.318681318681321,-0.0659340659340657,36,33,ENABLE
1785583359.0057614,-1.1263065537499042,6.318681318681321,-0.05714285714285694,36,33,ENABLE
1785583359.010776,-1.093499656672007,6.428571428571431,-0.05714285714285694,36,33,ENABLE
1785583359.015796,-1.0606927595941098,6.494505494505496,-0.05714285714285694,36,33,ENABLE
1785583359.0207958,-1.0271229114213778,6.626373626373628,-0.08351648351648322,36,33,ENABLE
1785583359.025793,-0.992790112153811,6.736263736263737,-0.11868131868131826,36,33,ENABLE
1785583359.030776,-0.9580758373388267,6.824175824175825,-0.1538461538461533,36,33,ENABLE
1785583359.0357985,-0.9229800869764251,6.978021978021978,-0.1978021978021971,36,33,ENABLE
1785583359.0408015,-0.887502861066606,7.087912087912088,-0.2417582417582409,36,33,ENABLE
1785583359.0457923,-0.8512626840619522,7.175824175824175,-0.2593406593406584,36,33,ENABLE
1785583359.0507786,-0.8150225070572983,7.219780219780219,-0.312087912087911,36,33,ENABLE
1785583359.0557961,-0.7787823300526444,7.263736263736263,-0.312087912087911,36,33,ENABLE
1785583359.060797,-0.7413977264057365,7.3296703296703285,-0.3560439560439548,36,33,ENABLE
1785583359.0657966,-0.7040131227588304,7.46153846153846,-0.4175824175824161,36,33,ENABLE
1785583359.0707703,-0.6666285191119243,7.439560439560438,-0.3999999999999986,36,33,ENABLE
1785583359.0757945,-0.6296253910124356,7.439560439560438,-0.45274725274725114,36,33,ENABLE
1785583359.0807972,-0.5918593118181121,7.483516483516482,-0.45274725274725114,36,33,ENABLE
1785583359.085803,-0.5540932326237886,7.527472527472526,-0.47032967032966866,36,33,ENABLE
1785583359.0908022,-0.5163271534294651,7.527472527472526,-0.4791208791208774,36,33,ENABLE
1785583359.0957778,-0.4785610742351416,7.527472527472526,-0.4615384615384599,36,33,ENABLE
1785583359.1008074,-0.4407949950408181,7.571428571428569,-0.514285714285716,36,33,ENABLE
1785583359.1058583,-0.40226596475165977,7.571428571428569,-0.47032967032966866,36,33,ENABLE
1785583359.110822,-0.36488136110475367,7.571428571428569,-0.5230769230769248,36,33,ENABLE
1785583359.1157792,-0.32673380636301275,7.5494505494505475,-0.4791208791208774,36,32,ENABLE
1785583359.1207757,-0.28896772716868924,7.571428571428569,-0.49670329670329494,36,32,ENABLE
1785583359.1257756,-0.2512016479743657,7.5494505494505475,-0.45274725274725114,36,32,ENABLE
1785583359.1308005,-0.21381704432745785,7.527472527472526,-0.5318681318681335,36,32,ENABLE
1785583359.1357949,-0.17681391622796916,7.46153846153846,-0.6901098901098912,36,32,ENABLE
1785583359.1407766,-0.14209964141298492,7.1098901098901095,-0.953846153846154,36,32,ENABLE
1785583359.1458018,-0.10967421988250514,6.692307692307693,-1.1648351648351642,36,32,ENABLE
1785583359.1508155,-0.08068207827878204,6.054945054945058,-1.3142857142857132,36,32,ENABLE
1785583359.1557715,-0.055886167696650446,5.439560439560438,-1.358241758241757,36,32,ENABLE
1785583359.160804,-0.033379110399023304,4.758241758241759,-1.3758241758241745,36,32,ENABLE
1785583359.165877,-0.013923857480735435,4.142857142857146,-1.3406593406593394,36,32,ENABLE
1785583359.1708033,0.0017166399633783413,3.5494505494505475,-1.2791208791208781,36,32,ENABLE
1785583359.175818,0.015449759670405072,3.021978021978022,-1.1999999999999993,36,32,ENABLE
1785583359.1808026,0.027275501640344757,2.604395604395606,-1.1296703296703292,36,32,ENABLE
1785583359.1858227,0.037575341420614805,2.2527472527472554,-1.0593406593406591,36,32,ENABLE
1785583359.1910465,0.046349279011215216,1.879120879120876,-1.0153846153846153,36,32,ENABLE
1785583359.1958218,0.05359731441214599,1.6153846153846132,-0.953846153846154,36,32,ENABLE
1785583359.2008126,0.05970092317082454,1.3516483516483504,-0.9010989010989015,36,32,ENABLE
1785583359.2058225,0.06504158083466827,1.1538461538461533,-0.8571428571428577,36,32,ENABLE
1785583359.2108018,0.06923781185625977,0.9780219780219781,-0.8043956043956051,36,32,ENABLE
1785583359.2158623,0.07267109178301645,0.780219780219781,-0.76923076923077,36,32,ENABLE
1785583359.2208009,0.07610437170977313,0.6703296703296715,-0.7428571428571438,36,32,ENABLE
1785583359.2257802,0.07801174944686018,0.5164835164835182,-0.6989010989011,36,32,ENABLE
1785583359.2308047,0.07991912718394723,0.4285714285714306,-0.6549450549450562,36,32,ENABLE
1785583359.2358184,0.08068207827878204,0.2307692307692335,-0.5934065934065949,36,32,ENABLE
1785583359.240877,0.08106355382619945,0.1428571428571459,-0.5670329670329686,35,32,ENABLE
1785583359.2458298,0.08220798046845168,0.1428571428571459,-0.5582417582417598,36,32,ENABLE
1785583359.2508845,0.08258945601586909,0.120879120879124,-0.5406593406593423,36,32,ENABLE
1785583359.255856,0.0829709315632865,0.0769230769230802,-0.5054945054945073,36,32,ENABLE
1785583359.2608073,0.0829709315632865,0.010989010989014503,-0.4791208791208774,36,32,ENABLE
1785583359.2658195,0.0829709315632865,-0.0329670329670364,-0.47032967032966866,36,32,ENABLE
1785583359.2708476,0.0829709315632865,-0.0329670329670364,-0.47032967032966866,36,32,ENABLE
1785583359.2758982,0.08258945601586909,-0.010989010989014503,-0.4615384615384599,36,32,ENABLE
1785583359.2808652,0.08258945601586909,-0.010989010989014503,-0.4615384615384599,36,32,ENABLE
1785583359.2858136,0.08258945601586909,-0.0329670329670364,-0.45274725274725114,36,32,ENABLE
1785583359.290829,0.08258945601586909,-0.0329670329670364,-0.4615384615384599,36,32,ENABLE
1785583359.295781,0.08258945601586909,-0.010989010989014503,-0.45274725274725114,36,32,ENABLE
1785583359.300805,0.08258945601586909,-0.0329670329670364,-0.4439560439560424,36,32,ENABLE
1785583359.3058019,0.08220798046845168,-0.0549450549450583,-0.4351648351648336,36,32,ENABLE
1785583359.3107936,0.08220798046845168,-0.0549450549450583,-0.4351648351648336,36,32,ENABLE
1785583359.3159997,0.08182650492103427,-0.010989010989014503,-0.4351648351648336,36,32,ENABLE
1785583359.320807,0.08182650492103427,-0.0329670329670364,-0.4351648351648336,36,32,ENABLE
1785583359.3256,0.08182650492103427,-0.010989010989014503,-0.4439560439560424,36,32,ENABLE
1785583359.3304439,0.08182650492103427,-0.0329670329670364,-0.4439560439560424,36,32,ENABLE
1785583359.335704,0.08144502937361686,-0.0549450549450583,-0.4351648351648336,36,32,ENABLE
1785583359.3408446,0.08144502937361686,-0.0549450549450583,-0.42637362637362486,36,32,ENABLE
1785583359.345815,0.08106355382619945,-0.0769230769230802,-0.4175824175824161,36,32,ENABLE
1785583359.3508208,0.08068207827878204,-0.0989010989011021,-0.3912087912087898,36,32,ENABLE
1785583359.3558075,0.0791561760891124,-0.1868131868131897,-0.33846153846153726,36,32,ENABLE
1785583359.3608778,0.07763027389944277,-0.2747252747252773,-0.2857142857142847,36,32,ENABLE
1785583359.3658102,0.07610437170977313,-0.2747252747252773,-0.2681318681318672,36,32,ENABLE
1785583359.3708262,0.0745784695201035,-0.340659340659343,-0.22417582417582338,36,32,ENABLE
1785583359.375799,0.07305256733043386,-0.2967032967032992,-0.21538461538461462,36,32,ENABLE
1785583359.3808026,0.07190814068818163,-0.2527472527472554,-0.20659340659340586,36,32,ENABLE
1785583359.3858,0.0707637140459294,-0.2747252747252773,-0.18021978021977958,36,32,ENABLE
1785583359.3907928,0.06961928740367718,-0.2307692307692335,-0.18021978021977958,36,32,ENABLE
1785583359.3957965,0.06885633630884236,-0.1868131868131897,-0.18901098901098834,36,32,ENABLE
1785583359.4008305,0.06847486076142495,-0.1428571428571459,-0.20659340659340586,36,32,ENABLE
1785583359.4058719,0.06771190966659013,-0.1648351648351678,-0.18021978021977958,36,32,ENABLE
1785583359.4107978,0.0665674830243379,-0.1868131868131897,-0.1538461538461533,36,32,ENABLE
1785583359.4157963,0.06580453192950309,-0.2307692307692335,-0.1538461538461533,36,32,ENABLE
1785583359.4208002,0.06542305638208568,-0.120879120879124,-0.17142857142857082,36,32,ENABLE
1785583359.4258652,0.06504158083466827,-0.0549450549450583,-0.18901098901098834,36,32,ENABLE
1785583359.4307985,0.06504158083466827,-0.0329670329670364,-0.18901098901098834,36,32,ENABLE
1785583359.435822,0.06504158083466827,-0.0329670329670364,-0.20659340659340586,36,32,ENABLE
1785583359.4407983,0.06504158083466827,0.010989010989014503,-0.22417582417582338,36,32,ENABLE
1785583359.4458675,0.06542305638208568,0.010989010989014503,-0.23296703296703214,36,32,ENABLE
1785583359.4508107,0.06542305638208568,-0.0329670329670364,-0.22417582417582338,36,32,ENABLE
1785583359.4558165,0.06504158083466827,-0.0549450549450583,-0.21538461538461462,36,32,ENABLE
1785583359.4607975,0.06504158083466827,-0.010989010989014503,-0.22417582417582338,36,32,ENABLE
1785583359.4658628,0.06542305638208568,0.010989010989014503,-0.23296703296703214,36,32,ENABLE
1785583359.4708748,0.06542305638208568,0.0329670329670364,-0.2417582417582409,36,32,ENABLE
1785583359.4757984,0.06542305638208568,0.0329670329670364,-0.22417582417582338,36,32,ENABLE
1785583359.4808013,0.06542305638208568,-0.010989010989014503,-0.22417582417582338,36,32,ENABLE
1785583359.485833,0.06542305638208568,-0.0329670329670364,-0.23296703296703214,36,32,ENABLE
1785583359.4908023,0.06542305638208568,-0.010989010989014503,-0.23296703296703214,36,32,ENABLE
1785583359.4958415,0.06542305638208568,-0.010989010989014503,-0.23296703296703214,36,32,ENABLE
1785583359.5008135,0.06580453192950309,0.010989010989014503,-0.23296703296703214,36,32,ENABLE
1785583359.5057974,0.06580453192950309,0.010989010989014503,-0.23296703296703214,36,32,ENABLE
1785583359.5108218,0.06580453192950309,0.010989010989014503,-0.23296703296703214,36,32,ENABLE
1785583359.5157986,0.06580453192950309,-0.010989010989014503,-0.23296703296703214,36,32,ENABLE
1785583359.5207968,0.06580453192950309,0.010989010989014503,-0.23296703296703214,36,32,ENABLE
1785583359.5258007,0.06580453192950309,-0.010989010989014503,-0.23296703296703214,36,32,ENABLE
1785583359.5308425,0.06580453192950309,0.010989010989014503,-0.23296703296703214,36,32,ENABLE
1785583359.5358713,0.06580453192950309,0.010989010989014503,-0.2417582417582409,36,32,ENABLE
1785583359.5410151,0.06580453192950309,0.010989010989014503,-0.2417582417582409,36,32,ENABLE
1785583359.5458677,0.0661860074769205,0.010989010989014503,-0.2417582417582409,36,32,ENABLE
1785583359.5508206,0.06580453192950309,-0.010989010989014503,-0.23296703296703214,36,32,ENABLE
1785583359.555815,0.06580453192950309,0.010989010989014503,-0.2417582417582409,36,32,ENABLE
1785583359.5607967,0.06580453192950309,-0.010989010989014503,-0.23296703296703214,36,32,ENABLE
1785583359.5658212,0.0661860074769205,-0.0329670329670364,-0.23296703296703214,36,32,ENABLE
1785583359.570826,0.0661860074769205,0.010989010989014503,-0.22417582417582338,36,32,ENABLE
1785583359.5758224,0.0661860074769205,-0.010989010989014503,-0.2417582417582409,36,32,ENABLE
1785583359.5808053,0.0661860074769205,-0.010989010989014503,-0.2417582417582409,36,32,ENABLE
1785583359.5858197,0.0661860074769205,-0.010989010989014503,-0.23296703296703214,36,32,ENABLE
1785583359.5907993,0.0661860074769205,-0.0329670329670364,-0.23296703296703214,36,32,ENABLE
1785583359.595806,0.0661860074769205,-0.010989010989014503,-0.2417582417582409,36,32,ENABLE
1785583359.600808,0.0661860074769205,-0.010989010989014503,-0.2417582417582409,36,32,ENABLE
1785583359.6058216,0.0661860074769205,-0.010989010989014503,-0.2417582417582409,36,32,ENABLE
1785583359.610798,0.0665674830243379,0.0329670329670364,-0.25054945054944966,36,32,ENABLE
1785583359.6158707,0.0665674830243379,0.0549450549450583,-0.25054945054944966,36,32,ENABLE
1785583359.6208165,0.0665674830243379,-0.010989010989014503,-0.25054945054944966,36,32,ENABLE
1785583359.6258056,0.0665674830243379,-0.010989010989014503,-0.25054945054944966,36,32,ENABLE
1785583359.6307964,0.0665674830243379,-0.010989010989014503,-0.2417582417582409,36,32,ENABLE
1785583359.635799,0.0665674830243379,-0.010989010989014503,-0.2417582417582409,36,32,ENABLE
1785583359.6407921,0.0665674830243379,-0.010989010989014503,-0.2417582417582409,36,32,ENABLE
1785583359.6457896,0.0665674830243379,-0.010989010989014503,-0.25054945054944966,36,32,ENABLE
1785583359.6508713,0.0665674830243379,-0.010989010989014503,-0.2417582417582409,36,32,ENABLE
1785583359.6558933,0.0665674830243379,-0.0329670329670364,-0.22417582417582338,36,32,ENABLE
1785583359.6608596,0.0665674830243379,0.010989010989014503,-0.2417582417582409,36,32,ENABLE
1785583359.6658738,0.0665674830243379,0.010989010989014503,-0.2417582417582409,36,32,ENABLE
1785583359.6708124,0.0665674830243379,-0.010989010989014503,-0.2417582417582409,36,32,ENABLE
1785583359.6757762,0.0665674830243379,-0.010989010989014503,-0.2417582417582409,36,32,ENABLE
1785583359.6808207,0.0665674830243379,-0.010989010989014503,-0.23296703296703214,36,32,ENABLE
1785583359.6857772,0.0661860074769205,-0.0549450549450583,-0.2417582417582409,36,32,ENABLE
1785583359.6907728,0.0665674830243379,-0.0329670329670364,-0.2417582417582409,36,32,ENABLE
1785583359.6958048,0.0665674830243379,-0.010989010989014503,-0.2417582417582409,36,32,ENABLE
1785583359.700847,0.0665674830243379,0.010989010989014503,-0.23296703296703214,36,32,ENABLE
1785583359.7058165,0.0665674830243379,-0.0329670329670364,-0.2417582417582409,36,32,ENABLE
1785583359.7107968,0.0665674830243379,-0.010989010989014503,-0.25054945054944966,36,32,ENABLE
1785583359.7158136,0.0665674830243379,-0.010989010989014503,-0.2417582417582409,36,32,ENABLE
1785583359.7208002,0.0665674830243379,-0.010989010989014503,-0.23296703296703214,36,32,ENABLE
1785583359.7258446,0.0661860074769205,-0.010989010989014503,-0.23296703296703214,36,32,ENABLE
1785583359.7308,0.0661860074769205,-0.010989010989014503,-0.23296703296703214,36,32,ENABLE
1785583359.7358036,0.0661860074769205,-0.0329670329670364,-0.2417582417582409,36,32,ENABLE
1785583359.7408242,0.0661860074769205,-0.010989010989014503,-0.23296703296703214,36,32,ENABLE
1785583359.7457798,0.0661860074769205,-0.0329670329670364,-0.2417582417582409,36,32,ENABLE
1785583359.7508264,0.0661860074769205,-0.0329670329670364,-0.2417582417582409,36,32,ENABLE
1785583359.7558062,0.0661860074769205,-0.010989010989014503,-0.2417582417582409,36,32,ENABLE
1785583359.7608247,0.0661860074769205,-0.010989010989014503,-0.2417582417582409,36,32,ENABLE
1785583359.7659616,0.0661860074769205,-0.010989010989014503,-0.23296703296703214,36,32,ENABLE
1785583359.7708168,0.0661860074769205,0.010989010989014503,-0.2417582417582409,36,32,ENABLE
1785583359.775799,0.0661860074769205,-0.010989010989014503,-0.2417582417582409,36,32,ENABLE
1785583359.7807944,0.0661860074769205,-0.010989010989014503,-0.22417582417582338,36,32,ENABLE
1785583359.7858176,0.0661860074769205,-0.010989010989014503,-0.23296703296703214,36,32,ENABLE
1785583359.7908123,0.0661860074769205,-0.0329670329670364,-0.22417582417582338,36,32,ENABLE
1785583359.7957642,0.0661860074769205,-0.010989010989014503,-0.23296703296703214,36,32,ENABLE
1785583359.8008,0.0661860074769205,-0.010989010989014503,-0.23296703296703214,36,32,ENABLE
1785583359.8057964,0.06580453192950309,-0.0329670329670364,-0.21538461538461462,36,32,ENABLE
1785583359.8107939,0.06580453192950309,-0.0329670329670364,-0.23296703296703214,36,32,ENABLE
1785583359.8158631,0.0661860074769205,0.010989010989014503,-0.2417582417582409,36,32,ENABLE
1785583359.8207974,0.06580453192950309,0.010989010989014503,-0.23296703296703214,36,32,ENABLE
1785583359.8258548,0.0661860074769205,-0.010989010989014503,-0.22417582417582338,36,32,ENABLE
1785583359.8307986,0.06580453192950309,-0.010989010989014503,-0.23296703296703214,36,32,ENABLE
1785583359.835804,0.06580453192950309,-0.010989010989014503,-0.23296703296703214,36,32,ENABLE
1785583359.8407962,0.0661860074769205,-0.010989010989014503,-0.23296703296703214,36,32,ENABLE
1785583359.8458052,0.0661860074769205,-0.010989010989014503,-0.23296703296703214,36,32,ENABLE
1785583359.8508737,0.06580453192950309,-0.010989010989014503,-0.22417582417582338,36,32,ENABLE
1785583359.855809,0.06580453192950309,-0.010989010989014503,-0.23296703296703214,36,32,ENABLE
1785583359.8607976,0.06580453192950309,-0.0329670329670364,-0.2417582417582409,36,32,ENABLE
1785583359.865799,0.06580453192950309,-0.010989010989014503,-0.23296703296703214,36,32,ENABLE
1785583359.8708699,0.06580453192950309,-0.010989010989014503,-0.23296703296703214,36,32,ENABLE
1785583359.8757982,0.06580453192950309,-0.010989010989014503,-0.23296703296703214,36,32,ENABLE
1785583359.880798,0.06580453192950309,-0.0329670329670364,-0.23296703296703214,36,32,ENABLE
1785583359.8857982,0.06580453192950309,0.010989010989014503,-0.23296703296703214,36,32,ENABLE
1785583359.8908284,0.06580453192950309,-0.010989010989014503,-0.23296703296703214,36,32,ENABLE
1785583359.8958125,0.06580453192950309,-0.010989010989014503,-0.22417582417582338,36,32,ENABLE
1785583359.9007976,0.06580453192950309,-0.0329670329670364,-0.23296703296703214,36,32,ENABLE
1785583359.905799,0.06580453192950309,-0.010989010989014503,-0.23296703296703214,36,32,ENABLE
1785583359.9108064,0.0661860074769205,0.010989010989014503,-0.2417582417582409,36,32,ENABLE
1785583359.9158707,0.06580453192950309,-0.010989010989014503,-0.23296703296703214,36,32,ENABLE
1785583359.9208016,0.06580453192950309,-0.010989010989014503,-0.23296703296703214,36,32,ENABLE
1785583359.9257946,0.06580453192950309,-0.010989010989014503,-0.2417582417582409,36,32,ENABLE
1785583359.9307945,0.0661860074769205,0.010989010989014503,-0.25054945054944966,36,32,ENABLE
1785583359.9358258,0.06580453192950309,0.010989010989014503,-0.23296703296703214,36,32,ENABLE
1785583359.9407854,0.0661860074769205,-0.010989010989014503,-0.2417582417582409,36,32,ENABLE
1785583359.9458125,0.06580453192950309,-0.0329670329670364,-0.23296703296703214,36,32,ENABLE
1785583359.9508226,0.06580453192950309,-0.010989010989014503,-0.2417582417582409,36,32,ENABLE
1785583359.9558806,0.06580453192950309,-0.010989010989014503,-0.23296703296703214,36,32,ENABLE
1785583359.9608123,0.06580453192950309,-0.010989010989014503,-0.23296703296703214,36,32,ENABLE
1785583359.9658072,0.0661860074769205,-0.010989010989014503,-0.2417582417582409,36,32,ENABLE
1785583359.9708638,0.0661860074769205,-0.010989010989014503,-0.2417582417582409,36,32,ENABLE
1785583359.9758022,0.06580453192950309,-0.010989010989014503,-0.23296703296703214,36,32,ENABLE
1785583359.9808679,0.06580453192950309,-0.010989010989014503,-0.2417582417582409,36,32,ENABLE
1785583359.985804,0.06580453192950309,-0.010989010989014503,-0.2417582417582409,36,32,ENABLE
1785583359.9907963,0.0661860074769205,-0.010989010989014503,-0.23296703296703214,36,32,ENABLE
1785583359.9958217,0.06580453192950309,-0.010989010989014503,-0.23296703296703214,36,32,ENABLE
1785583360.0008056,0.06580453192950309,0.010989010989014503,-0.23296703296703214,36,32,ENABLE
1785583360.0057998,0.06580453192950309,-0.010989010989014503,-0.2417582417582409,36,32,ENABLE
1785583360.010797,0.06580453192950309,-0.0329670329670364,-0.23296703296703214,36,32,ENABLE
1785583360.015796,0.06580453192950309,0.010989010989014503,-0.23296703296703214,36,32,ENABLE
1785583360.020868,0.06580453192950309,0.010989010989014503,-0.23296703296703214,36,32,ENABLE
1785583360.0258052,0.06580453192950309,-0.010989010989014503,-0.23296703296703214,36,32,ENABLE
1785583360.0307975,0.06542305638208568,-0.0769230769230802,-0.3736263736263723,36,32,ENABLE
1785583360.0357993,0.06427862973983345,-0.1868131868131897,-0.6725274725274737,36,32,ENABLE
1785583360.0408123,0.05970092317082454,-0.6263736263736277,-0.9450549450549453,36,32,ENABLE
1785583360.0458784,0.052071412222476354,-1.219780219780219,-1.1472527472527467,36,32,ENABLE
1785583360.0508232,0.04062714579995408,-1.9230769230769198,-1.2791208791208781,36,32,ENABLE
1785583360.0557945,0.02613107499809253,-2.6263736263736277,-1.323076923076922,36,32,ENABLE
1785583360.0608633,0.007438773174639479,-3.2857142857142847,-1.323076923076922,36,32,ENABLE
1785583360.0658007,-0.013542381933318026,-3.92307692307692,-1.287912087912087,36,32,ENABLE
1785583360.0707982,-0.037575341420614805,-4.494505494505496,-1.2263736263736256,36,32,ENABLE
1785583360.075798,-0.06351567864499863,-4.934065934065934,-1.2175824175824168,36,32,ENABLE
1785583360.0807977,-0.0913633936064695,-5.35164835164835,-1.1472527472527467,36,32,ENABLE
1785583360.0857785,-0.11997405966277519,-5.637362637362635,-1.1560439560439555,36,32,ENABLE
1785583360.0907984,-0.15049210345616792,-5.92307692307692,-1.1296703296703292,36,32,ENABLE
1785583360.0958016,-0.1821545738918129,-6.18681318681319,-1.1208791208791204,36,32,ENABLE
1785583360.1007807,-0.21457999542229267,-6.406593406593409,-1.1208791208791204,36,32,ENABLE
1785583360.105796,-0.24776836804760727,-6.53846153846154,-1.1120879120879117,36,32,ENABLE
1785583360.1107945,-0.28171969176775846,-6.714285714285715,-1.1120879120879117,36,32,ENABLE
1785583360.11578,-0.3164339665827427,-6.868131868131869,-1.0945054945054942,36,32,ENABLE
1785583360.120799,-0.35152971694514434,-6.978021978021978,-1.0857142857142854,36,32,ENABLE
1785583360.1258037,-0.3873884184023808,-7.131868131868131,-1.0857142857142854,36,32,ENABLE
1785583360.1308162,-0.4240100709544521,-7.219780219780219,-1.0769230769230766,36,32,ENABLE
1785583360.1357982,-0.46025024795910596,-7.307692307692307,-1.0505494505494504,36,32,ENABLE
1785583360.1408217,-0.49725337605859465,-7.35164835164835,-1.0505494505494504,36,32,ENABLE
1785583360.1458058,-0.5350194552529182,-7.46153846153846,-1.0065934065934066,36,32,ENABLE
1785583360.1508179,-0.5727855344472417,-7.527472527472526,-1.0153846153846153,36,32,ENABLE
1785583360.15578,-0.6097886625467304,-7.483516483516482,-1.0153846153846153,36,32,ENABLE
1785583360.1608114,-0.6464103150988016,-7.417582417582416,-1.0505494505494504,36,32,ENABLE
1785583360.1658738,-0.6837949187457077,-7.3296703296703285,-1.068131868131868,36,32,ENABLE
1785583360.1708696,-0.7196536202029442,-7.285714285714285,-1.1208791208791204,36,32,ENABLE
1785583360.1758058,-0.755130846112765,-7.219780219780219,-1.1560439560439555,36,32,ENABLE
1785583360.18081,-0.7902265964751667,-7.153846153846153,-1.1912087912087905,36,32,ENABLE
1785583360.185869,-0.8260852979324032,-7.087912087912088,-1.2263736263736256,36,32,ENABLE
1785583360.1908011,-0.8607995727473874,-7.065934065934066,-1.2703296703296694,36,32,ENABLE
1785583360.1957784,-0.8955138475623716,-7.021978021978022,-1.2791208791208781,36,32,ENABLE
1785583360.2008007,-0.9309910734721907,-7.043956043956044,-1.2791208791208781,36,32,ENABLE
1785583360.205803,-0.9657053482871749,-7.0,-1.2791208791208781,36,32,ENABLE
1785583360.2108188,-1.0008010986495766,-7.0,-1.287912087912087,36,32,ENABLE
1785583360.215798,-1.0355153734645608,-7.021978021978022,-1.2791208791208781,36,32,ENABLE
1785583360.2208083,-1.0706111238269624,-6.956043956043956,-1.2615384615384606,36,32,ENABLE
1785583360.2258074,-1.105706874189364,-7.065934065934066,-1.2263736263736256,36,32,ENABLE
1785583360.2308154,-1.1404211490043483,-6.978021978021978,-1.1912087912087905,36,32,ENABLE
1785583360.235869,-1.17551689936675,-6.978021978021978,-1.1560439560439555,36,32,ENABLE
1785583360.2408063,-1.2098496986343168,-6.934065934065934,-1.1296703296703292,36,32,ENABLE
1785583360.245806,-1.244563973449301,-6.956043956043956,-1.0769230769230766,36,32,ENABLE
1785583360.2508776,-1.2796597238117045,-6.912087912087912,-1.0329670329670328,36,32,ENABLE
1785583360.2557964,-1.312848096437019,-6.8901098901098905,-0.9714285714285715,36,32,ENABLE
1785583360.2607756,-1.3471808957045859,-6.846153846153847,-0.918681318681319,36,32,ENABLE
1785583360.2658079,-1.3811322194247353,-6.802197802197803,-0.8835164835164839,36,33,ENABLE
1785583360.270898,-1.4150835431448847,-6.758241758241759,-0.8131868131868139,36,33,ENABLE
1785583360.2758048,-1.447890440222782,-6.64835164835165,-0.7956043956043963,36,33,ENABLE
1785583360.2807782,-1.4795529106584269,-6.53846153846154,-0.76923076923077,36,33,ENABLE
1785583360.2857783,-1.5119783321889066,-6.472527472527474,-0.7252747252747263,36,33,ENABLE
1785583360.2907965,-1.544022278171969,-6.472527472527474,-0.6725274725274737,36,33,ENABLE
1785583360.2957766,-1.5760662241550314,-6.406593406593409,-0.6461538461538474,36,33,ENABLE
1785583360.300864,-1.6077286945906764,-6.296703296703299,-0.5758241758241773,36,33,ENABLE
1785583360.3057969,-1.6378652628366517,-6.208791208791212,-0.49670329670329494,36,33,ENABLE
1785583360.310804,-1.6683833066300444,-6.142857142857146,-0.47032967032966866,36,33,ENABLE
1785583360.315794,-1.6981383993286023,-6.054945054945058,-0.42637362637362486,36,33,ENABLE
1785583360.3207774,-1.7271305409323254,-5.879120879120876,-0.38241758241758106,36,33,ENABLE
1785583360.3257759,-1.755741206988633,-5.791208791208788,-0.3296703296703285,36,33,ENABLE
1785583360.3308208,-1.7839703974975212,-5.681318681318679,-0.29450549450549346,36,33,ENABLE
1785583360.3358638,-1.8114366369115746,-5.527472527472526,-0.2681318681318672,36,33,ENABLE
1785583360.340811,-1.8373769741359585,-5.35164835164835,-0.2417582417582409,36,33,ENABLE
1785583360.3457797,-1.8629358358129249,-5.197802197802197,-0.20659340659340586,36,33,ENABLE
1785583360.3508728,-1.8888761730373087,-5.1098901098901095,-0.18021978021977958,36,33,ENABLE
1785583360.3558679,-1.912527656977188,-4.8901098901098905,-0.1978021978021971,36,33,ENABLE
1785583360.3608057,-1.9346532387273978,-4.692307692307693,-0.1978021978021971,36,33,ENABLE
1785583360.3657959,-1.957160296025025,-4.53846153846154,-0.1978021978021971,36,33,ENABLE
1785583360.3708029,-1.9781414511329825,-4.362637362637365,-0.1978021978021971,36,33,ENABLE
1785583360.3757834,-1.9983596551461051,-4.164835164835168,-0.21538461538461462,36,33,ENABLE
1785583360.3807945,-2.0174334325169756,-3.9450549450549417,-0.2417582417582409,36,33,ENABLE
1785583360.385805,-2.036507209887846,-3.857142857142854,-0.23296703296703214,36,33,ENABLE
1785583360.3907983,-2.0544365606164643,-3.703296703296701,-0.23296703296703214,36,33,ENABLE
1785583360.3957772,-2.0716029602502477,-3.5494505494505475,-0.23296703296703214,36,33,ENABLE
1785583360.4008162,-2.0880064087891963,-3.3516483516483504,-0.2417582417582409,36,33,ENABLE
1785583360.4057775,-2.1032654306858927,-3.175824175824175,-0.2593406593406584,36,33,ENABLE
1785583360.4107776,-2.117761501487754,-3.021978021978022,-0.2593406593406584,36,33,ENABLE
1785583360.4157743,-2.131494621194781,-2.8461538461538467,-0.2857142857142847,36,33,ENABLE
1785583360.4208004,-2.1440833142595555,-2.6483516483516496,-0.312087912087911,36,33,ENABLE
1785583360.4258206,-2.1562905317769125,-2.4505494505494525,-0.3296703296703285,36,33,ENABLE
1785583360.4308078,-2.1665903715571826,-2.2747252747252773,-0.3560439560439548,36,33,ENABLE
1785583360.4358203,-2.1768902113374526,-2.098901098901102,-0.36483516483516354,36,33,ENABLE
1785583360.440811,-2.1860456244754705,-1.9670329670329636,-0.38241758241758106,36,33,ENABLE
1785583360.4457927,-2.194819562066071,-1.8351648351648322,-0.40879120879120734,36,33,ENABLE
1785583360.4508731,-2.2028305485618365,-1.681318681318679,-0.4175824175824161,36,33,ENABLE
1785583360.455818,-2.20969710841535,-1.5494505494505475,-0.42637362637362486,36,33,ENABLE
1785583360.4608119,-2.216182192721446,-1.3516483516483504,-0.4175824175824161,36,33,ENABLE
1785583360.465868,-2.2222858014801243,-1.2637362637362628,-0.4175824175824161,36,33,ENABLE
1785583360.470862,-2.2268635080491332,-1.1098901098901095,-0.4351648351648336,36,33,ENABLE
1785583360.4757957,-2.2310597390707247,-0.9340659340659343,-0.4439560439560424,36,33,ENABLE
1785583360.4807782,-2.2352559700923162,-0.8241758241758248,-0.42637362637362486,36,33,ENABLE
1785583360.4857829,-2.2383077744716555,-0.7142857142857153,-0.42637362637362486,36,33,ENABLE
1785583360.4908652,-2.2402151522087426,-0.5164835164835182,-0.40879120879120734,36,33,ENABLE
1785583360.4957771,-2.242504005493247,-0.4505494505494525,-0.3912087912087898,36,33,ENABLE
1785583360.5008056,-2.2428854810406644,-0.2087912087912116,-0.40879120879120734,36,33,ENABLE
1785583360.5058193,-2.2428854810406644,-0.0989010989011021,-0.3999999999999986,36,33,ENABLE
1785583360.5108743,-2.242504005493247,-0.010989010989014503,-0.3912087912087898,36,33,ENABLE
1785583360.5158176,-2.241359578850995,0.120879120879124,-0.36483516483516354,36,33,ENABLE
1785583360.5207736,-2.239833676661325,0.2747252747252773,-0.3296703296703285,36,33,ENABLE
1785583360.5257754,-2.2383077744716555,0.2747252747252773,-0.2857142857142847,36,33,ENABLE
1785583360.530786,-2.2356374456397337,0.4505494505494525,-0.25054945054944966,36,33,ENABLE
1785583360.5358207,-2.232967116807812,0.4725274725274744,-0.1978021978021971,36,33,ENABLE
1785583360.54078,-2.2291523613336377,0.6483516483516496,-0.14505494505494454,36,33,ENABLE
1785583360.5458202,-2.224956130312046,0.7582417582417591,-0.1098901098901095,36,33,ENABLE
1785583360.5508072,-2.2196154726482025,0.9120879120879124,-0.09230769230769198,36,33,ENABLE
1785583360.555868,-2.213511863889524,1.1318681318681314,-0.05714285714285694,36,33,ENABLE
1785583360.5607731,-2.207026779583428,1.219780219780219,-0.04835164835164818,36,33,ENABLE
1785583360.565771,-2.19939726863508,1.417582417582416,-0.0219780219780219,36,33,ENABLE
1785583360.5708203,-2.1906233310444794,1.5934065934065913,-0.01318681318681314,36,33,ENABLE
1785583360.5758598,-2.181086442359044,1.7692307692307665,0.00439560439560438,36,33,ENABLE
1785583360.5807755,-2.1711680781261915,1.9450549450549417,0.00439560439560438,36,33,ENABLE
1785583360.5859778,-2.159342336156252,2.120879120879124,0.0219780219780219,36,33,ENABLE
1785583360.59081,-2.147516594186312,2.296703296703299,0.00439560439560438,36,33,ENABLE
1785583360.5958202,-2.1349279011215376,2.4505494505494525,0.0219780219780219,36,33,ENABLE
1785583360.6008193,-2.1208133058670935,2.6703296703296715,0.01318681318681314,36,33,ENABLE
1785583360.6058178,-2.1059357595178145,2.8461538461538467,0.00439560439560438,36,33,ENABLE
1785583360.610768,-2.090676737621118,3.021978021978022,-0.00439560439560438,36,33,ENABLE
1785583360.6157763,-2.0742732890821696,3.1538461538461533,0.00439560439560438,36,33,ENABLE
1785583360.620776,-2.0574883649958036,3.3076923076923066,0.00439560439560438,36,33,ENABLE
1785583360.6257777,-2.039177538719768,3.5274725274725256,-0.01318681318681314,36,33,ENABLE
1785583360.630774,-2.0201037613488975,3.703296703296701,-0.0219780219780219,36,33,ENABLE
1785583360.6357756,-2.000267032883192,3.857142857142854,-0.03956043956043942,36,33,ENABLE
1785583360.6407743,-1.979667353322652,4.0109890109890145,-0.04835164835164818,36,33,ENABLE
1785583360.6457748,-1.9586861982146946,4.164835164835168,-0.05714285714285694,36,33,ENABLE
1785583360.650817,-1.9365606164644849,4.318681318681321,-0.0659340659340657,36,33,ENABLE
1785583360.6557715,-1.9140535591668577,4.428571428571431,-0.0659340659340657,36,33,ENABLE
1785583360.6608646,-1.8904020752269783,4.560439560439562,-0.0659340659340657,36,33,ENABLE
1785583360.665861,-1.866750591287099,4.692307692307693,-0.05714285714285694,36,33,ENABLE
1785583360.6707754,-1.8427176317998022,4.780219780219781,-0.05714285714285694,36,33,ENABLE
1785583360.6757746,-1.8175402456702532,4.934065934065934,-0.03956043956043942,36,33,ENABLE
1785583360.6808739,-1.791218432898452,5.065934065934066,-0.03956043956043942,36,33,ENABLE
1785583360.6858113,-1.7652780956740681,5.197802197802197,-0.04835164835164818,36,33,ENABLE
1785583360.690771,-1.7381933318074303,5.307692307692307,-0.0659340659340657,36,33,ENABLE
1785583360.6957767,-1.709964141298542,5.505494505494504,-0.0659340659340657,36,33,ENABLE
1785583360.7007782,-1.6817349507896537,5.659340659340657,-0.08351648351648322,36,33,ENABLE
1785583360.7057748,-1.6523613336385132,5.725274725274723,-0.07472527472527446,36,33,ENABLE
1785583360.7107697,-1.6229877164873727,5.835164835164832,-0.07472527472527446,36,33,ENABLE
1785583360.7157757,-1.5928511482413974,5.945054945054942,-0.0659340659340657,36,33,ENABLE
1785583360.7208202,-1.5619516289005873,6.032967032967036,-0.0659340659340657,36,33,ENABLE
1785583360.7258165,-1.5306706340123597,6.164835164835168,-0.05714285714285694,36,33,ENABLE
1785583360.7307713,-1.4997711146715496,6.208791208791212,-0.03956043956043942,36,33,ENABLE
1785583360.7357955,-1.4677271686884872,6.318681318681321,-0.03076923076923066,36,33,ENABLE
1785583360.740775,-1.4353017471580074,6.4505494505494525,-0.03076923076923066,36,33,ENABLE
1785583360.7458673,-1.401350423437858,6.560439560439562,-0.01318681318681314,36,33,ENABLE
1785583360.7508664,-1.367780575265126,6.64835164835165,-0.00439560439560438,36,33,ENABLE
1785583360.755872,-1.3334477759975591,6.758241758241759,-0.00439560439560438,36,33,ENABLE
1785583360.760779,-1.2998779278248271,6.846153846153847,-0.00439560439560438,36,33,ENABLE
1785583360.7658064,-1.264400701915008,6.934065934065934,-0.00439560439560438,36,33,ENABLE
1785583360.7708173,-1.2285420004577698,7.021978021978022,-0.00439560439560438,36,33,ENABLE
1785583360.7758641,-1.1926832990005334,7.087912087912088,0.03956043956043942,36,33,ENABLE
1785583360.7808053,-1.1564431219958795,7.219780219780219,0.01318681318681314,36,33,ENABLE
1785583360.785807,-1.1202029449912256,7.307692307692307,0.01318681318681314,36,33,ENABLE
1785583360.790776,-1.0824368657969021,7.439560439560438,0.00439560439560438,36,33,ENABLE
1785583360.7957754,-1.0435263599603264,7.637362637362635,-0.0219780219780219,36,33,ENABLE
1785583360.8007758,-1.0042343785763332,7.791208791208788,-0.10109890109890074,36,33,ENABLE
1785583360.8058245,-0.9641794460975053,7.945054945054942,-0.13626373626373578,36,33,ENABLE
1785583360.8108666,-0.9222171358815903,8.098901098901102,-0.17142857142857082,36,33,ENABLE
1785583360.8158019,-0.8817807278553449,8.230769230769234,-0.22417582417582338,36,33,ENABLE
1785583360.8207777,-0.8394369420920125,8.362637362637365,-0.2681318681318672,36,33,ENABLE
1785583360.8257961,-0.7974746318760975,8.362637362637365,-0.312087912087911,36,33,ENABLE
1785583360.8307996,-0.7547493705653476,8.516483516483518,-0.4175824175824161,36,33,ENABLE
1785583360.835803,-0.7112611581597612,8.560439560439562,-0.4791208791208774,36,33,ENABLE
1785583360.840795,-0.6685358968490114,8.582417582417584,-0.49670329670329494,36,33,ENABLE
1785583360.8457942,-0.6250476844434267,8.626373626373628,-0.47032967032966866,36,33,ENABLE
1785583360.8508458,-0.5811779964904247,8.64835164835165,-0.4351648351648336,36,33,ENABLE
1785583360.8558116,-0.5388342107270923,8.64835164835165,-0.4791208791208774,36,33,ENABLE
1785583360.8607905,-0.4953459983215076,8.64835164835165,-0.5582417582417598,36,33,ENABLE
1785583360.8658192,-0.45185778591592296,8.692307692307693,-0.5406593406593423,36,33,ENABLE
1785583360.8708704,-0.4076066224155035,8.692307692307693,-0.4879120879120862,36,33,ENABLE
1785583360.8758755,-0.36449988555733626,8.670329670329672,-0.4791208791208774,36,33,ENABLE
1785583360.8807964,-0.3217746242465864,8.670329670329672,-0.5230769230769248,36,33,ENABLE
1785583360.8857992,-0.2786678873884192,8.64835164835165,-0.5230769230769248,36,33,ENABLE
1785583360.8908641,-0.23479819943541536,8.604395604395606,-0.6285714285714299,36,33,ENABLE
1785583360.8958135,-0.19436179140916998,8.384615384615387,-0.8659340659340664,36,33,ENABLE
1785583360.9007962,-0.15545128557259424,7.9890109890109855,-1.1999999999999993,36,33,ENABLE
1785583360.905797,-0.11997405966277519,7.395604395604394,-1.3846153846153832,36,33,ENABLE
1785583360.910864,-0.08831158922713023,6.64835164835165,-1.5340659340659357,36,33,ENABLE
1785583360.9158792,-0.060463874265659356,5.901098901098898,-1.5780219780219795,36,33,ENABLE
1785583360.9208608,-0.03643091477836258,5.175824175824175,-1.5516483516483532,36,33,ENABLE
1785583360.9257455,-0.01621271076523989,4.516483516483518,-1.525274725274727,36,32,ENABLE
1785583360.930838,0.0017166399633783413,3.901098901098898,-1.463736263736262,36,32,ENABLE
1785583360.9360948,0.017738612954909527,3.241758241758241,-1.3758241758241745,36,32,ENABLE
1785583360.9409697,0.03109025711451885,2.9120879120879124,-1.3406593406593394,36,32,ENABLE
1785583360.945802,0.042153047989623715,2.53846153846154,-1.2703296703296694,36,32,ENABLE
1785583360.9508643,0.05245288776989376,2.164835164835168,-1.2175824175824168,36,32,ENABLE
1785583360.955812,0.060845349813076766,1.857142857142854,-1.173626373626373,36,32,ENABLE
1785583360.9608047,0.06809338521400754,1.6153846153846132,-1.138461538461538,36,32,ENABLE
1785583360.9658122,0.0745784695201035,1.3956043956043942,-1.103296703296703,36,32,ENABLE
1785583360.9708076,0.07991912718394723,1.1758241758241752,-1.0769230769230766,36,32,ENABLE
1785583360.9758706,0.08449683375295614,1.0,-1.024175824175824,36,32,ENABLE
1785583360.9808621,0.08831158922713023,0.8241758241758248,-0.9802197802197803,36,32,ENABLE
1785583360.9858613,0.09098191805905209,0.6263736263736277,-0.9362637362637365,36,32,ENABLE
1785583360.990794,0.09327077134355655,0.5164835164835182,-0.8835164835164839,36,32,ENABLE
1785583360.9958134,0.09479667353322618,0.3626373626373649,-0.8659340659340664,36,32,ENABLE
1785583361.0013738,0.09594110017547841,0.2747252747252773,-0.8043956043956051,36,32,ENABLE
1785583361.0058706,0.09632257572289582,0.1648351648351678,-0.7604395604395613,36,32,ENABLE
1785583361.0106308,0.09594110017547841,-0.010989010989014503,-0.6901098901098912,36,32,ENABLE
1785583361.0156732,0.09594110017547841,-0.0549450549450583,-0.6637362637362649,36,32,ENABLE
1785583361.0208228,0.095559624628061,-0.0769230769230802,-0.6285714285714299,36,32,ENABLE
1785583361.0258176,0.09517814908064359,-0.0549450549450583,-0.6197802197802211,36,32,ENABLE
1785583361.0307977,0.095559624628061,0.010989010989014503,-0.6285714285714299,36,32,ENABLE
1785583361.035798,0.09517814908064359,-0.0329670329670364,-0.6109890109890124,36,32,ENABLE
1785583361.0408046,0.09517814908064359,-0.010989010989014503,-0.6285714285714299,36,32,ENABLE
1785583361.0457804,0.09517814908064359,-0.0329670329670364,-0.6197802197802211,36,32,ENABLE
1785583361.0508676,0.09517814908064359,-0.010989010989014503,-0.6197802197802211,36,32,ENABLE
1785583361.0558116,0.09479667353322618,-0.0549450549450583,-0.5934065934065949,36,32,ENABLE
1785583361.0608711,0.09441519798580877,-0.0769230769230802,-0.5934065934065949,36,32,ENABLE
1785583361.0658042,0.09403372243839137,-0.0989010989011021,-0.5758241758241773,36,32,ENABLE
1785583361.0707977,0.09365224689097396,-0.0769230769230802,-0.5670329670329686,36,32,ENABLE
1785583361.0758014,0.09288929579613914,-0.0989010989011021,-0.549450549450551,36,32,ENABLE
1785583361.080809,0.09174486915388691,-0.2307692307692335,-0.49670329670329494,36,32,ENABLE
1785583361.085805,0.08983749141679986,-0.3186813186813211,-0.45274725274725114,36,32,ENABLE
1785583361.0907829,0.08831158922713023,-0.2967032967032992,-0.3999999999999986,36,32,ENABLE
1785583361.0957942,0.08602273594262577,-0.4285714285714306,-0.3560439560439548,36,32,ENABLE
1785583361.1008084,0.08449683375295614,-0.3626373626373649,-0.3296703296703285,36,32,ENABLE
1785583361.105814,0.08220798046845168,-0.4285714285714306,-0.2681318681318672,36,32,ENABLE
1785583361.1108112,0.08030060273136463,-0.4285714285714306,-0.2417582417582409,36,32,ENABLE
1785583361.1158006,0.07724879835202536,-0.5164835164835182,-0.17142857142857082,36,32,ENABLE
1785583361.1207974,0.0749599450675209,-0.4945054945054963,-0.14505494505494454,36,32,ENABLE
1785583361.125803,0.07267109178301645,-0.4945054945054963,-0.1098901098901095,36,32,ENABLE
1785583361.1308053,0.070382238498512,-0.4505494505494525,-0.08351648351648322,36,32,ENABLE
1785583361.135798,0.06809338521400754,-0.4505494505494525,-0.05714285714285694,36,32,ENABLE
1785583361.140793,0.0661860074769205,-0.4505494505494525,-0.03076923076923066,36,32,ENABLE
1785583361.1458192,0.06389715419241604,-0.4285714285714306,-0.0219780219780219,36,32,ENABLE
1785583361.1508188,0.06198977645532899,-0.4065934065934087,0.0219780219780219,36,32,ENABLE
1785583361.155798,0.060463874265659356,-0.3626373626373649,0.00439560439560438,36,32,ENABLE
1785583361.1608157,0.05931944762340713,-0.3186813186813211,0.00439560439560438,36,32,ENABLE
1785583361.1658206,0.05779354543373749,-0.2967032967032992,0.0219780219780219,36,32,ENABLE
1785583361.1708155,0.057030594338902674,-0.2307692307692335,-0.00439560439560438,36,32,ENABLE
1785583361.1758096,0.056649118791485265,-0.1428571428571459,-0.03076923076923066,36,32,ENABLE
1785583361.1807976,0.056267643244067855,-0.0769230769230802,-0.04835164835164818,36,32,ENABLE
1785583361.1858275,0.056267643244067855,-0.0329670329670364,-0.07472527472527446,36,32,ENABLE
1785583361.1908185,0.056649118791485265,0.010989010989014503,-0.09230769230769198,36,32,ENABLE
1785583361.1958106,0.056649118791485265,0.010989010989014503,-0.10109890109890074,36,32,ENABLE
1785583361.200802,0.057030594338902674,0.010989010989014503,-0.11868131868131826,36,32,ENABLE
1785583361.2057972,0.056649118791485265,-0.0329670329670364,-0.10109890109890074,36,32,ENABLE
1785583361.2107952,0.056649118791485265,-0.0329670329670364,-0.10109890109890074,36,32,ENABLE
1785583361.2157776,0.056649118791485265,-0.010989010989014503,-0.1098901098901095,36,32,ENABLE
1785583361.2208266,0.056649118791485265,-0.010989010989014503,-0.1098901098901095,36,32,ENABLE
1785583361.2257998,0.056649118791485265,0.010989010989014503,-0.11868131868131826,36,32,ENABLE
1785583361.2308118,0.056649118791485265,0.010989010989014503,-0.1098901098901095,36,32,ENABLE
1785583361.235864,0.056649118791485265,-0.0329670329670364,-0.1098901098901095,36,32,ENABLE
1785583361.2407775,0.057030594338902674,0.010989010989014503,-0.1098901098901095,36,32,ENABLE
1785583361.2457907,0.057030594338902674,-0.010989010989014503,-0.1098901098901095,36,32,ENABLE
1785583361.250859,0.056649118791485265,-0.0329670329670364,-0.1098901098901095,36,32,ENABLE
1785583361.255866,0.057030594338902674,0.010989010989014503,-0.1098901098901095,36,32,ENABLE
1785583361.2607987,0.057030594338902674,-0.010989010989014503,-0.11868131868131826,36,32,ENABLE
1785583361.2657804,0.057030594338902674,-0.010989010989014503,-0.11868131868131826,36,32,ENABLE
1785583361.2708387,0.057030594338902674,-0.010989010989014503,-0.12747252747252702,36,32,ENABLE
1785583361.2757976,0.05741206988632008,0.0549450549450583,-0.13626373626373578,36,32,ENABLE
1785583361.2808044,0.05741206988632008,0.0329670329670364,-0.12747252747252702,36,32,ENABLE
1785583361.2858233,0.05741206988632008,-0.0329670329670364,-0.12747252747252702,36,32,ENABLE
1785583361.290866,0.05741206988632008,-0.010989010989014503,-0.11868131868131826,36,32,ENABLE
1785583361.2958052,0.05741206988632008,-0.0329670329670364,-0.12747252747252702,36,32,ENABLE
1785583361.3007982,0.05741206988632008,0.010989010989014503,-0.12747252747252702,36,32,ENABLE
1785583361.305798,0.05741206988632008,0.010989010989014503,-0.12747252747252702,36,32,ENABLE
1785583361.310795,0.05741206988632008,-0.0329670329670364,-0.12747252747252702,36,32,ENABLE
1785583361.3158677,0.05741206988632008,-0.010989010989014503,-0.12747252747252702,36,32,ENABLE
1785583361.320874,0.05779354543373749,0.010989010989014503,-0.13626373626373578,36,32,ENABLE
1785583361.3257992,0.0581750209811549,0.0329670329670364,-0.14505494505494454,36,32,ENABLE
1785583361.330871,0.05855649652857231,0.0329670329670364,-0.1538461538461533,36,32,ENABLE
1785583361.3358047,0.05893797207598972,0.0329670329670364,-0.16263736263736206,36,32,ENABLE
1785583361.340797,0.05855649652857231,0.010989010989014503,-0.14505494505494454,36,32,ENABLE
1785583361.3457963,0.05855649652857231,-0.0329670329670364,-0.14505494505494454,36,32,ENABLE
1785583361.3508618,0.05855649652857231,-0.010989010989014503,-0.14505494505494454,36,32,ENABLE
1785583361.3558292,0.05855649652857231,0.010989010989014503,-0.13626373626373578,36,32,ENABLE
1785583361.3608043,0.05893797207598972,0.010989010989014503,-0.13626373626373578,36,32,ENABLE
1785583361.3657992,0.05893797207598972,-0.010989010989014503,-0.14505494505494454,36,32,ENABLE
1785583361.3707964,0.05855649652857231,-0.010989010989014503,-0.13626373626373578,36,32,ENABLE
1785583361.375812,0.05855649652857231,-0.010989010989014503,-0.12747252747252702,36,32,ENABLE
1785583361.3807926,0.05855649652857231,-0.0329670329670364,-0.12747252747252702,36,32,ENABLE
1785583361.3858001,0.05855649652857231,0.010989010989014503,-0.13626373626373578,36,32,ENABLE
1785583361.390806,0.05855649652857231,-0.0329670329670364,-0.13626373626373578,36,32,ENABLE
1785583361.3957953,0.05855649652857231,-0.0329670329670364,-0.12747252747252702,36,32,ENABLE
1785583361.400803,0.05855649652857231,0.010989010989014503,-0.13626373626373578,36,32,ENABLE
1785583361.4058034,0.0581750209811549,-0.0329670329670364,-0.12747252747252702,36,32,ENABLE
1785583361.410805,0.05855649652857231,-0.010989010989014503,-0.13626373626373578,36,32,ENABLE
1785583361.4157946,0.05855649652857231,-0.010989010989014503,-0.12747252747252702,36,32,ENABLE
1785583361.4208171,0.05855649652857231,-0.010989010989014503,-0.13626373626373578,36,32,ENABLE
1785583361.4257965,0.05855649652857231,-0.010989010989014503,-0.13626373626373578,36,32,ENABLE
1785583361.4307969,0.05855649652857231,0.010989010989014503,-0.14505494505494454,36,32,ENABLE
1785583361.4357965,0.05855649652857231,-0.0329670329670364,-0.13626373626373578,36,32,ENABLE
1785583361.440854,0.05855649652857231,-0.0329670329670364,-0.13626373626373578,36,32,ENABLE
1785583361.4458213,0.05855649652857231,0.010989010989014503,-0.14505494505494454,36,32,ENABLE
1785583361.4508636,0.05855649652857231,-0.010989010989014503,-0.13626373626373578,36,32,ENABLE
1785583361.4557993,0.05855649652857231,-0.0329670329670364,-0.12747252747252702,36,32,ENABLE
1785583361.460802,0.05855649652857231,-0.0329670329670364,-0.13626373626373578,36,32,ENABLE
1785583361.4657972,0.05855649652857231,-0.010989010989014503,-0.13626373626373578,36,32,ENABLE
1785583361.470869,0.05855649652857231,-0.0329670329670364,-0.12747252747252702,36,32,ENABLE
1785583361.4757764,0.0581750209811549,-0.0329670329670364,-0.12747252747252702,36,32,ENABLE
1785583361.4808016,0.05855649652857231,-0.010989010989014503,-0.12747252747252702,36,32,ENABLE
1785583361.4858732,0.0581750209811549,-0.0329670329670364,-0.12747252747252702,36,32,ENABLE
1785583361.490795,0.0581750209811549,-0.0329670329670364,-0.11868131868131826,36,32,ENABLE
1785583361.4957774,0.0581750209811549,-0.010989010989014503,-0.12747252747252702,36,32,ENABLE
1785583361.5008018,0.0581750209811549,-0.010989010989014503,-0.12747252747252702,36,32,ENABLE
1785583361.5058045,0.0581750209811549,0.010989010989014503,-0.13626373626373578,36,32,ENABLE
1785583361.510871,0.0581750209811549,-0.010989010989014503,-0.12747252747252702,36,32,ENABLE
1785583361.5157769,0.0581750209811549,-0.0549450549450583,-0.11868131868131826,36,32,ENABLE
1785583361.5208066,0.0581750209811549,-0.010989010989014503,-0.12747252747252702,36,32,ENABLE
1785583361.5258343,0.0581750209811549,-0.010989010989014503,-0.12747252747252702,36,32,ENABLE
1785583361.5308185,0.0581750209811549,-0.010989010989014503,-0.14505494505494454,36,32,ENABLE
1785583361.5358,0.0581750209811549,-0.010989010989014503,-0.12747252747252702,36,32,ENABLE
1785583361.5408115,0.05779354543373749,-0.0329670329670364,-0.11868131868131826,36,32,ENABLE
1785583361.545799,0.05779354543373749,-0.010989010989014503,-0.12747252747252702,36,32,ENABLE
1785583361.5508747,0.0581750209811549,-0.010989010989014503,-0.11868131868131826,36,32,ENABLE
1785583361.5557966,0.0581750209811549,-0.010989010989014503,-0.11868131868131826,36,32,ENABLE
1785583361.5608022,0.0581750209811549,-0.0329670329670364,-0.11868131868131826,36,32,ENABLE
1785583361.5657976,0.05779354543373749,-0.010989010989014503,-0.11868131868131826,36,32,ENABLE
1785583361.5708146,0.05779354543373749,-0.0549450549450583,-0.1098901098901095,36,32,ENABLE
1785583361.5758715,0.05779354543373749,-0.010989010989014503,-0.12747252747252702,36,32,ENABLE
1785583361.58082,0.05779354543373749,-0.0329670329670364,-0.1098901098901095,36,32,ENABLE
1785583361.5857778,0.05741206988632008,-0.0329670329670364,-0.11868131868131826,36,32,ENABLE
1785583361.59082,0.05741206988632008,-0.010989010989014503,-0.12747252747252702,36,32,ENABLE
1785583361.5958035,0.05779354543373749,-0.010989010989014503,-0.11868131868131826,36,32,ENABLE
1785583361.6007903,0.05779354543373749,0.010989010989014503,-0.11868131868131826,36,32,ENABLE
1785583361.605771,0.05741206988632008,-0.0329670329670364,-0.11868131868131826,36,32,ENABLE
1785583361.6108294,0.05741206988632008,0.010989010989014503,-0.11868131868131826,36,32,ENABLE
1785583361.6157956,0.05779354543373749,0.010989010989014503,-0.12747252747252702,36,32,ENABLE
1785583361.6208024,0.05779354543373749,0.010989010989014503,-0.11868131868131826,36,32,ENABLE
1785583361.6257937,0.05779354543373749,-0.010989010989014503,-0.12747252747252702,36,32,ENABLE
1785583361.6308026,0.05779354543373749,-0.010989010989014503,-0.12747252747252702,36,32,ENABLE
1785583361.6358664,0.05779354543373749,-0.0329670329670364,-0.12747252747252702,36,32,ENABLE
1785583361.640804,0.05779354543373749,-0.010989010989014503,-0.12747252747252702,36,32,ENABLE
1785583361.6457975,0.05779354543373749,-0.010989010989014503,-0.12747252747252702,36,32,ENABLE
1785583361.650863,0.05779354543373749,0.010989010989014503,-0.12747252747252702,36,32,ENABLE
1785583361.6558115,0.05741206988632008,-0.0329670329670364,-0.11868131868131826,36,32,ENABLE
1785583361.6608233,0.05779354543373749,-0.010989010989014503,-0.12747252747252702,36,32,ENABLE
1785583361.6658757,0.05779354543373749,-0.0329670329670364,-0.11868131868131826,36,32,ENABLE
1785583361.670805,0.05779354543373749,-0.010989010989014503,-0.12747252747252702,36,32,ENABLE
1785583361.675862,0.05741206988632008,-0.0329670329670364,-0.18901098901098834,36,32,ENABLE
1785583361.6808007,0.057030594338902674,-0.0989010989011021,-0.42637362637362486,36,32,ENABLE
1785583361.6858068,0.0539787899595634,-0.4065934065934087,-0.7516483516483525,36,32,ENABLE
1785583361.6907954,0.04787518120088485,-0.9560439560439562,-1.068131868131868,36,32,ENABLE
1785583361.6958022,0.037575341420614805,-1.659340659340657,-1.2703296703296694,36,32,ENABLE
1785583361.700873,0.023079270618753256,-2.4065934065934087,-1.393406593406592,36,32,ENABLE
1785583361.7058072,0.005149919890135024,-3.197802197802197,-1.4109890109890095,36,32,ENABLE
1785583361.7107844,-0.01621271076523989,-3.9450549450549417,-1.4109890109890095,36,32,ENABLE
1785583361.715806,-0.04100862134737149,-4.626373626373628,-1.358241758241757,36,32,ENABLE
1785583361.7208023,-0.06809338521400754,-5.175824175824175,-1.3670329670329657,36,32,ENABLE
1785583361.7257776,-0.09746700236514805,-5.593406593406591,-1.323076923076922,36,32,ENABLE
1785583361.7308025,-0.1287479972533756,-6.0109890109890145,-1.3406593406593394,36,32,ENABLE
1785583361.7358909,-0.1615548943312728,-6.340659340659343,-1.3142857142857132,36,32,ENABLE
1785583361.7407954,-0.1951247425040048,-6.6703296703296715,-1.3054945054945044,36,32,ENABLE
1785583361.7457943,-0.22983901731898904,-6.8901098901098905,-1.3142857142857132,36,32,ENABLE
1785583361.7508183,-0.2664606698710621,-7.131868131868131,-1.3054945054945044,36,32,ENABLE
1785583361.7559783,-0.3042267490653856,-7.285714285714285,-1.2967032967032956,36,32,ENABLE
1785583361.7608078,-0.3408484016174569,-7.46153846153846,-1.3054945054945044,36,32,ENABLE
1785583361.7657437,-0.3789959563591978,-7.615384615384613,-1.3318681318681307,36,32,ENABLE
1785583361.7743387,-0.445372701609827,-7.835164835164832,-1.1560439560439555,36,32,ENABLE
1785583361.777184,-0.46826123445487156,-7.835164835164832,-1.1648351648351642,36,32,ENABLE
1785583361.7850516,-0.5300602731364918,-7.791208791208788,-1.1296703296703292,36,32,ENABLE
1785583361.789626,-0.5655374990463109,-7.725274725274723,-1.1296703296703292,36,32,ENABLE
1785583361.7920067,-0.5838483253223465,-7.659340659340657,-1.1824175824175818,36,32,ENABLE
1785583361.7943487,-0.6013962005035474,-7.637362637362635,-1.2791208791208781,36,32,ENABLE
1785583361.8009527,-0.6521324483100628,-7.703296703296701,-1.5164835164835182,36,32,ENABLE
1785583361.8045359,-0.6807431143663685,-7.7692307692307665,-1.6131868131868146,36,32,ENABLE
1785583361.8092444,-0.7181277180132746,-7.92307692307692,-1.6923076923076934,36,32,ENABLE
1785583361.814277,-0.7589456015869391,-8.032967032967036,-1.709890109890111,36,32,ENABLE
1785583361.8210394,-0.8127336537727938,-8.120879120879124,-1.6219780219780233,36,32,ENABLE
1785583361.8259668,-0.8524071107042044,-8.098901098901102,-1.4901098901098884,36,32,ENABLE
1785583361.831015,-0.8928435187304498,-8.054945054945058,-1.4549450549450533,36,32,ENABLE
1785583361.8360064,-0.9325169756618603,-7.967032967032964,-1.5076923076923094,36,32,ENABLE
1785583361.8408597,-0.9699015793087664,-7.879120879120876,-1.5428571428571445,36,32,ENABLE
1785583361.845824,-1.009575036240177,-7.901098901098898,-1.4989010989010971,36,32,ENABLE
1785583361.85082,-1.0488670176241701,-7.857142857142854,-1.463736263736262,36,32,ENABLE
1785583361.8558183,-1.0885404745555807,-7.857142857142854,-1.4813186813186796,36,32,ENABLE
1785583361.8608193,-1.1274509803921564,-7.835164835164832,-1.463736263736262,36,32,ENABLE
1785583361.8658466,-1.1659800106813147,-7.747252747252745,-1.393406593406592,36,32,ENABLE
1785583361.8707774,-1.2033646143282208,-7.681318681318679,-1.4109890109890095,36,33,ENABLE
1785583361.8758204,-1.2418936446173792,-7.659340659340657,-1.3142857142857132,36,33,ENABLE
1785583361.8808136,-1.2804226749065393,-7.659340659340657,-1.2967032967032956,36,33,ENABLE
1785583361.8858702,-1.3181887541008628,-7.615384615384613,-1.2527472527472518,36,33,ENABLE
1785583361.8908165,-1.3559548332951863,-7.571428571428569,-1.173626373626373,36,33,ENABLE
1785583361.8958218,-1.392957961394675,-7.505494505494504,-1.1120879120879117,36,33,ENABLE
1785583361.900801,-1.430342565041581,-7.5494505494505475,-1.0065934065934066,36,33,ENABLE
1785583361.9058,-1.4677271686884872,-7.483516483516482,-0.953846153846154,36,33,ENABLE
1785583361.9108045,-1.5051117723353933,-7.417582417582416,-0.8747252747252752,36,33,ENABLE
1785583361.9157982,-1.5405889982452123,-7.307692307692307,-0.8043956043956051,36,33,ENABLE
1785583361.9207962,-1.5764476997024488,-7.197802197802197,-0.7428571428571438,36,33,ENABLE
1785583361.925848,-1.6119249256122679,-7.131868131868131,-0.6813186813186825,36,33,ENABLE
1785583361.9307973,-1.6462577248798347,-6.978021978021978,-0.6021978021978036,36,33,ENABLE
1785583361.9357955,-1.6798275730525667,-6.824175824175825,-0.5318681318681335,36,33,ENABLE
1785583361.9407973,-1.7130159456778813,-6.736263736263737,-0.4791208791208774,36,33,ENABLE
1785583361.9458137,-1.745441367208361,-6.582417582417584,-0.4351648351648336,36,33,ENABLE
1785583361.950868,-1.7778667887388426,-6.428571428571431,-0.38241758241758106,36,33,ENABLE
1785583361.9558082,-1.8087663080796528,-6.274725274725277,-0.3296703296703285,36,33,ENABLE
1785583361.9607956,-1.8381399252307933,-6.120879120879124,-0.2593406593406584,36,33,ENABLE
1785583361.9657764,-1.8675135423819338,-5.967032967032964,-0.22417582417582338,36,33,ENABLE
1785583361.970862,-1.8965056839856569,-5.747252747252745,-0.18901098901098834,36,33,ENABLE
1785583361.9758668,-1.923590447852293,-5.5494505494505475,-0.1538461538461533,36,33,ENABLE
1785583361.981077,-1.9514381628137638,-5.395604395604394,-0.09230769230769198,36,33,ENABLE
1785583361.985816,-1.9750896467536432,-5.197802197802197,-0.09230769230769198,36,33,ENABLE
1785583361.990858,-1.9995040817883574,-4.956043956043956,-0.07472527472527446,36,33,ENABLE
1785583361.9958172,-2.0227740901808193,-4.780219780219781,-0.03956043956043942,36,33,ENABLE
1785583362.0007973,-2.044899671931029,-4.626373626373628,-0.00439560439560438,36,33,ENABLE
1785583362.0058174,-2.066262302586404,-4.318681318681321,-0.01318681318681314,36,33,ENABLE
1785583362.010822,-2.0860990310521093,-4.098901098901102,0.00439560439560438,36,33,ENABLE
1785583362.0158215,-2.1047913328755623,-3.879120879120876,-0.00439560439560438,36,33,ENABLE
1785583362.0208628,-2.1227206836041805,-3.659340659340657,-0.01318681318681314,36,33,ENABLE
1785583362.0258617,-2.1387426565957117,-3.3736263736263723,-0.03956043956043942,36,33,ENABLE
1785583362.0308173,-2.152857251850156,-3.0659340659340657,-0.0659340659340657,36,33,ENABLE
1785583362.035866,-2.166208896009765,-2.8461538461538467,-0.10109890109890074,36,33,ENABLE
1785583362.0407994,-2.1784161135271223,-2.6263736263736277,-0.12747252747252702,36,33,ENABLE
1785583362.0458648,-2.1898603799496446,-2.362637362637365,-0.16263736263736206,36,33,ENABLE
1785583362.0508385,-2.199778744182497,-2.142857142857146,-0.18901098901098834,36,33,ENABLE
1785583362.055799,-2.2085526817730976,-1.901098901098898,-0.21538461538461462,36,33,ENABLE
1785583362.0608199,-2.216563668268863,-1.681318681318679,-0.23296703296703214,36,33,ENABLE
1785583362.065799,-2.2234302281223766,-1.5054945054945037,-0.25054945054944966,36,33,ENABLE
1785583362.070865,-2.229533836881055,-1.3076923076923066,-0.2681318681318672,36,33,ENABLE
1785583362.0758195,-2.2344930189974814,-1.1318681318681314,-0.27692307692307594,36,33,ENABLE
1785583362.0808647,-2.2383077744716555,-0.9560439560439562,-0.29450549450549346,36,33,ENABLE
1785583362.0858164,-2.241741054398412,-0.7582417582417591,-0.3032967032967022,36,33,ENABLE
1785583362.0907786,-2.2436484321354992,-0.5384615384615401,-0.32087912087911974,36,33,ENABLE
1785583362.0957973,-2.245174334325169,-0.3846153846153868,-0.3032967032967022,36,33,ENABLE
1785583362.1008084,-2.2459372854200037,-0.2527472527472554,-0.3032967032967022,36,33,ENABLE
1785583362.1058006,-2.245174334325169,-0.010989010989014503,-0.29450549450549346,36,33,ENABLE
1785583362.1107745,-2.244411383230334,0.0769230769230802,-0.2593406593406584,36,33,ENABLE
1785583362.1157737,-2.243266956588082,0.1868131868131897,-0.20659340659340586,36,33,ENABLE
1785583362.1208181,-2.241359578850995,0.2967032967032992,-0.18901098901098834,36,33,ENABLE
1785583362.1258678,-2.2383077744716555,0.4945054945054963,-0.11868131868131826,36,33,ENABLE
1785583362.130798,-2.234874494544899,0.6043956043956058,-0.0659340659340657,36,33,ENABLE
1785583362.1358123,-2.2306782635233073,0.7362637362637372,-0.03076923076923066,36,33,ENABLE
1785583362.1407745,-2.225719081406881,0.9560439560439562,0.00439560439560438,36,33,ENABLE
1785583362.1458175,-2.2196154726482025,1.1318681318681314,0.03076923076923066,36,33,ENABLE
1785583362.1508212,-2.2123674372472717,1.3076923076923066,0.0659340659340657,36,33,ENABLE
1785583362.1558027,-2.204356450751506,1.5274725274725256,0.08351648351648322,36,33,ENABLE
1785583362.1607716,-2.1952010376134883,1.7252747252747227,0.10109890109890074,36,33,ENABLE
1785583362.1659188,-2.1841382467383834,1.9670329670329636,0.1098901098901095,36,33,ENABLE
1785583362.1706464,-2.1730754558632785,2.164835164835168,0.11868131868131826,36,33,ENABLE
1785583362.1755953,-2.1608682383459215,2.362637362637365,0.12747252747252702,36,33,ENABLE
1785583362.1808002,-2.1467536430914773,2.6483516483516496,0.11868131868131826,36,33,ENABLE
1785583362.1858065,-2.131494621194781,2.8461538461538467,0.11868131868131826,36,33,ENABLE
1785583362.1908731,-2.115854123750667,3.043956043956044,0.12747252747252702,36,33,ENABLE
1785583362.1958218,-2.099069199664301,3.241758241758241,0.1098901098901095,36,33,ENABLE
1785583362.2007773,-2.0815213244831003,3.439560439560438,0.10109890109890074,36,33,ENABLE
1785583362.2058098,-2.0620660715648125,3.7252747252747227,0.07472527472527446,36,33,ENABLE
1785583362.210876,-2.0414663920042724,3.901098901098898,0.07472527472527446,36,33,ENABLE
1785583362.2158244,-2.0208667124437323,4.07692307692308,0.0659340659340657,36,33,ENABLE
1785583362.2208252,-1.99912260624094,4.274725274725277,0.07472527472527446,36,33,ENABLE
1785583362.2258232,-1.9762340733958954,4.428571428571431,0.08351648351648322,36,33,ENABLE
1785583362.2307775,-1.9529640650034334,4.64835164835165,0.0659340659340657,36,33,ENABLE
1785583362.2357738,-1.9285496299687193,4.802197802197803,0.0659340659340657,36,33,ENABLE
1785583362.2407777,-1.9029907682917528,5.0,0.05714285714285694,36,33,ENABLE
1785583362.245798,-1.8762874799725342,5.175824175824175,0.04835164835164818,36,33,ENABLE
1785583362.250849,-1.8484397650110633,5.373626373626372,0.03956043956043942,36,33,ENABLE
1785583362.255807,-1.820210574502175,5.5494505494505475,0.01318681318681314,36,33,ENABLE
1785583362.2607756,-1.791218432898452,5.747252747252745,0.0219780219780219,36,33,ENABLE
1785583362.2657726,-1.7610818646524766,5.901098901098898,0.00439560439560438,36,33,ENABLE
1785583362.2708175,-1.7298008697642473,6.098901098901102,-0.00439560439560438,36,33,ENABLE
1785583362.2759018,-1.697756923781185,6.208791208791212,-0.0219780219780219,36,33,ENABLE
1785583362.2807767,-1.66609445334554,6.384615384615387,-0.0219780219780219,36,33,ENABLE
1785583362.2857716,-1.6329060807202254,6.494505494505496,-0.03956043956043942,36,33,ENABLE
1785583362.290795,-1.5993362325474934,6.6703296703296715,-0.03956043956043942,36,33,ENABLE
1785583362.2958639,-1.5638590066376743,6.802197802197803,-0.03956043956043942,36,33,ENABLE
1785583362.3007782,-1.5295262073701075,6.934065934065934,-0.0659340659340657,36,33,ENABLE
1785583362.3057756,-1.493667505912871,7.1098901098901095,-0.05714285714285694,36,33,ENABLE
1785583362.3107946,-1.4570458533607997,7.219780219780219,-0.04835164835164818,36,33,ENABLE
1785583362.3158212,-1.4196612497138936,7.35164835164835,-0.07472527472527446,36,33,ENABLE
1785583362.3208048,-1.382658121614405,7.439560439560438,-0.03076923076923066,36,33,ENABLE
1785583362.3255925,-1.3452735179674988,7.5494505494505475,-0.04835164835164818,36,33,ENABLE
1785583362.3309474,-1.3040741588464186,7.703296703296701,-0.04835164835164818,36,33,ENABLE
1785583362.335853,-1.2655451285572603,7.7692307692307665,0.00439560439560438,36,33,ENABLE
1785583362.3408647,-1.225871671625848,7.879120879120876,-0.01318681318681314,36,33,ENABLE
1785583362.345782,-1.1865796902418548,7.92307692307692,-0.03956043956043942,36,33,ENABLE
1785583362.350867,-1.1453803311207746,8.054945054945058,-0.03076923076923066,36,33,ENABLE
1785583362.3557992,-1.1049439230945293,8.18681318681319,-0.01318681318681314,36,33,ENABLE
1785583362.3608181,-1.0622186617837794,8.384615384615387,-0.0219780219780219,36,33,ENABLE
1785583362.3657885,-1.0194934004730296,8.53846153846154,-0.08351648351648322,36,33,ENABLE
1785583362.3708165,-0.9752422369726101,8.692307692307693,-0.10109890109890074,36,33,ENABLE
1785583362.3758154,-0.9302281223773559,8.868131868131869,-0.1098901098901095,36,33,ENABLE
1785583362.381053,-0.8821622034027623,9.065934065934066,-0.23296703296703214,36,33,ENABLE
1785583362.3858106,-0.8382925154497602,9.175824175824175,-0.23296703296703214,36,33,ENABLE
1785583362.3908007,-0.7925154497596711,9.219780219780219,-0.3032967032967022,36,33,ENABLE
1785583362.3957942,-0.7448310063324932,9.35164835164835,-0.3560439560439548,36,33,ENABLE
1785583362.4008174,-0.6963836118104823,9.505494505494504,-0.38241758241758106,36,33,ENABLE
1785583362.405795,-0.6490806439307235,9.57142857142857,-0.4351648351648336,36,33,ENABLE
1785583362.4108033,-0.6002517738612951,9.615384615384613,-0.4791208791208774,36,33,ENABLE
1785583362.4158037,-0.552567330434119,9.593406593406591,-0.5054945054945073,36,33,ENABLE
1785583362.420805,-0.5037384603646906,9.681318681318679,-0.5054945054945073,36,33,ENABLE
1785583362.4258063,-0.45529106584267964,9.659340659340657,-0.4879120879120862,36,33,ENABLE
1785583362.430802,-0.4072251468680861,9.7032967032967,-0.5054945054945073,36,33,ENABLE
1785583362.4358,-0.3583962767986577,9.7032967032967,-0.514285714285716,36,33,ENABLE
1785583362.4408104,-0.30956740672922933,9.725274725274723,-0.5318681318681335,36,33,ENABLE
1785583362.445797,-0.2618829633020532,9.637362637362635,-0.734065934065935,36,33,ENABLE
1785583362.4508145,-0.2153429465171275,9.329670329670328,-1.0065934065934066,36,33,ENABLE
1785583362.4557967,-0.17338063630121248,8.802197802197803,-1.3406593406593394,36,33,ENABLE
1785583362.4608479,-0.13447013046463674,8.098901098901102,-1.5340659340659357,36,33,ENABLE
1785583362.4658158,-0.10051880674448732,7.307692307692307,-1.6835164835164846,36,33,ENABLE
1785583362.4708672,-0.07000076295109459,6.4505494505494525,-1.7010989010989022,36,33,ENABLE
1785583362.475795,-0.04520485236896299,5.571428571428569,-1.6659340659340671,36,33,ENABLE
1785583362.4808116,-0.022697795071335847,4.868131868131869,-1.6131868131868146,36,33,ENABLE
1785583362.4858007,-0.003242542153047978,4.208791208791212,-1.5340659340659357,36,33,ENABLE
1785583362.490794,0.013160906385900617,3.615384615384613,-1.4725274725274708,36,33,ENABLE
1785583362.4957933,0.027656977187762166,3.1538461538461533,-1.4197802197802183,36,33,ENABLE
1785583362.5007815,0.04062714579995408,2.758241758241759,-1.3846153846153832,36,33,ENABLE
1785583362.5058413,0.052071412222476354,2.4065934065934087,-1.3406593406593394,36,33,ENABLE
1785583362.5108104,0.061608300907911584,2.098901098901102,-1.2967032967032956,36,33,ENABLE
1785583362.5157976,0.07000076295109459,1.8131868131868103,-1.2703296703296694,36,33,ENABLE
1785583362.5207553,0.07724879835202536,1.5934065934065913,-1.2351648351648343,36,33,ENABLE
1785583362.5257866,0.08373388265812132,1.3296703296703285,-1.2175824175824168,36,32,ENABLE
1785583362.5308228,0.08945601586938245,1.219780219780219,-1.1824175824175818,36,32,ENABLE
1785583362.5357955,0.09365224689097396,1.0,-1.1560439560439555,36,32,ENABLE
1785583362.540799,0.09746700236514805,0.8241758241758248,-1.1120879120879117,36,32,ENABLE
1785583362.5458267,0.10013733119706991,0.6483516483516496,-1.068131868131868,36,32,ENABLE
1785583362.5508194,0.10280766002899178,0.5384615384615401,-1.0329670329670328,36,32,ENABLE
1785583362.5558035,0.10471503776607882,0.4505494505494525,-1.0065934065934066,36,32,ENABLE
1785583362.5608103,0.10585946440833105,0.2747252747252773,-0.9450549450549453,36,32,ENABLE
1785583362.565769,0.10662241550316587,0.1868131868131897,-0.9098901098901102,36,32,ENABLE
1785583362.5708582,0.10738536659800069,0.120879120879124,-0.8835164835164839,36,32,ENABLE
1785583362.5757961,0.1077668421454181,0.0989010989011021,-0.8659340659340664,36,32,ENABLE
1785583362.5808039,0.10738536659800069,0.010989010989014503,-0.8219780219780226,36,32,ENABLE
1785583362.5858045,0.10738536659800069,-0.0329670329670364,-0.8043956043956051,36,32,ENABLE
1785583362.5908217,0.10700389105058328,-0.0769230769230802,-0.7780219780219788,36,32,ENABLE
1785583362.595814,0.10662241550316587,-0.0769230769230802,-0.7780219780219788,36,32,ENABLE
1785583362.6007462,0.10700389105058328,-0.010989010989014503,-0.7780219780219788,36,32,ENABLE
1785583362.6057966,0.10662241550316587,-0.0549450549450583,-0.7604395604395613,36,32,ENABLE
1785583362.610806,0.10662241550316587,-0.0329670329670364,-0.7604395604395613,36,32,ENABLE
1785583362.6158097,0.10624093995574846,-0.0549450549450583,-0.7516483516483525,36,32,ENABLE
1785583362.6208,0.10547798886091364,-0.0989010989011021,-0.7252747252747263,36,32,ENABLE
1785583362.6258268,0.10433356221866141,-0.2087912087912116,-0.6637362637362649,36,32,ENABLE
1785583362.6308415,0.10280766002899178,-0.2967032967032992,-0.6109890109890124,36,32,ENABLE
1785583362.6358023,0.10128175783932214,-0.2967032967032992,-0.5846153846153861,36,32,ENABLE
1785583362.6408134,0.09899290455481768,-0.3626373626373649,-0.5318681318681335,36,32,ENABLE
1785583362.6457968,0.09746700236514805,-0.340659340659343,-0.5054945054945073,36,32,ENABLE
1785583362.6508536,0.09479667353322618,-0.4505494505494525,-0.4351648351648336,36,32,ENABLE
1785583362.6558018,0.09288929579613914,-0.4505494505494525,-0.4175824175824161,36,32,ENABLE
1785583362.6608248,0.08983749141679986,-0.5384615384615401,-0.32087912087911974,36,32,ENABLE
1785583362.6658707,0.08793011367971282,-0.4725274725274744,-0.312087912087911,36,32,ENABLE
1785583362.6708703,0.08487830930037354,-0.560439560439562,-0.2593406593406584,36,32,ENABLE
1785583362.6758704,0.08220798046845168,-0.560439560439562,-0.21538461538461462,36,32,ENABLE
1785583362.6808789,0.07953765163652982,-0.5384615384615401,-0.17142857142857082,36,32,ENABLE
1785583362.685812,0.07648584725719054,-0.5824175824175839,-0.1098901098901095,36,32,ENABLE
1785583362.6908052,0.07343404287785127,-0.6263736263736277,-0.0659340659340657,36,32,ENABLE
1785583362.6958098,0.0707637140459294,-0.560439560439562,-0.03956043956043942,36,32,ENABLE
1785583362.700804,0.06809338521400754,-0.5824175824175839,0.01318681318681314,36,32,ENABLE
1785583362.7058072,0.06427862973983345,-0.6923076923076934,0.07472527472527446,36,32,ENABLE
1785583362.7108,0.061608300907911584,-0.6043956043956058,0.09230769230769198,36,32,ENABLE
1785583362.7158246,0.05970092317082454,-0.4725274725274744,0.09230769230769198,36,32,ENABLE
1785583362.7208126,0.05741206988632008,-0.4505494505494525,0.09230769230769198,36,32,ENABLE
1785583362.7258143,0.056267643244067855,-0.340659340659343,0.07472527472527446,36,32,ENABLE
1785583362.7308109,0.05474174105439822,-0.2967032967032992,0.07472527472527446,36,32,ENABLE
1785583362.7357945,0.05321583886472858,-0.3846153846153868,0.1098901098901095,36,32,ENABLE
1785583362.7407978,0.052071412222476354,-0.2527472527472554,0.07472527472527446,36,32,ENABLE
1785583362.7457948,0.051689936675058945,-0.1648351648351678,0.05714285714285694,36,32,ENABLE
1785583362.7508438,0.05054551003280672,-0.1648351648351678,0.0659340659340657,36,32,ENABLE
1785583362.7558215,0.04940108339055449,-0.2527472527472554,0.10109890109890074,36,32,ENABLE
1785583362.7608693,0.04787518120088485,-0.2527472527472554,0.1098901098901095,36,32,ENABLE
1785583362.7658653,0.047493705653467444,-0.2087912087912116,0.1098901098901095,36,32,ENABLE
1785583362.7708106,0.046349279011215216,-0.2307692307692335,0.12747252747252702,36,32,ENABLE
1785583362.775798,0.04520485236896299,-0.2307692307692335,0.14505494505494454,36,32,ENABLE
1785583362.7808025,0.04444190127412817,-0.1648351648351678,0.12747252747252702,36,32,ENABLE
1785583362.7858722,0.04444190127412817,-0.0769230769230802,0.1098901098901095,36,32,ENABLE
1785583362.790795,0.04444190127412817,0.010989010989014503,0.07472527472527446,36,32,ENABLE
1785583362.7958019,0.04482337682154558,0.010989010989014503,0.0659340659340657,36,32,ENABLE
1785583362.8008084,0.04482337682154558,0.010989010989014503,0.05714285714285694,36,32,ENABLE
1785583362.805807,0.04482337682154558,-0.010989010989014503,0.04835164835164818,36,32,ENABLE
1785583362.810806,0.04482337682154558,-0.0329670329670364,0.03956043956043942,36,32,ENABLE
1785583362.8158064,0.04482337682154558,-0.010989010989014503,0.04835164835164818,36,32,ENABLE
1785583362.8207798,0.04482337682154558,-0.010989010989014503,0.04835164835164818,36,32,ENABLE
1785583362.8258047,0.04482337682154558,-0.010989010989014503,0.04835164835164818,36,32,ENABLE
1785583362.830799,0.04482337682154558,-0.010989010989014503,0.03956043956043942,36,32,ENABLE
1785583362.8357925,0.04482337682154558,-0.010989010989014503,0.03956043956043942,36,32,ENABLE
1785583362.840796,0.04520485236896299,0.010989010989014503,0.04835164835164818,36,32,ENABLE
1785583362.8458211,0.04520485236896299,0.010989010989014503,0.03956043956043942,36,32,ENABLE
1785583362.850875,0.04520485236896299,0.010989010989014503,0.03956043956043942,36,32,ENABLE
1785583362.8558047,0.04520485236896299,-0.010989010989014503,0.03076923076923066,36,32,ENABLE
1785583362.8607972,0.04520485236896299,-0.010989010989014503,0.03956043956043942,36,32,ENABLE
1785583362.865809,0.04520485236896299,-0.0329670329670364,0.03956043956043942,36,32,ENABLE
1785583362.8708067,0.04520485236896299,-0.0329670329670364,0.03956043956043942,36,32,ENABLE
1785583362.875806,0.04520485236896299,-0.010989010989014503,0.03956043956043942,36,32,ENABLE
1785583362.8807986,0.04520485236896299,0.010989010989014503,0.04835164835164818,36,32,ENABLE
1785583362.885847,0.04520485236896299,0.010989010989014503,0.03956043956043942,36,32,ENABLE
1785583362.890802,0.0455863279163804,0.0549450549450583,0.01318681318681314,36,32,ENABLE
1785583362.8958178,0.046349279011215216,0.0769230769230802,0.01318681318681314,36,32,ENABLE
1785583362.900797,0.046349279011215216,-0.010989010989014503,0.0219780219780219,36,32,ENABLE
1785583362.905868,0.046349279011215216,-0.010989010989014503,0.03076923076923066,36,32,ENABLE
1785583362.9107995,0.04596780346379781,-0.010989010989014503,0.03076923076923066,36,32,ENABLE
1785583362.9158063,0.046349279011215216,0.010989010989014503,0.0219780219780219,36,32,ENABLE
1785583362.9208038,0.046349279011215216,-0.010989010989014503,0.03076923076923066,36,32,ENABLE
1785583362.9257982,0.046349279011215216,-0.010989010989014503,0.03076923076923066,36,32,ENABLE
1785583362.930813,0.046349279011215216,0.010989010989014503,0.0219780219780219,36,32,ENABLE
1785583362.9358013,0.046730754558632626,0.0329670329670364,0.00439560439560438,36,32,ENABLE
1785583362.9407952,0.047112230106050035,0.0329670329670364,-0.01318681318681314,36,32,ENABLE
1785583362.9458044,0.04787518120088485,0.0989010989011021,-0.03076923076923066,36,32,ENABLE
1785583362.9508584,0.04901960784313708,0.1648351648351678,-0.0659340659340657,36,32,ENABLE
1785583362.955874,0.0497825589379719,0.1648351648351678,-0.09230769230769198,36,32,ENABLE
1785583362.9608157,0.05054551003280672,0.1428571428571459,-0.09230769230769198,36,32,ENABLE
1785583362.9658003,0.05092698558022413,0.0549450549450583,-0.09230769230769198,36,32,ENABLE
1785583362.9708507,0.051308461127641536,0.0769230769230802,-0.08351648351648322,36,32,ENABLE
1785583362.9758067,0.051308461127641536,0.010989010989014503,-0.05714285714285694,36,32,ENABLE
1785583362.9808083,0.051308461127641536,-0.010989010989014503,-0.04835164835164818,36,32,ENABLE
1785583362.9857955,0.051308461127641536,-0.010989010989014503,-0.05714285714285694,36,32,ENABLE
1785583362.9908092,0.052071412222476354,0.0769230769230802,-0.07472527472527446,36,32,ENABLE
1785583362.9958062,0.05283436331731117,0.120879120879124,-0.11868131868131826,36,32,ENABLE
1785583363.000798,0.0539787899595634,0.1868131868131897,-0.14505494505494454,36,32,ENABLE
1785583363.0058215,0.05474174105439822,0.1428571428571459,-0.14505494505494454,36,32,ENABLE
1785583363.010795,0.05512321660181563,0.0769230769230802,-0.13626373626373578,36,32,ENABLE
1785583363.015897,0.05512321660181563,0.0329670329670364,-0.13626373626373578,36,32,ENABLE
1785583363.0208127,0.05512321660181563,0.010989010989014503,-0.1098901098901095,36,32,ENABLE
1785583363.025816,0.05474174105439822,-0.0329670329670364,-0.10109890109890074,36,32,ENABLE
1785583363.0308158,0.05474174105439822,-0.0769230769230802,-0.08351648351648322,36,32,ENABLE
1785583363.0358658,0.05474174105439822,-0.0329670329670364,-0.07472527472527446,36,32,ENABLE
1785583363.0408695,0.05474174105439822,0.010989010989014503,-0.08351648351648322,36,32,ENABLE
1785583363.045798,0.05474174105439822,0.010989010989014503,-0.09230769230769198,36,32,ENABLE
1785583363.0508218,0.05474174105439822,0.010989010989014503,-0.08351648351648322,36,32,ENABLE
1785583363.055837,0.05436026550698081,-0.0549450549450583,-0.0659340659340657,36,32,ENABLE
1785583363.0608082,0.0539787899595634,-0.0329670329670364,-0.07472527472527446,36,32,ENABLE
1785583363.0658038,0.05436026550698081,0.0329670329670364,-0.08351648351648322,36,32,ENABLE
1785583363.070779,0.05436026550698081,-0.0329670329670364,-0.0659340659340657,36,32,ENABLE
1785583363.0757787,0.05436026550698081,-0.0329670329670364,-0.07472527472527446,36,32,ENABLE
1785583363.0807962,0.0539787899595634,-0.0329670329670364,-0.0659340659340657,36,32,ENABLE
1785583363.0857775,0.0539787899595634,-0.010989010989014503,-0.07472527472527446,36,32,ENABLE
1785583363.0907955,0.0539787899595634,-0.010989010989014503,-0.0659340659340657,36,32,ENABLE
1785583363.0957952,0.0539787899595634,-0.0329670329670364,-0.0659340659340657,36,32,ENABLE
1785583363.1008117,0.05359731441214599,-0.0329670329670364,-0.0659340659340657,36,32,ENABLE
1785583363.1058385,0.0539787899595634,-0.010989010989014503,-0.07472527472527446,36,32,ENABLE
1785583363.1108077,0.0539787899595634,0.010989010989014503,-0.07472527472527446,36,32,ENABLE
1785583363.1158693,0.0539787899595634,-0.0329670329670364,-0.0659340659340657,36,32,ENABLE
1785583363.1208184,0.0539787899595634,-0.010989010989014503,-0.0659340659340657,36,32,ENABLE
1785583363.125822,0.05359731441214599,-0.0329670329670364,-0.0659340659340657,36,32,ENABLE
1785583363.1307945,0.0539787899595634,0.010989010989014503,-0.0659340659340657,36,32,ENABLE
1785583363.135803,0.0539787899595634,0.010989010989014503,-0.0659340659340657,36,32,ENABLE
1785583363.1408334,0.05359731441214599,-0.010989010989014503,-0.05714285714285694,36,32,ENABLE
1785583363.145806,0.05359731441214599,-0.010989010989014503,-0.0659340659340657,36,32,ENABLE
1785583363.150866,0.05359731441214599,-0.0329670329670364,-0.08351648351648322,36,32,ENABLE
1785583363.1557944,0.05321583886472858,-0.0549450549450583,-0.2593406593406584,36,32,ENABLE
1785583363.1608462,0.05054551003280672,-0.3186813186813211,-0.6285714285714299,36,32,ENABLE
1785583363.1658401,0.04482337682154558,-0.8461538461538467,-0.9802197802197803,36,32,ENABLE
1785583363.1708024,0.03490501258869294,-1.5934065934065913,-1.2351648351648343,36,32,ENABLE
1785583363.1758208,0.02040894178683139,-2.4285714285714306,-1.3846153846153832,36,32,ENABLE
1785583363.1808045,0.000953688868543523,-3.395604395604394,-1.3846153846153832,36,32,ENABLE
1785583363.1858058,-0.022316319523918438,-4.208791208791212,-1.428571428571427,36,32,ENABLE
1785583363.190802,-0.04863813229571967,-4.912087912087912,-1.393406593406592,36,32,ENABLE
1785583363.1958039,-0.07801174944686018,-5.527472527472526,-1.3494505494505482,36,32,ENABLE
1785583363.2007816,-0.10967421988250514,-6.120879120879124,-1.3054945054945044,36,32,ENABLE
1785583363.205825,-0.14362554360265456,-6.516483516483518,-1.3142857142857132,36,32,ENABLE
1785583363.2107797,-0.1783398184176388,-6.846153846153847,-1.3318681318681307,36,32,ENABLE
1785583363.2157977,-0.21496147096971008,-7.131868131868131,-1.358241758241757,36,32,ENABLE
1785583363.2207742,-0.25272755016403536,-7.46153846153846,-1.3318681318681307,36,32,ENABLE
1785583363.2258763,-0.2924010070954459,-7.659340659340657,-1.3670329670329657,36,32,ENABLE
1785583363.2308187,-0.33169298847943907,-7.857142857142854,-1.428571428571427,36,32,ENABLE
1785583363.2358167,-0.37251087205310185,-8.032967032967036,-1.4373626373626358,36,32,ENABLE
1785583363.2408032,-0.41332875562676463,-8.164835164835168,-1.4461538461538446,36,32,ENABLE
1785583363.2458444,-0.45567254139009705,-8.318681318681321,-1.4549450549450533,36,32,ENABLE
1785583363.250818,-0.49801632715342947,-8.450549450549453,-1.4901098901098884,36,32,ENABLE
1785583363.2557786,-0.5399786373693445,-8.494505494505496,-1.5164835164835182,36,32,ENABLE
1785583363.2607737,-0.5823224231326769,-8.494505494505496,-1.560439560439562,36,32,ENABLE
1785583363.2657785,-0.6246662088960093,-8.494505494505496,-1.6043956043956058,36,32,ENABLE
1785583363.270802,-0.6677729457541766,-8.516483516483518,-1.6043956043956058,36,32,ENABLE
1785583363.275823,-0.710116731517509,-8.472527472527474,-1.6043956043956058,36,32,ENABLE
1785583363.2807925,-0.7516975661860084,-8.472527472527474,-1.6219780219780233,36,32,ENABLE
1785583363.2858047,-0.7940413519493408,-8.450549450549453,-1.6747252747252759,36,32,ENABLE
1785583363.2907755,-0.8360036621652558,-8.42857142857143,-1.6835164835164846,36,32,ENABLE
1785583363.2958188,-0.8783474479285882,-8.42857142857143,-1.7362637362637372,36,32,ENABLE
1785583363.3007932,-0.9203097581445032,-8.42857142857143,-1.780219780219781,36,32,ENABLE
1785583363.3057377,-0.9622720683604182,-8.42857142857143,-1.7890109890109898,36,32,ENABLE
1785583363.3108218,-1.004997329671168,-8.450549450549453,-1.7890109890109898,36,33,ENABLE
1785583363.315776,-1.0465781643396657,-8.42857142857143,-1.7626373626373635,36,33,ENABLE
1785583363.3207738,-1.0885404745555807,-8.450549450549453,-1.745054945054946,36,33,ENABLE
1785583363.3257718,-1.1301213092240783,-8.362637362637365,-1.7186813186813197,36,33,ENABLE
1785583363.3308115,-1.1720836194399933,-8.2967032967033,-1.6835164835164846,36,33,ENABLE
1785583363.3358479,-1.212901503013656,-8.252747252747255,-1.6483516483516496,36,33,ENABLE
1785583363.340849,-1.254100862134738,-8.208791208791212,-1.595604395604397,36,33,ENABLE
1785583363.345842,-1.2949187457084008,-8.18681318681319,-1.5164835164835182,36,33,ENABLE
1785583363.350881,-1.3357366292820636,-8.164835164835168,-1.428571428571427,36,33,ENABLE
1785583363.355866,-1.3765545128557264,-8.142857142857146,-1.323076923076922,36,33,ENABLE
1785583363.3609424,-1.4169909208819718,-8.098901098901102,-1.208791208791208,36,33,ENABLE
1785583363.3658218,-1.456282902265965,-8.054945054945058,-1.1296703296703292,36,33,ENABLE
1785583363.3710475,-1.4978637369344625,-7.9890109890109855,-1.0945054945054942,36,33,ENABLE
1785583363.3761322,-1.537537193865873,-7.857142857142854,-1.0065934065934066,36,33,ENABLE
1785583363.3806405,-1.5730144197756921,-7.7692307692307665,-0.9010989010989015,36,33,ENABLE
1785583363.3855076,-1.6096360723277634,-7.659340659340657,-0.8659340659340664,36,33,ENABLE
1785583363.3906338,-1.6481651026169217,-7.615384615384613,-0.7516483516483525,36,33,ENABLE
1785583363.3956861,-1.6859311818112452,-7.505494505494504,-0.6725274725274737,36,33,ENABLE
1785583363.4006402,-1.7217898832684817,-7.35164835164835,-0.5670329670329686,36,33,ENABLE
1785583363.4056401,-1.7572671091783025,-7.197802197802197,-0.4879120879120862,36,33,ENABLE
1785583363.410703,-1.7927443350881216,-7.1098901098901095,-0.3999999999999986,36,33,ENABLE
1785583363.4157097,-1.8270771343556884,-6.8901098901098905,-0.312087912087911,36,33,ENABLE
1785583363.4206405,-1.8591210803387508,-6.6703296703296715,-0.25054945054944966,36,33,ENABLE
1785583363.4256368,-1.8907835507743957,-6.4505494505494525,-0.18021978021977958,36,33,ENABLE
1785583363.430646,-1.9213015945677885,-6.208791208791212,-0.12747252747252702,36,33,ENABLE
1785583363.435645,-1.950675211718929,-5.945054945054942,-0.1098901098901095,36,33,ENABLE
1785583363.4406385,-1.9781414511329825,-5.681318681318679,-0.0659340659340657,36,33,ENABLE
1785583363.4456353,-2.004844739452201,-5.483516483516482,-0.03076923076923066,36,33,ENABLE
1785583363.4506588,-2.030785076676585,-5.285714285714285,0.01318681318681314,36,33,ENABLE
1785583363.4556344,-2.055199511711299,-5.021978021978022,0.03956043956043942,36,33,ENABLE
1785583363.4606593,-2.078469520103761,-4.758241758241759,0.07472527472527446,36,33,ENABLE
1785583363.4656422,-2.0994506752117186,-4.406593406593409,0.07472527472527446,36,33,ENABLE
1785583363.4706438,-2.119287403677424,-4.142857142857146,0.09230769230769198,36,33,ENABLE
1785583363.4756205,-2.137979705500877,-3.92307692307692,0.10109890109890074,36,33,ENABLE
1785583363.4806185,-2.1551461051346603,-3.615384615384613,0.09230769230769198,36,33,ENABLE
1785583363.4856405,-2.170786602578774,-3.2857142857142847,0.09230769230769198,36,33,ENABLE
1785583363.4906425,-2.1852826733806356,-3.0,0.10109890109890074,36,33,ENABLE
1785583363.4956155,-2.1982528419928276,-2.780219780219781,0.08351648351648322,36,33,ENABLE
1785583363.5006359,-2.2100785839627672,-2.4725274725274744,0.07472527472527446,36,33,ENABLE
1785583363.5056334,-2.2196154726482025,-2.142857142857146,0.04835164835164818,36,33,ENABLE
1785583363.510636,-2.2280079346913855,-1.8351648351648322,0.01318681318681314,36,33,ENABLE
1785583363.5158143,-2.2352559700923162,-1.5494505494505475,-0.03076923076923066,36,33,ENABLE
1785583363.5208158,-2.239833676661325,-1.197802197802197,-0.10109890109890074,36,33,ENABLE
1785583363.5256364,-2.2436484321354992,-0.8681318681318686,-0.13626373626373578,36,33,ENABLE
1785583363.530643,-2.2467002365148385,-0.6703296703296715,-0.1538461538461533,36,33,ENABLE
1785583363.5356152,-2.2478446631570907,-0.3846153846153868,-0.18901098901098834,36,33,ENABLE
1785583363.5406182,-2.2486076142519256,-0.2307692307692335,-0.18901098901098834,36,33,ENABLE
1785583363.5456202,-2.248226138704508,-0.0549450549450583,-0.17142857142857082,36,33,ENABLE
1785583363.5506358,-2.2474631876096733,0.0989010989011021,-0.14505494505494454,36,33,ENABLE
1785583363.5556395,-2.2455558098725863,0.2307692307692335,-0.12747252747252702,36,33,ENABLE
1785583363.560642,-2.242504005493247,0.4945054945054963,-0.07472527472527446,36,33,ENABLE
1785583363.5656154,-2.238689250019073,0.6703296703296715,-0.03956043956043942,36,33,ENABLE
1785583363.5706186,-2.234111543450064,0.8461538461538467,-0.00439560439560438,36,33,ENABLE
1785583363.5756383,-2.228389410238803,1.021978021978022,0.0219780219780219,36,33,ENABLE
1785583363.5806417,-2.2215228503852895,1.241758241758241,0.05714285714285694,36,33,ENABLE
1785583363.5858178,-2.213511863889524,1.439560439560438,0.09230769230769198,36,33,ENABLE
1785583363.590807,-2.2047379262989235,1.681318681318679,0.1098901098901095,36,33,ENABLE
1785583363.5956419,-2.194819562066071,1.879120879120876,0.13626373626373578,36,33,ENABLE
1785583363.6006365,-2.183756771190966,2.142857142857146,0.16263736263736206,36,33,ENABLE
1785583363.6056335,-2.1711680781261915,2.362637362637365,0.18021978021977958,36,33,ENABLE
1785583363.610592,-2.157816433966582,2.53846153846154,0.20659340659340586,36,33,ENABLE
1785583363.6156342,-2.1429388876173032,2.8461538461538467,0.21538461538461462,36,33,ENABLE
1785583363.6206226,-2.1265354390783546,3.0879120879120876,0.22417582417582338,36,33,ENABLE
1785583363.6256182,-2.108987563897154,3.3736263736263723,0.20659340659340586,36,33,ENABLE
1785583363.6306186,-2.0899137865262833,3.659340659340657,0.1978021978021971,36,33,ENABLE
1785583363.6356564,-2.0696955825131607,3.879120879120876,0.18901098901098834,36,33,ENABLE
1785583363.6406183,-2.048714427405203,4.098901098901102,0.18901098901098834,36,33,ENABLE
1785583363.6456144,-2.0258258945601586,4.362637362637365,0.17142857142857082,36,33,ENABLE
1785583363.650642,-2.001792935072862,4.6703296703296715,0.1538461538461533,36,33,ENABLE
1785583363.6556349,-1.9766155489433128,4.8901098901098905,0.13626373626373578,36,33,ENABLE
1785583363.660662,-1.9502937361715116,5.1098901098901095,0.13626373626373578,36,33,ENABLE
1785583363.665641,-1.923590447852293,5.3296703296703285,0.11868131868131826,36,33,ENABLE
1785583363.6706614,-1.8945983062485698,5.571428571428569,0.09230769230769198,36,33,ENABLE
1785583363.6756206,-1.8656061646448467,5.747252747252745,0.10109890109890074,36,33,ENABLE
1785583363.6806576,-1.835088120851454,5.92307692307692,0.10109890109890074,36,33,ENABLE
1785583363.685624,-1.8041886015106439,6.142857142857146,0.08351648351648322,36,33,ENABLE
1785583363.6906135,-1.7721446555275815,6.296703296703299,0.09230769230769198,36,33,ENABLE
1785583363.6955914,-1.7393377584496825,6.53846153846154,0.08351648351648322,36,33,ENABLE
1785583363.7006369,-1.7050049591821157,6.6703296703296715,0.08351648351648322,36,33,ENABLE
1785583363.7058167,-1.6691462577248792,6.8901098901098905,0.09230769230769198,36,33,ENABLE
1785583363.7109065,-1.632524605172808,7.065934065934066,0.09230769230769198,36,33,ENABLE
1785583363.7156422,-1.5974288548104063,7.263736263736263,0.05714285714285694,36,33,ENABLE
1785583363.7206454,-1.5596627756160828,7.395604395604394,0.08351648351648322,36,33,ENABLE
1785583363.7258246,-1.5199893186846722,7.571428571428569,0.04835164835164818,36,33,ENABLE
1785583363.73064,-1.4826047150377661,7.725274725274723,0.08351648351648322,36,33,ENABLE
1785583363.735646,-1.4425497825589382,7.879120879120876,0.10109890109890074,36,33,ENABLE
1785583363.740715,-1.401350423437858,8.032967032967036,0.08351648351648322,36,33,ENABLE
1785583363.7456353,-1.3601510643167778,8.252747252747255,0.0659340659340657,36,33,ENABLE
1785583363.7506585,-1.317425803006028,8.406593406593409,0.05714285714285694,36,33,ENABLE
1785583363.755637,-1.2743190661478607,8.560439560439562,0.07472527472527446,36,33,ENABLE
1785583363.7606812,-1.2300679026474395,8.736263736263737,0.05714285714285694,36,33,ENABLE
1785583363.76566,-1.1854352635996026,8.824175824175825,0.00439560439560438,36,33,ENABLE
1785583363.770616,-1.1404211490043483,8.978021978021978,0.01318681318681314,36,33,ENABLE
1785583363.7756336,-1.0942626077668418,9.175824175824175,-0.04835164835164818,36,33,ENABLE
1785583363.780804,-1.0465781643396657,9.417582417582416,-0.05714285714285694,36,33,ENABLE
1785583363.7856588,-0.9973678187228199,9.593406593406591,-0.12747252747252702,36,33,ENABLE
1785583363.79066,-0.9481574731059741,9.769230769230766,-0.18901098901098834,36,33,ENABLE
1785583363.7958205,-0.8970397497520413,9.92307692307692,-0.2681318681318672,36,33,ENABLE
1785583363.800826,-0.8459220263981084,10.032967032967036,-0.312087912087911,36,33,ENABLE
1785583363.805688,-0.7963302052338452,10.18681318681319,-0.3736263736263723,36,33,ENABLE
1785583363.810656,-0.743686579690241,10.384615384615387,-0.4791208791208774,36,33,ENABLE
1785583363.815641,-0.6914244296940559,10.494505494505496,-0.4879120879120862,36,33,ENABLE
1785583363.8206766,-0.6387808041504535,10.53846153846154,-0.549450549450551,36,33,ENABLE
1785583363.8256586,-0.5846112764171814,10.64835164835165,-0.6197802197802211,36,33,ENABLE
1785583363.8306417,-0.5315861753261615,10.692307692307693,-0.6285714285714299,36,33,ENABLE
1785583363.8356352,-0.4781795986877242,10.670329670329672,-0.6637362637362649,36,33,ENABLE
1785583363.8406734,-0.4247730220492869,10.670329670329672,-0.6549450549450562,36,33,ENABLE
1785583363.845638,-0.37212939650568444,10.626373626373628,-0.6373626373626387,36,33,ENABLE
1785583363.8506427,-0.31910429541466456,10.604395604395606,-0.7428571428571438,36,33,ENABLE
1785583363.8556144,-0.2676050965133143,10.384615384615387,-0.953846153846154,36,33,ENABLE
1785583363.860619,-0.219539177538719,9.879120879120876,-1.2967032967032956,36,33,ENABLE
1785583363.8656359,-0.17528801403829952,9.197802197802197,-1.5340659340659357,36,33,ENABLE
1785583363.870636,-0.13561455710688897,8.362637362637365,-1.6835164835164846,36,33,ENABLE
1785583363.875637,-0.10051880674448732,7.46153846153846,-1.815384615384616,36,33,ENABLE
1785583363.8806274,-0.07000076295109459,6.53846153846154,-1.815384615384616,36,33,ENABLE
1785583363.88564,-0.04444190127412817,5.593406593406591,-1.7362637362637372,36,33,ENABLE
1785583363.890618,-0.02193484397650103,4.868131868131869,-1.6571428571428584,36,33,ENABLE
1785583363.8958168,-0.0020981155107957505,4.18681318681319,-1.595604395604397,36,33,ENABLE
1785583363.9008167,0.014686808575570254,3.659340659340657,-1.5340659340659357,36,33,ENABLE
1785583363.9056942,0.029182879377431803,3.1538461538461533,-1.4461538461538446,36,33,ENABLE
1785583363.9106622,0.041771572442206306,2.736263736263737,-1.393406593406592,36,33,ENABLE
1785583363.9156387,0.05245288776989376,2.362637362637365,-1.3406593406593394,36,33,ENABLE
1785583363.920641,0.0623712520027464,2.098901098901102,-1.323076923076922,36,33,ENABLE
1785583363.9256585,0.07114518959334681,1.8351648351648322,-1.2967032967032956,36,33,ENABLE
1785583363.9306417,0.07839322499427759,1.5934065934065913,-1.2527472527472518,36,33,ENABLE
1785583363.9356363,0.08487830930037354,1.3736263736263723,-1.2175824175824168,36,33,ENABLE
1785583363.9406164,0.09021896696421727,1.1758241758241752,-1.208791208791208,36,33,ENABLE
1785583363.9456139,0.09479667353322618,1.0,-1.173626373626373,36,33,ENABLE
1785583363.9506547,0.09861142900740028,0.8461538461538467,-1.138461538461538,36,33,ENABLE
1785583363.9556584,0.10204470893415696,0.7582417582417591,-1.1120879120879117,36,33,ENABLE
1785583363.9606187,0.10509651331349623,0.6263736263736277,-1.1120879120879117,36,33,ENABLE
1785583363.965635,0.10738536659800069,0.4945054945054963,-1.068131868131868,36,33,ENABLE
1785583363.9706385,0.10891126878767032,0.4065934065934087,-1.0329670329670328,36,33,ENABLE
1785583363.9756396,0.11005569542992255,0.2527472527472554,-1.0065934065934066,36,32,ENABLE
1785583363.9806151,0.11081864652475737,0.2087912087912116,-0.9802197802197803,36,32,ENABLE
1785583363.985618,0.11158159761959219,0.1648351648351678,-0.9626373626373628,36,32,ENABLE
1785583363.9906218,0.112344548714427,0.0989010989011021,-0.9098901098901102,36,32,ENABLE
1785583363.9956403,0.1119630731670096,-0.0329670329670364,-0.8747252747252752,36,32,ENABLE
1785583364.0007792,0.11158159761959219,-0.0769230769230802,-0.8483516483516489,36,32,ENABLE
1785583364.0056593,0.11120012207217478,-0.0769230769230802,-0.8395604395604401,36,32,ENABLE
1785583364.01066,0.11120012207217478,-0.0329670329670364,-0.8307692307692314,36,32,ENABLE
1785583364.0155916,0.11081864652475737,-0.0549450549450583,-0.8219780219780226,36,32,ENABLE
1785583364.0206597,0.11043717097733996,-0.0549450549450583,-0.8043956043956051,36,32,ENABLE
1785583364.0256546,0.11005569542992255,-0.120879120879124,-0.7780219780219788,36,32,ENABLE
1785583364.0306332,0.10891126878767032,-0.1648351648351678,-0.734065934065935,36,32,ENABLE
1785583364.0356426,0.10738536659800069,-0.2967032967032992,-0.6725274725274737,36,32,ENABLE
1785583364.0406513,0.10547798886091364,-0.340659340659343,-0.6285714285714299,36,32,ENABLE
1785583364.0456371,0.10280766002899178,-0.4505494505494525,-0.5582417582417598,36,32,ENABLE
1785583364.050634,0.10128175783932214,-0.3846153846153868,-0.5406593406593423,36,32,ENABLE
1785583364.0556617,0.09861142900740028,-0.4725274725274744,-0.4615384615384599,36,32,ENABLE
1785583364.060661,0.09670405127031323,-0.4505494505494525,-0.4439560439560424,36,32,ENABLE
1785583364.0656223,0.09365224689097396,-0.5164835164835182,-0.38241758241758106,36,32,ENABLE
1785583364.070648,0.09174486915388691,-0.4725274725274744,-0.347252747252746,36,32,ENABLE
1785583364.0756624,0.08869306477454764,-0.5384615384615401,-0.3032967032967022,36,32,ENABLE
1785583364.0806615,0.08564126039520836,-0.6043956043956058,-0.2417582417582409,36,32,ENABLE
1785583364.0856614,0.08258945601586909,-0.6483516483516496,-0.18901098901098834,36,32,ENABLE
1785583364.0906558,0.07991912718394723,-0.560439560439562,-0.16263736263736206,36,32,ENABLE
1785583364.0956814,0.07724879835202536,-0.560439560439562,-0.1098901098901095,36,32,ENABLE
1785583364.1006615,0.07419699397268609,-0.5824175824175839,-0.07472527472527446,36,32,ENABLE
1785583364.1056168,0.07152666514076422,-0.5384615384615401,-0.0659340659340657,36,32,ENABLE
1785583364.1106393,0.06847486076142495,-0.5824175824175839,0.00439560439560438,36,32,ENABLE
1785583364.1156583,0.06542305638208568,-0.6263736263736277,0.04835164835164818,36,32,ENABLE
1785583364.1206572,0.06275272755016381,-0.560439560439562,0.0659340659340657,36,32,ENABLE
1785583364.1256719,0.05931944762340713,-0.6263736263736277,0.14505494505494454,36,32,ENABLE
1785583364.130653,0.056267643244067855,-0.6483516483516496,0.16263736263736206,36,32,ENABLE
1785583364.1356194,0.05436026550698081,-0.4725274725274744,0.1538461538461533,36,32,ENABLE
1785583364.1408694,0.05245288776989376,-0.4065934065934087,0.16263736263736206,36,32,ENABLE
1785583364.1458185,0.05092698558022413,-0.3626373626373649,0.16263736263736206,36,32,ENABLE
1785583364.150664,0.04863813229571967,-0.4065934065934087,0.18901098901098834,36,32,ENABLE
1785583364.1556437,0.047112230106050035,-0.3626373626373649,0.18901098901098834,36,32,ENABLE
1785583364.1606555,0.04520485236896299,-0.3846153846153868,0.20659340659340586,36,32,ENABLE
1785583364.1656632,0.04406042572671076,-0.2747252747252773,0.1978021978021971,36,32,ENABLE
1785583364.1706614,0.04329747463187594,-0.2307692307692335,0.1978021978021971,36,32,ENABLE
1785583364.17566,0.042153047989623715,-0.2087912087912116,0.20659340659340586,36,32,ENABLE
1785583364.1806786,0.04024567025253667,-0.3186813186813211,0.2417582417582409,36,32,ENABLE
1785583364.1856375,0.03948271915770185,-0.2307692307692335,0.21538461538461462,36,32,ENABLE
1785583364.190656,0.03871976806286703,-0.2307692307692335,0.23296703296703214,36,32,ENABLE
1785583364.1956139,0.037575341420614805,-0.2087912087912116,0.2593406593406584,36,32,ENABLE
1785583364.2006416,0.03643091477836258,-0.2527472527472554,0.2681318681318672,36,32,ENABLE
1785583364.2056386,0.03566796368352776,-0.2087912087912116,0.25054945054944966,36,32,ENABLE
1785583364.210657,0.03566796368352776,-0.0549450549450583,0.23296703296703214,36,32,ENABLE
1785583364.2156441,0.03566796368352776,0.010989010989014503,0.1978021978021971,36,32,ENABLE
1785583364.2206542,0.03604943923094517,0.010989010989014503,0.18021978021977958,36,32,ENABLE
1785583364.2256563,0.03566796368352776,-0.0549450549450583,0.17142857142857082,36,32,ENABLE
1785583364.2306485,0.03604943923094517,0.0329670329670364,0.16263736263736206,36,32,ENABLE
1785583364.235664,0.03604943923094517,0.0329670329670364,0.1538461538461533,36,32,ENABLE
1785583364.2406554,0.03643091477836258,0.010989010989014503,0.13626373626373578,36,32,ENABLE
1785583364.2456455,0.03643091477836258,0.010989010989014503,0.14505494505494454,36,32,ENABLE
1785583364.2506607,0.03643091477836258,-0.0329670329670364,0.16263736263736206,36,32,ENABLE
1785583364.2556498,0.03604943923094517,-0.0329670329670364,0.1538461538461533,36,32,ENABLE
1785583364.2606502,0.03643091477836258,0.0329670329670364,0.14505494505494454,36,32,ENABLE
1785583364.265685,0.03643091477836258,-0.010989010989014503,0.1538461538461533,36,32,ENABLE
1785583364.2706518,0.03643091477836258,-0.010989010989014503,0.16263736263736206,36,32,ENABLE
1785583364.2756288,0.03643091477836258,-0.010989010989014503,0.17142857142857082,36,32,ENABLE
1785583364.2806218,0.03643091477836258,0.010989010989014503,0.1538461538461533,36,32,ENABLE
1785583364.28562,0.03643091477836258,-0.010989010989014503,0.1538461538461533,36,32,ENABLE
1785583364.2906468,0.03643091477836258,0.010989010989014503,0.1538461538461533,36,32,ENABLE
1785583364.2956598,0.03681239032577999,0.010989010989014503,0.13626373626373578,36,32,ENABLE
1785583364.3006477,0.03681239032577999,-0.010989010989014503,0.14505494505494454,36,32,ENABLE
1785583364.3056324,0.03681239032577999,-0.010989010989014503,0.13626373626373578,36,32,ENABLE
1785583364.310646,0.037193865873197396,0.010989010989014503,0.14505494505494454,36,32,ENABLE
1785583364.3156524,0.03681239032577999,-0.010989010989014503,0.14505494505494454,36,32,ENABLE
1785583364.3207657,0.037193865873197396,-0.010989010989014503,0.1538461538461533,36,32,ENABLE
1785583364.3257866,0.037193865873197396,-0.010989010989014503,0.14505494505494454,36,32,ENABLE
1785583364.3295712,0.037193865873197396,-0.010989010989014503,0.14505494505494454,36,32,ENABLE
1785583364.3345556,0.037193865873197396,0.010989010989014503,0.14505494505494454,36,32,ENABLE
1785583364.3408115,0.037193865873197396,-0.010989010989014503,0.13626373626373578,36,32,ENABLE
1785583364.345825,0.037956816968032214,0.0769230769230802,0.09230769230769198,36,32,ENABLE
1785583364.3509066,0.03910124361028444,0.120879120879124,0.09230769230769198,36,32,ENABLE
1785583364.3558826,0.03986419470511926,0.1648351648351678,0.03956043956043942,36,32,ENABLE
1785583364.3606606,0.0413900968947889,0.2307692307692335,0.00439560439560438,36,32,ENABLE
1785583364.3656404,0.042534523537041125,0.2307692307692335,-0.0219780219780219,36,32,ENABLE
1785583364.3706589,0.04329747463187594,0.2087912087912116,-0.04835164835164818,36,32,ENABLE
1785583364.375655,0.04482337682154558,0.2747252747252773,-0.10109890109890074,36,32,ENABLE
1785583364.3806586,0.046730754558632626,0.2967032967032992,-0.10109890109890074,36,32,ENABLE
1785583364.3856618,0.04787518120088485,0.2307692307692335,-0.1098901098901095,36,32,ENABLE
1785583364.3906572,0.04901960784313708,0.2307692307692335,-0.11868131868131826,36,32,ENABLE
1785583364.395661,0.0497825589379719,0.2087912087912116,-0.11868131868131826,36,32,ENABLE
1785583364.4006605,0.05092698558022413,0.1868131868131897,-0.1098901098901095,36,32,ENABLE
1785583364.4056575,0.051308461127641536,0.0769230769230802,-0.1098901098901095,36,32,ENABLE
1785583364.410625,0.051689936675058945,0.120879120879124,-0.1098901098901095,36,32,ENABLE
1785583364.4156318,0.05245288776989376,0.1428571428571459,-0.11868131868131826,36,32,ENABLE
1785583364.4206748,0.05359731441214599,0.1648351648351678,-0.13626373626373578,36,32,ENABLE
1785583364.4256642,0.0539787899595634,0.1428571428571459,-0.14505494505494454,36,32,ENABLE
1785583364.4306576,0.05474174105439822,0.120879120879124,-0.1538461538461533,36,32,ENABLE
1785583364.4356966,0.05474174105439822,0.0329670329670364,-0.11868131868131826,36,32,ENABLE
1785583364.4406545,0.05436026550698081,-0.0549450549450583,-0.10109890109890074,36,32,ENABLE
1785583364.4456677,0.05436026550698081,-0.0329670329670364,-0.08351648351648322,36,32,ENABLE
1785583364.4506578,0.05436026550698081,-0.0329670329670364,-0.07472527472527446,36,32,ENABLE
1785583364.4556592,0.05436026550698081,-0.0329670329670364,-0.07472527472527446,36,32,ENABLE
1785583364.460639,0.05436026550698081,-0.0329670329670364,-0.0659340659340657,36,32,ENABLE
1785583364.4656603,0.05436026550698081,-0.010989010989014503,-0.07472527472527446,36,32,ENABLE
1785583364.4706385,0.0539787899595634,-0.0329670329670364,-0.0659340659340657,36,32,ENABLE
1785583364.4756377,0.0539787899595634,-0.0329670329670364,-0.05714285714285694,36,32,ENABLE
1785583364.480656,0.0539787899595634,-0.010989010989014503,-0.05714285714285694,36,32,ENABLE
1785583364.4856484,0.05359731441214599,-0.010989010989014503,-0.0659340659340657,36,32,ENABLE
1785583364.4906385,0.0539787899595634,0.010989010989014503,-0.0659340659340657,36,32,ENABLE
1785583364.4956388,0.0539787899595634,0.010989010989014503,-0.07472527472527446,36,32,ENABLE
1785583364.5008252,0.05359731441214599,-0.0329670329670364,-0.07472527472527446,36,32,ENABLE
1785583364.5058749,0.05283436331731117,-0.120879120879124,-0.2681318681318672,36,32,ENABLE
1785583364.510705,0.0497825589379719,-0.4285714285714306,-0.6373626373626387,36,32,ENABLE
1785583364.5156176,0.04367895017929335,-0.9780219780219781,-1.0329670329670328,36,32,ENABLE
1785583364.5206614,0.032616159304188486,-1.7912087912087884,-1.3054945054945044,36,32,ENABLE
1785583364.525654,0.0165941863126573,-2.7142857142857153,-1.4813186813186796,36,32,ENABLE
1785583364.5306127,-0.0040054932478827965,-3.659340659340657,-1.525274725274727,36,32,ENABLE
1785583364.535657,-0.02994583047226662,-4.604395604395606,-1.5076923076923094,36,32,ENABLE
1785583364.5406835,-0.05931944762340713,-5.483516483516482,-1.4725274725274708,36,32,ENABLE
1785583364.5456357,-0.09098191805905209,-6.098901098901102,-1.428571428571427,36,32,ENABLE
1785583364.5506573,-0.12645914396887115,-6.714285714285715,-1.3670329670329657,36,32,ENABLE
1785583364.5556257,-0.16308079652094243,-7.175824175824175,-1.3670329670329657,36,32,ENABLE
1785583364.560627,-0.20160982681010076,-7.5494505494505475,-1.3142857142857132,36,32,ENABLE
1785583364.5656536,-0.24204623483634613,-7.879120879120876,-1.3142857142857132,36,32,ENABLE
1785583364.5706341,-0.2832455939574281,-8.142857142857146,-1.3670329670329657,36,32,ENABLE
1785583364.5756521,-0.32597085526817793,-8.384615384615387,-1.4021978021978008,36,32,ENABLE
1785583364.5806403,-0.36831464103151035,-8.516483516483518,-1.4021978021978008,36,32,ENABLE
1785583364.5856283,-0.4121843289845124,-8.670329670329672,-1.4109890109890095,36,32,ENABLE
1785583364.5906413,-0.4571984435797667,-8.846153846153847,-1.4901098901098884,36,32,ENABLE
1785583364.5956335,-0.5014496070801862,-8.956043956043956,-1.5076923076923094,36,32,ENABLE
1785583364.6006176,-0.5464637216754404,-8.978021978021978,-1.560439560439562,36,32,ENABLE
1785583364.6056306,-0.5914778362706947,-8.978021978021978,-1.630769230769232,36,32,ENABLE
1785583364.6106555,-0.6361104753185316,-8.934065934065934,-1.6571428571428584,36,32,ENABLE
1785583364.6156087,-0.6803616388189511,-8.934065934065934,-1.7714285714285722,36,33,ENABLE
1785583364.6206243,-0.7249942778667879,-8.912087912087912,-1.8329670329670336,36,33,ENABLE
1785583364.625641,-0.7696269169146266,-8.89010989010989,-1.8417582417582423,36,33,ENABLE
1785583364.630614,-0.8134966048676286,-8.89010989010989,-1.9208791208791212,36,33,ENABLE
1785583364.635634,-0.8585107194628829,-8.956043956043956,-1.9032967032967036,36,33,ENABLE
1785583364.640586,-0.902380407415885,-8.934065934065934,-1.9208791208791212,36,33,ENABLE
1785583364.6456075,-0.9470130464637219,-8.912087912087912,-1.9472527472527474,36,33,ENABLE
1785583364.6506495,-0.992790112153811,-8.956043956043956,-1.8769230769230774,36,33,ENABLE
1785583364.655584,-1.036659800106813,-8.978021978021978,-1.8945054945054949,36,33,ENABLE
1785583364.6606624,-1.0816739147020673,-8.956043956043956,-1.8769230769230774,36,33,ENABLE
1785583364.6658754,-1.1282139314869912,-8.912087912087912,-1.8065934065934073,36,33,ENABLE
1785583364.6708806,-1.1720836194399933,-8.846153846153847,-1.8065934065934073,36,33,ENABLE
1785583364.675653,-1.2140459296559083,-8.802197802197803,-1.780219780219781,36,33,ENABLE
1785583364.6805975,-1.2571526665140773,-8.714285714285715,-1.709890109890111,36,33,ENABLE
1785583364.6856132,-1.3002594033722445,-8.670329670329672,-1.6395604395604408,36,33,ENABLE
1785583364.6906648,-1.3437476157778292,-8.604395604395606,-1.5780219780219795,36,33,ENABLE
1785583364.6958177,-1.3876173037308313,-8.604395604395606,-1.5164835164835182,36,33,ENABLE
1785583364.7008543,-1.4307240405889985,-8.582417582417584,-1.463736263736262,36,33,ENABLE
1785583364.7056277,-1.4711604486152439,-8.494505494505496,-1.3670329670329657,36,33,ENABLE
1785583364.7105896,-1.5127412832837415,-8.472527472527474,-1.2351648351648343,36,33,ENABLE
1785583364.7156088,-1.5547035934996565,-8.362637362637365,-1.1560439560439555,36,33,ENABLE
1785583364.7206104,-1.5951400015259019,-8.18681318681319,-1.0769230769230766,36,33,ENABLE
1785583364.725589,-1.6348134584573124,-8.07692307692308,-0.9802197802197803,36,33,ENABLE
1785583364.7306144,-1.674486915388723,-7.9890109890109855,-0.8659340659340664,36,33,ENABLE
1785583364.735589,-1.7130159456778813,-7.81318681318681,-0.7252747252747263,36,33,ENABLE
1785583364.7405941,-1.751163500419624,-7.681318681318679,-0.6373626373626387,36,33,ENABLE
1785583364.7455893,-1.78854810406653,-7.5494505494505475,-0.5054945054945073,36,33,ENABLE
1785583364.750613,-1.8251697566186014,-7.373626373626372,-0.4175824175824161,36,33,ENABLE
1785583364.7556188,-1.8610284580758378,-7.263736263736263,-0.2681318681318672,36,33,ENABLE
1785583364.7606256,-1.895742732890822,-7.065934065934066,-0.18021978021977958,36,33,ENABLE
1785583364.7656088,-1.9285496299687193,-6.780219780219781,-0.1098901098901095,36,33,ENABLE
1785583364.7707837,-1.9613565270466164,-6.516483516483518,-0.03076923076923066,36,33,ENABLE
1785583364.7756147,-1.9903486686503395,-6.164835164835168,0.00439560439560438,36,33,ENABLE
1785583364.7806509,-2.01972228580148,-5.901098901098898,0.0659340659340657,36,33,ENABLE
1785583364.7855945,-2.0464255741206987,-5.593406593406591,0.1098901098901095,36,33,ENABLE
1785583364.790593,-2.0716029602502477,-5.285714285714285,0.13626373626373578,36,33,ENABLE
1785583364.7955847,-2.0956359197375445,-4.956043956043956,0.17142857142857082,36,33,ENABLE
1785583364.8006084,-2.117761501487754,-4.582417582417584,0.18021978021977958,36,33,ENABLE
1785583364.8056157,-2.137979705500877,-4.2307692307692335,0.18021978021977958,36,33,ENABLE
1785583364.8105912,-2.1562905317769125,-3.879120879120876,0.1978021978021971,36,33,ENABLE
1785583364.8155844,-2.1738384069581134,-3.659340659340657,0.23296703296703214,36,33,ENABLE
1785583364.8206546,-2.1898603799496446,-3.3076923076923066,0.23296703296703214,36,33,ENABLE
1785583364.825632,-2.2039749752040887,-3.021978021978022,0.2417582417582409,36,33,ENABLE
1785583364.8306077,-2.216182192721446,-2.6703296703296715,0.2417582417582409,36,33,ENABLE
1785583364.8355932,-2.226482032501716,-2.318681318681321,0.21538461538461462,36,33,ENABLE
1785583364.8406265,-2.2356374456397337,-1.9670329670329636,0.21538461538461462,36,33,ENABLE
1785583364.8458183,-2.243266956588082,-1.681318681318679,0.20659340659340586,36,33,ENABLE
1785583364.8508582,-2.248989089799343,-1.3076923076923066,0.17142857142857082,36,33,ENABLE
1785583364.8556216,-2.252803845273519,-0.9780219780219781,0.14505494505494454,36,33,ENABLE
1785583364.8605902,-2.2550926985580233,-0.6483516483516496,0.12747252747252702,36,33,ENABLE
1785583364.8656216,-2.2550926985580233,-0.2527472527472554,0.07472527472527446,36,33,ENABLE
1785583364.8705862,-2.253948271915771,0.0989010989011021,0.03076923076923066,36,33,ENABLE
1785583364.8755853,-2.250896467536432,0.4065934065934087,0.01318681318681314,36,33,ENABLE
1785583364.880594,-2.2467002365148385,0.6923076923076934,-0.01318681318681314,36,33,ENABLE
1785583364.8855855,-2.241741054398412,0.9120879120879124,-0.0219780219780219,36,33,ENABLE
1785583364.890623,-2.236018921187151,1.0,0.0219780219780219,36,33,ENABLE
1785583364.8958066,-2.2291523613336377,1.219780219780219,0.0659340659340657,36,33,ENABLE
1785583364.9008098,-2.221141374837872,1.46153846153846,0.09230769230769198,36,33,ENABLE
1785583364.9056232,-2.2123674372472717,1.7032967032967008,0.1098901098901095,36,33,ENABLE
1785583364.9105906,-2.201304646372167,2.0109890109890145,0.12747252747252702,36,33,ENABLE
1785583364.9155865,-2.1898603799496446,2.2307692307692335,0.16263736263736206,36,33,ENABLE
1785583364.9205868,-2.17727168688487,2.4065934065934087,0.20659340659340586,36,33,ENABLE
1785583364.92581,-2.162394140535591,2.7142857142857153,0.23296703296703214,36,33,ENABLE
1785583364.930823,-2.1467536430914773,2.9340659340659343,0.25054945054944966,36,33,ENABLE
1785583364.9356515,-2.1303501945525287,3.263736263736263,0.25054945054944966,36,33,ENABLE
1785583364.94061,-2.112039368276493,3.5494505494505475,0.27692307692307594,36,33,ENABLE
1785583364.9455893,-2.092584115358205,3.7692307692307665,0.2857142857142847,36,33,ENABLE
1785583364.9506502,-2.0712214847028303,4.054945054945058,0.29450549450549346,36,33,ENABLE
1785583364.9555912,-2.0490959029526206,4.362637362637365,0.27692307692307594,36,33,ENABLE
1785583364.9605951,-2.0246814679179064,4.692307692307693,0.2681318681318672,36,33,ENABLE
1785583364.9657977,-1.9979781795986877,4.978021978021978,0.2593406593406584,36,33,ENABLE
1785583364.9708235,-1.9708934157320517,5.219780219780219,0.25054945054944966,36,33,ENABLE
1785583364.9756494,-1.944190127412833,5.395604395604394,0.25054945054944966,36,33,ENABLE
1785583364.980592,-1.9148165102616925,5.747252747252745,0.22417582417582338,36,33,ENABLE
1785583364.9855876,-1.8839169909208824,6.054945054945058,0.20659340659340586,36,33,ENABLE
1785583364.9906192,-1.85187304493782,6.318681318681321,0.1978021978021971,36,33,ENABLE
1785583364.9958014,-1.8167772945754184,6.560439560439562,0.18901098901098834,36,33,ENABLE
1785583365.000863,-1.7820630197604341,6.780219780219781,0.16263736263736206,36,33,ENABLE
1785583365.005621,-1.7473487449454481,7.087912087912088,0.1098901098901095,36,33,ENABLE
1785583365.0105896,-1.7107270923933768,7.307692307692307,0.1098901098901095,36,33,ENABLE
1785583365.015651,-1.671816586556801,7.483516483516482,0.08351648351648322,36,33,ENABLE
1785583365.0205936,-1.6332875562676428,7.703296703296701,0.1098901098901095,36,33,ENABLE
1785583365.025589,-1.5932326237888148,7.92307692307692,0.08351648351648322,36,33,ENABLE
1785583365.0305953,-1.5520332646677346,8.120879120879124,0.03956043956043942,36,33,ENABLE
1785583365.0357747,-1.50854505226215,8.274725274725277,0.03956043956043942,36,33,ENABLE
1785583365.0408144,-1.4654383154039827,8.406593406593409,0.05714285714285694,36,33,ENABLE
1785583365.0456188,-1.4242389562829025,8.560439560439562,0.10109890109890074,36,33,ENABLE
1785583365.0506198,-1.379987792782483,8.714285714285715,0.1098901098901095,36,33,ENABLE
1785583365.0555854,-1.3353551537346462,8.912087912087912,0.07472527472527446,36,33,ENABLE
1785583365.0606058,-1.2891966124971397,9.087912087912088,0.10109890109890074,36,33,ENABLE
1785583365.0655859,-1.2422751201647966,9.285714285714285,0.08351648351648322,36,33,ENABLE
1785583365.0705912,-1.1945906767376204,9.46153846153846,0.05714285714285694,36,33,ENABLE
1785583365.0755897,-1.145761806668192,9.637362637362635,0.05714285714285694,36,33,ENABLE
1785583365.080661,-1.0946440833142592,9.92307692307692,0.01318681318681314,36,33,ENABLE
1785583365.0857756,-1.0420004577706568,10.142857142857146,-0.04835164835164818,36,33,ENABLE
1785583365.09081,-0.9893568322270543,10.362637362637365,-0.11868131868131826,36,33,ENABLE
1785583365.0956984,-0.9374761577782866,10.53846153846154,-0.20659340659340586,36,33,ENABLE
1785583365.1005962,-0.8848325322346842,10.670329670329672,-0.2681318681318672,36,33,ENABLE
1785583365.1055853,-0.8302815289539947,10.846153846153847,-0.3296703296703285,36,33,ENABLE
1785583365.110587,-0.7742046234836355,11.087912087912088,-0.3912087912087898,36,33,ENABLE
1785583365.1157653,-0.7158388647287701,11.197802197802197,-0.45274725274725114,36,33,ENABLE
1785583365.1210296,-0.6563286793316543,11.285714285714285,-0.5318681318681335,36,33,ENABLE
1785583365.12574,-0.6021591515983822,11.35164835164835,-0.5846153846153861,36,33,ENABLE
1785583365.1305866,-0.5472266727702753,11.35164835164835,-0.5934065934065949,36,33,ENABLE
1785583365.1356096,-0.48924238956282906,11.439560439560438,-0.6197802197802211,36,33,ENABLE
1785583365.1406515,-0.43125810635538286,11.439560439560438,-0.6109890109890124,36,33,ENABLE
1785583365.145825,-0.37289234760051926,11.417582417582416,-0.6285714285714299,36,33,ENABLE
1785583365.1508107,-0.3160524910353253,11.395604395604394,-0.8659340659340664,36,33,ENABLE
1785583365.1556945,-0.262645914396888,11.043956043956044,-1.2263736263736256,36,33,ENABLE
1785583365.1606467,-0.21267261768520562,10.406593406593409,-1.6395604395604408,36,33,ENABLE
1785583365.1656225,-0.16765850308995134,9.57142857142857,-1.8417582417582423,36,33,ENABLE
1785583365.1705837,-0.12722209506370596,8.604395604395606,-1.9736263736263737,36,33,ENABLE
1785583365.1755836,-0.09174486915388691,7.593406593406591,-2.0527472527472526,36,33,ENABLE
1785583365.180582,-0.060845349813076766,6.626373626373628,-2.0263736263736263,36,33,ENABLE
1785583365.185591,-0.03452353704127553,5.725274725274723,-1.9736263736263737,36,33,ENABLE
1785583365.1905835,-0.010872053101396162,5.0,-1.8857142857142861,36,33,ENABLE
1785583365.1955795,0.008964675364309116,4.340659340659343,-1.8065934065934073,36,33,ENABLE
1785583365.2006123,0.02651255054550994,3.7912087912087884,-1.745054945054946,36,33,ENABLE
1785583365.2057254,0.042153047989623715,3.3076923076923066,-1.6835164835164846,36,33,ENABLE
1785583365.2108257,0.055886167696650446,2.8901098901098905,-1.6571428571428584,36,33,ENABLE
1785583365.2158546,0.06771190966659013,2.516483516483518,-1.6043956043956058,36,33,ENABLE
1785583365.2205975,0.07724879835202536,2.164835164835168,-1.560439560439562,36,33,ENABLE
1785583365.2256217,0.08602273594262577,1.901098901098898,-1.5076923076923094,36,33,ENABLE
1785583365.2305915,0.09327077134355655,1.6153846153846132,-1.463736263736262,36,33,ENABLE
1785583365.2355845,0.0997558556496525,1.3736263736263723,-1.428571428571427,36,33,ENABLE
1785583365.240582,0.10509651331349623,1.1318681318681314,-1.393406593406592,36,33,ENABLE
1785583365.2456338,0.10929274433508773,0.9560439560439562,-1.3406593406593394,36,33,ENABLE
1785583365.2506218,0.11272602426184442,0.8021978021978029,-1.3406593406593394,36,33,ENABLE
1785583365.2556162,0.11577782864118369,0.6263736263736277,-1.2791208791208781,36,33,ENABLE
1785583365.2608173,0.11844815747310555,0.5824175824175839,-1.2263736263736256,36,33,ENABLE
1785583365.265807,0.11997405966277519,0.3846153846153868,-1.2175824175824168,36,33,ENABLE
1785583365.2706532,0.12073701075761001,0.2307692307692335,-1.1208791208791204,36,33,ENABLE
1785583365.2756078,0.12073701075761001,0.0549450549450583,-1.0417582417582416,36,33,ENABLE
1785583365.2805882,0.1203555352101926,-0.0549450549450583,-0.989010989010989,36,33,ENABLE
1785583365.2856169,0.11959258411535778,-0.0769230769230802,-0.9626373626373628,36,33,ENABLE
1785583365.2908106,0.11959258411535778,-0.0769230769230802,-0.9362637362637365,36,33,ENABLE
1785583365.2958162,0.11921110856794037,-0.0329670329670364,-0.9362637362637365,36,33,ENABLE
1785583365.3006194,0.11921110856794037,-0.0549450549450583,-0.9362637362637365,36,33,ENABLE
1785583365.3055859,0.11921110856794037,-0.0549450549450583,-0.9362637362637365,36,33,ENABLE
1785583365.3106194,0.11882963302052296,-0.0769230769230802,-0.9010989010989015,36,33,ENABLE
1785583365.3155978,0.11806668192568814,-0.120879120879124,-0.8835164835164839,36,33,ENABLE
1785583365.3205953,0.11692225528343592,-0.2087912087912116,-0.8043956043956051,36,33,ENABLE
1785583365.3256426,0.11463340199893146,-0.3626373626373649,-0.7604395604395613,36,33,ENABLE
1785583365.3308697,0.112344548714427,-0.4285714285714306,-0.6813186813186825,36,33,ENABLE
1785583365.3358443,0.11005569542992255,-0.4285714285714306,-0.6637362637362649,36,33,ENABLE
1785583365.3406076,0.1077668421454181,-0.4505494505494525,-0.5934065934065949,36,33,ENABLE
1785583365.3455956,0.10509651331349623,-0.560439560439562,-0.549450549450551,36,33,ENABLE
1785583365.350625,0.10242618448157437,-0.560439560439562,-0.47032967032966866,36,33,ENABLE
1785583365.3555927,0.0993743801022351,-0.6043956043956058,-0.42637362637362486,36,33,ENABLE
1785583365.3606133,0.09632257572289582,-0.6043956043956058,-0.36483516483516354,36,33,ENABLE
1785583365.365609,0.09288929579613914,-0.6703296703296715,-0.312087912087911,36,33,ENABLE
1785583365.3708951,0.08907454032196505,-0.6923076923076934,-0.2593406593406584,36,33,ENABLE
1785583365.3758752,0.08602273594262577,-0.7362637362637372,-0.18901098901098834,36,33,ENABLE
1785583365.380626,0.08258945601586909,-0.6703296703296715,-0.1538461538461533,36,33,ENABLE
1785583365.385609,0.07953765163652982,-0.6703296703296715,-0.1098901098901095,36,33,ENABLE
1785583365.3905969,0.07648584725719054,-0.6483516483516496,-0.05714285714285694,36,33,ENABLE
1785583365.3956516,0.07305256733043386,-0.6703296703296715,-0.03076923076923066,36,33,ENABLE
1785583365.4007788,0.06961928740367718,-0.6703296703296715,0.05714285714285694,36,33,ENABLE
1785583365.4058137,0.06504158083466827,-0.8461538461538467,0.13626373626373578,36,33,ENABLE
1785583365.4106107,0.061226825360494175,-0.8021978021978029,0.18021978021977958,36,33,ENABLE
1785583365.4156225,0.05741206988632008,-0.780219780219781,0.22417582417582338,36,33,ENABLE
1785583365.4205906,0.0539787899595634,-0.7582417582417591,0.2681318681318672,36,33,ENABLE
1785583365.4256175,0.05054551003280672,-0.6703296703296715,0.2857142857142847,36,33,ENABLE
1785583365.4308162,0.04787518120088485,-0.6043956043956058,0.29450549450549346,36,33,ENABLE
1785583365.4358835,0.0455863279163804,-0.5164835164835182,0.32087912087911974,36,33,ENABLE
1785583365.440648,0.04367895017929335,-0.4285714285714306,0.29450549450549346,36,33,ENABLE
1785583365.4456124,0.042153047989623715,-0.3626373626373649,0.2857142857142847,36,33,ENABLE
1785583365.4506137,0.04024567025253667,-0.3846153846153868,0.3032967032967022,36,33,ENABLE
1785583365.4556174,0.03833829251544962,-0.3626373626373649,0.32087912087911974,36,33,ENABLE
1785583365.460608,0.03643091477836258,-0.4285714285714306,0.347252747252746,36,33,ENABLE
1785583365.46561,0.03452353704127553,-0.3626373626373649,0.3560439560439548,36,33,ENABLE
1785583365.4708292,0.032997634851605895,-0.3626373626373649,0.38241758241758106,36,33,ENABLE
1785583365.4758065,0.03147173266193626,-0.340659340659343,0.38241758241758106,36,33,ENABLE
1785583365.480652,0.02994583047226662,-0.3186813186813211,0.3912087912087898,36,33,ENABLE
1785583365.485599,0.028419928282596985,-0.2967032967032992,0.3999999999999986,36,33,ENABLE
1785583365.4905882,0.027275501640344757,-0.2527472527472554,0.3999999999999986,36,33,ENABLE
1785583365.4956284,0.02651255054550994,-0.1868131868131897,0.3912087912087898,36,33,ENABLE
1785583365.5009036,0.02574959945067512,-0.2087912087912116,0.3999999999999986,36,33,ENABLE
1785583365.5058243,0.024986648355840302,-0.2087912087912116,0.40879120879120734,36,33,ENABLE
1785583365.5106122,0.024223697261005483,-0.1428571428571459,0.3999999999999986,36,33,ENABLE
1785583365.515599,0.024223697261005483,-0.0549450549450583,0.36483516483516354,36,33,ENABLE
1785583365.5205948,0.024605172808422893,0.010989010989014503,0.33846153846153726,36,33,ENABLE
1785583365.5256329,0.024605172808422893,-0.010989010989014503,0.33846153846153726,36,33,ENABLE
1785583365.530613,0.024605172808422893,-0.0329670329670364,0.3296703296703285,36,33,ENABLE
1785583365.535599,0.024223697261005483,-0.0329670329670364,0.3296703296703285,36,33,ENABLE
1785583365.5406232,0.024605172808422893,-0.010989010989014503,0.32087912087911974,36,33,ENABLE
1785583365.5455966,0.024605172808422893,-0.010989010989014503,0.32087912087911974,36,33,ENABLE
1785583365.5508018,0.024605172808422893,-0.0329670329670364,0.3296703296703285,36,33,ENABLE
1785583365.5558157,0.024223697261005483,-0.0329670329670364,0.32087912087911974,36,33,ENABLE
1785583365.5606549,0.024605172808422893,0.010989010989014503,0.32087912087911974,36,33,ENABLE
1785583365.5656574,0.024605172808422893,-0.0329670329670364,0.3296703296703285,36,33,ENABLE
1785583365.5705922,0.024605172808422893,0.010989010989014503,0.32087912087911974,36,33,ENABLE
1785583365.5756016,0.024605172808422893,0.010989010989014503,0.312087912087911,36,33,ENABLE
1785583365.5807724,0.024986648355840302,0.0329670329670364,0.3032967032967022,36,33,ENABLE
1785583365.5858228,0.024986648355840302,0.010989010989014503,0.3032967032967022,36,33,ENABLE
1785583365.590705,0.024986648355840302,-0.010989010989014503,0.3032967032967022,36,33,ENABLE
1785583365.59559,0.024986648355840302,0.010989010989014503,0.29450549450549346,36,33,ENABLE
1785583365.6005955,0.02536812390325771,0.010989010989014503,0.29450549450549346,36,33,ENABLE
1785583365.6055918,0.02536812390325771,0.010989010989014503,0.3032967032967022,36,33,ENABLE
1785583365.6108065,0.02536812390325771,-0.010989010989014503,0.3032967032967022,36,33,ENABLE
1785583365.61582,0.02536812390325771,-0.010989010989014503,0.29450549450549346,36,33,ENABLE
1785583365.620673,0.02536812390325771,0.010989010989014503,0.3032967032967022,36,33,ENABLE
1785583365.6256251,0.02574959945067512,0.010989010989014503,0.3032967032967022,36,33,ENABLE
1785583365.6306067,0.02574959945067512,0.010989010989014503,0.29450549450549346,36,33,ENABLE
1785583365.6355925,0.02613107499809253,0.0549450549450583,0.2681318681318672,36,33,ENABLE
1785583365.6405885,0.027656977187762166,0.2087912087912116,0.20659340659340586,36,33,ENABLE
1785583365.6455812,0.029182879377431803,0.3186813186813211,0.1538461538461533,36,33,ENABLE
1785583365.6507814,0.03070878156710144,0.2307692307692335,0.14505494505494454,36,33,ENABLE
1785583365.6558213,0.03147173266193626,0.2527472527472554,0.11868131868131826,36,33,ENABLE
1785583365.6607106,0.032997634851605895,0.2967032967032992,0.07472527472527446,36,33,ENABLE
1785583365.665632,0.03490501258869294,0.3186813186813211,0.01318681318681314,36,33,ENABLE
1785583365.670818,0.037575341420614805,0.4285714285714306,-0.04835164835164818,36,33,ENABLE
1785583365.675783,0.03948271915770185,0.4065934065934087,-0.05714285714285694,36,33,ENABLE
1785583365.6807725,0.0413900968947889,0.3846153846153868,-0.08351648351648322,36,33,ENABLE
1785583365.6857674,0.042534523537041125,0.2747252747252773,-0.07472527472527446,36,33,ENABLE
1785583365.690773,0.04444190127412817,0.3186813186813211,-0.1098901098901095,36,33,ENABLE
1785583365.695798,0.04596780346379781,0.340659340659343,-0.11868131868131826,36,33,ENABLE
1785583365.7007747,0.047112230106050035,0.2527472527472554,-0.11868131868131826,36,33,ENABLE
1785583365.7057707,0.04863813229571967,0.2527472527472554,-0.13626373626373578,36,33,ENABLE
1785583365.7108283,0.05016403448538931,0.2747252747252773,-0.17142857142857082,36,33,ENABLE
1785583365.7157972,0.05092698558022413,0.2087912087912116,-0.12747252747252702,36,33,ENABLE
1785583365.7207985,0.051308461127641536,0.0989010989011021,-0.11868131868131826,36,33,ENABLE
1785583365.7257779,0.052071412222476354,0.1428571428571459,-0.13626373626373578,36,33,ENABLE
1785583365.7307982,0.05321583886472858,0.1648351648351678,-0.14505494505494454,36,33,ENABLE
1785583365.7358162,0.0539787899595634,0.2087912087912116,-0.16263736263736206,36,33,ENABLE
1785583365.7407773,0.05436026550698081,0.0989010989011021,-0.13626373626373578,36,33,ENABLE
1785583365.7457795,0.05436026550698081,-0.010989010989014503,-0.11868131868131826,36,33,ENABLE
1785583365.7508135,0.05436026550698081,0.010989010989014503,-0.10109890109890074,36,33,ENABLE
1785583365.7558203,0.05359731441214599,-0.0549450549450583,-0.2593406593406584,36,33,ENABLE
1785583365.7608767,0.051689936675058945,-0.2747252747252773,-0.6725274725274737,36,33,ENABLE
1785583365.7657723,0.046349279011215216,-0.8021978021978029,-1.103296703296703,36,33,ENABLE
1785583365.7707767,0.03643091477836258,-1.5934065934065913,-1.4461538461538446,36,33,ENABLE
1785583365.7758083,0.0207904173342488,-2.516483516483518,-1.6659340659340671,36,33,ENABLE
1785583365.7808065,0.0013351644159609322,-3.46153846153846,-1.7714285714285722,36,33,ENABLE
1785583365.7857752,-0.023460746166170665,-4.4505494505494525,-1.8065934065934073,36,33,ENABLE
1785583365.7907686,-0.05283436331731117,-5.417582417582416,-1.7714285714285722,36,33,ENABLE
1785583365.7957728,-0.08678568703746059,-6.252747252747255,-1.6835164835164846,36,33,ENABLE
1785583365.800772,-0.12302586404211446,-6.934065934065934,-1.6923076923076934,36,33,ENABLE
1785583365.8057787,-0.1615548943312728,-7.417582417582416,-1.595604395604397,36,33,ENABLE
1785583365.810775,-0.20237277790493557,-7.945054945054942,-1.5428571428571445,36,33,ENABLE
1785583365.815801,-0.2450980392156854,-8.340659340659343,-1.5164835164835182,36,33,ENABLE
1785583365.820977,-0.2912565804531937,-8.670329670329672,-1.4989010989010971,36,33,ENABLE
1785583365.8257942,-0.33512626840619575,-9.0,-1.525274725274727,36,33,ENABLE
1785583365.8307989,-0.38166628519111967,-9.197802197802197,-1.5428571428571445,36,33,ENABLE
1785583365.8358288,-0.428587777523461,-9.329670329670328,-1.5780219780219795,36,33,ENABLE
1785583365.8407705,-0.47589074540321974,-9.46153846153846,-1.6395604395604408,36,33,ENABLE
1785583365.845794,-0.5239566643778133,-9.527472527472526,-1.7010989010989022,36,33,ENABLE
1785583365.8507938,-0.5716411078049894,-9.593406593406591,-1.709890109890111,36,33,ENABLE
1785583365.8558004,-0.6193255512321656,-9.549450549450547,-1.7978021978021985,36,33,ENABLE
1785583365.8608081,-0.6670099946593417,-9.483516483516482,-1.8857142857142861,36,33,ENABLE
1785583365.8657987,-0.7139314869916831,-9.483516483516482,-1.9384615384615387,36,33,ENABLE
1785583365.870819,-0.7612344548714436,-9.483516483516482,-1.92967032967033,36,33,ENABLE
1785583365.8757997,-0.8093003738460371,-9.549450549450547,-1.9736263736263737,36,33,ENABLE
1785583365.8808205,-0.8577477683680481,-9.593406593406591,-1.9824175824175825,36,33,ENABLE
1785583365.885806,-0.9050507362478069,-9.57142857142857,-1.964835164835165,36,33,ENABLE
1785583365.8907921,-0.952735179674983,-9.593406593406591,-1.9560439560439562,36,33,ENABLE
1785583365.8957763,-1.0004196231021592,-9.57142857142857,-1.964835164835165,36,33,ENABLE
1785583365.9008162,-1.0481040665293353,-9.527472527472526,-1.9472527472527474,36,33,ENABLE
1785583365.9057703,-1.0957885099565114,-9.549450549450547,-1.9032967032967036,36,33,ENABLE
1785583365.910853,-1.1430914778362702,-9.46153846153846,-1.9120879120879124,36,33,ENABLE
1785583365.915826,-1.1892500190737767,-9.307692307692307,-1.8593406593406598,36,33,ENABLE
1785583365.9208121,-1.2346456092164484,-9.219780219780219,-1.8417582417582423,36,33,ENABLE
1785583365.9257724,-1.2796597238117045,-9.131868131868131,-1.8417582417582423,36,33,ENABLE
1785583365.9307709,-1.3246738384069587,-9.021978021978022,-1.8065934065934073,36,33,ENABLE
1785583365.9358046,-1.3693064774547956,-9.0,-1.7010989010989022,36,33,ENABLE
1785583365.9408,-1.4139391165026325,-8.934065934065934,-1.6571428571428584,36,33,ENABLE
1785583365.9458716,-1.4585717555504694,-8.912087912087912,-1.5340659340659357,36,33,ENABLE
1785583365.9508104,-1.5028229190508888,-8.868131868131869,-1.3758241758241745,36,33,ENABLE
1785583365.95577,-1.5466926070038909,-8.868131868131869,-1.287912087912087,36,33,ENABLE
1785583365.960803,-1.5901808194094755,-8.758241758241759,-1.1648351648351642,36,33,ENABLE
1785583365.965822,-1.6332875562676428,-8.626373626373628,-0.9802197802197803,36,33,ENABLE
1785583365.9707968,-1.6748683909361404,-8.472527472527474,-0.8483516483516489,36,33,ENABLE
1785583365.975775,-1.7156862745098032,-8.2967032967033,-0.734065934065935,36,33,ENABLE
1785583365.9807966,-1.755741206988633,-8.098901098901102,-0.6549450549450562,36,33,ENABLE
1785583365.9858036,-1.7942702372777912,-7.857142857142854,-0.6109890109890124,36,33,ENABLE
1785583365.9908,-1.8320363164721147,-7.659340659340657,-0.47032967032966866,36,33,ENABLE
1785583365.9957669,-1.868657969024186,-7.439560439560438,-0.4175824175824161,36,33,ENABLE
1785583366.0008087,-1.9037537193865877,-7.175824175824175,-0.29450549450549346,36,33,ENABLE
1785583366.0057976,-1.937705043106737,-6.978021978021978,-0.18021978021977958,36,33,ENABLE
1785583366.0108674,-1.971274891279469,-6.736263736263737,-0.09230769230769198,36,33,ENABLE
1785583366.0158017,-2.0025558861676966,-6.494505494505496,-0.00439560439560438,36,33,ENABLE
1785583366.0207994,-2.0323109788662546,-6.120879120879124,0.05714285714285694,36,33,ENABLE
1785583366.0257788,-2.0601586938277254,-5.791208791208788,0.11868131868131826,36,33,ENABLE
1785583366.0307784,-2.0860990310521093,-5.439560439560438,0.18021978021977958,36,33,ENABLE
1785583366.0358171,-2.1105134660868234,-5.043956043956044,0.21538461538461462,36,33,ENABLE
1785583366.0407724,-2.133401998931868,-4.780219780219781,0.2857142857142847,36,33,ENABLE
1785583366.0457776,-2.154764629587243,-4.4505494505494525,0.347252747252746,36,33,ENABLE
1785583366.0507565,-2.1742198825055308,-4.164835164835168,0.42637362637362486,36,33,ENABLE
1785583366.055798,-2.1925307087815664,-3.7692307692307665,0.45274725274725114,36,33,ENABLE
1785583366.0608044,-2.2074082551308454,-3.3076923076923066,0.4351648351648336,36,33,ENABLE
1785583366.0657942,-2.21999694819562,-2.780219780219781,0.4175824175824161,36,33,ENABLE
1785583366.0707748,-2.2310597390707247,-2.4505494505494525,0.42637362637362486,36,33,ENABLE
1785583366.0758214,-2.2409781033035774,-2.098901098901102,0.40879120879120734,36,33,ENABLE
1785583366.080802,-2.2474631876096733,-1.6153846153846132,0.3560439560439548,36,33,ENABLE
1785583366.085806,-2.2516594186312666,-1.1098901098901095,0.312087912087911,36,33,ENABLE
1785583366.0907753,-2.2543297474631885,-0.7362637362637372,0.2681318681318672,36,33,ENABLE
1785583366.0958068,-2.2550926985580233,-0.3626373626373649,0.23296703296703214,36,33,ENABLE
1785583366.100806,-2.253948271915771,-0.010989010989014503,0.20659340659340586,36,33,ENABLE
1785583366.1058006,-2.2516594186312666,0.2967032967032992,0.21538461538461462,36,33,ENABLE
1785583366.110775,-2.248989089799343,0.4285714285714306,0.23296703296703214,36,33,ENABLE
1785583366.115778,-2.2447928587777515,0.6703296703296715,0.25054945054944966,36,33,ENABLE
1785583366.1208076,-2.2371633478294033,1.241758241758241,0.20659340659340586,36,33,ENABLE
1785583366.1257653,-2.2280079346913855,1.637362637362635,0.18901098901098834,36,33,ENABLE
1785583366.1307938,-2.2177080949111154,1.879120879120876,0.21538461538461462,36,33,ENABLE
1785583366.1357741,-2.2066453040360106,2.07692307692308,0.23296703296703214,36,33,ENABLE
1785583366.1408117,-2.1936751354238186,2.384615384615387,0.21538461538461462,36,33,ENABLE
1785583366.1457708,-2.179179064621957,2.7142857142857153,0.23296703296703214,36,33,ENABLE
1785583366.1507714,-2.1635385671778433,2.978021978021978,0.2593406593406584,36,33,ENABLE
1785583366.1557748,-2.1467536430914773,3.219780219780219,0.2857142857142847,36,33,ENABLE
1785583366.1608062,-2.1284428168154417,3.5054945054945037,0.32087912087911974,36,33,ENABLE
1785583366.166069,-2.1070801861600668,3.879120879120876,0.312087912087911,36,33,ENABLE
1785583366.1707783,-2.086861982146944,4.098901098901102,0.32087912087911974,36,33,ENABLE
1785583366.1757684,-2.064354924849317,4.406593406593409,0.347252747252746,36,33,ENABLE
1785583366.180797,-2.0399404898146027,4.714285714285715,0.347252747252746,36,33,ENABLE
1785583366.1857684,-2.013237201495384,5.021978021978022,0.3560439560439548,36,33,ENABLE
1785583366.190766,-1.9857709620813306,5.3296703296703285,0.36483516483516354,36,33,ENABLE
1785583366.1957748,-1.9567788204776075,5.615384615384613,0.38241758241758106,36,33,ENABLE
1785583366.200796,-1.9266422522316322,5.901098901098898,0.3736263736263723,36,33,ENABLE
1785583366.2058098,-1.8942168307011524,6.208791208791212,0.347252747252746,36,33,ENABLE
1785583366.2107959,-1.8610284580758378,6.53846153846154,0.3296703296703285,36,33,ENABLE
1785583366.2157736,-1.8259327077134362,6.846153846153847,0.32087912087911974,36,33,ENABLE
1785583366.220782,-1.7896925307087823,7.131868131868131,0.312087912087911,36,33,ENABLE
1785583366.22582,-1.751163500419624,7.395604395604394,0.2681318681318672,36,33,ENABLE
1785583366.2308009,-1.711871519035629,7.747252747252745,0.21538461538461462,36,33,ENABLE
1785583366.2357936,-1.6706721599145489,8.054945054945058,0.1978021978021971,36,33,ENABLE
1785583366.2407737,-1.6283283741512165,8.2967032967033,0.18901098901098834,36,33,ENABLE
1785583366.2457974,-1.5848401617456318,8.53846153846154,0.11868131868131826,36,33,ENABLE
1785583366.2507746,-1.5405889982452123,8.758241758241759,0.09230769230769198,36,33,ENABLE
1785583366.2557898,-1.495574883649958,8.934065934065934,0.13626373626373578,36,33,ENABLE
1785583366.2607942,-1.4490348668650341,9.131868131868131,0.10109890109890074,36,33,ENABLE
1785583366.2658002,-1.4017318989852754,9.35164835164835,0.10109890109890074,36,33,ENABLE
1785583366.2707953,-1.3532845044632644,9.549450549450547,0.1098901098901095,36,33,ENABLE
1785583366.2757747,-1.3040741588464186,9.747252747252745,0.09230769230769198,36,33,ENABLE
1785583366.2807744,-1.2537193865873206,9.945054945054942,0.09230769230769198,36,33,ENABLE
1785583366.2857778,-1.2022201876859686,10.18681318681319,0.0659340659340657,36,33,ENABLE
1785583366.2908096,-1.1495765621423661,10.362637362637365,0.0219780219780219,36,33,ENABLE
1785583366.295771,-1.0965514610513463,10.582417582417584,-0.00439560439560438,36,33,ENABLE
1785583366.3007944,-1.0416189822232393,10.824175824175825,-0.07472527472527446,36,33,ENABLE
1785583366.3057928,-0.9859235523002976,11.065934065934066,-0.13626373626373578,36,33,ENABLE
1785583366.3107924,-0.9287022201876862,11.263736263736263,-0.20659340659340586,36,33,ENABLE
1785583366.3158188,-0.87071793698024,11.46153846153846,-0.27692307692307594,36,33,ENABLE
1785583366.3207986,-0.811970702677959,11.659340659340657,-0.3560439560439548,36,33,ENABLE
1785583366.3256714,-0.7528419928282606,11.92307692307692,-0.47032967032966866,36,33,ENABLE
1785583366.3306198,-0.6925688563363082,12.07692307692308,-0.5318681318681335,36,33,ENABLE
1785583366.3357024,-0.6307698176546879,12.208791208791212,-0.5758241758241773,36,33,ENABLE
1785583366.3407714,-0.5685893034256502,12.274725274725277,-0.6637362637362649,36,33,ENABLE
1785583366.3457952,-0.5064087891966125,12.2967032967033,-0.7164835164835175,36,33,ENABLE
1785583366.3508103,-0.44384679942015737,12.318681318681321,-0.734065934065935,36,33,ENABLE
1785583366.3558064,-0.3828107118333719,12.274725274725277,-0.8131868131868139,36,33,ENABLE
1785583366.3607728,-0.32330052643625606,12.120879120879124,-1.0945054945054942,36,33,ENABLE
1785583366.3657956,-0.2664606698710621,11.659340659340657,-1.4989010989010971,36,33,ENABLE
1785583366.3708,-0.21381704432745785,10.956043956043956,-1.8593406593406598,36,33,ENABLE
1785583366.3757787,-0.1661326009002817,10.054945054945058,-2.1230769230769226,36,33,ENABLE
1785583366.3808048,-0.12340733958953187,9.0,-2.2637362637362646,36,33,ENABLE
1785583366.3857782,-0.08678568703746059,7.945054945054942,-2.2637362637362646,36,33,ENABLE
1785583366.390825,-0.05436026550698081,6.956043956043956,-2.2461538461538453,36,33,ENABLE
1785583366.395795,-0.026894026092927348,6.0109890109890145,-2.2021978021978015,36,33,ENABLE
1785583366.4007964,-0.0024795910582131597,5.285714285714285,-2.1230769230769226,36,33,ENABLE
1785583366.4057748,0.018501564049744346,4.516483516483518,-2.0615384615384613,36,33,ENABLE
1785583366.410761,0.03681239032577999,3.9890109890109855,-1.9560439560439562,36,33,ENABLE
1785583366.4158103,0.05283436331731117,3.395604395604394,-1.8945054945054949,36,33,ENABLE
1785583366.4208045,0.0665674830243379,2.978021978021978,-1.8769230769230774,36,33,ENABLE
1785583366.4257975,0.07801174944686018,2.560439560439562,-1.780219780219781,36,33,ENABLE
1785583366.4307938,0.08869306477454764,2.2527472527472554,-1.745054945054946,36,33,ENABLE
1785583366.4357967,0.09708552681773064,1.901098901098898,-1.6747252747252759,36,33,ENABLE
1785583366.4407673,0.10433356221866141,1.6153846153846132,-1.6483516483516496,36,33,ENABLE
1785583366.4457674,0.11081864652475737,1.3516483516483504,-1.5692307692307708,36,33,ENABLE
1785583366.4507735,0.11577782864118369,1.1098901098901095,-1.5428571428571445,36,33,ENABLE
1785583366.4557686,0.11997405966277519,0.9340659340659343,-1.4901098901098884,36,33,ENABLE
1785583366.4608002,0.12302586404211446,0.7362637362637372,-1.428571428571427,36,33,ENABLE
1785583366.4657779,0.12607766842145374,0.6043956043956058,-1.3758241758241745,36,33,ENABLE
1785583366.4708138,0.12722209506370596,0.340659340659343,-1.287912087912087,36,33,ENABLE
1785583366.4758036,0.12798504615854078,0.2747252747252773,-1.2351648351648343,36,33,ENABLE
1785583366.480803,0.12798504615854078,0.0989010989011021,-1.1648351648351642,36,33,ENABLE
1785583366.4857974,0.12798504615854078,0.010989010989014503,-1.1208791208791204,36,33,ENABLE
1785583366.4907935,0.12760357061112337,-0.0769230769230802,-1.068131868131868,36,33,ENABLE
1785583366.4957929,0.12722209506370596,-0.0549450549450583,-1.0505494505494504,36,33,ENABLE
1785583366.500823,0.12684061951628856,-0.0769230769230802,-1.024175824175824,36,33,ENABLE
1785583366.5057979,0.12607766842145374,-0.120879120879124,-0.989010989010989,36,33,ENABLE
1785583366.5107725,0.12493324177920151,-0.2087912087912116,-0.9274725274725277,36,33,ENABLE
1785583366.5159707,0.12302586404211446,-0.3186813186813211,-0.9010989010989015,36,33,ENABLE
1785583366.5208683,0.12188143739986224,-0.2527472527472554,-0.8747252747252752,36,33,ENABLE
1785583366.5258212,0.11997405966277519,-0.340659340659343,-0.7956043956043963,36,33,ENABLE
1785583366.5307682,0.11806668192568814,-0.4065934065934087,-0.76923076923077,36,33,ENABLE
1785583366.535803,0.11577782864118369,-0.4285714285714306,-0.7164835164835175,36,33,ENABLE
1785583366.5407708,0.11387045090409664,-0.4285714285714306,-0.7164835164835175,36,33,ENABLE
1785583366.5458639,0.1119630731670096,-0.4065934065934087,-0.6461538461538474,36,33,ENABLE
1785583366.5507863,0.10967421988250514,-0.4505494505494525,-0.6285714285714299,36,33,ENABLE
1785583366.5557988,0.10662241550316587,-0.5384615384615401,-0.549450549450551,36,33,ENABLE
1785583366.5608046,0.103952086671244,-0.5824175824175839,-0.49670329670329494,36,33,ENABLE
1785583366.5658085,0.10051880674448732,-0.6263736263736277,-0.4175824175824161,36,33,ENABLE
1785583366.5707753,0.09708552681773064,-0.6703296703296715,-0.36483516483516354,36,33,ENABLE
1785583366.5757403,0.09327077134355655,-0.7142857142857153,-0.2857142857142847,36,33,ENABLE
1785583366.5808015,0.08907454032196505,-0.8021978021978029,-0.20659340659340586,36,33,ENABLE
1785583366.5857956,0.08487830930037354,-0.8461538461538467,-0.13626373626373578,36,33,ENABLE
1785583366.590796,0.08106355382619945,-0.8461538461538467,-0.08351648351648322,36,33,ENABLE
1785583366.5957944,0.07763027389944277,-0.7582417582417591,-0.03956043956043942,36,33,ENABLE
1785583366.6007762,0.07381551842526868,-0.7362637362637372,0.0219780219780219,36,33,ENABLE
1785583366.6058595,0.06847486076142495,-0.9780219780219781,0.14505494505494454,36,33,ENABLE
1785583366.610808,0.06389715419241604,-0.9560439560439562,0.20659340659340586,36,33,ENABLE
1785583366.6157935,0.05855649652857231,-1.0439560439560438,0.32087912087911974,36,33,ENABLE
1785583366.6207666,0.05359731441214599,-1.021978021978022,0.36483516483516354,36,33,ENABLE
1785583366.6257985,0.04901960784313708,-0.9340659340659343,0.4175824175824161,36,33,ENABLE
1785583366.6308074,0.04520485236896299,-0.8241758241758248,0.4439560439560424,36,33,ENABLE
1785583366.635814,0.041771572442206306,-0.7362637362637372,0.47032967032966866,36,33,ENABLE
1785583366.6407945,0.03871976806286703,-0.6483516483516496,0.45274725274725114,36,33,ENABLE
1785583366.645838,0.03604943923094517,-0.560439560439562,0.4615384615384599,36,33,ENABLE
1785583366.6507967,0.03490501258869294,-0.4065934065934087,0.4175824175824161,36,33,ENABLE
1785583366.6558003,0.032616159304188486,-0.3846153846153868,0.4351648351648336,36,33,ENABLE
1785583366.660803,0.03147173266193626,-0.3186813186813211,0.40879120879120734,36,33,ENABLE
1785583366.665775,0.03032730601968403,-0.2307692307692335,0.3912087912087898,36,33,ENABLE
1785583366.6708055,0.029564354924849212,-0.2087912087912116,0.3736263736263723,36,33,ENABLE
1785583366.6758034,0.027656977187762166,-0.3186813186813211,0.42637362637362486,36,33,ENABLE
1785583366.6807995,0.02574959945067512,-0.3626373626373649,0.4439560439560424,36,33,ENABLE
1785583366.685803,0.024223697261005483,-0.3846153846153868,0.4791208791208774,36,33,ENABLE
1785583366.6908052,0.022697795071335847,-0.3186813186813211,0.4791208791208774,36,33,ENABLE
1785583366.6957407,0.02155336842908362,-0.2527472527472554,0.4879120879120862,36,33,ENABLE
1785583366.7007709,0.02040894178683139,-0.2967032967032992,0.5054945054945073,36,33,ENABLE
1785583366.7057886,0.018883039597161755,-0.2747252747252773,0.5054945054945073,36,33,ENABLE
1785583366.710796,0.018501564049744346,-0.1648351648351678,0.4879120879120862,36,33,ENABLE
1785583366.7157958,0.018120088502326936,-0.0989010989011021,0.4615384615384599,36,33,ENABLE
1785583366.7207956,0.018501564049744346,-0.0549450549450583,0.4351648351648336,36,33,ENABLE
1785583366.7257946,0.018501564049744346,0.010989010989014503,0.42637362637362486,36,33,ENABLE
1785583366.7308018,0.018501564049744346,0.0329670329670364,0.3999999999999986,36,33,ENABLE
1785583366.7357786,0.018501564049744346,0.010989010989014503,0.3999999999999986,36,33,ENABLE
1785583366.7407646,0.018501564049744346,-0.010989010989014503,0.40879120879120734,36,33,ENABLE
1785583366.7457945,0.018120088502326936,-0.0549450549450583,0.4175824175824161,36,33,ENABLE
1785583366.7507763,0.018120088502326936,-0.0769230769230802,0.4351648351648336,36,33,ENABLE
1785583366.7558126,0.017738612954909527,-0.0769230769230802,0.4439560439560424,36,33,ENABLE
1785583366.7608194,0.01697566186007471,-0.0989010989011021,0.45274725274725114,36,33,ENABLE
1785583366.7658222,0.0165941863126573,-0.0989010989011021,0.4615384615384599,36,33,ENABLE
1785583366.7706378,0.01621271076523989,-0.0769230769230802,0.47032967032966866,36,33,ENABLE
1785583366.7756493,0.01583123521782248,-0.0989010989011021,0.47032967032966866,36,33,ENABLE
1785583366.7805932,0.01621271076523989,-0.010989010989014503,0.4439560439560424,36,33,ENABLE
1785583366.7855935,0.01621271076523989,0.0329670329670364,0.4351648351648336,36,33,ENABLE
1785583366.790597,0.0165941863126573,0.0329670329670364,0.42637362637362486,36,33,ENABLE
1785583366.795594,0.0165941863126573,0.0329670329670364,0.4175824175824161,36,33,ENABLE
1785583366.8006272,0.0165941863126573,-0.010989010989014503,0.4175824175824161,36,33,ENABLE
1785583366.8056023,0.0165941863126573,-0.010989010989014503,0.40879120879120734,36,33,ENABLE
1785583366.8108013,0.01697566186007471,0.0549450549450583,0.3912087912087898,36,33,ENABLE
1785583366.8158371,0.017738612954909527,0.0769230769230802,0.38241758241758106,36,33,ENABLE
1785583366.8206532,0.018883039597161755,0.1868131868131897,0.3296703296703285,36,33,ENABLE
1785583366.8255973,0.02040894178683139,0.2967032967032992,0.2681318681318672,36,33,ENABLE
1785583366.83059,0.02193484397650103,0.2967032967032992,0.25054945054944966,36,33,ENABLE
1785583366.8356,0.023842221713588074,0.3186813186813211,0.20659340659340586,36,33,ENABLE
1785583366.8407986,0.02536812390325771,0.2967032967032992,0.17142857142857082,36,33,ENABLE
1785583366.845815,0.02651255054550994,0.2527472527472554,0.17142857142857082,36,33,ENABLE
1785583366.850666,0.028038452735179575,0.2527472527472554,0.12747252747252702,36,33,ENABLE
1785583366.855591,0.029564354924849212,0.2967032967032992,0.1098901098901095,36,33,ENABLE
1785583366.8606167,0.03070878156710144,0.2307692307692335,0.12747252747252702,36,33,ENABLE
1785583366.8656669,0.03147173266193626,0.1648351648351678,0.11868131868131826,36,33,ENABLE
1785583366.8705893,0.032997634851605895,0.2967032967032992,0.05714285714285694,36,33,ENABLE
1785583366.8755944,0.03528648813611035,0.3626373626373649,0.03076923076923066,36,33,ENABLE
1785583366.880596,0.037575341420614805,0.4285714285714306,-0.03956043956043942,36,33,ENABLE
1785583366.885598,0.03910124361028444,0.3626373626373649,-0.04835164835164818,36,33,ENABLE
1785583366.8905964,0.04100862134737149,0.3626373626373649,-0.08351648351648322,36,33,ENABLE
1785583366.895594,0.042915999084458534,0.340659340659343,-0.10109890109890074,36,33,ENABLE
1785583366.9006157,0.04482337682154558,0.3846153846153868,-0.13626373626373578,36,33,ENABLE
1785583366.9055877,0.046730754558632626,0.3626373626373649,-0.13626373626373578,36,33,ENABLE
1785583366.9107285,0.04787518120088485,0.3186813186813211,-0.1538461538461533,36,33,ENABLE
1785583366.9158375,0.04940108339055449,0.2967032967032992,-0.16263736263736206,36,33,ENABLE
1785583366.9207077,0.05054551003280672,0.2747252747252773,-0.16263736263736206,36,33,ENABLE
1785583366.925631,0.05092698558022413,0.1428571428571459,-0.27692307692307594,36,33,ENABLE
1785583366.9307978,0.04901960784313708,-0.2087912087912116,-0.6197802197802211,36,33,ENABLE
1785583366.9357994,0.04482337682154558,-0.6263736263736277,-1.0945054945054942,36,33,ENABLE
1785583366.9407752,0.03566796368352776,-1.3956043956043942,-1.4549450549450533,36,33,ENABLE
1785583366.9458673,0.02117189288166621,-2.362637362637365,-1.7362637362637372,36,33,ENABLE
1785583366.950804,0.0013351644159609322,-3.3736263736263723,-1.850549450549451,36,33,ENABLE
1785583366.9558206,-0.023460746166170665,-4.406593406593409,-1.9560439560439562,36,33,ENABLE
1785583366.9607759,-0.05245288776989376,-5.395604395604394,-1.92967032967033,36,33,ENABLE
1785583366.965818,-0.08602273594262577,-6.18681318681319,-1.9208791208791212,36,33,ENABLE
1785583366.970769,-0.12226291294727964,-6.912087912087912,-1.92967032967033,36,33,ENABLE
1785583366.9757957,-0.1615548943312728,-7.527472527472526,-1.8417582417582423,36,33,ENABLE
1785583366.9807804,-0.2035172045471878,-8.142857142857146,-1.780219780219781,36,33,ENABLE
1785583366.9858136,-0.24776836804760727,-8.516483516483518,-1.780219780219781,36,33,ENABLE
1785583366.9907687,-0.29278248264286333,-8.934065934065934,-1.8241758241758248,36,33,ENABLE
1785583366.9957683,-0.34008545052262207,-9.241758241758241,-1.7890109890109898,36,33,ENABLE
1785583367.0007958,-0.38853284504463304,-9.57142857142857,-1.7714285714285722,36,33,ENABLE
1785583367.0057964,-0.43812466620889623,-9.791208791208788,-1.7714285714285722,36,33,ENABLE
1785583367.0107923,-0.4877164873731594,-9.92307692307692,-1.8329670329670336,36,33,ENABLE
1785583367.0157757,-0.53768978408484,-9.967032967032964,-1.8769230769230774,36,33,ENABLE
1785583367.020794,-0.5876630807965206,-9.967032967032964,-1.92967032967033,36,33,ENABLE
1785583367.0258038,-0.6380178530556186,-10.054945054945058,-1.964835164835165,36,33,ENABLE
1785583367.0307903,-0.6879911497672992,-10.032967032967036,-2.043956043956044,36,33,ENABLE
1785583367.0357747,-0.7379644464789799,-10.032967032967036,-2.0967032967032964,36,33,ENABLE
1785583367.040777,-0.7879377431906622,-9.967032967032964,-2.14065934065934,36,33,ENABLE
1785583367.0457728,-0.8375295643549254,-9.989010989010985,-2.1582417582417577,36,33,ENABLE
1785583367.0508215,-0.8882658121614408,-9.989010989010985,-2.175824175824175,36,33,ENABLE
1785583367.0558193,-0.9382391088731215,-10.054945054945058,-2.1582417582417577,36,33,ENABLE
1785583367.0607653,-0.9885938811322195,-10.098901098901102,-2.1318681318681314,36,33,ENABLE
1785583367.0657744,-1.0385671778439,-10.07692307692308,-2.1318681318681314,36,33,ENABLE
1785583367.0708625,-1.089684901197833,-10.07692307692308,-2.0879120879120876,36,33,ENABLE
1785583367.075804,-1.1385137712672613,-9.989010989010985,-2.0175824175824175,36,33,ENABLE
1785583367.0808196,-1.1884870679789419,-9.945054945054942,-1.9472527472527474,36,33,ENABLE
1785583367.085779,-1.2373159380483703,-9.857142857142854,-1.8945054945054949,36,33,ENABLE
1785583367.090789,-1.285763332570383,-9.7032967032967,-1.8681318681318686,36,33,ENABLE
1785583367.0958107,-1.3330663004501417,-9.57142857142857,-1.8593406593406598,36,33,ENABLE
1785583367.100773,-1.3796063172350657,-9.483516483516482,-1.780219780219781,36,33,ENABLE
1785583367.105795,-1.426527809567407,-9.417582417582416,-1.6747252747252759,36,33,ENABLE
1785583367.110827,-1.473067826352331,-9.35164835164835,-1.630769230769232,36,33,ENABLE
1785583367.1158164,-1.51884489204242,-9.219780219780219,-1.4901098901098884,36,33,ENABLE
1785583367.1208184,-1.5638590066376743,-9.065934065934066,-1.428571428571427,36,33,ENABLE
1785583367.1257863,-1.607347219043259,-8.89010989010989,-1.3054945054945044,36,33,ENABLE
1785583367.1307676,-1.6508354314488436,-8.802197802197803,-1.138461538461538,36,33,ENABLE
1785583367.1357806,-1.6939421683070108,-8.670329670329672,-1.0417582417582416,36,33,ENABLE
1785583367.1407776,-1.7355230029755084,-8.472527472527474,-0.9450549450549453,36,33,ENABLE
1785583367.145765,-1.776340886549173,-8.230769230769234,-0.8307692307692314,36,33,ENABLE
1785583367.1508155,-1.816395819028001,-8.054945054945058,-0.6461538461538474,36,33,ENABLE
1785583367.1558077,-1.8545433737697419,-7.81318681318681,-0.549450549450551,36,33,ENABLE
1785583367.1608,-1.8911650263218132,-7.5494505494505475,-0.4351648351648336,36,33,ENABLE
1785583367.1658738,-1.9281681544213018,-7.35164835164835,-0.312087912087911,36,33,ENABLE
1785583367.1707778,-1.9621194781414513,-7.1098901098901095,-0.18021978021977958,36,33,ENABLE
1785583367.1758044,-1.9960708018616007,-6.868131868131869,-0.04835164835164818,36,33,ENABLE
1785583367.1807668,-2.028114747844663,-6.604395604395606,0.05714285714285694,36,33,ENABLE
1785583367.1857972,-2.0582513160906384,-6.252747252747255,0.13626373626373578,36,33,ENABLE
1785583367.190795,-2.0864805065995267,-5.835164835164832,0.2417582417582409,36,33,ENABLE
1785583367.195776,-2.1124208438239105,-5.439560439560438,0.33846153846153726,36,33,ENABLE
1785583367.20082,-2.137979705500877,-5.219780219780219,0.4879120879120862,36,33,ENABLE
1785583367.2057703,-2.1616311894407563,-4.912087912087912,0.5846153846153861,36,33,ENABLE
1785583367.2107952,-2.1822308690012964,-4.362637362637365,0.6109890109890124,36,33,ENABLE
1785583367.2157805,-2.1990157930876624,-3.8131868131868103,0.6021978021978036,36,33,ENABLE
1785583367.2208114,-2.2150377660791936,-3.3736263736263723,0.6461538461538474,36,33,ENABLE
1785583367.225762,-2.2291523613336377,-3.021978021978022,0.6989010989011,36,33,ENABLE
1785583367.230817,-2.24059662775616,-2.560439560439562,0.6813186813186825,36,33,ENABLE
1785583367.235771,-2.248989089799343,-1.9890109890109855,0.6373626373626387,36,33,ENABLE
1785583367.2407782,-2.2550926985580233,-1.4835164835164818,0.6109890109890124,36,33,ENABLE
1785583367.245816,-2.25852597848478,-1.021978021978022,0.5758241758241773,36,33,ENABLE
1785583367.250866,-2.259670405127032,-0.4945054945054963,0.5054945054945073,36,33,ENABLE
1785583367.2557652,-2.2581445029373626,-0.010989010989014503,0.42637362637362486,36,33,ENABLE
1785583367.2608092,-2.254711223010606,0.4505494505494525,0.3999999999999986,36,33,ENABLE
1785583367.26587,-2.249752040894178,0.8021978021978029,0.36483516483516354,36,33,ENABLE
1785583367.2707696,-2.2428854810406644,1.1098901098901095,0.3560439560439548,36,33,ENABLE
1785583367.275763,-2.2344930189974814,1.46153846153846,0.36483516483516354,36,33,ENABLE
1785583367.280767,-2.224956130312046,1.8131868131868103,0.3736263736263723,36,33,ENABLE
1785583367.2858176,-2.2131303883421065,2.142857142857146,0.3736263736263723,36,33,ENABLE
1785583367.290771,-2.199778744182497,2.516483516483518,0.3736263736263723,36,33,ENABLE
1785583367.2957938,-2.1841382467383834,2.8681318681318686,0.36483516483516354,36,33,ENABLE
1785583367.3007767,-2.1665903715571826,3.263736263736263,0.36483516483516354,36,33,ENABLE
1785583367.3057928,-2.147516594186312,3.5934065934065913,0.3560439560439548,36,33,ENABLE
1785583367.310824,-2.126916914625772,3.92307692307692,0.3560439560439548,36,33,ENABLE
1785583367.3157706,-2.1047913328755623,4.274725274725277,0.3560439560439548,36,33,ENABLE
1785583367.320794,-2.0807583733882655,4.604395604395606,0.3560439560439548,36,33,ENABLE
1785583367.3257785,-2.0555809872587165,4.868131868131869,0.36483516483516354,36,33,ENABLE
1785583367.330774,-2.0284962233920805,5.241758241758241,0.36483516483516354,36,33,ENABLE
1785583367.3357728,-1.9998855573357748,5.5494505494505475,0.38241758241758106,36,33,ENABLE
1785583367.3408191,-1.9705119401846343,5.791208791208788,0.3912087912087898,36,33,ENABLE
1785583367.345781,-1.9392309452964067,6.054945054945058,0.42637362637362486,36,33,ENABLE
1785583367.350807,-1.9064240482185095,6.384615384615387,0.4439560439560424,36,33,ENABLE
1785583367.355766,-1.8717097734035253,6.714285714285715,0.4439560439560424,36,33,ENABLE
1785583367.36077,-1.835088120851454,7.087912087912088,0.3999999999999986,36,33,ENABLE
1785583367.365803,-1.797703517204548,7.373626373626372,0.4175824175824161,36,33,ENABLE
1785583367.3708088,-1.7580300602731374,7.681318681318679,0.4175824175824161,36,33,ENABLE
1785583367.3758128,-1.716449225604638,8.032967032967036,0.347252747252746,36,33,ENABLE
1785583367.380766,-1.674486915388723,8.318681318681321,0.312087912087911,36,33,ENABLE
1785583367.385795,-1.630617227435721,8.604395604395606,0.3296703296703285,36,33,ENABLE
1785583367.3907754,-1.5852216372930492,8.912087912087912,0.312087912087911,36,33,ENABLE
1785583367.3958068,-1.5383001449607079,9.153846153846153,0.29450549450549346,36,33,ENABLE
1785583367.4007678,-1.4909971770809491,9.395604395604394,0.27692307692307594,36,33,ENABLE
1785583367.4057932,-1.4421683070115208,9.615384615384613,0.27692307692307594,36,33,ENABLE
1785583367.4108005,-1.3918135347524228,9.857142857142854,0.25054945054944966,36,33,ENABLE
1785583367.4157999,-1.339932860303655,10.230769230769234,0.22417582417582338,36,33,ENABLE
1785583367.4208107,-1.2869077592126352,10.472527472527474,0.20659340659340586,36,33,ENABLE
1785583367.4257755,-1.2327382314793613,10.670329670329672,0.17142857142857082,36,33,ENABLE
1785583367.4308126,-1.177424277103837,10.912087912087912,0.13626373626373578,36,33,ENABLE
1785583367.43587,-1.1202029449912256,11.219780219780219,0.07472527472527446,36,33,ENABLE
1785583367.4408152,-1.0610742351415272,11.549450549450547,-0.01318681318681314,36,33,ENABLE
1785583367.4457703,-1.0015640497444114,11.857142857142854,-0.12747252747252702,36,33,ENABLE
1785583367.4508116,-0.9401464866102085,12.054945054945058,-0.22417582417582338,36,33,ENABLE
1785583367.4557958,-0.8794918745708404,12.208791208791212,-0.29450549450549346,36,33,ENABLE
1785583367.4607782,-0.8169298847943853,12.406593406593409,-0.40879120879120734,36,33,ENABLE
1785583367.4657931,-0.753223468375678,12.626373626373628,-0.45274725274725114,36,33,ENABLE
1785583367.470802,-0.6887541008621341,12.780219780219781,-0.5318681318681335,36,33,ENABLE
1785583367.4757962,-0.6235217822537571,12.912087912087912,-0.6109890109890124,36,33,ENABLE
1785583367.4808085,-0.5590524147402149,12.934065934065934,-0.6461538461538474,36,33,ENABLE
1785583367.4857757,-0.49382009613183797,12.978021978021978,-0.6901098901098912,36,33,ENABLE
1785583367.4908047,-0.428587777523461,13.0,-0.7164835164835175,36,33,ENABLE
1785583367.4958339,-0.36373693446250144,12.912087912087912,-0.9802197802197803,36,33,ENABLE
1785583367.5007703,-0.30270084687571597,12.560439560439562,-1.4461538461538446,36,33,ENABLE
1785583367.5057685,-0.244716563668268,11.92307692307692,-1.8857142857142861,36,33,ENABLE
1785583367.5107763,-0.19245441367208294,11.0,-2.2373626373626365,36,33,ENABLE
1785583367.515797,-0.1455329213397416,9.967032967032964,-2.4483516483516485,36,33,ENABLE
1785583367.520816,-0.1035706111238266,8.89010989010989,-2.5538461538461537,36,33,ENABLE
1785583367.525793,-0.06771190966659013,7.7692307692307665,-2.545054945054945,36,33,ENABLE
1785583367.5307271,-0.03643091477836258,6.780219780219781,-2.4395604395604398,36,33,ENABLE
1785583367.5357702,-0.009346150911726525,5.92307692307692,-2.3692307692307697,36,33,ENABLE
1785583367.5408182,0.014305333028152845,5.1098901098901095,-2.2989010989010996,36,33,ENABLE
1785583367.5457692,0.03528648813611035,4.494505494505496,-2.2285714285714278,36,33,ENABLE
1785583367.5508068,0.05359731441214599,3.901098901098898,-2.149450549450549,36,33,ENABLE
1785583367.5557775,0.06885633630884236,3.417582417582416,-2.1318681318681314,36,33,ENABLE
1785583367.5609107,0.0829709315632865,2.978021978021978,-2.043956043956044,36,33,ENABLE
1785583367.5658164,0.09479667353322618,2.604395604395606,-1.9912087912087912,36,33,ENABLE
1785583367.5707765,0.10509651331349623,2.2087912087912116,-1.964835164835165,36,33,ENABLE
1785583367.5757985,0.11387045090409664,1.9450549450549417,-1.9384615384615387,36,33,ENABLE
1785583367.580842,0.12149996185244483,1.637362637362635,-1.8769230769230774,36,33,ENABLE
1785583367.5857725,0.12722209506370596,1.3516483516483504,-1.7978021978021985,36,33,ENABLE
1785583367.5907986,0.13179980163271487,1.0439560439560438,-1.7186813186813197,36,33,ENABLE
1785583367.5957716,0.13561455710688897,0.8241758241758248,-1.6483516483516496,36,33,ENABLE
1785583367.6007788,0.13828488593881083,0.6263736263736277,-1.5780219780219795,36,33,ENABLE
1785583367.605818,0.13942931258106306,0.3186813186813211,-1.463736263736262,36,33,ENABLE
1785583367.6107683,0.14019226367589788,0.2087912087912116,-1.3846153846153832,36,33,ENABLE
1785583367.615794,0.14019226367589788,0.0769230769230802,-1.323076923076922,36,33,ENABLE
1785583367.6207771,0.14019226367589788,0.010989010989014503,-1.287912087912087,36,33,ENABLE
1785583367.625816,0.13981078812848047,-0.010989010989014503,-1.2615384615384606,36,33,ENABLE
1785583367.630777,0.13981078812848047,-0.010989010989014503,-1.2263736263736256,36,33,ENABLE
1785583367.6357772,0.13942931258106306,-0.0549450549450583,-1.1999999999999993,36,33,ENABLE
1785583367.6407716,0.13866636148622824,-0.120879120879124,-1.1648351648351642,36,33,ENABLE
1785583367.6457756,0.137521934843976,-0.2087912087912116,-1.103296703296703,36,33,ENABLE
1785583367.65082,0.13523308155947156,-0.3846153846153868,-1.0505494505494504,36,33,ENABLE
1785583367.6557634,0.1333257038223845,-0.3846153846153868,-0.9626373626373628,36,33,ENABLE
1785583367.6608076,0.13027389944304524,-0.5164835164835182,-0.8923076923076927,36,33,ENABLE
1785583367.6658418,0.12684061951628856,-0.6263736263736277,-0.7780219780219788,36,33,ENABLE
1785583367.6708071,0.12302586404211446,-0.7142857142857153,-0.6989010989011,36,33,ENABLE
1785583367.675774,0.11882963302052296,-0.8021978021978029,-0.6021978021978036,36,33,ENABLE
1785583367.6808038,0.11501487754634887,-0.780219780219781,-0.549450549450551,36,33,ENABLE
1785583367.6857743,0.11120012207217478,-0.8021978021978029,-0.4879120879120862,36,33,ENABLE
1785583367.690865,0.10738536659800069,-0.7142857142857153,-0.4351648351648336,36,33,ENABLE
1785583367.6958137,0.10318913557640919,-0.8241758241758248,-0.3736263736263723,36,33,ENABLE
1785583367.7008207,0.0997558556496525,-0.7582417582417591,-0.3296703296703285,36,33,ENABLE
1785583367.7058141,0.09594110017547841,-0.780219780219781,-0.27692307692307594,36,33,ENABLE
1785583367.7108724,0.0913633936064695,-0.8021978021978029,-0.20659340659340586,36,33,ENABLE
1785583367.7158241,0.087167162584878,-0.8461538461538467,-0.12747252747252702,36,33,ENABLE
1785583367.7208178,0.08258945601586909,-0.8901098901098905,-0.07472527472527446,36,33,ENABLE
1785583367.7257752,0.078774700541695,-0.780219780219781,-0.0219780219780219,36,33,ENABLE
1785583367.7307756,0.07534142061493831,-0.7362637362637372,0.01318681318681314,36,33,ENABLE
1785583367.735794,0.070382238498512,-0.8901098901098905,0.13626373626373578,36,33,ENABLE
1785583367.7407773,0.06466010528725086,-1.0659340659340657,0.22417582417582338,36,33,ENABLE
1785583367.745774,0.05970092317082454,-1.0439560439560438,0.29450549450549346,36,33,ENABLE
1785583367.7508292,0.05474174105439822,-1.0439560439560438,0.3736263736263723,36,33,ENABLE
1785583367.7558246,0.04940108339055449,-1.0439560439560438,0.45274725274725114,36,33,ENABLE
1785583367.7608252,0.04444190127412817,-1.021978021978022,0.514285714285716,36,33,ENABLE
1785583367.7657776,0.04024567025253667,-0.9120879120879124,0.549450549450551,36,33,ENABLE
1785583367.771373,0.03604943923094517,-0.8461538461538467,0.5934065934065949,36,33,ENABLE
1785583367.7759047,0.032234683756771076,-0.8021978021978029,0.6021978021978036,36,33,ENABLE
1785583367.7806344,0.029564354924849212,-0.7142857142857153,0.6109890109890124,36,33,ENABLE
1785583367.785869,0.02651255054550994,-0.6043956043956058,0.6109890109890124,36,33,ENABLE
1785583367.7908518,0.023842221713588074,-0.5384615384615401,0.6373626373626387,36,33,ENABLE
1785583367.7959104,0.02117189288166621,-0.5384615384615401,0.6373626373626387,36,33,ENABLE
1785583367.801086,0.018501564049744346,-0.560439560439562,0.6813186813186825,36,33,ENABLE
1785583367.8059,0.01583123521782248,-0.5384615384615401,0.6901098901098912,36,33,ENABLE
1785583367.8105109,0.013923857480735435,-0.4505494505494525,0.6637362637362649,36,33,ENABLE
1785583367.815473,0.012397955291065799,-0.3846153846153868,0.6725274725274737,36,33,ENABLE
1785583367.8208833,0.010872053101396162,-0.2747252747252773,0.6725274725274737,36,33,ENABLE
1785583367.8258708,0.009346150911726525,-0.340659340659343,0.6901098901098912,36,33,ENABLE
1785583367.830819,0.007438773174639479,-0.3846153846153868,0.7164835164835175,36,33,ENABLE
1785583367.8358474,0.006294346532387252,-0.2747252747252773,0.6901098901098912,36,33,ENABLE
1785583367.8406503,0.005912870984969842,-0.1648351648351678,0.6549450549450562,36,33,ENABLE
1785583367.8456156,0.005912870984969842,-0.0769230769230802,0.6285714285714299,36,33,ENABLE
1785583367.850867,0.005912870984969842,-0.0329670329670364,0.6109890109890124,36,33,ENABLE
1785583367.855874,0.005912870984969842,-0.010989010989014503,0.5934065934065949,36,33,ENABLE
1785583367.860909,0.005912870984969842,0.010989010989014503,0.5758241758241773,36,33,ENABLE
1785583367.8658743,0.005912870984969842,0.010989010989014503,0.5758241758241773,36,33,ENABLE
1785583367.8706563,0.005912870984969842,-0.010989010989014503,0.5670329670329686,36,33,ENABLE
1785583367.8756661,0.005912870984969842,-0.010989010989014503,0.5670329670329686,36,33,ENABLE
1785583367.8810055,0.005912870984969842,-0.010989010989014503,0.5670329670329686,36,33,ENABLE
1785583367.885698,0.005912870984969842,-0.010989010989014503,0.5670329670329686,36,33,ENABLE
1785583367.890659,0.006294346532387252,0.010989010989014503,0.5670329670329686,36,33,ENABLE
1785583367.8956594,0.006294346532387252,0.010989010989014503,0.5582417582417598,36,33,ENABLE
1785583367.9006581,0.006294346532387252,-0.010989010989014503,0.5582417582417598,36,33,ENABLE
1785583367.9056704,0.006294346532387252,-0.010989010989014503,0.5582417582417598,36,33,ENABLE
1785583367.9108615,0.006294346532387252,0.010989010989014503,0.549450549450551,36,33,ENABLE
1785583367.9156568,0.00705729762722207,0.0549450549450583,0.5318681318681335,36,33,ENABLE
1785583367.9206655,0.007438773174639479,0.0549450549450583,0.5318681318681335,36,33,ENABLE
1785583367.9256556,0.007438773174639479,0.0549450549450583,0.5230769230769248,36,33,ENABLE
1785583367.9306507,0.007820248722056888,0.0549450549450583,0.5230769230769248,36,33,ENABLE
1785583367.9356608,0.007820248722056888,0.010989010989014503,0.5230769230769248,36,33,ENABLE
1785583367.9409778,0.008201724269474298,0.010989010989014503,0.5230769230769248,36,33,ENABLE
1785583367.9459696,0.008583199816891707,0.0769230769230802,0.49670329670329494,36,33,ENABLE
1785583367.9507449,0.009346150911726525,0.0989010989011021,0.4791208791208774,36,33,ENABLE
1785583367.9556541,0.010109102006561344,0.1428571428571459,0.4351648351648336,36,33,ENABLE
1785583367.960641,0.012397955291065799,0.340659340659343,0.3736263736263723,36,33,ENABLE
1785583367.9656878,0.013923857480735435,0.340659340659343,0.32087912087911974,36,33,ENABLE
1785583367.9706373,0.01697566186007471,0.4725274725274744,0.23296703296703214,36,33,ENABLE
1785583367.9756448,0.019264515144579164,0.4945054945054963,0.18901098901098834,36,33,ENABLE
1785583367.9806342,0.022316319523918438,0.5164835164835182,0.12747252747252702,36,33,ENABLE
1785583367.9856548,0.024605172808422893,0.5164835164835182,0.09230769230769198,36,33,ENABLE
1785583367.9906538,0.026894026092927348,0.4505494505494525,0.08351648351648322,36,33,ENABLE
1785583367.9956348,0.028801403830014394,0.4065934065934087,0.04835164835164818,36,33,ENABLE
1785583368.0006146,0.03032730601968403,0.2967032967032992,0.0659340659340657,36,33,ENABLE
1785583368.0056667,0.032616159304188486,0.4285714285714306,-0.00439560439560438,36,33,ENABLE
1785583368.010652,0.03490501258869294,0.4065934065934087,-0.00439560439560438,36,33,ENABLE
1785583368.015657,0.037193865873197396,0.4505494505494525,-0.0659340659340657,36,33,ENABLE
1785583368.0206337,0.03910124361028444,0.3846153846153868,-0.04835164835164818,36,33,ENABLE
1785583368.0256321,0.0413900968947889,0.4285714285714306,-0.11868131868131826,36,33,ENABLE
1785583368.0306213,0.042915999084458534,0.3186813186813211,-0.2681318681318672,36,33,ENABLE
1785583368.0356371,0.042534523537041125,0.0549450549450583,-0.6901098901098912,36,33,ENABLE
1785583368.040651,0.03871976806286703,-0.4945054945054963,-1.1824175824175818,36,33,ENABLE
1785583368.0456195,0.03032730601968403,-1.2857142857142847,-1.6219780219780233,36,33,ENABLE
1785583368.0506625,0.0165941863126573,-2.2087912087912116,-1.9120879120879124,36,33,ENABLE
1785583368.0556417,-0.003242542153047978,-3.3736263736263723,-2.0879120879120876,36,33,ENABLE
1785583368.0606358,-0.028038452735179575,-4.428571428571431,-2.175824175824175,36,33,ENABLE
1785583368.065617,-0.05779354543373749,-5.46153846153846,-2.175824175824175,36,33,ENABLE
1785583368.0706358,-0.09174486915388691,-6.318681318681321,-2.1670329670329664,36,33,ENABLE
1785583368.0756547,-0.129129472800793,-7.1098901098901095,-2.1670329670329664,36,33,ENABLE
1785583368.0806384,-0.1703288319218732,-7.835164835164832,-2.079120879120879,36,33,ENABLE
1785583368.0856328,-0.21381704432745785,-8.450549450549453,-2.0879120879120876,36,33,ENABLE
1785583368.0906258,-0.2588311589227139,-8.89010989010989,-2.105494505494505,36,33,ENABLE
1785583368.095665,-0.30689707789730747,-9.285714285714285,-2.0615384615384613,36,33,ENABLE
1785583368.1006272,-0.35572594796673584,-9.615384615384613,-2.0615384615384613,36,33,ENABLE
1785583368.105634,-0.40608072022583386,-9.945054945054942,-2.0615384615384613,36,33,ENABLE
1785583368.1106312,-0.4571984435797667,-10.120879120879124,-2.105494505494505,36,33,ENABLE
1785583368.1156163,-0.5079346913862821,-10.230769230769234,-2.1582417582417577,36,33,ENABLE
1785583368.1206295,-0.5598153658350498,-10.2967032967033,-2.2109890109890102,36,33,ENABLE
1785583368.1256194,-0.6116960402838174,-10.362637362637365,-2.254945054945056,36,33,ENABLE
1785583368.130653,-0.6639581902800025,-10.384615384615387,-2.325274725274726,36,33,ENABLE
1785583368.1356225,-0.7162203402761875,-10.472527472527474,-2.3428571428571434,36,33,ENABLE
1785583368.1406267,-0.768101014724957,-10.494505494505496,-2.351648351648352,36,33,ENABLE
1785583368.1456156,-0.8207446402685594,-10.494505494505496,-2.3780219780219785,36,33,ENABLE
1785583368.1506207,-0.8737697413595793,-10.494505494505496,-2.386813186813187,36,33,ENABLE
1785583368.1556327,-0.9264133669031818,-10.53846153846154,-2.351648351648352,36,33,ENABLE
1785583368.160647,-0.9790569924467842,-10.516483516483518,-2.351648351648352,36,33,ENABLE
1785583368.1656492,-1.0313191424429693,-10.494505494505496,-2.3340659340659347,36,33,ENABLE
1785583368.1706395,-1.0835812924391544,-10.494505494505496,-2.290109890109891,36,33,ENABLE
1785583368.1756558,-1.135461966887922,-10.406593406593409,-2.2285714285714278,36,33,ENABLE
1785583368.180621,-1.1865796902418548,-10.384615384615387,-2.1582417582417577,36,33,ENABLE
1785583368.1856215,-1.2376974135957877,-10.2967032967033,-2.0967032967032964,36,33,ENABLE
1785583368.19063,-1.2884336614023049,-10.120879120879124,-2.07032967032967,36,33,ENABLE
1785583368.1956294,-1.3372625314717332,-9.967032967032964,-2.0087912087912088,36,33,ENABLE
1785583368.2006233,-1.386472877088579,-9.92307692307692,-1.9208791208791212,36,33,ENABLE
1785583368.2056558,-1.4360646982528422,-9.81318681318681,-1.8241758241758248,36,33,ENABLE
1785583368.21063,-1.4841306172274358,-9.725274725274723,-1.6835164835164846,36,33,ENABLE
1785583368.2156472,-1.5314335851071945,-9.637362637362635,-1.595604395604397,36,33,ENABLE
1785583368.2206178,-1.5783550774395358,-9.46153846153846,-1.4989010989010971,36,33,ENABLE
1785583368.2256289,-1.6248950942244598,-9.307692307692307,-1.3142857142857132,36,33,ENABLE
1785583368.2306125,-1.669909208819714,-9.153846153846153,-1.2263736263736256,36,33,ENABLE
1785583368.2356303,-1.7141603723201335,-9.0,-1.0505494505494504,36,33,ENABLE
1785583368.240651,-1.7580300602731374,-8.802197802197803,-0.8835164835164839,36,33,ENABLE
1785583368.2456179,-1.7992294193942175,-8.472527472527474,-0.7604395604395613,36,33,ENABLE
1785583368.2506263,-1.8408102540627151,-8.2967032967033,-0.5670329670329686,36,33,ENABLE
1785583368.2556188,-1.8797207598992909,-8.032967032967036,-0.4439560439560424,36,33,ENABLE
1785583368.2606409,-1.9178683146410318,-7.725274725274723,-0.38241758241758106,36,33,ENABLE
1785583368.2656217,-1.9541084916456857,-7.483516483516482,-0.20659340659340586,36,33,ENABLE
1785583368.270646,-1.9895857175555047,-7.175824175824175,-0.09230769230769198,36,33,ENABLE
1785583368.275642,-2.0231555657282367,-6.8901098901098905,0.01318681318681314,36,33,ENABLE
1785583368.2806315,-2.0544365606164643,-6.53846153846154,0.13626373626373578,36,33,ENABLE
1785583368.2856178,-2.083810177767605,-6.098901098901102,0.2417582417582409,36,33,ENABLE
1785583368.2906456,-2.1105134660868234,-5.593406593406591,0.3032967032967022,36,33,ENABLE
1785583368.2956212,-2.134164950026703,-5.065934065934066,0.3560439560439548,36,33,ENABLE
1785583368.3006337,-2.1570534828717474,-4.692307692307693,0.4791208791208774,36,33,ENABLE
1785583368.3056524,-2.178034637979705,-4.406593406593409,0.5846153846153861,36,33,ENABLE
1785583368.3106573,-2.1971084153505753,-4.032967032967036,0.6901098901098912,36,33,ENABLE
1785583368.3156395,-2.2138933394369413,-3.5934065934065913,0.7516483516483525,36,33,ENABLE
1785583368.320621,-2.2272449835965507,-3.0659340659340657,0.7604395604395613,36,33,ENABLE
1785583368.3256383,-2.238689250019073,-2.53846153846154,0.8131868131868139,36,33,ENABLE
1785583368.330653,-2.248226138704508,-2.120879120879124,0.8659340659340664,36,33,ENABLE
1785583368.3356338,-2.2554741741054407,-1.681318681318679,0.8747252747252752,36,33,ENABLE
1785583368.3406365,-2.25852597848478,-1.021978021978022,0.8131868131868139,36,33,ENABLE
1785583368.3456168,-2.25852597848478,-0.2967032967032992,0.7252747252747263,36,33,ENABLE
1785583368.3506317,-2.256618600747693,0.120879120879124,0.7516483516483525,36,33,ENABLE
1785583368.3556256,-2.2531853208209363,0.4725274725274744,0.7076923076923087,36,33,ENABLE
1785583368.3606353,-2.246318760967421,1.0879120879120876,0.6373626373626387,36,33,ENABLE
1785583368.3656156,-2.236781872281986,1.6153846153846132,0.5934065934065949,36,33,ENABLE
1785583368.3706467,-2.2253376058594636,2.07692307692308,0.5846153846153861,36,33,ENABLE
1785583368.3756387,-2.2123674372472717,2.4065934065934087,0.5758241758241773,36,33,ENABLE
1785583368.3806188,-2.1971084153505753,2.824175824175825,0.5230769230769248,36,33,ENABLE
1785583368.3856206,-2.1795605401693745,3.2857142857142847,0.4879120879120862,36,33,ENABLE
1785583368.3906448,-2.159342336156252,3.7252747252747227,0.47032967032966866,36,33,ENABLE
1785583368.3956385,-2.1375982299534595,4.142857142857146,0.4439560439560424,36,33,ENABLE
1785583368.4006264,-2.1143282215609975,4.472527472527474,0.4351648351648336,36,33,ENABLE
1785583368.405628,-2.0891508354314485,4.868131868131869,0.4351648351648336,36,33,ENABLE
1785583368.4106822,-2.06244754711223,5.1098901098901095,0.45274725274725114,36,33,ENABLE
1785583368.4156446,-2.0342183566033416,5.483516483516482,0.4615384615384599,36,33,ENABLE
1785583368.4206424,-2.0040817883573663,5.81318681318681,0.4615384615384599,36,33,ENABLE
1785583368.4256313,-1.9724193179217213,6.164835164835168,0.4879120879120862,36,33,ENABLE
1785583368.430632,-1.9392309452964067,6.472527472527474,0.5054945054945073,36,33,ENABLE
1785583368.4356205,-1.904135194934005,6.824175824175825,0.47032967032966866,36,33,ENABLE
1785583368.4406195,-1.8671320668345164,7.219780219780219,0.49670329670329494,36,33,ENABLE
1785583368.4456296,-1.8282215609979406,7.5494505494505475,0.45274725274725114,36,33,ENABLE
1785583368.4506354,-1.7877851529716953,7.901098901098898,0.4879120879120862,36,33,ENABLE
1785583368.4556427,-1.746204318303196,8.18681318681319,0.4879120879120862,36,33,ENABLE
1785583368.4606574,-1.7023346303501938,8.53846153846154,0.4439560439560424,36,33,ENABLE
1785583368.465619,-1.657701991302357,8.868131868131869,0.42637362637362486,36,33,ENABLE
1785583368.4706311,-1.6103990234225982,9.175824175824175,0.42637362637362486,36,33,ENABLE
1785583368.4758713,-1.5604257267109176,9.46153846153846,0.42637362637362486,36,33,ENABLE
1785583368.480876,-1.510452429999237,9.769230769230766,0.3912087912087898,36,33,ENABLE
1785583368.485625,-1.4616235599298086,10.032967032967036,0.3560439560439548,36,33,ENABLE
1785583368.490626,-1.4093614099336236,10.318681318681321,0.347252747252746,36,33,ENABLE
1785583368.4956155,-1.3563363088426037,10.582417582417584,0.347252747252746,36,33,ENABLE
1785583368.500635,-1.3002594033722445,10.89010989010989,0.32087912087911974,36,33,ENABLE
1785583368.5056224,-1.244563973449301,11.131868131868131,0.29450549450549346,36,33,ENABLE
1785583368.510611,-1.1869611657892722,11.395604395604394,0.2593406593406584,36,33,ENABLE
1785583368.5156152,-1.1278324559395738,11.659340659340657,0.18901098901098834,36,33,ENABLE
1785583368.520651,-1.064507515068284,12.208791208791212,0.05714285714285694,36,33,ENABLE
1785583368.5256298,-1.0008010986495766,12.582417582417584,-0.07472527472527446,36,33,ENABLE
1785583368.5306413,-0.9355687800411996,12.868131868131869,-0.23296703296703214,36,33,ENABLE
1785583368.5356212,-0.8695735103379878,13.10989010989011,-0.33846153846153726,36,33,ENABLE
1785583368.5406592,-0.8024338139925238,13.285714285714285,-0.4615384615384599,36,33,ENABLE
1785583368.54563,-0.7337682154573884,13.549450549450547,-0.5758241758241773,36,33,ENABLE
1785583368.5506418,-0.6654840924696721,13.659340659340657,-0.6285714285714299,36,33,ENABLE
1785583368.555631,-0.596437018387121,13.725274725274723,-0.6989010989011,36,33,ENABLE
1785583368.560649,-0.5277714198519874,13.747252747252745,-0.7428571428571438,36,33,ENABLE
1785583368.565617,-0.45948729686427114,13.681318681318679,-0.7516483516483525,36,33,ENABLE
1785583368.5706313,-0.3919661249713897,13.57142857142857,-1.0065934065934066,36,33,ENABLE
1785583368.5756185,-0.327878233005265,13.153846153846153,-1.463736263736262,36,33,ENABLE
1785583368.580629,-0.2668421454184795,12.494505494505496,-1.9120879120879124,36,33,ENABLE
1785583368.5858762,-0.20962081330586635,11.527472527472526,-2.2725274725274733,36,33,ENABLE
1785583368.5908737,-0.16041046768902056,10.450549450549453,-2.4835164835164836,36,33,ENABLE
1785583368.5956235,-0.11882963302052296,9.285714285714285,-2.545054945054945,36,33,ENABLE
1785583368.6006358,-0.08106355382619945,8.142857142857146,-2.5538461538461537,36,33,ENABLE
1785583368.6056342,-0.04787518120088485,7.131868131868131,-2.4923076923076923,36,33,ENABLE
1785583368.6106443,-0.018120088502326936,6.318681318681321,-2.465934065934066,36,33,ENABLE
1785583368.6156242,0.007438773174639479,5.5494505494505475,-2.4131868131868135,36,33,ENABLE
1785583368.6206439,0.03032730601968403,4.868131868131869,-2.351648351648352,36,33,ENABLE
1785583368.6256304,0.0497825589379719,4.274725274725277,-2.290109890109891,36,33,ENABLE
1785583368.63064,0.06733043411917272,3.703296703296701,-2.254945054945056,36,33,ENABLE
1785583368.635621,0.08258945601586909,3.3076923076923066,-2.219780219780219,36,33,ENABLE
1785583368.64063,0.09632257572289582,2.9340659340659343,-2.184615384615384,36,33,ENABLE
1785583368.6456287,0.1081483176928355,2.53846153846154,-2.1582417582417577,36,33,ENABLE
1785583368.6506405,0.11844815747310555,2.2307692307692335,-2.114285714285714,36,33,ENABLE
1785583368.655627,0.12684061951628856,1.901098901098898,-2.043956043956044,36,33,ENABLE
1785583368.660642,0.13408865491721933,1.5934065934065913,-1.9912087912087912,36,33,ENABLE
1785583368.665646,0.13942931258106306,1.2857142857142847,-1.9208791208791212,36,33,ENABLE
1785583368.6706266,0.14438849469748938,0.9780219780219781,-1.8681318681318686,36,33,ENABLE
1785583368.6756346,0.14744029907682865,0.7582417582417591,-1.780219780219781,36,33,ENABLE
1785583368.6806326,0.15011062790875052,0.5824175824175839,-1.7010989010989022,36,33,ENABLE
1785583368.6858206,0.15049210345616792,0.2527472527472554,-1.5780219780219795,36,33,ENABLE
1785583368.6908755,0.15049210345616792,0.0769230769230802,-1.4725274725274708,36,33,ENABLE
1785583368.695681,0.1497291523613331,-0.0769230769230802,-1.3846153846153832,36,33,ENABLE
1785583368.7006297,0.1489662012664983,-0.0989010989011021,-1.3494505494505482,36,33,ENABLE
1785583368.7056377,0.14858472571908088,-0.120879120879124,-1.323076923076922,36,33,ENABLE
1785583368.7106328,0.14820325017166347,-0.0769230769230802,-1.3054945054945044,36,33,ENABLE
1785583368.7156408,0.14782177462424606,-0.0769230769230802,-1.287912087912087,36,33,ENABLE
1785583368.7206273,0.14705882352941124,-0.1428571428571459,-1.2527472527472518,36,33,ENABLE
1785583368.725628,0.14591439688715901,-0.2087912087912116,-1.1912087912087905,36,33,ENABLE
1785583368.7306266,0.14286259250781974,-0.4505494505494525,-1.1120879120879117,36,33,ENABLE
1785583368.7356198,0.14019226367589788,-0.5164835164835182,-0.9978021978021978,36,33,ENABLE
1785583368.740626,0.1367589837491412,-0.6263736263736277,-0.8923076923076927,36,33,ENABLE
1785583368.7456162,0.13218127718013228,-0.780219780219781,-0.7780219780219788,36,33,ENABLE
1785583368.7506397,0.12760357061112337,-0.8461538461538467,-0.6813186813186825,36,33,ENABLE
1785583368.7556307,0.12264438849469705,-0.9340659340659343,-0.5934065934065949,36,33,ENABLE
1785583368.760634,0.11768520637827073,-1.0,-0.4879120879120862,36,33,ENABLE
1785583368.7656312,0.11310749980926182,-1.0,-0.42637362637362486,36,33,ENABLE
1785583368.7706363,0.10852979324025291,-0.9340659340659343,-0.3736263736263723,36,33,ENABLE
1785583368.7756546,0.103952086671244,-0.8901098901098905,-0.32087912087911974,36,33,ENABLE
1785583368.7806423,0.0997558556496525,-0.8681318681318686,-0.27692307692307594,36,33,ENABLE
1785583368.7856262,0.09517814908064359,-0.8901098901098905,-0.21538461538461462,36,33,ENABLE
1785583368.7906141,0.09060044251163468,-0.9120879120879124,-0.14505494505494454,36,33,ENABLE
1785583368.7956312,0.08602273594262577,-0.9120879120879124,-0.09230769230769198,36,33,ENABLE
1785583368.8006287,0.08106355382619945,-0.9780219780219781,-0.00439560439560438,36,33,ENABLE
1785583368.8056304,0.0745784695201035,-1.1758241758241752,0.16263736263736206,36,33,ENABLE
1785583368.8106158,0.06885633630884236,-1.197802197802197,0.23296703296703214,36,33,ENABLE
1785583368.8156497,0.06275272755016381,-1.197802197802197,0.347252747252746,36,33,ENABLE
1785583368.8206263,0.056267643244067855,-1.2857142857142847,0.4615384615384599,36,33,ENABLE
1785583368.8256226,0.05016403448538931,-1.2857142857142847,0.549450549450551,36,33,ENABLE
1785583368.8306282,0.04406042572671076,-1.241758241758241,0.6197802197802211,36,33,ENABLE
1785583368.8356276,0.03871976806286703,-1.1318681318681314,0.6725274725274737,36,33,ENABLE
1785583368.8406355,0.033379110399023304,-1.0879120879120876,0.7164835164835175,36,33,ENABLE
1785583368.8456285,0.029182879377431803,-0.9780219780219781,0.7516483516483525,36,33,ENABLE
1785583368.8506274,0.024986648355840302,-0.8681318681318686,0.7428571428571438,36,33,ENABLE
1785583368.855805,0.02155336842908362,-0.7582417582417591,0.7428571428571438,36,33,ENABLE
1785583368.860875,0.018120088502326936,-0.7142857142857153,0.7780219780219788,36,33,ENABLE
1785583368.8656805,0.014686808575570254,-0.7142857142857153,0.8043956043956051,36,33,ENABLE
1785583368.8706274,0.011253528648813571,-0.6923076923076934,0.8307692307692314,36,33,ENABLE
1785583368.8756406,0.008583199816891707,-0.6043956043956058,0.8307692307692314,36,33,ENABLE
1785583368.8806303,0.005912870984969842,-0.5824175824175839,0.8395604395604401,36,33,ENABLE
1785583368.8856285,0.0040054932478827965,-0.4505494505494525,0.8219780219780226,36,33,ENABLE
1785583368.8906338,0.002861066605630569,-0.3626373626373649,0.8219780219780226,36,33,ENABLE
1785583368.8956335,0.0005722133211261138,-0.3846153846153868,0.8395604395604401,36,33,ENABLE
1785583368.9006588,-0.0013351644159609322,-0.4065934065934087,0.8395604395604401,36,33,ENABLE
1785583368.905631,-0.0020981155107957505,-0.2527472527472554,0.7956043956043963,36,33,ENABLE
1785583368.9106352,-0.002861066605630569,-0.1648351648351678,0.7868131868131876,36,33,ENABLE
1785583368.9156237,-0.003242542153047978,-0.1428571428571459,0.8043956043956051,36,33,ENABLE
1785583368.92062,-0.004386968795300206,-0.1868131868131897,0.8043956043956051,36,33,ENABLE
1785583368.92563,-0.005149919890135024,-0.1648351648351678,0.8043956043956051,36,33,ENABLE
1785583368.9306307,-0.005531395437552433,-0.1648351648351678,0.7868131868131876,36,33,ENABLE
1785583368.935633,-0.005912870984969842,-0.0989010989011021,0.7604395604395613,36,33,ENABLE
1785583368.9406314,-0.005531395437552433,0.010989010989014503,0.734065934065935,36,33,ENABLE
1785583368.9456115,-0.005149919890135024,0.010989010989014503,0.734065934065935,36,33,ENABLE
1785583368.950633,-0.005531395437552433,-0.0329670329670364,0.7164835164835175,36,33,ENABLE
1785583368.9558208,-0.005149919890135024,0.010989010989014503,0.7076923076923087,36,33,ENABLE
1785583368.960632,-0.005149919890135024,0.0329670329670364,0.7164835164835175,36,33,ENABLE
1785583368.9656327,-0.005149919890135024,-0.0329670329670364,0.7076923076923087,36,33,ENABLE
1785583368.9706326,-0.005149919890135024,0.010989010989014503,0.7076923076923087,36,33,ENABLE
1785583368.9756303,-0.005149919890135024,0.010989010989014503,0.7164835164835175,36,33,ENABLE
1785583368.9806242,-0.004768444342717615,0.0329670329670364,0.6989010989011,36,33,ENABLE
1785583368.985823,-0.004768444342717615,0.010989010989014503,0.6901098901098912,36,33,ENABLE
1785583368.99087,-0.004386968795300206,0.0329670329670364,0.6901098901098912,36,33,ENABLE
1785583368.9957452,-0.004386968795300206,0.010989010989014503,0.6989010989011,36,33,ENABLE
1785583369.0006273,-0.0040054932478827965,0.010989010989014503,0.6813186813186825,36,33,ENABLE
1785583369.0056357,-0.0036240177004653873,0.0549450549450583,0.6637362637362649,36,33,ENABLE
1785583369.0106323,-0.002861066605630569,0.0989010989011021,0.6373626373626387,36,33,ENABLE
1785583369.0156286,-0.0013351644159609322,0.2087912087912116,0.5670329670329686,36,33,ENABLE
1785583369.0206168,0.0005722133211261138,0.3846153846153868,0.5054945054945073,36,33,ENABLE
1785583369.0256336,0.002861066605630569,0.4065934065934087,0.4351648351648336,36,33,ENABLE
1785583369.030631,0.005531395437552433,0.4725274725274744,0.3736263736263723,36,33,ENABLE
1785583369.0356271,0.008583199816891707,0.560439560439562,0.3032967032967022,36,33,ENABLE
1785583369.040628,0.01163500419623098,0.5824175824175839,0.22417582417582338,36,33,ENABLE
1785583369.0456288,0.015068284122987663,0.6263736263736277,0.17142857142857082,36,33,ENABLE
1785583369.0506423,0.018501564049744346,0.6483516483516496,0.11868131868131826,36,33,ENABLE
1785583369.055622,0.02155336842908362,0.6483516483516496,0.0659340659340657,36,33,ENABLE
1785583369.0606205,0.024605172808422893,0.5824175824175839,0.03956043956043942,36,33,ENABLE
1785583369.0656183,0.027275501640344757,0.560439560439562,-0.00439560439560438,36,33,ENABLE
1785583369.070633,0.03070878156710144,0.6263736263736277,-0.05714285714285694,36,33,ENABLE
1785583369.0756288,0.03376058594644071,0.560439560439562,-0.08351648351648322,36,33,ENABLE
1785583369.0806322,0.03566796368352776,0.4725274725274744,-0.3296703296703285,36,33,ENABLE
1785583369.0856233,0.03528648813611035,0.120879120879124,-0.8043956043956051,36,33,ENABLE
1785583369.0906243,0.03032730601968403,-0.6043956043956058,-1.323076923076922,36,33,ENABLE
1785583369.0956416,0.02040894178683139,-1.5274725274725256,-1.745054945054946,36,33,ENABLE
1785583369.1006155,0.005531395437552433,-2.516483516483518,-2.0615384615384613,36,33,ENABLE
1785583369.1056137,-0.015449759670405072,-3.615384615384613,-2.2373626373626365,36,33,ENABLE
1785583369.1106277,-0.042534523537041125,-4.824175824175825,-2.290109890109891,36,33,ENABLE
1785583369.1156304,-0.07419699397268609,-5.791208791208788,-2.3340659340659347,36,33,ENABLE
1785583369.1208682,-0.11158159761959219,-6.692307692307693,-2.316483516483517,36,33,ENABLE
1785583369.1258206,-0.15011062790875052,-7.439560439560438,-2.325274725274726,36,33,ENABLE
1785583369.1306303,-0.19169146257724812,-8.164835164835168,-2.290109890109891,36,33,ENABLE
1785583369.1356242,-0.2370870527199198,-8.780219780219781,-2.2373626373626365,36,33,ENABLE
1785583369.14063,-0.28477149614709774,-9.263736263736263,-2.254945054945056,36,33,ENABLE
1785583369.1456301,-0.33474479285877834,-9.769230769230766,-2.2109890109890102,36,33,ENABLE
1785583369.1506522,-0.3862439917601286,-10.142857142857146,-2.2109890109890102,36,33,ENABLE
1785583369.1556246,-0.43850614175631364,-10.362637362637365,-2.219780219780219,36,33,ENABLE
1785583369.1606405,-0.4911497672999161,-10.472527472527474,-2.290109890109891,36,33,ENABLE
1785583369.165638,-0.5437933928435186,-10.450549450549453,-2.395604395604396,36,33,ENABLE
1785583369.170621,-0.5956740672922862,-10.516483516483518,-2.465934065934066,36,33,ENABLE
1785583369.1756408,-0.6498435950255583,-10.64835164835165,-2.5274725274725274,36,33,ENABLE
1785583369.180628,-0.703631647211413,-10.736263736263737,-2.5626373626373624,36,33,ENABLE
1785583369.1856086,-0.7562752727550173,-10.714285714285715,-2.6417582417582413,36,33,ENABLE
1785583369.1906233,-0.8104448004882894,-10.736263736263737,-2.6417582417582413,36,33,ENABLE
1785583369.1956391,-0.8646143282215615,-10.780219780219781,-2.6593406593406588,36,33,ENABLE
1785583369.2006147,-0.9184023804074162,-10.846153846153847,-2.6329670329670325,36,33,ENABLE
1785583369.2056189,-0.9729533836881057,-10.846153846153847,-2.615384615384615,36,33,ENABLE
1785583369.2106247,-1.0271229114213778,-10.802197802197803,-2.5890109890109887,36,33,ENABLE
1785583369.2156456,-1.0809109636072325,-10.780219780219781,-2.5626373626373624,36,33,ENABLE
1785583369.22062,-1.1346990157930872,-10.780219780219781,-2.465934065934066,36,33,ENABLE
1785583369.2256474,-1.1884870679789419,-10.736263736263737,-2.3780219780219785,36,33,ENABLE
1785583369.2306237,-1.2415121690699618,-10.692307692307693,-2.2989010989010996,36,33,ENABLE
1785583369.235646,-1.2937743190661486,-10.53846153846154,-2.2373626373626365,36,33,ENABLE
1785583369.2406356,-1.3452735179674988,-10.406593406593409,-2.1582417582417577,36,33,ENABLE
1785583369.245609,-1.3963912413214317,-10.318681318681321,-2.043956043956044,36,33,ENABLE
1785583369.2506256,-1.4475089646753645,-10.230769230769234,-1.92967032967033,36,33,ENABLE
1785583369.2556167,-1.4971007858396277,-10.054945054945058,-1.8241758241758248,36,33,ENABLE
1785583369.260897,-1.5482185091935605,-9.857142857142854,-1.745054945054946,36,33,ENABLE
1785583369.2658188,-1.5947585259784844,-9.549450549450547,-1.6131868131868146,36,33,ENABLE
1785583369.2706263,-1.6393911650263213,-9.329670329670328,-1.5428571428571445,36,33,ENABLE
1785583369.2756255,-1.6840238040741582,-9.10989010989011,-1.4109890109890095,36,33,ENABLE
1785583369.2806554,-1.7278934920271602,-8.89010989010989,-1.3406593406593394,36,33,ENABLE
1785583369.2856097,-1.769855802243077,-8.604395604395606,-1.2351648351648343,36,33,ENABLE
1785583369.290629,-1.8110551613641572,-8.340659340659343,-1.1120879120879117,36,33,ENABLE
1785583369.2956257,-1.85187304493782,-8.18681318681319,-0.9362637362637365,36,33,ENABLE
1785583369.3006396,-1.890020599679561,-7.92307692307692,-0.7516483516483525,36,33,ENABLE
1785583369.3058405,-1.930075532158389,-7.725274725274723,-0.514285714285716,36,33,ENABLE
1785583369.31063,-1.9659342336156254,-7.571428571428569,-0.347252747252746,36,33,ENABLE
1785583369.3168745,-2.0098039215686274,-7.197802197802197,-0.13626373626373578,36,33,ENABLE
1785583369.3209143,-2.037270160982681,-7.043956043956044,0.03076923076923066,36,33,ENABLE
1785583369.3257995,-2.068932631418326,-6.692307692307693,0.1978021978021971,36,33,ENABLE
1785583369.330047,-2.0944914930952923,-6.18681318681319,0.33846153846153726,36,33,ENABLE
1785583369.3360443,-2.126153963530937,-5.483516483516482,0.4615384615384599,36,33,ENABLE
1785583369.3396764,-2.144464789806973,-5.219780219780219,0.5670329670329686,36,33,ENABLE
1785583369.3449686,-2.1700236514839393,-4.8901098901098905,0.76923076923077,36,33,ENABLE
1785583369.3500483,-2.1906233310444794,-4.340659340659343,0.8043956043956051,36,33,ENABLE
1785583369.35433,-2.205119401846341,-3.7252747252747227,0.8043956043956051,36,33,ENABLE
1785583369.3592772,-2.2184710460059502,-3.0879120879120876,0.8659340659340664,36,33,ENABLE
1785583369.3654525,-2.233348592355229,-2.582417582417584,0.9802197802197803,36,33,ENABLE
1785583369.3706641,-2.242504005493247,-2.0549450549450583,0.9362637362637365,36,33,ENABLE
1785583369.3759687,-2.247081712062256,-1.3516483516483504,0.8747252747252752,36,33,ENABLE
1785583369.3809848,-2.2493705653467604,-0.7362637362637372,0.8835164835164839,36,33,ENABLE
1785583369.385865,-2.250133516441597,-0.3626373626373649,0.9274725274725277,36,33,ENABLE
1785583369.3908846,-2.2478446631570907,0.1428571428571459,0.918681318681319,36,33,ENABLE
1785583369.3958716,-2.243266956588082,0.6483516483516496,0.9098901098901102,36,33,ENABLE
1785583369.4008036,-2.2356374456397337,1.197802197802197,0.8923076923076927,36,33,ENABLE
1785583369.4058647,-2.225719081406881,1.681318681318679,0.918681318681319,36,33,ENABLE
1785583369.4108212,-2.2138933394369413,2.098901098901102,0.918681318681319,36,33,ENABLE
1785583369.415912,-2.1982528419928276,2.7142857142857153,0.8659340659340664,36,33,ENABLE
1785583369.4208288,-2.1803234912642093,3.3296703296703285,0.7868131868131876,36,33,ENABLE
1785583369.425869,-2.1597238117036692,3.835164835164832,0.7956043956043963,36,33,ENABLE
1785583369.4308217,-2.137216754406042,4.2307692307692335,0.7428571428571438,36,33,ENABLE
1785583369.4357975,-2.112039368276493,4.780219780219781,0.6901098901098912,36,33,ENABLE
1785583369.4408157,-2.0845731288624396,5.241758241758241,0.6373626373626387,36,33,ENABLE
1785583369.4457984,-2.055199511711299,5.637362637362635,0.6285714285714299,36,33,ENABLE
1785583369.450819,-2.0231555657282367,6.054945054945058,0.6197802197802211,36,33,ENABLE
1785583369.4558687,-1.9899671931029221,6.406593406593409,0.6109890109890124,36,33,ENABLE
1785583369.4608173,-1.9556343938353553,6.780219780219781,0.6021978021978036,36,33,ENABLE
1785583369.465804,-1.919012741283284,7.175824175824175,0.5758241758241773,36,33,ENABLE
1785583369.4708002,-1.8801022354467083,7.571428571428569,0.5934065934065949,36,33,ENABLE
1785583369.475865,-1.8381399252307933,7.967032967032964,0.5758241758241773,36,33,ENABLE
1785583369.480865,-1.795033188372626,8.362637362637365,0.5582417582417598,36,33,ENABLE
1785583369.485808,-1.7507820248722066,8.758241758241759,0.4879120879120862,36,33,ENABLE
1785583369.4908721,-1.7038605325398635,9.087912087912088,0.47032967032966866,36,33,ENABLE
1785583369.4958148,-1.6565575646601047,9.439560439560438,0.42637362637362486,36,33,ENABLE
1785583369.5008163,-1.6069657434958415,9.747252747252745,0.3999999999999986,36,33,ENABLE
1785583369.5057971,-1.5562294956893261,10.032967032967036,0.40879120879120734,36,33,ENABLE
1785583369.510816,-1.5035858701457236,10.274725274725277,0.4351648351648336,36,33,ENABLE
1785583369.515797,-1.4509422446021212,10.53846153846154,0.4351648351648336,36,33,ENABLE
1785583369.520811,-1.3960097657740143,10.780219780219781,0.45274725274725114,36,33,ENABLE
1785583369.525796,-1.3395513847562377,11.087912087912088,0.4439560439560424,36,33,ENABLE
1785583369.5307982,-1.281948577096209,11.395604395604394,0.4175824175824161,36,33,ENABLE
1785583369.5357969,-1.2220569161516739,11.747252747252745,0.36483516483516354,36,33,ENABLE
1785583369.5408142,-1.1602578774700536,12.07692307692308,0.32087912087911974,36,33,ENABLE
1785583369.545798,-1.0984588387884333,12.340659340659343,0.23296703296703214,36,33,ENABLE
1785583369.5508137,-1.0317006179903867,12.912087912087912,0.05714285714285694,36,33,ENABLE
1785583369.5558033,-0.9645609216449227,13.35164835164835,-0.07472527472527446,36,33,ENABLE
1785583369.5608656,-0.893987945372702,13.659340659340657,-0.23296703296703214,36,33,ENABLE
1785583369.565802,-0.8249408712901509,13.879120879120876,-0.3999999999999986,36,33,ENABLE
1785583369.5708015,-0.753223468375678,14.142857142857146,-0.5054945054945073,36,33,ENABLE
1785583369.575798,-0.6807431143663685,14.406593406593409,-0.6373626373626387,36,33,ENABLE
