time,t_rel,target_pos
1785583349.5777028,3.148000004671303e-06,4.944870346533967e-07
1785583349.5827038,0.005176739999996016,0.0008141061208457185
1785583349.5876307,0.010105166999991866,0.0015909142034869206
1785583349.5925405,0.015086722999996027,0.002377825427638361
1785583349.5975695,0.02013024199999336,0.003176287451492001
1785583349.6025386,0.025089632000003803,0.003963152166495897
1785583349.607576,0.030131909999994377,0.0047649097818684705
1785583349.6125734,0.035094669999992334,0.005555730084978411
1785583349.6175694,0.0400928370000031,0.006353895321275032
1785583349.6225445,0.04508989299999655,0.0071535828989191625
1785583349.6275349,0.05008907900000281,0.007955303347176533
1785583349.6325536,0.055091950000004886,0.008759300217817668
1785583349.6375306,0.06008835800000156,0.00956393237937679
1785583349.6425366,0.0650886729999911,0.010370859566198707
1785583349.6475387,0.07008687699999427,0.011179102425844458
1785583349.6525452,0.07509097099999451,0.01198994742864669
1785583349.6575336,0.08008989699999347,0.012801593808207818
1785583349.6625984,0.08509963800000264,0.013616629938164204
1785583349.6675715,0.09009147199999745,0.014430370026847128
1785583349.6725445,0.09509076899999513,0.01524693501806858
1785583349.6775365,0.1000889729999983,0.016064920720908094
1785583349.682538,0.10508875200000034,0.016884754115093777
1785583349.6875622,0.1100905670000003,0.017706502505849337
1785583349.6925416,0.11508941900000025,0.018529334049609436
1785583349.697535,0.12008693900000367,0.019353504967700195
1785583349.7026024,0.1250872539999932,0.02017968620573183
1785583349.7075667,0.13009045799999797,0.02100788545888638
1785583349.7125914,0.135098217999996,0.02183837149168071
1785583349.717581,0.14009564399999874,0.022668661590040665
1785583349.7225618,0.1450921640000047,0.0235003062295204
1785583349.7275763,0.1500931270000052,0.024334186387855467
1785583349.7325613,0.15509410900000375,0.025169555332172133
1785583349.7375565,0.16009388700000216,0.026006197065408798
1785583349.7425551,0.16509223999999278,0.026844062154463843
1785583349.747598,0.17009433299999444,0.027684005993277125
1785583349.7526045,0.17510583300000349,0.028526974315526157
1785583349.757568,0.18009198199999332,0.029367102081146075
1785583349.7625582,0.1850933719999972,0.030211212632049084
1785583349.7675781,0.19009394600000462,0.031056590172939116
1785583349.7730465,0.19509392799999148,0.03190325995325674
1785583349.7775648,0.20009274400000265,0.03275111189905904
1785583349.7825518,0.20508785500000215,0.03359970110791354
1785583349.7875404,0.21009002299999224,0.03445084485393062
1785583349.7925692,0.21509317099999237,0.03530349984121165
1785583349.7975545,0.22009163500000284,0.03615668665397159
1785583349.8025534,0.2250937280000045,0.03701181103920044
1785583349.8075478,0.2300939320000026,0.03786791746780796
1785583349.8125658,0.23509489599999256,0.03872544601953669
1785583349.8175523,0.2400940259999942,0.03958393833578212
1785583349.8225555,0.24509250799999904,0.040443583872103284
1785583349.8275504,0.2500935639999966,0.041304924084411374
1785583349.8325677,0.25509523099999853,0.04216760854362433
1785583349.8375561,0.26009324999999706,0.043030887883966695
1785583349.8425543,0.26509439899999165,0.04389591885648665
1785583349.8475707,0.2700911400000052,0.044761383282097826
1785583349.8525612,0.2750947339999925,0.04562921845853606
1785583349.8575513,0.2800936790000037,0.0464974160659403
1785583349.862556,0.28509401299999126,0.0473670093174838
1785583349.8675497,0.29009277199999417,0.04823746826739212
1785583349.8725646,0.29509408799999903,0.04910949821491119
1785583349.87755,0.3000934399999977,0.0499822963908109
1785583349.8825529,0.30509320000000173,0.05085626156725053
1785583349.8875556,0.3100932379999932,0.05173135629503402
1785583349.892564,0.3150955529999919,0.05260791616695978
1785583349.8975525,0.32009173899999155,0.053484451760683525
1785583349.9025517,0.32509297999999376,0.05436290952144384
1785583349.907565,0.3300943509999996,0.0552424105052544
1785583349.9125557,0.33509418500000265,0.056122645518133694
1785583349.9175477,0.34009324100000526,0.05700373174335846
1785583349.9225488,0.345092778999998,0.057885875292474846
1785583349.9275768,0.3500932239999912,0.05876913554360928
1785583349.9325554,0.355093760999992,0.05965335267057807
1785583349.937547,0.36009290999999166,0.06053824832550584
1785583349.942547,0.36509344699999247,0.06142429746426546
1785583349.947583,0.37009166999999366,0.06231082732888785
1785583349.9525626,0.375094782000005,0.06319909949069201
1785583349.9575531,0.3800910229999914,0.06408700870216993
1785583349.9625463,0.3850924129999953,0.06497667369464143
1785583349.9675732,0.3900928949999951,0.06586700099389253
1785583349.9725583,0.39509526599999845,0.06675847158828882
1785583349.9775481,0.40009359900000163,0.06765001133842563
1785583349.9825492,0.4050935629999941,0.06854261333004766
1785583349.9875681,0.41009302700000205,0.06943587975132927
1785583349.9925528,0.4150933969999926,0.07033004411948297
1785583349.9975493,0.4200916389999918,0.07122454571162289
1785583350.0025482,0.4250938250000047,0.07212045351038039
1785583350.0075672,0.43009312399999544,0.07301652608115455
1785583350.0125625,0.43509446000000196,0.07391362747526097
1785583350.017556,0.44009357400000226,0.07481097523140873
1785583350.0225642,0.4450943169999988,0.07570924187091095
1785583350.0275464,0.4500916719999992,0.07660750713423937
1785583350.0325637,0.4550909900000022,0.07750671370719826
1785583350.0375667,0.4600930480000045,0.07840698312847737
1785583350.042562,0.46509297699999763,0.07930741999671118
1785583350.0475833,0.4700927199999967,0.08020835452441252
1785583350.0525775,0.47509455699999137,0.08111017839098571
1785583350.057565,0.48009317099999294,0.08201191317967359
1785583350.0625603,0.4850926729999969,0.08291428042212452
1785583350.0675614,0.4900927869999947,0.08381721063563323
1785583350.0725746,0.49509417899999164,0.08472080431097963
1785583350.0775611,0.5000932749999976,0.08562439544417998
1785583350.082564,0.5050932589999917,0.08652853906701974
1785583350.0875728,0.5100933730000037,0.08743307778322221
1785583350.092567,0.5150937460000051,0.08833801437998504
1785583350.0975697,0.5200931379999929,0.08924310364553303
1785583350.102562,0.5250926960000015,0.0901485322834801
1785583350.1075594,0.5300923660000052,0.09105426952964359
1785583350.1125689,0.5350934979999948,0.09196053892078886
1785583350.1175659,0.5400924819999915,0.09286666492804277
1785583350.1225905,0.5450963739999963,0.09377390526911773
1785583350.1275856,0.5500941920000031,0.0946802471726947
1785583350.132568,0.5550933239999978,0.09558700842646613
1785583350.1375601,0.560092123000004,0.09649386849085695
1785583350.1425645,0.5650925340000015,0.09740115827020912
1785583350.1475828,0.5700925179999956,0.09830848569621396
1785583350.1525636,0.5750929280000037,0.09921598325762004
1785583350.157561,0.580092116000003,0.10012332941011177
1785583350.1625814,0.5850943229999928,0.1010312713283424
1785583350.1675665,0.5900956219999927,0.10193907351535705
1785583350.1725872,0.5950976430000026,0.10284700894194651
1785583350.177554,0.6000938680000019,0.10375387150843457
1785583350.1825585,0.6050936120000046,0.10466132884928009
1785583350.1875486,0.6100927260000049,0.10556860459646328
1785583350.1925611,0.6150934509999928,0.10647608200041614
1785583350.197556,0.6200919540000029,0.10738304193471072
1785583350.2025535,0.6250938080000026,0.10829047182359737
1785583350.2075493,0.6300937930000003,0.10919740072652115
1785583350.212569,0.6350954069999943,0.11010443911604645
1785583350.2175522,0.6400938729999979,0.11101069662523698
1785583350.222556,0.6451004489999974,0.11191818974538126
1785583350.2275536,0.6500928039999962,0.1128228467891445
1785583350.2325716,0.6551029000000028,0.11373043461658265
1785583350.2375507,0.6600940879999939,0.11463428962244349
1785583350.2425458,0.6650932569999952,0.11553925731162758
1785583350.2475712,0.670091056000004,0.11644361930300433
1785583350.2525647,0.6750953180000039,0.11734876726881442
1785583350.2575495,0.6800934319999925,0.11825239486493948
1785583350.2625482,0.6850929350000001,0.1191558398892479
1785583350.2675533,0.690093418999993,0.12005900273125088
1785583350.2725646,0.6950951820000029,0.12096191116915254
1785583350.2775521,0.7000936289999942,0.12186371016845897
1785583350.2825508,0.7050933169999922,0.12276519621103336
1785583350.287549,0.710093263999994,0.12366616585830562
1785583350.2925644,0.7150958969999976,0.12456702964418075
1785583350.29755,0.7200914740000002,0.12546600763387636
1785583350.302547,0.7250934759999978,0.1263654993501496
1785583350.3075461,0.7300926639999972,0.1272638159889825
1785583350.3125803,0.7350939260000047,0.12816180918425402
1785583350.3175538,0.7400930029999984,0.12905868726771672
1785583350.3225498,0.7450930990000018,0.1299549982008576
1785583350.3275456,0.7500932869999986,0.1308505483033797
1785583350.3325715,0.7550959929999976,0.1317457440474344
1785583350.337551,0.7600932179999944,0.13263912727023816
1785583350.3425488,0.7650930180000017,0.13353211125364833
1785583350.3475738,0.7700910389999933,0.13442389036750574
1785583350.3525755,0.7750970599999931,0.1353161797877947
1785583350.3575563,0.7800942479999975,0.1362059512952464
1785583350.3625472,0.7850932139999998,0.13709506801497554
1785583350.36755,0.7900929759999968,0.13798332619348072
1785583350.3725681,0.7950962009999927,0.1388711698481633
1785583350.3775513,0.8000939450000004,0.13975698383075744
1785583350.3825493,0.8050930400000027,0.14064195162405801
1785583350.3875499,0.8100931359999919,0.14152598161155264
1785583350.392566,0.815096804999996,0.1424094979279108
1785583350.3975549,0.8200919929999912,0.14329034470427313
1785583350.4025474,0.8250934409999928,0.14417109283625862
1785583350.4075475,0.8300935550000048,0.14505037382095584
1785583350.412565,0.8350947429999991,0.14592858162329747
1785583350.4175518,0.8400942640000011,0.14680520544848039
1785583350.4225483,0.8450930449999987,0.14768037895290578
1785583350.427549,0.8500931399999985,0.1485544315617875
1785583350.4325693,0.8550960129999936,0.14942758741129536
1785583350.4375572,0.8600944789999971,0.1502985629510702
1785583350.4425519,0.865092962999995,0.15116810075510986
1785583350.4475708,0.8700910959999959,0.1520361063254262
1785583350.4525647,0.8750962839999943,0.15290383221424023
1785583350.4575534,0.880094138000004,0.15376875325649395
1785583350.4625506,0.8850919559999966,0.1546321049823772
1785583350.467549,0.8900932549999965,0.15549446232945482
1785583350.4725885,0.8950982399999958,0.156355826034817
1785583350.4775562,0.900093928000004,0.1572139332225176
1785583350.4825528,0.9050934859999984,0.15807101692795258
1785583350.4875517,0.9100937850000008,0.15892650691730695
1785583350.4925609,0.915094584000002,0.1597803296886607
1785583350.4975555,0.9200919569999968,0.16063178474878465
1785583350.5025492,0.9250932749999947,0.16148209582670817
1785583350.5075507,0.9300932590000031,0.16233033199028415
1785583350.5125632,0.9350941699999993,0.16317684491737222
1785583350.517551,0.940094098000003,0.16402127909810707
1785583350.5225596,0.9450949350000002,0.16486392175378073
1785583350.527551,0.9500930859999954,0.16570413571279732
1785583350.5325634,0.9550944399999963,0.16654287804526066
1785583350.5375555,0.9600918879999938,0.16737892429829604
1785583350.5425541,0.965093502000002,0.16821359188692622
1785583350.5475714,0.9700915229999936,0.16904555272046157
1785583350.55255,0.9750925259999974,0.1698758685916117
1785583350.5575469,0.9800937320000003,0.17070404287674518
1785583350.5625486,0.9850925679999989,0.17152961764063887
1785583350.5675511,0.9900930339999974,0.1723532205940313
1785583350.5726082,0.9951042409999928,0.17317631040292575
1785583350.5775552,1.0000922619999955,0.17399328952554616
1785583350.582575,1.005093617,0.17481011263159557
1785583350.5875657,1.0100929529999974,0.1756242305148346
1785583350.5925615,1.0150925669999964,0.17643598453582374
1785583350.5975628,1.0200930139999969,0.17724542995275477
1785583350.602562,1.0250936279999934,0.17805242405978292
1785583350.6075647,1.0300930199999954,0.1788567092285185
1785583350.612561,1.0350922079999947,0.17965841595346735
1785583350.6175618,1.0400920069999984,0.180457640163528
1785583350.6225588,1.0450919359999915,0.181254269829757
1785583350.6275618,1.050092253999992,0.18204831113556255
1785583350.632562,1.0550923489999917,0.1828396319889324
1785583350.6375608,1.060091963000005,0.18362815725708592
1785583350.642559,1.0650925399999949,0.1844140793145695
1785583350.6475825,1.0700925430000012,0.18519712120505089
1785583350.6525607,1.0750927489999924,0.18597736975563534
1785583350.6575572,1.0800925850000027,0.18675470043679998
1785583350.6626325,1.0850978839999925,0.18752998031911255
1785583350.6675754,1.0900954800000022,0.18830113659723038
1785583350.6725645,1.0950926489999944,0.1890692636470496
1785583350.6775618,1.1000921889999944,0.1898347542265412
1785583350.6825593,1.1050921180000017,0.1905972666745308
1785583350.6875596,1.1100926579999992,0.1913567981239113
1785583350.6925619,1.1150925679999943,0.19211312420170917
1785583350.6975644,1.1200936639999952,0.19286648309741478
1785583350.7025614,1.1250923329999978,0.19361629567172417
1785583350.7075608,1.1300927249999972,0.19436314895977813
1785583350.7125602,1.1350918760000042,0.19510656357925488
1785583350.717559,1.1400925450000017,0.19584691323072928
1785583350.7225583,1.145091973999996,0.19658375293347174
1785583350.7275686,1.1500933290000006,0.19731751213870083
1785583350.7325656,1.1550929240000016,0.19804761335180704
1785583350.7375638,1.1600935750000048,0.19877443188705493
1785583350.742561,1.1650922820000034,0.1994974959450379
1785583350.74758,1.1700920250000024,0.20021720077145588
1785583350.7525578,1.1750926759999913,0.20093348905080577
1785583350.7575803,1.1800932719999935,0.20164618501543916
1785583350.7625666,1.1850925520000004,0.2023550734451863
1785583350.7675612,1.1900927220000028,0.20306043056461395
1785583350.7725596,1.1950919840000012,0.20376196565517204
1785583350.7775633,1.2000925979999977,0.20445995818550988
1785583350.78256,1.2050919710000016,0.2051540088648744
1785583350.7875786,1.2101101039999946,0.20584683700357032
1785583350.792557,1.2150916989999985,0.2065307909684504
1785583350.7975824,1.2201117390000036,0.207216125812946
1785583350.8025582,1.2250923529999938,0.20789217445649993
1785583350.807557,1.2300922999999955,0.20856689877476683
1785583350.812561,1.235093710000001,0.20923782507005032
1785583350.8175566,1.2400918609999962,0.20990428443027295
1785583350.8225698,1.2450929009999925,0.21056705939115672
1785583350.8275592,1.2500919409999938,0.2112254632163789
1785583350.8325598,1.255092591999997,0.21187993418684398
1785583350.8375578,1.2600922620000006,0.21253009445953422
1785583350.84256,1.2650925049999984,0.21317610875357204
1785583350.847577,1.270091655999991,0.21381772470943802
1785583350.8525584,1.2750919369999991,0.21445518950597478
1785583350.8575583,1.2800920880000035,0.21508830322557845
1785583350.8625631,1.2850921649999947,0.2157170351892784
1785583350.8675587,1.2900919450000004,0.21634131977728666
1785583350.8725588,1.2950920589999981,0.21696119762713367
1785583350.8775587,1.3000926919999927,0.21757665239315271
1785583350.882563,1.305092842999997,0.2181875226573086
1785583350.8875587,1.3100923269999925,0.21879374919074415
1785583350.892558,1.3150918669999925,0.2193953822903679
1785583350.8975582,1.3200922030000015,0.21999247158678714
1785583350.90256,1.325092576000003,0.22058488701671308
1785583350.9075594,1.330091987000003,0.22117247324089417
1785583350.912602,1.3350950819999952,0.22175573411076857
1785583350.917572,1.3400923629999966,0.22233352708450543
1785583350.9225671,1.345092495000003,0.22290681995203343
1785583350.9275634,1.350093239000003,0.22347531262585327
1785583350.9325604,1.3550925379999939,0.22403873412194922
1785583350.9375613,1.3600925220000022,0.22459728724140313
1785583350.9425585,1.3650921549999993,0.22515081738392007
1785583350.9475846,1.3700929350000024,0.22569945081584525
1785583350.9525595,1.3750926419999985,0.2262429054825756
1785583350.9575574,1.3800923849999975,0.22678126511822663
1785583350.9625585,1.385092869999994,0.22731456615996604
1785583350.9675632,1.390092224,0.22784257107316747
1785583350.9725611,1.3950932270000038,0.22836553427008374
1785583350.9775562,1.4000923779999965,0.22888305159632027
1785583350.9825666,1.405092400000001,0.2293953681235844
1785583350.9875617,1.410092309999996,0.22990234357603243
1785583350.9925616,1.4150929049999945,0.23040401950297132
1785583350.9975598,1.4200922039999995,0.2309001598298729
1785583351.002558,1.4250927260000026,0.23139097635464537
1785583351.0075603,1.430092676000001,0.2318762535416568
1785583351.0125577,1.4350925689999912,0.23235600414554974
1785583351.0175555,1.440091370999994,0.23283009263055648
1785583351.0225573,1.4450919869999979,0.23329875508802841
1785583351.0275552,1.4500914179999995,0.23376167121509048
1785583351.0325642,1.4550921999999957,0.23421903738647346
1785583351.0375578,1.4600915019999974,0.23467055678774557
1785583351.0425575,1.4650918399999995,0.2351164193295586
1785583351.047582,1.4700914750000038,0.23555643133556103
1785583351.0525603,1.4750921649999924,0.23599070890013935
1785583351.057557,1.4800920029999958,0.23641904809377765
1785583351.0625582,1.4850918409999991,0.23684148549058598
1785583351.0675569,1.4900920319999926,0.23725801241919045
1785583351.0725572,1.4950919810000016,0.2376685412966911
1785583351.0775564,1.5000917449999918,0.23807303980421582
1785583351.0825596,1.5050917869999978,0.23847150752030055
1785583351.0875556,1.5100915700000002,0.23886386396296944
1785583351.0925553,1.5150908339999916,0.23925005256576765
1785583351.0975595,1.5200914499999953,0.23963017879314882
1785583351.102556,1.5250924919999989,0.24000413147982042
1785583351.1075552,1.530091830999993,0.24037171640588617
1785583351.1125617,1.5350915580000049,0.2407330524509947
1785583351.1175604,1.540091321999995,0.24108807619436348
1785583351.122558,1.545091733999996,0.24143679253574285
1785583351.1275575,1.5500919619999962,0.2417791054566801
1785583351.1325588,1.5550919850000042,0.2421149772351189
1785583351.1375587,1.5600912679999936,0.24244433681915561
1785583351.1425576,1.5650917539999938,0.242767274456729
1785583351.1475785,1.5700915369999962,0.2430836293109729
1785583351.1525578,1.5750916530000012,0.24339343097662466
1785583351.1575563,1.580091232000001,0.24369658936935085
1785583351.1625907,1.5850983109999959,0.24399354142705015
1785583351.1720903,1.590092538999997,0.244283054517462
1785583351.1729078,1.5954885219999966,0.24458832094424685
1785583351.177545,1.6000913449999956,0.2448424964174013
1785583351.1825824,1.6050885909999977,0.24511193469663106
1785583351.1875799,1.6100910579999947,0.24537482313536207
1785583351.192576,1.6150913040000034,0.2456307286270191
1785583351.197578,1.6200889200000006,0.24587960450827323
1785583351.2025838,1.6250922400000007,0.24612182378328143
1785583351.2076023,1.6300955039999963,0.24635706028333318
1785583351.2126033,1.6350953059999966,0.24658512582298717
1785583351.2175992,1.640095458999994,0.2468061656075675
1785583351.2226734,1.6451720190000003,0.24702334271676302
1785583351.2275882,1.6501002279999994,0.24722716019260954
1785583351.2325869,1.6550973810000045,0.24742673962997191
1785583351.2375846,1.6600971270000002,0.24761924391344162
1785583351.2425714,1.6650955389999922,0.2478044845774722
1785583351.247582,1.6700923589999945,0.24798242400434145
1785583351.252549,1.675093382,0.2481532285967258
1785583351.2575448,1.6800928319999997,0.24831666120120663
1785583351.2625477,1.6850928549999935,0.24847276017727563
1785583351.2675447,1.690092711999995,0.2486214677244779
1785583351.2725425,1.6950920879999956,0.24876274224016776
1785583351.2775664,1.7000965550000018,0.24889669735000594
1785583351.282563,1.7050954679999961,0.24902301579339856
1785583351.2875545,1.7100927319999926,0.2491417792727975
1785583351.292544,1.7150924780000025,0.249253051093776
1785583351.2975461,1.7200909639999935,0.2493567123948606
1785583351.3025398,1.725091636000002,0.24945279987222985
1785583351.3075683,1.730097826000005,0.24954132737838688
1785583351.3125648,1.7350954049999956,0.24962201985729582
1785583351.3175461,1.7400909290000044,0.24969497568716043
1785583351.3225439,1.7450933779999929,0.24976028281978854
1785583351.3275409,1.750092030999994,0.24981776229997074
1785583351.332551,1.7550932949999947,0.24986745901679772
1785583351.337544,1.760092708000002,0.24990929551428276
1785583351.3425443,1.7650930279999955,0.24994326595136498
1785583351.3475633,1.7700903660000051,0.2499693179033993
1785583351.3525417,1.7750927780000012,0.2499874576663262
1785583351.3575602,1.7800941719999912,0.2499976229553367
1785583351.3625455,1.7850931589999988,0.24999978883136448
1785583351.3675494,1.7900930710000011,0.2499939302122364
1785583351.3725514,1.7950929830000035,0.24998001609462828
1785583351.377546,1.8000927289999993,0.24995801770512974
1785583351.3825457,1.8050924930000036,0.24992790518412022
1785583351.3875682,1.810097017000004,0.24988960910705077
1785583351.3925686,1.8150962069999963,0.24984317915678725
1785583351.3975499,1.8200914530000034,0.24978859650338867
1785583351.4025455,1.8250928279999954,0.2497257172422972
1785583351.407544,1.830092406999995,0.24965460209132478
1785583351.4125407,1.8350920970000004,0.24957520011908546
1785583351.417571,1.8400967319999921,0.24948739420471244
1785583351.4225645,1.8450947550000052,0.2493913637924088
1785583351.427549,1.850091704999997,0.24928699449577194
1785583351.4325438,1.8550925619999958,0.24917414823097822
1785583351.4375432,1.8600921409999955,0.24905290868349048
1785583351.4425426,1.8650925529999967,0.24892319934757223
1785583351.4475899,1.8700944280000016,0.24878497187661847
1785583351.4525623,1.875093636999992,0.24863831754158536
1785583351.4575913,1.8800927529999996,0.2484831422912349
1785583351.4625566,1.8850915360000045,0.24831942934506615
1785583351.4675477,1.8900926329999947,0.24814706187373367
1785583351.4725437,1.8950926199999998,0.24796613002161907
1785583351.4775484,1.900093032000001,0.24777655552812522
1785583351.4825468,1.9050927779999967,0.24757835619574226
1785583351.4875443,1.9100931720000034,0.24737145609170422
1785583351.4925528,1.9150921949999997,0.24715591705735745
1785583351.4975677,1.9200951819999972,0.24693147899455428
1785583351.5025663,1.9250950389999986,0.2466984349780997
1785583351.5075486,1.930090210000003,0.24645685540341497
1785583351.5125456,1.9350927889999952,0.2462061258591575
1785583351.517567,1.940093349999998,0.2459466825235827
1785583351.5225477,1.9450932439999917,0.24567844068123806
1785583351.5275435,1.9500930260000047,0.24540135123045806
1785583351.532545,1.9550924389999977,0.2451154086328161
1785583351.5375707,1.9600953140000001,0.24482036478350025
1785583351.5425684,1.9650962270000036,0.24451651514266615
1785583351.5475695,1.9700914910000051,0.24420408405177108
1785583351.5525436,1.975092348000004,0.24388234881197696
1785583351.5575593,1.9800912049999937,0.24355176891075925
1785583351.5625505,1.9850943389999998,0.24321190406263832
1785583351.567545,1.990091954999997,0.24286340432493256
1785583351.5725534,1.9950931079999918,0.24250562529386507
1785583351.577543,2.0000919839999938,0.2421389615278709
1785583351.582551,2.0050929519999983,0.24176307545925446
1785583351.5875468,2.0100924199999923,0.24137821822617742
1785583351.5925438,2.0150924059999937,0.24098422029140099
1785583351.5975676,2.0200946519999974,0.24058092028963693
1785583351.602564,2.025093396999992,0.2401687699690244
1785583351.6075494,2.030091162000005,0.23974755802000264
1785583351.612544,2.0350925190000027,0.2393168765843349
1785583351.6175451,2.0400927089999925,0.23887711382919452
1785583351.6225433,2.0450925100000035,0.23842819102950805
1785583351.6275685,2.0500953479999993,0.2379697790583151
1785583351.6325703,2.0550956679999928,0.2375023716837754
1785583351.6375546,2.060093932000001,0.2370259249849854
1785583351.6425426,2.06509303,0.23654015387929955
1785583351.6475682,2.0700911459999958,0.23604522266553643
1785583351.6525438,2.0750924099999963,0.23554070417988038
1785583351.6575441,2.0800923599999948,0.2350270316732261
1785583351.6625547,2.0850939199999914,0.2345038925669208
1785583351.6675656,2.0900936470000033,0.23397163667476442
1785583351.6725738,2.0950959489999974,0.23342978214832397
1785583351.677567,2.100095213000003,0.23287892820991252
1785583351.6825452,2.105092810000002,0.23231892732086826
1785583351.6875436,2.1100922969999942,0.2317493710732512
1785583351.6925423,2.1150918200000035,0.231170456508245
1785583351.6975403,2.120090806999997,0.23058224293169133
1785583351.7025425,2.1250919780000004,0.22998439776743837
1785583351.7075424,2.130092242999993,0.22937727935781344
1785583351.712563,2.1350936549999915,0.22876063075677483
1785583351.7175665,2.1400945120000046,0.22813465360160984
1785583351.722545,2.1450919800000037,0.22749970767127872
1785583351.7275436,2.1500920959999945,0.22685502241324745
1785583351.732549,2.155092971000002,0.2262008266138516
1785583351.7375457,2.160092605999992,0.22553737844259422
1785583351.7425601,2.1650936479999956,0.22486432195173126
1785583351.747584,2.1700940970000033,0.22418192026106606
1785583351.7525485,2.1750896389999923,0.2234907743752768
1785583351.7575464,2.1800898669999924,0.22278955491763974
1785583351.7625868,2.185091853000003,0.222078651973857
1785583351.767547,2.1900928019999952,0.22135845892284156
1785583351.7725427,2.195092548000005,0.22062900468435653
1785583351.7775433,2.200092294000001,0.21989011631562638
1785583351.7825422,2.205091964999994,0.21914180477764617
1785583351.7875464,2.210092247999995,0.21838396589053846
1785583351.7925613,2.2150941240000037,0.21761644540133002
1785583351.7975714,2.2200935729999998,0.2168398637008992
1785583351.8025472,2.2250929300000024,0.21605386689911601
1785583351.8075426,2.2300924529999975,0.2152584164208817
1785583351.8125489,2.235092014000003,0.21445353476751383
1785583351.8175504,2.240093036999994,0.21363899168022438
1785583351.822559,2.245093913000005,0.21281504926436695
1785583351.8275647,2.2500943619999987,0.21198175955738002
1785583351.8325453,2.2550925709999916,0.21113943702296717
1785583351.8375413,2.2600931869999954,0.21028730339538346
1785583351.8425431,2.2650876919999945,0.20942682650094063
1785583351.8475635,2.2700906230000015,0.20855550172408324
1785583351.8525488,2.275092201999996,0.207675019055451
1785583351.857541,2.2800925029999917,0.20678538037820904
1785583351.862547,2.285093175,0.20588630290763402
1785583351.8675666,2.290095717,0.20497751943913597
1785583351.8725457,2.295093092000002,0.20406032674805685
1785583351.8775425,2.3000928379999976,0.2031333588931971
1785583351.8825526,2.305093658000004,0.20219685695022435
1785583351.8875456,2.3100923850000044,0.20125142767481158
1785583351.8925436,2.315092407999998,0.20029644370678515
1785583351.8975444,2.3200907279999967,0.19933249092623684
1785583351.9025636,2.325094511000003,0.19835818938032646
1785583351.9075644,2.3300954049999945,0.1973751712490402
1785583351.9125469,2.335093557999997,0.1963834367757489
1785583351.9175456,2.3400914700000044,0.19538251242993315
1785583351.9225442,2.345092772000001,0.19437167713818074
1785583351.9275448,2.350099165000003,0.19335057906557424
1785583351.9325426,2.3550923929999925,0.19232297998967815
1785583351.9375427,2.3600985089999966,0.1912835356254119
1785583351.9425614,2.365096198999993,0.19023667639546482
1785583351.9475904,2.3700931110000028,0.1891808433530126
1785583351.9525461,2.375090671999999,0.1881157536803529
1785583351.9575422,2.380092195000003,0.18704070765669478
1785583351.9625425,2.3850924970000023,0.18595683142867164
1785583351.9675477,2.3900923899999924,0.18486397361854334
1785583351.9725425,2.3950926919999915,0.1837619762259423
1785583351.9775388,2.400092215000001,0.18265112347388354
1785583351.9825685,2.4050981270000023,0.18152982955349578
1785583351.9875648,2.410095224999992,0.18040152902510564
1785583351.9925487,2.415089655999992,0.1792648880843808
1785583351.997543,2.420091142000004,0.17811770624561066
1785583352.002542,2.425093517999997,0.17696140077325798
1785583352.0075452,2.430092524999992,0.17579698788533407
1785583352.0125487,2.4350931799999955,0.17462332931182403
1785583352.0175412,2.4400929279999986,0.173441049110588
1785583352.0225422,2.4450923419999953,0.1722500420675849
1785583352.027543,2.4500929969999987,0.17104995821045516
1785583352.0325675,2.4550969299999963,0.1698403250929079
1785583352.0375578,2.4600934559999956,0.16862376539866317
1785583352.042543,2.4650906109999937,0.1673983697514033
1785583352.0475612,2.4700899509999914,0.16616377941220642
1785583352.0525484,2.475092680000003,0.16491971341711648
1785583352.0575435,2.480092482999993,0.1636677724499505
1785583352.0625396,2.4850924899999995,0.16240721191575994
1785583352.0675414,2.4900925160000043,0.1611381106528306
1785583352.0725768,2.495098764000005,0.15985891173299507
1785583352.0775669,2.500092566999996,0.1585744348638274
1785583352.082553,2.5050907410000036,0.1572804099269203
1785583352.0875428,2.510092728999993,0.1559769958158611
1785583352.0925422,2.515092531999997,0.15466578769073452
1785583352.09754,2.5200903909999965,0.15334676938622718
1785583352.1025405,2.525092454000003,0.15201835007867434
1785583352.1075401,2.530091979000005,0.150682354158025
1785583352.112562,2.535094282000003,0.14933739919341454
1785583352.1175635,2.5400940669999983,0.14798494783606456
1785583352.122545,2.5450879999999927,0.14662596239780123
1785583352.1275446,2.550092062999994,0.1452561240215255
1785583352.132544,2.5550919960000016,0.14387936313003927
1785583352.1375465,2.560092651000005,0.14249439399041713
1785583352.1425488,2.5650920100000008,0.14110181958968568
1785583352.1475563,2.570089682999992,0.13970179903518826
1785583352.152542,2.5750922639999914,0.13829252154939944
1785583352.1575456,2.5800926050000044,0.1368760392488117
1785583352.1625845,2.585095648999996,0.13545099628601534
1785583352.1675513,2.590093581000005,0.13401967036418863
1785583352.1725543,2.5950931069999967,0.13258019592903514
1785583352.1775432,2.6000927070000017,0.13113305421507587
1785583352.18255,2.6050925840000048,0.1296782337934277
1785583352.187542,2.610092295000001,0.12821591212881567
1785583352.1925426,2.6150923390000003,0.12674599240181295
1785583352.1975412,2.620090493999996,0.1252691814990551
1785583352.2025683,2.625092037999991,0.12378396746340636
1785583352.207562,2.630093303999999,0.12229148390452071
1785583352.2125506,2.635094311000003,0.12079177862493841
1785583352.2175527,2.640090280999999,0.11928634892030364
1785583352.2225533,2.645093342999999,0.11777158916455656
1785583352.227547,2.650092479999998,0.11625088242013507
1785583352.2325468,2.6550928019999986,0.11472273513867304
1785583352.2375426,2.6600924379999924,0.11318777374474227
1785583352.2425697,2.665096297000005,0.11164454011197261
1785583352.247583,2.6700939889999944,0.11009629973434522
1785583352.2525544,2.675094403999992,0.10854036347903533
1785583352.257544,2.6800920590000032,0.10697849592297172
1785583352.262545,2.6850922510000004,0.10540910123326809
1785583352.26755,2.690092906000004,0.10383288415526662
1785583352.272542,2.6950924129999976,0.10225041437874816
1785583352.2775426,2.700092939000001,0.10066106748110669
1785583352.2825487,2.7050925380000024,0.099065523697511
1785583352.2875626,2.7100941559999967,0.09746290337028604
1785583352.2925632,2.7150942749999984,0.09585439604817896
1785583352.297541,2.720090263000003,0.09424092307921664
1785583352.3025413,2.7250918069999983,0.09261941798619976
1785583352.3075452,2.730092850999995,0.09099190005945389
1785583352.3125463,2.735092025,0.08935888558762668
1785583352.3175604,2.740094087000003,0.08771888526214164
1785583352.3225636,2.7450947049999996,0.08607338424426608
1785583352.3275495,2.750093063999998,0.08442272544787345
1785583352.3325467,2.755092959999999,0.08276572534918955
1785583352.3375437,2.760092114999992,0.08110320696403117
1785583352.3425438,2.7650913439999982,0.0794349705594677
1785583352.3475804,2.7700939810000023,0.07775996855485805
1785583352.3525672,2.775094746999997,0.07608003748851054
1785583352.3575513,2.780093217000001,0.07439539928908037
1785583352.3625429,2.785092316999993,0.07270514341933305
1785583352.36754,2.7900915639999937,0.07100950548418343
1785583352.3725922,2.7950929419999966,0.06930788320756658
1785583352.3775654,2.8000959860000023,0.06760050385583062
1785583352.3825595,2.8050929740000043,0.06589008512450174
1785583352.387557,2.8100928890000034,0.06417363330248156
1785583352.3925653,2.815092524999997,0.06245232195694377
1785583352.3975563,2.820092920999997,0.0607258703212059
1785583352.4025536,2.8250920210000032,0.05899506734649721
1785583352.4075522,2.8300921940000023,0.057259172146134595
1785583352.4127076,2.8351532380000037,0.055497418206161046
1785583352.4175668,2.8400919310000035,0.0537737502142003
1785583352.4228268,2.8450924929999957,0.05202403627000318
1785583352.427485,2.850075222000001,0.05027618633209645
1785583352.4324918,2.8550767109999953,0.04851744516002662
1785583352.4375567,2.86009344,0.04674908992960404
1785583352.4425504,2.8650918729999972,0.04498302952094916
1785583352.4476058,2.8701007319999974,0.04320921025136929
1785583352.4525635,2.875092812999995,0.04143735861320234
1785583352.4575603,2.8800932089999947,0.0396586639426394
1785583352.4625523,2.8850918819999976,0.03787677533495183
1785583352.4675527,2.890092870999993,0.03609033923078766
1785583352.47255,2.895091784999991,0.03430101140974816
1785583352.477552,2.900092477000001,0.03250750123220215
1785583352.482552,2.9050920210000015,0.03071094625237622
1785583352.487553,2.9100922129999987,0.028910791065206644
1785583352.4925497,2.9150923870000014,0.027107364898877384
1785583352.4975548,2.920093042000005,0.025300578065547606
1785583352.5025516,2.925091901000002,0.02349134584282936
1785583352.5075495,2.930091945000001,0.021678681844726332
1785583352.5125504,2.9350922480000037,0.019863013067088396
1785583352.517555,2.940092440000001,0.01804456695216049
1785583352.5225618,2.9450928549999986,0.016223315780515703
1785583352.5275517,2.9500923429999943,0.01439977340573425
1785583352.5325575,2.9550930730000005,0.012573243509365162
1785583352.537559,2.9600923019999925,0.010744823806384049
1785583352.5425553,2.9650924009999926,0.00891374383403285
1785583352.54757,2.9700922419999927,0.007080513084847137
1785583352.552555,2.9750918780000006,0.005245209865223953
1785583352.5575523,2.980092404000004,0.0034075298179303834
1785583352.5627813,2.985111966000005,0.001560891401661634
1785583352.5675595,2.990094491999997,-0.00027396771535619313
1785583352.5725741,2.9951106839999966,-0.0021229820782731348
1785583352.5775526,3.000092468999995,-0.003960959124315444
1785583352.5825832,3.005111290000002,-0.005814156871253331
1785583352.587553,3.0100932419999964,-0.007655184984570726
1785583352.5925741,3.0151113229999993,-0.00951091623179288
1785583352.5975604,3.020093293000002,-0.011354533498466301
1785583352.6025615,3.0250930779999976,-0.013205882719248243
1785583352.6075554,3.030092824999997,-0.01505825568262578
1785583352.6125495,3.035092646999999,-0.016911590016462655
1785583352.617553,3.040092950000002,-0.018765931563744315
1785583352.6225567,3.045092365000002,-0.02062066721650151
1785583352.62756,3.0500930009999934,-0.022476473581722313
1785583352.632549,3.0550922120000052,-0.02433226228402891
1785583352.6375492,3.060092107999992,-0.026188709575895943
1785583352.6425822,3.065092410999995,-0.028045604935101595
1785583352.6475732,3.070093288999999,-0.029902902857402117
1785583352.6525512,3.0750925180000053,-0.0317596688679526
1785583352.6575518,3.0800929319999995,-0.033616846578371364
1785583352.6625917,3.0850990870000032,-0.03547601836035291
1785583352.667558,3.0900934649999954,-0.03733056885917601
1785583352.6725507,3.0950929899999977,-0.0391866725804522
1785583352.677552,3.100092219000004,-0.04104219744674197
1785583352.682552,3.1050924860000038,-0.04289752712712789
1785583352.6875565,3.110092456000004,-0.04475205431749778
1785583352.692554,3.1150927399999944,-0.04660589333437212
1785583352.6975527,3.1200924139999984,-0.0484585889412032
1785583352.7025495,3.125091365000003,-0.050309986483351964
1785583352.7075517,3.1300920580000025,-0.05216088493155793
1785583352.7125866,3.1350921760000006,-0.0540103122126806
1785583352.7175586,3.1400931830000047,-0.05585869515237792
1785583352.7225509,3.1450928189999985,-0.05770508371369671
1785583352.7275522,3.1500919930000038,-0.059549699099222274
1785583352.7325544,3.155093463,-0.06139344228236282
1785583352.7375524,3.160092524999996,-0.06323446309133506
1785583352.742558,3.1650920879999944,-0.06507371734649277
1785583352.7475746,3.170092373000003,-0.06691116868443847
1785583352.752552,3.175092343000003,-0.06874631844826491
1785583352.7575493,3.1800925719999924,-0.0705792596240863
1785583352.7625487,3.185092634,-0.07240971789562684
1785583352.7675538,3.1900921040000014,-0.07423741979718032
1785583352.7725613,3.1950912039999935,-0.0760623284628661
1785583352.777558,3.200093377999991,-0.07788557973015803
1785583352.7825522,3.2050917179999914,-0.07970453686169161
1785583352.7875535,3.2100927059999975,-0.08152143990709808
1785583352.792552,3.2150918060000038,-0.08333452008257493
1785583352.7975504,3.2200925169999977,-0.08514492616945081
1785583352.802551,3.2250920789999924,-0.08695153773419102
1785583352.8075523,3.230092678999995,-0.08875502405012634
1785583352.8125522,3.235092334000001,-0.09055454845598794
1785583352.8175535,3.2400930820000013,-0.09235072261404625
1785583352.8225498,3.245092550999999,-0.09414257280350011
1785583352.8275785,3.2500915210000016,-0.09593025845857209
1785583352.8325734,3.2550948989999995,-0.09771540707143193
1785583352.8375485,3.260093795000003,-0.09949472411291378
1785583352.842539,3.265091171999998,-0.10126914896522803
1785583352.8475742,3.2700928639999916,-0.10304062620087252
1785583352.8525548,3.275092704000002,-0.10480684482539233
1785583352.8575535,3.2800920450000035,-0.10656816235627554
1785583352.8625534,3.2850924589999977,-0.10832500789046484
1785583352.8675501,3.2900921330000017,-0.11007661985299849
1785583352.8725512,3.2950917139999945,-0.11182310186239992
1785583352.877551,3.3000925730000006,-0.11356480649509218
1785583352.8825498,3.3050917279999936,-0.11530057117991782
1785583352.8875508,3.3100917350000003,-0.11703115990719244
1785583352.8925507,3.315091964000004,-0.11875622783502471
1785583352.897552,3.32009223,-0.12047558551278027
1785583352.902565,3.325092773999998,-0.12218918991815146
1785583352.9075532,3.330093132999991,-0.12389675674333142
1785583352.9126043,3.3350959179999933,-0.125599047881501
1785583352.9175591,3.3400930920000036,-0.12729320879687092
1785583352.9225497,3.3450922650000052,-0.12898170048020435
1785583352.9275491,3.3500913829999917,-0.13066369966826527
1785583352.9325566,3.355093224000001,-0.1323400098190454
1785583352.9375503,3.3600925450000005,-0.134008747338903
1785583352.942553,3.365092403999995,-0.13567081084510976
1785583352.9475722,3.370092521999993,-0.13732597977119035
1785583352.9525492,3.375091900000001,-0.1389737982239682
1785583352.957552,3.380092146999999,-0.1406146699921926
1785583352.962549,3.385091450999994,-0.14224787434749717
1785583352.9675524,3.3900923089999964,-0.14387409933318596
1785583352.9725468,3.3950923529999955,-0.1454924469013196
1785583352.9775524,3.400092231000002,-0.1471030027023342
1785583352.9825506,3.4050923490000002,-0.14870577103346652
1785583352.98756,3.410091762999997,-0.15030032413503325
1785583352.9925523,3.415091973999992,-0.1518870142759957
1785583352.997576,3.4200914989999944,-0.15346524440995543
1785583353.0025496,3.4250932110000036,-0.15503579153970848
1785583353.0075493,3.4300918120000006,-0.15659686835046008
1785583353.0125477,3.4350925250000017,-0.15814998251891613
1785583353.0175498,3.440091977999998,-0.1596939586711339
1785583353.0225503,3.445093412999995,-0.16122967025165266
1785583353.0275512,3.4500917550000025,-0.16275543625427227
1785583353.032556,3.455094004000003,-0.16427326558678984
1785583353.0375514,3.460093032000003,-0.1657808680750066
1785583353.0425487,3.465091892999993,-0.16727904887620876
1785583353.047567,3.4700921980000032,-0.16876816207310588
1785583353.0525477,3.475092207000003,-0.1702475612136994
1785583353.0575485,3.4800914380000023,-0.17171698199071098
1785583353.0625505,3.4850921869999922,-0.1731769724431155
1785583353.067551,3.4900923999999947,-0.1746268055273545
1785583353.072551,3.4950922419999984,-0.1760664075724282
1785583353.0775511,3.5000923620000037,-0.17749584171376692
1785583353.0825748,3.505091667000002,-0.1789146733897325
1785583353.087549,3.5100921760000006,-0.18032335085303428
1785583353.0925622,3.515091776999995,-0.181721154945798
1785583353.0975509,3.5200916379999967,-0.18310829128954154
1785583353.1025467,3.5250916279999984,-0.18448459956753543
1785583353.107548,3.5300915450000048,-0.18584990156559922
1785583353.1125462,3.5350911089999926,-0.18720400012107707
1785583353.1175487,3.5400916370000033,-0.18854712807055612
1785583353.1225476,3.5450912940000023,-0.18987867074706258
1785583353.1275477,3.550090764999993,-0.1911986930644009
1785583353.1325479,3.5550909779999955,-0.19250731734134197
1785583353.1375492,3.560091689999993,-0.1938043552041515
1785583353.1425462,3.5650906989999953,-0.19508911972472112
1785583353.1475694,3.570091449000003,-0.19636237620654445
1785583353.152552,3.575091698999998,-0.19762343033032942
1785583353.1575747,3.5801107439999953,-0.19887696221643872
1785583353.162589,3.5850971050000027,-0.20011004733630092
1785583353.1675966,3.5900928359999966,-0.2013330537185753
1785583353.1725636,3.5950928449999964,-0.2025445666179351
1785583353.1775594,3.6000919279999977,-0.20374319548337336
1785583353.1825597,3.6050931959999986,-0.20492956482371608
1785583353.1875577,3.6100922609999913,-0.2061025177295487
1785583353.1925619,3.6150931579999934,-0.20726288675057347
1785583353.1975567,3.6200917230000016,-0.20840959261455982
1785583353.2025595,3.6250924719999915,-0.20954355732957897
1785583353.2075582,3.6300924809999913,-0.21066399808614644
1785583353.2125592,3.6350928049999993,-0.2117710395055523
1785583353.2175574,3.6400918690000026,-0.2128642238329652
1785583353.22256,3.6450921929999964,-0.21394398980557267
1785583353.2275572,3.650092035,-0.21500984632648565
1785583353.232559,3.6550926369999956,-0.21606194584842328
1785583353.2375574,3.660091867999995,-0.2170997320699284
1785583353.242558,3.665091672999992,-0.2181235022296959
1785583353.2475753,3.670092404000002,-0.21913321277074704
1785583353.2525835,3.675091765000005,-0.22012829341662518
1785583353.257557,3.680092309999992,-0.22110914537696874
1785583353.2625732,3.685093522999992,-0.2220755521028293
1785583353.267561,3.6900927730000035,-0.22302690430636282
1785583353.272559,3.6950918,-0.22396343692947004
1785583353.2775593,3.700092049999995,-0.224885311323413
1785583353.2825594,3.7050924469999984,-0.22579221858772552
1785583353.287562,3.7100924930000048,-0.22668396566394367
1785583353.2925577,3.7150918349999955,-0.22756039150924062
1785583353.2975595,3.7200926780000003,-0.22842177691145307
1785583353.3025577,3.725093242,-0.22926770830283458
1785583353.307558,3.730092009999993,-0.230097838148269
1785583353.312558,3.735092222999995,-0.23091260659768154
1785583353.3175795,3.7400953060000006,-0.2317121266546635
1785583353.3225536,3.7450902030000037,-0.23249455862915946
1785583353.3275464,3.750091748999992,-0.2332621364634208
1785583353.3325672,3.7550937949999934,-0.23401378599591474
1785583353.3375618,3.7600928600000003,-0.234748900584389
1785583353.3425603,3.7650924609999947,-0.2354679146601845
1785583353.3475773,3.7700920629999928,-0.23617065504469753
1785583353.352559,3.775092385999997,-0.23685712667401934
1785583353.3575618,3.7800925800000016,-0.2375271181317871
1785583353.36256,3.7850919219999923,-0.23818044653948206
1785583353.3675625,3.7900928760000028,-0.23881734019787723
1785583353.3725698,3.7950932920000042,-0.2394374309747563
1785583353.37756,3.800092023000005,-0.24004049987008144
1785583353.3825912,3.8050929019999984,-0.2406269200129833
1785583353.3875597,3.8100920589999987,-0.24119614951266893
1785583353.3925564,3.8150921609999955,-0.24174841109316544
1785583353.3975565,3.8200916699999965,-0.24228344921552897
1785583353.4025593,3.825092140999999,-0.24280134555299904
1785583353.40756,3.8300918730000006,-0.24330184101529864
1785583353.412597,3.8350954919999936,-0.2437853015206855
1785583353.4175673,3.8400932050000023,-0.24425071180784033
1785583353.422562,3.8450918249999972,-0.24469865410635827
1785583353.4275613,3.8500921669999997,-0.2451291102346617
1785583353.4325624,3.855093101999998,-0.24554189446842137
1785583353.4375598,3.8600916850000004,-0.2459366979802487
1785583353.442559,3.865092563999994,-0.24631381420753937
1785583353.447577,3.8700924989999947,-0.24667291877645578
1785583353.452563,3.875092785999996,-0.2470140363259787
1785583353.4575598,3.880092183000002,-0.24733701462187474
1785583353.4625592,3.885092506999996,-0.24764190162572078
1785583353.467559,3.8900925530000023,-0.24792855232702035
1785583353.4725611,3.895091598999997,-0.2481968655690138
1785583353.477564,3.900092940999997,-0.2484469455985736
1785583353.4825597,3.9050918939999946,-0.24867849440851678
1785583353.4875581,3.9100914959999926,-0.24889159934165064
1785583353.4925885,3.9150917079999914,-0.2490861900389205
1785583353.497558,3.9200919390000024,-0.24926217956842286
1785583353.502559,3.9250928189999996,-0.24941952723180494
1785583353.507555,3.9300923090000026,-0.24955811522007296
1785583353.5125577,3.9350924099999958,-0.24967794690287892
1785583353.5175593,3.9400925119999926,-0.24977894908362686
1785583353.522556,3.945092058,-0.24986105987921034
1785583353.5275543,3.9500923810000046,-0.24992424752100073
1785583353.5325553,3.955092167999993,-0.2499684430235027
1785583353.5375586,3.960091750999993,-0.24999360390873318
1785583353.542566,3.9650923889999916,-0.24999968341351586
1785583353.5475764,3.9700919719999916,-0.24998663215938138
1785583353.5525596,3.975092704000005,-0.24995439845301262
1785583353.5575902,3.9800916570000027,-0.2499029608542545
1785583353.5625558,3.9850917210000034,-0.24983225098238743
1785583353.5675576,3.9900912490000024,-0.24974224777886472
1785583353.5725536,3.995091813000002,-0.24963288047997725
1785583353.577556,4.000091377000004,-0.2495041553320785
1785583353.5825632,4.005092422999994,-0.2493559690340702
1785583353.587556,4.010091431999996,-0.24918839402559295
1785583353.5925567,4.015091718999997,-0.24900129005830005
1785583353.5975523,4.020091339000004,-0.24879469432220871
1785583353.602598,4.025091199999991,-0.24856854131284303
1785583353.607568,4.030091893999995,-0.24832276901976713
1785583353.6125677,4.035092328000005,-0.24805740042350136
1785583353.617559,4.040092004000002,-0.24777244214964025
1785583353.6225631,4.045092013000001,-0.24746781031426623
1785583353.6275468,4.050091318,-0.24714354768169416
1785583353.6325462,4.055090548999999,-0.246799596985938
1785583353.6375637,4.060092373000003,-0.24643574045185282
1785583353.642558,4.065091547999998,-0.24605234197919257
1785583353.647577,4.0700916870000015,-0.2456491183318289
1785583353.6525593,4.075092158000004,-0.2452260983182364
1785583353.6575563,4.080091037999992,-0.2447834392673148
1785583353.6625896,4.085099212999992,-0.24432012028591332
1785583353.6675901,4.090094167000004,-0.24383823822986092
1785583353.6725614,4.095092026999993,-0.24333629076244057
1785583353.677559,4.100092017999998,-0.24281431971440096
1785583353.6825604,4.105092599999992,-0.24227246528796334
1785583353.6875572,4.110092295000001,-0.24171088672471083
1785583353.69256,4.115091617999994,-0.24112953271705756
1785583353.6975555,4.120091664,-0.24052827462923432
1785583353.7025583,4.125091951000002,-0.23990716721725075
1785583353.707556,4.1300920150000024,-0.23926627228793873
1785583353.7125845,4.135092172,-0.2386055561482829
1785583353.7175608,4.140092050999996,-0.23792507672704385
1785583353.7225552,4.145092059999996,-0.23722478895734883
1785583353.727556,4.150091883999991,-0.23650474865038354
1785583353.7325857,4.155111058999992,-0.23576204174800908
1785583353.7375586,4.160092457000005,-0.23500524587912366
1785583353.742574,4.165108984,-0.2342233173972328
1785583353.7475748,4.170091733999996,-0.2334270072209883
1785583353.7525792,4.175100743000002,-0.23260678573079882
1785583353.7575767,4.180093900000003,-0.23176950933986165
1785583353.7625766,4.185092372,-0.23091171491365994
1785583353.7675586,4.190093640000001,-0.23003381287491262
1785583353.772553,4.195092075000005,-0.22913681930256316
1785583353.7775884,4.200093158000001,-0.22821978134116216
1785583353.7825568,4.205092406999995,-0.22728354757113442
1785583353.7875514,4.210091767999998,-0.22632779701996047
1785583353.7925487,4.215091831999999,-0.2253524471937437
1785583353.7975593,4.220092359999995,-0.22435757505317164
1785583353.8025568,4.225092387000004,-0.22334341184855008
1785583353.8075504,4.230092006999996,-0.2223099847300645
1785583353.8125494,4.235093071999998,-0.2212569477183819
1785583353.8175504,4.2400914880000045,-0.220185214562007
1785583353.8225527,4.245092107999994,-0.21909379394653053
1785583353.8275502,4.250092080000002,-0.21798334795823324
1785583353.83255,4.2550925139999975,-0.21685368166754018
1785583353.8375514,4.260091782999993,-0.21570521909823429
1785583353.8425508,4.265092457999998,-0.21453742263058945
1785583353.8475733,4.270092633999994,-0.21335078828511816
1785583353.8525488,4.275092178999998,-0.2121454120659704
1785583353.8575478,4.280091873999993,-0.21092116859812887
1785583353.8625755,4.285092401,-0.20967794750103655
1785583353.8675513,4.290092539,-0.2084161139632447
1785583353.8725595,4.295093030000004,-0.2071355470238628
1785583353.8775508,4.300092945999992,-0.20583655361319647
1785583353.8825603,4.305092565999999,-0.20451913609135303
1785583353.8875537,4.310092185999991,-0.20318329005832578
1785583353.8925529,4.3150927869999975,-0.20182882192713536
1785583353.897551,4.320092926000001,-0.20045619561614395
1785583353.9025488,4.325092064000003,-0.19906564498543033
1785583353.9075541,4.330092035999996,-0.19765674038519665
1785583353.912551,4.335091544999997,-0.19622992710111659
1785583353.9175506,4.340092424000005,-0.194784760955952
1785583353.9225516,4.345092507000004,-0.19332195062305788
1785583353.927554,4.350092145999994,-0.19184148756897595
1785583353.9325523,4.355092542999998,-0.19034310398776713
1785583353.9375503,4.360091682000004,-0.1888274983867174
1785583353.9425511,4.365092172000004,-0.1872939730680825
1785583353.9476135,4.370092810999992,-0.18574298455680677
1785583353.9525526,4.375092300999995,-0.18417503840321697
1785583353.9577641,4.380093051000003,-0.18258947827588914
1785583353.9625566,4.385092985,-0.18098706183958033
1785583353.9675548,4.390092772000003,-0.17936768334317826
1785583353.9725552,4.395091948000001,-0.17773160260665022
1785583353.9775531,4.400091512000003,-0.17607860147594867
1785583353.9825504,4.4050920020000035,-0.17440860513586515
1785583353.9875546,4.410091973999997,-0.1727222054607141
1785583353.992551,4.415091668000002,-0.1710194391005427
1785583353.9975538,4.420093288000004,-0.16929966298510096
1785583354.0025508,4.425091260000002,-0.1675649196988324
1785583354.0075529,4.430092344999991,-0.16581298478687406
1785583354.012549,4.435091595999992,-0.16404570659780493
1785583354.0175498,4.440091754999997,-0.16226224379558568
1785583354.0225482,4.445092024999994,-0.16046300132864189
1785583354.0275488,4.450091850999996,-0.15864830795497364
1785583354.0325794,4.455091620000005,-0.1568181549928017
1785583354.037554,4.4600925940000025,-0.1549722066062794
1785583354.0425627,4.4650921049999965,-0.15311158215078222
1785583354.0475721,4.470091912000001,-0.15123576762916646
1785583354.0525556,4.475091958999997,-0.1493449188879928
1785583354.0575538,4.480092376999991,-0.14743912288167066
1785583354.0625505,4.485092166000001,-0.14551890303570122
1785583354.0675519,4.490093102000003,-0.14358371811634968
1785583354.0725474,4.495092056999994,-0.14163492716452342
1785583354.0775514,4.500091789999999,-0.13967160671183002
1785583354.0825503,4.5050919859999965,-0.13769402401125788
1785583354.0875494,4.5100921260000035,-0.1357025333915605
1785583354.092553,4.515092339999995,-0.1336972356969757
1785583354.0975535,4.520092425000001,-0.13167836715723666
1785583354.102551,4.5250919169999975,-0.12964627451800254
1785583354.1075494,4.530092316999998,-0.1276005047793792
1785583354.1125486,4.535092031000005,-0.12554186941958795
1785583354.1175811,4.540092634000004,-0.12346988127116137
1785583354.1225498,4.545091478000003,-0.12138580483076615
1785583354.1275475,4.5500918780000035,-0.11928842464271544
1785583354.1325483,4.5550912220000015,-0.11717900202433569
1785583354.1375513,4.560091825000001,-0.11505672895989591
1785583354.1425502,4.565091260999992,-0.11292280602823514
1785583354.1475706,4.570091476000002,-0.11077657719337129
1785583354.1525502,4.575091745999998,-0.10861852521079299
1785583354.1575508,4.580091960000004,-0.10644887478976828
1785583354.1626022,4.585104637000001,-0.10426232990648195
1785583354.1675673,4.590093702999994,-0.10207484443366509
1785583354.1725605,4.595092139999991,-0.09987218717105698
1785583354.177563,4.600092242999992,-0.09765790052373417
1785583354.1825693,4.605093049999994,-0.09543258843338302
1785583354.1875598,4.610092800999993,-0.09319722259227761
1785583354.1925642,4.615092904999997,-0.09095136436721518
1785583354.1975617,4.620092248999995,-0.08869570570214443
1785583354.2025905,4.625092203999998,-0.08642982095807071
1785583354.2075598,4.630092011000002,-0.08415424689751823
1785583354.2125568,4.635091798999994,-0.08186912115717361
1785583354.2175589,4.640091975999994,-0.0795744537522995
1785583354.2225802,4.645091968000003,-0.07727070673047348
1785583354.227561,4.650091459999999,-0.07495822791444083
1785583354.2325583,4.655091933999998,-0.07263653300141713
1785583354.2375584,4.660091777999995,-0.07030657358237252
1785583354.2425592,4.6650928069999935,-0.067967708181862
1785583354.2475772,4.670091706999997,-0.0656216962508033
1785583354.2525592,4.675092347000003,-0.06326693184424258
1785583354.25756,4.680092191,-0.060904817269701664
1785583354.2625585,4.685092034999997,-0.058535190216647534
1785583354.2675624,4.690092656999994,-0.05615789368288658
1785583354.2725573,4.695092185999997,-0.053774032757122815
1785583354.277558,4.700092084999994,-0.05138312780907765
1785583354.2825565,4.705091854999992,-0.04898563483687131
1785583354.2875607,4.710091735999995,-0.04658165813562701
1785583354.292554,4.715091653999991,-0.04417145378910352
1785583354.2975574,4.720091998000001,-0.041755055668147426
1785583354.3025599,4.725092489999994,-0.03933282076906743
1785583354.3075826,4.730094352999998,-0.036904379242901936
1785583354.3125753,4.735092621999996,-0.03447237165358955
1785583354.3175657,4.740091707000005,-0.032034884284420424
1785583354.3225467,4.7450906809999935,-0.02959259698201875
1785583354.327545,4.750090450999991,-0.027145295944658386
1785583354.332565,4.755092258000005,-0.024692601607849883
1785583354.3375578,4.760091712999994,-0.022236899566624686
1785583354.3425574,4.765092612000004,-0.019776560685664735
1785583354.3475811,4.770091901000001,-0.017313323086721663
1785583354.3525603,4.775092873999995,-0.014845800419383649
1785583354.3575623,4.780092311000004,-0.012375819152861284
1785583354.362559,4.785092358,-0.009902558987234982
1785583354.367561,4.790092442999992,-0.007426542481646447
1785583354.3725576,4.7950920649999915,-0.0049482593813042096
1785583354.3775582,4.800092483,-0.0024673278261956866
1785583354.3825576,4.805091529999999,1.4933187996331263e-05
1785583354.3876088,4.810092707999999,0.002500018349196617
1785583354.3925607,4.8150928660000005,0.004986116817069221
1785583354.3975573,4.820092524999993,0.007473240273206476
1785583354.4025576,4.825092036000001,0.009961315459229493
1785583354.4075563,4.830092508999996,0.012450646361823695
1785583354.412557,4.835091723999994,0.014939878205848845
1785583354.417558,4.840092420000005,0.017430124263331837
1785583354.4225595,4.845092393000002,0.019920035588752483
1785583354.4275749,4.850109348000004,0.02241817521539052
1785583354.4325714,4.855094100000002,0.024899800540857175
1785583354.4375634,4.860092387999998,0.027387431601847992
1785583354.4425628,4.865093399000003,0.02987542862630711
1785583354.447579,4.870092038999999,0.03236100174314401
1785583354.4525619,4.875092086999999,0.03484577407422491
1785583354.457557,4.880091355999994,0.037328401481506526
1785583354.462559,4.885092810999993,0.039810097704175984
1785583354.4675574,4.890092210999995,0.04228849979931192
1785583354.472589,4.895091906999994,0.04476451531635678
1785583354.477562,4.900092528000002,0.04723819499767834
1785583354.4825587,4.905092298,0.049708399840050765
1785583354.4875574,4.9100912530000045,0.052174888278584186
1785583354.4925582,4.915092189999996,0.05463877762786088
1785583354.4975567,4.920092292999996,0.05709841717176034
1785583354.5025597,4.925093082000004,0.05955429215428556
1785583354.5075586,4.930092443999996,0.06200510281115269
1785583354.5125582,4.935092269999998,0.06445151399745008
1785583354.5175607,4.940092261999993,0.06689311518427694
1785583354.5225563,4.945092364999994,0.06932961485526802
1785583354.5275562,4.950092338000005,0.0717606310012048
1785583354.5325596,4.955092127,0.07418587297199346
1785583354.537557,4.960092044999996,0.07660522748394885
1785583354.5425572,4.965092314999993,0.07901853607549557
1785583354.547575,4.970092547999997,0.0814253446539951
1785583354.5525558,4.975092150999998,0.08382510317095064
1785583354.557589,4.980092106000001,0.08621801744383858
1785583354.5625625,4.985093061000001,0.08860412840678658
1785583354.567577,4.99009246,0.09098195136486248
1785583354.5725613,4.995092322999994,0.09335218310238547
1785583354.5775568,5.000091759,0.0957141346937517
1785583354.5825605,5.005092159,0.09806819544479072
1785583354.5875573,5.0100919660000045,0.10041336489658202
1785583354.5925577,5.0150911620000045,0.10274937128747373
1785583354.597556,5.020091856999997,0.10507693173456722
1785583354.6025603,5.025091293999992,0.10739449603328668
1785583354.6075578,5.030091786,0.1097028707344935
1785583354.6125567,5.035091796999993,0.11200107904517013
1785583354.6175573,5.040092510999997,0.11428939858234605
1785583354.6225593,5.045091761999998,0.11656657492652789
1785583354.6275582,5.050092179999993,0.11883354159078115
1785583354.6326082,5.055096746999993,0.12109136781762982
1785583354.6375656,5.060092998000002,0.12333417914149551
1785583354.6425872,5.065089119999996,0.1255654153065319
1785583354.6475656,5.070091555999994,0.12778766831050678
1785583354.652566,5.075092826000002,0.12999733331069788
1785583354.6575742,5.080092614999998,0.13219401750481768
1785583354.6626194,5.085102383999995,0.1343824612982866
1785583354.667573,5.090094153999999,0.13655021101231188
1785583354.6725628,5.095092664999996,0.1387077925262241
1785583354.6775563,5.100091972000001,0.14085234938445432
1785583354.6825607,5.105092908000003,0.14298396880788536
1785583354.6875634,5.110091807999993,0.14510083065987497
1785583354.6925614,5.115092521999998,0.1472043071703865
1785583354.697557,5.120091755000004,0.14929275271807768
1785583354.7025588,5.125092025000001,0.1513669636047436
1785583354.7075577,5.130091350000001,0.15342586059689434
1785583354.7125568,5.135091693999996,0.1554699963068515
1785583354.7175574,5.140092205000002,0.15749876195689477
1785583354.7225578,5.145092140999992,0.15951160424609082
1785583354.7276058,5.150092059000002,0.16150849700289943
1785583354.7325644,5.155091810999991,0.16348912979532884
1785583354.7375574,5.160091988000005,0.16545348425484294
1785583354.7425578,5.165092424999997,0.16740124194616826
1785583354.7475774,5.170091528,0.16933153830033051
1785583354.7525961,5.175102000999999,0.17124897870663236
1785583354.757597,5.180096770999995,0.1731429782396584
1785583354.762573,5.185093003999995,0.17501987539305933
1785583354.7675674,5.190093810999997,0.17688056252796594
1785583354.7725654,5.1950920999999965,0.17872214676706558
1785583354.7775624,5.200092850999994,0.18054622130477319
1785583354.7825644,5.2050925469999925,0.1823512549039781
1785583354.787562,5.210092149999994,0.1841373620613334
1785583354.7925618,5.215092400999993,0.1859045664679693
1785583354.7975602,5.220092726999994,0.18765242497178783
1785583354.8025603,5.2250925519999925,0.18938050370834483
1785583354.8075602,5.230093100000005,0.1910889908729056
1785583354.8126526,5.235091702999995,0.19277675031822458
1785583354.817564,5.240093287999997,0.19444520889011194
1785583354.822566,5.2450932980000005,0.19609260902621173
1785583354.8275607,5.250092049999992,0.19771884553519728
1785583354.8325632,5.2550928200000016,0.1993247539525982
1785583354.8375583,5.260092329999992,0.20090905308301235
1785583354.8425605,5.265093155999992,0.2024723367813934
1785583354.8475773,5.270093148000001,0.2040137095658193
1785583354.852559,5.275091899000003,0.20553284108691638
1785583354.8575594,5.280093354000002,0.20703070397542456
1785583354.8625607,5.285092105000004,0.208505463967526
1785583354.8675694,5.2900925609999945,0.20995821571198997
1785583354.8725567,5.2950918859999945,0.2113879206254905
1785583354.877559,5.300091840999997,0.21279487690852203
1785583354.8825598,5.305092536999993,0.21417889950271254
1785583354.8875566,5.310092361999992,0.2155393383941355
1785583354.8925576,5.315092280000002,0.21687625867105706
1785583354.8975885,5.320092383999992,0.21818948269291535
1785583354.902563,5.325093078999998,0.21947891287062987
1785583354.9075596,5.330092479000001,0.22074387180419763
1785583354.912557,5.335092322999998,0.22198461174660714
1785583354.917556,5.3400915,0.2232006670260902
1785583354.9225593,5.345092399999999,0.2243924218417912
1785583354.9275599,5.350092429,0.22555906465533299
1785583354.9325604,5.355092253999999,0.22670057446736366
1785583354.9375582,5.360092135000002,0.2278168295099634
1785583354.9425604,5.3650921090000026,0.22890765710443503
1785583354.9475768,5.370092138000004,0.22997287048559492
1785583354.95256,5.375091647999994,0.23101217612562525
1785583354.957556,5.380092232999999,0.23202572875960972
1785583354.9625602,5.385092298999993,0.23301303122804248
1785583354.96756,5.390092088000003,0.23397397043915136
1785583354.9725583,5.395092413,0.23490853610305437
1785583354.9775565,5.400091739000004,0.23581628322156828
1785583354.9825933,5.405092620000005,0.23669751194161667
1785583354.9875598,5.410092277999993,0.23755157369634008
1785583354.992557,5.415092436999998,0.23837861520545775
1785583354.9975553,5.420092225999994,0.23917834053864945
1785583355.0025575,5.425091588000001,0.23995059915455272
1785583355.0075672,5.43009223,0.24069550259033906
1785583355.0125601,5.435092093999998,0.24141259791002084
1785583355.0175607,5.4400928470000025,0.242101983939439
1785583355.0225592,5.445092303999999,0.24276322653119553
1785583355.0275617,5.450091667999999,0.24339636313385124
1785583355.032561,5.455092124999993,0.24400140517691815
1785583355.037557,5.460092377999999,0.24457806089233916
1785583355.0425577,5.4650920379999945,0.24512616799378698
1785583355.0475783,5.470092421000004,0.2456457485251355
1785583355.0525608,5.475092117999992,0.2461365378023052
1785583355.0575562,5.480091704999992,0.2465984844436824
1785583355.062558,5.4850919209999915,0.24703154063376417
1785583355.067591,5.490091821999997,0.24743551350594725
1785583355.0725935,5.495113649000004,0.24781190541827652
1785583355.0775647,5.500092569000003,0.24815593918638093
1785583355.0825646,5.505092895999994,0.2484721491937078
1785583355.0875614,5.5100917409999965,0.24875881769399782
1785583355.0925605,5.515091791000003,0.24901600938944687
1785583355.0975587,5.520092988000002,0.2492436119518759
1785583355.1025562,5.525091945,0.24944139592632278
1785583355.1075552,5.530091808999998,0.24960941611552334
1785583355.1125598,5.535091968999993,0.24974756309474486
1785583355.1175582,5.540091666999999,0.24985574276967712
1785583355.1225584,5.5450923639999985,0.24993391078149757
1785583355.127556,5.550091672999997,0.24998196574595136
1785583355.1325607,5.555091574000002,0.2499998698688326
1785583355.1375575,5.560091659999998,0.2499875542355904
1785583355.142598,5.565093543000003,0.2499449400507552
1785583355.147583,5.570092629000001,0.2498720223618685
1785583355.1526096,5.575092807999994,0.24976871041757073
1785583355.1575632,5.580092153999999,0.24963499582389212
1785583355.1625865,5.585098258999992,0.24947057919663962
1785583355.1675897,5.590095289999994,0.2492759633133562
1785583355.1725628,5.595094117000002,0.24905075681318334
1785583355.1775608,5.6000929249999984,0.24879499433793295
1785583355.182569,5.605095603999999,0.24850841442114383
1785583355.1875608,5.610092949999995,0.24819153447257333
1785583355.1925585,5.615092720999996,0.24784386983337656
1785583355.1975625,5.620092658999994,0.24746553809985214
1785583355.202562,5.625091987000005,0.2470565904123358
1785583355.2075603,5.6300918689999975,0.24661692422771433
1785583355.2125576,5.635092917999998,0.24614646586298153
1785583355.2175593,5.640092171999996,0.24564549972269986
1785583355.222557,5.645092016999996,0.24511380171412753
1785583355.2275572,5.650091584999998,0.2445514691300371
1785583355.23256,5.655092504999999,0.24395832070923615
1785583355.2375884,5.6600916280000035,0.24333474987523662
1785583355.242559,5.665092287999997,0.2426803629920739
1785583355.247576,5.670091503999998,0.24199557315208223
1785583355.2525575,5.675091960999993,0.2412800423209325
1785583355.2575567,5.680092196000004,0.2405340024376574
1785583355.262559,5.685092208,0.23975749372483882
1785583355.267558,5.6900923310000024,0.2389505054043633
1785583355.27256,5.695092176999992,0.23811314576097115
1785583355.277557,5.700092170999994,0.23724539303665643
1785583355.2825625,5.7050924609999925,0.23634726985547663
1785583355.2875562,5.710091566000003,0.23541910676165104
1785583355.2925572,5.715092040999991,0.2344604882952704
1785583355.2975545,5.720092145999999,0.23347180369735523
1785583355.3025584,5.725091712999998,0.23245316326273688
1785583355.3075607,5.730091595999994,0.23140446801522171
1785583355.3125582,5.735091793999999,0.23032578967870487
1785583355.3178294,5.740129565000004,0.22920883230145087
1785583355.322803,5.7452989100000025,0.22803131104394495
1785583355.3276122,5.750100848999992,0.22690908008420344
1785583355.332641,5.7551058429999955,0.2257103726180385
1785583355.3376396,5.760105687999996,0.2244834182699467
1785583355.3426595,5.765108830000003,0.22322626323896175
1785583355.347689,5.770115082999993,0.22193900458492458
1785583355.3527143,5.775091317999994,0.22063050660408048
1785583355.3575127,5.780079014999998,0.21929013807772868
1785583355.3624783,5.785075360999997,0.21791859878094488
1785583355.367663,5.790112484000005,0.21650676480455303
1785583355.3726213,5.795103126000001,0.21507927052793283
1785583355.3776217,5.8001029339999945,0.2136206523232947
1785583355.3825665,5.805092557999998,0.2121366993251904
1785583355.3875692,5.810093292000005,0.21062121061888914
1785583355.3925478,5.815090693999991,0.20907864118655925
1785583355.3975475,5.820090854,0.2075072645801076
1785583355.402562,5.825092885000004,0.20590747360543882
1785583355.4075942,5.830092507999993,0.20428079831257182
1785583355.4125621,5.835093075999993,0.20262632114249066
1785583355.417562,5.840092384999991,0.20094493924539836
1785583355.4225554,5.845091749000005,0.1992363900764791
1785583355.4275594,5.850092446000005,0.1975003993329478
1785583355.4325593,5.855092346999996,0.19573787967740672
1785583355.4375594,5.860091674000003,0.19394894591679096
1785583355.4425569,5.865092204999996,0.19213314304943996
1785583355.4475758,5.870092291999995,0.19029125388367163
1785583355.4525642,5.8750927299999915,0.1884231808746032
1785583355.4575613,5.880091945999993,0.18652971710017888
1785583355.462567,5.885092939000003,0.18460992522003278
1785583355.4675786,5.890093062999995,0.1826650209299865
1785583355.4725604,5.895092056999999,0.1806953319449747
1785583355.4775584,5.900092123999997,0.17870020572744044
1785583355.4825616,5.905092600000003,0.1766801152815073
1785583355.4875574,5.910092555999995,0.17463565995336058
1785583355.4925904,5.915092180000002,0.17256699637722514
1785583355.4975593,5.920092635999993,0.17047387058215466
1785583355.502558,5.9250921670000025,0.16835725395993123
1785583355.5075564,5.930092309000003,0.16621673776049456
1785583355.5125544,5.935092320999999,0.1640528790497859
1785583355.5175626,5.940093445000002,0.161865380759997
1785583355.5225554,5.945091660999992,0.15965626476334255
1785583355.5275576,5.950092673,0.15742326589253072
1785583355.5325608,5.9550930369999975,0.15516816636767922
1785583355.5375638,5.960092622999994,0.1528912972541157
1785583355.5425575,5.965092431999992,0.1505924730629829
1785583355.5475774,5.970091832999998,0.14827225561643428
1785583355.5525575,5.975092179000001,0.14593028789095566
1785583355.5575624,5.9800929499999995,0.14356708292525006
1785583355.562558,5.9850921289999945,0.14118388314320304
1785583355.5675786,5.990110716000004,0.1387708540202886
1785583355.572555,5.995091895000002,0.13635571251394185
1785583355.57759,6.000091924999992,0.13391158610229326
1785583355.5825653,6.005092603999998,0.13144755260623975
1785583355.587557,6.010093080000004,0.12896432968132746
1785583355.592561,6.015092961999997,0.1264624201144313
1785583355.5975585,6.020091863000005,0.12394233396389646
1785583355.6025586,6.025091967999998,0.12140327951812954
1785583355.607559,6.030092479999993,0.1188459672821062
1785583355.6125576,6.035091399999999,0.11627174398995871
1785583355.6175585,6.040091541999999,0.11367948405293268
1785583355.6225626,6.0450925359999985,0.11106969354399876
1785583355.6275566,6.0500914929999965,0.10844421447280078
1785583355.6325593,6.055092301000002,0.10580133755917641
1785583355.6375568,6.060091349999993,0.10314330514308524
1785583355.6425588,6.065091676999998,0.10046884307774652
1785583355.647577,6.070091968,0.09777898990068125
1785583355.6525586,6.075091849999993,0.09507429310984637
1785583355.6575558,6.080092121999996,0.09235466855824358
1785583355.6626184,6.085097633999993,0.08961780530151361
1785583355.6675658,6.090093312999997,0.08687231855298563
1785583355.6725616,6.095093102999996,0.08411092621692948
1785583355.677558,6.100092152000002,0.08133665427935803
1785583355.6825628,6.105092775999992,0.07854857738107712
1785583355.687559,6.1100920290000005,0.07574870334253678
1785583355.6925573,6.115093078000001,0.07293562602704273
1785583355.6975563,6.120091774999992,0.07011205248482348
1785583355.7025836,6.1250958990000015,0.06727395297155765
1785583355.7075648,6.1300920409999975,0.06442931837218091
1785583355.712563,6.135092868000001,0.061571327642153076
1785583355.7175608,6.140091675999997,0.05870418624408198
1785583355.7225575,6.145091596,0.05582648657103904
1785583355.7275608,6.150091868000004,0.05293904975100371
1785583355.732561,6.155092508999999,0.05004225460838051
1785583355.737557,6.160091465999997,0.047137686999174734
1785583355.7425568,6.165091441000001,0.04422417417285127
1785583355.7476094,6.170091454000001,0.041302682403886105
1785583355.7525594,6.175092187999994,0.038373211145329274
1785583355.7575579,6.180092219000002,0.035436997117340094
1785583355.762605,6.185091212999993,0.03249464481345146
1785583355.767572,6.1900925030000025,0.02954459697258845
1785583355.7725601,6.195092922000001,0.026589128143551542
1785583355.7775567,6.200092174999995,0.02362882739600154
1785583355.7825625,6.205092187999995,0.020662968042518402
1785583355.787558,6.2100927179999985,0.01769210745110758
1785583355.792571,6.215093526999993,0.014716803096582623
1785583355.7975595,6.220092520999998,0.011738721616783045
1785583355.8025606,6.225091958999997,0.008756939391814832
1785583355.807559,6.230092916000004,0.005771235763659001
1785583355.8125627,6.235092316999996,0.002783870709489013
1785583355.817558,6.240092551000004,-0.00020615696268226535
1785583355.8225555,6.245092155999998,-0.0031975458734714484
1785583355.8275542,6.250091983000004,-0.006190376190004631
1785583355.8325627,6.255092402999992,-0.009184439967395376
1785583355.8375618,6.260093248999993,-0.012179205629607968
1785583355.8425572,6.26509265,-0.01517311958447188
1785583355.8475835,6.27009194,-0.018166546530900586
1785583355.8525653,6.275093248000005,-0.02116032536051931
1785583355.8575587,6.280092427,-0.02415153710861079
1785583355.8625576,6.285092014,-0.027141262774400345
1785583355.8675582,6.290091785000001,-0.030128929420363885
1785583355.8725867,6.295092519999997,-0.03311456257594115
1785583355.8775618,6.300092587999998,-0.03609674755200196
1785583355.8825605,6.305092599999995,-0.039075407938948224
1785583355.8875568,6.310092148999999,-0.04204985965990957
1785583355.8925576,6.315091809999998,-0.04502000237909807
1785583355.8975565,6.320091691999991,-0.047985456902963984
1785583355.902559,6.325092908000002,-0.05094643679133075
1785583355.9075575,6.330091660999997,-0.053900251280173346
1785583355.912636,6.335104154999996,-0.056856009084302335
1785583355.917573,6.340094222999994,-0.05979195463540624
1785583355.9225628,6.345092605000005,-0.0627257568744657
1785583355.92756,6.350092007000001,-0.06565266940143473
1785583355.9325602,6.355092482000003,-0.06857227240737093
1785583355.937558,6.360091623999992,-0.07148271560863045
1785583355.9425592,6.365092246999993,-0.07438519058638256
1785583355.9475782,6.370091666999997,-0.07727769259371295
1785583355.9525583,6.375091808999997,-0.08016089059550273
1785583355.957559,6.3800918759999945,-0.0830338771974259
1785583355.9625576,6.385092721999996,-0.08589669512333509
1785583355.9675589,6.390092289999998,-0.0887477230479277
1785583355.9725575,6.395091949999994,-0.09158730125762835
1785583355.9775586,6.400092091999994,-0.09441520479625229
1785583355.9825583,6.405092511999996,-0.09723087154264876
1785583355.9875553,6.410092079999998,-0.10003322403722188
1785583355.9925559,6.415092462000004,-0.10282275355097234
1785583355.9975584,6.420092029999992,-0.10559811003632766
1785583356.0025582,6.425092079999999,-0.10835957323559309
1785583356.0075595,6.430092333999994,-0.11110654649797604
1785583356.0125551,6.435092440999995,-0.11383839751612043
1785583356.0175846,6.440092140000004,-0.11655454808470059
1785583356.0225558,6.445091691000002,-0.1192547051045939
1785583356.0275598,6.450091518999997,-0.12193866173987128
1785583356.0325592,6.455092033,-0.12460619821376528
1785583356.0375574,6.460092195000001,-0.1272563258566177
1785583356.0425615,6.4650913379999935,-0.12988826655807714
1785583356.047579,6.470091722999996,-0.13250277920924755
1785583356.0525765,6.475093125000001,-0.1350993049655949
1785583356.0575602,6.4800930100000045,-0.13767610388223664
1785583356.062581,6.485110671000001,-0.14024259838746864
1785583356.0675728,6.490091945000003,-0.14277077073088368
1785583356.0725656,6.495092255000003,-0.14528843210753906
1785583356.0775554,6.5000928430000045,-0.14778560155273884
1785583356.0825615,6.505093097,-0.15026155597270685
1785583356.0875578,6.510092759000003,-0.1527157578389817
1785583356.0925639,6.515092346999992,-0.15514805232010026
1785583356.0975578,6.520091972000003,-0.15755808252839631
1785583356.1025925,6.525092263999994,-0.1599457385307627
1785583356.1075578,6.530092240000002,-0.16231014203463973
1785583356.1125555,6.5350913099999985,-0.16465061859817237
1785583356.1175594,6.540091989999993,-0.16696793967137696
1785583356.1225572,6.5450927079999985,-0.1692609659673839
1785583356.1275582,6.550092444000001,-0.1715288404534511
1785583356.13256,6.555091902000001,-0.17377149846820042
1785583356.137558,6.560092638,-0.17598923984729892
1785583356.142555,6.565091929999994,-0.17818047112275015
1785583356.1475759,6.570091794999996,-0.18034569851966065
1785583356.152557,6.575091623999995,-0.18248427254692795
1785583356.1575603,6.580092081999993,-0.1845960944194434
1785583356.1625865,6.5850973369999934,-0.18668250442866338
1785583356.1675713,6.590094831999991,-0.18873792069934076
1785583356.17256,6.595092030999993,-0.19076511204032923
1785583356.1775594,6.600091766999995,-0.19276484393954446
1785583356.18256,6.605092021999994,-0.19473592157882486
1785583356.1875877,6.610091386999997,-0.19667743479749725
1785583356.1925576,6.615091622999998,-0.19858971328306732
1785583356.1975594,6.620092267000004,-0.20047221790113448
1785583356.2025573,6.6250924099999935,-0.2023242603969037
1785583356.2075586,6.630092609000002,-0.20414570811725707
1785583356.212556,6.635092381999996,-0.20593604988227582
1785583356.21756,6.640092026000005,-0.20769506225551096
1785583356.2225611,6.645091780000001,-0.2094224986527635
1785583356.2275555,6.6500919049999965,-0.21111811795055796
1785583356.2325625,6.655093066999996,-0.2127818098530033
1785583356.2375576,6.660092136999992,-0.21441222550761352
1785583356.2425542,6.665091113000003,-0.21600972421696749
1785583356.2475781,6.670091960999997,-0.21757460727033584
1785583356.2525606,6.675092751999998,-0.2191059479477959
1785583356.2575583,6.680092395999992,-0.22060312423801046
1785583356.262556,6.685091224000004,-0.2220659596253821
1785583356.2675574,6.690092015999994,-0.22349496490379395
1785583356.2725828,6.695091732999998,-0.2248889763135063
1785583356.2775598,6.700092192,-0.22624822253985863
1785583356.2825587,6.705092261000004,-0.22757211572902525
1785583356.2875602,6.710091922999993,-0.2288603883715809
1785583356.2925563,6.715091917999999,-0.23011296553028934
1785583356.2975583,6.720091728,-0.23132945456085727
1785583356.302559,6.725092223999994,-0.23250980578321087
1785583356.307558,6.730091940999998,-0.2336534234965888
1785583356.3125556,6.735092010999992,-0.2347603256794207
1785583356.3175604,6.740092486999998,-0.23583027538174092
1785583356.322556,6.745092037999996,-0.23686275874822424
1785583356.327557,6.750091718999997,-0.2378577732079738
1785583356.332557,6.7550921029999955,-0.2388151995795547
1785583356.33759,6.7600917460000005,-0.23973454359163987
1785583356.3425558,6.765091001000002,-0.24061567048787857
1785583356.3475807,6.770091977999996,-0.24145872997594853
1785583356.35256,6.775091528999994,-0.24226298687254416
1785583356.3575628,6.780092561000004,-0.24302871283188712
1785583356.3625615,6.785091777999995,-0.24375521771004646
1785583356.367574,6.790091996000001,-0.24444273679054854
1785583356.3725562,6.795090935999994,-0.24509078257309586
1785583356.377556,6.800092061000001,-0.24569962182763863
1785583356.3825576,6.805092055999992,-0.2462686731434107
1785583356.387562,6.810092069999996,-0.24679792131212427
1785583356.3925574,6.815091434999999,-0.24728715020435277
1785583356.3975594,6.820091782999995,-0.24773636878560684
1785583356.4025664,6.825093370000005,-0.2481454327998713
1785583356.407561,6.830092069000003,-0.248513890559684
1785583356.4126086,6.835097324000003,-0.24884226581321847
1785583356.4175766,6.840095078999994,-0.24912952662436413
1785583356.4225626,6.845092665999999,-0.249376073221668
1785583356.4275668,6.850092328000002,-0.24958188479069648
1785583356.4325645,6.855091935000004,-0.24974674726626417
1785583356.43756,6.860091689000001,-0.24987057114061742
1785583356.4425602,6.865092239999996,-0.24995327247620108
1785583356.447621,6.870092532000001,-0.2499947454525078
1785583356.4525619,6.875092785999996,-0.24999492059796127
1785583356.4575613,6.880092374,-0.24995373842968993
1785583356.4625585,6.885092239999992,-0.2498711346174395
1785583356.46756,6.890092994,-0.2497470300559223
1785583356.4725611,6.895092470999998,-0.24958143567824576
1785583356.477561,6.9000928180000045,-0.249374244717097
1785583356.4825633,6.905093257999994,-0.249125443585853
1785583356.487574,6.910092308999992,-0.2488350954208135
1785583356.4925616,6.915092100999999,-0.24850306483979026
1785583356.4975572,6.920091576999994,-0.24812940401098885
1785583356.5025642,6.925092590999995,-0.2477139534470086
1785583356.507562,6.930092623999997,-0.2472569169046224
1785583356.5125594,6.935092045000005,-0.24675828915155787
1785583356.517565,6.940092391999997,-0.24621792861068195
1785583356.5225623,6.945092201999998,-0.24563601144094396
1785583356.5275588,6.950092382999998,-0.24501246415905345
1785583356.5325592,6.955092284999992,-0.24434740402141394
1785583356.5375617,6.960092336000002,-0.24364082030994288
1785583356.5425584,6.965092775999992,-0.24289272427390995
1785583356.5475812,6.970092159999993,-0.24210339951700008
1785583356.5525599,6.975091859000003,-0.24127270520505126
1785583356.5575826,6.9800925769999935,-0.24040058159461386
1785583356.5625591,6.9850921270000015,-0.2394874930165494
1785583356.5675633,6.99009203,-0.2385332601676573
1785583356.5725574,6.995093025000003,-0.23753782000720405
1785583356.5775604,7.000093020999998,-0.23650169076012476
1785583356.5825644,7.005092757,-0.23542484524186866
1785583356.587559,7.010092714999999,-0.23430729799543715
1785583356.5925674,7.015093784000001,-0.23314895939392372
1785583356.597559,7.020091687000004,-0.23195097765584521
1785583356.6025712,7.025093385999995,-0.23071181650372966
1785583356.607559,7.030091826000003,-0.2294333647318789
1785583356.6125789,7.035092691999992,-0.22811433321880414
1785583356.617564,7.0400933159999965,-0.22675556182674167
1785583356.622591,7.0450919599999935,-0.2253577189584936
1785583356.6275582,7.050092102999997,-0.22392001450647214
1785583356.6325643,7.055092135999999,-0.22244307913932923
1785583356.6375604,7.060093112000004,-0.22092678393811782
1785583356.6425607,7.065091811000002,-0.21937232002262416
1785583356.6475804,7.070092639999999,-0.21777852529314334
1785583356.6525562,7.075092171999998,-0.21614669624664468
1785583356.6575575,7.080092241999992,-0.21447646403122342
1785583356.662587,7.0850976259999925,-0.21276639524465768
1785583356.6675794,7.090093713999991,-0.21102176260223066
1785583356.6725583,7.095092468000004,-0.20923870721235524
1785583356.6775637,7.100092481999994,-0.207417936899886
1785583356.6825614,7.105092865999993,-0.20556001542196514
1785583356.687582,7.110112121,-0.2036581217238438
1785583356.6925583,7.115092356999995,-0.2017346848363907
1785583356.6975615,7.120092314999994,-0.19976750831491497
1785583356.7025578,7.1250926439999915,-0.1977642741086443
1785583356.7075849,7.130092176000005,-0.19572574860805844
1785583356.712557,7.135092783000005,-0.19365146664273228
1785583356.7175589,7.140092703999997,-0.1915424627274855
1785583356.722557,7.145092809999994,-0.18939868997477602
1785583356.727559,7.1500929350000035,-0.1872205397196686
1785583356.7325592,7.155092541999991,-0.18500858027365424
1785583356.7375565,7.160092315,-0.1827628488167781
1785583356.7425563,7.165092142999995,-0.18048373612062835
1785583356.7477806,7.170092397999994,-0.17817141790098653
1785583356.752565,7.175093392999997,-0.17582609495545778
1785583356.7575574,7.180092443999996,-0.1734494015169722
1785583356.7625604,7.185092384000001,-0.17104037143328113
1785583356.7675583,7.190093250000004,-0.1685993468891479
1785583356.772562,7.195092670999998,-0.1661278740921358
1785583356.7775562,7.200092166000005,-0.16362560548580088
1785583356.7825582,7.205092105999995,-0.16109274777105084
1785583356.7875588,7.210092156999991,-0.15852986885349238
1785583356.7925863,7.215092781999999,-0.15593713563323666
1785583356.7975588,7.220092831999992,-0.1533155606359211
1785583356.8025591,7.225093216999994,-0.1506650920399301
1785583356.807586,7.230094229999992,-0.14798599589096126
1785583356.8125634,7.235093300000003,-0.14528009633579975
1785583356.8175616,7.240093277,-0.1425463013000434
1785583356.8225598,7.245092235000001,-0.13978611269088412
1785583356.8275592,7.2500923599999965,-0.13699877647211875
1785583356.8325584,7.255092929,-0.13418514321098543
1785583356.837559,7.260092720999992,-0.13134636877243488
1785583356.842556,7.265091956999996,-0.12848280992426092
1785583356.8475752,7.270091952000001,-0.1255941898298662
1785583356.8525577,7.2750928920000035,-0.12268087235023666
1785583356.8575602,7.280092534999994,-0.11974465560460647
1785583356.8625567,7.285091734000005,-0.11678554595427541
1785583356.867558,7.290092525999995,-0.11380283041424025
1785583356.8725607,7.295093261999995,-0.11079798840895844
1785583356.8775897,7.300092867999993,-0.1077721847469146
1785583356.8825617,7.305092807999998,-0.1047250554511968
1785583356.8875587,7.310092248000004,-0.10165763187160495
1785583356.8925571,7.3150924840000044,-0.09856964434146658
1785583356.8975565,7.320092052999996,-0.09546252793313496
1785583356.9025578,7.325092697000002,-0.09233573518230348
1785583356.9075553,7.330092802999999,-0.08919081403850417
1785583356.9125562,7.335092965000001,-0.08602794084824816
1785583356.9175563,7.340092720000001,-0.0828479623186577
1785583356.9225595,7.345092566999995,-0.07965111931533553
1785583356.927556,7.350091784,-0.07643843723662273
1785583356.9325638,7.3550923909999995,-0.07320918002217967
1785583356.937561,7.360092460000004,-0.06996515888155812
1785583356.942561,7.365092658999998,-0.06670651677317709
1785583356.9475772,7.370091914,-0.06343453568462398
1785583356.952559,7.3750925199999955,-0.060148294677481
1785583356.9575589,7.380092903999994,-0.05684940984626562
1785583356.9625597,7.385092065999999,-0.05353913704611641
1785583356.96757,7.390092358000004,-0.050216513729855694
1785583356.9725564,7.395091909000001,-0.046883379951669926
1785583356.9775603,7.400092921999999,-0.0435388666914399
1785583356.9825602,7.405092750999998,-0.040185348086407655
1785583356.9875581,7.410092301999995,-0.03682282949567979
1785583356.9925575,7.4150924079999925,-0.033451362009190196
1785583356.9975555,7.420091773999999,-0.030072434477106315
1785583357.0025606,7.4250926210000046,-0.026685162582065183
1785583357.007558,7.430092376999994,-0.023291909009163017
1785583357.012558,7.435092299999994,-0.01989244613015151
1785583357.0175593,7.440092112000002,-0.01648758986463882
1785583357.02259,7.445092071000005,-0.013077794152372426
1785583357.0275593,7.450091623999995,-0.00966406865379014
1785583357.0325587,7.455092453999995,-0.00624589795656698
1785583357.0375555,7.460091875999993,-0.0028257544111153095
1785583357.0425851,7.465091966000003,0.0005971423192804108
1785583357.047577,7.470092258999998,0.004021833147514865
1785583357.0525594,7.475092384999996,0.007447421337040338
1785583357.057555,7.480091196999993,0.010872475756876734
1785583357.0625553,7.485091694000005,0.014298404432495946
1785583357.067561,7.490092672000003,0.01772373359966893
1785583357.0725563,7.495091853999995,0.021146254148481203
1785583357.0775552,7.500092183999996,0.02456733054271657
1785583357.0825577,7.505091792000002,0.027985030628535627
1785583357.0875573,7.510092622000002,0.03140002902455701
1785583357.0925562,7.515091988999998,0.03480983783510393
1785583357.097574,7.520095060000003,0.03821732212824757
1785583357.1025608,7.525092055999991,0.04161516920334368
1785583357.1075656,7.530092405000005,0.04500913758299718
1785583357.1125648,7.5350932169999965,0.04839660113257341
1785583357.1175585,7.540092528000002,0.05177557388989434
1785583357.1225574,7.545091728999992,0.05514634185824852
1785583357.1275887,7.550092891999995,0.058509639319131085
1785583357.1325593,7.555092704000003,0.06186257852945151
1785583357.137558,7.560092533999992,0.06520542342136439
1785583357.1425574,7.565091733999992,0.0685370851823263
1785583357.147576,7.570092137999993,0.07185812698283728
1785583357.152563,7.575092819999995,0.07516727189101215
1785583357.157557,7.580091909999993,0.07846263135278475
1785583357.162612,7.585101442999999,0.08175144750935864
1785583357.1675708,7.590094421999993,0.08501536752825423
1785583357.1725676,7.595092992000005,0.08826826138055917
1785583357.1775596,7.6000926929999935,0.09150654563757085
1785583357.1825643,7.605092892999991,0.09472915292081352
1785583357.1875577,7.610092057000003,0.09793444760620412
1785583357.1925693,7.615094442,0.10112450026908312
1785583357.1975589,7.620092753999998,0.10429401836611606
1785583357.20256,7.625092676999998,0.10744597575078743
1785583357.2075577,7.630092155,0.11057842822832332
1785583357.2126029,7.635092466000003,0.11369153465618198
1785583357.2175615,7.640093351999994,0.11678448846937149
1785583357.222559,7.6450931269999955,0.11985561525977806
1785583357.2275584,7.650092716000003,0.12290485920019315
1785583357.2325602,7.655093323999992,0.12593232008179642
1785583357.2375627,7.660093117000002,0.12893625943515996
1785583357.2425597,7.665092483999999,0.13191629591151718
1785583357.2475786,7.6700925549999965,0.13487248051027517
1785583357.2525783,7.675110513999996,0.13781421590776438
1785583357.2575612,7.680092993000002,0.14070973503582335
1785583357.262579,7.685109100999995,0.1435986010638638
1785583357.2675703,7.6900924119999985,0.14644194754415554
1785583357.272559,7.695092242000001,0.14926744143506815
1785583357.277564,7.7000933319999945,0.15206571538201344
1785583357.2825587,7.7050930509999915,0.15483470314022968
1785583357.2875595,7.710093473000001,0.15757496816441488
1785583357.2925575,7.715093044,0.16028507375571674
1785583357.2975914,7.720092484999995,0.16296483765637962
1785583357.30256,7.725092666999998,0.16561414385681197
1785583357.3075576,7.730092220000003,0.168231692923074
1785583357.3125558,7.735092198000004,0.17081747091666313
1785583357.3175578,7.740092434999994,0.17337082267815365
1785583357.322561,7.745092728000003,0.1758910838201993
1785583357.3275592,7.750092373000001,0.17837735314013595
1785583357.3325562,7.755092926000003,0.18082985482830355
1785583357.3375576,7.760091719000002,0.1832467479884041
1785583357.3425574,7.765092697,0.18562939981460153
1785583357.3475776,7.770092027000004,0.18797544866894988
1785583357.3525581,7.7750927459999986,0.1902857984800546
1785583357.3575594,7.780092334999992,0.19255876481639175
1785583357.3625624,7.785093184000004,0.19479492098926826
1785583357.367564,7.790092384000005,0.19699246532432677
1785583357.3725564,7.795091955000004,0.19915180150343215
1785583357.37756,7.800092230000004,0.20127256864797133
1785583357.3825896,7.805091985999994,0.20335376028085897
1785583357.3875592,7.810092037999993,0.20539523946233418
1785583357.392558,7.815092923999998,0.207396740315536
1785583357.3975573,7.8200919570000025,0.2093567350220552
1785583357.4025567,7.825092694999995,0.21127616268356322
1785583357.4075599,7.830091765999995,0.2131532783577949
1785583357.4125576,7.8350927249999955,0.21498897114564708
1785583357.4175568,7.840092814999991,0.21678178074510018
1785583357.4225564,7.845092089000005,0.21853132005233794
1785583357.4275572,7.850092160000003,0.22023773390741003
1785583357.4325583,7.855091693999995,0.22190015170980593
1785583357.4375584,7.860091728,0.2235185147555582
1785583357.4425583,7.865092336000004,0.2250924367532478
1785583357.4476008,7.870093905999994,0.22662163130953472
1785583357.452564,7.875092662,0.22810458965390004
1785583357.4575596,7.880092344000005,0.22954207619799072
1785583357.462555,7.885092192999991,0.23093349543244623
1785583357.4675894,7.890092652999996,0.23227860641699075
1785583357.472558,7.895091983,0.23357660319218182
1785583357.4775596,7.900093034999998,0.23482788175059666
1785583357.482556,7.905091661,0.23603108723060143
1785583357.4875576,7.9100916400000045,0.2371868265685091
1785583357.4925766,7.915093080999995,0.23829477559249265
1785583357.4975638,7.920093206999994,0.23935401731306497
1785583357.5025682,7.9250940929999985,0.24036470899121318
1785583357.5075614,7.930092533999996,0.2413259468262511
1785583357.5125644,7.935093456999994,0.2422384064852978
1785583357.5175624,7.940092860999997,0.2431010821523015
1785583357.5225568,7.9450921170000015,0.24391398334269776
1785583357.5275576,7.950093409999994,0.24467719498442542
1785583357.532559,7.955091832999997,0.24538974865276805
1785583357.5375588,7.960092089,0.24605210821787482
1785583357.542556,7.965092103999993,0.24666376270437512
1785583357.5475776,7.970092340999997,0.24722456699940873
1785583357.552588,7.975092227000005,0.24773426700443762
1785583357.5575588,7.980091594000001,0.24819267745318863
1785583357.5625572,7.9850921649999975,0.24859977464245742
1785583357.5675714,7.990091531999994,0.24895520185959136
1785583357.5725567,7.995091991999999,0.24925897391348945
1785583357.577559,8.000091932999993,0.24951084434691312
1785583357.5825596,8.005092169999998,0.2497107286932791
1785583357.5875573,8.010092149000002,0.24985848593897397
1785583357.5925558,8.015091423000001,0.2499540104541378
1785583357.5975618,8.020092660999993,0.24999723680482047
1785583357.6025565,8.025091545999999,0.24998804801616845
1785583357.6075556,8.030092080000003,0.249926372945169
1785583357.6125565,8.035092207000005,0.2498121535388389
1785583357.617561,8.040092259000005,0.24964533699939345
1785583357.622559,8.045092182000005,0.2494258866345286
1785583357.6275582,8.050092234000005,0.2491537605478851
1785583357.6325593,8.055091860000005,0.24882897425337439
1785583357.6375923,8.060091653,0.24845148516329285
1785583357.6425602,8.065092316999994,0.24802122682266903
1785583357.6475809,8.070091925,0.2475383823663366
1785583357.6525557,8.075092291999994,0.24700280695608853
1785583357.6575575,8.080091788000004,0.24641471406367377
1785583357.6625898,8.085098525999996,0.24577309738912195
1785583357.6675632,8.090093041000003,0.24508058984629377
1785583357.6725585,8.095092631,0.24433497698233084
1785583357.677559,8.100092423999996,0.2435369852401093
1785583357.6825576,8.105091587000004,0.2426868486318909
1785583357.6875615,8.110092546999994,0.24178424206435772
1785583357.692558,8.11509221,0.2408298335773377
1785583357.6975574,8.120092854999996,0.2398233220565708
1785583357.702565,8.125092980999995,0.23876514296796678
1785583357.7075615,8.130091977999996,0.23765560305826938
1785583357.7125576,8.135092012000001,0.23649438665312877
1785583357.7175596,8.140092526999993,0.2352817747170843
1785583357.7225862,8.145092282999997,0.23401825904048923
1785583357.7275565,8.150092595000004,0.23270370882248842
1785583357.7325547,8.155091257999999,0.23133893028469465
1785583357.7375593,8.160092866,0.22992287102134473
1785583357.7425582,8.165092084999998,0.22845726581114048
1785583357.7475793,8.170092303999994,0.22694138664291452
1785583357.752556,8.175091578999996,0.22537607805707222
1785583357.757587,8.180094834999991,0.22376002058326588
1785583357.762566,8.185095109000002,0.22209572770296873
1785583357.7675753,8.190096623999992,0.2203821103039348
1785583357.7725506,8.195093546999999,0.21862151773926733
1785583357.7775671,8.200112857999997,0.2168044997749122
1785583357.7825418,8.205090818000002,0.21495472788230155
1785583357.787577,8.210114258999994,0.21304021463656694
1785583357.7925506,8.215094089999994,0.21109523299982838
1785583357.797552,8.220090994000003,0.20909681574837868
1785583357.8025496,8.225093971999996,0.20704940599553462
1785583357.8075793,8.230093580000002,0.204957211879434
1785583357.812547,8.235092577000003,0.2028195259758052
1785583357.8175452,8.240092591999996,0.2006360491928698
1785583357.8225687,8.245097365999996,0.19840548410665867
1785583357.8275638,8.250093992999993,0.1961340533981434
1785583357.8325527,8.255091433999993,0.19381821691275675
1785583357.8375463,8.260093041999994,0.19145680183937097
1785583357.8425446,8.265092260999992,0.18905333774411864
1785583357.8475611,8.270091702000002,0.1866070656414402
1785583357.8525736,8.275097735999992,0.18411526075057685
1785583357.8575637,8.280095492000001,0.18158583621645144
1785583357.862548,8.285090118,0.17901682845785247
1785583357.8675585,8.290092633,0.17640302128969262
1785583357.872547,8.295093370999993,0.17374991140986176
1785583357.8775465,8.300092905,0.1710577618157679
1785583357.8825424,8.305091124,0.1683272030120091
1785583357.887543,8.310092656999998,0.16555623398333502
1785583357.8925767,8.315091987999992,0.16274845893934992
1785583357.8975434,8.320091707000003,0.15990301490926015
1785583357.9025707,8.325095203000004,0.1570185078220489
1785583357.9075613,8.330093384999998,0.15410078604204894
1785583357.9125469,8.335088345000003,0.15114932014314073
1785583357.9175491,8.340093471000003,0.14815673504636245
1785583357.9225433,8.345093023999993,0.1451330119218684
1785583357.9275434,8.350092594000003,0.14207545557897533
1785583357.9325616,8.355093943,0.1389836077171547
1785583357.937565,8.360094994999997,0.13585938361245606
1785583357.9425485,8.365090991999992,0.13270646227978308
1785583357.9475594,8.370092710999998,0.1295187000529337
1785583357.9525466,8.375093114999999,0.12630121327705043
1785583357.9575446,8.380092555999994,0.12305447744806879
1785583357.9625454,8.385092572000005,0.11977818671348793
1785583357.9675436,8.390092530999993,0.11647344841067493
1785583357.9725657,8.395094361000005,0.1131396791050699
1785583357.9775934,8.400094542999994,0.10977993656222965
1785583357.9825528,8.405090650999995,0.10639661817167528
1785583357.987543,8.410091944000001,0.10298417440746498
1785583357.9925437,8.415092126000005,0.09954760687456132
1785583357.997538,8.420091585999998,0.0960874063112825
1785583358.0025697,8.425098730999991,0.09259845733818568
1785583358.0075614,8.430094432999994,0.08909487315249241
1785583358.0125566,8.435094356999997,0.08556648223853575
1785583358.017547,8.440093410000003,0.08201762887087352
1785583358.0225468,8.445093259999993,0.07844790854545362
1785583358.0275424,8.450093183999996,0.0748586178793956
1785583358.03256,8.455094552999995,0.0712495563100149
1785583358.03756,8.460092699,0.06762490027969667
1785583358.042558,8.465095622999996,0.06397964411069529
1785583358.047564,8.470092898999994,0.060322198563223996
1785583358.0525446,8.475093100999999,0.0566471174255822
1785583358.0575428,8.480092765999999,0.052957755943793164
1785583358.0625691,8.485092245000004,0.04925468472748479
1785583358.0675452,8.490092614000005,0.04553793565838074
1785583358.0725431,8.495092556000003,0.04180932258121666
1785583358.0775611,8.500093647,0.03806850944229186
1785583358.0825632,8.505094737999997,0.0343171983779475
1785583358.087545,8.510093179999998,0.030558234986309867
1785583358.0925405,8.515092233999994,0.026790027085528523
1785583358.0975413,8.520092157999997,0.023013234823215163
1785583358.1025467,8.525092489000002,0.019229067562958665
1785583358.107564,8.530094653999996,0.015437307635538241
1785583358.1125643,8.535094763000004,0.0116417742777849
1785583358.1175463,8.540092872999992,0.007843303253937726
1785583358.1225424,8.545092611000001,0.004040014334398555
1785583358.127547,8.550093406000002,0.00023321805275872384
1785583358.132547,8.555090811,-0.003572817585711474
1785583358.1375432,8.560092939,-0.007383387739129751
1785583358.1427307,8.565092751999998,-0.0111922451425215
1785583358.1475673,8.570092250000002,-0.01500002499127788
1785583358.152546,8.575093155999994,-0.01880714880377329
1785583358.1575437,8.580092449999995,-0.02261042578333232
1785583358.1625617,8.585093763000003,-0.026411724173351598
1785583358.1675982,8.590094186999991,-0.030207937611558947
1785583358.172546,8.595093406999993,-0.03399793418989716
1785583358.1775436,8.600092554,-0.03778167727870268
1785583358.1825402,8.605090922000002,-0.041557737751580386
1785583358.1875427,8.610092753999993,-0.04532841754091315
1785583358.1925483,8.615092473999994,-0.04908861216901177
1785583358.1975644,8.620094823999992,-0.052840988192549926
1785583358.202565,8.625094321999995,-0.05658053659089539
1785583358.2075455,8.630093376000005,-0.06030817246862451
1785583358.2125483,8.635092447999995,-0.06402334611603705
1785583358.2175493,8.640093445999995,-0.06772657284136416
1785583358.2225451,8.64509287,-0.07141436546120095
1785583358.227541,8.650092200999993,-0.07508693103110195
1785583358.2325406,8.655091107000004,-0.07874313730058259
1785583358.2375655,8.660096549000002,-0.08238715512667738
1785583358.242563,8.665101307,-0.08601280881203446
1785583358.2475657,8.670090286000004,-0.08960836835798625
1785583358.2525508,8.675099580999998,-0.09319893758853935
1785583358.2575479,8.680093227,-0.09675783133470023
1785583358.2625444,8.685099206999993,-0.10030413434934755
1785583358.2675438,8.690092704999998,-0.1038193951657334
1785583358.2725449,8.695093202999999,-0.1073164948112415
1785583358.2775512,8.700091737999998,-0.11078826379194082
1785583358.2825377,8.705090494999993,-0.1142353695007167
1785583358.2875655,8.710097715999993,-0.11766256953239912
1785583358.2925942,8.715094102999998,-0.12105581873277181
1785583358.297546,8.720090655999996,-0.12442182319011792
1785583358.302546,8.725092709999998,-0.12776328449431965
1785583358.307543,8.730093041999993,-0.13107450433762843
1785583358.3125525,8.735091057999995,-0.1343542891756021
1785583358.317548,8.740093316,-0.13760609423649722
1785583358.322544,8.745092517000003,-0.14082433883150333
1785583358.3275416,8.750093144999994,-0.14401110561724909
1785583358.3325408,8.755091014000001,-0.1471629273490835
1785583358.337574,8.760097751999993,-0.15028626747699045
1785583358.3425646,8.765094916999999,-0.15336882813604338
1785583358.3475645,8.770089951999992,-0.1564145305049426
1785583358.3525443,8.775092135999998,-0.15942819207096665
1785583358.357554,8.780094059999996,-0.16240449353123973
1785583358.362545,8.785092853999998,-0.16534099243458827
1785583358.3675451,8.790092407999992,-0.16823923611549252
1785583358.3725429,8.795092627999992,-0.17109839634955235
1785583358.3775744,8.800092681999999,-0.17391724217998808
1785583358.3825417,8.805091273000002,-0.17669432131858492
1785583358.3875444,8.810092288999996,-0.1794310491789354
1785583358.3925443,8.815092398000004,-0.1821248591654014
1785583358.397542,8.820092304,-0.18477542929970264
1785583358.4025462,8.825092783000002,-0.18738245970602865
1785583358.4075673,8.830097577999993,-0.18994713908498517
1785583358.4126008,8.835097871999992,-0.1924642633123038
1785583358.4175584,8.840092056000003,-0.19493248945288438
1785583358.4225507,8.845093590999994,-0.1973577850683901
1785583358.4275498,8.850092755999995,-0.1997347087656827
1785583358.4325433,8.855090198,-0.2020629786803528
1785583358.4375699,8.860095251999994,-0.20434622074764752
1785583358.442572,8.865095213000004,-0.20657797491579458
1785583358.44757,8.870089507000003,-0.20875752834797115
1785583358.4525483,8.875093078999996,-0.21089074370342442
1785583358.4575431,8.880092022,-0.21297102756616612
1785583358.4625726,8.885092001999993,-0.21500020983553633
1785583358.4675858,8.890095295999998,-0.2169785753367658
1785583358.4725692,8.895094849999992,-0.21890278164487081
1785583358.4775512,8.900091310999997,-0.22077263862066263
1785583358.4825425,8.905091271999993,-0.22259007175716644
1785583358.4875464,8.910093732999997,-0.2243540970112642
1785583358.4925714,8.915097027000002,-0.22606356037268874
1785583358.4975502,8.920093581000003,-0.22771547328855718
1785583358.5025449,8.925092337999999,-0.2293123822987936
1785583358.5075476,8.930092724999994,-0.2308535675299802
1785583358.5125642,8.935095242000003,-0.23233865943261028
1785583358.5175514,8.940093183999991,-0.23376526266245168
1785583358.5225492,8.945092904999996,-0.23513480575413556
1785583358.5275471,8.950093088000003,-0.2364464696163168
1785583358.5325468,8.955091216,-0.237699215968867
1785583358.5375466,8.960093287999996,-0.23889412295432053
1785583358.5425432,8.965092193999993,-0.24002910024269172
1785583358.5475912,8.970097413999994,-0.2411058795128708
1785583358.5525713,8.975095431,-0.24212121882267731
1785583358.5575619,8.980094558000005,-0.24307658104893115
1785583358.5625498,8.985092555999998,-0.24397121798206792
1785583358.567549,8.990092646999997,-0.24480538259582268
1785583358.5725496,8.995092755999991,-0.2455783985958911
1785583358.5775528,9.000093327999991,-0.24629004915743904
1785583358.582544,9.005090363999997,-0.24693956030462472
1785583358.5875452,9.010092473,-0.2475277758749655
1785583358.5925736,9.015092303999992,-0.24805354807488472
1785583358.597552,9.020093117000002,-0.24851702771606674
1785583358.6025472,9.02509293,-0.24891783077218374
1785583358.6075492,9.030093225000002,-0.24925590061744637
1785583358.6125464,9.035093536999995,-0.24953102688619377
1785583358.617552,9.040092498999996,-0.24974300578978362
1785583358.6225474,9.04509333,-0.24989182600012153
1785583358.6275456,9.050092550000002,-0.2499772569930781
1785583358.6325424,9.055090566999993,-0.24999925317219832
1785583358.6375504,9.06009401,-0.24995767315555545
1785583358.6425505,9.065093470999997,-0.24985249361848058
1785583358.6475658,9.070093190999998,-0.24968363863658866
1785583358.6525486,9.075092837,-0.2494510744168342
1785583358.6575804,9.080092223999998,-0.2491547907364896
1785583358.662581,9.085095332999998,-0.24879447659423343
1785583358.6675718,9.090096054,-0.2483705541051141
1785583358.672548,9.095093496000004,-0.24788323124422862
1785583358.6775439,9.100092957000001,-0.24733205603077746
1785583358.6825466,9.105092084999995,-0.24671731267642555
1785583358.6875455,9.110093860999996,-0.24603866419112974
1785583358.6925452,9.115093415000004,-0.245296853591617
1785583358.6975458,9.120093135000005,-0.24449167271283104
1785583358.702598,9.125094078000004,-0.24362304865721002
1785583358.7075703,9.130094112999998,-0.24269148599693588
1785583358.7125466,9.135092665999991,-0.24169729393311531
1785583358.717544,9.140092646,-0.24064006868855242
1785583358.722541,9.145092699999992,-0.2395202586157273
1785583358.7275553,9.150091476,-0.23833839627689857
1785583358.7325544,9.155091732999992,-0.23709404952325921
1785583358.737543,9.160092546000001,-0.23578765133602894
1785583358.7425416,9.16509284,-0.23441973932517152
1785583358.7475674,9.170093226999995,-0.2329904281000359
1785583358.7525442,9.175093429,-0.23150008961534385
1785583358.757572,9.180091148999992,-0.22994976451385993
1785583358.7625673,9.185094165999999,-0.22833731261402818
1785583358.7676039,9.190093496999992,-0.22666594049131997
1785583358.7725563,9.195092513999995,-0.22493494995252117
1785583358.7775548,9.200093068000001,-0.22314405172566085
1785583358.7825508,9.205092417999992,-0.2212946114835921
1785583358.787552,9.210092267999997,-0.21938641766861117
1785583358.7925544,9.215092618,-0.2174198754687637
1785583358.797553,9.220093004999995,-0.2153955966859819
1785583358.8025565,9.225092762000003,-0.2133143167992945
1785583358.8075507,9.230092482000003,-0.21117627167680741
1785583358.812557,9.235092757999993,-0.20898168627407088
1785583358.8175542,9.240093145000003,-0.20673124804780313
1785583358.822551,9.245092642999992,-0.20442593923013144
1785583358.82755,9.250092197,-0.20206587276539173
1785583358.8325527,9.255092583999996,-0.19965121797538807
1785583358.8375533,9.260092526999998,-0.1971831514801276
1785583358.842569,9.265093339000003,-0.19466160027228172
1785583358.847597,9.270112393000005,-0.19207810130149525
1785583358.8526115,9.275093464999998,-0.18946251596499672
1785583358.8575668,9.280092667000005,-0.18678631446482769
1785583358.862562,9.285093739000004,-0.18405853630036856
1785583358.8675609,9.290093311999996,-0.18128167088240565
1785583358.872553,9.295093586999997,-0.17845517996965737
1785583358.8775578,9.300092122999999,-0.17558114520006374
1785583358.8825536,9.305093047,-0.17265788562380033
1785583358.8875592,9.310092377999993,-0.16968843244740117
1785583358.8925512,9.315092449999995,-0.16667214124308313
1785583358.897556,9.320092373999998,-0.1636102839016938
1785583358.902551,9.325092464999997,-0.16050342505569237
1785583358.90755,9.330092481999998,-0.15735248469492985
1785583358.91255,9.335091554000002,-0.1541588099618869
1785583358.917561,9.340093088999993,-0.15092100262179356
1785583358.9225516,9.345092643000001,-0.14764274500806449
1785583358.927547,9.350091715000005,-0.14432390937929646
1785583358.932547,9.355091693999995,-0.14096440562874404
1785583358.937577,9.360092562999995,-0.13756507383872135
1785583358.9425616,9.365092375999993,-0.13412810130261224
1785583358.947569,9.370091837000004,-0.13065389485612602
1785583358.952552,9.375091983000004,-0.12714261684899866
1785583358.9575496,9.380091648000004,-0.1235959823238117
1785583358.9625497,9.385091665000004,-0.12001431193446804
1785583358.9675503,9.390092328999998,-0.11639830576797153
1785583358.972549,9.395091993999998,-0.11275009043352287
1785583358.9775493,9.400091787999997,-0.10906979512901006
1785583358.9825559,9.405091916000003,-0.10535821901928229
1785583358.9875517,9.410092895999995,-0.10161593193010679
1785583358.9925497,9.415092004999991,-0.09784595585026518
1785583358.9975476,9.420092021999992,-0.09404718871601811
1785583359.0025527,9.425092371999995,-0.09022105211784973
1785583359.0075521,9.430092316,-0.08636911682684817
1785583359.0125468,9.435092037000004,-0.08249226067177005
1785583359.0175495,9.440091758999998,-0.07859133449572996
1785583359.0225515,9.445092035999991,-0.07466693388536273
1785583359.02755,9.450091684,-0.07072102883438285
1785583359.0325484,9.455092331000003,-0.06675338083939031
1785583359.0375516,9.460092330999998,-0.06276635036874481
1785583359.0425794,9.465091997000002,-0.05876075794793483
1785583359.0475707,9.470092218000005,-0.054736961916208964
1785583359.052549,9.475092051000004,-0.050696799173541786
1785583359.0575488,9.480091958000003,-0.04664098380618203
1785583359.0625474,9.485091901999994,-0.042570637769066916
1785583359.0675645,9.490091918999994,-0.038486830116022754
1785583359.072551,9.495091993000003,-0.034390678320457654
1785583359.0775485,9.500092195999997,-0.030283233468072632
1785583359.0825484,9.505092157999997,-0.026165916024633768
1785583359.0875528,9.510091935999995,-0.02203980154629609
1785583359.0925493,9.515091545999994,-0.017906003732305064
1785583359.09755,9.520092007999992,-0.013764808451848338
1785583359.1025534,9.525093007999999,-0.009617608431209726
1785583359.1075535,9.530092174000004,-0.005467511706375578
1785583359.1125531,9.535092117999994,-0.0013134938111817893
1785583359.1175508,9.540092079999994,0.0028426687551503078
1785583359.1225533,9.545092505,0.007000197050851048
1785583359.1275523,9.550091856999998,0.011156662310070826
1785583359.1325502,9.555091633999993,0.015312156095819396
1785583359.1375515,9.560092706999995,0.019466245107039853
1785583359.1425483,9.565091835999993,0.023615080800629296
1785583359.147572,9.570092279999997,0.02776020907188972
1785583359.1525552,9.575091889999996,0.031898687474176436
1785583359.1575477,9.580092481999998,0.036030857472533165
1785583359.1625931,9.585098074000001,0.040158862300928216
1785583359.1676006,9.590093202999995,0.04426880260807047
1785583359.1725729,9.595093109999993,0.04837207351681706
1785583359.17756,9.600093053999998,0.052463608191338225
1785583359.1825614,9.605093053000004,0.05654226076707276
1785583359.1875587,9.610092644999995,0.060606496821610734
1785583359.1925719,9.615094236999994,0.06465710813444331
1785583359.1975625,9.620091848000001,0.0686881049860593
1785583359.2025623,9.625092607,0.07270408810978907
1785583359.2075589,9.630092994999998,0.07670106574248402
1785583359.2125618,9.635093123999994,0.08067798262770547
1785583359.21756,9.640092641999999,0.08463341919813543
1785583359.2225578,9.645092289000004,0.08856682278937894
1785583359.2275581,9.650092974000003,0.09247776309609093
1785583359.232562,9.655092233000005,0.09636318268197809
1785583359.2376015,9.660097601999993,0.10022777331978147
1785583359.2425728,9.665092971999997,0.10405800431560981
1785583359.2475944,9.670093768000001,0.10786462096207475
1785583359.2526221,9.675095081999999,0.11164272432999264
1785583359.2575765,9.680094062999999,0.11538906937610348
1785583359.2625813,9.685093784000003,0.11910487266726374
1785583359.2675846,9.690095747,0.12279012762858166
1785583359.2725682,9.695093634999992,0.12643911087414364
1785583359.2775621,9.700092596999994,0.13005453209283557
1785583359.2825613,9.705093023000003,0.13363557469122997
1785583359.2875626,9.710092504000002,0.1371794433923185
1785583359.2925582,9.715092132999999,0.1406858653715107
1785583359.2975607,9.720092502,0.14415419781207695
1785583359.3025591,9.725092335,0.14758251425484306
1785583359.3075569,9.730091759999993,0.15096988406695158
1785583359.312683,9.735106888999994,0.1543260112839839
1785583359.3175821,9.740094388999992,0.15762103832560895
1785583359.3225734,9.745093870000005,0.16088033536466237
1785583359.3275313,9.750088238999993,0.1640916822932287
1785583359.3325324,9.755088108999999,0.16726092009517626
1785583359.3375983,9.760094182999993,0.17038736447672181
1785583359.3425648,9.765093125999996,0.1734617434363258
1785583359.3475778,9.770092180999995,0.17648766732887164
1785583359.3525636,9.775092365999996,0.17946480200551063
1785583359.3575628,9.780093179999994,0.18239190280208373
1785583359.3625631,9.785094271999995,0.18526784274560337
1785583359.367574,9.790092678999997,0.18809006097525607
1785583359.372559,9.795092585999996,0.19086005819044816
1785583359.3775563,9.800092121999995,0.1935759127113942
1785583359.3825583,9.805092622000004,0.19623748654387702
1785583359.387558,9.810092101999999,0.1988428853897951
1785583359.3925555,9.815092286999999,0.2013921885962867
1785583359.397556,9.820092137999993,0.20388405010402863
1785583359.4025638,9.825092081999998,0.20631789183328872
1785583359.4075596,9.830092526000001,0.2086931217179201
1785583359.412559,9.835092433,0.2110084836554756
1785583359.41756,9.840092321,0.2132634791987715
1785583359.4225905,9.845092097999995,0.2154573371294556
1785583359.4275577,9.850092246000003,0.21758954840737676
1785583359.4325776,9.855111338,0.2196669705000833
1785583359.437557,9.860092484999996,0.22166573349617708
1785583359.442576,9.865109724999996,0.22361491346784518
1785583359.4475808,9.870092169000003,0.22548630098104513
1785583359.452579,9.875109928,0.22730558646082066
1785583359.4575574,9.880092242000003,0.22904650782935432
1785583359.4625766,9.885108740999996,0.23073282358668765
1785583359.467559,9.890092518000003,0.2323414405036261
1785583359.472556,9.895091777000005,0.23388770747283794
1785583359.4775631,9.900092776999998,0.2353664883504923
1785583359.48256,9.905091869000003,0.23677618838070286
1785583359.4875627,9.910093293999992,0.23811749447120958
1785583359.4925792,9.915092367,0.23938867000956132
1785583359.4975607,9.920093589000004,0.24059040255716488
1785583359.50256,9.925091921999993,0.24172105608044148
1785583359.507587,9.930091809999993,0.24278124291645384
1785583359.512558,9.935092530999995,0.2437703581629106
1785583359.5175571,9.940091937999995,0.24468760682479654
1785583359.522557,9.945091882,0.24553298511613655
1785583359.527555,9.950091788999998,0.24630604581363755
1785583359.53256,9.955092362000002,0.24700656536626175
1785583359.537765,9.96009214,0.24763404439838316
1785583359.5425663,9.965093045999993,0.24818844052850272
1785583359.5475821,9.970092934999997,0.24866925847689925
1785583359.552563,9.975092840999991,0.24907638614673613
1785583359.5575595,9.980092489,0.24940959452247188
1785583359.5625558,9.985091858999994,0.24966870393824844
1785583359.5675604,9.990092727999993,0.24985361087836308
1785583359.572559,9.995092968999998,0.24996407076675314
1785583359.5775619,10.000092135000003,0.2499999873279266
1785583359.5825577,10.005092152999993,0.24996127711318905
1785583359.587558,10.010091892999995,0.24984785598560164
1785583359.5925846,10.015092170000003,0.2496596419359423
1785583359.5975606,10.020092465000005,0.24939660674920883
1785583359.602557,10.025092039,0.2490587922741431
1785583359.6075585,10.030091982999991,0.24864614242564942
1785583359.6125567,10.035091816000005,0.24815872345861872
1785583359.6175642,10.040092778000002,0.2475964467155323
1785583359.622558,10.045092111000002,0.24695971126108837
1785583359.627557,10.050092109999994,0.24624834689065345
1785583359.6325562,10.055091258000004,0.24546269685576452
1785583359.6375551,10.060091275000005,0.244602636578092
1785583359.642557,10.065091756000001,0.24366837503631142
1785583359.6475751,10.070091996000002,0.24266023087734426
1785583359.6525714,10.075093291999991,0.24157813936356873
1785583359.6575613,10.080091995000004,0.24042316151228665
1785583359.6626253,10.085103771999997,0.23919170773960624
1785583359.6675825,10.090094586999996,0.23789259722041073
1785583359.6725576,10.095092049000002,0.23651926208841625
1785583359.6775923,10.100091992999992,0.23507297674529473
1785583359.6825526,10.105092048000003,0.23355472238387445
1785583359.6875594,10.110092676999997,0.2319647180603973
1785583359.6925564,10.115092176000005,0.2303039144829876
1785583359.6975632,10.120092435000004,0.2285721113207006
1785583359.7025635,10.125092619,0.2267700253917913
1785583359.707559,10.130091581999991,0.22489856148093038
1785583359.7125592,10.135093377000004,0.22295665571512305
1785583359.717562,10.140092803000002,0.22094682697100246
1785583359.7225618,10.145091820999994,0.2188688755272453
1785583359.7275589,10.150092246,0.21672257998627711
1785583359.732557,10.155092208,0.21450929932805296
1785583359.7375572,10.160092188999997,0.21222942654199747
1785583359.7425613,10.165091707000002,0.20988380930126674
1785583359.74758,10.170092447000002,0.20747228290684153
1785583359.75258,10.175096334999992,0.20499449614412826
1785583359.7575836,10.180097649999993,0.202453955102244
1785583359.7626522,10.185092796999996,0.19985335754327319
1785583359.7675643,10.190093371000003,0.19718740626562908
1785583359.772558,10.195093185000005,0.19446005856475262
1785583359.777559,10.200092405999996,0.19167201547544419
1785583359.7825556,10.205092312999994,0.18882334961347996
1785583359.7875605,10.210092404999997,0.18591513870147927
1785583359.7925599,10.215092385999995,0.18294838173833342
1785583359.7975569,10.220092108000003,0.1799240210169818
1785583359.8025594,10.225093755000003,0.17684157478125423
1785583359.8075616,10.230092903,0.17370466645080768
1785583359.8125641,10.235092717,0.17051224720468144
1785583359.8175597,10.240092771999997,0.1672654988449685
1785583359.8225572,10.245091641999991,0.1639663065503685
1785583359.827562,10.250092084999991,0.16061380666191952
1785583359.8325586,10.255092159,0.15721026340934752
1785583359.8375611,10.260092547,0.15375621201869477
1785583359.8425593,10.265092527999997,0.1502531688664396
1785583359.847604,10.270091786999998,0.14670240543802945
1785583359.8525593,10.275091970999995,0.14310380051392077
1785583359.8575573,10.280092007999997,0.13945918308680225
1785583359.8625548,10.285091451,0.1357699741651758
1785583359.86756,10.290093228999993,0.13203509093664936
1785583359.8725574,10.295091912999993,0.128259714552743
1785583359.8775587,10.300092672000005,0.12444108751919333
1785583359.8825567,10.305091968,0.12058305221738246
1785583359.8875782,10.310094336999995,0.11668325321868395
1785583359.8925664,10.315092188999998,0.112748802626117
1785583359.8975577,10.320091872999996,0.10877592560909125
1785583359.9025564,10.325091705999995,0.10476714420953769
1785583359.90756,10.330091631000002,0.10072372216275603
1785583359.9125624,10.335093353000005,0.09664549589953417
1785583359.917563,10.340092111000004,0.09253760595213535
1785583359.922559,10.34509174,0.08839818043925321
1785583359.9275572,10.350091665999997,0.08422895567366623
1785583359.9325852,10.355091406,0.08003161726787815
1785583359.937558,10.360092108999993,0.07580648986404985
1785583359.942561,10.365091664000005,0.07155666519631648
1785583359.9475803,10.370092181999993,0.06728166796400026
1785583359.952557,10.375092033000001,0.06298421738907863
1785583359.9575608,10.380091957999994,0.05866501850201233
1785583359.9625578,10.385091383999992,0.054325916180530516
1785583359.9675705,10.390091752999993,0.04996701283339108
1785583359.9725552,10.395091549,0.04559099317747697
1785583359.977559,10.400092419000003,0.041197787187840916
1785583359.9825585,10.405091436999996,0.03679135043833509
1785583359.9875584,10.410092066000004,0.032370020821893025
1785583359.992557,10.415091509999996,0.027937664698483345
1785583359.9975572,10.420091397999997,0.023494243255879153
1785583360.0025587,10.425091434999999,0.019041425762635355
1785583360.0075562,10.430091656999991,0.014580594167571759
1785583360.0125563,10.435091916999994,0.010113299425804812
1785583360.0175874,10.440091881,0.0056412655212466885
1785583360.022556,10.445091380999997,0.0011660730597585363
1785583360.0275578,10.450091807999996,-0.0033120900524057036
1785583360.0325563,10.455092011999994,-0.007790757272183993
1785583360.0375562,10.460091679000001,-0.012268207270864013
1785583360.0425584,10.465091790999992,-0.016743876893317765
1785583360.0475788,10.470092124999994,-0.021216121176963178
1785583360.0525582,10.475091254999995,-0.02568221974357941
1785583360.057555,10.480091903999991,-0.030143156985845673
1785583360.0625563,10.485092034000004,-0.03459566440740295
1785583360.0675583,10.490092312000002,-0.039038887980956616
1785583360.0725553,10.495092127999996,-0.04347083815644103
1785583360.0775552,10.500091665,-0.047890232099699656
1785583360.0825562,10.505091054999994,-0.0522957419523597
1785583360.0875602,10.510092481000001,-0.05668783810510397
1785583360.092556,10.515091704,-0.06106135607655044
1785583360.0975554,10.520092390000002,-0.0654180661955199
1785583360.102556,10.525091797999991,-0.06975414252083414
1785583360.1075566,10.530091317,-0.07406936333978933
1785583360.1125565,10.535091855000005,-0.07836307561620764
1785583360.1175573,10.540091485000005,-0.08263219907808267
1785583360.1225603,10.545091855999999,-0.0868767228078822
1785583360.1275783,10.550110911999994,-0.09111030671660392
1785583360.1325586,10.555091856999994,-0.09528379533869809
1785583360.137557,10.560091580000005,-0.09944361887740803
1785583360.1425588,10.565092617000005,-0.10357367588946412
1785583360.1475787,10.570091969999993,-0.1076701062798571
1785583360.152559,10.575092136999999,-0.11173358540008076
1785583360.157555,10.580091248999992,-0.11576122576761597
1785583360.162621,10.585096898000003,-0.11975772118507962
1785583360.1675625,10.590092787000003,-0.12370874284730114
1785583360.172564,10.595092343000005,-0.12762363559554998
1785583360.177557,10.600091436,-0.1314977955757711
1785583360.1825583,10.605091993000002,-0.1353313814943136
1785583360.1875584,10.610092123000001,-0.13912161927744005
1785583360.1925557,10.615091863999993,-0.1428672486965795
1785583360.197561,10.620092419999992,-0.1465678784011218
1785583360.202559,10.625092495000004,-0.15022126974148994
1785583360.207559,10.630091754999995,-0.15382593539906086
1785583360.2125602,10.635092106999991,-0.15738199812926595
1785583360.217558,10.640092737000003,-0.16088762417874142
1785583360.2225568,10.645091941999993,-0.16434041746174458
1785583360.2275586,10.650091552999996,-0.16774045376361402
1785583360.232556,10.655091460999998,-0.17108645831898422
1785583360.2375765,10.660094405999999,-0.1743790354308673
1785583360.24256,10.665092591999993,-0.177611925510643
1785583360.2476182,10.670091869999993,-0.18078783469126097
1785583360.2525618,10.675092890000002,-0.1839060027329144
1785583360.2575595,10.680091963999999,-0.18696302751438185
1785583360.2625644,10.685092964999996,-0.18996018892071367
1785583360.267575,10.690092538999991,-0.19289439752335477
1785583360.27256,10.695092150999997,-0.19576548764893884
1785583360.277557,10.700091911000001,-0.19857248676971836
1785583360.282557,10.705091522999993,-0.20131421609427014
1785583360.2875538,10.710091875000003,-0.20399015808105136
1785583360.2925575,10.715092060999993,-0.20659884382996016
1785583360.2975574,10.720091728,-0.20913915119382492
1785583360.3025603,10.725092043999993,-0.21161074014635076
1785583360.307556,10.730092137,-0.2140122614915435
1785583360.3125582,10.735091433999997,-0.21634257413252403
1785583360.3175566,10.740091527000004,-0.21860155493151998
1785583360.3225555,10.745091305000003,-0.22078784896189238
1785583360.3275614,10.750093195000005,-0.22290165799118442
1785583360.3325899,10.755091805999996,-0.22493993300755505
1785583360.3375576,10.760091806999995,-0.22690384694012952
1785583360.3425584,10.765091974,-0.22879213490666264
1785583360.3475769,10.770091640999993,-0.23060382809542074
1785583360.3525586,10.775091735000004,-0.23233856366818198
1785583360.3575606,10.780091939000002,-0.23399554357578536
1785583360.3625593,10.785091588,-0.23557390741700548
1785583360.3675609,10.790091847,-0.2370733965934805
1785583360.3725557,10.795091478000003,-0.2384930409880775
1785583360.377558,10.800091756,-0.23983262876349057
1785583360.3825572,10.805091348999994,-0.24109125691071223
1785583360.3875577,10.810091349999993,-0.24226868667659782
1785583360.3925555,10.815091831999993,-0.24336441959132005
1785583360.3975954,10.820091332000004,-0.2443776805025861
1785583360.4025576,10.825091647999997,-0.2453083981919716
1785583360.4075558,10.830091777999996,-0.24615595825128364
1785583360.4125571,10.835092316,-0.24692007115653578
1785583360.4175568,10.840091760999996,-0.24760016802839463
1785583360.4225576,10.845091835000005,-0.24819616615243076
1785583360.4275577,10.850092020999995,-0.24870768478173352
1785583360.4325585,10.855092076999995,-0.2491344276396529
1785583360.4375596,10.860092836999996,-0.24947620788050898
1785583360.4425595,10.865092430000004,-0.24973269484986352
1785583360.4475772,10.870092134000004,-0.24990379545584426
1785583360.4525552,10.875091838999992,-0.24998934647433724
1785583360.4575565,10.880092062000003,-0.24998921599704582
1785583360.462557,10.885091673000005,-0.2499033083596908
1785583360.4675617,10.890092636999995,-0.2497315020072102
1785583360.4725564,10.895091971,-0.24947386738470148
1785583360.4775548,10.900091731000003,-0.2491303200080453
1785583360.4825583,10.905092213000003,-0.2487008300997399
1785583360.4875581,10.910092695000003,-0.24818549099645176
1785583360.4925585,10.915091547000003,-0.24758459237765545
1785583360.4975595,10.920092824999998,-0.24689773587234118
1785583360.5025582,10.925091899999998,-0.24612569101244633
1785583360.5075862,10.930091993000005,-0.24526816026218437
1785583360.5125604,10.935092216000001,-0.244325466029511
1785583360.5175562,10.940091105999997,-0.24329814425298857
1785583360.522559,10.945092142999997,-0.2421857185433682
1785583360.5275543,10.950091439999994,-0.24098933257938188
1785583360.5325596,10.955091995999993,-0.23970860028245128
1785583360.5375574,10.960091774999995,-0.23834438025769605
1785583360.5425587,10.965091868000002,-0.23689676564573192
1785583360.547576,10.970092238999996,-0.2353661611421908
1785583360.5525594,10.975092349999997,-0.2337531697990737
1785583360.5575578,10.980091962000003,-0.23205835589918247
1785583360.5625587,10.985091889000003,-0.230281946038593
1785583360.567573,10.990092074000003,-0.22842447402309338
1785583360.5725586,10.995092149000001,-0.2264866299296172
1785583360.5775576,11.000091501,-0.22446925751129396
1785583360.5825565,11.005091797999995,-0.22237229372224007
1785583360.5875664,11.010093002999994,-0.22019635468516285
1785583360.5925603,11.015091706999996,-0.21794363417310336
1785583360.5975602,11.020092058999992,-0.2156129842104561
1785583360.60256,11.025092023,-0.2132060549690215
1785583360.6075554,11.030091893999995,-0.21072347418154155
1785583360.612555,11.035091468000005,-0.20816613872244524
1785583360.6175585,11.040091691,-0.2055343715916779
1785583360.6225574,11.045091747,-0.20282943409682863
1785583360.6275573,11.050092581000001,-0.20005167186989614
1785583360.6325572,11.055091804,-0.19720332711817395
1785583360.6375616,11.060092064000003,-0.19428382770960656
1785583360.6425576,11.065091491000004,-0.19129521195366828
1785583360.6475804,11.070092583999994,-0.18823694636216695
1785583360.652558,11.075092046999998,-0.18511204938016493
1785583360.657556,11.080091547999999,-0.18192054010270944
1785583360.662584,11.085098251999995,-0.1786587575681487
1785583360.6675622,11.090093678999992,-0.17533990115068865
1785583360.6725585,11.095093234999993,-0.1719549786228039
1785583360.6775568,11.100092902,-0.16850775933124545
1785583360.6825664,11.105093643000004,-0.164998711801698
1785583360.6875584,11.110092198999993,-0.1614313211072374
1785583360.6925585,11.115093126000005,-0.15780353449613665
1785583360.6975572,11.120093163999996,-0.1541189160211176
1785583360.702559,11.125093441999994,-0.1503778931290765
1785583360.707557,11.130092497999996,-0.14658284629855214
1785583360.712561,11.135093257999998,-0.14273283901852174
1785583360.7175603,11.140093276999991,-0.138831052429889
1785583360.7225616,11.145092388999998,-0.13487897699959311
1785583360.7275572,11.150092888999993,-0.13087614730742647
1785583360.732556,11.155092315999994,-0.12682590498382607
1785583360.7375565,11.160092649999996,-0.12272804494320773
1785583360.7425773,11.165112428,-0.11856851551035788
1785583360.7475784,11.170093003000005,-0.1143976122899517
1785583360.7525997,11.175117428999997,-0.11014718534877213
1785583360.7575588,11.180093077999999,-0.10589711900814675
1785583360.7625582,11.185093559999999,-0.10158631865528332
1785583360.767562,11.190093060999999,-0.09723825860859689
1785583360.77257,11.195092579999994,-0.09285360351460567
1785583360.7775624,11.200093099,-0.0884330199668373
1785583360.7825575,11.205092284999992,-0.08398012794080599
1785583360.7875605,11.210092211000003,-0.0794946561682941
1785583360.792557,11.215092396999992,-0.0749786096196792
1785583360.7975569,11.220092008999998,-0.07043434209667995
1785583360.8025558,11.225091750000004,-0.06586282950797544
1785583360.8075583,11.230092306000003,-0.061265061276079495
1785583360.8125558,11.235091936000003,-0.05664427533557504
1785583360.8175592,11.240092621999992,-0.05200028745540233
1785583360.8225555,11.245092122999992,-0.04733683878067994
1785583360.827558,11.250092604999992,-0.04265358025535381
1785583360.8325562,11.255091863999994,-0.03795425690093454
1785583360.8375583,11.260092606,-0.033238013270399956
1785583360.842557,11.265091605999999,-0.028509589639759518
1785583360.8476064,11.270092050999992,-0.023767679058263026
1785583360.8525586,11.275092626000003,-0.01901523701709195
1785583360.8575566,11.280092349,-0.014254919897752464
1785583360.862556,11.285092590000005,-0.009487151491320364
1785583360.8675978,11.290092608999998,-0.004714369753166838
1785583360.8725605,11.295092647000004,6.191693749272563e-05
1785583360.8775568,11.300091758999997,0.004839062929380669
1785583360.8825552,11.305092092999999,0.009617374635681304
1785583360.8875582,11.310092686000004,0.01439418180357128
1785583360.8925576,11.315092964000002,0.019167183533514653
1785583360.8975558,11.320092075999995,0.023933815309660444
1785583360.9025602,11.325091983999997,0.028694193283939188
1785583360.9075565,11.330092706999991,0.03344657568887634
1785583360.9126022,11.335095948000003,0.038190813752555085
1785583360.9175706,11.340094077999993,0.04291792627164743
1785583360.9225597,11.345091448999995,0.047630298553308456
1785583360.927558,11.350092208999996,0.052330079222163366
1785583360.9327822,11.355093858000004,0.05701314787798897
1785583360.937572,11.360094469000003,0.06167595372146367
1785583360.9425652,11.365092543999992,0.06631537904765167
1785583360.947582,11.370092432999996,0.07093372897223423
1785583360.952561,11.375092749000004,0.07552797448309538
1785583360.9575598,11.380092305000005,0.08009530092682078
1785583360.962558,11.385092102000002,0.0846349069330177
1785583360.9675658,11.390092472999996,0.08914537498913513
1785583360.9725566,11.395092083999998,0.09362379858617131
1785583360.9775658,11.400092936999997,0.09807026954970445
1785583360.9825566,11.405091752000004,0.1024801926470968
1785583360.9875593,11.410091937999994,0.10685490493141078
1785583360.9925563,11.415092141999992,0.11119154052085796
1785583360.9975598,11.420092291000003,0.1154883806150113
1785583361.0025895,11.425095069999998,0.11974605617296663
1785583361.0075529,11.430089479000003,0.12395364787825604
1785583361.0125434,11.435090203000001,0.12812193620076778
1785583361.0175726,11.440093703999992,0.13224624407983174
1785583361.022564,11.445092853999995,0.13631912713215197
1785583361.0275586,11.450091986000004,0.1403426033916188
1785583361.0325565,11.455091449999998,0.14431539099147717
1785583361.0375621,11.460092340999992,0.14823678965541381
1785583361.042559,11.465092028,0.15210320647601505
1785583361.047578,11.470092178000002,0.1559144337254857
1785583361.052559,11.475091734999992,0.15966817825741308
1785583361.0575578,11.480091161999994,0.16336332859059619
1785583361.0625572,11.485092072,0.16699960034836062
1785583361.06756,11.490091980999992,0.1705737460227208
1785583361.0725565,11.495091501000005,0.174084816891718
1785583361.077556,11.500091335999997,0.1775319181168059
1785583361.082558,11.505091855999993,0.18091391624128164
1785583361.0875576,11.510091562,0.18422845322264397
1785583361.0925531,11.515092062999997,0.18747527197000363
1785583361.0975566,11.520091527999995,0.19065188823288048
1785583361.1025627,11.525092900000004,0.1937588767298754
1785583361.1075616,11.530092475999993,0.1967926826990146
1785583361.1125588,11.535091459,0.19975286134597664
1785583361.1175563,11.540092313000002,0.2026396422490672
1785583361.1225615,11.545092350999994,0.20545027551682743
1785583361.1275604,11.550092038000003,0.20818390062221498
1785583361.1325562,11.555091372999996,0.21083941224222308
1785583361.1375573,11.560091763999992,0.21341644814897673
1785583361.1425567,11.565091987999992,0.21591329136259665
1785583361.14758,11.570091675,0.21832873722477636
1785583361.1525578,11.575091880000002,0.22066228808000507
1785583361.1575572,11.5800919,0.22291262940758147
1785583361.1625865,11.585098512999991,0.22508170138628547
1785583361.167582,11.590093330000002,0.2271607513725526
1785583361.1725595,11.595092424,0.22915577514450214
1785583361.1775606,11.600092703000001,0.2310645428831446
1785583361.1825557,11.605092427000002,0.23288555022822338
1785583361.187565,11.610092909999992,0.23461847854741041
1785583361.1925616,11.615092504999993,0.23626200130637218
1785583361.1975586,11.62009234,0.2378157803275758
1785583361.2025597,11.625093026999991,0.23927928309166993
1785583361.207559,11.630092564999998,0.24065127253746393
1785583361.2125578,11.635092474999993,0.24193156172700478
1785583361.2175608,11.640092643000003,0.24311951273206553
1785583361.2225592,11.645091847999993,0.24421429834791417
1785583361.2275608,11.650092775999994,0.24521596354252098
1785583361.2325609,11.655093166,0.24612353532393227
1785583361.23756,11.660092297999995,0.24693648239822788
1785583361.2425592,11.665092985000001,0.24765483811796377
1785583361.2475798,11.670092152999999,0.24827778030222142
1785583361.2525601,11.675092581000001,0.24880531914382617
1785583361.2575595,11.680092618999993,0.24923694856993622
1785583361.2625594,11.685092639999993,0.24957244205338394
1785583361.2675564,11.690091918999997,0.2498115393053558
1785583361.2725594,11.695092309999993,0.24995412171556625
1785583361.2775626,11.700093347999996,0.24999996560756693
1785583361.2825785,11.705094184000004,0.2499489281689231
1785583361.287573,11.710092852000002,0.24980101377535127
1785583361.292564,11.715092854000005,0.24955609609499493
1785583361.2975595,11.720092780999991,0.24921419827698102
1785583361.302559,11.725092246000003,0.24877539097174206
1785583361.3075573,11.730092544000001,0.24823961619623988
1785583361.312558,11.735092082999998,0.2476071468032792
1785583361.3175633,11.740092861999997,0.24687785843807747
1785583361.3225589,11.745092474999993,0.24605228035460666
1785583361.327579,11.750110790999997,0.24512684359962708
1785583361.3325565,11.755091551999996,0.24411272279944024
1785583361.3375595,11.760092349999994,0.24299899057375265
1785583361.3425586,11.765092334000002,0.24179007201812652
1785583361.3475766,11.770092168999994,0.24048620479981025
1785583361.3525589,11.775092078,0.23908774176706324
1785583361.3575618,11.780093209,0.2375947720340829
1785583361.3625572,11.785092526,0.23600870325595769
1785583361.3675575,11.790092526999999,0.23432929703352562
1785583361.3725564,11.795092343999997,0.23255739088621039
1785583361.3775592,11.800092548999999,0.23069337396298312
1785583361.3825579,11.805092329000004,0.22873818517752717
1785583361.387556,11.810092218999998,0.2266922959508883
1785583361.3925562,11.815091887999998,0.22455655369954103
1785583361.397556,11.820091574999992,0.22233160756883463
1785583361.4025598,11.825092205999994,0.22001780237103336
1785583361.407559,11.830092671000003,0.21761645020204115
1785583361.4125566,11.835091856999995,0.21512897847490928
1785583361.4175563,11.840091767000004,0.21255529588367283
1785583361.4225583,11.845091861,0.20989658364122368
1785583361.4275572,11.850091880999997,0.20715393818844188
1785583361.4325564,11.855092568000003,0.2043279355061734
1785583361.4375572,11.860092440000003,0.20142044874573828
1785583361.4425614,11.86509246,0.1984320006656456
1785583361.4475806,11.870092276999998,0.19536390273083923
1785583361.4525578,11.875092056,0.1922171934956111
1785583361.4575567,11.880092075999997,0.1889928600609111
1785583361.462557,11.885091485999993,0.18569266002548607
1785583361.4675708,11.890091838999993,0.1823167937484998
1785583361.4725578,11.895091969999996,0.17886729687875721
1785583361.4775617,11.900091860999993,0.17534548908213315
1785583361.4825578,11.905091400000003,0.1717527901987996
1785583361.4875588,11.910092141999996,0.16808942404592864
1785583361.4925578,11.915092161999993,0.1643581804096971
1785583361.497556,11.920092367999999,0.16055981230000313
1785583361.502555,11.925091944000002,0.15669639714237166
1785583361.5075574,11.930092259999995,0.15276835188225277
1785583361.5125587,11.935092761999996,0.14877760027786854
1785583361.5175586,11.940092226999994,0.14472666805045686
1785583361.5225585,11.945092450000004,0.14061566702281494
1785583361.5275593,11.950092007999999,0.13644735303295913
1785583361.532561,11.955092898000004,0.13222166389531784
1785583361.5375578,11.960092844000002,0.12794215588199068
1785583361.5425565,11.965091401999999,0.1236109108213608
1785583361.5475776,11.970091940000003,0.11922668957392671
1785583361.5525577,11.975092016000005,0.11479332225730236
1785583361.5575554,11.980091629,0.11031255879747805
1785583361.5625572,11.985091983000004,0.10578507413608901
1785583361.5675564,11.990092003,0.10121361566371909
1785583361.572555,11.995091541999997,0.09660012902419225
1785583361.5775592,12.000091173000001,0.09194591110141288
1785583361.5825574,12.005091878000002,0.08725187459051431
1785583361.5875564,12.010092380000003,0.08252106831497301
1785583361.5925586,12.015092121999999,0.0777559080252523
1785583361.5975556,12.020091382999993,0.07295803594777242
1785583361.6025581,12.025093052000003,0.06812657362454273
1785583361.6075566,12.030091756999994,0.06326864351788761
1785583361.6125598,12.035091463,0.0583823530249258
1785583361.6175587,12.040091611999998,0.05347019391471
1785583361.622557,12.045091447000004,0.0485348810361391
1785583361.6275535,12.050091357,0.043578017293165384
1785583361.6325746,12.055092376999994,0.038600567214396975
1785583361.637559,12.060091786000001,0.03360725082151991
1785583361.6425579,12.065092027999995,0.02859765098017307
1785583361.6475756,12.070091492999993,0.023575409602288246
1785583361.6525578,12.075091771999993,0.018540966956348406
1785583361.6575577,12.080092014999991,0.013497223237814524
1785583361.6625917,12.085099646000003,0.008438729384163462
1785583361.6675656,12.090094018000002,0.0033884141706388648
1785583361.6725621,12.095093278999997,-0.0016699954396519143
1785583361.6775596,12.100092188000005,-0.0067291310987871176
1785583361.6825569,12.105093135000004,-0.011789336357199585
1785583361.6875577,12.110092655000003,-0.016845026398715532
1785583361.692558,12.115092841999996,-0.021896238215396636
1785583361.6975577,12.120092583999991,-0.026939765682522432
1785583361.7025628,12.125093437999993,-0.031975094119777725
1785583361.7075555,12.130092290999997,-0.03699700910445664
1785583361.7125578,12.135092440999998,-0.04200674444259455
1785583361.7175627,12.140093683999993,-0.04700200520059292
1785583361.7225568,12.145092110999997,-0.05197681862965051
1785583361.7275593,12.150092353999995,-0.05693372679849117
1785583361.732562,12.155091632999998,-0.061867900473756204
1785583361.7375612,12.160093189999998,-0.06678046634844273
1785583361.7425592,12.165092154999996,-0.07166458643544334
1785583361.7475758,12.170091786,-0.07652140922124089
1785583361.75258,12.175096991999993,-0.08135360550522883
1785583361.7575765,12.180093881999994,-0.08614575664519318
1785583361.7625709,12.185093272999993,-0.09090626983796671
1785583361.7678454,12.190131570999995,-0.09566734721707582
1785583361.7727294,12.195123886999994,-0.10034683922918951
1785583361.7776678,12.200107129999992,-0.10497799262893383
1785583361.7827718,12.205116982999996,-0.10959178271237552
1785583361.7876291,12.210093114999992,-0.11413079240675034
1785583361.7927568,12.215086208999992,-0.11863953850140761
1785583361.7978044,12.220162896000005,-0.12317481872065128
1785583361.8026369,12.225092711999991,-0.12752976783623707
1785583361.8075078,12.230075696,-0.13188062494317745
1785583361.8125355,12.235123493999993,-0.13623383748074572
1785583361.817684,12.240114292000001,-0.14048236244716586
1785583361.82263,12.245125664,-0.14469099470519298
1785583361.8276026,12.250098702000003,-0.1488087648439087
1785583361.8326523,12.255177296,-0.1529517787765716
1785583361.8375833,12.260094483999993,-0.1569015325105694
1785583361.842567,12.265092503999995,-0.16085238463273796
1785583361.8475854,12.270093060999997,-0.16473912613070477
1785583361.852563,12.275092544000003,-0.16855722028406045
1785583361.857564,12.280092934999999,-0.17230650821010707
1785583361.8625965,12.285091917999992,-0.17598361503489945
1785583361.8676102,12.290092974999993,-0.17958946526536815
1785583361.8725686,12.295094883999994,-0.18312151845039515
1785583361.877568,12.300093719000003,-0.18657548640586352
1785583361.8825598,12.305091851,-0.18995155847488734
1785583361.887562,12.310092389999994,-0.19325029010613465
1785583361.8925598,12.315092206000003,-0.19646810167892956
1785583361.8975585,12.320091949000002,-0.19960398732031337
1785583361.902557,12.325091838999995,-0.2026566720394049
1785583361.907561,12.330092766999996,-0.2056252914371834
1785583361.9125588,12.335091398000003,-0.2085065534973044
1785583361.917561,12.340091825999991,-0.21130152043492256
1785583361.922558,12.345092160999997,-0.21400781543734454
1785583361.9275582,12.350091792,-0.21662388895312426
1785583361.9325566,12.355091959999996,-0.21914919083640558
1785583361.9375594,12.360092332999997,-0.22158236574160756
1785583361.9425557,12.365091464000002,-0.22392160861086244
1785583361.94761,12.370091779999996,-0.2261669646944234
1785583361.9525611,12.375092003999995,-0.22831677595905758
1785583361.9575608,12.380091653999997,-0.2303698397659131
1785583361.9625561,12.385091877999997,-0.23232565246855325
1785583361.9675584,12.390091768999994,-0.23418291729452126
1785583361.9725666,12.395093251999995,-0.23594141721118955
1785583361.9775605,12.400091754000002,-0.23759873260875097
1785583361.9825673,12.405092607,-0.23915583826057737
1785583361.9875615,12.410091515999994,-0.24061061480860405
1785583361.9925625,12.415091629000003,-0.24196327341688406
1785583361.9975634,12.420092779,-0.24321301493710384
1785583362.002561,12.425092429000003,-0.24435857804141525
1785583362.0075622,12.430091839,-0.24539970766208966
1785583362.0125887,12.435092119999993,-0.24633606126789315
1785583362.0175595,12.440092140999994,-0.2471668979465484
1785583362.0225582,12.445091013999999,-0.24789164958920754
1785583362.0275612,12.450091887,-0.24851032509633428
1785583362.032558,12.455091779,-0.24902214797570704
1785583362.0375597,12.460091540999997,-0.24942691121373917
1785583362.0425599,12.465091635999997,-0.24972436177946788
1785583362.0475776,12.470091639000003,-0.2499142285801913
1785583362.0525603,12.475091605000003,-0.2499963259813136
1785583362.05756,12.480091995999999,-0.24997050347291985
1785583362.0625563,12.485091740000001,-0.2498366747792619
1785583362.067574,12.49009178,-0.2495947737141831
1785583362.0725598,12.495091337999995,-0.2492448384449894
1785583362.0775578,12.500092358999993,-0.24878674246872468
1785583362.0825589,12.505091176999997,-0.24822093399891795
1785583362.0875592,12.510091993999993,-0.24754707959461786
1785583362.0925555,12.515092033999991,-0.24676569650937089
1785583362.0975568,12.520091518000001,-0.24587702309406287
1785583362.1025596,12.525091520999993,-0.24488114650453338
1785583362.1075578,12.530091986999992,-0.2437783706369613
1785583362.1125548,12.535091266999999,-0.2425694536522287
1785583362.117557,12.540091899999993,-0.24125419481050667
1785583362.122587,12.545091662000004,-0.2398336292622964
1785583362.12756,12.550092109000005,-0.2383078333573438
1785583362.132557,12.555091352000005,-0.23667795901850872
1785583362.1375597,12.560091688,-0.23494386685011862
1785583362.142556,12.565091506000002,-0.23310675010289753
1785583362.147581,12.570092046,-0.23116684584495012
1785583362.1525574,12.575091862999997,-0.22912545971795875
1785583362.1575563,12.580092218000004,-0.22698287359057898
1785583362.1626377,12.585104349999995,-0.22473473881695977
1785583362.167582,12.590094261000004,-0.2223974992804928
1785583362.1725461,12.595091596999993,-0.21995863511689182
1785583362.177546,12.600090248,-0.21742184121174174
1785583362.1825614,12.605092120999998,-0.21478703420495152
1785583362.1876025,12.610091901000004,-0.21205804217786692
1785583362.1925602,12.615091996999993,-0.209234705804996
1785583362.197559,12.620091481000003,-0.20631870529314786
1785583362.2025588,12.625092021,-0.20331024659649632
1785583362.2075589,12.630092097000002,-0.2002114616596253
1785583362.21256,12.635092581999999,-0.19702308705505592
1785583362.2175598,12.640091843999997,-0.19374750244610478
1785583362.222561,12.645091827999991,-0.1903848052407167
1785583362.2275586,12.650091942000003,-0.18693677081167642
1785583362.2325594,12.655091778,-0.18340512378139584
1785583362.237559,12.660092317999997,-0.17979063922198016
1785583362.242558,12.665091727999993,-0.17609617129901722
1785583362.2475798,12.670092174999994,-0.1723216777171292
1785583362.2525616,12.675092585000002,-0.16846954020464303
1785583362.2575572,12.680091699000002,-0.16454239108726046
1785583362.2625566,12.685091442000001,-0.1605404013399625
1785583362.2675583,12.690091353,-0.1564656262277604
1785583362.272602,12.695091578000003,-0.1523196758666652
1785583362.2775605,12.700091579999992,-0.14810476770758793
1785583362.2825558,12.705091119999992,-0.1438229250694633
1785583362.2875607,12.710092529999997,-0.1394739641120003
1785583362.292555,12.715090791999998,-0.13506414590662832
1785583362.2975593,12.720091702000005,-0.13059027160414596
1785583362.302559,12.725091613000004,-0.12605750913121497
1785583362.3075578,12.730092004,-0.12146649316629712
1785583362.31257,12.735092950999999,-0.11681913179097472
1785583362.317566,12.740093638999994,-0.11211820168283797
1785583362.322544,12.745088937999995,-0.1073706642072774
1785583362.32774,12.750090737999997,-0.10256727925522793
1785583362.3325672,12.755090666000001,-0.09771812200838166
1785583362.3375661,12.760091965,-0.09282218392069468
1785583362.3425577,12.765091505000001,-0.08788468670586141
1785583362.3476,12.770111322999995,-0.0828858172868293
1785583362.3525589,12.775092010999998,-0.0778871573661024
1785583362.3575861,12.780111050000002,-0.07281318551905501
1785583362.3625586,12.785092053,-0.06774334897911007
1785583362.3675756,12.790092278000003,-0.06262181719368423
1785583362.3725824,12.795094781000003,-0.05746801370906644
1785583362.377593,12.800091987000002,-0.05229206225300295
1785583362.382563,12.805092119999998,-0.04708777392403979
1785583362.3875592,12.810092178000005,-0.04186057681548044
1785583362.3925583,12.815091662,-0.036613336458123924
1785583362.397585,12.820092183,-0.03134671244293171
1785583362.402561,12.825092334000004,-0.026064548486656985
1785583362.407559,12.830092652000005,-0.020768655102151118
1785583362.412556,12.835091543999994,-0.015463110267715904
1785583362.4175558,12.840092157,-0.01014696864579662
1785583362.422561,12.845091771,-0.004825523211627728
1785583362.4275568,12.850091941000002,0.000500469785060488
1785583362.432559,12.855092257999999,0.005828159030869475
1785583362.437556,12.860091483000005,0.011153803585285942
1785583362.4425592,12.865092856000004,0.0164784292308272
1785583362.4475737,12.870091692999992,0.021794623174188815
1785583362.4525566,12.875092176999999,0.027104406876752925
1785583362.4575567,12.880091493999998,0.03240236296475831
1785583362.4625578,12.885091422999992,0.0376879508101581
1785583362.46756,12.890093518,0.04296037463560228
1785583362.472558,12.895092577,0.04821173241027642
1785583362.4775562,12.900091282999995,0.05344244314264258
1785583362.4825618,12.905091786,0.05865233460422953
1785583362.4875557,12.910091473999998,0.06383627198105221
1785583362.4925563,12.915092180000002,0.06899375422766624
1785583362.4975538,12.920090923999993,0.07411932575640914
1785583362.502568,12.925091222999995,0.07921421554657894
1785583362.507562,12.930092669999993,0.08427561143188239
1785583362.512558,12.935092025000003,0.08929788624964254
1785583362.5175555,12.940091878999993,0.09428131578515986
1785583362.5225577,12.945091734000002,0.09922306738850005
1785583362.5275583,12.950091865999994,0.10412109505451876
1785583362.5325575,12.955092090999997,0.10897291463566393
1785583362.537559,12.960092187,0.11377602981984673
1785583362.5425575,12.965092282,0.11852830278162199
1785583362.5475821,12.970091951,0.12322709357083765
1785583362.5525615,12.975092286999995,0.12787120352458226
1785583362.5575566,12.980092142000004,0.13245736344571107
1785583362.5625558,12.985092144999996,0.1369839791174657
1785583362.567558,12.990091961999994,0.14144859617288966
1785583362.572558,12.995092112999998,0.1458495484586651
1785583362.5775578,13.000091634,0.15018389201684496
1785583362.5825565,13.005091636999992,0.15445051970197876
1785583362.5875566,13.010091954999993,0.15864722653245408
1785583362.5925584,13.015092179999996,0.16277164840051078
1785583362.597558,13.020092070999993,0.16682160928966597
1785583362.6025581,13.025091869999997,0.17079535970096393
1785583362.6075537,13.030090595000004,0.1746902238854626
1785583362.6125622,13.035091709,0.17850697933814955
1785583362.6175563,13.040091675,0.18224104132929966
1785583362.6225584,13.045092232999991,0.18589190219901813
1785583362.627555,13.050090940000004,0.18945602642276946
1785583362.6325583,13.055091757,0.19293448420855566
1785583362.6375582,13.060091870999997,0.19632357269059555
1785583362.6425571,13.065091891999998,0.19962205596055227
1785583362.6475756,13.070091246999993,0.20282794621932526
1785583362.652562,13.075091935000003,0.2059409164295213
1785583362.6575608,13.080092196999999,0.20895829696151513
1785583362.6625886,13.085097903000005,0.2118819765500392
1785583362.667575,13.090093590999999,0.21470159444041323
1785583362.6725602,13.095092297999997,0.21742329652408451
1785583362.6775904,13.100096097000005,0.22004659244438107
1785583362.682563,13.105093617999998,0.2225642278393201
1785583362.6875608,13.110092065000003,0.2249787133591671
1785583362.6925585,13.115091567999997,0.22728881375746227
1785583362.6975572,13.120091700999993,0.2294930895775442
1785583362.7025616,13.125092573999993,0.23159040375012446
1785583362.7075562,13.130092242999993,0.23357886305765707
1785583362.7125583,13.135093005000002,0.23545834096021817
1785583362.7175596,13.140091712,0.2372266928534494
1785583362.7225626,13.145092640000001,0.23888448295474177
1785583362.7275612,13.150092736000005,0.24042976107702732
1785583362.732558,13.155091868,0.24186170714489955
1785583362.737561,13.160092648999992,0.24318025854200462
1785583362.742561,13.165092095999995,0.2443838830589591
1785583362.7475781,13.170091524,0.24547226211774031
1785583362.752582,13.175097285999996,0.24644593087936834
1785583362.7575724,13.180093103999994,0.24730127483287428
1785583362.762571,13.185093328999997,0.24804042494108414
1785583362.767561,13.190092054000004,0.24866194145522508
1785583362.7725587,13.195091742000002,0.24916573991192806
1785583362.7775586,13.200091985,0.2495513712762458
1785583362.7825615,13.205092024999999,0.24981846610039843
1785583362.7875602,13.210092434999993,0.2499668065666306
1785583362.79256,13.215091622999992,0.24999618968684378
1785583362.7975569,13.220092347999994,0.24990649076772692
1785583362.8025634,13.225093407000003,0.24969759156617463
1785583362.8075612,13.23009202,0.24936966761640292
1785583362.8125584,13.235092855999994,0.24892246150933095
1785583362.8175564,13.240092192999995,0.24835637821797688
1785583362.8225603,13.245093120999996,0.2476712198224105
1785583362.8275557,13.250091865000002,0.24686773704228757
1785583362.8325548,13.255091960000001,0.2459456610120795
1785583362.837557,13.260092426,0.24490543832144746
1785583362.842555,13.265091614,0.24374782827189437
1785583362.8475783,13.270092097999992,0.24247267563889796
1785583362.8525608,13.275093064000004,0.24108062416962178
1785583362.8575583,13.280092714999995,0.23957275879116036
1785583362.8625562,13.285092087999999,0.2379494344977632
1785583362.8675597,13.290092756999996,0.2362107740337673
1785583362.8725576,13.295092612000005,0.23435821994523834
1785583362.8775573,13.300092726000003,0.2323921755170006
1785583362.8825777,13.305110264999996,0.23030613207245612
1785583362.8875597,13.310092545999993,0.22812348513288747
1785583362.8925798,13.315111955999996,0.22581341464275997
1785583362.8975587,13.320092810999995,0.2234117989354948
1785583362.902577,13.325109665,0.22088383798646194
1785583362.9075603,13.330092909000001,0.21826563763993598
1785583362.9125593,13.335092597,0.21553261824474657
1785583362.9175596,13.340092636999998,0.21269426006831502
1785583362.922557,13.345092601999994,0.2097520702143603
1785583362.9275568,13.350092124,0.20670760710639333
1785583362.932559,13.3550927,0.20356131846126613
1785583362.9375594,13.360092980999994,0.20031545959607472
1785583362.9425573,13.365092558,0.19697180596734729
1785583362.947579,13.370092486000004,0.19353119267867194
1785583362.9525933,13.375095025999997,0.1899935592501262
1785583362.9575665,13.380093918,0.18636499104332968
1785583362.9625585,13.385092087000004,0.1826451634854688
1785583362.9675744,13.390092775,0.17883333870958507
1785583362.9725616,13.395092332999994,0.1749340317781628
1785583362.977561,13.400091946999993,0.17094816328986784
1785583362.9825585,13.405092097999997,0.166877196976748
1785583362.9875603,13.410091675000004,0.16272394510379024
1785583362.9925592,13.415091270000005,0.1584898799379854
1785583362.997558,13.420091329000002,0.15417660531089733
1785583363.0025597,13.425091608999992,0.1497863500268928
1785583363.0075572,13.430091649999994,0.1453215946469985
1785583363.0125613,13.435091931999992,0.14078402691041947
1785583363.0175648,13.440092675999992,0.13617558681975425
1785583363.022561,13.445091716999997,0.13150048852990778
1785583363.0275776,13.450093924,0.12675638046440935
1785583363.0325623,13.455092280000002,0.12195219680821329
1785583363.037565,13.460092136,0.1170851403428948
1785583363.0425599,13.465092028,0.1121589427831891
1785583363.0475802,13.470091939,0.107175987942261
1785583363.0525618,13.475092498999999,0.10213803697982449
1785583363.0575616,13.480092095000003,0.09704915055335375
1785583363.0625591,13.485092801999997,0.09190967500737311
1785583363.0675566,13.490091972999991,0.0867248250626212
1785583363.0725563,13.495091939999995,0.0814947079543816
1785583363.0775588,13.500092147000004,0.07622243318941561
1785583363.0825555,13.505092058000002,0.07091113312216149
1785583363.0875597,13.510091840000001,0.06556322522301627
1785583363.0925567,13.515091565999995,0.060181245482993896
1785583363.097557,13.520092014,0.0547669833730531
1785583363.102561,13.525092388000004,0.04932394848234033
1785583363.1075602,13.530092187999998,0.04385536260796919
1785583363.1125567,13.535091562000005,0.03836376021924993
1785583363.117558,13.540092306999995,0.032849866236407524
1785583363.12256,13.545091494999994,0.027319629413922044
1785583363.127557,13.550092183999993,0.02177240070681808
1785583363.1325557,13.555092336000001,0.01621318175356757
1785583363.1375601,13.560092544,0.010644071115570381
1785583363.1425576,13.565091972999994,0.005068765387548602
1785583363.1475794,13.570091828999992,-0.000511307150319173
1785583363.1525586,13.575092721999994,-0.006094049073795868
1785583363.1575563,13.580092743999998,-0.011674545537563483
1785583363.162588,13.585098285,-0.01725713247578138
1785583363.1675625,13.590093269999997,-0.02282109976202404
1785583363.172562,13.595093347999992,-0.028381099790995724
1785583363.1775608,13.600092851,-0.0339280269535252
1785583363.1825616,13.605092485,-0.039459877396379
1785583363.1875627,13.610093395999996,-0.0449751258418695
1785583363.1925578,13.61509264,-0.05046774649906714
1785583363.1975577,13.620092976999999,-0.055937999699536535
1785583363.202588,13.625092832999997,-0.06138139132375235
1785583363.207557,13.630091984999993,-0.06679492969188557
1785583363.2125547,13.635092432999997,-0.07217802655647633
1785583363.2175572,13.640092604000003,-0.07752624147148846
1785583363.2225564,13.645092329999997,-0.08283667834436063
1785583363.2275593,13.650092573999999,-0.08810764957514858
1785583363.2325644,13.655093317999999,-0.09333642962164687
1785583363.2375603,13.660092821999996,-0.09851853250740654
1785583363.2425587,13.665092363,-0.10365264128393056
1785583363.2475805,13.670092478,-0.10873666138510499
1785583363.2525568,13.675091315000003,-0.11376610567969421
1785583363.2575572,13.680092485000003,-0.11874199674759613
1785583363.2625575,13.685092358999995,-0.12365813756707576
1785583363.26757,13.690092899999996,-0.1285139254476116
1785583363.2725623,13.695092867,-0.13330563718611382
1785583363.2775571,13.700091685000004,-0.13803026760022294
1785583363.282555,13.705091893000002,-0.14268775360681893
1785583363.2875593,13.710092173999996,-0.1472744108707841
1785583363.2925549,13.715091622999992,-0.15178703055744236
1785583363.2975552,13.720091940999993,-0.1562247854707467
1785583363.3025556,13.725092093,-0.16058441410397975
1785583363.307584,13.730091799999997,-0.16486339687863694
1785583363.3125587,13.735092266999999,-0.16906050378579826
1785583363.3175595,13.740092012000005,-0.17317227519991632
1785583363.3225563,13.745092145000001,-0.17719745731561767
1785583363.3275573,13.750092186000003,-0.18113352187554876
1785583363.3325636,13.755092152999993,-0.18497839555350903
1785583363.3375916,13.760094859999995,-0.18873211874515933
1785583363.3425772,13.765094734000002,-0.1923885075086018
1785583363.3476098,13.770093997000004,-0.19594732687062408
1785583363.3525844,13.775094722999995,-0.19940811638781997
1785583363.357608,13.780100430000005,-0.20277125115096714
1785583363.3625805,13.785094786000002,-0.20602413805531544
1785583363.3676183,13.790103678999998,-0.20918177008362607
1785583363.3726041,13.795097904999992,-0.21222402844873622
1785583363.3776002,13.800097519000005,-0.21516176400159884
1785583363.382567,13.805091207999993,-0.21798674165889145
1785583363.3875606,13.810090693999996,-0.22070404317861325
1785583363.3926125,13.815095659999997,-0.2233116177566388
1785583363.3975534,13.820093626999991,-0.22580156981370744
1785583363.4025545,13.825094316000005,-0.22817749948618715
1785583363.4075508,13.830094505000005,-0.23043646758299655
1785583363.4125886,13.835096527000005,-0.23257820716681638
1785583363.4175608,13.840092900999991,-0.23459843701895763
1785583363.4225543,13.845093848999994,-0.23650017430274556
1785583363.4275513,13.850093575000002,-0.23828000004833955
1785583363.4325488,13.855093652999997,-0.23993747326885673
1785583363.4375584,13.860092472000005,-0.2414711225385225
1785583363.4425514,13.865093845999994,-0.24288116102779295
1785583363.447568,13.870091961,-0.24416513067761275
1785583363.4525497,13.875092093999996,-0.24532365184662272
1785583363.4575772,13.880098782999994,-0.24635673232872315
1785583363.4625578,13.885093509,-0.24726010388740888
1785583363.4675477,13.890090716000003,-0.2480361541130717
1785583363.4725506,13.895092238999993,-0.24868438503205006
1785583363.4775481,13.900092539,-0.24920350319583717
1785583363.482552,13.905093523999994,-0.24959333744397247
1785583363.4875536,13.910092786999996,-0.24985341732731112
1785583363.4925478,13.915093087000002,-0.24998365701580233
1785583363.4975524,13.920093312999995,-0.24998380140657933
1785583363.5025556,13.925093316999991,-0.24985374102365773
1785583363.5075457,13.930092338999998,-0.2495934894820421
1785583363.5125718,13.935097045999996,-0.2492025307034346
1785583363.517566,13.940094161000005,-0.24868205929398046
1785583363.5225492,13.945090738999994,-0.24803180878245443
1785583363.5275517,13.950095058000002,-0.2472506406126067
1785583363.532546,13.955092506,-0.2463410895113915
1785583363.5375466,13.96009325,-0.24530180015305852
1785583363.5425491,13.965092568999992,-0.24413410552971407
1785583363.5475695,13.970093590999994,-0.2428377571058891
1785583363.55255,13.975092427999996,-0.24141434185091984
1785583363.5575454,13.980092616999997,-0.23986351319485075
1785583363.562546,13.985092249999994,-0.2381865289455504
1785583363.5675826,13.990093290999994,-0.2363834623408517
1785583363.5725503,13.995092775999993,-0.23445621890062784
1785583363.577545,14.000092428000002,-0.2324050846233678
1785583363.582572,14.005097727999996,-0.23022856160590172
1785583363.587565,14.010094342999992,-0.2279340253778152
1785583363.5925527,14.015088754000004,-0.22551999244364482
1785583363.5975509,14.020091461999996,-0.22298232904473048
1785583363.6025488,14.025092243000003,-0.22032722098883964
1785583363.607544,14.030093246999996,-0.21755488029206063
1785583363.6125503,14.035091176999998,-0.21466859013516354
1785583363.617545,14.040092458000004,-0.2116660501765079
1785583363.6225471,14.045092166000003,-0.20855163770457233
1785583363.6275468,14.050092855000003,-0.2053253264970677
1785583363.632563,14.055093339999999,-0.20198946120949826
1785583363.6375475,14.060092639999993,-0.19854640804887272
1785583363.642548,14.065093051000005,-0.19499631446165352
1785583363.6475651,14.070093055000001,-0.19134202109157342
1785583363.6525471,14.075092983999994,-0.18758514402609303
1785583363.6575494,14.080093988000002,-0.18372669011529907
1785583363.6625602,14.085093361999995,-0.1797707206124776
1785583363.6675508,14.090093050999997,-0.1757177483448834
1785583363.672548,14.095093296000002,-0.17156962054758376
1785583363.6775525,14.100093521999995,-0.167328920761277
1785583363.6825485,14.105092822000003,-0.16299861824117076
1785583363.687548,14.110093121999995,-0.1585792685597765
1785583363.6925445,14.115092570000002,-0.15407478052597864
1785583363.6975503,14.120093202999996,-0.149485636357512
1785583363.702571,14.125095002999998,-0.14481416935704328
1785583363.7075646,14.130094413999998,-0.14006615188912344
1785583363.7125518,14.135091547999991,-0.13524405234536754
1785583363.7175503,14.140091976999997,-0.13034498139174114
1785583363.72274,14.145093222,-0.12537383273957428
1785583363.72755,14.150091188999994,-0.12033732429502432
1785583363.7325637,14.155093117999996,-0.11523078540358271
1785583363.7375498,14.160092659,-0.11006334531426278
1785583363.742554,14.165093217999996,-0.10483422608001249
1785583363.747567,14.170092480999998,-0.09954860440858468
1785583363.752551,14.175093355000001,-0.09420618977621965
1785583363.757545,14.180092247999994,-0.08881364646155818
1785583363.7625527,14.185092252000004,-0.08337050644019284
1785583363.7675462,14.190092551999996,-0.07788052136716334
1785583363.772549,14.195092536999994,-0.07234727713760368
1785583363.7775438,14.200092392999991,-0.06677351626275495
1785583363.7825594,14.205092545,-0.0611617321046184
1785583363.7875538,14.21009377,-0.05551403251569946
1785583363.7925646,14.215094237000002,-0.049835500372952965
1785583363.797565,14.220094333999995,-0.04412874542803535
1785583363.8025725,14.225095689,-0.038394962816712196
1785583363.807549,14.230093674000003,-0.0326425506373497
1785583363.8125482,14.235092918999996,-0.026869287212900134
1785583363.817546,14.240092662999999,-0.021079149833946917
1785583363.8225498,14.245093444999995,-0.015274630760672599
1785583363.8275506,14.250093911999997,-0.009460433765146653
1785583363.8325474,14.255093470999995,-0.0036403974308318286
1785583363.8375468,14.260093177999991,0.002183552417742657
1785583363.8425524,14.265093163000003,0.008008407107516304
1785583363.847567,14.270092555999994,0.013829987871167222
1785583363.8525453,14.275093134000002,0.019647193789174115
1785583363.857545,14.280092377999992,0.025453924429022123
1785583363.8625736,14.285092586000005,0.031249679033278854
1785583363.8675497,14.290091312000001,0.037028456681647275
1785583363.8725474,14.295092166999993,0.04279126291429106
1785583363.8775458,14.300092097000004,0.04853141130002135
1785583363.8825452,14.305092656,0.05424753369655116
1785583363.8875468,14.310093159999994,0.05993569853673295
1785583363.8925493,14.315092718999992,0.06559176786358593
1785583363.897568,14.320094667999996,0.07121637724508434
1785583363.902566,14.325094374999992,0.07680120816147966
1785583363.9075494,14.330093379000004,0.08234492143789315
1785583363.9125512,14.335093642000004,0.08784661179221381
1785583363.917547,14.340093127000003,0.09330097691473666
1785583363.9225452,14.345092315999992,0.09870552423929256
1785583363.9275486,14.350092227000005,0.10405833672161931
1785583363.93256,14.355093100999994,0.1093566575425505
1785583363.9375458,14.360092511999994,0.11459496347188064
1785583363.9425454,14.365091441999994,0.11977138504480575
1785583363.9475932,14.370092241999998,0.12488542658683421
1785583363.9525473,14.375089672000001,0.12992888763162208
1785583363.9575455,14.380090842000001,0.1349060955194559
1785583363.962545,14.385098697999993,0.13981694872014497
1785583363.9675446,14.390092479000003,0.14463848216957342
1785583363.972547,14.395099278999993,0.14939414135838544
1785583363.977546,14.400091950000004,0.15405547808955858
1785583363.9825425,14.405092100999994,0.15864017826541935
1785583363.9875448,14.410092363999993,0.16313868633509435
1785583363.9925635,14.415095127,0.16755051397345516
1785583363.99755,14.420093093999995,0.17186676794616584
1785583364.0025542,14.425090616999995,0.17608887886162508
1785583364.00755,14.430092066,0.18021801503020915
1785583364.0125499,14.435092847999996,0.1842479136836397
1785583364.0175464,14.440092167999993,0.18817567262695925
1785583364.022548,14.445092617,0.19200106540557624
1785583364.0275464,14.450092343999998,0.19572044561967822
1785583364.0325758,14.455092311000001,0.19933238169051454
1785583364.0375593,14.460090631,0.20283345139900658
1785583364.04255,14.465092247000001,0.2062250143108654
1785583364.0475676,14.470092936,0.2095021380106467
1785583364.0525484,14.475091551999995,0.21266224636813594
1785583364.057548,14.480093445999998,0.21570681314284043
1785583364.0625465,14.485093136000003,0.2186306600002719
1785583364.0675476,14.490092344000004,0.22143315110897363
1785583364.0725675,14.495092514999996,0.22411340489973436
1785583364.077555,14.500093593999992,0.22666971429385555
1785583364.0825496,14.505093062,0.229099277113564
1785583364.087549,14.510092639999996,0.2314015140952845
1785583364.0925467,14.515092977999998,0.23357528794349885
1785583364.0975506,14.520093261,0.2356188837656036
1785583364.1025481,14.525091098999994,0.23753016116540757
1785583364.10755,14.530092565999993,0.2393102058616127
1785583364.112546,14.535093274999994,0.24095622444000847
1785583364.117589,14.540092891,0.24246713687483754
1785583364.12255,14.545093284000004,0.2438425512784502
1785583364.12755,14.550093732999997,0.2450813405382024
1785583364.1325445,14.555093329999991,0.24618249330995545
1785583364.137574,14.560094871999993,0.24714583735922166
1785583364.1425664,14.565094357999996,0.2479699406554202
1785583364.1475718,14.570090252,0.24865419747161313
1785583364.15255,14.575091181999994,0.24919921856592778
1785583364.157549,14.580092928,0.24960386567088402
1785583364.162562,14.585094858000005,0.2498676914094639
1785583364.167551,14.590092862999995,0.24999036244095496
1785583364.1725507,14.595093405,0.24997190084698087
1785583364.177548,14.600092891000003,0.24981214163366444
1785583364.1825485,14.605092896000002,0.24951102158478067
1785583364.1875503,14.610092604000002,0.24906862486607342
1785583364.1925483,14.615093219999991,0.24848494365539495
1785583364.1975482,14.620093686999994,0.24776027425143696
1785583364.2025778,14.625090266,0.24689561429380996
1785583364.2075517,14.630092993000005,0.24588949761706966
1785583364.2125442,14.635092368000002,0.24474416323707643
1785583364.217547,14.640092447,0.24345931952390015
1785583364.2225459,14.645092043999995,0.24203586837334085
1785583364.2275465,14.650092493000002,0.2404741011155812
1785583364.2325578,14.655092312999997,0.23877523724320757
1785583364.2375524,14.660091151000003,0.23694030832198137
1785583364.242546,14.665093302999992,0.23496856725499757
1785583364.24757,14.670093140999995,0.23286319557423538
1785583364.2525496,14.675091645999998,0.23062500879042508
1785583364.2575476,14.680092853999994,0.2282533048521406
1785583364.2625468,14.685092062999999,0.22575152257142345
1785583364.2675493,14.690092753000002,0.2231192550711477
1785583364.2725465,14.695092404999997,0.22035920123090286
1785583364.2775476,14.700092873000003,0.21747181219567546
1785583364.2825453,14.705092284999992,0.21445971857184712
1785583364.2875886,14.71009266,0.2113233225138307
1785583364.2925503,14.715092646000002,0.20806513914949804
1785583364.297549,14.720092984000004,0.2046864482022393
1785583364.302547,14.725090452000003,0.20119134868487373
1785583364.3075478,14.730093159999996,0.1975759891102105
1785583364.3125458,14.735092257999995,0.19384868150701054
1785583364.3175476,14.740093002999998,0.19000761662519014
1785583364.3226213,14.745099619000001,0.186051411521366
1785583364.3275197,14.750084994000005,0.1820041664909747
1785583364.3325052,14.755082497999993,0.17784132255409088
1785583364.3375823,14.760096521999998,0.17356062693862045
1785583364.3425655,14.765094266999995,0.16919244749008447
1785583364.3475873,14.770094697999994,0.16472305568679566
1785583364.352573,14.775095683999993,0.16015675383522954
1785583364.3575773,14.780096559,0.15549669098538219
1785583364.3625498,14.785093618999994,0.1507490374821488
1785583364.367548,14.790092809,0.14591085640242227
1785583364.3725786,14.795092757999996,0.14098611934121472
1785583364.3775504,14.800093410999992,0.13597761948588627
1785583364.3825476,14.805093064000005,0.13088989928375427
1785583364.3875546,14.810092920000002,0.12572463272285178
1785583364.3925486,14.815093016999995,0.12048469855774578
1785583364.397547,14.820092892000005,0.11517355735516056
1785583364.4025471,14.825091322999995,0.10979556292300077
1785583364.4075475,14.830092456999992,0.10434929401698964
1785583364.4125457,14.835092665999994,0.09884177580228129
1785583364.4175491,14.840092892000001,0.09327513770151248
1785583364.4225774,14.845097416000002,0.08764773121289868
1785583364.4275525,14.850094197999994,0.08197637711583329
1785583364.4325473,14.855093480999997,0.07625279206590613
1785583364.4375541,14.860094504000003,0.07048107949186463
1785583364.442549,14.865093600999998,0.0646687988991319
1785583364.4475682,14.870092735,0.05881704744455102
1785583364.45255,14.87509061,0.05293073783270002
1785583364.4575925,14.880092873999999,0.047006596225908956
1785583364.462549,14.885092509000003,0.04105635180034488
1785583364.4675498,14.890092717000002,0.03507966918052683
1785583364.4725482,14.895092203000004,0.029081573794199365
1785583364.4775453,14.900093503999997,0.023062511157193183
1785583364.4825456,14.905092656999997,0.017030763448535654
1785583364.487552,14.910092902000002,0.01098595177934443
1785583364.4925487,14.915092591999993,0.004933602297253174
1785583364.4975502,14.920092467000003,-0.0011236327535594788
1785583364.5025744,14.925094879,-0.007185048233114612
1785583364.5075705,14.930095327999993,-0.013241628516977294
1785583364.5125494,14.935093370000004,-0.01928927583779038
1785583364.5175474,14.940092449000005,-0.025328595602774118
1785583364.52255,14.945093009000004,-0.03135655111826484
1785583364.527544,14.950092662000003,-0.037366698270725356
1785583364.5325587,14.955091628999995,-0.043355753254837016
1785583364.5375495,14.960093004,-0.04932385920692896
1785583364.5425506,14.965093065000005,-0.055263023050441125
1785583364.547568,14.970093031999994,-0.061171173028046706
1785583364.5525465,14.975090277999996,-0.06704171563398525
1785583364.5575442,14.980092282000001,-0.07287991114346791
1785583364.5625484,14.985093027999994,-0.07867521020057984
1785583364.5675468,14.990092477000005,-0.0844241322872106
1785583364.5725443,14.995092185000004,-0.09012503586434731
1785583364.5775445,15.000091560000001,-0.09577382643938522
1785583364.5825756,15.005092693999998,-0.10136944877719643
1785583364.587548,15.010098384000003,-0.10691155231145072
1785583364.5925484,15.015092981999999,-0.11237959200822185
1785583364.5975463,15.020099004999992,-0.11779490135625424
1785583364.602543,15.025090508999995,-0.12312621156409424
1785583364.607546,15.030091791999993,-0.1283963376464977
1785583364.6125457,15.035091684999998,-0.13359013304204745
1785583364.6175447,15.040092393999998,-0.13870674298493604
1785583364.6225634,15.045092732,-0.1437418256160454
1785583364.6275492,15.050093365999999,-0.14869298108629414
1785583364.632546,15.055093537000005,-0.15355643512204317
1785583364.6375456,15.060092597999997,-0.15832862172237738
1785583364.6425436,15.065092213,-0.16300821621649264
1785583364.6475658,15.070092680999991,-0.1675925814768669
1785583364.6525435,15.075090223000004,-0.17207549083136656
1785583364.6575394,15.080092356999998,-0.17646086846785833
1785583364.662611,15.085101436000002,-0.18074770363239473
1785583364.6676152,15.090094644000004,-0.1849140982231407
1785583364.672556,15.095091629999999,-0.18897424676172928
1785583364.6775508,15.100093893999997,-0.19292653968929563
1785583364.6825483,15.105093232000002,-0.19676194863652305
1785583364.6875453,15.110093754999994,-0.20048128463271908
1785583364.6925688,15.115097352999996,-0.20408346548719639
1785583364.697565,15.120095135,-0.2075599221197711
1785583364.7025537,15.125091768999994,-0.21091196166333398
1785583364.7075467,15.130094107000005,-0.21414188592051364
1785583364.712547,15.135092389999997,-0.21724127968959273
1785583364.717546,15.140093746000005,-0.22021262150400941
1785583364.7225451,15.145092750999993,-0.22305075838343708
1785583364.7275434,15.150092052000005,-0.2257554489884618
1785583364.7325463,15.155092667999995,-0.22832543205008055
1785583364.7375462,15.160093301999993,-0.23075831781271075
1785583364.7425456,15.165092509999994,-0.2330518738391079
1785583364.7475626,15.170092014999994,-0.23520543158732268
1785583364.7525926,15.175092612,-0.23721785130522302
1785583364.7575483,15.180092524000003,-0.23908706059924964
1785583364.762549,15.185092158999993,-0.24081199818639826
1785583364.7675436,15.190092292999992,-0.24239175268239688
1785583364.7725544,15.195091000999994,-0.24382467384291087
1785583364.7775517,15.200093023999997,-0.2451110415866199
1785583364.7825496,15.205093492000003,-0.24624861782980564
1785583364.7875464,15.210092867,-0.2472368070081174
1785583364.7925436,15.215092724000002,-0.24807521891531112
1785583364.797549,15.220093820999992,-0.24876326425296377
1785583364.8025508,15.225091473999996,-0.2492998504996986
1785583364.807547,15.230093256000004,-0.24968530283891577
1785583364.8125436,15.235092186999992,-0.24991866040409508
1785583364.8175426,15.240092043000004,-0.24999991444224903
1785583364.8225462,15.245092936999995,-0.2499287968269159
1785583364.8275464,15.250092460000005,-0.24970526952667219
1785583364.8325546,15.255092816000001,-0.24932926413708237
1785583364.8375442,15.260092487999998,-0.24880098666347897
1785583364.8425713,15.265095974000005,-0.24812001112157342
1785583364.8475866,15.270094792999998,-0.24728781630072047
1785583364.8525524,15.275091205999999,-0.24630472647523594
1785583364.8575425,15.280091673000001,-0.24516986782701874
1785583364.862571,15.285092399999996,-0.2438844716848351
1785583364.8675425,15.290092533999996,-0.24244943119489598
1785583364.8725412,15.295092686999993,-0.24086534823647818
1785583364.8775399,15.300092229,-0.23913329301294262
1785583364.8825407,15.305092103999996,-0.2372538872837271
1785583364.887549,15.310092979000004,-0.23522785016774275
1785583364.8925667,15.315096464999996,-0.23305549204123038
1785583364.8975646,15.320094432999994,-0.23074167955109118
1785583364.9025502,15.325090770999992,-0.22828622058846673
1785583364.9075475,15.330092293999996,-0.22568700458782265
1785583364.9125435,15.335092427999996,-0.2229487672863628
1785583364.9175425,15.340092544,-0.22007238545714528
1785583364.9225657,15.345094734,-0.21705822769151273
1785583364.9275992,15.350092830999998,-0.21391183470788114
1785583364.9325607,15.355092262,-0.21063172929874743
1785583364.937548,15.360092358999992,-0.20722018280772528
1785583364.9425452,15.365092438000005,-0.20367963342868697
1785583364.947561,15.370092256999996,-0.20001234286404948
1785583364.9525468,15.375091464999997,-0.19622076232757463
1785583364.9575438,15.380092452,-0.19230527762266023
1785583364.9625604,15.385095123,-0.1882681592371951
1785583364.9675622,15.390094331,-0.18411602426073148
1785583364.972568,15.395094002999997,-0.17984819228426654
1785583364.9775443,15.400093210999998,-0.17546800500707338
1785583364.9825435,15.405091937999998,-0.17097813193952793
1785583364.9875429,15.410093109000002,-0.166378577928467
1785583364.9925568,15.415093631999994,-0.16167489682877048
1785583364.9975677,15.420094321999997,-0.15686917466465294
1785583365.0025694,15.425095030999998,-0.15196445301770134
1785583365.0075457,15.430093072999995,-0.14696641294559395
1785583365.0125751,15.435092264000005,-0.14187431413985688
1785583365.017547,15.440092992000004,-0.13669078254443023
1785583365.022544,15.445092422999991,-0.13142190537222828
1785583365.0275426,15.450092576999992,-0.1260687838881376
1785583365.0325418,15.455092471,-0.12063573063716226
1785583365.0375633,15.460095088000003,-0.11512277480921176
1785583365.042561,15.465094296999993,-0.1095400686876555
1785583365.047562,15.470092710000003,-0.10388821663528305
1785583365.052542,15.475090475000002,-0.09817055682682807
1785583365.0575488,15.480093314000001,-0.09238398240588037
1785583365.062548,15.485093355999993,-0.08654112589661973
1785583365.0675437,15.490092861999997,-0.08064301747007119
1785583365.0725424,15.495092459999995,-0.07469257580067076
1785583365.077546,15.500093187999994,-0.06869223786014382
1785583365.0825484,15.505093989999992,-0.06264698129476376
1785583365.0875626,15.510094605999996,-0.056560883548454545
1785583365.0925636,15.515094407999996,-0.050438512824779326
1785583365.097548,15.520093357999997,-0.04428375290457589
1785583365.1025448,15.525091141000004,-0.03810085454387551
1785583365.1075416,15.530092850999992,-0.03188736263559765
1785583365.1125445,15.535092707999993,-0.025654334129080813
1785583365.1177692,15.540095010000002,-0.019400322289067476
1785583365.1225698,15.545094534,-0.013135788009024903
1785583365.127548,15.550093391000004,-0.006862042013482646
1785583365.1325562,15.555092582,-0.0005817816277068131
1785583365.1375794,15.560092975999993,0.005702123824285517
1785583365.1425502,15.565093610999995,0.011984494355947112
1785583365.1475918,15.570095487000003,0.01826260677158196
1785583365.1525643,15.575095160000004,0.024528161734064732
1785583365.1575456,15.580093332000004,0.030778075528914532
1785583365.1625566,15.585094021999993,0.037013396191915945
1785583365.1675444,15.590092842999994,0.043224684001037204
1785583365.1725419,15.595092292999993,0.049411092635603324
1785583365.1775403,15.600092187000001,0.05556843680755392
1785583365.182546,15.605092137,0.06169229889760175
1785583365.187546,15.610092938999998,0.06777972378188106
1785583365.1925397,15.615091499999991,0.07382306207955688
1785583365.1975422,15.620092745999997,0.07982438225272463
1785583365.202551,15.625091307000005,0.08577338490160115
1785583365.207563,15.630094460999999,0.09167486865709994
1785583365.2125652,15.635101910999992,0.09752452702902527
1785583365.2175481,15.640091304999999,0.10329272008838616
1785583365.2225742,15.645098458999996,0.10901711612320525
1785583365.227545,15.650093224000003,0.11465944655608579
1785583365.2325413,15.655092377999992,0.12023516583074541
1785583365.2375443,15.660092308999992,0.12573651246355388
1785583365.24254,15.665091778000004,0.13115853630359994
1785583365.2475846,15.670096689999994,0.1365039823321719
1785583365.25255,15.675091252000001,0.14175262104721753
1785583365.2575686,15.680097183,0.14692380734319077
1785583365.262562,15.685094726000003,0.15199366835564448
1785583365.2675514,15.690090619999992,0.15696599470180453
1785583365.2725487,15.695092884999994,0.16184535966062719
1785583365.2775455,15.700093445999997,0.16662053287560924
1785583365.2825437,15.705092933000003,0.17128904883455798
1785583365.28757,15.710097624,0.1758535450474676
1785583365.2925634,15.715095054999992,0.18029969836861454
1785583365.2975516,15.720091264000004,0.18463021417509862
1785583365.3025446,15.725090714000004,0.18884600871259793
1785583365.307574,15.730092627000005,0.1929434099548261
1785583365.3125467,15.735093798999998,0.1969169891006924
1785583365.3175488,15.740091359999994,0.2007619638065487
1785583365.3225434,15.745093050999998,0.20448168261906036
1785583365.3275666,15.750097037999993,0.20807202263929825
1785583365.3325663,15.755095118,0.21152481365243392
1785583365.3375535,15.760090383000005,0.2148402013053534
1785583365.3425431,15.765092887999998,0.21802242026190582
1785583365.3475633,15.770092985999995,0.22106296089421892
1785583365.3525457,15.775090844000005,0.22396003642150622
1785583365.3575523,15.780094534,0.22671617503259117
1785583365.3625433,15.785092946999995,0.22932332900841654
1785583365.3675654,15.790094916000001,0.2317843671200871
1785583365.3725767,15.795095254999993,0.23409493261585562
1785583365.3775573,15.800090611999991,0.23625215151860096
1785583365.382547,15.805093339999999,0.2382597214266195
1785583365.3875465,15.810093049000002,0.2401118424323399
1785583365.3925757,15.815091979999991,0.24180818813073385
1785583365.3975496,15.820093856,0.24334868702957246
1785583365.402568,15.825093768999992,0.24473064842341902
1785583365.4075506,15.830091589999995,0.24595319812993074
1785583365.4125428,15.835093040000004,0.24701673309067512
1785583365.417546,15.840093064000001,0.24791924661578582
1785583365.4225426,15.845092605999994,0.24866027889048298
1785583365.4275637,15.850094611999992,0.2492395524106844
1785583365.432576,15.855093784000005,0.24965595892246673
1785583365.437559,15.860091640999997,0.24990942049650072
1785583365.442549,15.865092535999992,0.24999977269455642
1785583365.4475663,15.870091523,0.24992667635827673
1785583365.4525414,15.875090121,0.24969013421782982
1785583365.4575462,15.880092496999993,0.249289802180278
1785583365.462545,15.885092686999997,0.24872620611132407
1785583365.467592,15.890095970999994,0.24799894073449094
1785583365.4725666,15.895094401999998,0.2471095888453886
1785583365.477587,15.900094686000003,0.2460575528368608
1785583365.4825468,15.905093746999995,0.24484400531977554
1785583365.487544,15.910092566999992,0.24346944210230398
1785583365.4925437,15.915092923999993,0.24193408199556604
1785583365.4975657,15.920096540999992,0.24023804339419988
1785583365.5025728,15.925095158000005,0.2383851929471698
1785583365.5075538,15.930094478000001,0.23637471009150962
1785583365.5125504,15.935093483000003,0.2342081798242415
1785583365.517543,15.940092859000004,0.23188660097140856
1785583365.5225477,15.945092716999994,0.22941128543131656
1785583365.5275464,15.950093221999992,0.22678360644342474
1785583365.5325437,15.955092375999996,0.22400625494512014
1785583365.5375428,15.960092511,0.22107966293820538
1785583365.5425444,15.965092775999992,0.21800609079905395
1785583365.5475674,15.970093040999998,0.2147875244651296
1785583365.5525615,15.975094267999992,0.21142531404465684
1785583365.5575657,15.980094995999991,0.207922530580768
1785583365.562574,15.985092593999994,0.20428337280982847
1785583365.5675457,15.990092599999997,0.2005061362980579
1785583365.5725439,15.995092587000002,0.1965949490921613
1785583365.5775487,16.000092537,0.19255231241391574
1785583365.5825598,16.005094431000003,0.18837912683275512
1785583365.5875664,16.010094881,0.18408086596555137
1785583365.5925453,16.015092627,0.17966152089889845
1785583365.5975432,16.020092707000003,0.17511948813026712
1785583365.6025422,16.025091082999992,0.1704613336765624
1785583365.6075487,16.030093459,0.1656846678376465
1785583365.612564,16.035094334999997,0.16079774422127116
1785583365.6175654,16.040095339999993,0.1558021836606136
1785583365.622546,16.045093456999993,0.1507043295490984
1785583365.627549,16.050093517999997,0.1455025986406623
1785583365.6325436,16.055092746,0.1402032333872944
1785583365.6375444,16.060091158999995,0.13480972022058108
1785583365.6425424,16.065092331000002,0.12932167517491427
1785583365.6475909,16.070092429,0.12374685224764975
1785583365.6525688,16.07509523099999,0.11808465775941442
1785583365.657569,16.080095125,0.11234516914826474
1785583365.6625574,16.085093001000004,0.10653125959783206
1785583365.667543,16.090092135999996,0.10064296667661571
1785583365.6725614,16.095093789999993,0.09468261378843314
1785583365.6775556,16.100093481000002,0.08865947154513362
1785583365.6825523,16.105092096999996,0.0825765174945407
1785583365.6875525,16.110092288000004,0.07643455318188334
1785583365.6925528,16.115092848999993,0.07023910625660809
1785583365.6975534,16.120092483999997,0.06399591258799875
1785583365.7025557,16.125093119,0.057706726915152474
1785583365.70755,16.130092866,0.05137811800256886
1785583365.712553,16.135092204999992,0.04501372187668972
1785583365.7175515,16.140092265999996,0.038616355246459476
1785583365.7225494,16.145092122999998,0.032191484088430554
1785583365.727551,16.150092220999994,0.025742847468444036
1785583365.7325954,16.155092170999993,0.01927527922564695
1785583365.7375546,16.160093231999994,0.012791498643818356
1785583365.7425504,16.165092478999995,0.006299668181629292
1785583365.7475936,16.170112001999996,-0.00022454332166706254
1785583365.7525537,16.175092840999994,-0.006700094536954007
1785583365.757593,16.180113773000002,-0.013224980386097316
1785583365.7625582,16.185092240999992,-0.019687540190354496
1785583365.767572,16.190109969000005,-0.026189445076224532
1785583365.7725496,16.195092067000004,-0.03262926214075812
1785583365.7775548,16.200092850999994,-0.039072891489615395
1785583365.782558,16.205093652000002,-0.04549177856772629
1785583365.7875526,16.210092916999997,-0.05187956420159637
1785583365.792553,16.215092219,-0.05823390923719467
1785583365.7975514,16.220091983999993,-0.0645510045113527
1785583365.80255,16.225092452,-0.07082681281511839
1785583365.807548,16.230091754,-0.077054691178576
1785583365.8125687,16.235092777999995,-0.08323395018434729
1785583365.817569,16.240093969,-0.08935838798875023
1785583365.8225636,16.245093623000002,-0.09542172232468918
1785583365.827556,16.250093109999995,-0.10142146276560575
1785583365.8325555,16.255092762999993,-0.10735386470046979
1785583365.837552,16.260092823999997,-0.11321509924094175
1785583365.8425498,16.265092144999997,-0.11899976759875247
1785583365.8475742,16.270092575999996,-0.12470598681899771
1785583365.8525517,16.27509196999999,-0.13032734005157667
1785583365.8575783,16.280091717000005,-0.13586149414462595
1785583365.8625503,16.285091758999997,-0.14130450896024246
1785583365.8675518,16.290092802000004,-0.14665331438165158
1785583365.8725505,16.295092158999992,-0.15190131488123257
1785583365.8775501,16.300091942999998,-0.15704708778723397
1785583365.8825512,16.305091985000004,-0.16208682524310972
1785583365.8875496,16.310092304999998,-0.16701698502091267
1785583365.8925486,16.315092421999992,-0.1718336158684577
1785583365.8975496,16.320091761,-0.1765327969789398
1785583365.9025526,16.32509174799999,-0.18111254842650457
1785583365.9075527,16.330092068,-0.18556929906910433
1785583365.9125867,16.335094869999992,-0.18990169023379397
1785583365.9175577,16.340093171999996,-0.19410066893445702
1785583365.9225574,16.345092973999996,-0.19816839433513606
1785583365.9275546,16.350093387,-0.20210114820460828
1785583365.9325519,16.355092059,-0.20589430641752024
1785583365.9375513,16.360092435,-0.20954775509913406
1785583365.9425907,16.365092513999997,-0.21305733674740976
1785583365.9475749,16.370092946,-0.21642096447510167
1785583365.952555,16.375092525,-0.21963540665878628
1785583365.9575503,16.380091624000002,-0.22269862049742187
1785583365.9625483,16.385091907000003,-0.22560935237141744
1785583365.9675503,16.390092393999993,-0.2283648292756537
1785583365.9725533,16.395092140000003,-0.23096252192568187
1785583365.9775534,16.40009270099999,-0.23340130776857887
1785583365.982549,16.405091835999997,-0.23567830434862794
1785583365.987553,16.410092823,-0.23779327398493216
1785583365.9925523,16.41509260699999,-0.23974329406762404
1785583365.997552,16.420091594,-0.24152713539366005
1785583366.0025496,16.425091191999996,-0.24314393678712504
1785583366.0075808,16.430092254,-0.24459261088862433
1785583366.0125513,16.435092389999994,-0.2458712948612548
1785583366.0175517,16.440092543999995,-0.24697924979343344
1785583366.0225532,16.445091939999998,-0.24791543303006552
1785583366.0275493,16.450091224000005,-0.2486792203025973
1785583366.0325656,16.455092636999993,-0.2492701783538362
1785583366.0375562,16.460092199,-0.24968727133826776
1785583366.04255,16.465091705999995,-0.24993031787410536
1785583366.047571,16.470092156999996,-0.24999901059142515
1785583366.052553,16.475092125999993,-0.24989311774817244
1785583366.0575485,16.480091983999998,-0.24961259644680037
1785583366.0625513,16.485092064,-0.24915747824586998
1785583366.0675495,16.490091903999996,-0.2485279845293545
1785583366.07258,16.495091243999994,-0.2477244875089684
1785583366.0775535,16.500092787,-0.24674688730161556
1785583366.0825517,16.505092534,-0.24559649011857443
1785583366.0875573,16.510093280999996,-0.24427336215830717
1785583366.0925517,16.515092788000004,-0.24277889842268327
1785583366.0975542,16.520092793999993,-0.2411135288646102
1785583366.1025531,16.525092651999998,-0.2392784838156617
1785583366.1075487,16.530092398999997,-0.237274916402121
1785583366.1125517,16.53509238699999,-0.23510395273885465
1785583366.1175795,16.540091985999993,-0.23276726687424593
1785583366.1225557,16.545092269999998,-0.2302658542128812
1785583366.1275523,16.550092738999993,-0.22760155222064138
1785583366.1325502,16.555091616,-0.2247771227430992
1785583366.1375527,16.560092733999994,-0.22179223204158866
1785583366.1425498,16.565091609999996,-0.2186515328953872
1785583366.1475692,16.570091598000005,-0.2153550624103301
1785583366.1525497,16.575091919000002,-0.21190547074985522
1785583366.1575518,16.580091611,-0.20830574975043073
1785583366.1625626,16.58509267299999,-0.2045568519016485
1785583366.1675627,16.590093198000005,-0.20066270303503186
1785583366.1725557,16.595092351999995,-0.19662667452266477
1785583366.1775534,16.600092024999995,-0.19245002017488008
1785583366.1825545,16.605092475999996,-0.18813531604881314
1785583366.1875532,16.610092538000004,-0.1836865013572928
1785583366.1925495,16.615092081,-0.1791067753886699
1785583366.1975505,16.620092420999995,-0.17439806659104334
1785583366.2025843,16.625091575,-0.1695654963756815
1785583366.2075524,16.630092582000003,-0.16460943600987463
1785583366.212549,16.635091884000005,-0.15953682975526612
1785583366.217549,16.640092316999997,-0.15434833359871566
1785583366.222553,16.645092766999994,-0.1490486637823643
1785583366.2275517,16.650092513999994,-0.14364228941722298
1785583366.23255,16.655093206000004,-0.13813118616505826
1785583366.2375495,16.660092046000003,-0.13252230697902545
1785583366.2425501,16.665091719000003,-0.12681658850353406
1785583366.247573,16.670092335999996,-0.12101784681040677
1785583366.2525523,16.675091361,-0.11513310385217349
1785583366.2575524,16.680092181999996,-0.1091624993321681
1785583366.2625487,16.685091892000003,-0.10311368459492283
1785583366.2675495,16.690092491,-0.09698850664384835
1785583366.2725508,16.695091831,-0.09079392412197651
1785583366.277548,16.70009209599999,-0.08453161455623132
1785583366.2825496,16.705091750999998,-0.07820792346137198
1785583366.287557,16.710091664999993,-0.07182623827390001
1785583366.2925532,16.715092467000005,-0.06539026511198404
1785583366.297551,16.720091807000003,-0.05890760877427104
1785583366.302551,16.725092146999998,-0.05237969648454307
1785583366.307577,16.730092467999995,-0.045812496539054726
1785583366.3125625,16.735092973999997,-0.0392104250016485
1785583366.3175514,16.740092090999994,-0.03258028727201128
1785583366.3225532,16.745092005000004,-0.025923932305283354
1785583366.3275664,16.750090919,-0.019248519630503693
1785583366.3325534,16.755091666,-0.012555050342229724
1785583366.3375573,16.760095320999994,-0.005846876497816285
1785583366.3425524,16.765093215999997,0.0008595518422990239
1785583366.3475711,16.770092092,0.007568442797274245
1785583366.352553,16.775092987999997,0.01427635339160828
1785583366.357555,16.780093013,0.020974561999824313
1785583366.3625722,16.785110962999994,0.02768333011092561
1785583366.3675466,16.790092024999993,0.03432463146454
1785583366.3725698,16.795110050000005,0.04099207724685314
1785583366.3775494,16.800092112,0.04758396523519726
1785583366.3825479,16.805091933,0.0541667293922138
1785583366.3875504,16.810091810000003,0.0607121028727612
1785583366.3925512,16.815091593999995,0.06721512170223294
1785583366.3975503,16.820092860000003,0.07367306932347042
1785583366.402551,16.825092958,0.08007780072232555
1785583366.4075632,16.830092945999994,0.08642600417901704
1785583366.4125764,16.835091379000005,0.09271122436806743
1785583366.417555,16.840092310999992,0.09893392803811907
1785583366.4225514,16.845092520999998,0.10508550011698976
1785583366.4275508,16.85009271199999,0.1111622938509905
1785583366.432547,16.855092107999994,0.1171589071867889
1785583366.4375527,16.860092261999995,0.12307277773066554
1785583366.442549,16.865092491,0.12889870542964493
1785583366.4475675,16.87009159,0.13463100277769866
1785583366.452547,16.875091337,0.1402674719667278
1785583366.4575498,16.880092231999996,0.14580443770592721
1785583366.4625502,16.885092256999997,0.15123553880635782
1785583366.4675484,16.890092003999996,0.15655740790582706
1785583366.472558,16.895091898999993,0.1617665306989038
1785583366.4775498,16.900092165000004,0.16685922675095524
1785583366.482549,16.905092208,0.1718310711218875
1785583366.487549,16.910092028999998,0.17667834980274963
1785583366.4925494,16.915091720999996,0.18139752150299074
1785583366.4975781,16.920092709000002,0.18598632937356907
1785583366.5025523,16.925091769999995,0.1904383774361103
1785583366.50755,16.930092703,0.19475368068427107
1785583366.5127463,16.935091857000003,0.1989258130050344
1785583366.5175555,16.940093974999996,0.202955507416302
1785583366.5225549,16.945092351,0.20683432582077044
1785583366.5275514,16.950092042999998,0.2105633359048437
1785583366.5325494,16.955092123,0.2141389101113366
1785583366.5375526,16.960091926000004,0.21755781871304483
1785583366.5425518,16.96509152499999,0.22081749700277134
1785583366.5475736,16.970091994,0.22391608930110427
1785583366.5525494,16.97509185199999,0.22685025728313954
1785583366.557549,16.980092228999993,0.229618378067522
1785583366.5625494,16.985092421000004,0.23221787452513587
1785583366.5675504,16.990092112,0.2346465682600588
1785583366.572548,16.99509267399999,0.2369031808886131
1785583366.5775492,17.000091736,0.23898487482028644
1785583366.5825787,17.005091983,0.24089111049955209
1785583366.5875518,17.010091508000002,0.24261959061237134
1785583366.5925477,17.015091643999995,0.24416936512063162
1785583366.5975475,17.020091797999996,0.24553893022511827
1785583366.6025467,17.025091731000003,0.24672707708200284
1785583366.6075518,17.030092681,0.24773303481172151
1785583366.6125495,17.03509228,0.24855545788784
1785583366.6175513,17.04009256399999,0.24919396514852912
1785583366.622549,17.045091811999995,0.24964773938503765
1785583366.6275532,17.050092151,0.24991648996937058
1785583366.6325705,17.055092454000004,0.24999975401537647
1785583366.6375525,17.060091997,0.2498973575441274
1785583366.6425476,17.065092300000003,0.24960920105263865
1785583366.6475723,17.070092214,0.24913539987624195
1785583366.65255,17.075092182999995,0.24847613869551513
1785583366.6575482,17.080092245000003,0.2476317508792958
1785583366.6625576,17.085091788,0.24660284841277727
1785583366.6675842,17.090092349999992,0.2453897105579162
1785583366.6725557,17.095092281999996,0.24399347743318175
1785583366.67755,17.100091566000003,0.24241512341921334
1785583366.682548,17.105091962000003,0.2406551041906856
1785583366.6875513,17.110092412,0.2387149024795447
1785583366.6925514,17.115092011,0.23659622220954576
1785583366.6975503,17.120091684000002,0.2343001581056709
1785583366.702548,17.125091987000005,0.23182799732081108
1785583366.7075498,17.130091844999995,0.22918197515082575
1785583366.7125502,17.135091426000002,0.2263638863733458
1785583366.717552,17.140091858000005,0.22337504346189363
1785583366.722548,17.145092272,0.22021803175898597
1785583366.727548,17.150092556000004,0.21689516688312424
1785583366.7325494,17.155091765999998,0.21340950003986586
1785583366.7375512,17.16009195699999,0.20976209323958886
1785583366.7425492,17.165091538,0.205956703324184
1785583366.747568,17.170091618,0.20199522857718974
1785583366.7526062,17.17509945799999,0.19787439635513213
1785583366.7575898,17.180094167999997,0.19361461764912652
1785583366.7625659,17.185093378000005,0.18920433605714118
1785583366.767566,17.190094273,0.18464897025281812
1785583366.7725482,17.195093465,0.1799549269077115
1785583366.7775452,17.200093081999995,0.17512369141582074
1785583366.7825437,17.205093163,0.17015872744633453
1785583366.787544,17.21009302099999,0.165064350656725
1785583366.7925436,17.215092471999995,0.15984451818827985
1785583366.7975492,17.220093458999997,0.15450100572794134
1785583366.8025475,17.225091242999994,0.14904287840579747
1785583366.8075473,17.230093361,0.14346590449082866
1785583366.8125618,17.235094274999994,0.1377802827642201
1785583366.8175652,17.240094670000005,0.1319895109382623
1785583366.8225467,17.245092749999998,0.12610005964855744
1785583366.8275464,17.250092405000004,0.12011175159606385
1785583366.8325388,17.255092169999998,0.11403075624577023
1785583366.837574,17.26009343599999,0.1078598798850047
1785583366.842563,17.26509473899999,0.10160550507271134
1785583366.8475852,17.270095225999995,0.09527340327911882
1785583366.852546,17.275091047999993,0.08887332029576618
1785583366.8575468,17.280093554000004,0.0823954847081004
1785583366.8625634,17.28509332,0.07585688827883433
1785583366.8675468,17.290092751999993,0.06925936860935747
1785583366.8725457,17.295092888,0.0626065257692956
1785583366.8775446,17.300092468000003,0.05590505755852809
1785583366.8825488,17.305092919000003,0.04915811575976512
1785583366.8875484,17.310093573000003,0.04237169784723893
1785583366.8925443,17.315092375999996,0.03555375458240906
1785583366.8975449,17.320093307999997,0.028704033728731537
1785583366.9025438,17.325090574,0.021835687824441573
1785583366.9075472,17.33009261699999,0.01494233806777449
1785583366.9125612,17.335093587000003,0.008037280853055835
1785583366.9175687,17.34009526,0.0011233393029386506
1785583366.9225783,17.345092172999998,-0.005786647623099748
1785583366.927543,17.350092012999994,-0.012698020282638636
1785583366.9325714,17.355092927,-0.019602918162404975
1785583366.9375577,17.360093043999996,-0.02649346028216268
1785583366.942593,17.365092606000005,-0.03336469333909218
1785583366.9475737,17.37009202,-0.04021189697151911
1785583366.9525554,17.375092526000003,-0.047031488861225657
1785583366.9575608,17.380092421,-0.053815884321534606
1785583366.9625516,17.385092760999996,-0.06056127899491068
1785583366.967554,17.390092416,-0.06726093733044164
1785583366.972553,17.395092070000004,-0.07391059935604676
1785583366.9775531,17.400092075999993,-0.08050557498537522
1785583366.98256,17.405092509,-0.08704083074718325
1785583366.9875538,17.410093089,-0.09351090999878103
1785583366.9925513,17.415092040000005,-0.09990851025045855
1785583366.997552,17.420092656999998,-0.1062328601252652
1785583367.0025501,17.425092812000003,-0.11247630542874958
1785583367.007552,17.430092392999995,-0.11863385222214791
1785583367.0125523,17.435091862999997,-0.12470126961356887
1785583367.017551,17.440092444,-0.13067525676992822
1785583367.0225499,17.445091969999993,-0.13654853583884433
1785583367.0275502,17.450092698999995,-0.14231913582860536
1785583367.0325491,17.455092520999997,-0.14798006910877404
1785583367.0375504,17.460092435999996,-0.15352802941538626
1785583367.0425487,17.465091849999993,-0.1589579894365735
1785583367.0475984,17.470091690999993,-0.16426666281045726
1785583367.0525515,17.475092086999993,-0.16944994066419816
1785583367.057553,17.480092427000002,-0.1745030539185378
1785583367.062547,17.485091842000003,-0.17942114288827385
1785583367.0675685,17.490109793000002,-0.18421869593063797
1785583367.0725517,17.495092634000002,-0.1888413035797779
1785583367.077568,17.500109456000004,-0.19334938006451538
1785583367.0825496,17.505091777000004,-0.1976778234101151
1785583367.0875578,17.510091266000003,-0.20186881106230944
1785583367.0925558,17.515091958,-0.20590474417121493
1785583367.097553,17.520092836000003,-0.20978147416164517
1785583367.1025524,17.525092583999992,-0.2134948843148607
1785583367.1075523,17.530091460999998,-0.21704224710885187
1785583367.1125586,17.535092394000003,-0.22042268716181943
1785583367.1175523,17.540092809,-0.22363162078526186
1785583367.1225512,17.545092296999997,-0.22666622460800084
1785583367.1275504,17.550092414999995,-0.2295249564908383
1785583367.1325781,17.555092255999995,-0.23220491134343388
1785583367.1375506,17.560091744000005,-0.23470385139317318
1785583367.142553,17.56509193699999,-0.23702019394600618
1785583367.1475725,17.570091703000003,-0.23915144769818117
1785583367.1525588,17.575092544,-0.24109640708124758
1785583367.1575527,17.58009244,-0.2428526137918272
1785583367.1626258,17.585102927999998,-0.24442204920812946
1785583367.1675613,17.590093656999997,-0.24579435869679345
1785583367.1725574,17.595091886999995,-0.24697651929344963
1785583367.177555,17.600092689999997,-0.24796571059305234
1785583367.182556,17.605092623000004,-0.24876022923346391
1785583367.1875525,17.610093093000003,-0.24935954642082883
1785583367.1925511,17.615092951999998,-0.2497629099315806
1785583367.1975513,17.620092626,-0.24996993544097715
1785583367.2025518,17.625092225999992,-0.249980331415038
1785583367.2075498,17.630091324999995,-0.2497939740765961
1785583367.2125683,17.635093944000005,-0.24941053337880809
1785583367.217551,17.640092173,-0.24883082031154913
1785583367.2225564,17.645092421,-0.24805454021485604
1785583367.2275517,17.650091872000004,-0.2470825224066525
1785583367.2325633,17.655091787000003,-0.24591516079453385
1785583367.2375557,17.660092219999996,-0.24455316003728547
1785583367.2425632,17.665092837999993,-0.24299749959228592
1785583367.2475817,17.670092271,-0.24124974748457426
1785583367.2525518,17.675091870999992,-0.23931072718400553
1785583367.2575493,17.680091673999996,-0.23718179386434518
1785583367.2625535,17.685092607,-0.23486402012141613
1785583367.267557,17.690092429000003,-0.23236013768993663
1785583367.2725534,17.69509264,-0.22967128021664715
1785583367.2775502,17.700092184,-0.22680002386220746
1785583367.2825503,17.705092875999995,-0.22374744111431716
1785583367.2875535,17.710092402,-0.22051723229212872
1785583367.2925506,17.715091982999994,-0.2171110991266867
1785583367.29755,17.720092268000002,-0.21353113399923807
1785583367.3025627,17.725092126999996,-0.20978084711677183
1785583367.3075907,17.730092708,-0.20586221779090524
1785583367.3125567,17.735092844999997,-0.20177913832356872
1785583367.3175507,17.740091945000003,-0.19753529254290317
1785583367.322552,17.745092154999995,-0.19313211407562822
1785583367.3275502,17.750092273999996,-0.1885740025960398
1785583367.3325517,17.755092891999993,-0.18386392057790782
1785583367.337552,17.760092287999996,-0.17900716521902799
1785583367.342549,17.765092295000002,-0.17400574909798414
1785583367.3475697,17.770092839,-0.1688635834999926
1785583367.3525517,17.775092419999993,-0.16358623179173615
1785583367.357557,17.780093352999998,-0.15817535291490345
1785583367.3625503,17.785092063999997,-0.1526390748955381
1785583367.3675525,17.79009234899999,-0.14697755385397954
1785583367.3725517,17.795093041,-0.14119647875264027
1785583367.3775513,17.800092789000004,-0.1353019718652468
1785583367.3825524,17.805092074,-0.12929815184882287
1785583367.3875484,17.810091858999996,-0.12318859252602632
1785583367.3925812,17.815091940000002,-0.11697834069221646
1785583367.3975527,17.820093002999997,-0.1106714172472808
1785583367.40255,17.82509175,-0.10427701045868806
1785583367.4075487,17.830091886999995,-0.09779547551583889
1785583367.412547,17.835092042,-0.0912337010559673
1785583367.417549,17.84009329,-0.08459546937398392
1785583367.4225507,17.845092000999998,-0.07789091385920444
1785583367.4275584,17.850092582000002,-0.07111948481752779
1785583367.43256,17.855092718999998,-0.06428969388272082
1785583367.4375706,17.860093596,-0.057405380323463505
1785583367.4425604,17.865092899999993,-0.05047525071185727
1785583367.4475703,17.870091962000004,-0.043503039113123525
1785583367.4525495,17.875091951,-0.0364927016513161
1785583367.457553,17.880092069,-0.029450978527173773
1785583367.4625502,17.88509191,-0.022384108047847625
1785583367.4675474,17.890091490999993,-0.015297762392573966
1785583367.47255,17.895091831000002,-0.008196210739058922
1785583367.4775507,17.900091689999996,-0.0010869476032187178
1785583367.48256,17.905092382999996,0.00602614754689608
1785583367.4875495,17.910092055999996,0.013134679493936503
1785583367.492548,17.915091951999997,0.020234653936575007
1785583367.4975603,17.920092682000003,0.02732117181022542
1785583367.5025525,17.925093688999993,0.034387678282326396
1785583367.5075495,17.930092196000004,0.04142451648068145
1785583367.512552,17.935093073000004,0.048432808227430436
1785583367.5175874,17.94009283999999,0.05540194925295185
1785583367.5225558,17.945092790999993,0.06232806164555066
1785583367.5275583,17.950092834999992,0.06920535191140269
1785583367.5325625,17.955092027999996,0.07602690334362887
1785583367.5375524,17.960092349999996,0.08278981964871882
1785583367.5425525,17.965092634,0.0894869507048957
1785583367.5475736,17.97009265999999,0.0961125024791507
1785583367.5525486,17.975092259999997,0.10266081414420349
1785583367.5575478,17.980091767000005,0.1091269374424257
1785583367.562564,17.985092551999998,0.11550727808337463
1785583367.567559,17.990092911000005,0.12179436589626169
1785583367.5725522,17.995093029000003,0.1279832479240169
1785583367.5775518,18.000092128999995,0.1340678711883201
1785583367.5825636,18.005092136000002,0.14004553107135723
1785583367.5875518,18.010091994999996,0.14590997268438088
1785583367.5925553,18.015092371999998,0.15165708096229444
1785583367.5975475,18.020092027000004,0.1572806457603702
1785583367.6025827,18.025091126999996,0.16277620576431512
1785583367.6075609,18.030092893000003,0.16814261980108994
1785583367.6125486,18.035092401,0.1733700919627898
1785583367.6175501,18.040092259000005,0.17845703737548174
1785583367.62256,18.045092617999998,0.18339929368165747
1785583367.6275523,18.050092237,0.18819147940664258
1785583367.6325495,18.055092114000004,0.19283052504994258
1785583367.6375508,18.06009238,0.1973125953314084
1785583367.6425486,18.065091776000003,0.2016327829042035
1785583367.6475754,18.070091801999993,0.20578872159716835
1785583367.6525593,18.075092513,0.209776848288696
1785583367.6575503,18.080092223999998,0.2135924263814996
1785583367.662586,18.085098322999997,0.21723753785585717
1785583367.667566,18.090092571,0.22069606179049145
1785583367.6725636,18.095093614999996,0.2239781943484501
1785583367.6775599,18.100092789,0.22707514027669662
1785583367.6825602,18.105092499999998,0.22998577149438731
1785583367.6875935,18.110092839999993,0.23270753396237556
1785583367.6925607,18.115091718000002,0.23523694878975354
1785583367.6975603,18.120092835999998,0.2375736106012709
1785583367.702558,18.125092084000002,0.2397135023279685
1785583367.7075562,18.130092147,0.24165591944549975
1785583367.7125611,18.135091802000005,0.2433986086756613
1785583367.7175572,18.140092346000003,0.24494040206798742
1785583367.7225575,18.145091705,0.24627925216521684
1785583367.7275581,18.150092082,0.2474144992904908
1785583367.7325583,18.155091756000004,0.24834464156152664
1785583367.7375593,18.160092300000002,0.24906903809840614
1785583367.7425563,18.165092251999994,0.24958670677665387
1785583367.7475767,18.170091628999998,0.24989713957155557
1785583367.7525604,18.175093302999997,0.24999999698854955
1785583367.7575612,18.180092791999996,0.2498949416070602
1785583367.7625613,18.185092279999992,0.2495819984019545
1785583367.767561,18.190092084,0.24906123554547901
1785583367.7726984,18.195108904999998,0.24833011458928608
1785583367.777569,18.200092876,0.24739734187061094
1785583367.7825902,18.205157233999998,0.24623940089055993
1785583367.7875934,18.210098333999994,0.24490629958190205
1785583367.792565,18.21509367499999,0.24335537450445702
1785583367.7977142,18.220116477999994,0.2415910874318509
1785583367.8026226,18.225108152000004,0.23963556118950743
1785583367.8075404,18.230088029,0.2374853031347186
1785583367.8125408,18.235089239999994,0.23512708683320704
1785583367.8175778,18.240096099,0.23256852776675976
1785583367.8225946,18.245097625,0.22981721631032503
1785583367.8275769,18.250094484,0.22687553128945284
1785583367.832582,18.255093028000005,0.22374222845657932
1785583367.8375633,18.260091461000002,0.22042082857956738
1785583367.8425474,18.265091819999995,0.21691252355025692
1785583367.8475897,18.270095030999997,0.2132192083925518
1785583367.8525867,18.275100038000005,0.20934437938186737
1785583367.8576045,18.28009523,0.20530057573417046
1785583367.86257,18.285095978,0.20107885120733432
1785583367.8675535,18.290091188999995,0.19669198493362033
1785583367.8725827,18.295097158999994,0.19212897339721471
1785583367.8775566,18.30009057299999,0.18741486546673164
1785583367.8825574,18.305090284000002,0.18253602046048079
1785583367.887558,18.310094512999996,0.17749765706881349
1785583367.8925526,18.315093094000005,0.17231419326886754
1785583367.8975492,18.320092527,0.16698336662934388
1785583367.9025514,18.325090664,0.1615118737882029
1785583367.9077542,18.330092559999997,0.1558985934943245
1785583367.9125497,18.335090363999996,0.15015698498744515
1785583367.9175494,18.340092223,0.1442824481248643
1785583367.9225557,18.345092969999996,0.13828581032839815
1785583367.9275503,18.350094033000005,0.13217037218704042
1785583367.932547,18.355092835999997,0.12594443828013474
1785583367.937574,18.36009565799999,0.11960532188856574
1785583367.9426565,18.365100184,0.11316106825893937
1785583367.9475996,18.370092783999993,0.10663491458805752
1785583367.952567,18.375093234999994,0.10000659344613663
1785583367.9575577,18.380094334999995,0.09329097107644672
1785583367.9625494,18.385093897999994,0.08649664046873
1785583367.9675508,18.390093034000003,0.07962784863612378
1785583367.9725473,18.395092671,0.07268909749875396
1785583367.9775472,18.400092826000005,0.06568618827119299
1785583367.982545,18.405092963,0.05862576983392086
1785583367.987557,18.410093599999996,0.05151306755133723
1785583367.9925487,18.415093698999996,0.04435557400851756
1785583367.9975476,18.42009335499999,0.03715922699124337
1785583368.002545,18.425090732,0.02993279702367732
1785583368.0075521,18.430094054999998,0.022670495954605355
1785583368.0125494,18.435093469999998,0.015392779502535339
1785583368.017547,18.440092199999995,0.008101176636871153
1785583368.0225446,18.445091837999996,0.0007995742962473312
1785583368.0275471,18.450092716,-0.006506287924790176
1785583368.0325487,18.455092723999996,-0.013807088410139478
1785583368.037547,18.460091582999993,-0.02109618142940461
1785583368.042545,18.465091943000004,-0.028371188538295324
1785583368.0475907,18.470092413999993,-0.03562384312273069
1785583368.0525467,18.475090680999998,-0.04284458124926831
1785583368.0575473,18.480092263000003,-0.05003515773272341
1785583368.0625434,18.485093047999996,-0.05718344765908572
1785583368.0675418,18.490091741,-0.0642814806919723
1785583368.072547,18.495092896999992,-0.07132959476709833
1785583368.0775483,18.500092331000005,-0.07831579596527925
1785583368.082545,18.505092191000003,-0.08523706843470476
1785583368.0875492,18.510092958,-0.09208805851538142
1785583368.0925446,18.51509204,-0.09885929546953699
1785583368.0975454,18.520093214,-0.1055500055936428
1785583368.1025422,18.525090184999996,-0.11214601208549861
1785583368.1075454,18.530092248000003,-0.11865381481588026
1785583368.112548,18.535092886,-0.12505915945117269
1785583368.117552,18.540092966999993,-0.13135762689626515
1785583368.122545,18.54509179,-0.13754288959518443
1785583368.1275454,18.550092167999992,-0.14361300383563402
1785583368.1325507,18.555092621,-0.1495607947815914
1785583368.1375496,18.560093202000004,-0.15538109549791054
1785583368.142546,18.565092765999992,-0.1610674905833607
1785583368.147565,18.570092403000004,-0.16661624986518897
1785583368.1525705,18.575090004000003,-0.17202022327951727
1785583368.1575463,18.580090086,-0.17727950019388367
1785583368.1625605,18.585094075,-0.18239063596180025
1785583368.167562,18.590091174999998,-0.18733821142837165
1785583368.1725533,18.595093145999996,-0.19212956308266763
1785583368.1775513,18.600092486999998,-0.1967531327257552
1785583368.1825466,18.60509216199999,-0.20120764873146435
1785583368.18755,18.610092392,-0.20548927782792248
1785583368.1925483,18.615092473999994,-0.20959355735824994
1785583368.1975477,18.620092240999995,-0.21351668502794127
1785583368.2025478,18.625091210999997,-0.21725480714783882
1785583368.207548,18.630092386,-0.22080670863528296
1785583368.2125463,18.635092227,-0.2241666048654311
1785583368.2175486,18.640092846,-0.22733288662369455
1785583368.2225463,18.645092853999998,-0.23030177025875267
1785583368.2275455,18.650092528000002,-0.23307075025991483
1785583368.2325463,18.655092276999994,-0.2356375137670589
1785583368.2375834,18.660093024999995,-0.2380000874926781
1785583368.2425444,18.665092791999996,-0.24015532853501462
1785583368.2475688,18.670092893000003,-0.2421018153883993
1785583368.2525432,18.675090419,-0.2438367092234207
1785583368.2575665,18.680093130999992,-0.24536087161309536
1785583368.262552,18.685093026999994,-0.24667023025448673
1785583368.267557,18.690092016999998,-0.2477642267359808
1785583368.2725604,18.695093912999994,-0.24864245458617265
1785583368.277554,18.700093569000003,-0.24930304392052327
1785583368.2825534,18.705092687999993,-0.24974566699037495
1785583368.28757,18.710091677999998,-0.249969859885337
1785583368.2925513,18.715093351999997,-0.24997522812295261
1785583368.2975626,18.720092840999996,-0.24976157216554015
1785583368.3025467,18.725090367999996,-0.2493291852924447
1785583368.30755,18.730092709000004,-0.248677516604674
1785583368.3125563,18.735093624,-0.24780757186814972
1785583368.3175504,18.740092723999993,-0.24672023839206642
1785583368.3225484,18.745092916999994,-0.24541573026916647
1785583368.3275523,18.750092388,-0.24389548782731632
1785583368.3325589,18.755093821999992,-0.24215979708608065
1785583368.3375537,18.760093756000003,-0.24021120306239635
1785583368.3425493,18.765090244999996,-0.2380523407629884
1785583368.3475955,18.770092270999996,-0.2356809474547354
1785583368.352548,18.775090742000003,-0.23310314583181763
1785583368.3575516,18.78009075,-0.23031855954297908
1785583368.3625457,18.785092312999993,-0.22732929678546557
1785583368.367548,18.79009295099999,-0.2241392933105436
1785583368.3725526,18.795092662000002,-0.22075133399247715
1785583368.37755,18.800093521999997,-0.2171668498680036
1785583368.382544,18.805092196000004,-0.21339131768647893
1785583368.387551,18.810092334000004,-0.20942522247036577
1785583368.3925517,18.815092804999992,-0.20527273152533745
1785583368.397547,18.820092183,-0.2009386116857188
1785583368.4025455,18.825090598000003,-0.19642656702391645
1785583368.4075432,18.830091587,-0.19173718797624617
1785583368.4125903,18.835097798999996,-0.18687161980250422
1785583368.4175594,18.840101770000004,-0.18184116019944552
1785583368.4225507,18.84509274,-0.1766617177437124
1785583368.4275484,18.850092173999997,-0.17131571941020665
1785583368.4325814,18.855093570999998,-0.16581425583725118
1785583368.4375527,18.860092855999994,-0.16016659128935162
1785583368.442549,18.865092493999995,-0.15437493167956087
1785583368.4475656,18.870091927999994,-0.14844496080999692
1785583368.4525456,18.875091232000003,-0.1423817787162587
1785583368.4575517,18.880092684000005,-0.13618784463229383
1785583368.4625485,18.885093061999996,-0.12987253044976232
1785583368.4675453,18.890091514000005,-0.12344255726015106
1785583368.472575,18.89509672599999,-0.11689223892891516
1785583368.4775693,18.900095197,-0.11024499881622869
1785583368.4825492,18.905090556000005,-0.10350216921784151
1785583368.487551,18.910092898000002,-0.09665595899206983
1785583368.4925478,18.915092701999995,-0.08972531567783365
1785583368.4975512,18.920092876,-0.08271239453228849
1785583368.5025468,18.925090514000004,-0.07562752747674768
1785583368.5075467,18.930092372999994,-0.06846738242103373
1785583368.5125465,18.935092029000003,-0.06124746618721836
1785583368.5175648,18.940090537000003,-0.053972731931670764
1785583368.522555,18.945093322999995,-0.04664170925179052
1785583368.5275488,18.950092589999997,-0.03927234019828753
1785583368.532547,18.955092820000004,-0.0318646261350867
1785583368.5375762,18.960091957000003,-0.0244282270450171
1785583368.542549,18.965093112999995,-0.01696515706508224
1785583368.5475662,18.970092620999992,-0.009487564313139124
1785583368.5525444,18.975090702999992,-0.0020018297061537354
1785583368.557546,18.980091970000004,0.005492238232480388
1785583368.5625477,18.985092977999997,0.012982748656578589
1785583368.5675437,18.990092949,0.020461800474064876
1785583368.5725484,18.995092993,0.02792432194459794
1785583368.5775456,19.000092205,0.035362240666809
1785583368.5825741,19.005095268000005,0.04277578197635918
1785583368.5875728,19.010095257999993,0.05014798075439464
1785583368.5925524,19.015088672999994,0.05746712487130891
1785583368.5975475,19.020092218000002,0.06475101370920357
1785583368.602548,19.025091595999996,0.07197214431996923
1785583368.6075685,19.030095399999993,0.07913635638430674
1785583368.6125505,19.035093148,0.08622216646616272
1785583368.6175473,19.040092915999992,0.0932346576607345
1785583368.622552,19.045092608999994,0.10016445752521828
1785583368.6275501,19.050092320000005,0.10700537311829358
1785583368.632547,19.055092328,0.1137515268863527
1785583368.6375487,19.060092595,0.12039667871194108
1785583368.642546,19.06509301,0.12693457958443172
1785583368.6475666,19.070092629,0.13335801875054776
1785583368.6525435,19.075091063000002,0.13966066553476608
1785583368.6575472,19.080092366999992,0.14584177098170098
1785583368.6625578,19.085093782,0.15189211593059404
1785583368.6675515,19.090092494000004,0.15780281709202074
1785583368.6725545,19.095094020000005,0.16357492676931829
1785583368.677546,19.100092176000004,0.16919599280330605
1785583368.6825526,19.105092517000003,0.174667101084243
1785583368.6875737,19.110094654999997,0.17998255973699262
1785583368.6925538,19.115091347999993,0.18512990541798602
1785583368.6975503,19.120093003999997,0.19011508040133424
1785583368.7025461,19.125092697,0.19492637594433762
1785583368.7075508,19.130093223000003,0.1995620357442511
1785583368.71255,19.135093045999994,0.20401628050117074
1785583368.7175462,19.140092738999996,0.20828547764567248
1785583368.7225497,19.145092875999993,0.21236607518776235
1785583368.727544,19.150092754,0.21625363218731972
1785583368.7325497,19.155092057999994,0.21994426764261907
1785583368.7375472,19.160091491999992,0.22343501865812043
1785583368.7425482,19.165092647999998,0.22672355359896687
1785583368.747565,19.170092507999996,0.2298047126626697
1785583368.7525492,19.175092348999996,0.23267640064021344
1785583368.7575488,19.180093079000002,0.23533630845699627
1785583368.7625477,19.185092994,0.23778094077184733
1785583368.7675476,19.190092871999994,0.240008342752749
1785583368.7725601,19.195093694999997,0.24201669835119385
1785583368.777551,19.200093350999992,0.2438031789864268
1785583368.7825477,19.205091822,0.2453661413414741
1785583368.7875504,19.21009257,0.24670500359245626
1785583368.7925522,19.215092541000004,0.24781746033458185
1785583368.7975488,19.220092604,0.24870257100859103
1785583368.802545,19.225092371000002,0.24935930832132414
1785583368.8075473,19.230092193999994,0.2497869713607962
1785583368.8125465,19.235092202000004,0.2499850009361163
1785583368.8175478,19.240091949999993,0.24995304176914068
1785583368.8225467,19.245092494999994,0.24969091867105667
1785583368.827544,19.250092354999992,0.2491987822016852
1785583368.8325443,19.255092102999996,0.24847692378004366
1785583368.8375497,19.2600925,0.2475257017211125
1785583368.842552,19.265092526000004,0.24634600832353512
1785583368.8475654,19.270092053,0.24493886251145755
1785583368.8525505,19.27509235699999,0.24330502677505972
1785583368.857567,19.280093846,0.24144558648938405
1785583368.8625689,19.285094743000002,0.23936272417433127
1785583368.8675487,19.290093047,0.23705925583068735
1785583368.872551,19.295093073000004,0.234535227397831
1785583368.8775492,19.300093155,0.2317935452899674
1785583368.8825483,19.305092162999998,0.2288372816816519
1785583368.887546,19.310092356,0.2256676824713
1785583368.8925455,19.315092863999993,0.22228799327880347
1785583368.8975434,19.320091871999992,0.21870250192491242
1785583368.9025493,19.325093213000002,0.21491159147312208
1785583368.9075475,19.330093535000003,0.21092109894924707
1785583368.9125466,19.335093005999994,0.20673456814042612
1785583368.9175448,19.340092458,0.20235510534437
1785583368.9225497,19.345092465999997,0.19778611176650104
1785583368.9275472,19.350092882,0.19303178537296659
1785583368.932545,19.355092518999996,0.1880975688743529
1785583368.9375477,19.360092823000002,0.1829865086214772
1785583368.9425483,19.365093330999997,0.17770366914164354
1785583368.9475625,19.370091950000003,0.17225614795872982
1785583368.9525437,19.375092995000003,0.16664417924418318
1785583368.9575531,19.380090780000003,0.1608792995974533
1785583368.962552,19.385093936000004,0.15495672998685261
1785583368.9675546,19.390093944,0.14889187491444034
1785583368.97255,19.395093118999995,0.14268766173215863
1785583368.9775457,19.400092607999994,0.13634838617048267
1785583368.9825494,19.405092948999993,0.12987915059462
1785583368.9875743,19.410094216000005,0.12328575247770064
1785583368.9925683,19.41509518699999,0.1165758641859052
1785583368.9975502,19.420093805999997,0.10975853292279643
1785583369.002553,19.425093868999994,0.1028349190172748
1785583369.0075495,19.430093118000002,0.09581454042978145
1785583369.0125477,19.435093441999996,0.08870124929131656
1785583369.0175445,19.440091635,0.08150623671388
1785583369.0225472,19.445092551000002,0.07422919354043739
1785583369.0275483,19.450092412000004,0.06688235211878979
1785583369.032546,19.455092234999995,0.05947109011383889
1785583369.037548,19.460091872999996,0.052002545905300464
1785583369.042545,19.465092141,0.044482473987263224
1785583369.0475674,19.470092907999998,0.03691809145697172
1785583369.0525503,19.475091917,0.029319911448537628
1785583369.0575464,19.480092202999998,0.02169045283945559
1785583369.0625463,19.485091248999993,0.01404071565645714
1785583369.067547,19.490091645999996,0.006373926041620692
1785583369.0725465,19.495091098999993,-0.0012991863826006505
1785583369.0775466,19.500092069999994,-0.00897516975981319
1785583369.0825455,19.505098042,-0.016652115851193056
1785583369.0875459,19.510091884000005,-0.024296535700209298
1785583369.092545,19.515092132999996,-0.03192959724523541
1785583369.097548,19.520091937999993,-0.039533583432338
1785583369.1025457,19.525091872000004,-0.04710216315221644
1785583369.1075487,19.530092807000003,-0.05462946188137031
1785583369.112546,19.535092019000004,-0.06210424185423048
1785583369.1175704,19.540096637999994,-0.06952998818638946
1785583369.1225677,19.545094480000003,-0.0768815835141048
1785583369.127548,19.550089932999995,-0.08415866033376718
1785583369.1325471,19.555092664,-0.09136824500027696
1785583369.1375508,19.560091208999992,-0.09848686169339359
1785583369.142545,19.565092328999995,-0.10551736544714951
1785583369.1475613,19.5700923,-0.11244774839473977
1785583369.1525486,19.575093104999993,-0.11927411891736735
1785583369.157551,19.580091038999996,-0.12598493300966623
1785583369.1625576,19.585093732999994,-0.13258391299429437
1785583369.167546,19.590092315999996,-0.13905298440927746
1785583369.1725821,19.595092860999998,-0.14539384621284157
1785583369.1775465,19.60009253599999,-0.15159674258992137
1785583369.1825495,19.60509211899999,-0.15765667996088148
1785583369.1875443,19.610090608999997,-0.16356662949995474
1785583369.192545,19.615092340000004,-0.1693258825867665
1785583369.197545,19.620092348,-0.17492305772261127
1785583369.202545,19.625091986,-0.18035432214811956
1785583369.2075434,19.630091995,-0.1856151849030976
1785583369.212544,19.635092059,-0.1907001525527125
1785583369.2175467,19.640092771,-0.19560481282343434
1785583369.222549,19.645092871999992,-0.20032311850498152
1785583369.2275462,19.650091992,-0.20485017286724927
1785583369.2325463,19.655092056,-0.2091832611206517
1785583369.237548,19.66009049,-0.21331591610627063
1785583369.2425456,19.665092665000003,-0.2172483567180542
1785583369.2475634,19.670091487999997,-0.22097108031647833
1785583369.252544,19.675092144999994,-0.22448433323799216
1785583369.2576044,19.680094190999995,-0.22778408480105786
1785583369.2625651,19.685093292000005,-0.23086426602103244
1785583369.2675502,19.690088892999995,-0.23372185598889783
1785583369.272549,19.695093419999992,-0.23636070455288904
1785583369.2775457,19.700090001999996,-0.23876916732902514
1785583369.2825477,19.705092511000004,-0.24095159607257058
1785583369.2875495,19.710090834,-0.24290120721179861
1785583369.2925444,19.715092342999995,-0.2446189112611364
1785583369.2975442,19.720092592,-0.24610123486503926
1785583369.302739,19.725092173999997,-0.24734690241546087
1785583369.3075547,19.730091404999996,-0.2483547041047949
1785583369.312564,19.735100117,-0.24912483330741308
1785583369.317852,19.740324903,-0.24967165456024545
1785583369.3227394,19.745113116,-0.24994210989020044
1785583369.3277009,19.750111680000003,-0.24998864856207945
1785583369.3326612,19.755109929,-0.24979413698314587
1785583369.337645,19.760107808,-0.24935865000078564
1785583369.3426776,19.76511616799999,-0.24868076731062477
1785583369.3476837,19.770094973,-0.24776777125202812
1785583369.3525422,19.775082352,-0.24661489740324805
1785583369.3574932,19.780075804999996,-0.24522262205404233
1785583369.3625364,19.785087942999994,-0.24358684587544113
1785583369.367579,19.790134135999992,-0.24170022557627907
1785583369.372606,19.795103552,-0.23960887494015456
1785583369.3776321,19.80016567199999,-0.23724226121971673
1785583369.3825662,19.805093439999993,-0.23471150395435025
1785583369.387573,19.810094745,-0.2319163561923554
1785583369.3925686,19.815094678999998,-0.22889631119662274
1785583369.3975613,19.820092391000003,-0.22565490226613028
1785583369.402561,19.825092696,-0.22219197877081573
1785583369.4075634,19.830092277999995,-0.21851292804696087
1785583369.4125805,19.835092898,-0.21461986370371805
1785583369.4175684,19.840093776999993,-0.210516951395632
1785583369.4225678,19.845092988999994,-0.20620970828475638
1785583369.4275622,19.850092645999993,-0.20170044290188324
1785583369.4325616,19.855092395,-0.19699369494917837
1785583369.437564,19.860094015,-0.19209212770478123
1785583369.4425588,19.865092689999997,-0.18700516708626277
1785583369.4475777,19.870092383,-0.18173372204118862
1785583369.4525895,19.875092891999998,-0.17628292358059236
1785583369.4575586,19.880092863,-0.17065943172374373
1785583369.4625568,19.885092094,-0.16486891259507064
1785583369.4675567,19.890091842999993,-0.15891546307146584
1785583369.472562,19.89509287,-0.15280380140298835
1785583369.4775672,19.900092453,-0.14654313068482233
1785583369.482562,19.905092443,-0.14013720289496426
1785583369.4875634,19.910093359,-0.13359146865190755
1785583369.492557,19.915092497000003,-0.1269158159110761
1785583369.4975598,19.920092431,-0.12011329678317273
1785583369.5025578,19.92509244,-0.11319144060706977
1785583369.5075583,19.930092725999998,-0.10615666193260513
1785583369.5125616,19.935092678999993,-0.09901664516576085
1785583369.5175593,19.940092223999997,-0.09177845542502984
1785583369.5225592,19.945092622000004,-0.08444729480607087
1785583369.527557,19.950092001,-0.07703304960980015
1785583369.532557,19.955092230999995,-0.06954018063266075
1785583369.5375853,19.960091813999995,-0.061978240758356264
1785583369.5425618,19.965092432999995,-0.05435206870385115
1785583369.5475805,19.970092089999994,-0.04667217093716532
1785583369.5525568,19.975092339,-0.03894369104437022
1785583369.5575879,19.980092310999993,-0.031175547149154773
1785583369.562557,19.985093003999992,-0.023373812895886845
1785583369.567557,19.990092512999993,-0.015549132429464292
1785583369.5725584,19.995092835999998,-0.007706083288504708
