time,position,velocity,torque,temp_mosfet,temp_rotor,status
1785583349.3484497,-0.07419699397268609,-0.0329670329670364,0.01318681318681314,35,32,ENABLE
1785583349.566793,-0.0001907377737087046,-0.0329670329670364,-0.01318681318681314,35,32,ENABLE
1785583349.5808728,-0.0001907377737087046,-0.010989010989014503,-0.01318681318681314,35,32,ENABLE
1785583349.5857077,-0.0001907377737087046,-0.010989010989014503,-0.00439560439560438,35,32,ENABLE
1785583349.5905583,-0.0001907377737087046,-0.0329670329670364,0.00439560439560438,35,32,ENABLE
1785583349.5945554,-0.0001907377737087046,0.010989010989014503,0.03956043956043942,35,32,ENABLE
1785583349.5995848,0.0001907377737087046,0.0329670329670364,0.09230769230769198,35,32,ENABLE
1785583349.6048522,0.0001907377737087046,0.0549450549450583,0.14505494505494454,35,32,ENABLE
1785583349.6099455,0.0005722133211261138,0.0549450549450583,0.18021978021977958,35,32,ENABLE
1785583349.6152012,0.0017166399633783413,0.1428571428571459,0.1978021978021971,35,32,ENABLE
1785583349.6201203,0.0036240177004653873,0.2967032967032992,0.18901098901098834,35,32,ENABLE
1785583349.6246111,0.005531395437552433,0.4065934065934087,0.20659340659340586,35,32,ENABLE
1785583349.6299152,0.008201724269474298,0.4725274725274744,0.18901098901098834,35,32,ENABLE
1785583349.634883,0.010490577553978753,0.4505494505494525,0.1978021978021971,35,32,ENABLE
1785583349.6398385,0.013160906385900617,0.4945054945054963,0.20659340659340586,35,32,ENABLE
1785583349.6448748,0.01621271076523989,0.5384615384615401,0.20659340659340586,35,32,ENABLE
1785583349.6499686,0.018883039597161755,0.5384615384615401,0.22417582417582338,35,32,ENABLE
1785583349.6548615,0.02193484397650103,0.560439560439562,0.2593406593406584,35,32,ENABLE
1785583349.659908,0.024223697261005483,0.4945054945054963,0.2857142857142847,35,32,ENABLE
1785583349.6649451,0.02651255054550994,0.4505494505494525,0.3296703296703285,35,32,ENABLE
1785583349.6699784,0.029564354924849212,0.5384615384615401,0.347252747252746,35,32,ENABLE
1785583349.6748643,0.03147173266193626,0.4505494505494525,0.3912087912087898,35,32,ENABLE
1785583349.6798596,0.03414206149385812,0.5164835164835182,0.4351648351648336,35,32,ENABLE
1785583349.6848586,0.03681239032577999,0.5384615384615401,0.45274725274725114,35,32,ENABLE
1785583349.689874,0.03948271915770185,0.5164835164835182,0.4879120879120862,35,32,ENABLE
1785583349.694857,0.042153047989623715,0.5384615384615401,0.5230769230769248,35,32,ENABLE
1785583349.6998606,0.04482337682154558,0.5164835164835182,0.5406593406593423,35,32,ENABLE
1785583349.704959,0.047493705653467444,0.5164835164835182,0.5670329670329686,35,32,ENABLE
1785583349.7099752,0.05054551003280672,0.560439560439562,0.5846153846153861,35,32,ENABLE
1785583349.7152617,0.05359731441214599,0.5824175824175839,0.6109890109890124,35,32,ENABLE
1785583349.7202485,0.056267643244067855,0.5384615384615401,0.6373626373626387,35,32,ENABLE
1785583349.7250383,0.05931944762340713,0.6263736263736277,0.6461538461538474,35,32,ENABLE
1785583349.7300355,0.06275272755016381,0.6483516483516496,0.6637362637362649,35,32,ENABLE
1785583349.7350798,0.0661860074769205,0.6483516483516496,0.6637362637362649,35,32,ENABLE
1785583349.740031,0.06961928740367718,0.6703296703296715,0.6901098901098912,35,32,ENABLE
1785583349.7450328,0.07305256733043386,0.6703296703296715,0.6989010989011,35,32,ENABLE
1785583349.7500885,0.07686732280460795,0.7362637362637372,0.6901098901098912,35,32,ENABLE
1785583349.755109,0.08068207827878204,0.7582417582417591,0.6813186813186825,35,32,ENABLE
1785583349.7600408,0.08487830930037354,0.8021978021978029,0.6813186813186825,35,32,ENABLE
1785583349.7650313,0.08945601586938245,0.8461538461538467,0.6813186813186825,35,32,ENABLE
1785583349.7700315,0.09365224689097396,0.8681318681318686,0.6901098901098912,35,32,ENABLE
1785583349.7756727,0.09822995345998287,0.8461538461538467,0.6989010989011,35,32,ENABLE
1785583349.7800918,0.10204470893415696,0.8241758241758248,0.7252747252747263,35,32,ENABLE
1785583349.7849007,0.10585946440833105,0.8021978021978029,0.7252747252747263,35,32,ENABLE
1785583349.7899396,0.11005569542992255,0.8461538461538467,0.734065934065935,35,32,ENABLE
1785583349.7950323,0.11463340199893146,0.8901098901098905,0.734065934065935,35,32,ENABLE
1785583349.8000786,0.11921110856794037,0.8901098901098905,0.7252747252747263,35,32,ENABLE
1785583349.8050256,0.12378881513694928,0.8901098901098905,0.6989010989011,35,32,ENABLE
1785583349.8100352,0.1287479972533756,0.9560439560439562,0.6813186813186825,35,32,ENABLE
1785583349.8150487,0.13447013046463674,1.0439560439560438,0.6813186813186825,35,32,ENABLE
1785583349.8200336,0.13942931258106306,1.0659340659340657,0.6549450549450562,35,32,ENABLE
1785583349.825034,0.1447699702449068,1.0659340659340657,0.6461538461538474,35,32,ENABLE
1785583349.830038,0.15049210345616792,1.0439560439560438,0.6461538461538474,35,32,ENABLE
1785583349.8350344,0.15545128557259424,1.021978021978022,0.6461538461538474,35,32,ENABLE
1785583349.840068,0.16041046768902056,1.0439560439560438,0.6549450549450562,35,32,ENABLE
1785583349.8450422,0.16536964980544688,1.0,0.6373626373626387,35,32,ENABLE
1785583349.8500183,0.17147325856412543,1.0879120879120876,0.6109890109890124,35,32,ENABLE
1785583349.8550334,0.17681391622796916,1.1098901098901095,0.6109890109890124,35,32,ENABLE
1785583349.860037,0.1821545738918129,1.0659340659340657,0.5934065934065949,35,32,ENABLE
1785583349.8650312,0.18787670710307403,1.1318681318681314,0.5846153846153861,35,32,ENABLE
1785583349.8700728,0.19359884031433516,1.1538461538461533,0.5758241758241773,35,32,ENABLE
1785583349.8750343,0.1997024490730137,1.1318681318681314,0.5758241758241773,35,32,ENABLE
1785583349.8800297,0.20542458228427485,1.1758241758241752,0.5670329670329686,35,32,ENABLE
1785583349.885034,0.21076523994811858,1.1098901098901095,0.5670329670329686,35,32,ENABLE
1785583349.8900425,0.2161058976119623,1.0659340659340657,0.5582417582417598,35,32,ENABLE
1785583349.8950305,0.22182803082322344,1.1318681318681314,0.549450549450551,35,32,ENABLE
1785583349.9000306,0.22716868848706717,1.0879120879120876,0.5230769230769248,35,32,ENABLE
1785583349.9050388,0.23365377279316313,1.1758241758241752,0.514285714285716,35,32,ENABLE
1785583349.9100375,0.23937590600442427,1.1538461538461533,0.514285714285716,35,32,ENABLE
1785583349.9150403,0.2454795147631028,1.1538461538461533,0.5054945054945073,35,32,ENABLE
1785583349.920018,0.2508201724269483,1.1318681318681314,0.514285714285716,35,32,ENABLE
1785583349.9250479,0.25654230563820946,1.0879120879120876,0.5230769230769248,35,32,ENABLE
1785583349.930037,0.2615014877546358,1.0659340659340657,0.514285714285716,35,32,ENABLE
1785583349.9350307,0.2672236209658969,1.0879120879120876,0.5230769230769248,35,32,ENABLE
1785583349.9400077,0.27256427862974064,1.0659340659340657,0.5230769230769248,35,32,ENABLE
1785583349.945037,0.27790493629358437,1.0659340659340657,0.5054945054945073,35,32,ENABLE
1785583349.9500444,0.2836270695048455,1.0879120879120876,0.5054945054945073,35,32,ENABLE
1785583349.9550695,0.28934920271610665,1.1318681318681314,0.5054945054945073,35,32,ENABLE
1785583349.9600306,0.2946898603799504,1.1098901098901095,0.5054945054945073,35,32,ENABLE
1785583349.9650357,0.3000305180437941,1.0659340659340657,0.5230769230769248,35,32,ENABLE
1785583349.970084,0.304608224612803,0.9780219780219781,0.549450549450551,35,32,ENABLE
1785583349.9750319,0.3091859311818119,0.9340659340659343,0.5846153846153861,35,32,ENABLE
1785583349.980027,0.31414511329823824,0.9340659340659343,0.6021978021978036,35,32,ENABLE
1785583349.9850273,0.31834134431982974,0.9340659340659343,0.6197802197802211,35,32,ENABLE
1785583349.9900763,0.32291905088883865,0.8901098901098905,0.6373626373626387,35,32,ENABLE
1785583349.995037,0.32749675745784756,0.8901098901098905,0.6461538461538474,35,32,ENABLE
1785583350.0000305,0.3324559395742739,0.9340659340659343,0.6549450549450562,35,32,ENABLE
1785583350.0050342,0.3370336461432828,0.9340659340659343,0.6461538461538474,35,32,ENABLE
1785583350.0100594,0.3419928282597091,0.9340659340659343,0.6813186813186825,35,32,ENABLE
1785583350.0150304,0.3461890592813006,0.9340659340659343,0.7076923076923087,35,32,ENABLE
1785583350.0200343,0.3507667658503095,0.8901098901098905,0.734065934065935,35,32,ENABLE
1785583350.025029,0.3545815213244836,0.8461538461538467,0.7604395604395613,35,32,ENABLE
1785583350.0300682,0.3587777523460751,0.8241758241758248,0.7956043956043963,35,32,ENABLE
1785583350.0351279,0.3629739833676666,0.8461538461538467,0.8043956043956051,35,32,ENABLE
1785583350.0402148,0.3671702143892581,0.8461538461538467,0.8307692307692314,35,32,ENABLE
1785583350.0452027,0.3713664454108496,0.8461538461538467,0.8307692307692314,35,32,ENABLE
1785583350.0502274,0.3755626764324411,0.8681318681318686,0.8395604395604401,35,32,ENABLE
1785583350.0552285,0.38014038300145003,0.9120879120879124,0.8483516483516489,35,32,ENABLE
1785583350.0602083,0.38433661402304153,0.9120879120879124,0.8483516483516489,35,32,ENABLE
1785583350.0652,0.38891432059205044,0.9120879120879124,0.8571428571428577,35,32,ENABLE
1785583350.0702293,0.39311055161364195,0.8461538461538467,0.8835164835164839,35,32,ENABLE
1785583350.0752528,0.39730678263523345,0.8241758241758248,0.9098901098901102,35,32,ENABLE
1785583350.080206,0.40150301365682495,0.780219780219781,0.9362637362637365,35,32,ENABLE
1785583350.0852003,0.40531776913099904,0.8021978021978029,0.9626373626373628,35,32,ENABLE
1785583350.0901809,0.40951400015259054,0.780219780219781,0.989010989010989,35,32,ENABLE
1785583350.0952318,0.41332875562676463,0.7582417582417591,1.0065934065934066,35,32,ENABLE
1785583350.1001668,0.41752498664835613,0.780219780219781,1.024175824175824,35,32,ENABLE
1785583350.1052017,0.42172121766994763,0.8241758241758248,1.024175824175824,35,32,ENABLE
1785583350.1101773,0.42591744869153914,0.8241758241758248,1.024175824175824,35,32,ENABLE
1785583350.1152105,0.43049515526054805,0.8681318681318686,1.0153846153846153,35,32,ENABLE
1785583350.1201665,0.43545433737697437,0.9120879120879124,1.024175824175824,35,32,ENABLE
1785583350.1251829,0.4404135194934007,0.9560439560439562,1.0329670329670328,35,32,ENABLE
1785583350.1302059,0.4449912260624096,0.9560439560439562,1.0505494505494504,35,32,ENABLE
1785583350.1352057,0.4495689326314185,0.9120879120879124,1.0593406593406591,35,32,ENABLE
1785583350.1402154,0.4541466392004274,0.9120879120879124,1.068131868131868,35,32,ENABLE
1785583350.1452053,0.4587243457694363,0.9120879120879124,1.0769230769230766,35,32,ENABLE
1785583350.150183,0.46330205233844524,0.9120879120879124,1.0857142857142854,35,32,ENABLE
1785583350.1552114,0.46787975890745415,0.9120879120879124,1.0857142857142854,35,32,ENABLE
1785583350.1602302,0.4732204165712979,0.9340659340659343,1.068131868131868,35,32,ENABLE
1785583350.1652272,0.4781795986877242,1.021978021978022,1.0505494505494504,35,32,ENABLE
1785583350.1702294,0.48390173189898533,1.0659340659340657,1.0417582417582416,35,32,ENABLE
1785583350.1751323,0.48924238956282906,1.1098901098901095,1.0417582417582416,35,32,ENABLE
1785583350.1800647,0.4945830472266728,1.0659340659340657,1.0505494505494504,35,32,ENABLE
1785583350.1850328,0.4991607537956817,0.9780219780219781,1.0857142857142854,35,32,ENABLE
1785583350.1900399,0.5037384603646906,0.8901098901098905,1.1120879120879117,35,32,ENABLE
1785583350.1950347,0.5079346913862821,0.8681318681318686,1.1560439560439555,35,32,ENABLE
1785583350.200029,0.5121309224078736,0.8461538461538467,1.1648351648351642,35,32,ENABLE
1785583350.2050276,0.5170901045242999,0.8901098901098905,1.173626373626373,35,32,ENABLE
1785583350.210074,0.5216678110933088,0.9340659340659343,1.1648351648351642,35,32,ENABLE
1785583350.2150311,0.5266269932097352,0.9560439560439562,1.1560439560439555,35,32,ENABLE
1785583350.2200713,0.5319676508735789,1.0,1.1560439560439555,35,32,ENABLE
1785583350.2250683,0.5369268329900052,1.021978021978022,1.138461538461538,35,32,ENABLE
1785583350.2300577,0.5422674906538489,1.0659340659340657,1.1472527472527467,35,32,ENABLE
1785583350.2350378,0.5472266727702753,1.0439560439560438,1.1472527472527467,35,32,ENABLE
1785583350.2400343,0.5521858548867016,1.0,1.1648351648351642,35,32,ENABLE
1785583350.245029,0.5571450370031279,0.9340659340659343,1.1824175824175818,35,32,ENABLE
1785583350.2500482,0.5621042191195542,0.9560439560439562,1.1824175824175818,35,32,ENABLE
1785583350.2550294,0.5670634012359805,0.9780219780219781,1.1912087912087905,35,32,ENABLE
1785583350.2600307,0.5716411078049894,0.9560439560439562,1.1912087912087905,35,32,ENABLE
1785583350.2650654,0.5769817654688332,1.0,1.173626373626373,35,32,ENABLE
1785583350.2700915,0.5827038986800943,1.0879120879120876,1.1648351648351642,35,32,ENABLE
1785583350.2750318,0.5884260318913554,1.0879120879120876,1.1472527472527467,35,32,ENABLE
1785583350.280035,0.5937666895551992,1.0659340659340657,1.1560439560439555,35,32,ENABLE
1785583350.2850287,0.5987258716716255,1.0439560439560438,1.1912087912087905,35,32,ENABLE
1785583350.290053,0.6033035782406344,0.9560439560439562,1.2175824175824168,35,32,ENABLE
1785583350.2950282,0.6078812848096433,0.9120879120879124,1.2527472527472518,35,32,ENABLE
1785583350.3000362,0.6120775158312348,0.8901098901098905,1.2703296703296694,35,32,ENABLE
1785583350.3050268,0.6166552224002437,0.9120879120879124,1.2791208791208781,35,32,ENABLE
1785583350.3100574,0.6212329289692526,0.8681318681318686,1.287912087912087,35,32,ENABLE
1785583350.3150604,0.626192111085679,0.9120879120879124,1.2703296703296694,35,32,ENABLE
1785583350.3200912,0.6315327687495227,1.0,1.2703296703296694,35,32,ENABLE
1785583350.3250387,0.6361104753185316,0.9780219780219781,1.287912087912087,35,32,ENABLE
1785583350.3301287,0.6406881818875405,0.9560439560439562,1.3142857142857132,35,32,ENABLE
1785583350.3350253,0.6452658884565494,0.9120879120879124,1.3406593406593394,35,32,ENABLE
1785583350.3400319,0.6498435950255583,0.8681318681318686,1.358241758241757,35,32,ENABLE
1785583350.3450322,0.6544213015945672,0.8681318681318686,1.358241758241757,35,32,ENABLE
1785583350.3500571,0.6589990081635761,0.9120879120879124,1.3494505494505482,35,32,ENABLE
1785583350.3550334,0.6643396658274199,0.9780219780219781,1.3494505494505482,35,32,ENABLE
1785583350.3600318,0.6692988479438462,1.0,1.3406593406593394,35,32,ENABLE
1785583350.365016,0.6742580300602725,0.9780219780219781,1.3406593406593394,35,32,ENABLE
1785583350.370028,0.6792172121766988,0.9780219780219781,1.323076923076922,35,32,ENABLE
1785583350.3750312,0.6841763942931252,1.0,1.3494505494505482,35,32,ENABLE
1785583350.380036,0.6891355764095515,1.0,1.358241758241757,35,32,ENABLE
1785583350.385035,0.6937132829785604,0.9340659340659343,1.3758241758241745,35,32,ENABLE
1785583350.3900306,0.6982909895475693,0.9120879120879124,1.4021978021978008,35,32,ENABLE
1785583350.395075,0.7024872205691608,0.8461538461538467,1.4461538461538446,35,32,ENABLE
1785583350.4000282,0.7066834515907523,0.8021978021978029,1.4813186813186796,35,32,ENABLE
1785583350.4050353,0.7108796826123438,0.8021978021978029,1.4989010989010971,35,32,ENABLE
1785583350.4100344,0.7150759136339353,0.8461538461538467,1.4989010989010971,35,32,ENABLE
1785583350.415089,0.7200350957503616,0.9120879120879124,1.4901098901098884,35,32,ENABLE
1785583350.420033,0.7246128023193705,0.9560439560439562,1.4725274725274708,35,32,ENABLE
1785583350.4250276,0.7295719844357968,0.9780219780219781,1.4725274725274708,35,32,ENABLE
1785583350.430069,0.7345311665522232,0.9560439560439562,1.4813186813186796,35,32,ENABLE
1785583350.4350607,0.7391088731212321,0.9340659340659343,1.4989010989010971,35,32,ENABLE
1785583350.44003,0.743686579690241,0.8901098901098905,1.525274725274727,35,32,ENABLE
1785583350.4450376,0.7478828107118325,0.8681318681318686,1.5428571428571445,35,32,ENABLE
1785583350.4500725,0.7524605172808432,0.8901098901098905,1.5692307692307708,35,32,ENABLE
1785583350.455029,0.7566567483024347,0.8901098901098905,1.5780219780219795,35,32,ENABLE
1785583350.4600282,0.7608529793240262,0.8901098901098905,1.595604395604397,35,32,ENABLE
1785583350.4650338,0.7654306858930351,0.8241758241758248,1.595604395604397,35,32,ENABLE
1785583350.47003,0.7696269169146266,0.8681318681318686,1.595604395604397,35,32,ENABLE
1785583350.4751098,0.7742046234836355,0.8901098901098905,1.6043956043956058,35,32,ENABLE
1785583350.4800363,0.7791638056000618,0.9120879120879124,1.5868131868131883,35,32,ENABLE
1785583350.4850342,0.7837415121690707,0.9560439560439562,1.595604395604397,35,32,ENABLE
1785583350.4900732,0.7890821698329145,1.0,1.5868131868131883,35,32,ENABLE
1785583350.4950387,0.7936598764019234,0.9780219780219781,1.595604395604397,35,32,ENABLE
1785583350.5000262,0.7982375829709323,0.9120879120879124,1.6043956043956058,35,32,ENABLE
1785583350.505037,0.8028152895399412,0.8901098901098905,1.630769230769232,35,32,ENABLE
1785583350.5100212,0.8073929961089501,0.9340659340659343,1.630769230769232,35,32,ENABLE
1785583350.5150359,0.8123521782253764,0.9340659340659343,1.630769230769232,35,32,ENABLE
1785583350.5200603,0.8169298847943853,0.9120879120879124,1.630769230769232,35,32,ENABLE
1785583350.5250292,0.8218890669108116,0.9560439560439562,1.6131868131868146,35,32,ENABLE
1785583350.5300689,0.826848249027238,0.9560439560439562,1.6219780219780233,35,32,ENABLE
1785583350.5350373,0.8318074311436643,1.0,1.6131868131868146,35,32,ENABLE
1785583350.5400338,0.8367666132600906,0.9780219780219781,1.6131868131868146,35,32,ENABLE
1785583350.5450242,0.8417257953765169,0.9780219780219781,1.6131868131868146,35,32,ENABLE
1785583350.5500314,0.8466849774929432,1.0,1.630769230769232,35,32,ENABLE
1785583350.555029,0.8512626840619522,0.9340659340659343,1.6395604395604408,35,32,ENABLE
1785583350.5600023,0.8558403906309611,0.9120879120879124,1.6483516483516496,35,32,ENABLE
1785583350.56503,0.86041809719997,0.9120879120879124,1.6571428571428584,35,32,ENABLE
1785583350.5700855,0.8649958037689789,0.9120879120879124,1.6483516483516496,35,32,ENABLE
1785583350.5750687,0.8703364614328226,0.9560439560439562,1.6395604395604408,35,32,ENABLE
1785583350.580213,0.8752956435492489,0.9780219780219781,1.6395604395604408,35,32,ENABLE
1785583350.5852604,0.8802548256656753,1.0,1.6219780219780233,35,32,ENABLE
1785583350.590209,0.8848325322346842,0.9780219780219781,1.630769230769232,35,32,ENABLE
1785583350.5952077,0.8897917143511105,0.9340659340659343,1.6483516483516496,35,32,ENABLE
1785583350.6002116,0.8943694209201194,0.9120879120879124,1.6659340659340671,35,32,ENABLE
1785583350.6052258,0.8985656519417109,0.8461538461538467,1.7010989010989022,35,32,ENABLE
1785583350.610205,0.9027618829633024,0.8241758241758248,1.7186813186813197,35,32,ENABLE
1785583350.6151874,0.9065766384374765,0.780219780219781,1.7362637362637372,35,32,ENABLE
1785583350.620201,0.9111543450064854,0.8241758241758248,1.7538461538461547,35,32,ENABLE
1785583350.625182,0.9153505760280769,0.8461538461538467,1.745054945054946,35,32,ENABLE
1785583350.6301851,0.9203097581445032,0.9340659340659343,1.7186813186813197,35,32,ENABLE
1785583350.6351862,0.9248874647135121,0.9780219780219781,1.6923076923076934,35,32,ENABLE
1785583350.6401844,0.9298466468299385,0.9560439560439562,1.6835164835164846,35,32,ENABLE
1785583350.6451826,0.9348058289463648,0.9560439560439562,1.6835164835164846,35,32,ENABLE
1785583350.6502163,0.9393835355153737,0.9120879120879124,1.7010989010989022,35,32,ENABLE
1785583350.6551342,0.9435797665369652,0.8681318681318686,1.7274725274725284,35,32,ENABLE
1785583350.6601481,0.9477759975585567,0.8681318681318686,1.7538461538461547,35,32,ENABLE
1785583350.6653016,0.9519722285801482,0.8021978021978029,1.7626373626373635,35,32,ENABLE
1785583350.6702201,0.9557869840543223,0.8241758241758248,1.7714285714285722,35,32,ENABLE
1785583350.6752036,0.9603646906233312,0.8021978021978029,1.780219780219781,35,32,ENABLE
1785583350.6801887,0.9645609216449227,0.8241758241758248,1.7890109890109898,35,32,ENABLE
1785583350.685208,0.9683756771190968,0.8241758241758248,1.7890109890109898,35,32,ENABLE
1785583350.6902301,0.9729533836881057,0.8241758241758248,1.780219780219781,35,32,ENABLE
1785583350.6951835,0.9771496147096972,0.8461538461538467,1.780219780219781,35,32,ENABLE
1785583350.700201,0.9817273212787061,0.8901098901098905,1.7890109890109898,35,32,ENABLE
1785583350.7051816,0.9859235523002976,0.8901098901098905,1.7890109890109898,35,32,ENABLE
1785583350.710185,0.9905012588693065,0.8681318681318686,1.7978021978021985,35,32,ENABLE
1785583350.7152042,0.994697489890898,0.8461538461538467,1.815384615384616,35,32,ENABLE
1785583350.7201278,0.9985122453650721,0.7582417582417591,1.8241758241758248,35,32,ENABLE
1785583350.7251513,1.0023270008392462,0.8021978021978029,1.8417582417582423,35,32,ENABLE
1785583350.7302277,1.0065232318608377,0.780219780219781,1.850549450549451,35,32,ENABLE
1785583350.7352488,1.0107194628824292,0.8021978021978029,1.8593406593406598,35,32,ENABLE
1785583350.7402146,1.0145342183566033,0.780219780219781,1.850549450549451,35,32,ENABLE
1785583350.745207,1.0187304493781948,0.8021978021978029,1.8593406593406598,35,32,ENABLE
1785583350.7501612,1.0225452048523689,0.780219780219781,1.8593406593406598,35,32,ENABLE
1785583350.7552319,1.0267414358739604,0.8021978021978029,1.8681318681318686,35,32,ENABLE
1785583350.760182,1.0305561913481345,0.780219780219781,1.8681318681318686,35,32,ENABLE
1785583350.7652047,1.034752422369726,0.7582417582417591,1.8857142857142861,35,32,ENABLE
1785583350.7702029,1.0385671778439,0.780219780219781,1.8857142857142861,35,32,ENABLE
1785583350.7752173,1.0423819333180742,0.7362637362637372,1.9032967032967036,35,32,ENABLE
1785583350.780201,1.0461966887922483,0.7362637362637372,1.9208791208791212,35,32,ENABLE
1785583350.7851338,1.049629968719005,0.6703296703296715,1.9472527472527474,35,32,ENABLE
1785583350.7902067,1.053444724193179,0.7362637362637372,1.9560439560439562,35,32,ENABLE
1785583350.7952166,1.0572594796673531,0.7362637362637372,1.964835164835165,35,32,ENABLE
1785583350.8001568,1.0610742351415272,0.780219780219781,1.9472527472527474,35,32,ENABLE
1785583350.8051798,1.0648889906157013,0.780219780219781,1.9472527472527474,35,32,ENABLE
1785583350.8101287,1.0690852216372928,0.8021978021978029,1.92967032967033,35,32,ENABLE
1785583350.8151844,1.0732814526588843,0.8461538461538467,1.9120879120879124,35,32,ENABLE
1785583350.820454,1.0774776836804758,0.8681318681318686,1.9032967032967036,35,32,ENABLE
1785583350.8252068,1.0816739147020673,0.8241758241758248,1.9032967032967036,35,32,ENABLE
1785583350.830132,1.0854886701762414,0.8241758241758248,1.9032967032967036,35,32,ENABLE
1785583350.8351853,1.089684901197833,0.8241758241758248,1.9208791208791212,35,32,ENABLE
1785583350.840171,1.093499656672007,0.780219780219781,1.92967032967033,35,32,ENABLE
1785583350.8451278,1.0969329365987637,0.7362637362637372,1.9472527472527474,35,32,ENABLE
1785583350.8501751,1.1007476920729378,0.6923076923076934,1.9736263736263737,35,32,ENABLE
1785583350.8551836,1.1041809719996944,0.7142857142857153,1.9912087912087912,35,32,ENABLE
1785583350.8601618,1.1076142519264511,0.6703296703296715,1.9912087912087912,35,32,ENABLE
1785583350.8651843,1.1114290074006252,0.7362637362637372,1.9736263736263737,35,32,ENABLE
1785583350.8702023,1.1152437628747993,0.7362637362637372,1.9736263736263737,35,32,ENABLE
1785583350.8751311,1.1190585183489734,0.7362637362637372,1.9560439560439562,35,32,ENABLE
1785583350.880137,1.1228732738231475,0.7362637362637372,1.9472527472527474,35,32,ENABLE
1785583350.8851857,1.127069504844739,0.780219780219781,1.92967032967033,35,32,ENABLE
1785583350.890126,1.130884260318913,0.780219780219781,1.92967032967033,35,32,ENABLE
1785583350.895131,1.1350804913405046,0.780219780219781,1.92967032967033,35,32,ENABLE
1785583350.9001873,1.1388952468146787,0.7582417582417591,1.9384615384615387,35,32,ENABLE
1785583350.9052143,1.1423285267414354,0.7142857142857153,1.9560439560439562,35,32,ENABLE
1785583350.910211,1.145761806668192,0.7142857142857153,1.964835164835165,35,32,ENABLE
1785583350.9152238,1.1491950865949487,0.6703296703296715,1.9824175824175825,35,32,ENABLE
1785583350.9202566,1.1526283665217054,0.6483516483516496,2.0,35,32,ENABLE
1785583350.9252174,1.156061646448462,0.6703296703296715,2.0,35,32,ENABLE
1785583350.9302073,1.1591134508278014,0.6483516483516496,1.9912087912087912,35,32,ENABLE
1785583350.9351833,1.162546730754558,0.6483516483516496,1.9912087912087912,35,32,ENABLE
1785583350.940185,1.1655985351338973,0.6703296703296715,2.0,35,32,ENABLE
1785583350.9452143,1.1694132906080714,0.7142857142857153,1.9912087912087912,35,32,ENABLE
1785583350.9502063,1.172846570534828,0.6923076923076934,1.9736263736263737,35,32,ENABLE
1785583350.9551792,1.1766613260090022,0.7142857142857153,1.964835164835165,35,32,ENABLE
1785583350.9601855,1.1804760814831763,0.7582417582417591,1.9472527472527474,35,32,ENABLE
1785583350.9651303,1.183909361409933,0.7362637362637372,1.9384615384615387,35,32,ENABLE
1785583350.970205,1.187724116884107,0.7362637362637372,1.9384615384615387,35,32,ENABLE
1785583350.9751818,1.1915388723582812,0.7362637362637372,1.9384615384615387,35,32,ENABLE
1785583350.9801288,1.1953536278324552,0.7362637362637372,1.92967032967033,35,32,ENABLE
1785583350.9852216,1.198786907759212,0.7142857142857153,1.9472527472527474,35,32,ENABLE
1785583350.9902194,1.202601663233386,0.7142857142857153,1.9384615384615387,35,32,ENABLE
1785583350.9951806,1.2056534676127253,0.6923076923076934,1.92967032967033,35,32,ENABLE
1785583351.0002182,1.209086747539482,0.6483516483516496,1.9384615384615387,35,32,ENABLE
1785583351.0051296,1.2121385519188212,0.6043956043956058,1.9472527472527474,35,32,ENABLE
1785583351.010231,1.2151903562981605,0.6043956043956058,1.9560439560439562,35,32,ENABLE
1785583351.0151825,1.2182421606774998,0.6263736263736277,1.9472527472527474,35,32,ENABLE
1785583351.0201323,1.221293965056839,0.560439560439562,1.9472527472527474,35,32,ENABLE
1785583351.0251257,1.223964293888761,0.560439560439562,1.964835164835165,35,32,ENABLE
1785583351.0301611,1.2273975738155176,0.6263736263736277,1.964835164835165,35,32,ENABLE
1785583351.0352032,1.230449378194857,0.6043956043956058,1.9560439560439562,35,32,ENABLE
1785583351.0401316,1.2327382314793613,0.5164835164835182,1.964835164835165,35,32,ENABLE
1785583351.0451279,1.236171511406118,0.6043956043956058,1.964835164835165,35,32,ENABLE
1785583351.0502279,1.23884184023804,0.5824175824175839,1.964835164835165,35,32,ENABLE
1785583351.0551841,1.2415121690699618,0.5164835164835182,1.9560439560439562,35,32,ENABLE
1785583351.0601275,1.244563973449301,0.560439560439562,1.964835164835165,35,32,ENABLE
1785583351.0651264,1.2476157778286403,0.5824175824175839,1.9560439560439562,35,32,ENABLE
1785583351.0701299,1.250286106660564,0.560439560439562,1.9472527472527474,35,32,ENABLE
1785583351.075216,1.2533379110399032,0.5384615384615401,1.9472527472527474,35,32,ENABLE
1785583351.0801392,1.2563897154192425,0.6043956043956058,1.9472527472527474,35,32,ENABLE
1785583351.085129,1.2594415197985818,0.6043956043956058,1.9384615384615387,35,32,ENABLE
1785583351.0901325,1.2621118486305036,0.5384615384615401,1.92967032967033,35,32,ENABLE
1785583351.0951698,1.265163653009843,0.5824175824175839,1.9208791208791212,35,32,ENABLE
1785583351.1001863,1.2682154573891822,0.6043956043956058,1.9032967032967036,35,32,ENABLE
1785583351.1051264,1.2712672617685215,0.6043956043956058,1.8681318681318686,35,32,ENABLE
1785583351.1101277,1.2743190661478607,0.5824175824175839,1.8593406593406598,35,32,ENABLE
1785583351.1152284,1.2781338216220348,0.6703296703296715,1.8241758241758248,35,32,ENABLE
1785583351.1201584,1.281185626001374,0.6703296703296715,1.815384615384616,35,32,ENABLE
1785583351.125184,1.2850003814755482,0.6703296703296715,1.7978021978021985,35,32,ENABLE
1785583351.1301346,1.2880521858548875,0.6483516483516496,1.780219780219781,35,32,ENABLE
1785583351.1351898,1.290341039139392,0.5384615384615401,1.7978021978021985,35,32,ENABLE
1785583351.1401885,1.2937743190661486,0.6043956043956058,1.7890109890109898,35,32,ENABLE
1785583351.1451242,1.2964446478980705,0.5384615384615401,1.7978021978021985,35,32,ENABLE
1785583351.1501584,1.2983520256351575,0.4285714285714306,1.815384615384616,35,32,ENABLE
1785583351.1551826,1.3014038300144968,0.5384615384615401,1.8065934065934073,35,32,ENABLE
1785583351.1602745,1.3033112077515838,0.4505494505494525,1.815384615384616,35,32,ENABLE
1785583351.1652148,1.3059815365835057,0.4505494505494525,1.8241758241758248,35,32,ENABLE
1785583351.1752985,1.3101777676050972,0.4505494505494525,1.8241758241758248,35,32,ENABLE
1785583351.1784503,1.310940718699932,0.3626373626373649,1.8329670329670336,35,32,ENABLE
1785583351.1815321,1.3124666208896016,0.3846153846153868,1.8241758241758248,35,32,ENABLE
1785583351.1846275,1.3136110475318539,0.4065934065934087,1.8241758241758248,35,32,ENABLE
1785583351.189485,1.3151369497215235,0.3186813186813211,1.850549450549451,35,32,ENABLE
1785583351.1944842,1.3178072785534454,0.4505494505494525,1.8241758241758248,35,32,ENABLE
1785583351.1995108,1.319333180743115,0.4065934065934087,1.8241758241758248,35,32,ENABLE
1785583351.204613,1.3220035095750369,0.4285714285714306,1.8065934065934073,35,32,ENABLE
1785583351.2093737,1.3235294117647065,0.4065934065934087,1.8065934065934073,35,32,ENABLE
1785583351.2143772,1.325818265049211,0.4285714285714306,1.7890109890109898,35,32,ENABLE
1785583351.2193694,1.3284885938811328,0.4725274725274744,1.780219780219781,35,32,ENABLE
1785583351.2244809,1.3303959716182199,0.4285714285714306,1.7538461538461547,35,32,ENABLE
1785583351.2303252,1.3334477759975591,0.4285714285714306,1.745054945054946,35,32,ENABLE
1785583351.2353227,1.3357366292820636,0.4505494505494525,1.7362637362637372,35,32,ENABLE
1785583351.2402422,1.3372625314717332,0.3626373626373649,1.745054945054946,35,32,ENABLE
1785583351.2452521,1.3384069581139855,0.2527472527472554,1.7890109890109898,35,32,ENABLE
1785583351.2500012,1.3384069581139855,0.120879120879124,1.8681318681318686,35,32,ENABLE
1785583351.2550247,1.3384069581139855,-0.010989010989014503,1.92967032967033,35,32,ENABLE
1785583351.25997,1.338025482566568,-0.0769230769230802,2.0,35,32,ENABLE
1785583351.2650084,1.3372625314717332,-0.120879120879124,2.0263736263736263,35,32,ENABLE
1785583351.269976,1.3372625314717332,-0.0329670329670364,2.035164835164835,35,32,ENABLE
1785583351.2749786,1.3372625314717332,-0.0549450549450583,2.0615384615384613,35,32,ENABLE
1785583351.2801883,1.3368810559243158,-0.0329670329670364,2.079120879120879,35,32,ENABLE
1785583351.28528,1.3368810559243158,-0.0549450549450583,2.0879120879120876,35,32,ENABLE
1785583351.2900019,1.3364995803768984,-0.0329670329670364,2.0967032967032964,35,32,ENABLE
1785583351.2949722,1.3364995803768984,-0.0329670329670364,2.105494505494505,35,32,ENABLE
1785583351.299966,1.3364995803768984,-0.010989010989014503,2.105494505494505,35,32,ENABLE
1785583351.3049707,1.3364995803768984,-0.010989010989014503,2.114285714285714,35,32,ENABLE
1785583351.3101752,1.3364995803768984,-0.010989010989014503,2.114285714285714,35,32,ENABLE
1785583351.315204,1.3368810559243158,-0.010989010989014503,2.1230769230769226,35,32,ENABLE
1785583351.3199675,1.3368810559243158,0.010989010989014503,2.1230769230769226,35,32,ENABLE
1785583351.3249695,1.3368810559243158,0.0329670329670364,2.1230769230769226,35,32,ENABLE
1785583351.3300104,1.3368810559243158,-0.0329670329670364,2.1318681318681314,35,32,ENABLE
1785583351.3350112,1.3368810559243158,0.010989010989014503,2.1318681318681314,35,32,ENABLE
1785583351.340003,1.3372625314717332,-0.010989010989014503,2.14065934065934,35,32,ENABLE
1785583351.3449664,1.3372625314717332,-0.010989010989014503,2.149450549450549,35,32,ENABLE
1785583351.3500097,1.3372625314717332,0.010989010989014503,2.149450549450549,35,32,ENABLE
1785583351.354987,1.3372625314717332,-0.010989010989014503,2.1582417582417577,35,32,ENABLE
1785583351.3600056,1.3372625314717332,0.010989010989014503,2.1670329670329664,35,32,ENABLE
1785583351.3649805,1.3372625314717332,-0.010989010989014503,2.1582417582417577,35,32,ENABLE
1785583351.3700182,1.3368810559243158,-0.0329670329670364,2.1582417582417577,35,32,ENABLE
1785583351.3750134,1.3372625314717332,-0.010989010989014503,2.1670329670329664,35,32,ENABLE
1785583351.3799675,1.3372625314717332,-0.010989010989014503,2.1670329670329664,35,32,ENABLE
1785583351.385025,1.3372625314717332,-0.0329670329670364,2.1670329670329664,35,32,ENABLE
1785583351.3902118,1.3372625314717332,-0.010989010989014503,2.1582417582417577,35,32,ENABLE
1785583351.3952203,1.3372625314717332,-0.0329670329670364,2.149450549450549,35,32,ENABLE
1785583351.3999784,1.3372625314717332,-0.010989010989014503,2.149450549450549,35,32,ENABLE
1785583351.4049764,1.3372625314717332,0.010989010989014503,2.14065934065934,35,32,ENABLE
1785583351.4099672,1.3372625314717332,-0.010989010989014503,2.14065934065934,35,32,ENABLE
1785583351.4150305,1.3372625314717332,0.010989010989014503,2.1318681318681314,35,32,ENABLE
1785583351.4202087,1.3376440070191506,0.0329670329670364,2.1230769230769226,35,32,ENABLE
1785583351.425214,1.3376440070191506,0.010989010989014503,2.114285714285714,35,32,ENABLE
1785583351.4299788,1.3376440070191506,0.010989010989014503,2.105494505494505,35,32,ENABLE
1785583351.4350293,1.3376440070191506,0.010989010989014503,2.0967032967032964,35,32,ENABLE
1785583351.4399695,1.3376440070191506,-0.010989010989014503,2.0879120879120876,35,32,ENABLE
1785583351.4449744,1.338025482566568,0.010989010989014503,2.079120879120879,35,32,ENABLE
1785583351.4501748,1.338025482566568,0.010989010989014503,2.079120879120879,35,32,ENABLE
1785583351.4552336,1.338025482566568,-0.010989010989014503,2.0615384615384613,35,32,ENABLE
1785583351.460049,1.338025482566568,-0.010989010989014503,2.0527472527472526,35,32,ENABLE
1785583351.4650435,1.338025482566568,-0.010989010989014503,2.035164835164835,35,32,ENABLE
1785583351.4699907,1.338025482566568,0.010989010989014503,2.0087912087912088,35,32,ENABLE
1785583351.4749782,1.3384069581139855,0.0329670329670364,2.0,35,32,ENABLE
1785583351.48,1.3384069581139855,0.0329670329670364,1.9736263736263737,35,32,ENABLE
1785583351.484988,1.3387884336614029,0.0549450549450583,1.9560439560439562,35,32,ENABLE
1785583351.4899664,1.3391699092088203,0.0549450549450583,1.9384615384615387,35,32,ENABLE
1785583351.495067,1.3395513847562377,0.0329670329670364,1.9120879120879124,35,32,ENABLE
1785583351.50022,1.339932860303655,0.0549450549450583,1.8769230769230774,35,32,ENABLE
1785583351.5052104,1.34069581139849,0.120879120879124,1.8417582417582423,35,32,ENABLE
1785583351.509993,1.3410772869459073,0.120879120879124,1.8065934065934073,35,32,ENABLE
1785583351.514989,1.3418402380407422,0.120879120879124,1.7890109890109898,35,32,ENABLE
1785583351.520042,1.3418402380407422,0.0329670329670364,1.7890109890109898,35,32,ENABLE
1785583351.5250008,1.3418402380407422,0.010989010989014503,1.7714285714285722,35,32,ENABLE
1785583351.5299697,1.3418402380407422,-0.010989010989014503,1.7538461538461547,35,32,ENABLE
1785583351.5349925,1.3418402380407422,0.010989010989014503,1.745054945054946,35,32,ENABLE
1785583351.5402596,1.3418402380407422,0.010989010989014503,1.7362637362637372,35,32,ENABLE
1785583351.5452626,1.3418402380407422,-0.0549450549450583,1.709890109890111,35,32,ENABLE
1785583351.5500093,1.3414587624933247,-0.0329670329670364,1.6923076923076934,35,32,ENABLE
1785583351.5549715,1.3418402380407422,-0.010989010989014503,1.6659340659340671,35,32,ENABLE
1785583351.5600102,1.3414587624933247,-0.010989010989014503,1.6483516483516496,35,32,ENABLE
1785583351.5650504,1.3414587624933247,-0.010989010989014503,1.6219780219780233,35,32,ENABLE
1785583351.5699708,1.3410772869459073,-0.0329670329670364,1.6043956043956058,35,32,ENABLE
1785583351.5750098,1.3410772869459073,-0.0549450549450583,1.5868131868131883,35,32,ENABLE
1785583351.5800438,1.34069581139849,-0.0329670329670364,1.5692307692307708,35,32,ENABLE
1785583351.585036,1.3403143358510725,-0.0549450549450583,1.5428571428571445,35,32,ENABLE
1785583351.589964,1.3395513847562377,-0.120879120879124,1.5428571428571445,35,32,ENABLE
1785583351.5949967,1.3384069581139855,-0.2087912087912116,1.560439560439562,35,32,ENABLE
1785583351.6002069,1.3372625314717332,-0.2527472527472554,1.560439560439562,35,32,ENABLE
1785583351.6052327,1.336118104829481,-0.2307692307692335,1.525274725274727,35,32,ENABLE
1785583351.6100256,1.3357366292820636,-0.120879120879124,1.4901098901098884,35,32,ENABLE
1785583351.6149712,1.3353551537346462,-0.120879120879124,1.4725274725274708,35,32,ENABLE
1785583351.6199625,1.334210727092394,-0.2307692307692335,1.4813186813186796,35,32,ENABLE
1785583351.624997,1.3326848249027243,-0.2747252747252773,1.4901098901098884,35,32,ENABLE
1785583351.6302218,1.331540398260472,-0.2527472527472554,1.4461538461538446,35,32,ENABLE
1785583351.6351347,1.3300144960708025,-0.2527472527472554,1.4549450549450533,35,32,ENABLE
1785583351.640004,1.3284885938811328,-0.3626373626373649,1.428571428571427,35,32,ENABLE
1785583351.6449964,1.3269626916914632,-0.2967032967032992,1.4197802197802183,35,32,ENABLE
1785583351.650009,1.3254367895017936,-0.3186813186813211,1.4461538461538446,35,32,ENABLE
1785583351.6549675,1.3235294117647065,-0.3186813186813211,1.4197802197802183,35,32,ENABLE
1785583351.659984,1.3220035095750369,-0.340659340659343,1.4109890109890095,35,32,ENABLE
1785583351.66499,1.3197146562905324,-0.4285714285714306,1.4197802197802183,35,32,ENABLE
1785583351.670217,1.3170443274586106,-0.4505494505494525,1.4373626373626358,35,32,ENABLE
1785583351.675176,1.314755474174106,-0.4505494505494525,1.428571428571427,35,32,ENABLE
1785583351.6800072,1.3132295719844365,-0.4285714285714306,1.4109890109890095,35,32,ENABLE
1785583351.6849732,1.3105592431525146,-0.4725274725274744,1.3846153846153832,35,32,ENABLE
1785583351.69004,1.3086518654154276,-0.4285714285714306,1.393406593406592,35,32,ENABLE
1785583351.694991,1.306363012130923,-0.4505494505494525,1.3494505494505482,35,32,ENABLE
1785583351.6999876,1.304455634393836,-0.3846153846153868,1.3318681318681307,35,32,ENABLE
1785583351.7049906,1.3021667811093316,-0.4505494505494525,1.3054945054945044,35,32,ENABLE
1785583351.7101545,1.3002594033722445,-0.4065934065934087,1.3054945054945044,35,32,ENABLE
1785583351.715185,1.29797055008774,-0.4285714285714306,1.2703296703296694,35,32,ENABLE
1785583351.7200398,1.2964446478980705,-0.3846153846153868,1.2527472527472518,35,32,ENABLE
1785583351.724971,1.2933928435187312,-0.5164835164835182,1.2527472527472518,35,32,ENABLE
1785583351.729968,1.2907225146868093,-0.560439560439562,1.2615384615384606,35,32,ENABLE
1785583351.7349892,1.2884336614023049,-0.4945054945054963,1.243956043956043,35,32,ENABLE
1785583351.740128,1.2853818570229656,-0.6043956043956058,1.243956043956043,35,32,ENABLE
1785583351.7451289,1.2823300526436263,-0.6043956043956058,1.2527472527472518,35,32,ENABLE
1785583351.7501462,1.2800411993591219,-0.5164835164835182,1.2527472527472518,35,32,ENABLE
1785583351.755011,1.2766079194323652,-0.5824175824175839,1.2527472527472518,35,32,ENABLE
1785583351.7599933,1.2731746395056085,-0.6703296703296715,1.2615384615384606,35,32,ENABLE
1785583351.7650454,1.2697413595788518,-0.7142857142857153,1.2351648351648343,35,32,ENABLE
1785583351.769991,1.2659266041046777,-0.7362637362637372,1.2615384615384606,35,32,ENABLE
1785583351.775039,1.262493324177921,-0.7362637362637372,1.2703296703296694,35,32,ENABLE
1785583351.7799811,1.2582970931563295,-0.780219780219781,1.2967032967032956,35,32,ENABLE
1785583351.784971,1.254100862134738,-0.8461538461538467,1.3054945054945044,35,32,ENABLE
1785583351.7901218,1.24914168001831,-0.9340659340659343,1.3318681318681307,35,32,ENABLE
1785583351.795212,1.244563973449301,-0.9560439560439562,1.3318681318681307,35,32,ENABLE
1785583351.800061,1.2403677424277095,-0.9560439560439562,1.3494505494505482,35,32,ENABLE
1785583351.8049707,1.236171511406118,-0.9120879120879124,1.3318681318681307,35,32,ENABLE
1785583351.8099675,1.2319752803845265,-0.9120879120879124,1.3406593406593394,35,32,ENABLE
1785583351.8150063,1.2270160982681002,-0.9340659340659343,1.3494505494505482,35,32,ENABLE
1785583351.820129,1.2224383916990913,-0.9120879120879124,1.3670329670329657,35,32,ENABLE
1785583351.8251884,1.2170977340352476,-1.0,1.3758241758241745,35,32,ENABLE
1785583351.8300633,1.2121385519188212,-1.0439560439560438,1.4021978021978008,35,32,ENABLE
1785583351.8349698,1.2067978942549775,-1.0879120879120876,1.4373626373626358,35,32,ENABLE
1785583351.8401237,1.2010757610437164,-1.0659340659340657,1.4461538461538446,35,32,ENABLE
1785583351.844983,1.1953536278324552,-1.1318681318681314,1.4549450549450533,35,32,ENABLE
1785583351.8500073,1.1900129701686115,-1.1318681318681314,1.4813186813186796,35,32,ENABLE
1785583351.8549848,1.1842908369573504,-1.1098901098901095,1.4813186813186796,35,32,ENABLE
1785583351.8601089,1.1785687037460892,-1.1318681318681314,1.4725274725274708,35,32,ENABLE
1785583351.8649895,1.1732280460822455,-1.1098901098901095,1.4813186813186796,35,32,ENABLE
1785583351.870037,1.1678873884184018,-1.0879120879120876,1.4901098901098884,35,32,ENABLE
1785583351.8749876,1.1621652552071406,-1.1538461538461533,1.5164835164835182,35,32,ENABLE
1785583351.8799984,1.156061646448462,-1.197802197802197,1.5516483516483532,35,32,ENABLE
1785583351.8850365,1.1495765621423661,-1.2637362637362628,1.5516483516483532,35,32,ENABLE
1785583351.8899827,1.1434729533836876,-1.197802197802197,1.560439560439562,35,32,ENABLE
1785583351.8949904,1.137369344625009,-1.219780219780219,1.560439560439562,35,32,ENABLE
1785583351.9000714,1.131647211413748,-1.197802197802197,1.5780219780219795,35,32,ENABLE
1785583351.9051864,1.1259250782024868,-1.1538461538461533,1.5428571428571445,35,32,ENABLE
1785583351.9101143,1.120584420538643,-1.1098901098901095,1.525274725274727,35,32,ENABLE
1785583351.9149728,1.1156252384222167,-1.0659340659340657,1.5340659340659357,35,32,ENABLE
1785583351.9199712,1.1099031052109556,-1.1098901098901095,1.5164835164835182,35,32,ENABLE
1785583351.9250414,1.1041809719996944,-1.1098901098901095,1.5164835164835182,35,32,ENABLE
1785583351.9299884,1.0984588387884333,-1.1318681318681314,1.5340659340659357,35,32,ENABLE
1785583351.9349725,1.0931181811245896,-1.1538461538461533,1.4989010989010971,35,32,ENABLE
1785583351.9400418,1.0873960479133284,-1.0659340659340657,1.4813186813186796,35,32,ENABLE
1785583351.945165,1.0816739147020673,-1.1098901098901095,1.4813186813186796,35,32,ENABLE
1785583351.9501517,1.0763332570382236,-1.1098901098901095,1.463736263736262,35,32,ENABLE
1785583351.9550045,1.0713740749217973,-1.0659340659340657,1.4461538461538446,35,32,ENABLE
1785583351.9599702,1.0656519417105361,-1.1318681318681314,1.4549450549450533,35,32,ENABLE
1785583351.964992,1.0603112840466924,-1.1318681318681314,1.4373626373626358,35,32,ENABLE
1785583351.9699717,1.0542076752880138,-1.1538461538461533,1.4373626373626358,35,32,ENABLE
1785583351.9749658,1.0484855420767527,-1.1758241758241752,1.4373626373626358,35,32,ENABLE
1785583351.9799647,1.0427634088654916,-1.1538461538461533,1.4109890109890095,35,32,ENABLE
1785583351.9851866,1.0370412756542304,-1.1318681318681314,1.393406593406592,35,32,ENABLE
1785583351.990206,1.0317006179903867,-1.1098901098901095,1.3670329670329657,35,32,ENABLE
1785583351.9949913,1.0267414358739604,-1.0659340659340657,1.3406593406593394,35,32,ENABLE
1785583351.9999862,1.0210193026626992,-1.1098901098901095,1.323076923076922,35,32,ENABLE
1785583352.0049667,1.015297169451438,-1.1318681318681314,1.3406593406593394,35,32,ENABLE
1785583352.01,1.009575036240177,-1.1538461538461533,1.323076923076922,35,32,ENABLE
1785583352.014987,1.0038529030289158,-1.1538461538461533,1.3142857142857132,35,32,ENABLE
1785583352.0199852,0.9981307698176547,-1.1538461538461533,1.2967032967032956,35,32,ENABLE
1785583352.0249686,0.9924086366063936,-1.1538461538461533,1.2791208791208781,35,32,ENABLE
1785583352.0300338,0.9866865033951324,-1.1538461538461533,1.2527472527472518,35,32,ENABLE
1785583352.0351853,0.9809643701838713,-1.1758241758241752,1.2263736263736256,35,32,ENABLE
1785583352.0401309,0.9752422369726101,-1.1318681318681314,1.2263736263736256,35,32,ENABLE
1785583352.0449672,0.969520103761349,-1.1758241758241752,1.1912087912087905,35,32,ENABLE
1785583352.0500278,0.9637979705500879,-1.1538461538461533,1.1912087912087905,35,32,ENABLE
1785583352.0549822,0.9576943617914093,-1.219780219780219,1.1999999999999993,35,32,ENABLE
1785583352.059968,0.9519722285801482,-1.219780219780219,1.1648351648351642,35,32,ENABLE
1785583352.0649855,0.9454871442740522,-1.197802197802197,1.138461538461538,35,32,ENABLE
1785583352.0699892,0.9393835355153737,-1.219780219780219,1.1296703296703292,35,32,ENABLE
1785583352.0752194,0.9328984512092777,-1.2857142857142847,1.1296703296703292,35,32,ENABLE
1785583352.080249,0.9267948424505992,-1.241758241758241,1.103296703296703,35,32,ENABLE
1785583352.085046,0.9206912336919206,-1.241758241758241,1.0945054945054942,35,32,ENABLE
1785583352.0899856,0.9142061493858247,-1.2857142857142847,1.0945054945054942,35,32,ENABLE
1785583352.0950074,0.9077210650797287,-1.3296703296703285,1.103296703296703,35,32,ENABLE
1785583352.0999877,0.9008545052262154,-1.3736263736263723,1.0945054945054942,35,32,ENABLE
1785583352.1049693,0.893987945372702,-1.3736263736263723,1.0857142857142854,35,32,ENABLE
1785583352.109983,0.8867399099717712,-1.3956043956043942,1.0857142857142854,35,32,ENABLE
1785583352.115176,0.8794918745708404,-1.417582417582416,1.068131868131868,35,32,ENABLE
1785583352.1201465,0.8730067902647445,-1.3296703296703285,1.0593406593406591,35,32,ENABLE
1785583352.124989,0.8665217059586485,-1.3736263736263723,1.0593406593406591,35,32,ENABLE
1785583352.1299655,0.8592736705577178,-1.417582417582416,1.0417582417582416,35,32,ENABLE
1785583352.1349955,0.852025635156787,-1.439560439560438,1.0417582417582416,35,32,ENABLE
1785583352.1400259,0.8443961242084388,-1.46153846153846,1.0417582417582416,35,32,ENABLE
1785583352.1449864,0.837148088807508,-1.5054945054945037,1.0417582417582416,35,32,ENABLE
1785583352.1499882,0.8295185778591598,-1.4835164835164818,1.024175824175824,35,32,ENABLE
1785583352.1549678,0.8218890669108116,-1.5274725274725256,1.0153846153846153,35,32,ENABLE
1785583352.1600742,0.8146410315098809,-1.5054945054945037,1.024175824175824,35,32,ENABLE
1785583352.1650338,0.8070115205615327,-1.5274725274725256,1.0329670329670328,35,32,ENABLE
1785583352.1699944,0.7993820096131845,-1.5274725274725256,1.0153846153846153,35,32,ENABLE
1785583352.1750014,0.7917524986648363,-1.5494505494505475,1.0153846153846153,35,32,ENABLE
1785583352.1800363,0.7833600366216533,-1.5714285714285694,1.0153846153846153,35,32,ENABLE
1785583352.184983,0.7757305256733051,-1.5714285714285694,0.9978021978021978,35,32,ENABLE
1785583352.189983,0.768101014724957,-1.5714285714285694,0.989010989010989,35,32,ENABLE
1785583352.1949794,0.7600900282291914,-1.5934065934065913,0.9978021978021978,35,32,ENABLE
1785583352.200038,0.7520790417334258,-1.6153846153846132,0.9802197802197803,35,32,ENABLE
1785583352.2052116,0.743686579690241,-1.659340659340657,0.9626373626373628,35,32,ENABLE
1785583352.2101502,0.7356755931944754,-1.6153846153846132,0.9626373626373628,35,32,ENABLE
1785583352.2151952,0.7276646066987098,-1.5934065934065913,0.9450549450549453,35,32,ENABLE
1785583352.2200282,0.7200350957503616,-1.5934065934065913,0.9274725274725277,35,32,ENABLE
1785583352.2249992,0.712024109254596,-1.637362637362635,0.9450549450549453,35,32,ENABLE
1785583352.2299817,0.703631647211413,-1.659340659340657,0.9362637362637365,35,32,ENABLE
1785583352.2349827,0.69523918516823,-1.659340659340657,0.9274725274725277,35,32,ENABLE
1785583352.239985,0.686846723125047,-1.681318681318679,0.918681318681319,35,32,ENABLE
1785583352.245209,0.6780727855344466,-1.681318681318679,0.918681318681319,35,32,ENABLE
1785583352.250169,0.670061799038681,-1.6153846153846132,0.8923076923076927,35,32,ENABLE
1785583352.2549982,0.6624322880903328,-1.6153846153846132,0.8835164835164839,35,32,ENABLE
1785583352.2599812,0.6540398260471498,-1.637362637362635,0.8659340659340664,35,32,ENABLE
1785583352.265007,0.6460288395513842,-1.637362637362635,0.8483516483516489,35,32,ENABLE
1785583352.2699783,0.6372549019607838,-1.681318681318679,0.8395604395604401,35,32,ENABLE
1785583352.2749822,0.6292439154650182,-1.659340659340657,0.8131868131868139,35,32,ENABLE
1785583352.279966,0.62161440451667,-1.5934065934065913,0.7868131868131876,35,32,ENABLE
1785583352.2852056,0.613221942473487,-1.5714285714285694,0.76923076923077,35,32,ENABLE
1785583352.2901857,0.6052109559777215,-1.6153846153846132,0.7428571428571438,35,32,ENABLE
1785583352.2950094,0.5971999694819559,-1.637362637362635,0.7252747252747263,35,32,ENABLE
1785583352.2999675,0.5891889829861903,-1.637362637362635,0.7164835164835175,35,32,ENABLE
1785583352.3050013,0.5807965209430073,-1.659340659340657,0.6901098901098912,35,32,ENABLE
1785583352.3099632,0.5727855344472417,-1.6153846153846132,0.6813186813186825,35,32,ENABLE
1785583352.3151307,0.5643930724040587,-1.637362637362635,0.6725274725274737,35,32,ENABLE
1785583352.320187,0.5556191348134583,-1.681318681318679,0.6461538461538474,35,32,ENABLE
1785583352.3250835,0.5476081483176927,-1.659340659340657,0.6285714285714299,35,32,ENABLE
1785583352.330003,0.5395971618219271,-1.681318681318679,0.6021978021978036,35,32,ENABLE
1785583352.334982,0.5312046997787441,-1.7032967032967008,0.5758241758241773,35,32,ENABLE
1785583352.3399637,0.5231937132829785,-1.659340659340657,0.5670329670329686,35,32,ENABLE
1785583352.34513,0.5144197756923781,-1.659340659340657,0.5582417582417598,35,32,ENABLE
1785583352.3502116,0.5060273136491951,-1.681318681318679,0.5318681318681335,35,32,ENABLE
1785583352.3550544,0.49763485160601206,-1.7252747252747227,0.5318681318681335,35,32,ENABLE
1785583352.3599675,0.48924238956282906,-1.7032967032967008,0.49670329670329494,35,32,ENABLE
1785583352.3649776,0.48084992751964606,-1.7032967032967008,0.47032967032966866,35,32,ENABLE
1785583352.3700023,0.47245746547646306,-1.681318681318679,0.4615384615384599,35,32,ENABLE
1785583352.374641,0.46444647898069746,-1.7032967032967008,0.4439560439560424,35,32,ENABLE
1785583352.380188,0.45529106584267964,-1.681318681318679,0.40879120879120734,35,32,ENABLE
1785583352.385188,0.44689860379949664,-1.659340659340657,0.3736263736263723,35,32,ENABLE
1785583352.390247,0.43850614175631364,-1.659340659340657,0.347252747252746,35,32,ENABLE
1785583352.3951688,0.43011367971313064,-1.681318681318679,0.32087912087911974,35,32,ENABLE
1785583352.4001145,0.42172121766994763,-1.7032967032967008,0.312087912087911,35,32,ENABLE
1785583352.405115,0.4129472800793472,-1.7692307692307665,0.3032967032967022,35,32,ENABLE
1785583352.410797,0.403410391393912,-1.7472527472527446,0.29450549450549346,35,32,ENABLE
1785583352.4182038,0.39005874723430267,-1.7472527472527446,0.29450549450549346,35,32,ENABLE
1785583352.4213355,0.38433661402304153,-1.7692307692307665,0.2857142857142847,35,32,ENABLE
1785583352.4245384,0.3786144808117804,-1.8131868131868103,0.2681318681318672,35,32,ENABLE
1785583352.4289432,0.3709849698634322,-1.7692307692307665,0.23296703296703214,35,32,ENABLE
1785583352.4348476,0.36030365453574476,-1.8131868131868103,0.21538461538461462,35,32,ENABLE
1785583352.44001,0.3507667658503095,-1.857142857142854,0.1978021978021971,35,32,ENABLE
1785583352.4451811,0.3416113527122917,-1.857142857142854,0.18901098901098834,35,32,ENABLE
1785583352.450212,0.3320744640268565,-1.879120879120876,0.17142857142857082,35,32,ENABLE
1785583352.4551706,0.32253757534142125,-1.879120879120876,0.1538461538461533,35,32,ENABLE
1785583352.4601295,0.31376363775082083,-1.857142857142854,0.1538461538461533,35,32,ENABLE
1785583352.4651248,0.304608224612803,-1.857142857142854,0.14505494505494454,35,32,ENABLE
1785583352.4701211,0.2946898603799504,-1.901098901098898,0.13626373626373578,35,32,ENABLE
1785583352.4751546,0.28515297169451514,-1.9450549450549417,0.12747252747252702,35,32,ENABLE
1785583352.4801216,0.2752346074616625,-1.9670329670329636,0.12747252747252702,35,32,ENABLE
1785583352.4851213,0.2656977187762273,-1.9670329670329636,0.12747252747252702,35,32,ENABLE
1785583352.490119,0.25577935454337464,-1.9450549450549417,0.13626373626373578,35,32,ENABLE
1785583352.4951057,0.24586099031052022,-2.0109890109890145,0.11868131868131826,35,32,ENABLE
1785583352.5001192,0.23594262607766758,-1.9890109890109855,0.09230769230769198,35,32,ENABLE
1785583352.5051212,0.22602426184481494,-2.0109890109890145,0.08351648351648322,35,32,ENABLE
1785583352.5101292,0.21648737315937971,-1.9890109890109855,0.07472527472527446,35,32,ENABLE
1785583352.515123,0.20618753337910967,-1.9890109890109855,0.0659340659340657,35,32,ENABLE
1785583352.5202086,0.19626916914625703,-2.0329670329670364,0.05714285714285694,35,32,ENABLE
1785583352.5251887,0.1863508049134044,-1.9890109890109855,0.03076923076923066,35,32,ENABLE
1785583352.5301375,0.17681391622796916,-1.9670329670329636,-0.00439560439560438,35,32,ENABLE
1785583352.5352116,0.16765850308995134,-1.879120879120876,-0.03076923076923066,35,32,ENABLE
1785583352.5402203,0.15850308995193352,-1.8131868131868103,-0.04835164835164818,35,32,ENABLE
1785583352.545128,0.1493476768139157,-1.879120879120876,-0.08351648351648322,35,32,ENABLE
1785583352.5501826,0.13981078812848047,-1.901098901098898,-0.11868131868131826,35,32,ENABLE
1785583352.5551193,0.13027389944304524,-1.9230769230769198,-0.14505494505494454,35,32,ENABLE
1785583352.5601635,0.12111848630502742,-1.879120879120876,-0.17142857142857082,35,32,ENABLE
1785583352.5653677,0.11120012207217478,-1.879120879120876,-0.18021978021977958,35,32,ENABLE
1785583352.5701308,0.10242618448157437,-1.901098901098898,-0.18021978021977958,35,32,ENABLE
1785583352.575132,0.09250782024872173,-1.9450549450549417,-0.1978021978021971,35,32,ENABLE
1785583352.5801353,0.08220798046845168,-2.0329670329670364,-0.20659340659340586,35,32,ENABLE
1785583352.5852237,0.07152666514076422,-2.098901098901102,-0.17142857142857082,35,32,ENABLE
1785583352.5901258,0.060463874265659356,-2.1868131868131897,-0.11868131868131826,35,32,ENABLE
1785583352.5951674,0.04901960784313708,-2.296703296703299,-0.07472527472527446,35,32,ENABLE
1785583352.6001964,0.037193865873197396,-2.362637362637365,-0.04835164835164818,35,32,ENABLE
1785583352.6051874,0.02536812390325771,-2.384615384615387,-0.03076923076923066,35,32,ENABLE
1785583352.6101222,0.013542381933318026,-2.362637362637365,0.01318681318681314,35,32,ENABLE
1785583352.615132,0.0020981155107957505,-2.362637362637365,0.03956043956043942,35,32,ENABLE
1785583352.6201196,-0.009346150911726525,-2.296703296703299,0.01318681318681314,35,32,ENABLE
1785583352.6252055,-0.0207904173342488,-2.2747252747252773,-0.01318681318681314,35,32,ENABLE
1785583352.6301236,-0.032234683756771076,-2.2747252747252773,0.01318681318681314,35,32,ENABLE
1785583352.6351194,-0.04329747463187594,-2.2527472527472554,0.01318681318681314,35,32,ENABLE
1785583352.640133,-0.05436026550698081,-2.2527472527472554,0.00439560439560438,35,32,ENABLE
1785583352.6451373,-0.06580453192950309,-2.2747252747252773,-0.01318681318681314,35,32,ENABLE
1785583352.6501665,-0.07724879835202536,-2.2527472527472554,-0.0219780219780219,35,32,ENABLE
1785583352.655121,-0.08793011367971282,-2.2087912087912116,0.00439560439560438,35,32,ENABLE
1785583352.6601472,-0.09899290455481768,-2.2527472527472554,0.00439560439560438,35,32,ENABLE
1785583352.6652167,-0.11081864652475737,-2.2747252747252773,-0.0219780219780219,35,32,ENABLE
1785583352.6701207,-0.12149996185244483,-2.2307692307692335,-0.03076923076923066,35,32,ENABLE
1785583352.6751382,-0.13218127718013228,-2.1868131868131897,-0.03076923076923066,35,32,ENABLE
1785583352.6801295,-0.14286259250781974,-2.142857142857146,-0.04835164835164818,35,32,ENABLE
1785583352.6852074,-0.1531624322880898,-2.120879120879124,-0.07472527472527446,35,32,ENABLE
1785583352.6901264,-0.16384374761577725,-2.120879120879124,-0.11868131868131826,35,32,ENABLE
1785583352.6951454,-0.17376211184862989,-2.07692307692308,-0.12747252747252702,35,32,ENABLE
1785583352.700135,-0.18406195162889993,-2.0549450549450583,-0.13626373626373578,35,32,ENABLE
1785583352.7052088,-0.1947432669565874,-2.0329670329670364,-0.16263736263736206,35,32,ENABLE
1785583352.7101345,-0.20466163118944003,-2.098901098901102,-0.17142857142857082,35,32,ENABLE
1785583352.71519,-0.21496147096971008,-2.0549450549450583,-0.1978021978021971,35,32,ENABLE
1785583352.7201264,-0.22487983520256272,-2.07692307692308,-0.20659340659340586,35,32,ENABLE
1785583352.7251542,-0.23479819943541536,-1.9890109890109855,-0.23296703296703214,35,32,ENABLE
1785583352.7301037,-0.24395361257343318,-1.879120879120876,-0.3032967032967022,35,32,ENABLE
1785583352.7351253,-0.2531090257114528,-1.857142857142854,-0.3560439560439548,35,32,ENABLE
1785583352.7401323,-0.262645914396888,-1.901098901098898,-0.3736263736263723,35,32,ENABLE
1785583352.7451575,-0.2718013275349058,-1.879120879120876,-0.40879120879120734,35,32,ENABLE
1785583352.7501836,-0.28133821622034105,-1.879120879120876,-0.4175824175824161,35,32,ENABLE
1785583352.755096,-0.2908751049057763,-1.901098901098898,-0.42637362637362486,35,32,ENABLE
1785583352.7601306,-0.3004119935912115,-1.901098901098898,-0.4439560439560424,35,32,ENABLE
1785583352.7650993,-0.30956740672922933,-1.901098901098898,-0.4879120879120862,35,32,ENABLE
1785583352.7701333,-0.31910429541466456,-1.879120879120876,-0.5406593406593423,35,32,ENABLE
1785583352.7751815,-0.327878233005265,-1.8351648351648322,-0.5582417582417598,35,32,ENABLE
1785583352.7801127,-0.3370336461432828,-1.8351648351648322,-0.5670329670329686,35,32,ENABLE
1785583352.7851522,-0.346570534828718,-1.8351648351648322,-0.6021978021978036,35,32,ENABLE
1785583352.7901306,-0.35534447241931844,-1.8131868131868103,-0.6373626373626387,35,32,ENABLE
1785583352.7951336,-0.36449988555733626,-1.8351648351648322,-0.6725274725274737,35,32,ENABLE
1785583352.8001344,-0.37327382314793667,-1.7912087912087884,-0.6989010989011,35,32,ENABLE
1785583352.8051436,-0.3820477607385371,-1.7912087912087884,-0.7252747252747263,35,32,ENABLE
1785583352.8101277,-0.3915846494239723,-1.8351648351648322,-0.734065934065935,35,32,ENABLE
1785583352.8151338,-0.40074006256199013,-1.857142857142854,-0.7428571428571438,35,32,ENABLE
1785583352.8201363,-0.40989547570000795,-1.901098901098898,-0.7780219780219788,35,32,ENABLE
1785583352.8250856,-0.41905088883802577,-1.857142857142854,-0.8131868131868139,35,32,ENABLE
1785583352.8303797,-0.4282063019760436,-1.7692307692307665,-0.8659340659340664,35,32,ENABLE
1785583352.8351042,-0.4358358129243918,-1.7032967032967008,-0.8835164835164839,35,32,ENABLE
1785583352.8400342,-0.44346532387273996,-1.637362637362635,-0.8747252747252752,35,32,ENABLE
1785583352.8449533,-0.45109483482108814,-1.5714285714285694,-0.8219780219780226,35,32,ENABLE
1785583352.8502462,-0.45910582131685373,-1.5274725274725256,-0.7604395604395613,35,32,ENABLE
1785583352.855123,-0.4663538567177845,-1.4835164835164818,-0.6725274725274737,35,32,ENABLE
1785583352.860132,-0.4736018921187153,-1.4835164835164818,-0.5934065934065949,35,32,ENABLE
1785583352.8651285,-0.48046845197222865,-1.439560439560438,-0.5230769230769248,35,32,ENABLE
1785583352.870138,-0.4869535362783246,-1.3296703296703285,-0.4615384615384599,35,32,ENABLE
1785583352.8751357,-0.49343862058442056,-1.3076923076923066,-0.40879120879120734,35,32,ENABLE
1785583352.8801332,-0.4991607537956817,-1.197802197802197,-0.38241758241758106,35,32,ENABLE
1785583352.885136,-0.5045014114595254,-1.1538461538461533,-0.347252747252746,35,32,ENABLE
1785583352.890129,-0.5090791180285343,-1.021978021978022,-0.33846153846153726,35,32,ENABLE
1785583352.8951302,-0.5132753490501258,-0.8901098901098905,-0.32087912087911974,35,32,ENABLE
1785583352.9001825,-0.5174715800717173,-0.8241758241758248,-0.29450549450549346,35,32,ENABLE
1785583352.9052148,-0.520904859998474,-0.780219780219781,-0.27692307692307594,35,32,ENABLE
1785583352.9101186,-0.5243381399252307,-0.7142857142857153,-0.27692307692307594,35,32,ENABLE
1785583352.915212,-0.52738994430457,-0.6483516483516496,-0.27692307692307594,35,32,ENABLE
1785583352.9201276,-0.5296787975890744,-0.5384615384615401,-0.2593406593406584,35,32,ENABLE
1785583352.925136,-0.5319676508735789,-0.5164835164835182,-0.2681318681318672,35,32,ENABLE
1785583352.9301367,-0.5338750286106659,-0.4285714285714306,-0.2681318681318672,35,32,ENABLE
1785583352.9352067,-0.535782406347753,-0.3846153846153868,-0.27692307692307594,35,32,ENABLE
1785583352.9402924,-0.53768978408484,-0.3846153846153868,-0.2593406593406584,35,32,ENABLE
1785583352.945124,-0.5388342107270923,-0.3186813186813211,-0.27692307692307594,35,32,ENABLE
1785583352.950139,-0.5399786373693445,-0.2747252747252773,-0.27692307692307594,35,32,ENABLE
1785583352.9551349,-0.5415045395590141,-0.2747252747252773,-0.2681318681318672,35,32,ENABLE
1785583352.9601283,-0.5422674906538489,-0.1868131868131897,-0.2857142857142847,35,32,ENABLE
1785583352.9651315,-0.5422674906538489,-0.0549450549450583,-0.32087912087911974,35,32,ENABLE
1785583352.970129,-0.5418860151064315,-0.010989010989014503,-0.347252747252746,35,32,ENABLE
1785583352.9751298,-0.5418860151064315,-0.010989010989014503,-0.3736263736263723,35,32,ENABLE
1785583352.9801354,-0.5418860151064315,0.0329670329670364,-0.3912087912087898,35,32,ENABLE
1785583352.9851308,-0.5415045395590141,0.0329670329670364,-0.40879120879120734,35,32,ENABLE
1785583352.990126,-0.5415045395590141,0.010989010989014503,-0.4175824175824161,35,32,ENABLE
1785583352.9951396,-0.5415045395590141,0.0329670329670364,-0.40879120879120734,35,32,ENABLE
1785583353.0001316,-0.5411230640115967,-0.010989010989014503,-0.40879120879120734,35,32,ENABLE
1785583353.0051308,-0.5411230640115967,-0.010989010989014503,-0.40879120879120734,35,32,ENABLE
1785583353.0101292,-0.5411230640115967,-0.010989010989014503,-0.4175824175824161,35,32,ENABLE
1785583353.0151367,-0.5411230640115967,-0.010989010989014503,-0.40879120879120734,35,32,ENABLE
1785583353.020135,-0.5411230640115967,-0.010989010989014503,-0.4175824175824161,35,32,ENABLE
1785583353.0251288,-0.5411230640115967,-0.0329670329670364,-0.40879120879120734,35,32,ENABLE
1785583353.0301785,-0.5411230640115967,0.0329670329670364,-0.3999999999999986,35,32,ENABLE
1785583353.0351205,-0.5411230640115967,-0.010989010989014503,-0.40879120879120734,35,32,ENABLE
1785583353.0401342,-0.5411230640115967,-0.010989010989014503,-0.3999999999999986,35,32,ENABLE
1785583353.045131,-0.5411230640115967,-0.010989010989014503,-0.3999999999999986,35,32,ENABLE
1785583353.050124,-0.5411230640115967,-0.010989010989014503,-0.40879120879120734,35,32,ENABLE
1785583353.0551271,-0.5411230640115967,-0.010989010989014503,-0.4175824175824161,35,32,ENABLE
1785583353.0601301,-0.5411230640115967,-0.0329670329670364,-0.3999999999999986,35,32,ENABLE
1785583353.0651338,-0.5411230640115967,0.010989010989014503,-0.40879120879120734,35,32,ENABLE
1785583353.0701296,-0.5411230640115967,-0.010989010989014503,-0.40879120879120734,35,32,ENABLE
1785583353.0751314,-0.5411230640115967,-0.010989010989014503,-0.3999999999999986,35,32,ENABLE
1785583353.0801344,-0.5411230640115967,0.010989010989014503,-0.40879120879120734,35,32,ENABLE
1785583353.0851321,-0.5411230640115967,0.010989010989014503,-0.3999999999999986,35,32,ENABLE
1785583353.0901258,-0.5411230640115967,-0.010989010989014503,-0.4175824175824161,35,32,ENABLE
1785583353.0952055,-0.5411230640115967,-0.010989010989014503,-0.40879120879120734,35,32,ENABLE
1785583353.100134,-0.5411230640115967,-0.010989010989014503,-0.40879120879120734,35,32,ENABLE
1785583353.105183,-0.5411230640115967,-0.010989010989014503,-0.40879120879120734,35,32,ENABLE
1785583353.1101305,-0.5411230640115967,-0.010989010989014503,-0.4175824175824161,35,32,ENABLE
1785583353.1151338,-0.5411230640115967,-0.010989010989014503,-0.40879120879120734,35,32,ENABLE
1785583353.1201284,-0.5411230640115967,0.010989010989014503,-0.40879120879120734,35,32,ENABLE
1785583353.125131,-0.5411230640115967,-0.0329670329670364,-0.3999999999999986,35,32,ENABLE
1785583353.1301289,-0.5411230640115967,-0.0329670329670364,-0.40879120879120734,35,32,ENABLE
1785583353.1351273,-0.5411230640115967,0.010989010989014503,-0.40879120879120734,35,32,ENABLE
1785583353.140126,-0.5411230640115967,-0.010989010989014503,-0.3999999999999986,35,32,ENABLE
1785583353.145128,-0.5411230640115967,-0.010989010989014503,-0.3999999999999986,35,32,ENABLE
1785583353.1501758,-0.5411230640115967,-0.010989010989014503,-0.3999999999999986,35,32,ENABLE
1785583353.1551244,-0.5411230640115967,0.010989010989014503,-0.3912087912087898,35,32,ENABLE
1785583353.160183,-0.5411230640115967,0.010989010989014503,-0.3999999999999986,35,32,ENABLE
1785583353.1652255,-0.5411230640115967,-0.0329670329670364,-0.40879120879120734,35,32,ENABLE
1785583353.1702187,-0.5411230640115967,-0.010989010989014503,-0.40879120879120734,35,32,ENABLE
1785583353.175202,-0.5411230640115967,-0.010989010989014503,-0.40879120879120734,35,32,ENABLE
1785583353.1801286,-0.5411230640115967,0.010989010989014503,-0.40879120879120734,35,32,ENABLE
1785583353.1851287,-0.5411230640115967,0.010989010989014503,-0.3999999999999986,35,32,ENABLE
1785583353.190181,-0.5411230640115967,0.010989010989014503,-0.3999999999999986,35,32,ENABLE
1785583353.195205,-0.5411230640115967,-0.0329670329670364,-0.3999999999999986,35,32,ENABLE
1785583353.200136,-0.5411230640115967,-0.010989010989014503,-0.3999999999999986,35,32,ENABLE
1785583353.2051775,-0.5411230640115967,0.010989010989014503,-0.40879120879120734,35,32,ENABLE
1785583353.2101312,-0.5411230640115967,-0.010989010989014503,-0.3999999999999986,35,32,ENABLE
1785583353.2151852,-0.5411230640115967,-0.010989010989014503,-0.40879120879120734,35,32,ENABLE
1785583353.2201283,-0.5411230640115967,-0.010989010989014503,-0.3912087912087898,35,32,ENABLE
1785583353.225184,-0.5415045395590141,-0.010989010989014503,-0.40879120879120734,35,32,ENABLE
1785583353.2301517,-0.5415045395590141,-0.010989010989014503,-0.40879120879120734,35,32,ENABLE
1785583353.2351835,-0.5411230640115967,0.010989010989014503,-0.3999999999999986,35,32,ENABLE
1785583353.2401528,-0.5411230640115967,-0.010989010989014503,-0.3999999999999986,35,32,ENABLE
1785583353.2451246,-0.5415045395590141,-0.010989010989014503,-0.40879120879120734,35,32,ENABLE
1785583353.2502131,-0.5411230640115967,-0.010989010989014503,-0.3999999999999986,35,32,ENABLE
1785583353.2551641,-0.5415045395590141,-0.010989010989014503,-0.3999999999999986,35,32,ENABLE
1785583353.2601373,-0.5415045395590141,0.010989010989014503,-0.3999999999999986,35,32,ENABLE
1785583353.2652128,-0.5415045395590141,-0.010989010989014503,-0.3999999999999986,35,32,ENABLE
1785583353.2702043,-0.5415045395590141,-0.010989010989014503,-0.3999999999999986,35,32,ENABLE
1785583353.2752275,-0.5411230640115967,0.010989010989014503,-0.3999999999999986,35,32,ENABLE
1785583353.2801282,-0.5415045395590141,-0.010989010989014503,-0.40879120879120734,35,32,ENABLE
1785583353.285166,-0.5415045395590141,-0.010989010989014503,-0.40879120879120734,35,32,ENABLE
1785583353.2901828,-0.5415045395590141,0.010989010989014503,-0.40879120879120734,35,32,ENABLE
1785583353.2951818,-0.5415045395590141,-0.010989010989014503,-0.40879120879120734,35,32,ENABLE
1785583353.3001318,-0.5411230640115967,-0.010989010989014503,-0.3999999999999986,35,32,ENABLE
1785583353.3051221,-0.5415045395590141,-0.010989010989014503,-0.3912087912087898,35,32,ENABLE
1785583353.3101277,-0.5411230640115967,-0.010989010989014503,-0.3999999999999986,35,32,ENABLE
1785583353.315329,-0.5415045395590141,-0.0329670329670364,-0.40879120879120734,35,32,ENABLE
1785583353.3201833,-0.5415045395590141,-0.010989010989014503,-0.3999999999999986,35,32,ENABLE
1785583353.32503,-0.5415045395590141,-0.010989010989014503,-0.40879120879120734,35,32,ENABLE
1785583353.3300014,-0.5415045395590141,-0.010989010989014503,-0.3999999999999986,35,32,ENABLE
1785583353.335216,-0.5415045395590141,-0.0329670329670364,-0.3999999999999986,35,32,ENABLE
1785583353.3402495,-0.5415045395590141,-0.010989010989014503,-0.3912087912087898,35,32,ENABLE
1785583353.3451426,-0.5415045395590141,0.010989010989014503,-0.3912087912087898,35,32,ENABLE
1785583353.3502307,-0.5415045395590141,-0.010989010989014503,-0.3999999999999986,35,32,ENABLE
1785583353.3551416,-0.5415045395590141,-0.0329670329670364,-0.40879120879120734,35,32,ENABLE
1785583353.3602488,-0.5415045395590141,-0.010989010989014503,-0.40879120879120734,35,32,ENABLE
1785583353.3652148,-0.5415045395590141,-0.0329670329670364,-0.40879120879120734,35,32,ENABLE
1785583353.3702145,-0.5415045395590141,-0.010989010989014503,-0.3912087912087898,35,32,ENABLE
1785583353.3752198,-0.5415045395590141,-0.010989010989014503,-0.3999999999999986,35,32,ENABLE
1785583353.3802278,-0.5415045395590141,0.010989010989014503,-0.3999999999999986,35,32,ENABLE
1785583353.385222,-0.5415045395590141,-0.0329670329670364,-0.3999999999999986,35,32,ENABLE
1785583353.3902018,-0.5415045395590141,-0.010989010989014503,-0.40879120879120734,35,32,ENABLE
1785583353.3951356,-0.5415045395590141,-0.010989010989014503,-0.40879120879120734,35,32,ENABLE
1785583353.4002037,-0.5415045395590141,-0.010989010989014503,-0.3999999999999986,35,32,ENABLE
1785583353.4052079,-0.5415045395590141,-0.010989010989014503,-0.40879120879120734,35,32,ENABLE
1785583353.4101584,-0.5415045395590141,-0.010989010989014503,-0.3999999999999986,35,32,ENABLE
1785583353.415293,-0.5415045395590141,-0.010989010989014503,-0.3912087912087898,35,32,ENABLE
1785583353.4202204,-0.5415045395590141,-0.010989010989014503,-0.3999999999999986,35,32,ENABLE
1785583353.4252162,-0.5415045395590141,-0.010989010989014503,-0.3912087912087898,35,32,ENABLE
1785583353.4301448,-0.5415045395590141,-0.010989010989014503,-0.40879120879120734,35,32,ENABLE
1785583353.4352133,-0.5415045395590141,-0.010989010989014503,-0.3999999999999986,35,32,ENABLE
1785583353.4401407,-0.5415045395590141,-0.010989010989014503,-0.3999999999999986,35,32,ENABLE
1785583353.4451413,-0.5415045395590141,0.010989010989014503,-0.40879120879120734,35,32,ENABLE
1785583353.4502175,-0.5415045395590141,0.010989010989014503,-0.3999999999999986,35,32,ENABLE
1785583353.4552114,-0.5415045395590141,-0.0329670329670364,-0.3999999999999986,35,32,ENABLE
1785583353.4601407,-0.5415045395590141,-0.010989010989014503,-0.3912087912087898,35,32,ENABLE
1785583353.465143,-0.5415045395590141,-0.010989010989014503,-0.3999999999999986,35,32,ENABLE
1785583353.4701827,-0.5415045395590141,0.010989010989014503,-0.3999999999999986,35,32,ENABLE
1785583353.4752128,-0.5415045395590141,-0.0329670329670364,-0.40879120879120734,35,32,ENABLE
1785583353.480207,-0.5415045395590141,-0.010989010989014503,-0.3999999999999986,35,32,ENABLE
1785583353.4852107,-0.5415045395590141,-0.010989010989014503,-0.3999999999999986,35,32,ENABLE
1785583353.4901416,-0.5415045395590141,-0.010989010989014503,-0.40879120879120734,35,32,ENABLE
1785583353.4952269,-0.5415045395590141,0.010989010989014503,-0.3999999999999986,35,32,ENABLE
1785583353.5002072,-0.5415045395590141,-0.010989010989014503,-0.3999999999999986,35,32,ENABLE
1785583353.505142,-0.5415045395590141,-0.010989010989014503,-0.3999999999999986,35,32,ENABLE
1785583353.510138,-0.5415045395590141,-0.010989010989014503,-0.40879120879120734,35,32,ENABLE
1785583353.5151563,-0.5415045395590141,-0.010989010989014503,-0.3999999999999986,35,32,ENABLE
1785583353.5201418,-0.5415045395590141,-0.010989010989014503,-0.3999999999999986,35,32,ENABLE
1785583353.5251374,-0.5415045395590141,-0.010989010989014503,-0.3999999999999986,35,32,ENABLE
1785583353.5301373,-0.5415045395590141,-0.0329670329670364,-0.3912087912087898,35,32,ENABLE
1785583353.5352075,-0.5415045395590141,-0.010989010989014503,-0.3999999999999986,35,32,ENABLE
1785583353.540177,-0.5415045395590141,-0.0329670329670364,-0.3912087912087898,35,32,ENABLE
1785583353.5452108,-0.5415045395590141,-0.010989010989014503,-0.3999999999999986,35,32,ENABLE
1785583353.5501733,-0.5415045395590141,-0.010989010989014503,-0.3999999999999986,35,32,ENABLE
1785583353.5552056,-0.5415045395590141,-0.010989010989014503,-0.3999999999999986,35,32,ENABLE
1785583353.5602233,-0.5415045395590141,0.010989010989014503,-0.40879120879120734,35,32,ENABLE
1785583353.5651407,-0.5415045395590141,0.010989010989014503,-0.3999999999999986,35,32,ENABLE
1785583353.5701406,-0.5415045395590141,0.010989010989014503,-0.3999999999999986,35,32,ENABLE
1785583353.5751553,-0.5415045395590141,-0.0329670329670364,-0.3999999999999986,35,32,ENABLE
1785583353.5801754,-0.5415045395590141,-0.010989010989014503,-0.3999999999999986,35,32,ENABLE
1785583353.5852168,-0.5415045395590141,-0.010989010989014503,-0.40879120879120734,35,32,ENABLE
1785583353.590135,-0.5415045395590141,0.010989010989014503,-0.40879120879120734,35,32,ENABLE
1785583353.595138,-0.5415045395590141,-0.010989010989014503,-0.40879120879120734,35,32,ENABLE
1785583353.6001368,-0.5415045395590141,-0.0329670329670364,-0.3999999999999986,35,32,ENABLE
1785583353.6052408,-0.5415045395590141,-0.010989010989014503,-0.3999999999999986,35,32,ENABLE
1785583353.610366,-0.5415045395590141,-0.010989010989014503,-0.3912087912087898,35,32,ENABLE
1785583353.615214,-0.5415045395590141,0.010989010989014503,-0.3999999999999986,35,32,ENABLE
1785583353.6201413,-0.5415045395590141,-0.0329670329670364,-0.3999999999999986,35,32,ENABLE
1785583353.6251087,-0.5415045395590141,-0.010989010989014503,-0.3999999999999986,35,32,ENABLE
1785583353.629991,-0.5415045395590141,-0.010989010989014503,-0.3999999999999986,35,32,ENABLE
1785583353.635093,-0.5415045395590141,-0.010989010989014503,-0.40879120879120734,35,32,ENABLE
1785583353.6401403,-0.5415045395590141,-0.010989010989014503,-0.3912087912087898,35,32,ENABLE
1785583353.6451373,-0.5415045395590141,-0.010989010989014503,-0.3912087912087898,35,32,ENABLE
1785583353.6501753,-0.5415045395590141,-0.010989010989014503,-0.3912087912087898,35,32,ENABLE
1785583353.655203,-0.5415045395590141,-0.010989010989014503,-0.3999999999999986,35,32,ENABLE
1785583353.6601546,-0.5415045395590141,-0.010989010989014503,-0.3999999999999986,35,32,ENABLE
1785583353.6652274,-0.5415045395590141,-0.010989010989014503,-0.3999999999999986,35,32,ENABLE
1785583353.6702497,-0.5415045395590141,-0.010989010989014503,-0.3999999999999986,35,32,ENABLE
1785583353.6752052,-0.5415045395590141,-0.010989010989014503,-0.40879120879120734,35,32,ENABLE
1785583353.6801512,-0.5415045395590141,0.010989010989014503,-0.3912087912087898,35,32,ENABLE
1785583353.685138,-0.5415045395590141,-0.010989010989014503,-0.3912087912087898,35,32,ENABLE
1785583353.6901646,-0.5415045395590141,0.010989010989014503,-0.3999999999999986,35,32,ENABLE
1785583353.6952055,-0.5415045395590141,-0.010989010989014503,-0.3999999999999986,35,32,ENABLE
1785583353.700133,-0.5415045395590141,0.010989010989014503,-0.40879120879120734,35,32,ENABLE
1785583353.7051842,-0.5415045395590141,0.010989010989014503,-0.4175824175824161,35,32,ENABLE
1785583353.7101355,-0.5415045395590141,-0.010989010989014503,-0.40879120879120734,35,32,ENABLE
1785583353.7152228,-0.5415045395590141,-0.010989010989014503,-0.3912087912087898,35,32,ENABLE
1785583353.7201378,-0.5415045395590141,-0.010989010989014503,-0.3999999999999986,35,32,ENABLE
1785583353.7251387,-0.5415045395590141,0.010989010989014503,-0.40879120879120734,35,32,ENABLE
1785583353.73014,-0.5415045395590141,-0.010989010989014503,-0.40879120879120734,35,32,ENABLE
1785583353.7352808,-0.5415045395590141,-0.010989010989014503,-0.40879120879120734,35,32,ENABLE
1785583353.7401354,-0.5415045395590141,-0.0329670329670364,-0.3999999999999986,35,32,ENABLE
1785583353.7452087,-0.5415045395590141,-0.010989010989014503,-0.3999999999999986,35,32,ENABLE
1785583353.750215,-0.5415045395590141,-0.0329670329670364,-0.3999999999999986,35,32,ENABLE
1785583353.7552083,-0.5415045395590141,-0.010989010989014503,-0.3999999999999986,35,32,ENABLE
1785583353.7601762,-0.5415045395590141,-0.010989010989014503,-0.3912087912087898,35,32,ENABLE
1785583353.7651746,-0.5415045395590141,-0.010989010989014503,-0.3999999999999986,35,32,ENABLE
1785583353.770144,-0.5415045395590141,0.010989010989014503,-0.3999999999999986,35,32,ENABLE
1785583353.7751315,-0.5415045395590141,0.010989010989014503,-0.3999999999999986,35,32,ENABLE
1785583353.7802155,-0.5415045395590141,-0.010989010989014503,-0.40879120879120734,35,32,ENABLE
1785583353.785131,-0.5415045395590141,-0.010989010989014503,-0.40879120879120734,35,32,ENABLE
1785583353.7901497,-0.5415045395590141,0.010989010989014503,-0.3999999999999986,35,32,ENABLE
1785583353.795154,-0.5415045395590141,-0.010989010989014503,-0.3999999999999986,35,32,ENABLE
1785583353.8002176,-0.5415045395590141,-0.010989010989014503,-0.4175824175824161,35,32,ENABLE
1785583353.8051279,-0.5415045395590141,-0.010989010989014503,-0.40879120879120734,35,32,ENABLE
1785583353.8101363,-0.5415045395590141,-0.0329670329670364,-0.40879120879120734,35,32,ENABLE
1785583353.8151512,-0.5415045395590141,-0.010989010989014503,-0.3999999999999986,35,32,ENABLE
1785583353.8201768,-0.5415045395590141,-0.0329670329670364,-0.3999999999999986,35,32,ENABLE
1785583353.8251321,-0.5415045395590141,-0.010989010989014503,-0.3999999999999986,35,32,ENABLE
1785583353.8301334,-0.5415045395590141,-0.010989010989014503,-0.3999999999999986,35,32,ENABLE
1785583353.8351276,-0.5415045395590141,-0.010989010989014503,-0.40879120879120734,35,32,ENABLE
1785583353.8401356,-0.5415045395590141,-0.010989010989014503,-0.3999999999999986,35,32,ENABLE
1785583353.8451493,-0.5415045395590141,-0.010989010989014503,-0.40879120879120734,35,32,ENABLE
1785583353.850135,-0.5415045395590141,-0.0329670329670364,-0.3999999999999986,35,32,ENABLE
1785583353.855139,-0.5415045395590141,-0.0329670329670364,-0.3912087912087898,35,32,ENABLE
1785583353.8601382,-0.5415045395590141,-0.010989010989014503,-0.3912087912087898,35,32,ENABLE
1785583353.8651643,-0.5415045395590141,-0.010989010989014503,-0.3999999999999986,35,32,ENABLE
1785583353.8701513,-0.5415045395590141,-0.010989010989014503,-0.40879120879120734,35,32,ENABLE
1785583353.8751307,-0.5415045395590141,-0.010989010989014503,-0.40879120879120734,35,32,ENABLE
1785583353.8802283,-0.5418860151064315,-0.010989010989014503,-0.40879120879120734,35,32,ENABLE
1785583353.885229,-0.5415045395590141,-0.010989010989014503,-0.3999999999999986,35,32,ENABLE
1785583353.8901484,-0.5415045395590141,0.010989010989014503,-0.3999999999999986,35,32,ENABLE
1785583353.895137,-0.5415045395590141,-0.010989010989014503,-0.3999999999999986,35,32,ENABLE
1785583353.9001293,-0.5415045395590141,-0.010989010989014503,-0.3912087912087898,35,32,ENABLE
1785583353.905198,-0.5415045395590141,-0.010989010989014503,-0.3999999999999986,35,32,ENABLE
1785583353.9101255,-0.5415045395590141,-0.0329670329670364,-0.3999999999999986,35,32,ENABLE
1785583353.915128,-0.5415045395590141,0.010989010989014503,-0.40879120879120734,35,32,ENABLE
1785583353.920139,-0.5415045395590141,-0.010989010989014503,-0.3999999999999986,35,32,ENABLE
1785583353.9251554,-0.5415045395590141,-0.010989010989014503,-0.3912087912087898,35,32,ENABLE
1785583353.9301367,-0.5415045395590141,-0.010989010989014503,-0.3999999999999986,35,32,ENABLE
1785583353.9351313,-0.5415045395590141,-0.010989010989014503,-0.3912087912087898,35,32,ENABLE
1785583353.9401464,-0.5415045395590141,-0.0549450549450583,-0.3999999999999986,35,32,ENABLE
1785583353.9451516,-0.5415045395590141,-0.010989010989014503,-0.3999999999999986,35,32,ENABLE
1785583353.9502206,-0.5415045395590141,-0.010989010989014503,-0.3999999999999986,35,32,ENABLE
1785583353.9551516,-0.5415045395590141,-0.0329670329670364,-0.40879120879120734,35,32,ENABLE
1785583353.9604263,-0.5415045395590141,-0.010989010989014503,-0.3999999999999986,35,32,ENABLE
1785583353.965139,-0.5415045395590141,-0.010989010989014503,-0.3999999999999986,35,32,ENABLE
1785583353.970206,-0.5415045395590141,-0.010989010989014503,-0.3999999999999986,35,32,ENABLE
1785583353.9751344,-0.5415045395590141,0.010989010989014503,-0.3999999999999986,35,32,ENABLE
1785583353.9801354,-0.5415045395590141,-0.010989010989014503,-0.40879120879120734,35,32,ENABLE
1785583353.985131,-0.5415045395590141,-0.010989010989014503,-0.4175824175824161,35,32,ENABLE
1785583353.9901562,-0.5411230640115967,0.010989010989014503,-0.3999999999999986,35,32,ENABLE
1785583353.9951317,-0.5411230640115967,0.010989010989014503,-0.40879120879120734,35,32,ENABLE
1785583354.0001318,-0.5411230640115967,0.010989010989014503,-0.40879120879120734,35,32,ENABLE
1785583354.0051637,-0.5411230640115967,0.010989010989014503,-0.40879120879120734,35,32,ENABLE
1785583354.0101476,-0.5411230640115967,-0.010989010989014503,-0.40879120879120734,35,32,ENABLE
1785583354.0151474,-0.5411230640115967,-0.010989010989014503,-0.42637362637362486,35,32,ENABLE
1785583354.0201359,-0.5411230640115967,-0.010989010989014503,-0.40879120879120734,35,32,ENABLE
1785583354.0251493,-0.5411230640115967,0.010989010989014503,-0.40879120879120734,35,32,ENABLE
1785583354.0301466,-0.5411230640115967,0.010989010989014503,-0.3999999999999986,35,32,ENABLE
1785583354.035226,-0.5411230640115967,-0.010989010989014503,-0.3999999999999986,35,32,ENABLE
1785583354.040202,-0.5411230640115967,-0.010989010989014503,-0.40879120879120734,35,32,ENABLE
1785583354.045133,-0.5411230640115967,-0.010989010989014503,-0.4175824175824161,35,32,ENABLE
1785583354.0502205,-0.5411230640115967,-0.010989010989014503,-0.4175824175824161,35,32,ENABLE
1785583354.0552263,-0.5411230640115967,-0.010989010989014503,-0.40879120879120734,35,32,ENABLE
1785583354.0601313,-0.5411230640115967,-0.010989010989014503,-0.3999999999999986,35,32,ENABLE
1785583354.065148,-0.5411230640115967,-0.0329670329670364,-0.3999999999999986,35,32,ENABLE
1785583354.070139,-0.5411230640115967,0.010989010989014503,-0.3999999999999986,35,32,ENABLE
1785583354.0751672,-0.5411230640115967,-0.010989010989014503,-0.40879120879120734,35,32,ENABLE
1785583354.080148,-0.5411230640115967,-0.010989010989014503,-0.40879120879120734,35,32,ENABLE
1785583354.085151,-0.5411230640115967,0.010989010989014503,-0.40879120879120734,35,32,ENABLE
1785583354.0901437,-0.5411230640115967,-0.010989010989014503,-0.40879120879120734,35,32,ENABLE
1785583354.095105,-0.5411230640115967,-0.010989010989014503,-0.40879120879120734,35,32,ENABLE
1785583354.100134,-0.5411230640115967,-0.010989010989014503,-0.40879120879120734,35,32,ENABLE
1785583354.1051364,-0.5411230640115967,-0.010989010989014503,-0.40879120879120734,35,32,ENABLE
1785583354.11013,-0.5411230640115967,0.0329670329670364,-0.4175824175824161,35,32,ENABLE
1785583354.1151423,-0.5407415884641793,-0.010989010989014503,-0.4175824175824161,35,32,ENABLE
1785583354.1202116,-0.5411230640115967,-0.010989010989014503,-0.4175824175824161,35,32,ENABLE
1785583354.1251357,-0.5411230640115967,0.010989010989014503,-0.4175824175824161,35,32,ENABLE
1785583354.130135,-0.5407415884641793,0.010989010989014503,-0.4175824175824161,35,32,ENABLE
1785583354.1351457,-0.5407415884641793,0.010989010989014503,-0.4175824175824161,35,32,ENABLE
1785583354.1401472,-0.5403601129167619,0.0329670329670364,-0.4351648351648336,35,32,ENABLE
1785583354.145167,-0.5403601129167619,0.010989010989014503,-0.4351648351648336,35,32,ENABLE
1785583354.1501276,-0.5399786373693445,0.0329670329670364,-0.4351648351648336,35,32,ENABLE
1785583354.1551368,-0.5399786373693445,0.0329670329670364,-0.4351648351648336,35,32,ENABLE
1785583354.1601846,-0.5395971618219271,0.0329670329670364,-0.4439560439560424,35,32,ENABLE
1785583354.1652339,-0.5395971618219271,0.0549450549450583,-0.45274725274725114,35,32,ENABLE
1785583354.1702101,-0.5384527351796748,0.120879120879124,-0.4791208791208774,35,32,ENABLE
1785583354.1752105,-0.5380712596322574,0.120879120879124,-0.49670329670329494,35,32,ENABLE
1785583354.18022,-0.5373083085374226,0.0989010989011021,-0.5054945054945073,35,32,ENABLE
1785583354.1852226,-0.5373083085374226,0.0329670329670364,-0.5054945054945073,35,32,ENABLE
1785583354.1901405,-0.5373083085374226,0.010989010989014503,-0.4879120879120862,35,32,ENABLE
1785583354.1952064,-0.5373083085374226,0.010989010989014503,-0.4351648351648336,35,32,ENABLE
1785583354.2001472,-0.5365453574425878,0.0549450549450583,-0.33846153846153726,35,32,ENABLE
1785583354.2052245,-0.5361638818951704,0.120879120879124,-0.22417582417582338,35,32,ENABLE
1785583354.2102058,-0.5342565041580833,0.2527472527472554,-0.1098901098901095,35,32,ENABLE
1785583354.215136,-0.5315861753261615,0.4285714285714306,-0.03956043956043942,35,32,ENABLE
1785583354.2201355,-0.5281528953994048,0.6043956043956058,0.0219780219780219,35,32,ENABLE
1785583354.2252228,-0.5243381399252307,0.7142857142857153,0.09230769230769198,35,32,ENABLE
1785583354.2302094,-0.5197604333562218,0.8681318681318686,0.14505494505494454,35,32,ENABLE
1785583354.2352054,-0.5140383001449607,0.9780219780219781,0.1978021978021971,35,32,ENABLE
1785583354.240142,-0.5083161669336995,1.1318681318681314,0.2417582417582409,35,32,ENABLE
1785583354.2452195,-0.5014496070801862,1.2637362637362628,0.27692307692307594,35,32,ENABLE
1785583354.2502234,-0.49382009613183797,1.417582417582416,0.29450549450549346,35,32,ENABLE
1785583354.2551417,-0.4858091096360724,1.5714285714285694,0.29450549450549346,35,32,ENABLE
1785583354.2601352,-0.47665369649805456,1.7032967032967008,0.29450549450549346,35,32,ENABLE
1785583354.2652233,-0.46749828336003674,1.7912087912087884,0.32087912087911974,35,32,ENABLE
1785583354.2702076,-0.4583428702220189,1.8131868131868103,0.3560439560439548,35,32,ENABLE
1785583354.2751403,-0.4488059815365837,1.857142857142854,0.3999999999999986,35,32,ENABLE
1785583354.2801335,-0.43888761730373105,1.9230769230769198,0.4439560439560424,35,32,ENABLE
1785583354.2851467,-0.4289692530708784,1.9890109890109855,0.4615384615384599,35,32,ENABLE
1785583354.2901404,-0.41866941329060836,2.0109890109890145,0.4791208791208774,35,32,ENABLE
1785583354.2951326,-0.4083695735103383,2.0329670329670364,0.5318681318681335,35,32,ENABLE
1785583354.3001447,-0.39806973373006826,2.07692307692308,0.5670329670329686,35,32,ENABLE
1785583354.3052435,-0.3870069428549634,2.142857142857146,0.5934065934065949,35,32,ENABLE
1785583354.3102293,-0.3755626764324411,2.1868131868131897,0.6021978021978036,35,32,ENABLE
1785583354.3152096,-0.36373693446250144,2.318681318681321,0.5934065934065949,35,32,ENABLE
1785583354.320116,-0.35152971694514434,2.4285714285714306,0.5758241758241773,35,32,ENABLE
1785583354.3250647,-0.33932249942778725,2.4505494505494525,0.5934065934065949,35,32,ENABLE
1785583354.3301704,-0.32635233081559534,2.516483516483518,0.5758241758241773,35,32,ENABLE
1785583354.3352146,-0.313000686655986,2.582417582417584,0.549450549450551,35,32,ENABLE
1785583354.340147,-0.2996490424963767,2.6703296703296715,0.549450549450551,35,32,ENABLE
1785583354.345138,-0.28591592278934996,2.6923076923076934,0.549450549450551,35,32,ENABLE
1785583354.3501837,-0.27218280308232323,2.736263736263737,0.5318681318681335,35,32,ENABLE
1785583354.3552063,-0.2580682078278791,2.758241758241759,0.5054945054945073,35,32,ENABLE
1785583354.360149,-0.24395361257343318,2.824175824175825,0.49670329670329494,35,32,ENABLE
1785583354.365148,-0.22945754177157163,2.8461538461538467,0.4879120879120862,35,32,ENABLE
1785583354.3702285,-0.21457999542229267,2.8901098901098905,0.4615384615384599,35,32,ENABLE
1785583354.3751483,-0.1997024490730137,2.956043956043956,0.4439560439560424,35,32,ENABLE
1785583354.3801417,-0.18482490272373475,2.978021978021978,0.4439560439560424,35,32,ENABLE
1785583354.3851504,-0.1699473563744558,3.0,0.3999999999999986,35,32,ENABLE
1785583354.3902524,-0.15430685893034202,3.021978021978022,0.3736263736263723,35,32,ENABLE
1785583354.3952081,-0.13866636148622824,3.0879120879120876,0.3736263736263723,35,32,ENABLE
1785583354.4001493,-0.12340733958953187,3.0879120879120876,0.347252747252746,35,32,ENABLE
1785583354.4051478,-0.1077668421454181,3.1318681318681314,0.3032967032967022,35,32,ENABLE
1785583354.4102225,-0.0913633936064695,3.1538461538461533,0.2857142857142847,35,32,ENABLE
1785583354.415151,-0.07572289616235572,3.197802197802197,0.2681318681318672,35,32,ENABLE
1785583354.4201534,-0.06008239871824195,3.1318681318681314,0.2593406593406584,35,32,ENABLE
1785583354.4251494,-0.04482337682154558,3.0659340659340657,0.29450549450549346,35,32,ENABLE
1785583354.4302185,-0.03070878156710144,2.9120879120879124,0.347252747252746,35,32,ENABLE
1785583354.4352233,-0.01697566186007471,2.780219780219781,0.3912087912087898,35,32,ENABLE
1785583354.4402206,-0.003242542153047978,2.736263736263737,0.4615384615384599,35,32,ENABLE
1785583354.4452116,0.010109102006561344,2.6703296703296715,0.5318681318681335,35,32,ENABLE
1785583354.4502258,0.022697795071335847,2.604395604395606,0.5758241758241773,35,32,ENABLE
1785583354.4552147,0.03566796368352776,2.604395604395606,0.6109890109890124,35,32,ENABLE
1785583354.4601486,0.04901960784313708,2.6263736263736277,0.6461538461538474,35,32,ENABLE
1785583354.4651482,0.0623712520027464,2.6263736263736277,0.6813186813186825,35,32,ENABLE
1785583354.470151,0.07534142061493831,2.6483516483516496,0.6901098901098912,35,32,ENABLE
1785583354.475232,0.08907454032196505,2.6483516483516496,0.6813186813186825,35,32,ENABLE
1785583354.480161,0.10242618448157437,2.7142857142857153,0.7076923076923087,35,32,ENABLE
1785583354.48515,0.1161593041886011,2.6923076923076934,0.7252747252747263,35,32,ENABLE
1785583354.4901464,0.12989242389562783,2.736263736263737,0.7076923076923087,35,32,ENABLE
1785583354.4951847,0.14362554360265456,2.758241758241759,0.7252747252747263,35,32,ENABLE
1785583354.5001369,0.1573586633096813,2.758241758241759,0.7428571428571438,35,32,ENABLE
1785583354.5051553,0.17109178301670802,2.758241758241759,0.7428571428571438,35,32,ENABLE
1785583354.5101745,0.18520637827115216,2.780219780219781,0.734065934065935,35,32,ENABLE
1785583354.51515,0.1993209735255963,2.802197802197803,0.7428571428571438,35,32,ENABLE
1785583354.5202239,0.21343556878004044,2.780219780219781,0.7516483516483525,35,32,ENABLE
1785583354.5251398,0.22716868848706717,2.802197802197803,0.7604395604395613,35,32,ENABLE
1785583354.5301504,0.2409018081940939,2.758241758241759,0.7604395604395613,35,32,ENABLE
1785583354.5352097,0.2550164034485398,2.802197802197803,0.7868131868131876,35,32,ENABLE
1785583354.5401554,0.26913099870298396,2.802197802197803,0.8043956043956051,35,32,ENABLE
1785583354.545138,0.2832455939574281,2.802197802197803,0.76923076923077,35,32,ENABLE
1785583354.550224,0.29774166475928965,2.8681318681318686,0.7780219780219788,35,32,ENABLE
1785583354.5551465,0.3114747844663164,2.802197802197803,0.7956043956043963,35,32,ENABLE
1785583354.5602472,0.32597085526817793,2.780219780219781,0.7956043956043963,35,32,ENABLE
1785583354.5652103,0.34008545052262207,2.824175824175825,0.7868131868131876,35,32,ENABLE
1785583354.5701735,0.3538185702296488,2.802197802197803,0.8043956043956051,35,32,ENABLE
1785583354.575211,0.36831464103151035,2.802197802197803,0.8131868131868139,35,32,ENABLE
1785583354.5801327,0.38166628519111967,2.780219780219781,0.8043956043956051,35,32,ENABLE
1785583354.5852108,0.3961623559929812,2.802197802197803,0.8043956043956051,35,32,ENABLE
1785583354.59014,0.41027695124742536,2.824175824175825,0.8219780219780226,35,32,ENABLE
1785583354.5951476,0.4236285954070347,2.758241758241759,0.8395604395604401,35,32,ENABLE
1785583354.600151,0.4377431906614788,2.780219780219781,0.8219780219780226,35,32,ENABLE
1785583354.605208,0.45185778591592296,2.758241758241759,0.8483516483516489,35,32,ENABLE
1785583354.6101627,0.4652094300755323,2.736263736263737,0.8571428571428577,35,32,ENABLE
1785583354.61515,0.478942549782559,2.758241758241759,0.8395604395604401,35,32,ENABLE
1785583354.6201446,0.49305714503700315,2.758241758241759,0.8571428571428577,35,32,ENABLE
1785583354.6251817,0.5067902647440299,2.758241758241759,0.8747252747252752,35,32,ENABLE
1785583354.630218,0.5201419089036392,2.7142857142857153,0.8835164835164839,35,32,ENABLE
1785583354.635224,0.5334935530632485,2.6703296703296715,0.8835164835164839,35,32,ENABLE
1785583354.6402817,0.5476081483176927,2.7142857142857153,0.8923076923076927,35,32,ENABLE
1785583354.64504,0.5601968413824672,2.6483516483516496,0.918681318681319,35,32,ENABLE
1785583354.6500626,0.5731670099946591,2.604395604395606,0.9274725274725277,35,32,ENABLE
1785583354.6552148,0.5869001297016858,2.6483516483516496,0.9098901098901102,35,32,ENABLE
1785583354.660204,0.6002517738612951,2.6263736263736277,0.953846153846154,35,32,ENABLE
1785583354.6653247,0.6124589913786522,2.516483516483518,0.989010989010989,35,32,ENABLE
1785583354.6702266,0.6246662088960093,2.4285714285714306,1.024175824175824,35,32,ENABLE
1785583354.6752076,0.636491950865949,2.4065934065934087,1.0417582417582416,35,32,ENABLE
1785583354.680146,0.6483176928358887,2.4065934065934087,1.0945054945054942,35,32,ENABLE
1785583354.6852105,0.6605249103532458,2.362637362637365,1.1208791208791204,35,32,ENABLE
1785583354.6902292,0.6723506523231855,2.362637362637365,1.1296703296703292,35,32,ENABLE
1785583354.6952066,0.6841763942931252,2.362637362637365,1.1472527472527467,35,32,ENABLE
1785583354.7001119,0.6960021362630648,2.384615384615387,1.1648351648351642,35,32,ENABLE
1785583354.7051394,0.7078278782330045,2.362637362637365,1.1999999999999993,35,32,ENABLE
1785583354.7101445,0.7192721446555268,2.318681318681321,1.208791208791208,35,32,ENABLE
1785583354.715143,0.7307164110780491,2.318681318681321,1.208791208791208,35,32,ENABLE
1785583354.7201548,0.7425421530479888,2.340659340659343,1.2263736263736256,35,32,ENABLE
1785583354.7251449,0.7543678950179302,2.318681318681321,1.2527472527472518,35,32,ENABLE
1785583354.7302463,0.7661936369878699,2.318681318681321,1.2615384615384606,35,32,ENABLE
1785583354.7352052,0.7772564278629748,2.2747252747252773,1.2527472527472518,35,32,ENABLE
1785583354.7401369,0.788700694285497,2.2747252747252773,1.2615384615384606,35,32,ENABLE
1785583354.7451367,0.8001449607080193,2.2527472527472554,1.287912087912087,35,32,ENABLE
1785583354.7502475,0.811970702677959,2.296703296703299,1.2967032967032956,35,32,ENABLE
1785583354.7552226,0.8230334935530639,2.2747252747252773,1.2967032967032956,35,32,ENABLE
1785583354.7602234,0.8340962844281687,2.2087912087912116,1.3142857142857132,35,32,ENABLE
1785583354.7651684,0.8447775997558562,2.142857142857146,1.358241758241757,35,32,ENABLE
1785583354.7702155,0.8550774395361262,2.098901098901102,1.4197802197802183,35,32,ENABLE
1785583354.775218,0.8653772793163963,2.0549450549450583,1.4461538461538446,35,32,ENABLE
1785583354.7801387,0.8756771190966663,2.0549450549450583,1.4461538461538446,35,32,ENABLE
1785583354.7852113,0.8859769588769364,2.0549450549450583,1.463736263736262,35,32,ENABLE
1785583354.7901428,0.8962767986572064,2.0549450549450583,1.4813186813186796,35,32,ENABLE
1785583354.7952082,0.9061951628900591,2.0549450549450583,1.525274725274727,35,32,ENABLE
1785583354.8001418,0.9161135271229117,1.9670329670329636,1.5516483516483532,35,32,ENABLE
1785583354.8051386,0.925650415808347,1.9450549450549417,1.5428571428571445,35,32,ENABLE
1785583354.8101423,0.935950255588617,1.9670329670329636,1.5428571428571445,35,32,ENABLE
1785583354.8153174,0.946250095368887,1.9890109890109855,1.5780219780219795,35,32,ENABLE
1785583354.8202097,0.9557869840543223,1.9670329670329636,1.5868131868131883,35,32,ENABLE
1785583354.825213,0.9653238727397575,1.901098901098898,1.6043956043956058,35,32,ENABLE
1785583354.8301451,0.9744792858777753,1.857142857142854,1.6219780219780233,35,32,ENABLE
1785583354.8352435,0.9836346990157931,1.8351648351648322,1.6571428571428584,35,32,ENABLE
1785583354.8401837,0.992790112153811,1.8131868131868103,1.6747252747252759,35,32,ENABLE
1785583354.8451426,1.0019455252918288,1.8131868131868103,1.6923076923076934,35,32,ENABLE
1785583354.8502164,1.0111009384298466,1.7912087912087884,1.7274725274725284,35,32,ENABLE
1785583354.8551385,1.019874876020447,1.7912087912087884,1.7186813186813197,35,32,ENABLE
1785583354.8602023,1.0286488136110474,1.7912087912087884,1.709890109890111,35,32,ENABLE
1785583354.8651426,1.0374227512016478,1.7692307692307665,1.7274725274725284,35,32,ENABLE
1785583354.870207,1.0461966887922483,1.7472527472527446,1.7538461538461547,35,32,ENABLE
1785583354.8751407,1.0545891508354313,1.681318681318679,1.7890109890109898,35,32,ENABLE
1785583354.8802204,1.0629816128786143,1.637362637362635,1.8065934065934073,35,32,ENABLE
1785583354.885141,1.0709925993743799,1.6153846153846132,1.8065934065934073,35,32,ENABLE
1785583354.89014,1.0793850614175629,1.6153846153846132,1.7978021978021985,35,32,ENABLE
1785583354.8951418,1.0877775234607459,1.659340659340657,1.8065934065934073,35,32,ENABLE
1785583354.9001806,1.0961699855039289,1.659340659340657,1.815384615384616,35,32,ENABLE
1785583354.9051983,1.1045624475471119,1.6153846153846132,1.8241758241758248,35,32,ENABLE
1785583354.9101431,1.1118104829480426,1.5274725274725256,1.8593406593406598,35,32,ENABLE
1785583354.9151404,1.1194399938963908,1.4835164835164818,1.8681318681318686,35,32,ENABLE
1785583354.9201813,1.1266880292973216,1.4835164835164818,1.8681318681318686,35,32,ENABLE
1785583354.9252076,1.1343175402456698,1.5274725274725256,1.8769230769230774,35,32,ENABLE
1785583354.9301393,1.141947051194018,1.5274725274725256,1.8857142857142861,35,32,ENABLE
1785583354.9352045,1.1495765621423661,1.5494505494505475,1.8945054945054949,35,32,ENABLE
1785583354.940147,1.1572060730907143,1.5054945054945037,1.8769230769230774,35,32,ENABLE
1785583354.9451852,1.164454108491645,1.439560439560438,1.8769230769230774,35,32,ENABLE
1785583354.95021,1.1717021438925759,1.439560439560438,1.8857142857142861,35,32,ENABLE
1785583354.9552069,1.1785687037460892,1.439560439560438,1.8681318681318686,35,32,ENABLE
1785583354.9601402,1.18581673914702,1.46153846153846,1.8681318681318686,35,32,ENABLE
1785583354.9652076,1.1930647745479508,1.417582417582416,1.8681318681318686,35,32,ENABLE
1785583354.970138,1.1999313344014642,1.3736263736263723,1.8857142857142861,35,32,ENABLE
1785583354.9752045,1.2067978942549775,1.3296703296703285,1.8945054945054949,35,32,ENABLE
1785583354.9801388,1.2132829785610735,1.3296703296703285,1.8945054945054949,35,32,ENABLE
1785583354.9852288,1.2197680628671694,1.3296703296703285,1.8769230769230774,35,32,ENABLE
1785583354.9901443,1.2262531471732654,1.2857142857142847,1.850549450549451,35,32,ENABLE
1785583354.9951394,1.2327382314793613,1.3076923076923066,1.850549450549451,35,32,ENABLE
1785583355.0001414,1.2392233157854573,1.241758241758241,1.850549450549451,35,32,ENABLE
1785583355.005456,1.2453269245441358,1.219780219780219,1.8769230769230774,35,32,ENABLE
1785583355.0102158,1.250286106660564,1.1098901098901095,1.8857142857142861,35,32,ENABLE
1785583355.0151417,1.2556267643244077,1.0659340659340657,1.9120879120879124,35,32,ENABLE
1785583355.0202096,1.2609674219882514,1.0659340659340657,1.92967032967033,35,32,ENABLE
1785583355.0251446,1.2655451285572603,1.0,1.9208791208791212,35,32,ENABLE
1785583355.0301533,1.2705043106736866,0.9780219780219781,1.9032967032967036,35,32,ENABLE
1785583355.03514,1.2758449683375304,1.021978021978022,1.8857142857142861,35,32,ENABLE
1785583355.0401351,1.281185626001374,1.0439560439560438,1.8769230769230774,35,32,ENABLE
1785583355.0451405,1.2861448081178004,1.0,1.8681318681318686,35,32,ENABLE
1785583355.050221,1.2911039902342267,0.9560439560439562,1.8681318681318686,35,32,ENABLE
1785583355.0551398,1.2956816968032356,0.9120879120879124,1.8681318681318686,35,32,ENABLE
1785583355.0601385,1.2998779278248271,0.8681318681318686,1.8681318681318686,35,32,ENABLE
1785583355.0651438,1.3036926832990012,0.780219780219781,1.8769230769230774,35,32,ENABLE
1785583355.0702217,1.3075074387731753,0.7362637362637372,1.8857142857142861,35,32,ENABLE
1785583355.0752006,1.3113221942473494,0.7362637362637372,1.8857142857142861,35,32,ENABLE
1785583355.0802166,1.3151369497215235,0.6923076923076934,1.8857142857142861,35,32,ENABLE
1785583355.0852165,1.3185702296482802,0.7362637362637372,1.8593406593406598,35,32,ENABLE
1785583355.0901852,1.3223849851224543,0.7362637362637372,1.850549450549451,35,32,ENABLE
1785583355.095143,1.3261997405966284,0.7582417582417591,1.8065934065934073,35,32,ENABLE
1785583355.1001399,1.3300144960708025,0.7362637362637372,1.7890109890109898,35,32,ENABLE
1785583355.1051393,1.3334477759975591,0.7142857142857153,1.7890109890109898,35,32,ENABLE
1785583355.110143,1.3364995803768984,0.6483516483516496,1.7978021978021985,35,32,ENABLE
1785583355.115149,1.3391699092088203,0.5824175824175839,1.8065934065934073,35,32,ENABLE
1785583355.120138,1.3414587624933247,0.4945054945054963,1.8065934065934073,35,32,ENABLE
1785583355.1251535,1.3437476157778292,0.4285714285714306,1.8241758241758248,35,32,ENABLE
1785583355.130144,1.3456549935149162,0.4065934065934087,1.815384615384616,35,32,ENABLE
1785583355.1352105,1.3471808957045859,0.340659340659343,1.8417582417582423,35,32,ENABLE
1785583355.1401396,1.3487067978942555,0.2967032967032992,1.850549450549451,35,32,ENABLE
1785583355.145213,1.3502327000839252,0.2967032967032992,1.815384615384616,35,32,ENABLE
1785583355.1501846,1.3517586022735948,0.2747252747252773,1.8329670329670336,35,32,ENABLE
1785583355.155251,1.3525215533684296,0.2087912087912116,1.8329670329670336,35,32,ENABLE
1785583355.160217,1.3536659800106818,0.1868131868131897,1.8065934065934073,35,32,ENABLE
1785583355.1652148,1.3544289311055167,0.1648351648351678,1.815384615384616,35,32,ENABLE
1785583355.170225,1.354810406652934,0.0989010989011021,1.8329670329670336,35,32,ENABLE
1785583355.175254,1.354810406652934,0.0549450549450583,1.850549450549451,35,32,ENABLE
1785583355.1802034,1.354810406652934,0.0329670329670364,1.8417582417582423,35,32,ENABLE
1785583355.1852171,1.354810406652934,-0.010989010989014503,1.8417582417582423,35,32,ENABLE
1785583355.1901357,1.354810406652934,-0.010989010989014503,1.8241758241758248,35,32,ENABLE
1785583355.1951444,1.354810406652934,-0.0549450549450583,1.815384615384616,35,32,ENABLE
1785583355.2002258,1.3544289311055167,-0.0549450549450583,1.7890109890109898,35,32,ENABLE
1785583355.205136,1.3540474555580992,-0.0549450549450583,1.7714285714285722,35,32,ENABLE
1785583355.210137,1.3540474555580992,-0.0549450549450583,1.7538461538461547,35,32,ENABLE
1785583355.2151425,1.3536659800106818,-0.0769230769230802,1.7274725274725284,35,32,ENABLE
1785583355.220139,1.3532845044632644,-0.0989010989011021,1.7010989010989022,35,32,ENABLE
1785583355.2252047,1.352903028915847,-0.0989010989011021,1.6835164835164846,35,32,ENABLE
1785583355.2301362,1.3521400778210122,-0.1648351648351678,1.6659340659340671,35,32,ENABLE
1785583355.235209,1.35099565117876,-0.2087912087912116,1.6659340659340671,35,32,ENABLE
1785583355.2401836,1.3498512245365077,-0.2527472527472554,1.6483516483516496,35,32,ENABLE
1785583355.2451005,1.349088273441673,-0.1868131868131897,1.6043956043956058,35,32,ENABLE
1785583355.2502122,1.3475623712520033,-0.2307692307692335,1.5868131868131883,35,32,ENABLE
1785583355.2551332,1.3456549935149162,-0.340659340659343,1.595604395604397,35,32,ENABLE
1785583355.2601793,1.3441290913252466,-0.340659340659343,1.5428571428571445,35,32,ENABLE
1785583355.2652028,1.342603189135577,-0.3186813186813211,1.5516483516483532,35,32,ENABLE
1785583355.2701383,1.34069581139849,-0.4065934065934087,1.5428571428571445,35,32,ENABLE
1785583355.2751548,1.3387884336614029,-0.3846153846153868,1.4901098901098884,35,32,ENABLE
1785583355.2801397,1.3364995803768984,-0.4285714285714306,1.4725274725274708,35,32,ENABLE
1785583355.2852273,1.334210727092394,-0.4065934065934087,1.4373626373626358,35,32,ENABLE
1785583355.2901378,1.3319218738078895,-0.4725274725274744,1.4109890109890095,35,32,ENABLE
1785583355.2951424,1.329633020523385,-0.4725274725274744,1.3758241758241745,35,32,ENABLE
1785583355.3001297,1.3269626916914632,-0.5164835164835182,1.3494505494505482,35,32,ENABLE
1785583355.3051488,1.3242923628595413,-0.560439560439562,1.3494505494505482,35,32,ENABLE
1785583355.3101394,1.321240558480202,-0.5824175824175839,1.323076923076922,35,32,ENABLE
1785583355.315169,1.3178072785534454,-0.6703296703296715,1.3054945054945044,35,32,ENABLE
1785583355.3233418,1.3124666208896016,-0.6923076923076934,1.2967032967032956,35,32,ENABLE
1785583355.328107,1.3086518654154276,-0.7362637362637372,1.3142857142857132,35,32,ENABLE
1785583355.3305597,1.306363012130923,-0.8021978021978029,1.3054945054945044,35,32,ENABLE
1785583355.3346713,1.302548256656749,-0.8681318681318686,1.2703296703296694,35,32,ENABLE
1785583355.3393948,1.2983520256351575,-0.9120879120879124,1.2527472527472518,35,32,ENABLE
1785583355.3444953,1.2937743190661486,-0.9560439560439562,1.208791208791208,35,32,ENABLE
1785583355.3495135,1.2891966124971397,-0.9780219780219781,1.208791208791208,35,32,ENABLE
1785583355.3545399,1.283855954833296,-0.9780219780219781,1.173626373626373,35,32,ENABLE
1785583355.3589613,1.2796597238117045,-0.9560439560439562,1.1472527472527467,35,32,ENABLE
1785583355.363931,1.2743190661478607,-1.0439560439560438,1.138461538461538,35,32,ENABLE
1785583355.370677,1.2674525062943474,-1.0439560439560438,1.1120879120879117,35,32,ENABLE
1785583355.375612,1.2613488975356688,-1.1318681318681314,1.1208791208791204,35,32,ENABLE
1785583355.3803585,1.256008239871825,-1.219780219780219,1.1208791208791204,35,32,ENABLE
1785583355.38521,1.2499046311131448,-1.197802197802197,1.1120879120879117,35,32,ENABLE
1785583355.3900855,1.2434195468070488,-1.2637362637362628,1.0857142857142854,35,32,ENABLE
1785583355.3949785,1.2369344625009528,-1.3296703296703285,1.068131868131868,35,32,ENABLE
1785583355.4001334,1.2300679026474395,-1.3516483516483504,1.068131868131868,35,32,ENABLE
1785583355.405134,1.2224383916990913,-1.439560439560438,1.0857142857142854,35,32,ENABLE
1785583355.410172,1.2148088807507431,-1.5054945054945037,1.103296703296703,35,32,ENABLE
1785583355.415135,1.2067978942549775,-1.6153846153846132,1.1120879120879117,35,32,ENABLE
1785583355.420131,1.1984054322117945,-1.659340659340657,1.1208791208791204,35,32,ENABLE
1785583355.4251294,1.1900129701686115,-1.7252747252747227,1.1208791208791204,35,32,ENABLE
1785583355.4301736,1.181239032578011,-1.7252747252747227,1.1208791208791204,35,32,ENABLE
1785583355.4352076,1.1724650949874107,-1.7692307692307665,1.1296703296703292,35,32,ENABLE
1785583355.4401302,1.1633096818493929,-1.7912087912087884,1.1472527472527467,35,32,ENABLE
1785583355.4451337,1.1537727931639576,-1.879120879120876,1.1472527472527467,35,32,ENABLE
1785583355.4502103,1.1442359044785224,-1.9230769230769198,1.138461538461538,35,32,ENABLE
1785583355.4552188,1.1346990157930872,-1.9230769230769198,1.138461538461538,35,32,ENABLE
1785583355.4601946,1.1247806515602345,-1.9890109890109855,1.138461538461538,35,32,ENABLE
1785583355.4652045,1.1144808117799645,-1.9890109890109855,1.1472527472527467,35,32,ENABLE
1785583355.4701645,1.1045624475471119,-2.0329670329670364,1.1560439560439555,35,32,ENABLE
1785583355.4751818,1.0938811322194244,-2.098901098901102,1.1472527472527467,35,32,ENABLE
1785583355.4801266,1.0835812924391544,-2.120879120879124,1.138461538461538,35,32,ENABLE
1785583355.4851282,1.072899977111467,-2.142857142857146,1.1472527472527467,35,32,ENABLE
1785583355.490126,1.0622186617837794,-2.120879120879124,1.1472527472527467,35,32,ENABLE
1785583355.4952152,1.0511558709086746,-2.1868131868131897,1.138461538461538,35,32,ENABLE
1785583355.5001392,1.0404745555809871,-2.2087912087912116,1.138461538461538,35,32,ENABLE
1785583355.505132,1.0290302891584648,-2.2087912087912116,1.1208791208791204,35,32,ENABLE
1785583355.5101285,1.01796749828336,-2.2307692307692335,1.1208791208791204,35,32,ENABLE
1785583355.5151737,1.0065232318608377,-2.318681318681321,1.138461538461538,35,32,ENABLE
1785583355.5201354,0.9950789654383154,-2.318681318681321,1.1120879120879117,35,32,ENABLE
1785583355.5251296,0.9832532234683757,-2.340659340659343,1.1120879120879117,35,32,ENABLE
1785583355.5301285,0.9710460059510186,-2.384615384615387,1.1120879120879117,35,32,ENABLE
1785583355.53519,0.9588387884336615,-2.384615384615387,1.1120879120879117,35,32,ENABLE
1785583355.5401378,0.9470130464637219,-2.4065934065934087,1.1120879120879117,35,32,ENABLE
1785583355.5451317,0.9348058289463648,-2.4505494505494525,1.0945054945054942,35,32,ENABLE
1785583355.5502043,0.9222171358815903,-2.4505494505494525,1.0945054945054942,35,32,ENABLE
1785583355.5551264,0.9100099183642332,-2.4725274725274744,1.0857142857142854,35,32,ENABLE
1785583355.5601325,0.8974212252994587,-2.516483516483518,1.0857142857142854,35,32,ENABLE
1785583355.5651329,0.8844510566872668,-2.53846153846154,1.068131868131868,35,32,ENABLE
1785583355.5702057,0.8714808880750748,-2.582417582417584,1.0593406593406591,35,32,ENABLE
1785583355.5751374,0.8592736705577178,-2.4945054945054963,1.0417582417582416,35,32,ENABLE
1785583355.5802116,0.8466849774929432,-2.53846153846154,1.0329670329670328,35,32,ENABLE
1785583355.5852067,0.8337148088807513,-2.560439560439562,0.9978021978021978,35,32,ENABLE
1785583355.590124,0.8215075913633942,-2.582417582417584,0.9626373626373628,35,32,ENABLE
1785583355.595178,0.8085374227512023,-2.560439560439562,0.9626373626373628,35,32,ENABLE
1785583355.6002095,0.795185778591593,-2.582417582417584,0.9362637362637365,35,32,ENABLE
1785583355.605128,0.7822156099794011,-2.6263736263736277,0.918681318681319,35,32,ENABLE
1785583355.6101365,0.7692454413672092,-2.6263736263736277,0.8835164835164839,35,32,ENABLE
1785583355.6151292,0.7562752727550173,-2.6483516483516496,0.8835164835164839,35,32,ENABLE
1785583355.6201282,0.7429236285954062,-2.6483516483516496,0.8483516483516489,35,32,ENABLE
1785583355.625202,0.7295719844357968,-2.6483516483516496,0.8307692307692314,35,32,ENABLE
1785583355.630128,0.7162203402761875,-2.6923076923076934,0.8131868131868139,35,32,ENABLE
1785583355.6351311,0.7028686961165782,-2.6923076923076934,0.7868131868131876,35,32,ENABLE
1785583355.640151,0.6895170519569689,-2.7142857142857153,0.7780219780219788,35,32,ENABLE
1785583355.645213,0.6754024567025247,-2.758241758241759,0.7428571428571438,35,32,ENABLE
1785583355.650221,0.6620508125429154,-2.736263736263737,0.7164835164835175,35,32,ENABLE
1785583355.6551316,0.6483176928358887,-2.736263736263737,0.6989010989011,35,32,ENABLE
1785583355.660134,0.6342030975814446,-2.780219780219781,0.6725274725274737,35,32,ENABLE
1785583355.665253,0.6200885023270004,-2.780219780219781,0.6461538461538474,35,32,ENABLE
1785583355.6702108,0.6063553826199737,-2.780219780219781,0.6285714285714299,35,32,ENABLE
1785583355.6751256,0.592622262912947,-2.824175824175825,0.6021978021978036,35,32,ENABLE
1785583355.6801283,0.5785076676585028,-2.8461538461538467,0.5582417582417598,35,32,ENABLE
1785583355.6852148,0.5640115968566413,-2.824175824175825,0.5406593406593423,35,32,ENABLE
1785583355.6901295,0.5498970016021971,-2.8461538461538467,0.5318681318681335,35,32,ENABLE
1785583355.695125,0.535782406347753,-2.8681318681318686,0.4879120879120862,35,32,ENABLE
1785583355.7000859,0.5212863355458914,-2.9120879120879124,0.47032967032966866,35,32,ENABLE
1785583355.7051792,0.5064087891966125,-2.9340659340659343,0.4615384615384599,35,32,ENABLE
1785583355.7102184,0.4919127183947509,-2.9120879120879124,0.4439560439560424,35,32,ENABLE
1785583355.715204,0.47703517204547197,-2.956043956043956,0.3999999999999986,35,32,ENABLE
1785583355.720096,0.4629205767910278,-2.9340659340659343,0.3912087912087898,35,32,ENABLE
1785583355.7251277,0.44766155489433146,-2.978021978021978,0.3736263736263723,35,32,ENABLE
1785583355.7301798,0.4327840085450525,-3.0,0.3296703296703285,35,32,ENABLE
1785583355.7351828,0.41752498664835613,-2.978021978021978,0.3032967032967022,35,32,ENABLE
1785583355.7401416,0.4030289158464946,-3.0,0.29450549450549346,35,32,ENABLE
1785583355.7451239,0.3877698939497982,-3.0,0.2593406593406584,35,32,ENABLE
1785583355.7502363,0.37212939650568444,-3.043956043956044,0.22417582417582338,35,32,ENABLE
1785583355.755178,0.3576333257038229,-3.043956043956044,0.21538461538461462,35,32,ENABLE
1785583355.760138,0.3423743038071265,-3.043956043956044,0.18901098901098834,35,32,ENABLE
1785583355.7652252,0.32711528191043016,-3.021978021978022,0.14505494505494454,35,32,ENABLE
1785583355.7702231,0.3122377355611512,-3.0659340659340657,0.11868131868131826,35,32,ENABLE
1785583355.77518,0.29697871366445483,-3.0659340659340657,0.1098901098901095,35,32,ENABLE
1785583355.7801294,0.28171969176775846,-3.1098901098901095,0.0659340659340657,35,32,ENABLE
1785583355.78513,0.2664606698710621,-3.0659340659340657,0.04835164835164818,35,32,ENABLE
1785583355.7900953,0.2508201724269483,-3.1098901098901095,0.04835164835164818,35,32,ENABLE
1785583355.795215,0.23479819943541536,-3.1098901098901095,0.00439560439560438,35,32,ENABLE
1785583355.8001692,0.219539177538719,-3.1318681318681314,-0.03076923076923066,35,32,ENABLE
1785583355.805129,0.2038986800946052,-3.1318681318681314,-0.03076923076923066,35,32,ENABLE
1785583355.8101296,0.18787670710307403,-3.175824175824175,-0.0659340659340657,35,32,ENABLE
1785583355.8151317,0.17185473411154284,-3.197802197802197,-0.08351648351648322,35,32,ENABLE
1785583355.8201363,0.15621423666742906,-3.1538461538461533,-0.09230769230769198,35,32,ENABLE
1785583355.8251286,0.13981078812848047,-3.241758241758241,-0.1098901098901095,35,32,ENABLE
1785583355.8301353,0.12302586404211446,-3.2857142857142847,-0.1098901098901095,35,32,ENABLE
1785583355.8351789,0.10585946440833105,-3.417582417582416,-0.08351648351648322,35,32,ENABLE
1785583355.8401859,0.08831158922713023,-3.5054945054945037,-0.04835164835164818,35,32,ENABLE
1785583355.8451538,0.07000076295109459,-3.615384615384613,-0.01318681318681314,35,32,ENABLE
1785583355.850194,0.051308461127641536,-3.7252747252747227,0.07472527472527446,35,32,ENABLE
1785583355.8551838,0.03185320820935367,-3.7912087912087884,0.10109890109890074,35,32,ENABLE
1785583355.8601289,0.012779430838483208,-3.879120879120876,0.16263736263736206,35,32,ENABLE
1785583355.8651297,-0.00705729762722207,-3.92307692307692,0.2417582417582409,35,32,ENABLE
1785583355.870126,-0.02651255054550994,-3.901098901098898,0.25054945054944966,35,32,ENABLE
1785583355.8751664,-0.046349279011215216,-3.901098901098898,0.29450549450549346,35,32,ENABLE
1785583355.8801818,-0.0661860074769205,-3.9670329670329636,0.33846153846153726,35,32,ENABLE
1785583355.8851302,-0.08564126039520836,-3.9450549450549417,0.347252747252746,35,32,ENABLE
1785583355.8901305,-0.10471503776607882,-3.901098901098898,0.36483516483516354,35,32,ENABLE
1785583355.8951674,-0.12378881513694928,-3.879120879120876,0.36483516483516354,35,32,ENABLE
1785583355.9001684,-0.14324406805523715,-3.835164835164832,0.38241758241758106,35,32,ENABLE
1785583355.905131,-0.1619363698786902,-3.8131868131868103,0.3560439560439548,35,32,ENABLE
1785583355.910109,-0.17986572060730843,-3.703296703296701,0.347252747252746,35,32,ENABLE
1785583355.915301,-0.19855802243076148,-3.681318681318679,0.3560439560439548,35,32,ENABLE
1785583355.9202094,-0.21648737315937971,-3.637362637362635,0.32087912087911974,35,32,ENABLE
1785583355.9251857,-0.23403524834058054,-3.5494505494505475,0.27692307692307594,35,32,ENABLE
1785583355.9301302,-0.2504386968795309,-3.417582417582416,0.2417582417582409,35,32,ENABLE
1785583355.935221,-0.26798657206073173,-3.417582417582416,0.1978021978021971,35,32,ENABLE
1785583355.9401262,-0.2840085450522629,-3.3516483516483504,0.1538461538461533,35,32,ENABLE
1785583355.945129,-0.3000305180437941,-3.2857142857142847,0.1098901098901095,35,32,ENABLE
1785583355.950205,-0.3160524910353253,-3.175824175824175,0.04835164835164818,35,32,ENABLE
1785583355.9551344,-0.33131151293202166,-3.1098901098901095,0.01318681318681314,35,32,ENABLE
1785583355.960125,-0.34695201037613543,-3.1098901098901095,-0.03076923076923066,35,32,ENABLE
1785583355.9651709,-0.3618295567254144,-3.0879120879120876,-0.1098901098901095,35,32,ENABLE
1785583355.970127,-0.37708857862211076,-3.021978021978022,-0.16263736263736206,35,32,ENABLE
1785583355.9751558,-0.3919661249713897,-3.0,-0.18901098901098834,35,32,ENABLE
1785583355.980131,-0.4072251468680861,-3.043956043956044,-0.21538461538461462,35,32,ENABLE
1785583355.9851277,-0.42248416876478245,-3.0659340659340657,-0.2417582417582409,35,32,ENABLE
1785583355.9901254,-0.4377431906614788,-3.043956043956044,-0.22417582417582338,35,32,ENABLE
1785583355.9951258,-0.45109483482108814,-2.8461538461538467,-0.20659340659340586,35,32,ENABLE
1785583356.0001285,-0.4629205767910278,-2.4945054945054963,-0.18021978021977958,35,32,ENABLE
1785583356.00513,-0.4739833676661327,-2.318681318681321,-0.12747252747252702,35,32,ENABLE
1785583356.0101254,-0.48428320744640274,-2.142857142857146,-0.08351648351648322,35,32,ENABLE
1785583356.0151267,-0.49305714503700315,-1.9230769230769198,-0.04835164835164818,35,32,ENABLE
1785583356.0201683,-0.5014496070801862,-1.7252747252747227,-0.03076923076923066,35,32,ENABLE
1785583356.0251305,-0.5094605935759517,-1.681318681318679,0.01318681318681314,35,32,ENABLE
1785583356.0301256,-0.5178530556191348,-1.681318681318679,0.08351648351648322,35,32,ENABLE
1785583356.035125,-0.5254825665674829,-1.5714285714285694,0.13626373626373578,35,32,ENABLE
1785583356.0402215,-0.5323491264209963,-1.3736263736263723,0.17142857142857082,35,32,ENABLE
1785583356.0451822,-0.5380712596322574,-1.2637362637362628,0.20659340659340586,35,32,ENABLE
1785583356.0502071,-0.5434119172961012,-1.1098901098901095,0.21538461538461462,35,32,ENABLE
1785583356.0551713,-0.5483710994125275,-1.0439560439560438,0.21538461538461462,35,32,ENABLE
1785583356.0601609,-0.5521858548867016,-0.8901098901098905,0.20659340659340586,35,32,ENABLE
1785583356.0651677,-0.5556191348134583,-0.7582417582417591,0.1978021978021971,35,32,ENABLE
1785583356.0702024,-0.5586709391927975,-0.6263736263736277,0.18021978021977958,35,32,ENABLE
1785583356.0751836,-0.5605783169298846,-0.5164835164835182,0.13626373626373578,35,32,ENABLE
1785583356.0801268,-0.5621042191195542,-0.3626373626373649,0.11868131868131826,35,32,ENABLE
1785583356.0851839,-0.5632486457618064,-0.2527472527472554,0.04835164835164818,35,32,ENABLE
1785583356.0901663,-0.5632486457618064,-0.120879120879124,-0.00439560439560438,35,32,ENABLE
1785583356.0951824,-0.562867170214389,-0.010989010989014503,-0.05714285714285694,35,32,ENABLE
1785583356.100126,-0.5624856946669716,0.0329670329670364,-0.09230769230769198,35,32,ENABLE
1785583356.105168,-0.5624856946669716,0.0329670329670364,-0.10109890109890074,35,32,ENABLE
1785583356.1101282,-0.5624856946669716,-0.010989010989014503,-0.1098901098901095,35,32,ENABLE
1785583356.115125,-0.5624856946669716,0.010989010989014503,-0.13626373626373578,35,32,ENABLE
1785583356.1201284,-0.5613412680247194,0.120879120879124,-0.18901098901098834,35,32,ENABLE
1785583356.1251807,-0.5598153658350498,0.2087912087912116,-0.2417582417582409,35,32,ENABLE
1785583356.1301281,-0.5575265125505453,0.3846153846153868,-0.3032967032967022,35,32,ENABLE
1785583356.1351337,-0.5560006103608757,0.3626373626373649,-0.347252747252746,35,32,ENABLE
1785583356.140125,-0.5540932326237886,0.3626373626373649,-0.38241758241758106,35,32,ENABLE
1785583356.1451592,-0.552567330434119,0.2967032967032992,-0.3912087912087898,35,32,ENABLE
1785583356.1502044,-0.5514229037918668,0.2527472527472554,-0.40879120879120734,35,32,ENABLE
1785583356.1552103,-0.5498970016021971,0.2967032967032992,-0.4351648351648336,35,32,ENABLE
1785583356.1601346,-0.5487525749599449,0.2527472527472554,-0.42637362637362486,35,32,ENABLE
1785583356.1652238,-0.5476081483176927,0.2087912087912116,-0.4351648351648336,35,32,ENABLE
1785583356.1702056,-0.546082246128023,0.2527472527472554,-0.47032967032966866,35,32,ENABLE
1785583356.1751585,-0.5445563439383534,0.2747252747252773,-0.4879120879120862,35,32,ENABLE
1785583356.1801236,-0.5434119172961012,0.2307692307692335,-0.4879120879120862,35,32,ENABLE
1785583356.1852148,-0.5415045395590141,0.2967032967032992,-0.549450549450551,35,32,ENABLE
1785583356.1901665,-0.5395971618219271,0.3626373626373649,-0.5846153846153861,35,32,ENABLE
1785583356.1951828,-0.5369268329900052,0.4725274725274744,-0.6637362637362649,35,32,ENABLE
1785583356.2001226,-0.5346379797055008,0.4725274725274744,-0.6901098901098912,35,32,ENABLE
1785583356.2051315,-0.5323491264209963,0.4505494505494525,-0.7428571428571438,35,32,ENABLE
1785583356.2102175,-0.5304417486839093,0.4065934065934087,-0.7516483516483525,35,32,ENABLE
1785583356.2151346,-0.5285343709468222,0.3626373626373649,-0.7780219780219788,35,32,ENABLE
1785583356.2201734,-0.52738994430457,0.2747252747252773,-0.7516483516483525,35,32,ENABLE
1785583356.2251265,-0.5258640421149003,0.2747252747252773,-0.7516483516483525,35,32,ENABLE
1785583356.2301679,-0.5247196154726481,0.2307692307692335,-0.7604395604395613,35,32,ENABLE
1785583356.2351842,-0.5239566643778133,0.1868131868131897,-0.7252747252747263,35,32,ENABLE
1785583356.2401292,-0.5239566643778133,0.0549450549450583,-0.6989010989011,35,32,ENABLE
1785583356.2450871,-0.5239566643778133,0.010989010989014503,-0.6637362637362649,35,32,ENABLE
1785583356.250208,-0.5239566643778133,0.010989010989014503,-0.6549450549450562,35,32,ENABLE
1785583356.2551503,-0.5239566643778133,-0.010989010989014503,-0.6461538461538474,35,32,ENABLE
1785583356.2601233,-0.5239566643778133,0.010989010989014503,-0.6373626373626387,35,32,ENABLE
1785583356.2651262,-0.5239566643778133,-0.0329670329670364,-0.6373626373626387,35,32,ENABLE
1785583356.270126,-0.5243381399252307,-0.0329670329670364,-0.6285714285714299,35,32,ENABLE
1785583356.2751684,-0.5243381399252307,-0.0549450549450583,-0.6197802197802211,35,32,ENABLE
1785583356.2801397,-0.5243381399252307,-0.0329670329670364,-0.6109890109890124,35,32,ENABLE
1785583356.2851472,-0.5247196154726481,-0.0329670329670364,-0.6109890109890124,35,32,ENABLE
1785583356.2901256,-0.5247196154726481,-0.0329670329670364,-0.6109890109890124,35,32,ENABLE
1785583356.2952287,-0.5251010910200655,-0.0329670329670364,-0.6021978021978036,35,32,ENABLE
1785583356.3001215,-0.5251010910200655,-0.0549450549450583,-0.6021978021978036,35,32,ENABLE
1785583356.3051353,-0.5254825665674829,-0.0329670329670364,-0.6021978021978036,35,32,ENABLE
1785583356.310123,-0.5254825665674829,-0.0329670329670364,-0.6021978021978036,35,32,ENABLE
1785583356.3151512,-0.5254825665674829,-0.0549450549450583,-0.6021978021978036,35,32,ENABLE
1785583356.3201277,-0.5258640421149003,-0.0329670329670364,-0.6021978021978036,35,32,ENABLE
1785583356.3251288,-0.5258640421149003,-0.0329670329670364,-0.6109890109890124,35,32,ENABLE
1785583356.3301258,-0.5258640421149003,-0.0549450549450583,-0.6021978021978036,35,32,ENABLE
1785583356.335125,-0.5258640421149003,-0.010989010989014503,-0.6109890109890124,35,32,ENABLE
1785583356.3401651,-0.5254825665674829,0.010989010989014503,-0.6109890109890124,35,32,ENABLE
1785583356.3451724,-0.5258640421149003,0.010989010989014503,-0.6109890109890124,35,32,ENABLE
1785583356.3502142,-0.5258640421149003,-0.010989010989014503,-0.6197802197802211,35,32,ENABLE
1785583356.355127,-0.5254825665674829,-0.010989010989014503,-0.6109890109890124,35,32,ENABLE
1785583356.360201,-0.5258640421149003,-0.010989010989014503,-0.6197802197802211,35,32,ENABLE
1785583356.365184,-0.5258640421149003,-0.010989010989014503,-0.6021978021978036,35,32,ENABLE
1785583356.370205,-0.5258640421149003,-0.010989010989014503,-0.6021978021978036,35,32,ENABLE
1785583356.375132,-0.5258640421149003,-0.0329670329670364,-0.6021978021978036,35,32,ENABLE
1785583356.380127,-0.5258640421149003,-0.0329670329670364,-0.6021978021978036,35,32,ENABLE
1785583356.3851368,-0.5262455176623178,-0.0329670329670364,-0.5934065934065949,35,32,ENABLE
1785583356.3901284,-0.5262455176623178,-0.010989010989014503,-0.6021978021978036,35,32,ENABLE
1785583356.3951278,-0.5262455176623178,-0.0329670329670364,-0.6021978021978036,35,32,ENABLE
1785583356.4003942,-0.5262455176623178,-0.0329670329670364,-0.6021978021978036,35,32,ENABLE
1785583356.405238,-0.5262455176623178,-0.0329670329670364,-0.6021978021978036,35,32,ENABLE
1785583356.4101908,-0.5262455176623178,-0.0329670329670364,-0.6021978021978036,35,32,ENABLE
1785583356.415258,-0.5266269932097352,-0.0329670329670364,-0.5934065934065949,35,32,ENABLE
1785583356.4201639,-0.5266269932097352,-0.0329670329670364,-0.5934065934065949,35,32,ENABLE
1785583356.4252186,-0.5266269932097352,-0.0329670329670364,-0.5934065934065949,35,32,ENABLE
1785583356.4302025,-0.5270084687571526,-0.0329670329670364,-0.5846153846153861,35,32,ENABLE
1785583356.4351928,-0.5270084687571526,-0.0769230769230802,-0.5846153846153861,35,32,ENABLE
1785583356.4401283,-0.52738994430457,-0.0549450549450583,-0.5670329670329686,35,32,ENABLE
1785583356.4451241,-0.5281528953994048,-0.120879120879124,-0.5318681318681335,35,32,ENABLE
1785583356.4502454,-0.5289158464942396,-0.120879120879124,-0.5230769230769248,35,32,ENABLE
1785583356.4551826,-0.529297322041657,-0.120879120879124,-0.5230769230769248,35,32,ENABLE
1785583356.4601266,-0.529297322041657,-0.0769230769230802,-0.5318681318681335,35,32,ENABLE
1785583356.4651275,-0.5296787975890744,-0.0549450549450583,-0.5318681318681335,35,32,ENABLE
1785583356.4701345,-0.5296787975890744,-0.0329670329670364,-0.549450549450551,35,32,ENABLE
1785583356.4752243,-0.5296787975890744,-0.0329670329670364,-0.5582417582417598,35,32,ENABLE
1785583356.4801269,-0.5296787975890744,-0.010989010989014503,-0.549450549450551,35,32,ENABLE
1785583356.4851825,-0.5296787975890744,-0.0329670329670364,-0.549450549450551,35,32,ENABLE
1785583356.4902017,-0.5296787975890744,0.010989010989014503,-0.5582417582417598,35,32,ENABLE
1785583356.495199,-0.5296787975890744,-0.010989010989014503,-0.5582417582417598,35,32,ENABLE
1785583356.5001214,-0.5296787975890744,-0.0329670329670364,-0.5582417582417598,35,32,ENABLE
1785583356.505184,-0.5296787975890744,-0.010989010989014503,-0.5582417582417598,35,32,ENABLE
1785583356.5101302,-0.5296787975890744,-0.010989010989014503,-0.5582417582417598,35,32,ENABLE
1785583356.5152311,-0.5296787975890744,-0.010989010989014503,-0.5670329670329686,35,32,ENABLE
1785583356.5201764,-0.5296787975890744,-0.0329670329670364,-0.5582417582417598,35,32,ENABLE
1785583356.5251746,-0.5296787975890744,-0.0329670329670364,-0.5582417582417598,35,32,ENABLE
1785583356.5301232,-0.5296787975890744,-0.010989010989014503,-0.5582417582417598,35,32,ENABLE
1785583356.5352025,-0.5296787975890744,-0.010989010989014503,-0.5582417582417598,35,32,ENABLE
1785583356.5401795,-0.5296787975890744,-0.010989010989014503,-0.5670329670329686,35,32,ENABLE
1785583356.5451727,-0.5296787975890744,-0.010989010989014503,-0.5582417582417598,35,32,ENABLE
1785583356.5502083,-0.5296787975890744,-0.010989010989014503,-0.5582417582417598,35,32,ENABLE
1785583356.5551262,-0.5296787975890744,-0.010989010989014503,-0.5582417582417598,35,32,ENABLE
1785583356.5601635,-0.5296787975890744,-0.010989010989014503,-0.5670329670329686,35,32,ENABLE
1785583356.5651238,-0.5296787975890744,-0.010989010989014503,-0.5582417582417598,35,32,ENABLE
1785583356.5701249,-0.5296787975890744,-0.0329670329670364,-0.5582417582417598,35,32,ENABLE
1785583356.5751224,-0.5296787975890744,-0.010989010989014503,-0.5582417582417598,35,32,ENABLE
1785583356.5801332,-0.5296787975890744,-0.010989010989014503,-0.5582417582417598,35,32,ENABLE
1785583356.5851817,-0.5296787975890744,-0.010989010989014503,-0.5670329670329686,35,32,ENABLE
1785583356.5901368,-0.5296787975890744,-0.010989010989014503,-0.5670329670329686,35,32,ENABLE
1785583356.5951827,-0.5296787975890744,0.010989010989014503,-0.5670329670329686,35,32,ENABLE
1785583356.600326,-0.5296787975890744,-0.010989010989014503,-0.5670329670329686,35,32,ENABLE
1785583356.6052117,-0.529297322041657,-0.010989010989014503,-0.5670329670329686,35,32,ENABLE
1785583356.6101246,-0.529297322041657,-0.010989010989014503,-0.5582417582417598,35,32,ENABLE
1785583356.6151655,-0.5296787975890744,-0.010989010989014503,-0.5582417582417598,35,32,ENABLE
1785583356.620129,-0.529297322041657,-0.010989010989014503,-0.5582417582417598,35,32,ENABLE
1785583356.6251724,-0.5296787975890744,-0.0329670329670364,-0.5582417582417598,35,32,ENABLE
1785583356.6301243,-0.5296787975890744,-0.010989010989014503,-0.5582417582417598,35,32,ENABLE
1785583356.635125,-0.5296787975890744,-0.010989010989014503,-0.5582417582417598,35,32,ENABLE
1785583356.6401246,-0.5296787975890744,-0.010989010989014503,-0.5582417582417598,35,32,ENABLE
1785583356.6452134,-0.5296787975890744,-0.010989010989014503,-0.5582417582417598,35,32,ENABLE
1785583356.6501622,-0.5296787975890744,-0.010989010989014503,-0.5582417582417598,35,32,ENABLE
1785583356.6551194,-0.5296787975890744,-0.010989010989014503,-0.5582417582417598,35,32,ENABLE
1785583356.6601381,-0.5296787975890744,-0.010989010989014503,-0.5582417582417598,35,32,ENABLE
1785583356.6652734,-0.5296787975890744,-0.0329670329670364,-0.5582417582417598,35,32,ENABLE
1785583356.6701672,-0.5296787975890744,-0.0329670329670364,-0.5582417582417598,35,32,ENABLE
1785583356.675124,-0.5296787975890744,-0.010989010989014503,-0.5670329670329686,35,32,ENABLE
1785583356.6801822,-0.5296787975890744,-0.010989010989014503,-0.5582417582417598,35,32,ENABLE
1785583356.6851842,-0.5296787975890744,0.010989010989014503,-0.5582417582417598,35,32,ENABLE
1785583356.6902106,-0.5296787975890744,0.010989010989014503,-0.5582417582417598,35,32,ENABLE
1785583356.6951332,-0.5296787975890744,-0.010989010989014503,-0.5582417582417598,35,32,ENABLE
1785583356.7001753,-0.5296787975890744,-0.010989010989014503,-0.5582417582417598,35,32,ENABLE
1785583356.7051742,-0.5296787975890744,-0.0329670329670364,-0.5582417582417598,35,32,ENABLE
1785583356.7101655,-0.5296787975890744,-0.010989010989014503,-0.5582417582417598,35,32,ENABLE
1785583356.715129,-0.5296787975890744,-0.010989010989014503,-0.5670329670329686,35,32,ENABLE
1785583356.7201247,-0.5296787975890744,-0.010989010989014503,-0.5670329670329686,35,32,ENABLE
1785583356.725124,-0.5296787975890744,-0.010989010989014503,-0.5670329670329686,35,32,ENABLE
1785583356.7302482,-0.5296787975890744,-0.010989010989014503,-0.5582417582417598,35,32,ENABLE
1785583356.7351818,-0.529297322041657,-0.010989010989014503,-0.5670329670329686,35,32,ENABLE
1785583356.7401292,-0.5296787975890744,-0.010989010989014503,-0.5670329670329686,35,32,ENABLE
1785583356.7451227,-0.5296787975890744,0.010989010989014503,-0.5582417582417598,35,32,ENABLE
1785583356.7504077,-0.529297322041657,0.010989010989014503,-0.5670329670329686,35,32,ENABLE
1785583356.7551835,-0.5296787975890744,0.010989010989014503,-0.5670329670329686,35,32,ENABLE
1785583356.76015,-0.529297322041657,-0.010989010989014503,-0.5670329670329686,35,32,ENABLE
1785583356.7651243,-0.529297322041657,0.010989010989014503,-0.5670329670329686,35,32,ENABLE
1785583356.7701547,-0.529297322041657,-0.010989010989014503,-0.5670329670329686,35,32,ENABLE
1785583356.7751288,-0.529297322041657,-0.010989010989014503,-0.5670329670329686,35,32,ENABLE
1785583356.7801287,-0.529297322041657,0.010989010989014503,-0.5758241758241773,35,32,ENABLE
1785583356.7851267,-0.529297322041657,0.010989010989014503,-0.5758241758241773,35,32,ENABLE
1785583356.790131,-0.5289158464942396,-0.010989010989014503,-0.5758241758241773,35,32,ENABLE
1785583356.7951672,-0.5289158464942396,-0.010989010989014503,-0.5670329670329686,35,32,ENABLE
1785583356.8001513,-0.5289158464942396,-0.010989010989014503,-0.5670329670329686,35,32,ENABLE
1785583356.8051577,-0.5289158464942396,0.010989010989014503,-0.5670329670329686,35,32,ENABLE
1785583356.8102126,-0.5289158464942396,-0.010989010989014503,-0.5670329670329686,35,32,ENABLE
1785583356.8152225,-0.5289158464942396,-0.010989010989014503,-0.5758241758241773,35,32,ENABLE
1785583356.8202043,-0.5289158464942396,0.010989010989014503,-0.5758241758241773,35,32,ENABLE
1785583356.8251243,-0.5289158464942396,-0.010989010989014503,-0.5758241758241773,35,32,ENABLE
1785583356.8301265,-0.5289158464942396,-0.010989010989014503,-0.5758241758241773,35,32,ENABLE
1785583356.8351593,-0.5289158464942396,-0.0329670329670364,-0.5670329670329686,35,32,ENABLE
1785583356.8401287,-0.5289158464942396,0.010989010989014503,-0.5670329670329686,35,32,ENABLE
1785583356.8451264,-0.5289158464942396,-0.010989010989014503,-0.5758241758241773,35,32,ENABLE
1785583356.8501995,-0.5289158464942396,-0.010989010989014503,-0.5758241758241773,35,32,ENABLE
1785583356.855166,-0.5285343709468222,0.010989010989014503,-0.5846153846153861,35,32,ENABLE
1785583356.8602014,-0.5285343709468222,-0.010989010989014503,-0.5758241758241773,35,32,ENABLE
1785583356.865127,-0.5285343709468222,0.010989010989014503,-0.5846153846153861,35,32,ENABLE
1785583356.870149,-0.5281528953994048,0.010989010989014503,-0.5846153846153861,35,32,ENABLE
1785583356.8751762,-0.5281528953994048,0.010989010989014503,-0.5934065934065949,35,32,ENABLE
1785583356.880215,-0.5281528953994048,0.0329670329670364,-0.5934065934065949,35,32,ENABLE
1785583356.8851824,-0.5277714198519874,0.0329670329670364,-0.6021978021978036,35,32,ENABLE
1785583356.89014,-0.5277714198519874,0.010989010989014503,-0.6021978021978036,35,32,ENABLE
1785583356.8951204,-0.52738994430457,0.0549450549450583,-0.6109890109890124,35,32,ENABLE
1785583356.900185,-0.5270084687571526,0.0549450549450583,-0.6197802197802211,35,32,ENABLE
1785583356.9051256,-0.5266269932097352,0.0769230769230802,-0.6461538461538474,35,32,ENABLE
1785583356.9101317,-0.5254825665674829,0.1428571428571459,-0.6021978021978036,35,32,ENABLE
1785583356.9151235,-0.5243381399252307,0.2307692307692335,-0.4879120879120862,35,32,ENABLE
1785583356.9201763,-0.5224307621881437,0.2747252747252773,-0.32087912087911974,35,32,ENABLE
1785583356.9251225,-0.5201419089036392,0.4065934065934087,-0.18901098901098834,35,32,ENABLE
1785583356.9301283,-0.5167086289768825,0.5824175824175839,-0.03956043956043942,35,32,ENABLE
1785583356.935205,-0.512512397955291,0.780219780219781,0.08351648351648322,35,32,ENABLE
1785583356.9402127,-0.5071717402914473,0.9560439560439562,0.1978021978021971,35,32,ENABLE
1785583356.9451864,-0.5006866559853513,1.1758241758241752,0.27692307692307594,35,32,ENABLE
1785583356.9501889,-0.49305714503700315,1.3956043956043942,0.33846153846153726,35,32,ENABLE
1785583356.9551241,-0.48428320744640274,1.637362637362635,0.36483516483516354,35,32,ENABLE
1785583356.9601493,-0.4747463187609675,1.879120879120876,0.3736263736263723,35,32,ENABLE
1785583356.9651828,-0.4629205767910278,2.120879120879124,0.38241758241758106,35,32,ENABLE
1785583356.9702015,-0.45223926146334037,2.142857142857146,0.4879120879120862,35,32,ENABLE
1785583356.9751284,-0.4419394216830703,2.098901098901102,0.6021978021978036,35,32,ENABLE
1785583356.9801295,-0.43087663080796546,2.164835164835168,0.6725274725274737,35,32,ENABLE
1785583356.985168,-0.41866941329060836,2.318681318681321,0.6989010989011,35,32,ENABLE
1785583356.990133,-0.40646219577325127,2.4065934065934087,0.7780219780219788,35,32,ENABLE
1785583356.99513,-0.39387350270847676,2.4725274725274744,0.8571428571428577,35,32,ENABLE
1785583357.0001342,-0.38090333409628485,2.53846153846154,0.9098901098901102,35,32,ENABLE
1785583357.0051785,-0.3667887388418407,2.7142857142857153,0.9010989010989015,35,32,ENABLE
1785583357.010149,-0.35229266803997916,2.824175824175825,0.9450549450549453,35,32,ENABLE
1785583357.0151277,-0.338178072785535,2.8461538461538467,1.0065934065934066,35,32,ENABLE
1785583357.0201254,-0.32330052643625606,2.9340659340659343,1.0153846153846153,35,32,ENABLE
1785583357.0251696,-0.3072785534447249,3.043956043956044,1.0329670329670328,35,32,ENABLE
1785583357.0301256,-0.2916380560006111,3.1538461538461533,1.0769230769230766,35,32,ENABLE
1785583357.035128,-0.2752346074616625,3.197802197802197,1.0945054945054942,35,32,ENABLE
1785583357.0401223,-0.2584496833752965,3.2857142857142847,1.068131868131868,35,32,ENABLE
1785583357.0451674,-0.2409018081940939,3.439560439560438,1.0769230769230766,35,32,ENABLE
1785583357.050162,-0.22335393301289308,3.46153846153846,1.0769230769230766,35,32,ENABLE
1785583357.055184,-0.20504310673685744,3.5934065934065913,1.068131868131868,35,32,ENABLE
1785583357.060128,-0.1867322804608218,3.637362637362635,1.068131868131868,35,32,ENABLE
1785583357.0651655,-0.16765850308995134,3.703296703296701,1.0505494505494504,35,32,ENABLE
1785583357.0701835,-0.1493476768139157,3.7472527472527446,1.0593406593406591,35,32,ENABLE
1785583357.0751758,-0.13065537499046265,3.681318681318679,1.1296703296703292,35,32,ENABLE
1785583357.0801263,-0.11310749980926182,3.5934065934065913,1.1472527472527467,35,32,ENABLE
1785583357.0851517,-0.095559624628061,3.5494505494505475,1.2175824175824168,35,32,ENABLE
1785583357.0901246,-0.078774700541695,3.417582417582416,1.3054945054945044,35,32,ENABLE
1785583357.0951843,-0.061608300907911584,3.395604395604394,1.3494505494505482,35,32,ENABLE
1785583357.100221,-0.04406042572671076,3.417582417582416,1.428571428571427,35,32,ENABLE
1785583357.1051292,-0.027275501640344757,3.417582417582416,1.4725274725274708,35,32,ENABLE
1785583357.1101813,-0.009727626459143934,3.46153846153846,1.4901098901098884,35,32,ENABLE
1785583357.115204,0.008201724269474298,3.5274725274725256,1.5428571428571445,35,32,ENABLE
1785583357.1201284,0.02574959945067512,3.5494505494505475,1.5428571428571445,35,32,ENABLE
1785583357.1251361,0.04406042572671076,3.637362637362635,1.525274725274727,35,32,ENABLE
1785583357.1301665,0.06275272755016381,3.681318681318679,1.5340659340659357,35,32,ENABLE
1785583357.1351836,0.08182650492103427,3.7252747252747227,1.5076923076923094,35,32,ENABLE
1785583357.140128,0.10090028229190473,3.7692307692307665,1.4989010989010971,35,32,ENABLE
1785583357.1451252,0.11997405966277519,3.857142857142854,1.4989010989010971,35,32,ENABLE
1785583357.1502087,0.13981078812848047,3.835164835164832,1.4725274725274708,35,32,ENABLE
1785583357.1551986,0.15964751659418575,3.901098901098898,1.4813186813186796,35,32,ENABLE
1785583357.1601403,0.1787212939650562,3.901098901098898,1.463736263736262,35,32,ENABLE
1785583357.1652188,0.1989394979781789,3.9450549450549417,1.4461538461538446,35,32,ENABLE
1785583357.1702385,0.21915770199130158,4.0109890109890145,1.428571428571427,35,32,ENABLE
1785583357.1752172,0.23937590600442427,4.032967032967036,1.3670329670329657,35,32,ENABLE
1785583357.180178,0.25997558556496614,4.07692307692308,1.3758241758241745,35,32,ENABLE
1785583357.185177,0.2801937895780888,4.054945054945058,1.3142857142857132,35,32,ENABLE
1785583357.1901255,0.30117494468604633,4.142857142857146,1.2967032967032956,35,32,ENABLE
1785583357.1952055,0.32215609979400384,4.120879120879124,1.2791208791208781,35,32,ENABLE
1785583357.2001774,0.34313725490196134,4.18681318681319,1.2263736263736256,35,32,ENABLE
1785583357.205178,0.36411841000991885,4.18681318681319,1.208791208791208,35,32,ENABLE
1785583357.2101212,0.38471808957045894,4.18681318681319,1.1472527472527467,35,32,ENABLE
1785583357.2152207,0.40646219577325127,4.2307692307692335,1.1296703296703292,35,32,ENABLE
1785583357.220178,0.42706187533379136,4.2307692307692335,1.0945054945054942,35,32,ENABLE
1785583357.225126,0.4484245059891663,4.274725274725277,1.0505494505494504,35,32,ENABLE
1785583357.2301805,0.4701686121919586,4.252747252747255,1.0153846153846153,35,32,ENABLE
1785583357.2352152,0.4915312428473335,4.274725274725277,0.9714285714285715,35,32,ENABLE
1785583357.2401636,0.5128938735027084,4.2307692307692335,0.9450549450549453,35,32,ENABLE
1785583357.2451792,0.5334935530632485,4.18681318681319,0.9010989010989015,35,32,ENABLE
1785583357.2501988,0.554474708171206,4.208791208791212,0.8835164835164839,35,32,ENABLE
1785583357.2551913,0.5750743877317461,4.142857142857146,0.8483516483516489,35,32,ENABLE
1785583357.260175,0.5956740672922862,4.120879120879124,0.8219780219780226,35,32,ENABLE
1785583357.2651997,0.6162737468528263,4.098901098901102,0.8219780219780226,35,32,ENABLE
1785583357.2701833,0.636491950865949,4.032967032967036,0.76923076923077,35,32,ENABLE
1785583357.2751784,0.6563286793316543,4.0109890109890145,0.7780219780219788,35,32,ENABLE
1785583357.2801762,0.6761654077973596,3.9890109890109855,0.7516483516483525,35,32,ENABLE
1785583357.285172,0.6960021362630648,3.9450549450549417,0.7164835164835175,35,32,ENABLE
1785583357.290123,0.7150759136339353,3.92307692307692,0.7164835164835175,35,32,ENABLE
1785583357.2951784,0.7345311665522232,3.8131868131868103,0.6989010989011,35,32,ENABLE
1785583357.300208,0.7536049439230954,3.8131868131868103,0.6901098901098912,35,32,ENABLE
1785583357.305177,0.771915770199131,3.7252747252747227,0.6989010989011,35,32,ENABLE
1785583357.3101683,0.7898451209277493,3.637362637362635,0.7076923076923087,35,32,ENABLE
1785583357.31513,0.8073929961089501,3.5274725274725256,0.7428571428571438,35,32,ENABLE
1785583357.3201761,0.8245593957427335,3.483516483516482,0.7428571428571438,35,32,ENABLE
1785583357.325174,0.8417257953765169,3.417582417582416,0.7516483516483525,35,32,ENABLE
1785583357.330178,0.8585107194628829,3.3736263736263723,0.7780219780219788,35,32,ENABLE
1785583357.3351336,0.8745326924544141,3.2857142857142847,0.7780219780219788,35,32,ENABLE
1785583357.3401506,0.8909361409933627,3.241758241758241,0.7868131868131876,35,32,ENABLE
1785583357.3451757,0.9065766384374765,3.175824175824175,0.8307692307692314,35,32,ENABLE
1785583357.3501983,0.9218356603341729,3.0659340659340657,0.8483516483516489,35,32,ENABLE
1785583357.35515,0.9363317311360344,2.978021978021978,0.8659340659340664,35,32,ENABLE
1785583357.3601289,0.950827801937896,2.9340659340659343,0.918681318681319,35,32,ENABLE
1785583357.3651872,0.9649423971923401,2.824175824175825,0.9626373626373628,35,32,ENABLE
1785583357.370185,0.9782940413519494,2.736263736263737,0.9802197802197803,35,32,ENABLE
1785583357.3751388,0.9916456855115587,2.6923076923076934,1.024175824175824,35,32,ENABLE
1785583357.3801806,1.0046158541237507,2.6483516483516496,1.0593406593406591,35,32,ENABLE
1785583357.385214,1.0175860227359426,2.582417582417584,1.0945054945054942,35,32,ENABLE
1785583357.3901236,1.0297932402532997,2.4945054945054963,1.103296703296703,35,32,ENABLE
1785583357.395203,1.0420004577706568,2.4505494505494525,1.1472527472527467,35,32,ENABLE
1785583357.4001265,1.0538261997405964,2.4285714285714306,1.1912087912087905,35,32,ENABLE
1785583357.4052186,1.0656519417105361,2.318681318681321,1.243956043956043,35,32,ENABLE
1785583357.4101794,1.076714732585641,2.2527472527472554,1.2615384615384606,35,32,ENABLE
1785583357.4151764,1.0877775234607459,2.2307692307692335,1.287912087912087,35,32,ENABLE
1785583357.420126,1.0988403143358507,2.2307692307692335,1.3142857142857132,35,32,ENABLE
1785583357.4251587,1.1095216296635382,2.164835164835168,1.3494505494505482,35,32,ENABLE
1785583357.430166,1.1194399938963908,2.0549450549450583,1.3846153846153832,35,32,ENABLE
1785583357.4351783,1.1297398336766609,2.0109890109890145,1.393406593406592,35,32,ENABLE
1785583357.4401755,1.139276722362096,1.9890109890109855,1.428571428571427,35,32,ENABLE
1785583357.4451153,1.1491950865949487,1.9670329670329636,1.4725274725274708,35,32,ENABLE
1785583357.4502234,1.158731975280384,1.879120879120876,1.5076923076923094,35,32,ENABLE
1785583357.4551818,1.167124437323567,1.7912087912087884,1.5516483516483532,35,32,ENABLE
1785583357.460125,1.17551689936675,1.7252747252747227,1.560439560439562,35,32,ENABLE
1785583357.4651449,1.1842908369573504,1.7032967032967008,1.5780219780219795,35,32,ENABLE
1785583357.4701648,1.1930647745479508,1.7032967032967008,1.6131868131868146,35,32,ENABLE
1785583357.4751344,1.200694285496299,1.6153846153846132,1.6483516483516496,35,32,ENABLE
1785583357.4801767,1.209086747539482,1.5934065934065913,1.6747252747252759,35,32,ENABLE
1785583357.4852107,1.2167162584878302,1.5494505494505475,1.6835164835164846,35,32,ENABLE
1785583357.4901834,1.223964293888761,1.5274725274725256,1.6923076923076934,35,32,ENABLE
1785583357.495228,1.2319752803845265,1.5054945054945037,1.709890109890111,35,32,ENABLE
1785583357.500305,1.23884184023804,1.3956043956043942,1.7362637362637372,35,32,ENABLE
1785583357.5052109,1.2453269245441358,1.3516483516483504,1.780219780219781,35,32,ENABLE
1785583357.5101697,1.2518120088502336,1.3076923076923066,1.7978021978021985,35,32,ENABLE
1785583357.5151823,1.2579156176089121,1.219780219780219,1.8241758241758248,35,32,ENABLE
1785583357.5201771,1.2640192263675907,1.197802197802197,1.850549450549451,35,32,ENABLE
1785583357.5251334,1.2697413595788518,1.1758241758241752,1.850549450549451,35,32,ENABLE
1785583357.53018,1.275463492790113,1.1098901098901095,1.8329670329670336,35,32,ENABLE
1785583357.5351887,1.2815671015487915,1.197802197802197,1.8329670329670336,35,32,ENABLE
1785583357.5401275,1.2869077592126352,1.0879120879120876,1.850549450549451,35,32,ENABLE
1785583357.5451784,1.292248416876479,1.0439560439560438,1.8593406593406598,35,32,ENABLE
1785583357.5502026,1.2972075989929053,1.0,1.8857142857142861,35,32,ENABLE
1785583357.5551708,1.3017853055619142,0.9780219780219781,1.8945054945054949,35,32,ENABLE
1785583357.5601256,1.306363012130923,0.9340659340659343,1.9032967032967036,35,32,ENABLE
1785583357.5651248,1.3105592431525146,0.9120879120879124,1.8945054945054949,35,32,ENABLE
1785583357.5702114,1.314755474174106,0.8681318681318686,1.8857142857142861,35,32,ENABLE
1785583357.575238,1.3189517051956976,0.8681318681318686,1.8681318681318686,35,32,ENABLE
1785583357.5801263,1.3227664606698717,0.8021978021978029,1.8593406593406598,35,32,ENABLE
1785583357.5851774,1.3269626916914632,0.8021978021978029,1.8329670329670336,35,32,ENABLE
1785583357.5901763,1.3307774471656373,0.780219780219781,1.8241758241758248,35,32,ENABLE
1785583357.5952067,1.3345922026398114,0.7582417582417591,1.7978021978021985,35,32,ENABLE
1785583357.6001806,1.3376440070191506,0.7142857142857153,1.780219780219781,35,32,ENABLE
1785583357.6051276,1.34069581139849,0.6043956043956058,1.7978021978021985,35,32,ENABLE
1785583357.6101203,1.3433661402304118,0.5384615384615401,1.7890109890109898,35,32,ENABLE
1785583357.6151297,1.3456549935149162,0.4945054945054963,1.7714285714285722,35,32,ENABLE
1785583357.6201656,1.3475623712520033,0.4285714285714306,1.7890109890109898,35,32,ENABLE
1785583357.6251764,1.3494697489890903,0.3626373626373649,1.7626373626373635,35,32,ENABLE
1785583357.6301947,1.3513771267261774,0.3846153846153868,1.745054945054946,35,32,ENABLE
1785583357.6351836,1.3525215533684296,0.2967032967032992,1.745054945054946,35,32,ENABLE
1785583357.6402078,1.3536659800106818,0.2307692307692335,1.7186813186813197,35,32,ENABLE
1785583357.6451814,1.3551918822003515,0.2527472527472554,1.7010989010989022,35,32,ENABLE
1785583357.6502068,1.3555733577477689,0.1428571428571459,1.709890109890111,35,32,ENABLE
1785583357.655177,1.3555733577477689,0.0769230769230802,1.6923076923076934,35,32,ENABLE
1785583357.6601822,1.3559548332951863,0.0549450549450583,1.6659340659340671,35,32,ENABLE
1785583357.6652143,1.3555733577477689,-0.0329670329670364,1.6395604395604408,35,32,ENABLE
1785583357.670179,1.3555733577477689,-0.010989010989014503,1.6219780219780233,35,32,ENABLE
1785583357.6751761,1.3555733577477689,-0.0549450549450583,1.5868131868131883,35,32,ENABLE
1785583357.6802108,1.354810406652934,-0.0989010989011021,1.5516483516483532,35,32,ENABLE
1785583357.6852105,1.3544289311055167,-0.1428571428571459,1.5164835164835182,35,32,ENABLE
1785583357.6901755,1.3536659800106818,-0.120879120879124,1.4813186813186796,35,32,ENABLE
1785583357.695176,1.352903028915847,-0.1428571428571459,1.4197802197802183,35,32,ENABLE
1785583357.7001739,1.3517586022735948,-0.2087912087912116,1.4021978021978008,35,32,ENABLE
1785583357.7051873,1.3498512245365077,-0.340659340659343,1.393406593406592,35,32,ENABLE
1785583357.71018,1.348325322346838,-0.3186813186813211,1.3318681318681307,35,32,ENABLE
1785583357.7151783,1.3460364690623337,-0.4065934065934087,1.3142857142857132,35,32,ENABLE
1785583357.7201266,1.3433661402304118,-0.4945054945054963,1.287912087912087,35,32,ENABLE
1785583357.7251658,1.3403143358510725,-0.5164835164835182,1.2703296703296694,35,32,ENABLE
1785583357.730125,1.3376440070191506,-0.6043956043956058,1.2263736263736256,35,32,ENABLE
1785583357.7351286,1.3345922026398114,-0.6263736263736277,1.1912087912087905,35,32,ENABLE
1785583357.7401738,1.3311589227130547,-0.6483516483516496,1.1472527472527467,35,32,ENABLE
1785583357.7452188,1.3269626916914632,-0.7582417582417591,1.1120879120879117,35,32,ENABLE
1785583357.7502236,1.323147936217289,-0.8241758241758248,1.103296703296703,35,32,ENABLE
1785583357.7552187,1.3185702296482802,-0.9120879120879124,1.068131868131868,35,32,ENABLE
1785583357.7601783,1.3136110475318539,-0.9780219780219781,1.0593406593406591,35,32,ENABLE
1785583357.7652237,1.3082703898680101,-1.021978021978022,1.0593406593406591,35,32,ENABLE
1785583357.7700813,1.302548256656749,-1.1098901098901095,1.0153846153846153,35,32,ENABLE
1785583357.7749805,1.2972075989929053,-1.1538461538461533,0.9978021978021978,35,32,ENABLE
1785583357.7800333,1.290341039139392,-1.2637362637362628,0.9802197802197803,35,32,ENABLE
1785583357.784973,1.283855954833296,-1.3076923076923066,0.953846153846154,35,32,ENABLE
1785583357.7900243,1.2766079194323652,-1.417582417582416,0.9362637362637365,35,32,ENABLE
1785583357.7951925,1.268978408484017,-1.46153846153846,0.918681318681319,35,32,ENABLE
1785583357.79998,1.2613488975356688,-1.5494505494505475,0.9274725274725277,35,32,ENABLE
1785583357.8049803,1.2533379110399032,-1.6153846153846132,0.9274725274725277,35,32,ENABLE
1785583357.8100288,1.244563973449301,-1.7252747252747227,0.8923076923076927,35,32,ENABLE
1785583357.8149736,1.2357900358587006,-1.7692307692307665,0.8747252747252752,35,32,ENABLE
1785583357.819975,1.2266346227206828,-1.8351648351648322,0.8659340659340664,35,32,ENABLE
1785583357.8252075,1.2167162584878302,-1.857142857142854,0.8659340659340664,35,32,ENABLE
1785583357.8301883,1.2064164187075601,-2.0109890109890145,0.8835164835164839,35,32,ENABLE
1785583357.835004,1.1964980544747075,-2.0549450549450583,0.8835164835164839,35,32,ENABLE
1785583357.8399708,1.18581673914702,-2.120879120879124,0.8483516483516489,35,32,ENABLE
1785583357.8449678,1.1747539482719151,-2.164835164835168,0.8395604395604401,35,32,ENABLE
1785583357.8500338,1.1636911573968103,-2.2307692307692335,0.8483516483516489,35,32,ENABLE
1785583357.855212,1.1514839398794532,-2.296703296703299,0.8307692307692314,35,32,ENABLE
1785583357.860183,1.1396581979095135,-2.384615384615387,0.8483516483516489,35,32,ENABLE
1785583357.8649735,1.1274509803921564,-2.4505494505494525,0.8395604395604401,35,32,ENABLE
1785583357.870022,1.1144808117799645,-2.516483516483518,0.8483516483516489,35,32,ENABLE
1785583357.8750067,1.1015106431677726,-2.582417582417584,0.8483516483516489,35,32,ENABLE
1785583357.879976,1.0881589990081633,-2.6923076923076934,0.8483516483516489,35,32,ENABLE
1785583357.8849752,1.0744258793011365,-2.736263736263737,0.8483516483516489,35,32,ENABLE
1785583357.8899684,1.0603112840466924,-2.802197802197803,0.8483516483516489,35,32,ENABLE
1785583357.8950288,1.0458152132448308,-2.8461538461538467,0.8659340659340664,35,32,ENABLE
1785583357.8999703,1.0309376668955519,-2.956043956043956,0.8747252747252752,35,32,ENABLE
1785583357.9052048,1.0156786449988555,-2.9340659340659343,0.8659340659340664,35,32,ENABLE
1785583357.9101977,1.0008010986495766,-2.978021978021978,0.8483516483516489,35,32,ENABLE
1785583357.915024,0.9859235523002976,-3.043956043956044,0.8483516483516489,35,32,ENABLE
1785583357.9199753,0.9706645304036012,-3.0659340659340657,0.8307692307692314,35,32,ENABLE
1785583357.9249737,0.9554055085069049,-3.0879120879120876,0.8219780219780226,35,32,ENABLE
1785583357.9299812,0.9393835355153737,-3.1538461538461533,0.8131868131868139,35,32,ENABLE
1785583357.9352224,0.9229800869764251,-3.197802197802197,0.7956043956043963,35,32,ENABLE
1785583357.940176,0.9069581139848939,-3.219780219780219,0.7956043956043963,35,32,ENABLE
1785583357.9449897,0.8913176165407801,-3.263736263736263,0.7780219780219788,35,32,ENABLE
1785583357.9499881,0.8749141680018315,-3.2857142857142847,0.7604395604395613,35,32,ENABLE
1785583357.954967,0.8581292439154655,-3.3296703296703285,0.7428571428571438,35,32,ENABLE
1785583357.9599679,0.8413443198290995,-3.3736263736263723,0.734065934065935,35,32,ENABLE
1785583357.9649727,0.8245593957427335,-3.395604395604394,0.7076923076923087,35,32,ENABLE
1785583357.9699724,0.8073929961089501,-3.395604395604394,0.7076923076923087,35,32,ENABLE
1785583357.9752045,0.7890821698329145,-3.46153846153846,0.6989010989011,35,32,ENABLE
1785583357.980222,0.7715342946517136,-3.5274725274725256,0.6813186813186825,35,32,ENABLE
1785583357.985005,0.7543678950179302,-3.5494505494505475,0.6813186813186825,35,32,ENABLE
1785583357.989978,0.7364385442893102,-3.5494505494505475,0.6637362637362649,35,32,ENABLE
1785583357.9949663,0.7181277180132746,-3.637362637362635,0.6461538461538474,35,32,ENABLE
1785583358.0000324,0.6994354161898215,-3.681318681318679,0.6637362637362649,35,32,ENABLE
1785583358.005163,0.6807431143663685,-3.681318681318679,0.6197802197802211,35,32,ENABLE
1785583358.0101867,0.6624322880903328,-3.681318681318679,0.6021978021978036,35,32,ENABLE
1785583358.0150237,0.6441214618142972,-3.703296703296701,0.5934065934065949,35,32,ENABLE
1785583358.0199933,0.6254291599908441,-3.7692307692307665,0.5670329670329686,35,32,ENABLE
1785583358.024973,0.6067368581673911,-3.7912087912087884,0.5582417582417598,35,32,ENABLE
1785583358.0299697,0.5876630807965206,-3.8131868131868103,0.5406593406593423,35,32,ENABLE
1785583358.0351856,0.5678263523308154,-3.857142857142854,0.514285714285716,35,32,ENABLE
1785583358.0401871,0.5479896238651101,-3.901098901098898,0.5230769230769248,35,32,ENABLE
1785583358.045012,0.5289158464942396,-3.92307692307692,0.5054945054945073,35,32,ENABLE
1785583358.0500054,0.5094605935759517,-3.9450549450549417,0.49670329670329494,35,32,ENABLE
1785583358.0549793,0.48962386511024647,-3.9450549450549417,0.45274725274725114,35,32,ENABLE
1785583358.0599663,0.4701686121919586,-3.901098901098898,0.40879120879120734,35,32,ENABLE
1785583358.0650063,0.45109483482108814,-3.879120879120876,0.3999999999999986,35,32,ENABLE
1785583358.0699701,0.4316395819028003,-3.901098901098898,0.33846153846153726,35,32,ENABLE
1785583358.075131,0.4114213778896776,-3.92307692307692,0.3032967032967022,35,32,ENABLE
1785583358.0801837,0.3919661249713897,-3.879120879120876,0.27692307692307594,35,32,ENABLE
1785583358.0850716,0.37251087205310185,-3.9450549450549417,0.23296703296703214,35,32,ENABLE
1785583358.089969,0.3534370946822314,-3.9670329670329636,0.22417582417582338,35,32,ENABLE
1785583358.0949686,0.3332188906691087,-3.9890109890109855,0.1978021978021971,35,32,ENABLE
1785583358.0999713,0.3133821622034034,-4.0109890109890145,0.18021978021977958,35,32,ENABLE
1785583358.1051588,0.29278248264286333,-4.0109890109890145,0.1538461538461533,35,32,ENABLE
1785583358.110186,0.27294575417715805,-4.0109890109890145,0.09230769230769198,35,32,ENABLE
1785583358.1151023,0.2531090257114528,-3.9890109890109855,0.08351648351648322,35,32,ENABLE
1785583358.1199648,0.23365377279316313,-4.0109890109890145,0.04835164835164818,35,32,ENABLE
1785583358.1249745,0.21381704432745785,-3.9890109890109855,0.00439560439560438,35,32,ENABLE
1785583358.1300247,0.19359884031433516,-3.9890109890109855,-0.03076923076923066,35,32,ENABLE
1785583358.1349723,0.17376211184862989,-3.9670329670329636,-0.09230769230769198,35,32,ENABLE
1785583358.1399643,0.1539253833829246,-4.0109890109890145,-0.09230769230769198,35,32,ENABLE
1785583358.1451879,0.13179980163271487,-4.164835164835168,-0.08351648351648322,35,32,ENABLE
1785583358.15004,0.11043717097733996,-4.340659340659343,-0.04835164835164818,35,32,ENABLE
1785583358.154979,0.08793011367971282,-4.516483516483518,0.0219780219780219,35,32,ENABLE
1785583358.1599889,0.06427862973983345,-4.6703296703296715,0.08351648351648322,35,32,ENABLE
1785583358.1650302,0.03910124361028444,-4.846153846153847,0.18901098901098834,35,32,ENABLE
1785583358.1700273,0.014686808575570254,-4.912087912087912,0.27692307692307594,35,32,ENABLE
1785583358.174967,-0.010490577553978753,-5.0,0.36483516483516354,35,32,ENABLE
1785583358.1799629,-0.03566796368352776,-5.043956043956044,0.4351648351648336,35,32,ENABLE
1785583358.1849644,-0.061226825360494175,-5.087912087912088,0.4879120879120862,35,32,ENABLE
1785583358.190022,-0.08678568703746059,-5.087912087912088,0.5406593406593423,35,32,ENABLE
1785583358.195128,-0.112344548714427,-5.065934065934066,0.5758241758241773,35,32,ENABLE
1785583358.2001889,-0.137521934843976,-5.021978021978022,0.6021978021978036,35,32,ENABLE
1785583358.2050831,-0.1619363698786902,-4.978021978021978,0.6109890109890124,35,32,ENABLE
1785583358.2100246,-0.18596932936598698,-4.8901098901098905,0.6109890109890124,35,32,ENABLE
1785583358.214993,-0.20962081330586635,-4.846153846153847,0.6021978021978036,35,32,ENABLE
1785583358.2199683,-0.23327229724574572,-4.758241758241759,0.5934065934065949,35,32,ENABLE
1785583358.2249713,-0.25654230563820946,-4.692307692307693,0.5582417582417598,35,32,ENABLE
1785583358.2300386,-0.279430838483254,-4.626373626373628,0.5406593406593423,35,32,ENABLE
1785583358.2349951,-0.30193789578088115,-4.560439560439562,0.49670329670329494,35,32,ENABLE
1785583358.2401364,-0.3244449530785083,-4.472527472527474,0.4791208791208774,35,32,ENABLE
1785583358.2452075,-0.346570534828718,-4.384615384615387,0.4439560439560424,35,32,ENABLE
1785583358.250034,-0.3671702143892581,-4.296703296703299,0.38241758241758106,35,32,ENABLE
1785583358.2550013,-0.3877698939497982,-4.2307692307692335,0.33846153846153726,35,32,ENABLE
1785583358.2600002,-0.4083695735103383,-4.164835164835168,0.2857142857142847,35,32,ENABLE
1785583358.264979,-0.428587777523461,-4.098901098901102,0.2593406593406584,35,32,ENABLE
1785583358.269974,-0.44766155489433146,-3.901098901098898,0.3560439560439548,35,32,ENABLE
1785583358.2749658,-0.4655909056229497,-3.703296703296701,0.42637362637362486,35,32,ENABLE
1785583358.279973,-0.4819943541618983,-3.395604395604394,0.5230769230769248,35,32,ENABLE
1785583358.2849705,-0.49725337605859465,-3.1538461538461533,0.6021978021978036,35,32,ENABLE
1785583358.2901824,-0.5113679713130388,-2.8681318681318686,0.6549450549450562,35,32,ENABLE
1785583358.2951615,-0.5239566643778133,-2.6483516483516496,0.7252747252747263,35,32,ENABLE
1785583358.2999625,-0.5350194552529182,-2.4065934065934087,0.76923076923077,35,32,ENABLE
1785583358.3049722,-0.5457007705806056,-2.2527472527472554,0.8131868131868139,35,32,ENABLE
1785583358.309963,-0.5552376592660409,-2.0549450549450583,0.8395604395604401,35,32,ENABLE
1785583358.3150325,-0.5643930724040587,-1.879120879120876,0.8659340659340664,35,32,ENABLE
1785583358.3199768,-0.5724040588998243,-1.681318681318679,0.8835164835164839,35,32,ENABLE
1785583358.3249662,-0.5792706187533376,-1.4835164835164818,0.8923076923076927,35,32,ENABLE
1785583358.3299744,-0.5857557030594336,-1.3736263736263723,0.8923076923076927,35,32,ENABLE
1785583358.33497,-0.5907148851758599,-1.1318681318681314,0.8571428571428577,35,32,ENABLE
1785583358.3402054,-0.5949111161974514,-0.9120879120879124,0.8219780219780226,35,32,ENABLE
1785583358.3451362,-0.5979629205767907,-0.7362637362637372,0.7604395604395613,35,32,ENABLE
1785583358.3500009,-0.5998702983138777,-0.5164835164835182,0.6989010989011,35,32,ENABLE
1785583358.3549647,-0.6013962005035474,-0.3626373626373649,0.6197802197802211,35,32,ENABLE
1785583358.3600228,-0.6013962005035474,-0.1428571428571459,0.5406593406593423,35,32,ENABLE
1785583358.364988,-0.60101472495613,-0.010989010989014503,0.47032967032966866,35,32,ENABLE
1785583358.3699644,-0.6006332494087125,0.0769230769230802,0.40879120879120734,35,32,ENABLE
1785583358.3749843,-0.5994888227664603,0.1648351648351678,0.3560439560439548,35,32,ENABLE
1785583358.3800228,-0.5987258716716255,0.1868131868131897,0.312087912087911,35,32,ENABLE
1785583358.3850398,-0.5975814450293733,0.1648351648351678,0.27692307692307594,35,32,ENABLE
1785583358.3899698,-0.5960555428397036,0.2967032967032992,0.22417582417582338,35,32,ENABLE
1785583358.394973,-0.5933852140077818,0.4065934065934087,0.1538461538461533,35,32,ENABLE
1785583358.4000175,-0.5903334096284425,0.5824175824175839,0.03076923076923066,35,32,ENABLE
1785583358.4049897,-0.586137178606851,0.780219780219781,-0.10109890109890074,35,32,ENABLE
1785583358.4101896,-0.5815594720378421,0.8461538461538467,-0.18901098901098834,35,32,ENABLE
1785583358.4153078,-0.5773632410162506,0.8461538461538467,-0.27692307692307594,35,32,ENABLE
1785583358.4200218,-0.5735484855420765,0.8241758241758248,-0.33846153846153726,35,32,ENABLE
1785583358.424978,-0.569352254520485,0.8241758241758248,-0.4175824175824161,35,32,ENABLE
1785583358.429981,-0.5651560234988935,0.8681318681318686,-0.49670329670329494,35,32,ENABLE
1785583358.4349744,-0.5601968413824672,0.9120879120879124,-0.5758241758241773,35,32,ENABLE
1785583358.4402096,-0.5552376592660409,0.9340659340659343,-0.6549450549450562,35,32,ENABLE
1785583358.4452174,-0.5502784771496145,1.0,-0.7428571428571438,35,32,ENABLE
1785583358.4500213,-0.5453192950331882,1.0,-0.8219780219780226,35,32,ENABLE
1785583358.454976,-0.5407415884641793,0.9560439560439562,-0.8659340659340664,35,32,ENABLE
1785583358.4599626,-0.5365453574425878,0.8461538461538467,-0.9098901098901102,35,32,ENABLE
1785583358.4650242,-0.5327306019684137,0.780219780219781,-0.9362637362637365,35,32,ENABLE
1785583358.470183,-0.5289158464942396,0.780219780219781,-0.9802197802197803,35,32,ENABLE
1785583358.4752104,-0.5251010910200655,0.7142857142857153,-0.989010989010989,35,32,ENABLE
1785583358.479977,-0.5220492866407263,0.6703296703296715,-1.0065934065934066,35,32,ENABLE
1785583358.4850233,-0.518997482261387,0.6043956043956058,-1.0329670329670328,35,32,ENABLE
1785583358.4899676,-0.5163271534294651,0.560439560439562,-1.0417582417582416,35,32,ENABLE
1785583358.49504,-0.5136568245975432,0.5164835164835182,-1.0417582417582416,35,32,ENABLE
1785583358.4999733,-0.5117494468604562,0.4505494505494525,-1.0505494505494504,35,32,ENABLE
1785583358.5049686,-0.5102235446707866,0.340659340659343,-1.0065934065934066,35,32,ENABLE
1785583358.5099816,-0.5086976424811169,0.2747252747252773,-1.0153846153846153,35,32,ENABLE
1785583358.5150266,-0.5071717402914473,0.2747252747252773,-1.0065934065934066,35,32,ENABLE
1785583358.5200634,-0.5064087891966125,0.1868131868131897,-0.9714285714285715,35,32,ENABLE
1785583358.5249746,-0.5060273136491951,0.1428571428571459,-0.9626373626373628,35,32,ENABLE
1785583358.5299768,-0.5056458381017777,0.0769230769230802,-0.953846153846154,35,32,ENABLE
1785583358.5349827,-0.5052643625543602,0.0549450549450583,-0.9362637362637365,35,32,ENABLE
1785583358.5399835,-0.5052643625543602,0.0329670329670364,-0.9098901098901102,35,32,ENABLE
1785583358.5449836,-0.5056458381017777,-0.0329670329670364,-0.8835164835164839,35,32,ENABLE
1785583358.5502248,-0.5060273136491951,-0.0549450549450583,-0.8659340659340664,35,32,ENABLE
1785583358.5551815,-0.5064087891966125,-0.0769230769230802,-0.8571428571428577,35,32,ENABLE
1785583358.5600264,-0.5067902647440299,-0.120879120879124,-0.8219780219780226,35,32,ENABLE
1785583358.56502,-0.5079346913862821,-0.1648351648351678,-0.7868131868131876,35,32,ENABLE
1785583358.5700552,-0.5086976424811169,-0.1868131868131897,-0.7780219780219788,35,32,ENABLE
1785583358.5750299,-0.5094605935759517,-0.1428571428571459,-0.7604395604395613,35,32,ENABLE
1785583358.5800235,-0.5102235446707866,-0.2087912087912116,-0.734065934065935,35,32,ENABLE
1785583358.5850296,-0.5117494468604562,-0.2747252747252773,-0.6989010989011,35,32,ENABLE
1785583358.5899959,-0.5128938735027084,-0.2527472527472554,-0.6813186813186825,35,32,ENABLE
1785583358.595026,-0.5140383001449607,-0.2087912087912116,-0.6637362637362649,35,32,ENABLE
1785583358.600021,-0.5155642023346303,-0.2747252747252773,-0.6197802197802211,35,32,ENABLE
1785583358.6050365,-0.5170901045242999,-0.2967032967032992,-0.6109890109890124,35,32,ENABLE
1785583358.61002,-0.5178530556191348,-0.2307692307692335,-0.6197802197802211,35,32,ENABLE
1785583358.615026,-0.518997482261387,-0.2307692307692335,-0.5846153846153861,35,32,ENABLE
1785583358.6200366,-0.5205233844510566,-0.2967032967032992,-0.549450549450551,35,32,ENABLE
1785583358.625026,-0.5216678110933088,-0.2527472527472554,-0.549450549450551,35,32,ENABLE
1785583358.6300135,-0.5231937132829785,-0.2747252747252773,-0.514285714285716,35,32,ENABLE
1785583358.6349957,-0.5251010910200655,-0.3626373626373649,-0.47032967032966866,35,32,ENABLE
1785583358.6400192,-0.5262455176623178,-0.2967032967032992,-0.4879120879120862,35,32,ENABLE
1785583358.6450355,-0.5270084687571526,-0.2087912087912116,-0.47032967032966866,35,32,ENABLE
1785583358.650028,-0.5281528953994048,-0.2307692307692335,-0.45274725274725114,35,32,ENABLE
1785583358.6550107,-0.529297322041657,-0.2087912087912116,-0.4615384615384599,35,32,ENABLE
1785583358.6602132,-0.5296787975890744,-0.1428571428571459,-0.4791208791208774,35,32,ENABLE
1785583358.6651614,-0.5304417486839093,-0.120879120879124,-0.4879120879120862,35,32,ENABLE
1785583358.6700268,-0.5304417486839093,-0.0769230769230802,-0.49670329670329494,35,32,ENABLE
1785583358.6749744,-0.5312046997787441,-0.120879120879124,-0.4879120879120862,35,32,ENABLE
1785583358.6800075,-0.5319676508735789,-0.1428571428571459,-0.47032967032966866,35,32,ENABLE
1785583358.684984,-0.5327306019684137,-0.1648351648351678,-0.4615384615384599,35,32,ENABLE
1785583358.6899726,-0.5331120775158311,-0.120879120879124,-0.47032967032966866,35,32,ENABLE
1785583358.694983,-0.5331120775158311,-0.0769230769230802,-0.47032967032966866,35,32,ENABLE
1785583358.7001307,-0.5334935530632485,-0.0549450549450583,-0.4791208791208774,35,32,ENABLE
1785583358.7052467,-0.5334935530632485,-0.0549450549450583,-0.4879120879120862,35,32,ENABLE
1785583358.7100778,-0.5334935530632485,-0.0329670329670364,-0.4879120879120862,35,32,ENABLE
1785583358.7149827,-0.5334935530632485,-0.010989010989014503,-0.49670329670329494,35,32,ENABLE
1785583358.7199655,-0.5334935530632485,-0.010989010989014503,-0.5054945054945073,35,32,ENABLE
1785583358.7249823,-0.5334935530632485,-0.010989010989014503,-0.5054945054945073,35,32,ENABLE
1785583358.730033,-0.5334935530632485,-0.0329670329670364,-0.514285714285716,35,32,ENABLE
1785583358.7350278,-0.5334935530632485,-0.010989010989014503,-0.514285714285716,35,32,ENABLE
1785583358.739973,-0.5331120775158311,0.0329670329670364,-0.5230769230769248,35,32,ENABLE
1785583358.7449634,-0.5334935530632485,-0.010989010989014503,-0.514285714285716,35,32,ENABLE
1785583358.7500286,-0.5334935530632485,-0.0329670329670364,-0.514285714285716,35,32,ENABLE
1785583358.754989,-0.5334935530632485,-0.010989010989014503,-0.5054945054945073,35,32,ENABLE
1785583358.7601733,-0.5334935530632485,0.010989010989014503,-0.5054945054945073,35,32,ENABLE
1785583358.765135,-0.5334935530632485,-0.010989010989014503,-0.514285714285716,35,32,ENABLE
1785583358.7702482,-0.5334935530632485,-0.0329670329670364,-0.5054945054945073,35,32,ENABLE
1785583358.7751322,-0.5334935530632485,-0.010989010989014503,-0.514285714285716,35,32,ENABLE
1785583358.78012,-0.5334935530632485,-0.010989010989014503,-0.514285714285716,35,32,ENABLE
1785583358.7851157,-0.5334935530632485,-0.010989010989014503,-0.514285714285716,35,32,ENABLE
1785583358.7901554,-0.5334935530632485,-0.0329670329670364,-0.514285714285716,35,32,ENABLE
1785583358.7951143,-0.5334935530632485,-0.010989010989014503,-0.514285714285716,35,32,ENABLE
1785583358.8001218,-0.5331120775158311,-0.010989010989014503,-0.5054945054945073,35,32,ENABLE
1785583358.8051145,-0.5334935530632485,-0.010989010989014503,-0.5054945054945073,35,32,ENABLE
1785583358.8101602,-0.5334935530632485,-0.010989010989014503,-0.5054945054945073,35,32,ENABLE
1785583358.8151171,-0.5334935530632485,-0.010989010989014503,-0.5054945054945073,35,32,ENABLE
1785583358.820118,-0.5334935530632485,-0.010989010989014503,-0.514285714285716,35,32,ENABLE
1785583358.8251274,-0.5331120775158311,0.010989010989014503,-0.514285714285716,35,32,ENABLE
1785583358.8301303,-0.5331120775158311,-0.010989010989014503,-0.514285714285716,35,32,ENABLE
1785583358.835114,-0.5331120775158311,-0.010989010989014503,-0.514285714285716,35,32,ENABLE
1785583358.840113,-0.5334935530632485,0.010989010989014503,-0.5054945054945073,35,32,ENABLE
1785583358.8451264,-0.5334935530632485,-0.0329670329670364,-0.514285714285716,35,32,ENABLE
1785583358.8502107,-0.5331120775158311,0.010989010989014503,-0.514285714285716,35,32,ENABLE
1785583358.8552473,-0.5331120775158311,0.0329670329670364,-0.5230769230769248,35,32,ENABLE
1785583358.8601618,-0.5331120775158311,0.010989010989014503,-0.5230769230769248,35,32,ENABLE
1785583358.8651848,-0.5331120775158311,0.010989010989014503,-0.5230769230769248,35,32,ENABLE
1785583358.8701298,-0.5327306019684137,-0.010989010989014503,-0.5318681318681335,35,32,ENABLE
1785583358.8752072,-0.5327306019684137,-0.010989010989014503,-0.5318681318681335,35,32,ENABLE
1785583358.880136,-0.5327306019684137,0.0329670329670364,-0.5230769230769248,35,32,ENABLE
1785583358.885174,-0.5327306019684137,0.010989010989014503,-0.5230769230769248,35,32,ENABLE
1785583358.8901267,-0.5323491264209963,0.010989010989014503,-0.5318681318681335,35,32,ENABLE
1785583358.8952076,-0.5323491264209963,0.010989010989014503,-0.5318681318681335,35,32,ENABLE
1785583358.900124,-0.5323491264209963,0.010989010989014503,-0.5406593406593423,35,32,ENABLE
1785583358.9051301,-0.5323491264209963,-0.010989010989014503,-0.5406593406593423,35,32,ENABLE
1785583358.91012,-0.5323491264209963,-0.010989010989014503,-0.5406593406593423,35,32,ENABLE
1785583358.9151304,-0.5319676508735789,0.010989010989014503,-0.549450549450551,35,32,ENABLE
1785583358.9201388,-0.5315861753261615,0.0329670329670364,-0.5582417582417598,35,32,ENABLE
1785583358.9251187,-0.5312046997787441,0.0329670329670364,-0.5582417582417598,35,32,ENABLE
1785583358.9301264,-0.5312046997787441,0.0769230769230802,-0.5758241758241773,35,32,ENABLE
1785583358.9351308,-0.5304417486839093,0.0769230769230802,-0.5846153846153861,35,32,ENABLE
1785583358.9401789,-0.5296787975890744,0.120879120879124,-0.6109890109890124,35,32,ENABLE
1785583358.9451256,-0.5289158464942396,0.1428571428571459,-0.6285714285714299,35,32,ENABLE
1785583358.9501243,-0.5285343709468222,0.0989010989011021,-0.6373626373626387,35,32,ENABLE
1785583358.9551153,-0.5281528953994048,0.0769230769230802,-0.6373626373626387,35,32,ENABLE
1785583358.9602041,-0.5277714198519874,0.0549450549450583,-0.6285714285714299,35,32,ENABLE
1785583358.965125,-0.52738994430457,0.0769230769230802,-0.6285714285714299,35,32,ENABLE
1785583358.9701295,-0.5270084687571526,0.0329670329670364,-0.6373626373626387,35,32,ENABLE
1785583358.9751246,-0.5266269932097352,0.0769230769230802,-0.6461538461538474,35,32,ENABLE
1785583358.980176,-0.5258640421149003,0.120879120879124,-0.6637362637362649,35,32,ENABLE
1785583358.9851108,-0.5251010910200655,0.120879120879124,-0.6901098901098912,35,32,ENABLE
1785583358.9901326,-0.5243381399252307,0.1428571428571459,-0.6901098901098912,35,32,ENABLE
1785583358.9951296,-0.5239566643778133,0.0989010989011021,-0.6989010989011,35,32,ENABLE
1785583359.0001333,-0.5235751888303959,0.0769230769230802,-0.6901098901098912,35,32,ENABLE
1785583359.0050914,-0.5228122377355611,0.0989010989011021,-0.6725274725274737,35,32,ENABLE
1785583359.010121,-0.5220492866407263,0.1648351648351678,-0.5758241758241773,35,32,ENABLE
1785583359.015123,-0.5205233844510566,0.2527472527472554,-0.42637362637362486,35,32,ENABLE
1785583359.0201292,-0.5174715800717173,0.4725274725274744,-0.2417582417582409,35,32,ENABLE
1785583359.025128,-0.5132753490501258,0.6923076923076934,-0.07472527472527446,35,32,ENABLE
1785583359.0301201,-0.5079346913862821,0.9560439560439562,0.05714285714285694,35,32,ENABLE
1785583359.0351293,-0.5014496070801862,1.1758241758241752,0.18021978021977958,35,32,ENABLE
1785583359.040138,-0.4942015716792554,1.3516483516483504,0.29450549450549346,35,32,ENABLE
1785583359.045125,-0.48542763408865497,1.5934065934065913,0.38241758241758106,35,32,ENABLE
1785583359.0501251,-0.4751277943083849,1.9230769230769198,0.42637362637362486,35,32,ENABLE
1785583359.0551255,-0.46330205233844524,2.2307692307692335,0.47032967032966866,35,32,ENABLE
1785583359.0601313,-0.45185778591592296,2.2527472527472554,0.6197802197802211,35,32,ENABLE
1785583359.0651276,-0.4407949950408181,2.2307692307692335,0.7428571428571438,35,32,ENABLE
1785583359.0701134,-0.4282063019760436,2.4065934065934087,0.8043956043956051,35,32,ENABLE
1785583359.0751245,-0.41485465781643427,2.604395604395606,0.9010989010989015,35,32,ENABLE
1785583359.080125,-0.40074006256199013,2.736263736263737,0.989010989010989,35,32,ENABLE
1785583359.0851305,-0.3862439917601286,2.8461538461538467,1.0505494505494504,35,32,ENABLE
1785583359.0901356,-0.3706034943160148,2.978021978021978,1.0945054945054942,35,32,ENABLE
1785583359.0951233,-0.3545815213244836,3.1318681318681314,1.138461538461538,35,32,ENABLE
1785583359.1001475,-0.338178072785535,3.241758241758241,1.2263736263736256,35,32,ENABLE
1785583359.105209,-0.3210116731517516,3.3076923076923066,1.2615384615384606,35,32,ENABLE
1785583359.110154,-0.3038452735179682,3.417582417582416,1.3054945054945044,35,32,ENABLE
1785583359.1151235,-0.28591592278934996,3.5274725274725256,1.3670329670329657,35,32,ENABLE
1785583359.1201222,-0.2676050965133143,3.615384615384613,1.393406593406592,35,32,ENABLE
1785583359.1251204,-0.2485313191424421,3.7252747252747227,1.4197802197802183,35,32,ENABLE
1785583359.1301377,-0.22907606622415422,3.8131868131868103,1.4725274725274708,35,32,ENABLE
1785583359.1351264,-0.20962081330586635,3.879120879120876,1.4725274725274708,35,32,ENABLE
1785583359.140122,-0.18978408484016107,3.9450549450549417,1.5340659340659357,35,32,ENABLE
1785583359.1451213,-0.1699473563744558,3.9450549450549417,1.5868131868131883,35,32,ENABLE
1785583359.150212,-0.15011062790875052,3.879120879120876,1.6835164835164846,35,32,ENABLE
1785583359.1551168,-0.13179980163271487,3.7912087912087884,1.815384615384616,35,32,ENABLE
1785583359.1601386,-0.11310749980926182,3.7252747252747227,1.8681318681318686,35,32,ENABLE
1785583359.16522,-0.09441519798580877,3.7252747252747227,1.9912087912087912,35,32,ENABLE
1785583359.1701784,-0.07572289616235572,3.703296703296701,2.0967032967032964,35,32,ENABLE
1785583359.1752083,-0.056649118791485265,3.7472527472527446,2.1318681318681314,35,32,ENABLE
1785583359.1801844,-0.037575341420614805,3.835164835164832,2.2021978021978015,35,32,ENABLE
1785583359.1851807,-0.017738612954909527,3.901098901098898,2.219780219780219,35,32,ENABLE
1785583359.190391,0.0036240177004653873,4.0109890109890145,2.2461538461538453,35,32,ENABLE
1785583359.1951678,0.023079270618753256,4.07692307692308,2.254945054945054,35,32,ENABLE
1785583359.2001915,0.04406042572671076,4.18681318681319,2.2373626373626365,35,32,ENABLE
1785583359.205178,0.06580453192950309,4.252747252747255,2.263736263736263,35,32,ENABLE
1785583359.2101798,0.08754863813229541,4.318681318681321,2.2285714285714278,35,32,ENABLE
1785583359.2152116,0.11043717097733996,4.428571428571431,2.219780219780219,35,32,ENABLE
1785583359.2201266,0.1329442282749671,4.516483516483518,2.1934065934065927,35,32,ENABLE
1785583359.225125,0.15621423666742906,4.626373626373628,2.175824175824175,35,32,ENABLE
1785583359.230121,0.17948424505989102,4.6703296703296715,2.114285714285714,35,32,ENABLE
1785583359.235181,0.2038986800946052,4.736263736263737,2.0967032967032964,35,32,ENABLE
1785583359.2402155,0.2283131151293194,4.802197802197803,2.043956043956044,35,32,ENABLE
1785583359.2451808,0.25272755016403536,4.8901098901098905,2.0,35,32,ENABLE
1785583359.2502146,0.2782864118410018,4.978021978021978,1.9120879120879124,35,32,ENABLE
1785583359.255222,0.3034637979705508,5.065934065934066,1.8417582417582423,35,32,ENABLE
1785583359.2601864,0.3286411841000998,5.065934065934066,1.7978021978021985,35,32,ENABLE
1785583359.265178,0.3545815213244836,5.131868131868131,1.745054945054946,35,32,ENABLE
1785583359.2702386,0.38052185854886744,5.131868131868131,1.6659340659340671,35,32,ENABLE
1785583359.2752435,0.40646219577325127,5.175824175824175,1.6131868131868146,35,32,ENABLE
1785583359.2802155,0.4324025329976351,5.175824175824175,1.5428571428571445,35,32,ENABLE
1785583359.285199,0.4583428702220189,5.197802197802197,1.4989010989010971,35,32,ENABLE
1785583359.2901778,0.48390173189898533,5.175824175824175,1.428571428571427,35,32,ENABLE
1785583359.295129,0.5094605935759517,5.153846153846153,1.393406593406592,35,32,ENABLE
1785583359.3001842,0.535782406347753,5.175824175824175,1.3142857142857132,35,32,ENABLE
1785583359.3051825,0.5613412680247194,5.153846153846153,1.2703296703296694,35,32,ENABLE
1785583359.3101227,0.5869001297016858,5.1098901098901095,1.1912087912087905,35,32,ENABLE
1785583359.3153105,0.613221942473487,5.1098901098901095,1.1472527472527467,35,32,ENABLE
1785583359.3201435,0.6380178530556186,5.087912087912088,1.0769230769230766,35,32,ENABLE
1785583359.3250117,0.6628137636377502,5.043956043956044,1.0417582417582416,35,32,ENABLE
1785583359.3298397,0.686846723125047,5.0,0.9802197802197803,35,32,ENABLE
1785583359.3350475,0.712024109254596,4.934065934065934,0.9714285714285715,35,32,ENABLE
1785583359.3402243,0.7368200198367276,4.868131868131869,0.9098901098901102,35,32,ENABLE
1785583359.3451855,0.7608529793240262,4.846153846153847,0.8923076923076927,35,32,ENABLE
1785583359.3502097,0.784885938811323,4.780219780219781,0.8219780219780226,35,32,ENABLE
1785583359.3551862,0.8077744716563675,4.714285714285715,0.8131868131868139,35,32,ENABLE
1785583359.3602197,0.8310444800488295,4.582417582417584,0.76923076923077,35,32,ENABLE
1785583359.365185,0.8531700617990392,4.516483516483518,0.7516483516483525,35,32,ENABLE
1785583359.370215,0.8752956435492489,4.428571428571431,0.7164835164835175,35,32,ENABLE
1785583359.3751254,0.8974212252994587,4.472527472527474,0.6637362637362649,35,32,ENABLE
1785583359.3801324,0.9195468070496684,4.428571428571431,0.6285714285714299,35,32,ENABLE
1785583359.3851304,0.9412909132524607,4.362637362637365,0.5670329670329686,35,32,ENABLE
1785583359.3901236,0.9618905928130008,4.208791208791212,0.5758241758241773,35,32,ENABLE
1785583359.3951275,0.9821087968261235,4.032967032967036,0.5670329670329686,35,32,ENABLE
1785583359.4001317,1.0015640497444114,3.92307692307692,0.5846153846153861,35,32,ENABLE
1785583359.4052165,1.0206378271152818,3.8131868131868103,0.5934065934065949,35,32,ENABLE
1785583359.41013,1.0389486533913175,3.7472527472527446,0.5758241758241773,35,32,ENABLE
1785583359.4151266,1.0568780041199357,3.659340659340657,0.6109890109890124,35,32,ENABLE
1785583359.4201267,1.0744258793011365,3.5054945054945037,0.6109890109890124,35,32,ENABLE
1785583359.4252107,1.09159227893492,3.439560439560438,0.6021978021978036,35,32,ENABLE
1785583359.4301326,1.1079957274738685,3.3516483516483504,0.6197802197802211,35,32,ENABLE
1785583359.435166,1.1243991760128171,3.263736263736263,0.6197802197802211,35,32,ENABLE
1785583359.440122,1.140039673456931,3.197802197802197,0.6109890109890124,35,32,ENABLE
1785583359.4452102,1.1556801709010447,3.1098901098901095,0.6461538461538474,35,32,ENABLE
1785583359.450167,1.1697947661554888,2.9340659340659343,0.6637362637362649,35,32,ENABLE
1785583359.455161,1.1835278858625156,2.802197802197803,0.6725274725274737,35,32,ENABLE
1785583359.4601266,1.1968795300221249,2.7142857142857153,0.7164835164835175,35,32,ENABLE
1785583359.4652123,1.2098496986343168,2.604395604395606,0.7516483516483525,35,32,ENABLE
1785583359.4702177,1.2220569161516739,2.4945054945054963,0.7780219780219788,35,32,ENABLE
1785583359.4751313,1.2335011825741962,2.362637362637365,0.7956043956043963,35,32,ENABLE
1785583359.480183,1.244563973449301,2.2527472527472554,0.8571428571428577,35,32,ENABLE
1785583359.4851801,1.2548638132295729,2.098901098901102,0.9098901098901102,35,32,ENABLE
1785583359.490186,1.2647821774624255,1.9890109890109855,0.9450549450549453,35,32,ENABLE
1785583359.495221,1.2743190661478607,1.9670329670329636,0.9626373626373628,35,32,ENABLE
1785583359.5001824,1.2830930037384611,1.857142857142854,0.989010989010989,35,32,ENABLE
1785583359.5051262,1.2918669413290615,1.7912087912087884,1.0153846153846153,35,32,ENABLE
1785583359.5101662,1.3002594033722445,1.659340659340657,1.0593406593406591,35,32,ENABLE
1785583359.515132,1.3078889143205927,1.5714285714285694,1.0945054945054942,35,32,ENABLE
1785583359.5201306,1.314755474174106,1.46153846153846,1.1208791208791204,35,32,ENABLE
1785583359.5251298,1.3216220340276195,1.3736263736263723,1.138461538461538,35,32,ENABLE
1785583359.530219,1.3284885938811328,1.3076923076923066,1.1648351648351642,35,32,ENABLE
1785583359.5352151,1.334210727092394,1.241758241758241,1.208791208791208,35,32,ENABLE
1785583359.5403578,1.339932860303655,1.1318681318681314,1.243956043956043,35,32,ENABLE
1785583359.5452113,1.344510566872664,1.021978021978022,1.2967032967032956,35,32,ENABLE
1785583359.5501668,1.349088273441673,0.9120879120879124,1.3318681318681307,35,32,ENABLE
1785583359.5552034,1.3532845044632644,0.8461538461538467,1.3670329670329657,35,32,ENABLE
1785583359.560126,1.356717784390021,0.7362637362637372,1.4109890109890095,35,32,ENABLE
1785583359.5651484,1.3597695887693604,0.6483516483516496,1.4197802197802183,35,32,ENABLE
1785583359.570126,1.3624399176012822,0.5824175824175839,1.4461538461538446,35,32,ENABLE
1785583359.5751553,1.365110246433204,0.5384615384615401,1.4813186813186796,35,32,ENABLE
1785583359.5801852,1.3673990997177086,0.4725274725274744,1.4725274725274708,35,32,ENABLE
1785583359.585153,1.3693064774547956,0.3846153846153868,1.5076923076923094,35,32,ENABLE
1785583359.5901258,1.3708323796444652,0.340659340659343,1.4989010989010971,35,32,ENABLE
1785583359.5951865,1.3719768062867175,0.2527472527472554,1.525274725274727,35,32,ENABLE
1785583359.6001859,1.3727397573815523,0.1868131868131897,1.5516483516483532,35,32,ENABLE
1785583359.6051435,1.3735027084763871,0.1648351648351678,1.5428571428571445,35,32,ENABLE
1785583359.6101272,1.374265659571222,0.120879120879124,1.5340659340659357,35,32,ENABLE
1785583359.6152134,1.374265659571222,0.0549450549450583,1.5340659340659357,35,32,ENABLE
1785583359.6201792,1.374265659571222,0.010989010989014503,1.525274725274727,35,32,ENABLE
1785583359.6251945,1.374265659571222,0.010989010989014503,1.4989010989010971,35,32,ENABLE
1785583359.6301289,1.374265659571222,-0.0329670329670364,1.463736263736262,35,32,ENABLE
1785583359.6351295,1.3738841840238045,-0.0549450549450583,1.428571428571427,35,32,ENABLE
1785583359.6401293,1.3738841840238045,-0.0329670329670364,1.3846153846153832,35,32,ENABLE
1785583359.6451259,1.3731212329289697,-0.120879120879124,1.358241758241757,35,32,ENABLE
1785583359.6502135,1.3712138551918827,-0.2747252747252773,1.358241758241757,35,32,ENABLE
1785583359.6552098,1.369687953002213,-0.3186813186813211,1.3318681318681307,35,32,ENABLE
1785583359.6601682,1.3681620508125434,-0.340659340659343,1.3054945054945044,35,32,ENABLE
1785583359.6652184,1.3654917219806215,-0.4505494505494525,1.3054945054945044,35,32,ENABLE
1785583359.6702049,1.3628213931486997,-0.5164835164835182,1.2703296703296694,35,32,ENABLE
1785583359.67512,1.3597695887693604,-0.6043956043956058,1.2527472527472518,35,32,ENABLE
1785583359.6802037,1.3559548332951863,-0.6923076923076934,1.2263736263736256,35,32,ENABLE
1785583359.6851237,1.3521400778210122,-0.7362637362637372,1.1999999999999993,35,32,ENABLE
1785583359.690118,1.3479438467994207,-0.8021978021978029,1.1912087912087905,35,32,ENABLE
1785583359.695183,1.3433661402304118,-0.9340659340659343,1.1648351648351642,35,32,ENABLE
1785583359.7002203,1.338025482566568,-1.0,1.138461538461538,35,32,ENABLE
1785583359.705205,1.332303349355307,-1.0659340659340657,1.1120879120879117,35,32,ENABLE
1785583359.7101288,1.3269626916914632,-1.0879120879120876,1.068131868131868,35,32,ENABLE
1785583359.7151437,1.3216220340276195,-1.1318681318681314,1.0329670329670328,35,32,ENABLE
1785583359.7201247,1.3151369497215235,-1.197802197802197,1.0065934065934066,35,32,ENABLE
1785583359.7252262,1.3086518654154276,-1.2637362637362628,0.9626373626373628,35,32,ENABLE
1785583359.7301333,1.3017853055619142,-1.3956043956043942,0.9362637362637365,35,32,ENABLE
1785583359.7351367,1.294155794613566,-1.46153846153846,0.9010989010989015,35,32,ENABLE
1785583359.7401254,1.2865262836652178,-1.5274725274725256,0.8835164835164839,35,32,ENABLE
1785583359.7451243,1.2781338216220348,-1.6153846153846132,0.8483516483516489,35,32,ENABLE
1785583359.7501767,1.2693598840314344,-1.7252747252747227,0.8131868131868139,35,32,ENABLE
1785583359.755181,1.2598229953459992,-1.857142857142854,0.8131868131868139,35,32,ENABLE
1785583359.7601707,1.250286106660564,-1.901098901098898,0.8043956043956051,35,32,ENABLE
1785583359.7653031,1.2396047913328747,-2.0109890109890145,0.7780219780219788,35,32,ENABLE
1785583359.770203,1.229686427100022,-2.0329670329670364,0.734065934065935,35,32,ENABLE
1785583359.7751327,1.2190051117723346,-2.120879120879124,0.7076923076923087,35,32,ENABLE
1785583359.7801273,1.2075608453498123,-2.2527472527472554,0.7164835164835175,35,32,ENABLE
1785583359.7851684,1.1953536278324552,-2.318681318681321,0.6813186813186825,35,32,ENABLE
1785583359.79016,1.1835278858625156,-2.4065934065934087,0.6461538461538474,35,32,ENABLE
1785583359.7950952,1.1713206683451585,-2.4285714285714306,0.6285714285714299,35,32,ENABLE
1785583359.800131,1.1583504997329666,-2.53846153846154,0.6109890109890124,35,32,ENABLE
1785583359.8051288,1.1449988555733572,-2.6483516483516496,0.5934065934065949,35,32,ENABLE
1785583359.8101246,1.1312657358663305,-2.758241758241759,0.5758241758241773,35,32,ENABLE
1785583359.8152087,1.116769665064469,-2.780219780219781,0.5406593406593423,35,32,ENABLE
1785583359.8201272,1.1022735942626074,-2.9120879120879124,0.5406593406593423,35,32,ENABLE
1785583359.8251886,1.0873960479133284,-2.956043956043956,0.514285714285716,35,32,ENABLE
1785583359.8301227,1.0725185015640495,-3.043956043956044,0.4879120879120862,35,32,ENABLE
1785583359.8351238,1.0568780041199357,-3.0659340659340657,0.4791208791208774,35,32,ENABLE
1785583359.8401268,1.0408560311284045,-3.175824175824175,0.45274725274725114,35,32,ENABLE
1785583359.8451273,1.024452582589456,-3.241758241758241,0.4351648351648336,35,32,ENABLE
1785583359.8502212,1.0072861829556725,-3.3516483516483504,0.42637362637362486,35,32,ENABLE
1785583359.8551862,0.9905012588693065,-3.395604395604394,0.3999999999999986,35,32,ENABLE
1785583359.860126,0.9733348592355231,-3.417582417582416,0.36483516483516354,35,32,ENABLE
1785583359.865127,0.9561684596017397,-3.483516483516482,0.33846153846153726,35,32,ENABLE
1785583359.870212,0.937857633325704,-3.5934065934065913,0.3296703296703285,35,32,ENABLE
1785583359.8751304,0.919165331502251,-3.703296703296701,0.33846153846153726,35,32,ENABLE
1785583359.880128,0.8997100785839631,-3.835164835164832,0.347252747252746,35,32,ENABLE
1785583359.8851256,0.8798733501182578,-3.92307692307692,0.33846153846153726,35,32,ENABLE
1785583359.8901699,0.8596551461051352,-3.9890109890109855,0.3560439560439548,35,32,ENABLE
1785583359.8952003,0.8390554665445951,-4.07692307692308,0.36483516483516354,35,32,ENABLE
1785583359.9001284,0.8188372625314724,-4.120879120879124,0.3560439560439548,35,32,ENABLE
1785583359.9051282,0.7974746318760975,-4.18681318681319,0.38241758241758106,35,32,ENABLE
1785583359.9101205,0.7761120012207225,-4.274725274725277,0.36483516483516354,35,32,ENABLE
1785583359.9152117,0.7539864194705128,-4.340659340659343,0.3736263736263723,35,32,ENABLE
1785583359.920132,0.7318608377203013,-4.428571428571431,0.36483516483516354,35,32,ENABLE
1785583359.9251232,0.710116731517509,-4.4505494505494525,0.36483516483516354,35,32,ENABLE
1785583359.9301236,0.6876096742198818,-4.494505494505496,0.36483516483516354,35,32,ENABLE
1785583359.935164,0.6643396658274199,-4.582417582417584,0.3736263736263723,35,32,ENABLE
1785583359.9401221,0.6414511329823753,-4.626373626373628,0.38241758241758106,35,32,ENABLE
1785583359.945186,0.617799649042496,-4.64835164835165,0.36483516483516354,35,32,ENABLE
1785583359.9501657,0.594529640650034,-4.692307692307693,0.347252747252746,35,32,ENABLE
1785583359.955219,0.5708781567101546,-4.692307692307693,0.3296703296703285,35,32,ENABLE
1785583359.9601994,0.5472266727702753,-4.736263736263737,0.347252747252746,35,32,ENABLE
1785583359.9651783,0.5235751888303959,-4.758241758241759,0.32087912087911974,35,32,ENABLE
1785583359.9702117,0.4995422293430991,-4.780219780219781,0.312087912087911,35,32,ENABLE
1785583359.975135,0.47627222095063715,-4.780219780219781,0.27692307692307594,35,32,ENABLE
1785583359.980213,0.45185778591592296,-4.780219780219781,0.2593406593406584,35,32,ENABLE
1785583359.9851825,0.4282063019760436,-4.780219780219781,0.20659340659340586,35,32,ENABLE
1785583359.9901276,0.4045548180361642,-4.780219780219781,0.1978021978021971,35,32,ENABLE
1785583359.9951248,0.38014038300145003,-4.824175824175825,0.16263736263736206,35,32,ENABLE
1785583360.0001292,0.35572594796673584,-4.868131868131869,0.16263736263736206,35,32,ENABLE
1785583360.0051284,0.33093003738460425,-4.934065934065934,0.1538461538461533,35,32,ENABLE
1785583360.0101252,0.30613412680247265,-4.978021978021978,0.17142857142857082,35,32,ENABLE
1785583360.0151289,0.28095674067292364,-5.0,0.14505494505494454,35,32,ENABLE
1785583360.0202134,0.25577935454337464,-5.021978021978022,0.13626373626373578,35,32,ENABLE
1785583360.025133,0.23098344396124126,-5.0,0.1098901098901095,35,32,ENABLE
1785583360.0301282,0.20618753337910967,-4.978021978021978,0.09230769230769198,35,32,ENABLE
1785583360.0351303,0.18139162279697807,-4.956043956043956,0.05714285714285694,35,32,ENABLE
1785583360.0401604,0.15621423666742906,-5.021978021978022,0.05714285714285694,35,32,ENABLE
1785583360.045221,0.12989242389562783,-5.175824175824175,0.07472527472527446,35,32,ENABLE
1785583360.0502088,0.10242618448157437,-5.373626373626372,0.1538461538461533,35,32,ENABLE
1785583360.055128,0.0745784695201035,-5.593406593406591,0.2417582417582409,35,32,ENABLE
1785583360.060211,0.0455863279163804,-5.703296703296701,0.3296703296703285,35,32,ENABLE
1785583360.0651314,0.0165941863126573,-5.81318681318681,0.4351648351648336,35,32,ENABLE
1785583360.0701294,-0.012779430838483208,-5.857142857142854,0.514285714285716,35,32,ENABLE
1785583360.0751307,-0.042534523537041125,-5.92307692307692,0.6197802197802211,35,32,ENABLE
1785583360.0801322,-0.07228961623559904,-5.945054945054942,0.6637362637362649,35,32,ENABLE
1785583360.0851266,-0.10166323338673955,-5.967032967032964,0.734065934065935,35,32,ENABLE
1785583360.0901291,-0.13179980163271487,-5.945054945054942,0.7604395604395613,35,32,ENABLE
1785583360.0951364,-0.16117341878385538,-5.92307692307692,0.7868131868131876,35,32,ENABLE
1785583360.1001258,-0.19016556038757848,-5.879120879120876,0.8307692307692314,35,32,ENABLE
1785583360.1051283,-0.219539177538719,-5.857142857142854,0.8307692307692314,35,32,ENABLE
1785583360.110126,-0.24814984359502468,-5.747252747252745,0.8395604395604401,35,32,ENABLE
1785583360.1151245,-0.2759975585564973,-5.659340659340657,0.8395604395604401,35,32,ENABLE
1785583360.1201582,-0.3038452735179682,-5.571428571428569,0.8043956043956051,35,32,ENABLE
1785583360.1251273,-0.33093003738460425,-5.505494505494504,0.7868131868131876,35,32,ENABLE
1785583360.1302032,-0.3576333257038229,-5.395604395604394,0.7780219780219788,35,32,ENABLE
1785583360.1351285,-0.3835736629282067,-5.307692307692307,0.734065934065935,35,32,ENABLE
1785583360.1401289,-0.40913252460517313,-5.197802197802197,0.6989010989011,35,32,ENABLE
1785583360.145188,-0.43430991073472214,-5.021978021978022,0.7516483516483525,35,32,ENABLE
1785583360.1502047,-0.4571984435797667,-4.758241758241759,0.8659340659340664,35,32,ENABLE
1785583360.1551235,-0.4781795986877242,-4.472527472527474,0.9978021978021978,35,32,ENABLE
1785583360.1601424,-0.4983978027008469,-4.120879120879124,1.1296703296703292,35,32,ENABLE
1785583360.1652215,-0.5167086289768825,-3.7912087912087884,1.1999999999999993,35,32,ENABLE
1785583360.170212,-0.5331120775158311,-3.439560439560438,1.2703296703296694,35,32,ENABLE
1785583360.1751816,-0.5479896238651101,-3.1318681318681314,1.323076923076922,35,32,ENABLE
1785583360.180143,-0.5613412680247194,-2.8461538461538467,1.3406593406593394,35,32,ENABLE
1785583360.1852171,-0.5739299610894939,-2.6483516483516496,1.3846153846153832,35,32,ENABLE
1785583360.1901367,-0.5849927519645988,-2.384615384615387,1.4197802197802183,35,32,ENABLE
1785583360.195124,-0.5952925917448688,-2.1868131868131897,1.4549450549450533,35,32,ENABLE
1785583360.2001324,-0.6044480048828866,-1.9230769230769198,1.4461538461538446,35,32,ENABLE
1785583360.2051384,-0.6120775158312348,-1.681318681318679,1.4373626373626358,35,32,ENABLE
1785583360.2101507,-0.6185626001373308,-1.46153846153846,1.3846153846153832,35,32,ENABLE
1785583360.2151277,-0.6235217822537571,-1.1318681318681314,1.323076923076922,35,32,ENABLE
1785583360.2201483,-0.6273365377279312,-0.8901098901098905,1.2527472527472518,35,32,ENABLE
1785583360.2251272,-0.630006866559853,-0.6703296703296715,1.1648351648351642,35,32,ENABLE
1785583360.2301557,-0.6307698176546879,-0.3186813186813211,1.0505494505494504,35,32,ENABLE
1785583360.2352152,-0.6307698176546879,-0.1428571428571459,0.9450549450549453,35,32,ENABLE
1785583360.2401845,-0.6303883421072705,-0.010989010989014503,0.8571428571428577,35,32,ENABLE
1785583360.2451851,-0.6296253910124356,0.0989010989011021,0.76923076923077,35,32,ENABLE
1785583360.250259,-0.6277180132753486,0.2747252747252773,0.6813186813186825,35,32,ENABLE
1785583360.2551305,-0.626192111085679,0.2967032967032992,0.6021978021978036,35,32,ENABLE
1785583360.260119,-0.6231403067063397,0.4725274725274744,0.514285714285716,35,32,ENABLE
1785583360.265184,-0.6200885023270004,0.560439560439562,0.3912087912087898,35,32,ENABLE
1785583360.2702467,-0.6155107957579915,0.8021978021978029,0.27692307692307594,35,32,ENABLE
1785583360.275183,-0.6105516136415652,0.9120879120879124,0.16263736263736206,35,32,ENABLE
1785583360.2801232,-0.6059739070725563,0.9340659340659343,0.08351648351648322,35,32,ENABLE
1785583360.2851236,-0.6006332494087125,1.021978021978022,-0.05714285714285694,35,32,ENABLE
1785583360.2901325,-0.5933852140077818,1.2857142857142847,-0.22417582417582338,35,32,ENABLE
1785583360.2951248,-0.5853742275120162,1.5054945054945037,-0.4175824175824161,35,32,ENABLE
1785583360.3002143,-0.5773632410162506,1.5714285714285694,-0.5934065934065949,35,32,ENABLE
1785583360.3051283,-0.5701152056153198,1.5054945054945037,-0.7076923076923087,35,32,ENABLE
1785583360.3101249,-0.5632486457618064,1.3956043956043942,-0.8043956043956051,35,32,ENABLE
1785583360.3151274,-0.5552376592660409,1.5054945054945037,-0.9362637362637365,35,32,ENABLE
1785583360.3201256,-0.5479896238651101,1.5054945054945037,-1.0329670329670328,35,32,ENABLE
1785583360.3251255,-0.5407415884641793,1.417582417582416,-1.068131868131868,35,32,ENABLE
1785583360.330175,-0.535782406347753,1.1538461538461533,-1.0769230769230766,35,32,ENABLE
1785583360.3352137,-0.5312046997787441,0.9560439560439562,-1.0593406593406591,35,32,ENABLE
1785583360.340141,-0.5277714198519874,0.780219780219781,-1.0505494505494504,35,32,ENABLE
1785583360.345121,-0.5239566643778133,0.7582417582417591,-1.0593406593406591,35,32,ENABLE
1785583360.3502195,-0.5201419089036392,0.7362637362637372,-1.0769230769230766,35,32,ENABLE
1785583360.3552108,-0.5170901045242999,0.6923076923076934,-1.0857142857142854,35,32,ENABLE
1785583360.3601382,-0.5132753490501258,0.6923076923076934,-1.1296703296703292,35,32,ENABLE
1785583360.3651235,-0.5090791180285343,0.8021978021978029,-1.2175824175824168,35,32,ENABLE
1785583360.3701344,-0.5045014114595254,0.8681318681318686,-1.287912087912087,35,32,ENABLE
1785583360.3751516,-0.5003051804379339,0.8901098901098905,-1.3494505494505482,35,32,ENABLE
1785583360.3801281,-0.4961089494163424,0.8241758241758248,-1.3846153846153832,35,32,ENABLE
1785583360.3851852,-0.49305714503700315,0.6703296703296715,-1.3758241758241745,35,32,ENABLE
1785583360.390131,-0.4911497672999161,0.5164835164835182,-1.3670329670329657,35,32,ENABLE
1785583360.3951237,-0.48962386511024647,0.3846153846153868,-1.323076923076922,35,32,ENABLE
1785583360.4001703,-0.48886091401541165,0.1868131868131897,-1.2791208791208781,35,32,ENABLE
1785583360.4051259,-0.48847943846799424,0.0989010989011021,-1.2263736263736256,35,32,ENABLE
1785583360.4101248,-0.48847943846799424,0.010989010989014503,-1.1648351648351642,35,32,ENABLE
1785583360.415121,-0.48886091401541165,-0.0549450549450583,-1.1208791208791204,35,32,ENABLE
1785583360.4201362,-0.48962386511024647,-0.120879120879124,-1.068131868131868,35,32,ENABLE
1785583360.4251678,-0.4907682917524987,-0.2307692307692335,-0.9978021978021978,35,32,ENABLE
1785583360.4301279,-0.49229419394216833,-0.2747252747252773,-0.953846153846154,35,32,ENABLE
1785583360.4351814,-0.49382009613183797,-0.2967032967032992,-0.9098901098901102,35,32,ENABLE
1785583360.4401357,-0.4961089494163424,-0.4285714285714306,-0.8395604395604401,35,32,ENABLE
1785583360.4451313,-0.4987792782482643,-0.4725274725274744,-0.7956043956043963,35,32,ENABLE
1785583360.45021,-0.5010681315327687,-0.4945054945054963,-0.734065934065935,35,32,ENABLE
1785583360.4551773,-0.5033569848172732,-0.4945054945054963,-0.6989010989011,35,32,ENABLE
1785583360.4601731,-0.5056458381017777,-0.4725274725274744,-0.6813186813186825,35,32,ENABLE
1785583360.4652123,-0.5079346913862821,-0.4505494505494525,-0.6461538461538474,35,32,ENABLE
1785583360.4702024,-0.5094605935759517,-0.3626373626373649,-0.6461538461538474,35,32,ENABLE
1785583360.475126,-0.5109864957656214,-0.340659340659343,-0.6285714285714299,35,32,ENABLE
1785583360.4801219,-0.5128938735027084,-0.3626373626373649,-0.6021978021978036,35,32,ENABLE
1785583360.4851499,-0.5144197756923781,-0.340659340659343,-0.6021978021978036,35,32,ENABLE
1785583360.4902122,-0.5167086289768825,-0.4065934065934087,-0.5582417582417598,35,32,ENABLE
1785583360.4951246,-0.5182345311665522,-0.3626373626373649,-0.549450549450551,35,32,ENABLE
1785583360.5001798,-0.5205233844510566,-0.4285714285714306,-0.4791208791208774,35,32,ENABLE
1785583360.5051763,-0.5224307621881437,-0.4065934065934087,-0.4615384615384599,35,32,ENABLE
1785583360.510219,-0.5251010910200655,-0.4725274725274744,-0.4175824175824161,35,32,ENABLE
1785583360.5151806,-0.5270084687571526,-0.4505494505494525,-0.40879120879120734,35,32,ENABLE
1785583360.5201383,-0.5289158464942396,-0.4285714285714306,-0.3560439560439548,35,32,ENABLE
1785583360.5251231,-0.5312046997787441,-0.4065934065934087,-0.3560439560439548,35,32,ENABLE
1785583360.5301313,-0.5327306019684137,-0.3846153846153868,-0.3296703296703285,35,32,ENABLE
1785583360.535183,-0.5342565041580833,-0.3186813186813211,-0.347252747252746,35,32,ENABLE
1785583360.540122,-0.5354009308003356,-0.2307692307692335,-0.3560439560439548,35,32,ENABLE
1785583360.5451813,-0.5361638818951704,-0.2087912087912116,-0.347252747252746,35,32,ENABLE
1785583360.5501993,-0.5369268329900052,-0.1648351648351678,-0.3560439560439548,35,32,ENABLE
1785583360.5552158,-0.5373083085374226,-0.120879120879124,-0.38241758241758106,35,32,ENABLE
1785583360.5601168,-0.53768978408484,-0.0549450549450583,-0.3999999999999986,35,32,ENABLE
1785583360.5651202,-0.5373083085374226,-0.0329670329670364,-0.42637362637362486,35,32,ENABLE
1785583360.5702045,-0.5373083085374226,-0.010989010989014503,-0.4439560439560424,35,32,ENABLE
1785583360.5752091,-0.5373083085374226,-0.010989010989014503,-0.4615384615384599,35,32,ENABLE
1785583360.5801218,-0.5373083085374226,-0.010989010989014503,-0.4615384615384599,35,32,ENABLE
1785583360.5853229,-0.5373083085374226,0.010989010989014503,-0.47032967032966866,35,32,ENABLE
1785583360.590198,-0.5373083085374226,-0.0329670329670364,-0.4615384615384599,35,32,ENABLE
1785583360.5951877,-0.5369268329900052,-0.010989010989014503,-0.45274725274725114,35,32,ENABLE
1785583360.6001759,-0.5369268329900052,0.010989010989014503,-0.45274725274725114,35,32,ENABLE
1785583360.6051776,-0.5373083085374226,-0.0329670329670364,-0.45274725274725114,35,32,ENABLE
1785583360.610115,-0.5373083085374226,-0.010989010989014503,-0.4615384615384599,35,32,ENABLE
1785583360.615142,-0.5373083085374226,-0.0329670329670364,-0.4615384615384599,35,32,ENABLE
1785583360.620124,-0.5373083085374226,-0.010989010989014503,-0.4615384615384599,35,32,ENABLE
1785583360.6251192,-0.5373083085374226,-0.010989010989014503,-0.4615384615384599,35,32,ENABLE
1785583360.630122,-0.5373083085374226,-0.010989010989014503,-0.4615384615384599,35,32,ENABLE
1785583360.6351218,-0.5373083085374226,-0.010989010989014503,-0.4615384615384599,35,32,ENABLE
1785583360.6401258,-0.5369268329900052,-0.010989010989014503,-0.4615384615384599,35,32,ENABLE
1785583360.6451185,-0.5369268329900052,-0.010989010989014503,-0.4615384615384599,35,32,ENABLE
1785583360.650206,-0.5369268329900052,-0.010989010989014503,-0.4615384615384599,35,32,ENABLE
1785583360.6551232,-0.5369268329900052,0.010989010989014503,-0.47032967032966866,35,32,ENABLE
1785583360.6602132,-0.5369268329900052,-0.010989010989014503,-0.4791208791208774,35,32,ENABLE
1785583360.6652129,-0.5365453574425878,0.0329670329670364,-0.4879120879120862,35,32,ENABLE
1785583360.6701212,-0.5365453574425878,0.0329670329670364,-0.4791208791208774,35,32,ENABLE
1785583360.6751199,-0.5361638818951704,0.0329670329670364,-0.4791208791208774,35,32,ENABLE
1785583360.6802232,-0.535782406347753,0.0549450549450583,-0.49670329670329494,35,32,ENABLE
1785583360.685202,-0.5354009308003356,0.0549450549450583,-0.5054945054945073,35,32,ENABLE
1785583360.6901166,-0.5346379797055008,0.0989010989011021,-0.5406593406593423,35,32,ENABLE
1785583360.6951263,-0.5334935530632485,0.1868131868131897,-0.5846153846153861,35,32,ENABLE
1785583360.7001488,-0.5327306019684137,0.1648351648351678,-0.6021978021978036,35,32,ENABLE
1785583360.7051218,-0.5319676508735789,0.1428571428571459,-0.6021978021978036,35,32,ENABLE
1785583360.710119,-0.5312046997787441,0.1428571428571459,-0.6109890109890124,35,32,ENABLE
1785583360.7151213,-0.5304417486839093,0.1868131868131897,-0.6373626373626387,35,32,ENABLE
1785583360.72018,-0.529297322041657,0.2087912087912116,-0.6725274725274737,35,32,ENABLE
1785583360.7251806,-0.5281528953994048,0.1868131868131897,-0.6637362637362649,35,32,ENABLE
1785583360.7301202,-0.5277714198519874,0.1428571428571459,-0.6637362637362649,35,32,ENABLE
1785583360.7351224,-0.5270084687571526,0.1648351648351678,-0.6725274725274737,35,32,ENABLE
1785583360.7401214,-0.5254825665674829,0.2087912087912116,-0.7076923076923087,35,32,ENABLE
1785583360.7452157,-0.5243381399252307,0.2307692307692335,-0.7428571428571438,35,32,ENABLE
1785583360.7502239,-0.5231937132829785,0.2087912087912116,-0.734065934065935,35,32,ENABLE
1785583360.755217,-0.5224307621881437,0.1648351648351678,-0.7428571428571438,35,32,ENABLE
1785583360.7601216,-0.5212863355458914,0.2307692307692335,-0.8043956043956051,35,32,ENABLE
1785583360.7651868,-0.5197604333562218,0.2747252747252773,-0.8219780219780226,35,32,ENABLE
1785583360.770182,-0.5186160067139696,0.2087912087912116,-0.8131868131868139,35,32,ENABLE
1785583360.7752094,-0.5174715800717173,0.2307692307692335,-0.8483516483516489,35,32,ENABLE
1785583360.7801802,-0.5151827267872129,0.340659340659343,-0.8571428571428577,35,32,ENABLE
1785583360.785157,-0.512512397955291,0.4725274725274744,-0.7164835164835175,35,32,ENABLE
1785583360.790123,-0.5094605935759517,0.5824175824175839,-0.5406593406593423,35,32,ENABLE
1785583360.7951233,-0.5048828870069428,0.780219780219781,-0.3560439560439548,35,32,ENABLE
1785583360.800124,-0.4995422293430991,0.9560439560439562,-0.16263736263736206,35,32,ENABLE
1785583360.8051295,-0.49343862058442056,1.1098901098901095,0.03956043956043942,35,32,ENABLE
1785583360.8102138,-0.4869535362783246,1.2637362637362628,0.23296703296703214,35,32,ENABLE
1785583360.8151348,-0.478942549782559,1.5054945054945037,0.3736263736263723,35,32,ENABLE
1785583360.8201246,-0.46864271000228896,1.8351648351648322,0.4615384615384599,35,32,ENABLE
1785583360.825132,-0.4568169680323493,2.1868131868131897,0.5758241758241773,35,32,ENABLE
1785583360.8301306,-0.4446097505149922,2.340659340659343,0.6989010989011,35,32,ENABLE
1785583360.8351843,-0.4316395819028003,2.4725274725274744,0.8131868131868139,35,32,ENABLE
1785583360.840128,-0.41828793774319095,2.6483516483516496,0.9010989010989015,35,32,ENABLE
1785583360.8451242,-0.403410391393912,2.8461538461538467,0.9802197802197803,35,32,ENABLE
1785583360.8502197,-0.3870069428549634,3.0879120879120876,1.0769230769230766,35,32,ENABLE
1785583360.8551474,-0.3706034943160148,3.219780219780219,1.138461538461538,35,32,ENABLE
1785583360.8601248,-0.353055619134814,3.439560439560438,1.1912087912087905,35,32,ENABLE
1785583360.8651476,-0.33474479285877834,3.5934065934065913,1.2527472527472518,35,32,ENABLE
1785583360.8702166,-0.31490806439307306,3.7692307692307665,1.2703296703296694,35,32,ENABLE
1785583360.8752215,-0.2946898603799504,3.9450549450549417,1.3142857142857132,35,32,ENABLE
1785583360.8801286,-0.2740901808194103,4.054945054945058,1.3670329670329657,35,32,ENABLE
1785583360.8851304,-0.2534905012588702,4.164835164835168,1.393406593406592,35,32,ENABLE
1785583360.8902094,-0.23174639505607608,4.2307692307692335,1.4725274725274708,35,32,ENABLE
1785583360.8951468,-0.21000228885328376,4.296703296703299,1.4901098901098884,35,32,ENABLE
1785583360.9001234,-0.18902113374532625,4.274725274725277,1.630769230769232,35,32,ENABLE
1785583360.9051278,-0.16842145418478616,4.164835164835168,1.745054945054946,35,32,ENABLE
1785583360.9102256,-0.14858472571908088,4.0109890109890145,1.9120879120879124,35,32,ENABLE
1785583360.915223,-0.129129472800793,3.879120879120876,2.1230769230769226,35,32,ENABLE
1785583360.9202075,-0.11043717097733996,3.7912087912087884,2.2373626373626365,35,32,ENABLE
1785583360.9250863,-0.09174486915388691,3.7912087912087884,2.4307692307692292,35,32,ENABLE
1785583360.9301283,-0.07305256733043386,3.7472527472527446,2.571428571428573,35,32,ENABLE
1785583360.9354572,-0.05245288776989376,3.8131868131868103,2.650549450549452,35,32,ENABLE
1785583360.9403098,-0.033379110399023304,3.92307692307692,2.7736263736263744,35,32,ENABLE
1785583360.945135,-0.013923857480735435,3.9890109890109855,2.8000000000000007,35,32,ENABLE
1785583360.9502087,0.007438773174639479,4.120879120879124,2.8879120879120883,35,32,ENABLE
1785583360.9552042,0.028801403830014394,4.18681318681319,2.896703296703297,35,32,ENABLE
1785583360.9601367,0.05092698558022413,4.362637362637365,2.9142857142857146,35,32,ENABLE
1785583360.9651527,0.07343404287785127,4.494505494505496,2.931868131868132,35,32,ENABLE
1785583360.9701846,0.09746700236514805,4.604395604395606,2.896703296703297,35,32,ENABLE
1785583360.975213,0.12111848630502742,4.736263736263737,2.905494505494506,35,32,ENABLE
1785583360.9802036,0.14591439688715901,4.824175824175825,2.870329670329671,35,32,ENABLE
1785583360.985214,0.1707103074692906,4.956043956043956,2.8527472527472533,35,32,ENABLE
1785583360.990127,0.19626916914625703,5.065934065934066,2.791208791208792,35,32,ENABLE
1785583360.995143,0.22259098191805826,5.197802197802197,2.756043956043957,35,32,ENABLE
1785583361.0002303,0.24967574578469431,5.307692307692307,2.685714285714287,35,32,ENABLE
1785583361.0052154,0.27714198519874955,5.395604395604394,2.6241758241758255,35,32,ENABLE
1785583361.0100014,0.3038452735179682,5.505494505494504,2.536263736263738,35,32,ENABLE
1785583361.0150154,0.3320744640268565,5.593406593406591,2.439560439560438,35,32,ENABLE
1785583361.0201752,0.3618295567254144,5.747252747252745,2.3428571428571416,35,32,ENABLE
1785583361.0251658,0.3915846494239723,5.857142857142854,2.2109890109890102,35,32,ENABLE
1785583361.0301292,0.4213397421225302,5.945054945054942,2.114285714285714,35,32,ENABLE
1785583361.0351279,0.45109483482108814,5.967032967032964,2.0175824175824175,35,32,ENABLE
1785583361.0401866,0.48123140306706347,5.92307692307692,1.9208791208791212,35,32,ENABLE
1785583361.0451257,0.510605020218204,5.945054945054942,1.8681318681318686,35,32,ENABLE
1785583361.0502079,0.5403601129167619,5.901098901098898,1.7626373626373635,35,32,ENABLE
1785583361.0551312,0.5697337300679024,5.901098901098898,1.709890109890111,35,32,ENABLE
1785583361.0602117,0.5994888227664603,5.879120879120876,1.6219780219780233,35,32,ENABLE
1785583361.0651681,0.6284809643701834,5.879120879120876,1.5164835164835182,35,32,ENABLE
1785583361.0701292,0.6582360570687413,5.901098901098898,1.4373626373626358,35,32,ENABLE
1785583361.075128,0.6876096742198818,5.901098901098898,1.2967032967032956,35,32,ENABLE
1785583361.0801373,0.7169832913710223,5.901098901098898,1.2351648351648343,35,32,ENABLE
1785583361.0851262,0.7463569085221629,5.879120879120876,1.103296703296703,35,32,ENABLE
1785583361.090127,0.7761120012207225,5.945054945054942,0.989010989010989,35,32,ENABLE
1785583361.095124,0.8062485694666979,5.967032967032964,0.8307692307692314,35,32,ENABLE
1785583361.1001225,0.8360036621652558,5.945054945054942,0.7076923076923087,35,32,ENABLE
1785583361.105142,0.8649958037689789,5.857142857142854,0.6285714285714299,35,32,ENABLE
1785583361.110198,0.893987945372702,5.747252747252745,0.514285714285716,35,32,ENABLE
1785583361.1151283,0.9214541847867554,5.593406593406591,0.45274725274725114,35,32,ENABLE
1785583361.1201265,0.9485389486533915,5.46153846153846,0.3999999999999986,35,32,ENABLE
1785583361.1251287,0.9748607614251927,5.3296703296703285,0.36483516483516354,35,32,ENABLE
1785583361.1301808,1.0000381475547417,5.1098901098901095,0.347252747252746,35,32,ENABLE
1785583361.1351285,1.0240711070420385,4.912087912087912,0.3296703296703285,35,32,ENABLE
1785583361.1401272,1.0473411154345005,4.736263736263737,0.312087912087911,35,32,ENABLE
1785583361.1451576,1.0698481727321276,4.604395604395606,0.312087912087911,35,32,ENABLE
1785583361.150205,1.0923552300297548,4.494505494505496,0.2593406593406584,35,32,ENABLE
1785583361.1551275,1.114099336232547,4.428571428571431,0.25054945054944966,35,32,ENABLE
1785583361.1601467,1.135461966887922,4.274725274725277,0.20659340659340586,35,32,ENABLE
1785583361.1651616,1.1556801709010447,4.164835164835168,0.18901098901098834,35,32,ENABLE
1785583361.17016,1.17551689936675,3.9890109890109855,0.18021978021977958,35,32,ENABLE
1785583361.1751826,1.1945906767376204,3.8131868131868103,0.1538461538461533,35,32,ENABLE
1785583361.1801293,1.2125200274662387,3.681318681318679,0.16263736263736206,35,32,ENABLE
1785583361.185124,1.229686427100022,3.5494505494505475,0.1538461538461533,35,32,ENABLE
1785583361.1901622,1.2460898756389707,3.3736263736263723,0.18021978021977958,35,32,ENABLE
1785583361.1951797,1.2617303730830862,3.175824175824175,0.1978021978021971,35,32,ENABLE
1785583361.200128,1.2758449683375304,2.978021978021978,0.21538461538461462,35,32,ENABLE
1785583361.2051282,1.2899595635919745,2.8461538461538467,0.25054945054944966,35,32,ENABLE
1785583361.2101228,1.3029297322041664,2.6703296703296715,0.2857142857142847,35,32,ENABLE
1785583361.215123,1.314755474174106,2.4725274725274744,0.33846153846153726,35,32,ENABLE
1785583361.2201767,1.3261997405966284,2.296703296703299,0.347252747252746,35,32,ENABLE
1785583361.2251308,1.3368810559243158,2.2307692307692335,0.3736263736263723,35,32,ENABLE
1785583361.2301562,1.3471808957045859,2.120879120879124,0.40879120879120734,35,32,ENABLE
1785583361.2352033,1.3570992599374385,1.9670329670329636,0.4439560439560424,35,32,ENABLE
1785583361.2401242,1.3654917219806215,1.8131868131868103,0.47032967032966866,35,32,ENABLE
1785583361.2451274,1.3735027084763871,1.659340659340657,0.49670329670329494,35,32,ENABLE
1785583361.2502058,1.3807507438773179,1.5054945054945037,0.5318681318681335,35,32,ENABLE
1785583361.255211,1.3876173037308313,1.417582417582416,0.5582417582417598,35,32,ENABLE
1785583361.2601297,1.3941023880369272,1.3296703296703285,0.5934065934065949,35,32,ENABLE
1785583361.2651277,1.399443045700771,1.1758241758241752,0.6285714285714299,35,32,ENABLE
1785583361.270137,1.4040207522697798,1.0,0.6637362637362649,35,32,ENABLE
1785583361.2751293,1.407835507743954,0.8241758241758248,0.7164835164835175,35,32,ENABLE
1785583361.280183,1.4112687876707106,0.6923076923076934,0.7780219780219788,35,32,ENABLE
1785583361.2851741,1.413557640955215,0.5824175824175839,0.8131868131868139,35,32,ENABLE
1785583361.2902045,1.4150835431448847,0.3846153846153868,0.8483516483516489,35,32,ENABLE
1785583361.2951827,1.4169909208819718,0.3186813186813211,0.8659340659340664,35,32,ENABLE
1785583361.300132,1.418135347524224,0.2967032967032992,0.9098901098901102,35,32,ENABLE
1785583361.3051279,1.4185168230716414,0.120879120879124,0.9362637362637365,35,32,ENABLE
1785583361.3101258,1.418135347524224,-0.010989010989014503,0.953846153846154,35,32,ENABLE
1785583361.3152099,1.4177538719768066,-0.0769230769230802,0.9802197802197803,35,32,ENABLE
1785583361.3202188,1.4166094453345544,-0.1648351648351678,0.989010989010989,35,32,ENABLE
1785583361.325128,1.4154650186923021,-0.1868131868131897,0.9802197802197803,35,32,ENABLE
1785583361.330219,1.4147020675974673,-0.2307692307692335,0.9802197802197803,35,32,ENABLE
1785583361.3351355,1.411650263218128,-0.4945054945054963,1.0065934065934066,35,32,ENABLE
1785583361.3401275,1.4089799343862062,-0.560439560439562,1.024175824175824,35,32,ENABLE
1785583361.3451252,1.405165178912032,-0.6483516483516496,1.0505494505494504,35,32,ENABLE
1785583361.350207,1.401350423437858,-0.7362637362637372,1.068131868131868,35,32,ENABLE
1785583361.3551292,1.396772716868849,-0.8241758241758248,1.0769230769230766,35,32,ENABLE
1785583361.3601289,1.3918135347524228,-0.9560439560439562,1.068131868131868,35,32,ENABLE
1785583361.365124,1.386472877088579,-1.0439560439560438,1.068131868131868,35,32,ENABLE
1785583361.3701282,1.3811322194247353,-1.0879120879120876,1.0593406593406591,35,32,ENABLE
1785583361.3751464,1.3754100862134742,-1.1318681318681314,1.0417582417582416,35,32,ENABLE
1785583361.3801267,1.3693064774547956,-1.197802197802197,1.024175824175824,35,32,ENABLE
1785583361.38513,1.3628213931486997,-1.2637362637362628,1.0065934065934066,35,32,ENABLE
1785583361.3901372,1.3559548332951863,-1.3516483516483504,0.989010989010989,35,32,ENABLE
1785583361.3951263,1.3487067978942555,-1.417582417582416,0.9714285714285715,35,32,ENABLE
1785583361.4001849,1.34069581139849,-1.5494505494505475,0.9450549450549453,35,32,ENABLE
1785583361.4051824,1.332303349355307,-1.637362637362635,0.9274725274725277,35,32,ENABLE
1785583361.410138,1.3235294117647065,-1.7472527472527446,0.918681318681319,35,32,ENABLE
1785583361.415126,1.3143739986266887,-1.8351648351648322,0.918681318681319,35,32,ENABLE
1785583361.420148,1.304455634393836,-1.9450549450549417,0.9098901098901102,35,32,ENABLE
1785583361.425125,1.2937743190661486,-2.0329670329670364,0.8923076923076927,35,32,ENABLE
1785583361.4301245,1.2827115281910437,-2.142857142857146,0.8835164835164839,35,32,ENABLE
1785583361.4351282,1.2712672617685215,-2.2527472527472554,0.8747252747252752,35,32,ENABLE
1785583361.4401505,1.2594415197985818,-2.384615384615387,0.8659340659340664,35,32,ENABLE
1785583361.4451716,1.246471351186388,-2.4725274725274744,0.8747252747252752,35,32,ENABLE
1785583361.4502041,1.2335011825741962,-2.53846153846154,0.8307692307692314,35,32,ENABLE
1785583361.455131,1.2205310139620043,-2.6263736263736277,0.8131868131868139,35,32,ENABLE
1785583361.4601321,1.2067978942549775,-2.7142857142857153,0.8043956043956051,35,32,ENABLE
1785583361.465127,1.1926832990005334,-2.780219780219781,0.76923076923077,35,32,ENABLE
1785583361.4702113,1.1778057526512544,-2.8681318681318686,0.734065934065935,35,32,ENABLE
1785583361.475123,1.1633096818493929,-2.8901098901098905,0.7164835164835175,35,32,ENABLE
1785583361.480183,1.148432135500114,-3.0,0.6901098901098912,35,32,ENABLE
1785583361.485221,1.1324101625085827,-3.1098901098901095,0.6461538461538474,35,32,ENABLE
1785583361.4901254,1.116769665064469,-3.1538461538461533,0.6109890109890124,35,32,ENABLE
1785583361.4951222,1.1003662165255204,-3.219780219780219,0.5758241758241773,35,32,ENABLE
1785583361.500134,1.0839627679865718,-3.3076923076923066,0.5406593406593423,35,32,ENABLE
1785583361.5051346,1.0667963683527883,-3.395604395604394,0.5054945054945073,35,32,ENABLE
1785583361.5102174,1.0488670176241701,-3.46153846153846,0.4879120879120862,35,32,ENABLE
1785583361.5151224,1.0313191424429693,-3.5714285714285694,0.4615384615384599,35,32,ENABLE
1785583361.5201812,1.0126268406195162,-3.637362637362635,0.42637362637362486,35,32,ENABLE
1785583361.5251784,0.9939345387960632,-3.7692307692307665,0.42637362637362486,35,32,ENABLE
1785583361.5301468,0.9744792858777753,-3.857142857142854,0.3999999999999986,35,32,ENABLE
1785583361.5351298,0.9542610818646526,-3.9670329670329636,0.3736263736263723,35,32,ENABLE
1785583361.5401344,0.9344243533989474,-4.0109890109890145,0.3296703296703285,35,32,ENABLE
1785583361.5451274,0.9149691004806595,-3.9450549450549417,0.2593406593406584,35,32,ENABLE
1785583361.5502229,0.8951323720149542,-3.92307692307692,0.1978021978021971,35,32,ENABLE
1785583361.5551264,0.8749141680018315,-4.032967032967036,0.14505494505494454,35,32,ENABLE
1785583361.5601335,0.8543144884412914,-4.120879120879124,0.10109890109890074,35,32,ENABLE
1785583361.5651293,0.8329518577859165,-4.208791208791212,0.05714285714285694,35,32,ENABLE
1785583361.570171,0.8115892271305416,-4.274725274725277,0.0219780219780219,35,32,ENABLE
1785583361.575219,0.7890821698329145,-4.384615384615387,0.01318681318681314,35,32,ENABLE
1785583361.5801787,0.7665751125352873,-4.494505494505496,-0.01318681318681314,35,32,ENABLE
1785583361.5851219,0.743686579690241,-4.582417582417584,-0.0219780219780219,35,32,ENABLE
1785583361.5901415,0.720416571297779,-4.626373626373628,-0.05714285714285694,35,32,ENABLE
1785583361.5951827,0.6963836118104823,-4.714285714285715,-0.0659340659340657,35,32,ENABLE
1785583361.6001241,0.6723506523231855,-4.824175824175825,-0.09230769230769198,35,32,ENABLE
1785583361.6051145,0.6479362172884713,-4.8901098901098905,-0.09230769230769198,35,32,ENABLE
1785583361.610125,0.6227588311589223,-5.0,-0.1098901098901095,35,32,ENABLE
1785583361.6151288,0.5971999694819559,-5.087912087912088,-0.1098901098901095,35,32,ENABLE
1785583361.6201255,0.571259632257572,-5.131868131868131,-0.12747252747252702,35,32,ENABLE
1785583361.6251254,0.5449378194857708,-5.219780219780219,-0.11868131868131826,35,32,ENABLE
1785583361.6301248,0.5182345311665522,-5.285714285714285,-0.13626373626373578,35,32,ENABLE
1785583361.6352131,0.4911497672999161,-5.373626373626372,-0.11868131868131826,35,32,ENABLE
1785583361.640128,0.46406500343328005,-5.439560439560438,-0.13626373626373578,35,32,ENABLE
1785583361.6451285,0.4365987640192266,-5.483516483516482,-0.14505494505494454,35,32,ENABLE
1785583361.6502059,0.4083695735103383,-5.5494505494505475,-0.14505494505494454,35,32,ENABLE
1785583361.6551611,0.38090333409628485,-5.571428571428569,-0.13626373626373578,35,32,ENABLE
1785583361.66014,0.35267414358739657,-5.637362637362635,-0.13626373626373578,35,32,ENABLE
1785583361.6652238,0.3236820019836735,-5.659340659340657,-0.1538461538461533,35,32,ENABLE
1785583361.6701875,0.2954528114747852,-5.681318681318679,-0.16263736263736206,35,32,ENABLE
1785583361.6752043,0.2672236209658969,-5.681318681318679,-0.18021978021977958,35,32,ENABLE
1785583361.6801307,0.23899443045700686,-5.703296703296701,-0.18901098901098834,35,32,ENABLE
1785583361.6851315,0.21000228885328376,-5.7692307692307665,-0.18901098901098834,35,32,ENABLE
1785583361.6901262,0.18024719615472584,-5.901098901098898,-0.14505494505494454,35,32,ENABLE
1785583361.6951323,0.1493476768139157,-6.098901098901102,-0.05714285714285694,35,32,ENABLE
1785583361.7002077,0.11654077973601851,-6.406593406593409,0.04835164835164818,35,32,ENABLE
1785583361.705183,0.08258945601586909,-6.6703296703296715,0.18021978021977958,35,32,ENABLE
1785583361.7101238,0.04825665674830226,-6.824175824175825,0.36483516483516354,35,32,ENABLE
1785583361.7151544,0.013160906385900617,-6.978021978021978,0.5054945054945073,35,32,ENABLE
1785583361.7201297,-0.022316319523918438,-7.065934065934066,0.6461538461538474,35,32,ENABLE
1785583361.7251241,-0.0581750209811549,-7.131868131868131,0.7868131868131876,35,32,ENABLE
1785583361.7301273,-0.09365224689097396,-7.153846153846153,0.9010989010989015,35,32,ENABLE
1785583361.7352054,-0.12951094834821042,-7.153846153846153,0.953846153846154,35,32,ENABLE
1785583361.7401297,-0.16460669871061206,-7.065934065934066,1.024175824175824,35,32,ENABLE
1785583361.7451274,-0.1993209735255963,-7.0,1.0945054945054942,35,32,ENABLE
1785583361.7501936,-0.23403524834058054,-6.934065934065934,1.1296703296703292,35,32,ENABLE
1785583361.7553287,-0.26874952315556655,-6.824175824175825,1.1560439560439555,35,32,ENABLE
1785583361.7601857,-0.30117494468604633,-6.758241758241759,1.1472527472527467,35,32,ENABLE
1785583361.7651086,-0.3336003662165261,-6.560439560439562,1.1648351648351642,35,32,ENABLE
1785583361.7741332,-0.38548104066529376,-6.384615384615387,1.1648351648351642,35,32,ENABLE
1785583361.7766693,-0.40493629358358163,-6.252747252747255,1.1912087912087905,35,32,ENABLE
1785583361.7845867,-0.4503318837262533,-5.81318681318681,1.3318681318681307,35,32,ENABLE
1785583361.7891138,-0.47550926985580233,-5.505494505494504,1.4989010989010971,35,32,ENABLE
1785583361.7913778,-0.487335011825742,-5.373626373626372,1.5516483516483532,35,32,ENABLE
1785583361.7941163,-0.4999237048905165,-5.131868131868131,1.6395604395604408,35,32,ENABLE
1785583361.8007982,-0.529297322041657,-4.582417582417584,1.8065934065934073,35,32,ENABLE
1785583361.8042636,-0.5445563439383534,-4.362637362637365,1.8681318681318686,35,32,ENABLE
1785583361.8089755,-0.5624856946669716,-4.032967032967036,1.9384615384615387,35,32,ENABLE
1785583361.8140082,-0.5800335698481724,-3.681318681318679,2.0263736263736263,35,32,ENABLE
1785583361.820395,-0.6006332494087125,-3.417582417582416,2.1230769230769226,35,32,ENABLE
1785583361.8253162,-0.6155107957579915,-3.1318681318681314,2.184615384615384,35,32,ENABLE
1785583361.8303666,-0.628099488822766,-2.736263736263737,2.1582417582417577,35,32,ENABLE
1785583361.8353517,-0.638399328603036,-2.318681318681321,2.1318681318681314,35,32,ENABLE
1785583361.8401804,-0.6467917906462191,-1.9450549450549417,2.07032967032967,35,32,ENABLE
1785583361.8451679,-0.6540398260471498,-1.637362637362635,2.0,35,32,ENABLE
1785583361.8501754,-0.659761959258411,-1.3296703296703285,1.92967032967033,35,32,ENABLE
1785583361.8552055,-0.6643396658274199,-1.0,1.8329670329670336,35,32,ENABLE
1785583361.8602033,-0.6670099946593417,-0.7582417582417591,1.7186813186813197,35,32,ENABLE
1785583361.8652253,-0.668154421301594,-0.3626373626373649,1.5780219780219795,35,32,ENABLE
1785583361.870121,-0.668154421301594,-0.1428571428571459,1.4549450549450533,35,32,ENABLE
1785583361.875178,-0.6673914702067592,0.0549450549450583,1.3494505494505482,35,32,ENABLE
1785583361.8802009,-0.6662470435645069,0.1648351648351678,1.2175824175824168,35,32,ENABLE
1785583361.8852165,-0.6635767147325851,0.3846153846153868,1.1208791208791204,35,32,ENABLE
1785583361.890205,-0.6601434348058284,0.560439560439562,0.9626373626373628,35,32,ENABLE
1785583361.8951495,-0.6555657282368195,0.8461538461538467,0.7780219780219788,35,32,ENABLE
1785583361.900128,-0.6483176928358887,1.197802197802197,0.5318681318681335,35,32,ENABLE
1785583361.9051335,-0.6399252307927057,1.5274725274725256,0.33846153846153726,35,32,ENABLE
1785583361.9101827,-0.6315327687495227,1.5934065934065913,0.17142857142857082,35,32,ENABLE
1785583361.9151316,-0.6239032578011745,1.5494505494505475,0.03076923076923066,35,32,ENABLE
1785583361.9201252,-0.6158922713054089,1.5934065934065913,-0.1538461538461533,35,32,ENABLE
1785583361.925152,-0.6063553826199737,1.7692307692307665,-0.312087912087911,35,32,ENABLE
1785583361.9301276,-0.5975814450293733,1.8131868131868103,-0.4351648351648336,35,32,ENABLE
1785583361.9351275,-0.5891889829861903,1.7252747252747227,-0.549450549450551,35,32,ENABLE
1785583361.9401283,-0.5811779964904247,1.5934065934065913,-0.6549450549450562,35,32,ENABLE
1785583361.9451408,-0.5735484855420765,1.5934065934065913,-0.76923076923077,35,32,ENABLE
1785583361.9502127,-0.5647745479514761,1.659340659340657,-0.8923076923076927,35,32,ENABLE
1785583361.9551861,-0.5560006103608757,1.7472527472527446,-1.0505494505494504,35,32,ENABLE
1785583361.9601269,-0.5468451972228578,1.8131868131868103,-1.173626373626373,35,32,ENABLE
1785583361.9651256,-0.53768978408484,1.7912087912087884,-1.2791208791208781,35,32,ENABLE
1785583361.9702098,-0.5296787975890744,1.6153846153846132,-1.3494505494505482,35,32,ENABLE
1785583361.9752066,-0.5231937132829785,1.439560439560438,-1.3846153846153832,35,32,ENABLE
1785583361.98042,-0.5163271534294651,1.3076923076923066,-1.428571428571427,35,32,ENABLE
1785583361.985145,-0.5109864957656214,1.197802197802197,-1.4461538461538446,35,32,ENABLE
1785583361.990211,-0.5060273136491951,1.0659340659340657,-1.4373626373626358,35,32,ENABLE
1785583361.9952004,-0.5010681315327687,0.9780219780219781,-1.463736263736262,35,32,ENABLE
1785583362.0001307,-0.4961089494163424,1.0,-1.4989010989010971,35,32,ENABLE
1785583362.005155,-0.4919127183947509,0.9120879120879124,-1.4989010989010971,35,32,ENABLE
1785583362.0101726,-0.48809796292057683,0.8241758241758248,-1.5340659340659357,35,32,ENABLE
1785583362.0152013,-0.48466468299382015,0.7142857142857153,-1.5340659340659357,35,32,ENABLE
1785583362.0202117,-0.4819943541618983,0.6043956043956058,-1.525274725274727,35,32,ENABLE
1785583362.0252068,-0.47970550087739383,0.4725274725274744,-1.5076923076923094,35,32,ENABLE
1785583362.0301776,-0.4777981231403068,0.4285714285714306,-1.5076923076923094,35,32,ENABLE
1785583362.035219,-0.47665369649805456,0.2967032967032992,-1.4549450549450533,35,32,ENABLE
1785583362.0401278,-0.47589074540321974,0.1868131868131897,-1.4109890109890095,35,32,ENABLE
1785583362.045214,-0.47550926985580233,0.0989010989011021,-1.3670329670329657,35,32,ENABLE
1785583362.0501592,-0.47550926985580233,0.010989010989014503,-1.323076923076922,35,32,ENABLE
1785583362.0551324,-0.47627222095063715,-0.0769230769230802,-1.2703296703296694,35,32,ENABLE
1785583362.0601785,-0.4774166475928894,-0.1868131868131897,-1.1999999999999993,35,32,ENABLE
1785583362.065131,-0.4793240253299764,-0.3626373626373649,-1.1208791208791204,35,32,ENABLE
1785583362.070213,-0.48123140306706347,-0.3846153846153868,-1.0593406593406591,35,32,ENABLE
1785583362.0751739,-0.48390173189898533,-0.5164835164835182,-0.9714285714285715,35,32,ENABLE
1785583362.080212,-0.4865720607309072,-0.5384615384615401,-0.9010989010989015,35,32,ENABLE
1785583362.0851624,-0.48924238956282906,-0.5384615384615401,-0.8659340659340664,35,32,ENABLE
1785583362.0901277,-0.4919127183947509,-0.5384615384615401,-0.8131868131868139,35,32,ENABLE
1785583362.0951252,-0.4945830472266728,-0.5164835164835182,-0.7780219780219788,35,32,ENABLE
1785583362.1001213,-0.49725337605859465,-0.5384615384615401,-0.734065934065935,35,32,ENABLE
1785583362.1051404,-0.4999237048905165,-0.560439560439562,-0.7076923076923087,35,32,ENABLE
1785583362.1101224,-0.502212558175021,-0.4945054945054963,-0.6901098901098912,35,32,ENABLE
1785583362.1151228,-0.5048828870069428,-0.5164835164835182,-0.6461538461538474,35,32,ENABLE
1785583362.1201735,-0.5079346913862821,-0.560439560439562,-0.6109890109890124,35,32,ENABLE
1785583362.1252167,-0.5102235446707866,-0.5164835164835182,-0.5846153846153861,35,32,ENABLE
1785583362.1301293,-0.5128938735027084,-0.5384615384615401,-0.5318681318681335,35,32,ENABLE
1785583362.135134,-0.5155642023346303,-0.5384615384615401,-0.5054945054945073,35,32,ENABLE
1785583362.1401205,-0.5182345311665522,-0.4945054945054963,-0.4879120879120862,35,32,ENABLE
1785583362.1451375,-0.5201419089036392,-0.4725274725274744,-0.4615384615384599,35,32,ENABLE
1785583362.1501637,-0.5220492866407263,-0.4285714285714306,-0.4615384615384599,35,32,ENABLE
1785583362.1551251,-0.5239566643778133,-0.3846153846153868,-0.4439560439560424,35,32,ENABLE
1785583362.1601539,-0.5251010910200655,-0.3186813186813211,-0.45274725274725114,35,32,ENABLE
1785583362.1652508,-0.5258640421149003,-0.2087912087912116,-0.49670329670329494,35,32,ENABLE
1785583362.1700416,-0.5262455176623178,-0.1428571428571459,-0.5054945054945073,35,32,ENABLE
1785583362.1749792,-0.5270084687571526,-0.1428571428571459,-0.5054945054945073,35,32,ENABLE
1785583362.1801286,-0.5277714198519874,-0.1648351648351678,-0.514285714285716,35,32,ENABLE
1785583362.1851828,-0.5281528953994048,-0.1428571428571459,-0.514285714285716,35,32,ENABLE
1785583362.19022,-0.5289158464942396,-0.120879120879124,-0.514285714285716,35,32,ENABLE
1785583362.1951826,-0.5289158464942396,-0.0549450549450583,-0.5318681318681335,35,32,ENABLE
1785583362.2001233,-0.5289158464942396,-0.0549450549450583,-0.549450549450551,35,32,ENABLE
1785583362.2051268,-0.5289158464942396,-0.0329670329670364,-0.5582417582417598,35,32,ENABLE
1785583362.2102184,-0.5289158464942396,-0.010989010989014503,-0.5670329670329686,35,32,ENABLE
1785583362.2151809,-0.5289158464942396,-0.010989010989014503,-0.5670329670329686,35,32,ENABLE
1785583362.220181,-0.5289158464942396,-0.010989010989014503,-0.5670329670329686,35,32,ENABLE
1785583362.225174,-0.5289158464942396,-0.010989010989014503,-0.5670329670329686,35,32,ENABLE
1785583362.2301254,-0.5289158464942396,-0.010989010989014503,-0.5670329670329686,35,32,ENABLE
1785583362.2351236,-0.5289158464942396,-0.0329670329670364,-0.5670329670329686,35,32,ENABLE
1785583362.2401252,-0.5289158464942396,-0.010989010989014503,-0.5670329670329686,35,32,ENABLE
1785583362.2451282,-0.5289158464942396,-0.010989010989014503,-0.5670329670329686,35,32,ENABLE
1785583362.2502022,-0.5289158464942396,-0.010989010989014503,-0.5670329670329686,35,32,ENABLE
1785583362.2551856,-0.5289158464942396,-0.010989010989014503,-0.5758241758241773,35,32,ENABLE
1785583362.2601237,-0.5289158464942396,-0.010989010989014503,-0.5758241758241773,35,32,ENABLE
1785583362.265116,-0.5289158464942396,0.010989010989014503,-0.5758241758241773,35,32,ENABLE
1785583362.2701776,-0.5285343709468222,0.0329670329670364,-0.5846153846153861,35,32,ENABLE
1785583362.2752483,-0.5281528953994048,0.0329670329670364,-0.6021978021978036,35,32,ENABLE
1785583362.2801254,-0.5281528953994048,0.0329670329670364,-0.6021978021978036,35,32,ENABLE
1785583362.2851207,-0.5277714198519874,0.0329670329670364,-0.6109890109890124,35,32,ENABLE
1785583362.2901251,-0.52738994430457,0.010989010989014503,-0.6021978021978036,35,32,ENABLE
1785583362.2952142,-0.5277714198519874,0.010989010989014503,-0.5934065934065949,35,32,ENABLE
1785583362.3001258,-0.52738994430457,-0.010989010989014503,-0.6021978021978036,35,32,ENABLE
1785583362.3051243,-0.5266269932097352,0.1428571428571459,-0.6549450549450562,35,32,ENABLE
1785583362.3101258,-0.5247196154726481,0.2967032967032992,-0.7428571428571438,35,32,ENABLE
1785583362.3151834,-0.5228122377355611,0.3186813186813211,-0.7604395604395613,35,32,ENABLE
1785583362.320139,-0.5216678110933088,0.2747252747252773,-0.7868131868131876,35,32,ENABLE
1785583362.3249812,-0.5201419089036392,0.3186813186813211,-0.8571428571428577,35,32,ENABLE
1785583362.3302934,-0.5182345311665522,0.340659340659343,-0.8747252747252752,35,32,ENABLE
1785583362.3352025,-0.5159456778820477,0.3626373626373649,-0.9098901098901102,35,32,ENABLE
1785583362.340211,-0.5140383001449607,0.4285714285714306,-0.9450549450549453,35,32,ENABLE
1785583362.3451242,-0.5117494468604562,0.4065934065934087,-0.953846153846154,35,32,ENABLE
1785583362.3502116,-0.5090791180285343,0.4945054945054963,-0.7956043956043963,35,32,ENABLE
1785583362.3551276,-0.5048828870069428,0.7142857142857153,-0.6021978021978036,35,32,ENABLE
1785583362.360166,-0.4999237048905165,0.9340659340659343,-0.3912087912087898,35,32,ENABLE
1785583362.3651276,-0.49382009613183797,1.0879120879120876,-0.18901098901098834,35,32,ENABLE
1785583362.3701696,-0.4865720607309072,1.3296703296703285,0.00439560439560438,35,32,ENABLE
1785583362.3751729,-0.4781795986877242,1.5714285714285694,0.18021978021977958,35,32,ENABLE
1785583362.380394,-0.46787975890745415,1.8351648351648322,0.3296703296703285,35,32,ENABLE
1785583362.385187,-0.45605401693751446,2.2087912087912116,0.4439560439560424,35,32,ENABLE
1785583362.390132,-0.44232089723048773,2.604395604395606,0.5406593406593423,35,32,ENABLE
1785583362.395125,-0.4274433508812088,2.802197802197803,0.6373626373626387,35,32,ENABLE
1785583362.4001622,-0.4114213778896776,3.0659340659340657,0.7252747252747263,35,32,ENABLE
1785583362.4051275,-0.3946364538033116,3.2857142857142847,0.8131868131868139,35,32,ENABLE
1785583362.4101348,-0.37708857862211076,3.483516483516482,0.9098901098901102,35,32,ENABLE
1785583362.415132,-0.3580148012512403,3.659340659340657,0.9714285714285715,35,32,ENABLE
1785583362.420183,-0.33855954833295243,3.8131868131868103,1.0769230769230766,35,32,ENABLE
1785583362.4251826,-0.31910429541466456,3.879120879120876,1.1560439560439555,35,32,ENABLE
1785583362.4301293,-0.2988860914015419,4.0109890109890145,1.2615384615384606,35,32,ENABLE
1785583362.4351306,-0.27752346074616696,4.142857142857146,1.3670329670329657,35,32,ENABLE
1785583362.4401371,-0.25616083009079205,4.252747252747255,1.428571428571427,35,32,ENABLE
1785583362.445128,-0.23403524834058054,4.384615384615387,1.4901098901098884,35,32,ENABLE
1785583362.4502068,-0.21076523994811858,4.516483516483518,1.5428571428571445,35,32,ENABLE
1785583362.4551263,-0.18825818265049143,4.560439560439562,1.6835164835164846,35,32,ENABLE
1785583362.4601476,-0.1661326009002817,4.4505494505494525,1.7978021978021985,35,32,ENABLE
1785583362.465167,-0.14438849469748938,4.362637362637365,1.9560439560439562,35,32,ENABLE
1785583362.470208,-0.12302586404211446,4.274725274725277,2.14065934065934,35,32,ENABLE
1785583362.4751272,-0.10242618448157437,4.18681318681319,2.298901098901098,35,32,ENABLE
1785583362.48014,-0.08182650492103427,4.098901098901102,2.5450549450549467,35,32,ENABLE
1785583362.4851272,-0.06198977645532899,4.032967032967036,2.676923076923078,35,32,ENABLE
1785583362.4901223,-0.0413900968947889,4.07692307692308,2.870329670329671,35,32,ENABLE
1785583362.4951262,-0.02117189288166621,4.07692307692308,2.9934065934065934,35,32,ENABLE
1785583362.5001225,-0.0001907377737087046,4.120879120879124,3.125274725274725,35,32,ENABLE
1785583362.5052183,0.02117189288166621,4.18681318681319,3.221978021978021,35,32,ENABLE
1785583362.5101857,0.042915999084458534,4.340659340659343,3.265934065934065,35,32,ENABLE
1785583362.5151265,0.06542305638208568,4.428571428571431,3.37142857142857,35,32,ENABLE
1785583362.5200903,0.08831158922713023,4.560439560439562,3.3538461538461526,35,32,ENABLE
1785583362.5251315,0.11310749980926182,4.758241758241759,3.3978021978021964,35,32,ENABLE
1785583362.530172,0.13790341039139342,4.868131868131869,3.37142857142857,35,32,ENABLE
1785583362.535127,0.16308079652094243,5.021978021978022,3.406593406593405,35,32,ENABLE
1785583362.54013,0.18902113374532625,5.087912087912088,3.3538461538461526,35,32,ENABLE
1785583362.5451262,0.2153429465171275,5.241758241758241,3.37142857142857,35,32,ENABLE
1785583362.5501585,0.24280918593118095,5.35164835164835,3.2747252747252737,35,32,ENABLE
1785583362.5551863,0.271038376440071,5.5494505494505475,3.2395604395604387,35,32,ENABLE
1785583362.560148,0.2996490424963767,5.681318681318679,3.151648351648351,35,32,ENABLE
1785583362.5651143,0.3290226596475172,5.81318681318681,3.0549450549450547,35,32,ENABLE
1785583362.57021,0.35954070344090994,5.945054945054942,2.9846153846153847,35,32,ENABLE
1785583362.5751262,0.39005874723430267,6.07692307692308,2.8175824175824182,35,32,ENABLE
1785583362.5801358,0.42210269321736504,6.252747252747255,2.712087912087913,35,32,ENABLE
1785583362.5851364,0.4541466392004274,6.362637362637365,2.5890109890109905,35,32,ENABLE
1785583362.590173,0.4865720607309072,6.406593406593409,2.4307692307692292,35,32,ENABLE
1785583362.5951622,0.518997482261387,6.472527472527474,2.334065934065933,35,32,ENABLE
1785583362.6000886,0.5514229037918668,6.516483516483518,2.2109890109890102,35,32,ENABLE
1785583362.6051276,0.5838483253223465,6.472527472527474,2.0967032967032964,35,32,ENABLE
1785583362.6101367,0.6158922713054089,6.406593406593409,2.043956043956044,35,32,ENABLE
1785583362.6151845,0.6475547417410539,6.362637362637365,1.9384615384615387,35,32,ENABLE
1785583362.6201243,0.678454261081864,6.252747252747255,1.8593406593406598,35,32,ENABLE
1785583362.6251802,0.7097352559700916,6.208791208791212,1.7890109890109898,35,32,ENABLE
1785583362.630138,0.7398718242160669,6.120879120879124,1.7010989010989022,35,32,ENABLE
1785583362.6351316,0.7707713435568788,6.120879120879124,1.6219780219780233,35,32,ENABLE
1785583362.6401358,0.8009079118028541,6.07692307692308,1.5164835164835182,35,32,ENABLE
1785583362.6451283,0.8310444800488295,6.0109890109890145,1.393406593406592,35,32,ENABLE
1785583362.6502206,0.8619439993896396,6.0109890109890145,1.2967032967032956,35,32,ENABLE
1785583362.6551306,0.8916990920881975,6.098901098901102,1.0945054945054942,35,32,ENABLE
1785583362.6601439,0.9233615625238425,6.2307692307692335,0.9274725274725277,35,32,ENABLE
1785583362.6652136,0.9550240329594875,6.208791208791212,0.7516483516483525,35,32,ENABLE
1785583362.6702087,0.9855420767528802,6.164835164835168,0.5846153846153861,35,32,ENABLE
1785583362.6752157,1.0164415960936903,6.120879120879124,0.45274725274725114,35,32,ENABLE
1785583362.680246,1.0461966887922483,5.9890109890109855,0.312087912087911,35,32,ENABLE
1785583362.6851947,1.0744258793011365,5.791208791208788,0.2417582417582409,35,32,ENABLE
1785583362.690184,1.10189211871519,5.571428571428569,0.16263736263736206,35,32,ENABLE
1785583362.6951382,1.1278324559395738,5.35164835164835,0.1098901098901095,35,32,ENABLE
1785583362.7001283,1.152246890974288,5.1098901098901095,0.09230769230769198,35,32,ENABLE
1785583362.7051828,1.1762798504615848,4.868131868131869,0.07472527472527446,35,32,ENABLE
1785583362.71013,1.198786907759212,4.604395604395606,0.05714285714285694,35,32,ENABLE
1785583362.715124,1.2201495384145868,4.384615384615387,0.03956043956043942,35,32,ENABLE
1785583362.7201579,1.240749217975127,4.18681318681319,0.0219780219780219,35,32,ENABLE
1785583362.7252033,1.2602044708934166,3.9670329670329636,0.01318681318681314,35,32,ENABLE
1785583362.7301872,1.2800411993591219,3.9450549450549417,-0.05714285714285694,35,32,ENABLE
1785583362.7351265,1.2991149767299923,3.879120879120876,-0.1098901098901095,35,32,ENABLE
1785583362.7401247,1.317425803006028,3.703296703296701,-0.14505494505494454,35,32,ENABLE
1785583362.7451236,1.334210727092394,3.483516483516482,-0.1978021978021971,35,32,ENABLE
1785583362.750164,1.3506141756313426,3.3076923076923066,-0.21538461538461462,35,32,ENABLE
1785583362.7551749,1.3654917219806215,3.0659340659340657,-0.20659340659340586,35,32,ENABLE
1785583362.7602086,1.3788433661402308,2.802197802197803,-0.20659340659340586,35,32,ENABLE
1785583362.765206,1.391050583657588,2.604395604395606,-0.1978021978021971,35,32,ENABLE
1785583362.7701857,1.403257801174945,2.4945054945054963,-0.1978021978021971,35,32,ENABLE
1785583362.775132,1.4139391165026325,2.2527472527472554,-0.18021978021977958,35,32,ENABLE
1785583362.7801342,1.4230945296406503,1.9890109890109855,-0.14505494505494454,35,32,ENABLE
1785583362.7852147,1.4318684672312507,1.7912087912087884,-0.13626373626373578,35,32,ENABLE
1785583362.790125,1.439497978179599,1.681318681318679,-0.12747252747252702,35,32,ENABLE
1785583362.7951875,1.4467460135805297,1.46153846153846,-0.09230769230769198,35,32,ENABLE
1785583362.8001235,1.4520866712443734,1.2637362637362628,-0.05714285714285694,35,32,ENABLE
1785583362.8051858,1.4566643778133823,1.0,-0.01318681318681314,35,32,ENABLE
1785583362.8101814,1.4604791332875564,0.8021978021978029,0.0219780219780219,35,32,ENABLE
1785583362.8151805,1.4631494621194783,0.6703296703296715,0.05714285714285694,35,32,ENABLE
1785583362.8201237,1.464675364309148,0.4065934065934087,0.09230769230769198,35,32,ENABLE
1785583362.825181,1.466582742046235,0.3626373626373649,0.1098901098901095,35,32,ENABLE
1785583362.8301294,1.4673456931410698,0.2307692307692335,0.12747252747252702,35,32,ENABLE
1785583362.8351238,1.466582742046235,-0.010989010989014503,0.16263736263736206,35,32,ENABLE
1785583362.8401284,1.4658197909514001,-0.120879120879124,0.16263736263736206,35,32,ENABLE
1785583362.8451655,1.464675364309148,-0.1648351648351678,0.1538461538461533,35,32,ENABLE
1785583362.8502176,1.463912413214313,-0.2307692307692335,0.14505494505494454,35,32,ENABLE
1785583362.8551805,1.4612420843823912,-0.4285714285714306,0.1538461538461533,35,32,ENABLE
1785583362.860128,1.458190280003052,-0.560439560439562,0.18021978021977958,35,32,ENABLE
1785583362.8651366,1.453612573434043,-0.7582417582417591,0.20659340659340586,35,32,ENABLE
1785583362.870183,1.447890440222782,-1.0439560439560438,0.25054945054944966,35,32,ENABLE
1785583362.8751774,1.4417868314641034,-1.1538461538461533,0.2681318681318672,35,32,ENABLE
1785583362.8801303,1.43492027161059,-1.3516483516483504,0.3032967032967022,35,32,ENABLE
1785583362.885163,1.4269092851148244,-1.4835164835164818,0.32087912087911974,35,32,ENABLE
1785583362.8901312,1.4188982986190588,-1.6153846153846132,0.3560439560439548,35,32,ENABLE
1785583362.8951657,1.409742885481041,-1.7692307692307665,0.40879120879120734,35,32,ENABLE
1785583362.900127,1.399443045700771,-1.9670329670329636,0.45274725274725114,35,32,ENABLE
1785583362.905211,1.388380254825666,-2.120879120879124,0.4791208791208774,35,32,ENABLE
1785583362.9101315,1.3769359884031438,-2.2527472527472554,0.49670329670329494,35,32,ENABLE
1785583362.915183,1.365110246433204,-2.362637362637365,0.5318681318681335,35,32,ENABLE
1785583362.920181,1.3521400778210122,-2.4725274725274744,0.5758241758241773,35,32,ENABLE
1785583362.9251273,1.3387884336614029,-2.6703296703296715,0.6021978021978036,35,32,ENABLE
1785583362.9301615,1.3242923628595413,-2.802197802197803,0.6109890109890124,35,32,ENABLE
1785583362.935131,1.3097962920576798,-2.9120879120879124,0.6461538461538474,35,32,ENABLE
1785583362.9401228,1.2945372701609834,-3.0,0.6637362637362649,35,32,ENABLE
1785583362.945134,1.2788967727168696,-3.1098901098901095,0.6813186813186825,35,32,ENABLE
1785583362.9502356,1.2621118486305036,-3.197802197802197,0.6813186813186825,35,32,ENABLE
1785583362.9552224,1.2457084000915533,-3.2857142857142847,0.6813186813186825,35,32,ENABLE
1785583362.9602048,1.2289234760051873,-3.3736263736263723,0.6725274725274737,35,32,ENABLE
1785583362.9651303,1.2113756008239864,-3.483516483516482,0.6813186813186825,35,32,ENABLE
1785583362.9701657,1.1926832990005334,-3.637362637362635,0.6989010989011,35,32,ENABLE
1785583362.975186,1.173609521629663,-3.7692307692307665,0.6989010989011,35,32,ENABLE
1785583362.9801838,1.154154268711375,-3.8131868131868103,0.7076923076923087,35,32,ENABLE
1785583362.9851267,1.1346990157930872,-3.92307692307692,0.7076923076923087,35,32,ENABLE
1785583362.9901853,1.114099336232547,-4.032967032967036,0.7164835164835175,35,32,ENABLE
1785583362.9951859,1.093499656672007,-4.120879120879124,0.7076923076923087,35,32,ENABLE
1785583363.0001287,1.0725185015640495,-4.164835164835168,0.6813186813186825,35,32,ENABLE
1785583363.0051496,1.051537346456092,-4.252747252747255,0.6637362637362649,35,32,ENABLE
1785583363.0101266,1.0294117647058822,-4.340659340659343,0.6637362637362649,35,32,ENABLE
1785583363.0152423,1.006904707408255,-4.406593406593409,0.6373626373626387,35,32,ENABLE
1785583363.020206,0.984397650110628,-4.494505494505496,0.6021978021978036,35,32,ENABLE
1785583363.0251422,0.9622720683604182,-4.516483516483518,0.5670329670329686,35,32,ENABLE
1785583363.0301645,0.9393835355153737,-4.560439560439562,0.5318681318681335,35,32,ENABLE
1785583363.0352175,0.9161135271229117,-4.582417582417584,0.4791208791208774,35,32,ENABLE
1785583363.0402176,0.8924620431830323,-4.64835164835165,0.45274725274725114,35,32,ENABLE
1785583363.045127,0.8691920347905704,-4.714285714285715,0.3999999999999986,35,32,ENABLE
1785583363.0501618,0.845540550850691,-4.758241758241759,0.347252747252746,35,32,ENABLE
1785583363.0551844,0.8218890669108116,-4.714285714285715,0.2593406593406584,35,32,ENABLE
1785583363.0601828,0.7986190585183497,-4.6703296703296715,0.1978021978021971,35,32,ENABLE
1785583363.0651798,0.7745860990310529,-4.758241758241759,0.13626373626373578,35,32,ENABLE
1785583363.070125,0.7501716639963387,-4.8901098901098905,0.09230769230769198,35,32,ENABLE
1785583363.0751257,0.7257572289616228,-4.934065934065934,0.0219780219780219,35,32,ENABLE
1785583363.080127,0.7009613183794912,-4.934065934065934,-0.01318681318681314,35,32,ENABLE
1785583363.0851238,0.6757839322499422,-5.0,-0.08351648351648322,35,32,ENABLE
1785583363.0901234,0.6494621194781409,-5.175824175824175,-0.09230769230769198,35,32,ENABLE
1785583363.095127,0.6227588311589223,-5.307692307692307,-0.11868131868131826,35,32,ENABLE
1785583363.1001596,0.5952925917448688,-5.395604395604394,-0.1538461538461533,35,32,ENABLE
1785583363.105221,0.5678263523308154,-5.439560439560438,-0.1978021978021971,35,32,ENABLE
1785583363.1101804,0.5403601129167619,-5.505494505494504,-0.20659340659340586,35,32,ENABLE
1785583363.1152194,0.5121309224078736,-5.5494505494505475,-0.2417582417582409,35,32,ENABLE
1785583363.1201367,0.48428320744640274,-5.637362637362635,-0.27692307692307594,35,32,ENABLE
1785583363.1252007,0.45529106584267964,-5.725274725274723,-0.27692307692307594,35,32,ENABLE
1785583363.1301248,0.42629892423895654,-5.857142857142854,-0.29450549450549346,35,32,ENABLE
1785583363.1351337,0.3961623559929812,-5.92307692307692,-0.3032967032967022,35,32,ENABLE
1785583363.1401289,0.3667887388418407,-5.92307692307692,-0.347252747252746,35,32,ENABLE
1785583363.145186,0.3374151216907002,-5.901098901098898,-0.3912087912087898,35,32,ENABLE
1785583363.150207,0.3072785534447249,-5.92307692307692,-0.4175824175824161,35,32,ENABLE
1785583363.1551251,0.27790493629358437,-5.967032967032964,-0.4615384615384599,35,32,ENABLE
1785583363.1601415,0.24814984359502468,-6.0109890109890145,-0.4791208791208774,35,32,ENABLE
1785583363.165221,0.21648737315937971,-6.142857142857146,-0.45274725274725114,35,32,ENABLE
1785583363.1701825,0.18444342717631734,-6.362637362637365,-0.3912087912087898,35,32,ENABLE
1785583363.1751802,0.15087357900358533,-6.560439560439562,-0.312087912087911,35,32,ENABLE
1785583363.180182,0.11692225528343592,-6.714285714285715,-0.23296703296703214,35,32,ENABLE
1785583363.1851864,0.08106355382619945,-7.065934065934066,-0.0659340659340657,35,32,ENABLE
1785583363.1901817,0.042534523537041125,-7.483516483516482,0.12747252747252702,35,32,ENABLE
1785583363.195128,0.003242542153047978,-7.7692307692307665,0.29450549450549346,35,32,ENABLE
1785583363.2001235,-0.03566796368352776,-7.81318681318681,0.5230769230769248,35,32,ENABLE
1785583363.2051718,-0.07572289616235572,-7.857142857142854,0.6989010989011,35,32,ENABLE
1785583363.2101274,-0.11501487754634887,-7.945054945054942,0.7868131868131876,35,32,ENABLE
1785583363.2151206,-0.15430685893034202,-7.92307692307692,0.8747252747252752,35,32,ENABLE
1785583363.220118,-0.19321736476691775,-7.81318681318681,1.0065934065934066,35,32,ENABLE
1785583363.2252145,-0.2325093461509109,-7.7692307692307665,1.0505494505494504,35,32,ENABLE
1785583363.2301672,-0.2702754253452362,-7.681318681318679,1.0945054945054942,35,32,ENABLE
1785583363.2352064,-0.3076600289921423,-7.5494505494505475,1.1208791208791204,35,32,ENABLE
1785583363.2401783,-0.34428168154421357,-7.417582417582416,1.1472527472527467,35,32,ENABLE
1785583363.2452176,-0.38052185854886744,-7.241758241758241,1.2263736263736256,35,32,ENABLE
1785583363.250204,-0.41447318226901686,-7.0,1.4197802197802183,35,32,ENABLE
1785583363.2551231,-0.44651712825207923,-6.6703296703296715,1.6483516483516496,35,32,ENABLE
1785583363.2601223,-0.47665369649805456,-6.252747252747255,1.8769230769230774,35,32,ENABLE
1785583363.265124,-0.5045014114595254,-5.791208791208788,2.0175824175824175,35,32,ENABLE
1785583363.2701826,-0.5300602731364918,-5.3296703296703285,2.1670329670329664,35,32,ENABLE
1785583363.2751787,-0.5533302815289538,-4.868131868131869,2.2813186813186803,35,32,ENABLE
1785583363.2801235,-0.5754558632791635,-4.604395604395606,2.439560439560438,35,32,ENABLE
1785583363.2851205,-0.596437018387121,-4.340659340659343,2.536263736263738,35,32,ENABLE
1785583363.2901235,-0.6151293202105741,-3.9450549450549417,2.5978021978021992,35,32,ENABLE
1785583363.2951646,-0.6315327687495227,-3.5494505494505475,2.6329670329670343,35,32,ENABLE
1785583363.3001244,-0.6464103150988016,-3.1318681318681314,2.650549450549452,35,32,ENABLE
1785583363.3051188,-0.6593804837109936,-2.824175824175825,2.650549450549452,35,32,ENABLE
1785583363.310163,-0.6712062256809332,-2.4725274725274744,2.6329670329670343,35,32,ENABLE
1785583363.3151255,-0.6803616388189511,-2.07692307692308,2.562637362637364,35,32,ENABLE
1785583363.320121,-0.6872281986724644,-1.637362637362635,2.4571428571428555,35,32,ENABLE
1785583363.3251169,-0.6921873807888907,-1.219780219780219,2.3076923076923066,35,32,ENABLE
1785583363.3301554,-0.6948577096208126,-0.8021978021978029,2.149450549450549,35,32,ENABLE
1785583363.335148,-0.6956206607156474,-0.3846153846153868,1.964835164835165,35,32,ENABLE
1785583363.340254,-0.6948577096208126,-0.0329670329670364,1.7978021978021985,35,32,ENABLE
1785583363.3452418,-0.6937132829785604,0.120879120879124,1.6659340659340671,35,32,ENABLE
1785583363.3502533,-0.6914244296940559,0.340659340659343,1.5076923076923094,35,32,ENABLE
1785583363.3552237,-0.6879911497672992,0.5824175824175839,1.3494505494505482,35,32,ENABLE
1785583363.3602839,-0.6834134431982903,0.8021978021978029,1.1824175824175818,35,32,ENABLE
1785583363.3651907,-0.6780727855344466,0.9780219780219781,0.9978021978021978,35,32,ENABLE
1785583363.3703382,-0.6712062256809332,1.219780219780219,0.8219780219780226,35,32,ENABLE
1785583363.3754995,-0.6631952391851677,1.417582417582416,0.6197802197802211,35,32,ENABLE
1785583363.3800585,-0.6548027771419846,1.659340659340657,0.4175824175824161,35,32,ENABLE
1785583363.3849022,-0.6456473640039668,1.857142857142854,0.1978021978021971,35,32,ENABLE
1785583363.3900213,-0.6338216220340271,2.2087912087912116,-0.0659340659340657,35,32,ENABLE
1785583363.395076,-0.6200885023270004,2.4945054945054963,-0.3736263736263723,35,32,ENABLE
1785583363.400026,-0.6071183337148085,2.560439560439562,-0.6461538461538474,35,32,ENABLE
1785583363.4050298,-0.5949111161974514,2.4945054945054963,-0.8483516483516489,35,32,ENABLE
1785583363.4100804,-0.5827038986800943,2.4505494505494525,-1.024175824175824,35,32,ENABLE
1785583363.4151,-0.571259632257572,2.318681318681321,-1.1296703296703292,35,32,ENABLE
1785583363.4200299,-0.5621042191195542,2.0109890109890145,-1.1296703296703292,35,32,ENABLE
1785583363.425028,-0.554474708171206,1.637362637362635,-1.103296703296703,35,32,ENABLE
1785583363.4300306,-0.5491340505073623,1.241758241758241,-1.0329670329670328,35,32,ENABLE
1785583363.4350548,-0.5434119172961012,1.1758241758241752,-1.068131868131868,35,32,ENABLE
1785583363.440028,-0.5365453574425878,1.3076923076923066,-1.173626373626373,35,32,ENABLE
1785583363.4450252,-0.5285343709468222,1.4835164835164818,-1.2791208791208781,35,32,ENABLE
1785583363.4500325,-0.5220492866407263,1.3736263736263723,-1.2967032967032956,35,32,ENABLE
1785583363.4550228,-0.5159456778820477,1.2637362637362628,-1.393406593406592,35,32,ENABLE
1785583363.460028,-0.5090791180285343,1.3076923076923066,-1.5076923076923094,35,32,ENABLE
1785583363.4650333,-0.5018310826276036,1.3956043956043942,-1.6131868131868146,35,32,ENABLE
1785583363.4700353,-0.4949645227740902,1.417582417582416,-1.7010989010989022,35,32,ENABLE
1785583363.475,-0.4877164873731594,1.3956043956043942,-1.780219780219781,35,32,ENABLE
1785583363.4800053,-0.4819943541618983,1.197802197802197,-1.7978021978021985,35,32,ENABLE
1785583363.4850345,-0.4777981231403068,0.9560439560439562,-1.780219780219781,35,32,ENABLE
1785583363.4900336,-0.4751277943083849,0.6923076923076934,-1.7186813186813197,35,32,ENABLE
1785583363.4949913,-0.47245746547646306,0.560439560439562,-1.6571428571428584,35,32,ENABLE
1785583363.500024,-0.47131303883421083,0.3186813186813211,-1.5868131868131883,35,32,ENABLE
1785583363.505024,-0.4709315632867934,0.1648351648351678,-1.5076923076923094,35,32,ENABLE
1785583363.5100245,-0.4709315632867934,0.0329670329670364,-1.428571428571427,35,32,ENABLE
1785583363.5151703,-0.4709315632867934,-0.0329670329670364,-1.3846153846153832,35,32,ENABLE
1785583363.5201657,-0.47131303883421083,-0.0549450549450583,-1.3318681318681307,35,32,ENABLE
1785583363.5250258,-0.47207598992904565,-0.0989010989011021,-1.3054945054945044,35,32,ENABLE
1785583363.5300305,-0.47283894102388047,-0.1868131868131897,-1.243956043956043,35,32,ENABLE
1785583363.5349946,-0.4751277943083849,-0.340659340659343,-1.1824175824175818,35,32,ENABLE
1785583363.5399985,-0.47627222095063715,-0.2967032967032992,-1.1560439560439555,35,32,ENABLE
1785583363.545025,-0.4781795986877242,-0.3846153846153868,-1.0769230769230766,35,32,ENABLE
1785583363.550026,-0.48046845197222865,-0.4285714285714306,-1.0417582417582416,35,32,ENABLE
1785583363.555028,-0.4831387808041505,-0.4725274725274744,-0.9714285714285715,35,32,ENABLE
1785583363.5600283,-0.48504615854123756,-0.4285714285714306,-0.953846153846154,35,32,ENABLE
1785583363.5649953,-0.48809796292057683,-0.5824175824175839,-0.8835164835164839,35,32,ENABLE
1785583363.5700023,-0.4903868162050813,-0.5164835164835182,-0.8483516483516489,35,32,ENABLE
1785583363.5750282,-0.49305714503700315,-0.5164835164835182,-0.8043956043956051,35,32,ENABLE
1785583363.5800312,-0.4961089494163424,-0.6263736263736277,-0.7252747252747263,35,32,ENABLE
1785583363.5851707,-0.4991607537956817,-0.6043956043956058,-0.6989010989011,35,32,ENABLE
1785583363.5901833,-0.5018310826276036,-0.5824175824175839,-0.6549450549450562,35,32,ENABLE
1785583363.5950298,-0.5048828870069428,-0.6263736263736277,-0.6021978021978036,35,32,ENABLE
1785583363.6000233,-0.5083161669336995,-0.6263736263736277,-0.5582417582417598,35,32,ENABLE
1785583363.605022,-0.5109864957656214,-0.6263736263736277,-0.5230769230769248,35,32,ENABLE
1785583363.6100013,-0.5140383001449607,-0.6043956043956058,-0.4791208791208774,35,32,ENABLE
1785583363.6150248,-0.5170901045242999,-0.6043956043956058,-0.45274725274725114,35,32,ENABLE
1785583363.6199996,-0.518997482261387,-0.4945054945054963,-0.4615384615384599,35,32,ENABLE
1785583363.624998,-0.5212863355458914,-0.4285714285714306,-0.4439560439560424,35,32,ENABLE
1785583363.6299882,-0.5224307621881437,-0.340659340659343,-0.4791208791208774,35,32,ENABLE
1785583363.6350334,-0.5239566643778133,-0.2967032967032992,-0.4791208791208774,35,32,ENABLE
1785583363.64,-0.5247196154726481,-0.2307692307692335,-0.514285714285716,35,32,ENABLE
1785583363.6449935,-0.5251010910200655,-0.120879120879124,-0.549450549450551,35,32,ENABLE
1785583363.6500318,-0.5247196154726481,-0.0329670329670364,-0.5758241758241773,35,32,ENABLE
1785583363.6550262,-0.5247196154726481,-0.0329670329670364,-0.5934065934065949,35,32,ENABLE
1785583363.6600392,-0.5247196154726481,-0.010989010989014503,-0.6109890109890124,35,32,ENABLE
1785583363.66503,-0.5247196154726481,-0.010989010989014503,-0.6197802197802211,35,32,ENABLE
1785583363.6700368,-0.5247196154726481,-0.010989010989014503,-0.6285714285714299,35,32,ENABLE
1785583363.67501,-0.5247196154726481,-0.010989010989014503,-0.6285714285714299,35,32,ENABLE
1785583363.680037,-0.5247196154726481,0.0329670329670364,-0.6197802197802211,35,32,ENABLE
1785583363.6850138,-0.5247196154726481,-0.010989010989014503,-0.6285714285714299,35,32,ENABLE
1785583363.6899977,-0.5247196154726481,-0.010989010989014503,-0.6373626373626387,35,32,ENABLE
1785583363.6950014,-0.5247196154726481,0.0329670329670364,-0.6373626373626387,35,32,ENABLE
1785583363.7000313,-0.5243381399252307,0.010989010989014503,-0.6373626373626387,35,32,ENABLE
1785583363.705169,-0.5243381399252307,0.010989010989014503,-0.6373626373626387,35,32,ENABLE
1785583363.710257,-0.5243381399252307,0.010989010989014503,-0.6461538461538474,35,32,ENABLE
1785583363.7150295,-0.5239566643778133,0.010989010989014503,-0.6461538461538474,35,32,ENABLE
1785583363.720036,-0.5239566643778133,0.010989010989014503,-0.6549450549450562,35,32,ENABLE
1785583363.7252016,-0.5235751888303959,0.0769230769230802,-0.6725274725274737,35,32,ENABLE
1785583363.7300313,-0.5231937132829785,0.0769230769230802,-0.6725274725274737,35,32,ENABLE
1785583363.7350347,-0.5224307621881437,0.120879120879124,-0.7164835164835175,35,32,ENABLE
1785583363.7401042,-0.520904859998474,0.2087912087912116,-0.76923076923077,35,32,ENABLE
1785583363.745026,-0.5197604333562218,0.2527472527472554,-0.8131868131868139,35,32,ENABLE
1785583363.750039,-0.5182345311665522,0.2527472527472554,-0.8307692307692314,35,32,ENABLE
1785583363.7550256,-0.5159456778820477,0.340659340659343,-0.9010989010989015,35,32,ENABLE
1785583363.760061,-0.5140383001449607,0.3626373626373649,-0.9010989010989015,35,32,ENABLE
1785583363.7650402,-0.5117494468604562,0.4285714285714306,-0.8043956043956051,35,32,ENABLE
1785583363.7699983,-0.5083161669336995,0.6263736263736277,-0.5934065934065949,35,32,ENABLE
1785583363.7750206,-0.5033569848172732,0.8461538461538467,-0.3560439560439548,35,32,ENABLE
1785583363.7799954,-0.49725337605859465,1.0879120879120876,-0.11868131868131826,35,32,ENABLE
1785583363.7850368,-0.48962386511024647,1.3736263736263723,0.08351648351648322,35,32,ENABLE
1785583363.7900398,-0.48046845197222865,1.681318681318679,0.2681318681318672,35,32,ENABLE
1785583363.7951717,-0.4694056610971238,2.0109890109890145,0.40879120879120734,35,32,ENABLE
1785583363.8002043,-0.45605401693751446,2.4285714285714306,0.514285714285716,35,32,ENABLE
1785583363.8050714,-0.4419394216830703,2.736263736263737,0.7076923076923087,35,32,ENABLE
1785583363.8100333,-0.4278248264286262,2.780219780219781,0.8747252747252752,35,32,ENABLE
1785583363.8150296,-0.4129472800793472,2.9120879120879124,1.0417582417582416,35,32,ENABLE
1785583363.8200295,-0.39654383154039863,3.1538461538461533,1.208791208791208,35,32,ENABLE
1785583363.8250349,-0.3789959563591978,3.3736263736263723,1.3406593406593394,35,32,ENABLE
1785583363.830028,-0.36030365453574476,3.615384615384613,1.4109890109890095,35,32,ENABLE
1785583363.8350248,-0.3404669260700395,3.901098901098898,1.4989010989010971,35,32,ENABLE
1785583363.840022,-0.31834134431982974,4.208791208791212,1.4989010989010971,35,32,ENABLE
1785583363.845027,-0.2946898603799504,4.53846153846154,1.5516483516483532,35,32,ENABLE
1785583363.8500245,-0.271038376440071,4.692307692307693,1.595604395604397,35,32,ENABLE
1785583363.8550029,-0.2450980392156854,5.0,1.5516483516483532,35,32,ENABLE
1785583363.859993,-0.21801327534904935,5.3296703296703285,1.5428571428571445,35,32,ENABLE
1785583363.8650215,-0.1913099870298307,5.285714285714285,1.6483516483516496,35,32,ENABLE
1785583363.8700218,-0.1661326009002817,5.087912087912088,1.7978021978021985,35,32,ENABLE
1785583363.8750255,-0.14209964141298492,4.868131868131869,2.0,35,32,ENABLE
1785583363.8800156,-0.11844815747310555,4.758241758241759,2.175824175824175,35,32,ENABLE
1785583363.8850265,-0.09479667353322618,4.780219780219781,2.3428571428571416,35,32,ENABLE
1785583363.8899968,-0.07114518959334681,4.758241758241759,2.501098901098903,35,32,ENABLE
1785583363.8951678,-0.047112230106050035,4.714285714285715,2.6945054945054956,35,32,ENABLE
1785583363.9001722,-0.023842221713588074,4.64835164835165,2.8791208791208796,35,32,ENABLE
1785583363.9051044,-0.0013351644159609322,4.582417582417584,3.0197802197802197,35,32,ENABLE
1785583363.9100318,0.02117189288166621,4.53846153846154,3.195604395604395,35,32,ENABLE
1785583363.9150283,0.04482337682154558,4.64835164835165,3.265934065934065,35,32,ENABLE
1785583363.9200292,0.06885633630884236,4.780219780219781,3.3978021978021964,35,32,ENABLE
1785583363.9250197,0.09327077134355655,4.868131868131869,3.4329670329670314,35,32,ENABLE
1785583363.9300263,0.11882963302052296,5.0,3.512087912087914,35,32,ENABLE
1785583363.9350245,0.1447699702449068,5.087912087912088,3.512087912087914,35,32,ENABLE
1785583363.9399996,0.1707103074692906,5.175824175824175,3.582417582417584,35,32,ENABLE
1785583363.9450002,0.19741359578850926,5.263736263736263,3.573626373626375,35,32,ENABLE
1785583363.950028,0.22487983520256272,5.395604395604394,3.6000000000000014,35,32,ENABLE
1785583363.9550316,0.2531090257114528,5.5494505494505475,3.5648351648351664,35,32,ENABLE
1785583363.96,0.28133821622034105,5.615384615384613,3.5296703296703313,35,32,ENABLE
1785583363.965025,0.31071183337148156,5.791208791208788,3.503296703296705,35,32,ENABLE
1785583363.9700263,0.3408484016174569,5.879120879120876,3.4241758241758227,35,32,ENABLE
1785583363.9750266,0.3709849698634322,6.032967032967036,3.3538461538461526,35,32,ENABLE
1785583363.9799972,0.40226596475165977,6.2307692307692335,3.2395604395604387,35,32,ENABLE
1785583363.984999,0.43469138628213955,6.362637362637365,3.0989010989010985,35,32,ENABLE
1785583363.9900298,0.46749828336003674,6.494505494505496,3.002197802197802,35,32,ENABLE
1785583363.9950259,0.5010681315327687,6.582417582417584,2.861538461538462,35,32,ENABLE
1785583364.000191,0.5354009308003356,6.64835164835165,2.7296703296703306,35,32,ENABLE
1785583364.005034,0.5685893034256502,6.736263736263737,2.562637362637364,35,32,ENABLE
1785583364.0100195,0.6033035782406344,6.934065934065934,2.3780219780219767,35,32,ENABLE
1785583364.0149696,0.6376363775082012,6.934065934065934,2.219780219780219,35,32,ENABLE
1785583364.0200315,0.6731136034180203,6.978021978021978,2.0967032967032964,35,32,ENABLE
1785583364.0250292,0.7078278782330045,6.934065934065934,1.964835164835165,35,32,ENABLE
1785583364.0300212,0.7421606775005714,6.868131868131869,1.8241758241758248,35,32,ENABLE
1785583364.0350296,0.7757305256733051,6.758241758241759,1.745054945054946,35,32,ENABLE
1785583364.040023,0.8077744716563675,6.53846153846154,1.6835164835164846,35,32,ENABLE
1785583364.0450132,0.8394369420920125,6.384615384615387,1.5868131868131883,35,32,ENABLE
1785583364.0500102,0.8699549858854052,6.208791208791212,1.5428571428571445,35,32,ENABLE
1785583364.0550344,0.9004730296787979,6.098901098901102,1.4725274725274708,35,32,ENABLE
1785583364.060029,0.9302281223773559,6.0109890109890145,1.3758241758241745,35,32,ENABLE
1785583364.0649998,0.9599832150759138,5.967032967032964,1.2791208791208781,35,32,ENABLE
1785583364.0700216,0.9897383077744717,5.92307692307692,1.1560439560439555,35,32,ENABLE
1785583364.0750666,1.0194934004730296,5.901098901098898,1.0065934065934066,35,32,ENABLE
1785583364.080029,1.0500114442664223,6.07692307692308,0.76923076923077,35,32,ENABLE
1785583364.085035,1.08129243915465,6.164835164835168,0.5406593406593423,35,32,ENABLE
1785583364.0900304,1.11219195849546,6.164835164835168,0.36483516483516354,35,32,ENABLE
1785583364.0950294,1.1411841000991831,5.945054945054942,0.22417582417582338,35,32,ENABLE
1785583364.100032,1.1694132906080714,5.747252747252745,0.11868131868131826,35,32,ENABLE
1785583364.1049995,1.19611657892729,5.505494505494504,0.0219780219780219,35,32,ENABLE
1785583364.110018,1.2216754406042565,5.197802197802197,-0.0219780219780219,35,32,ENABLE
1785583364.1150317,1.2457084000915533,4.868131868131869,-0.0659340659340657,35,32,ENABLE
1785583364.1200287,1.2674525062943474,4.560439560439562,-0.0659340659340657,35,32,ENABLE
1785583364.1250532,1.2891966124971397,4.362637362637365,-0.12747252747252702,35,32,ENABLE
1785583364.1300285,1.3097962920576798,4.2307692307692335,-0.16263736263736206,35,32,ENABLE
1785583364.1350083,1.3288700694285502,3.9890109890109855,-0.20659340659340586,35,32,ENABLE
1785583364.1402202,1.3479438467994207,3.7692307692307665,-0.2593406593406584,35,32,ENABLE
1785583364.1451683,1.365110246433204,3.5934065934065913,-0.312087912087911,35,32,ENABLE
1785583364.1500347,1.3815136949721527,3.395604395604394,-0.38241758241758106,35,32,ENABLE
1785583364.1550214,1.3971541924162665,3.219780219780219,-0.4351648351648336,35,33,ENABLE
1785583364.1600618,1.411650263218128,3.043956043956044,-0.4791208791208774,35,33,ENABLE
1785583364.1650326,1.4250019073777374,2.780219780219781,-0.5054945054945073,35,33,ENABLE
1785583364.1700354,1.4375906004425119,2.53846153846154,-0.5406593406593423,35,33,ENABLE
1785583364.1750317,1.4486533913176167,2.362637362637365,-0.5582417582417598,35,33,ENABLE
1785583364.1800275,1.4589532310978868,2.07692307692308,-0.5670329670329686,35,33,ENABLE
1785583364.1850245,1.4673456931410698,1.8351648351648322,-0.5582417582417598,35,33,ENABLE
1785583364.1900277,1.4745937285420005,1.5494505494505475,-0.5670329670329686,35,33,ENABLE
1785583364.1950028,1.480697337300679,1.3956043956043942,-0.5582417582417598,35,33,ENABLE
1785583364.200019,1.485275043869688,1.021978021978022,-0.5318681318681335,35,33,ENABLE
1785583364.2050261,1.4887083237964447,0.780219780219781,-0.4879120879120862,35,33,ENABLE
1785583364.210029,1.4913786526283666,0.6263736263736277,-0.4879120879120862,35,33,ENABLE
1785583364.2150202,1.4929045548180362,0.3846153846153868,-0.4615384615384599,35,33,ENABLE
1785583364.2200289,1.493667505912871,0.2087912087912116,-0.4439560439560424,35,33,ENABLE
1785583364.2250297,1.4932860303654536,0.010989010989014503,-0.4351648351648336,35,33,ENABLE
1785583364.230023,1.4921416037232014,-0.1648351648351678,-0.4175824175824161,35,33,ENABLE
1785583364.2350357,1.489852750438697,-0.3846153846153868,-0.4439560439560424,35,33,ENABLE
1785583364.2400308,1.4875638971541925,-0.4505494505494525,-0.45274725274725114,35,33,ENABLE
1785583364.2450604,1.4837491416800184,-0.6703296703296715,-0.4351648351648336,35,33,ENABLE
1785583364.2500317,1.478789959563592,-0.8461538461538467,-0.4351648351648336,35,33,ENABLE
1785583364.2550247,1.473067826352331,-1.0879120879120876,-0.42637362637362486,35,33,ENABLE
1785583364.260027,1.466582742046235,-1.241758241758241,-0.3999999999999986,35,33,ENABLE
1785583364.2650323,1.4585717555504694,-1.4835164835164818,-0.36483516483516354,35,33,ENABLE
1785583364.270026,1.4490348668650341,-1.7692307692307665,-0.3032967032967022,35,33,ENABLE
1785583364.2750008,1.438735027084764,-1.9670329670329636,-0.2857142857142847,35,33,ENABLE
1785583364.2799954,1.4276722362096592,-2.164835164835168,-0.27692307692307594,35,33,ENABLE
1785583364.2849975,1.4158464942397195,-2.2747252747252773,-0.2417582417582409,35,33,ENABLE
1785583364.290026,1.4028763256275276,-2.4945054945054963,-0.18021978021977958,35,33,ENABLE
1785583364.2950315,1.3887617303730835,-2.736263736263737,-0.13626373626373578,35,33,ENABLE
1785583364.3000236,1.3735027084763871,-2.9340659340659343,-0.11868131868131826,35,33,ENABLE
1785583364.305002,1.3578622110322733,-3.0879120879120876,-0.0659340659340657,35,33,ENABLE
1785583364.310023,1.34069581139849,-3.3076923076923066,-0.01318681318681314,35,33,ENABLE
1785583364.3150167,1.3227664606698717,-3.5054945054945037,0.03076923076923066,35,33,ENABLE
1785583364.3201108,1.3036926832990012,-3.7252747252747227,0.09230769230769198,35,33,ENABLE
1785583364.3251536,1.283855954833296,-3.835164835164832,0.13626373626373578,35,33,ENABLE
1785583364.3292696,1.2674525062943474,-3.9670329670329636,0.17142857142857082,35,33,ENABLE
1785583364.3342316,1.2460898756389707,-4.142857142857146,0.20659340659340586,35,33,ENABLE
1785583364.340182,1.2205310139620043,-4.296703296703299,0.2417582417582409,35,33,ENABLE
1785583364.3451777,1.1976424811169597,-4.494505494505496,0.3032967032967022,35,33,ENABLE
1785583364.3502204,1.1739909971770803,-4.626373626373628,0.347252747252746,35,33,ENABLE
1785583364.3551831,1.1507209887846184,-4.692307692307693,0.3912087912087898,35,33,ENABLE
1785583364.360029,1.127069504844739,-4.802197802197803,0.3999999999999986,35,33,ENABLE
1785583364.3650115,1.1022735942626074,-4.912087912087912,0.42637362637362486,35,33,ENABLE
1785583364.3700335,1.076714732585641,-5.021978021978022,0.45274725274725114,35,33,ENABLE
1785583364.375026,1.0507743953612572,-5.197802197802197,0.47032967032966866,35,33,ENABLE
1785583364.3800297,1.024452582589456,-5.219780219780219,0.47032967032966866,35,33,ENABLE
1785583364.3850331,0.9977492942702373,-5.285714285714285,0.4879120879120862,35,33,ENABLE
1785583364.3900325,0.9706645304036012,-5.395604395604394,0.49670329670329494,35,33,ENABLE
1785583364.3950331,0.9431982909895478,-5.483516483516482,0.4791208791208774,35,33,ENABLE
1785583364.4000347,0.9149691004806595,-5.571428571428569,0.49670329670329494,35,33,ENABLE
1785583364.4050262,0.8863584344243538,-5.725274725274723,0.514285714285716,35,33,ENABLE
1785583364.410009,0.8566033417257959,-5.835164835164832,0.5406593406593423,35,33,ENABLE
1785583364.4150407,0.8272297245746554,-5.901098901098898,0.514285714285716,35,33,ENABLE
1785583364.420031,0.7986190585183497,-5.81318681318681,0.4615384615384599,35,33,ENABLE
1785583364.4250333,0.7703898680094614,-5.703296703296701,0.3736263736263723,35,33,ENABLE
1785583364.430028,0.7421606775005714,-5.681318681318679,0.3296703296703285,35,33,ENABLE
1785583364.4350328,0.7131685358968483,-5.725274725274723,0.2681318681318672,35,33,ENABLE
1785583364.440029,0.6845578698405426,-5.7692307692307665,0.1978021978021971,35,33,ENABLE
1785583364.4450321,0.6555657282368195,-5.81318681318681,0.1538461538461533,35,33,ENABLE
1785583364.45003,0.626192111085679,-5.879120879120876,0.09230769230769198,35,33,ENABLE
1785583364.4550333,0.596437018387121,-5.92307692307692,0.0659340659340657,35,33,ENABLE
1785583364.460014,0.5666819256885631,-5.945054945054942,-0.01318681318681314,35,33,ENABLE
1785583364.465031,0.5373083085374226,-5.92307692307692,-0.07472527472527446,35,33,ENABLE
1785583364.4700122,0.5071717402914473,-5.967032967032964,-0.11868131868131826,35,33,ENABLE
1785583364.4750137,0.47703517204547197,-6.032967032967036,-0.1978021978021971,35,33,ENABLE
1785583364.4800286,0.44651712825207923,-6.07692307692308,-0.25054945054944966,35,33,ENABLE
1785583364.4850264,0.4156176089112691,-6.164835164835168,-0.2857142857142847,35,32,ENABLE
1785583364.4900115,0.38433661402304153,-6.252747252747255,-0.3032967032967022,35,32,ENABLE
1785583364.4950118,0.35229266803997916,-6.362637362637365,-0.3296703296703285,35,32,ENABLE
1785583364.500179,0.3202487220569168,-6.296703296703299,-0.42637362637362486,35,32,ENABLE
1785583364.5052261,0.28896772716868924,-6.2307692307692335,-0.45274725274725114,35,32,ENABLE
1785583364.5100908,0.2580682078278791,-6.274725274725277,-0.5054945054945073,35,32,ENABLE
1785583364.5149972,0.22640573739223235,-6.428571428571431,-0.5054945054945073,35,32,ENABLE
1785583364.520061,0.19207293812466553,-6.692307692307693,-0.45274725274725114,35,32,ENABLE
1785583364.5250301,0.15697718776226388,-6.956043956043956,-0.36483516483516354,35,32,ENABLE
1785583364.5299802,0.12111848630502742,-7.131868131868131,-0.312087912087911,35,32,ENABLE
1785583364.5350287,0.08335240711070391,-7.35164835164835,-0.17142857142857082,35,32,ENABLE
1785583364.540028,0.04367895017929335,-7.7692307692307665,-0.01318681318681314,35,32,ENABLE
1785583364.5450273,0.0020981155107957505,-8.120879120879124,0.17142857142857082,35,32,ENABLE
1785583364.5500307,-0.03948271915770185,-8.252747252747255,0.32087912087911974,35,32,ENABLE
1785583364.5550127,-0.08068207827878204,-8.274725274725277,0.4879120879120862,35,32,ENABLE
1785583364.5600152,-0.12226291294727964,-8.2967032967033,0.6285714285714299,35,32,ENABLE
1785583364.5650315,-0.16384374761577725,-8.362637362637365,0.7428571428571438,35,32,ENABLE
1785583364.5700243,-0.20542458228427485,-8.340659340659343,0.8307692307692314,35,32,ENABLE
1785583364.5750234,-0.24662394140535504,-8.252747252747255,0.9274725274725277,35,32,ENABLE
1785583364.5800161,-0.2874418249790196,-8.230769230769234,0.989010989010989,35,32,ENABLE
1785583364.5850224,-0.32749675745784756,-8.098901098901102,1.0857142857142854,35,32,ENABLE
1785583364.5900269,-0.3660257877470059,-7.857142857142854,1.2791208791208781,35,32,ENABLE
1785583364.595026,-0.4030289158464946,-7.5494505494505475,1.4989010989010971,35,32,ENABLE
1785583364.6000047,-0.4373617151140614,-7.153846153846153,1.7626373626373635,35,32,ENABLE
1785583364.6050186,-0.4697871366445412,-6.6703296703296715,1.9824175824175825,35,32,ENABLE
1785583364.6100314,-0.4995422293430991,-6.208791208791212,2.1934065934065927,35,32,ENABLE
1785583364.6149762,-0.5266269932097352,-5.747252747252745,2.334065934065933,35,32,ENABLE
1785583364.6200097,-0.5529488059815364,-5.395604395604394,2.5098901098901116,35,32,ENABLE
1785583364.6250298,-0.5781261921110854,-5.131868131868131,2.685714285714287,35,32,ENABLE
1785583364.6299944,-0.60101472495613,-4.802197802197803,2.8087912087912095,35,32,ENABLE
1785583364.6350255,-0.6219958800640875,-4.384615384615387,2.905494505494506,35,32,ENABLE
1785583364.6399672,-0.6406881818875405,-3.9890109890109855,2.9846153846153847,35,32,ENABLE
1785583364.644962,-0.6574731059739065,-3.5934065934065913,3.010989010989011,35,32,ENABLE
1785583364.6500285,-0.6723506523231855,-3.197802197802197,3.002197802197802,35,32,ENABLE
1785583364.654966,-0.6845578698405426,-2.6923076923076934,2.9582417582417584,35,32,ENABLE
1785583364.660038,-0.6948577096208126,-2.2527472527472554,2.905494505494506,35,32,ENABLE
1785583364.6652176,-0.7032501716639956,-1.8351648351648322,2.7736263736263744,35,32,ENABLE
1785583364.670224,-0.7089723048752568,-1.3516483516483504,2.6153846153846168,35,32,ENABLE
1785583364.6750329,-0.712024109254596,-0.8901098901098905,2.4483516483516468,35,32,ENABLE
1785583364.679988,-0.7127870603494308,-0.3846153846153868,2.219780219780219,35,32,ENABLE
1785583364.6849785,-0.7112611581597612,0.010989010989014503,2.0263736263736263,35,32,ENABLE
1785583364.6900551,-0.7097352559700916,0.2307692307692335,1.850549450549451,35,32,ENABLE
1785583364.6952107,-0.7063019760433349,0.4945054945054963,1.6395604395604408,35,32,ENABLE
1785583364.700247,-0.701724269474326,0.7362637362637372,1.463736263736262,35,32,ENABLE
1785583364.7050152,-0.6963836118104823,1.0,1.287912087912087,35,32,ENABLE
1785583364.7099712,-0.6902800030518037,1.1538461538461533,1.0769230769230766,35,32,ENABLE
1785583364.7149785,-0.6826504921034555,1.3736263736263723,0.9010989010989015,35,32,ENABLE
1785583364.7199786,-0.6746395056076899,1.5494505494505475,0.6901098901098912,35,32,ENABLE
1785583364.7249634,-0.6658655680170895,1.7032967032967008,0.4879120879120862,35,32,ENABLE
1785583364.7299676,-0.6559472037842369,1.8131868131868103,0.312087912087911,35,32,ENABLE
1785583364.7349706,-0.6452658884565494,2.0329670329670364,0.08351648351648322,35,32,ENABLE
1785583364.7399714,-0.6319142442969401,2.4945054945054963,-0.22417582417582338,35,32,ENABLE
1785583364.744966,-0.6170366979476611,2.802197802197803,-0.5670329670329686,35,32,ENABLE
1785583364.7499769,-0.6033035782406344,2.758241758241759,-0.8219780219780226,35,32,ENABLE
1785583364.7550063,-0.5895704585336077,2.6923076923076934,-1.0065934065934066,35,32,ENABLE
1785583364.7600107,-0.5769817654688332,2.604395604395606,-1.1912087912087905,35,32,ENABLE
1785583364.7649772,-0.5655374990463109,2.4065934065934087,-1.2615384615384606,35,32,ENABLE
1785583364.7701678,-0.5563820859082931,1.9450549450549417,-1.1912087912087905,35,32,ENABLE
1785583364.7749872,-0.5510414282444493,1.417582417582416,-1.0857142857142854,35,32,ENABLE
1785583364.7800312,-0.5453192950331882,1.241758241758241,-1.1120879120879117,35,32,ENABLE
1785583364.7849758,-0.5373083085374226,1.4835164835164818,-1.2615384615384606,35,32,ENABLE
1785583364.7899728,-0.52738994430457,1.7912087912087884,-1.4373626373626358,35,32,ENABLE
1785583364.7949605,-0.5186160067139696,1.7912087912087884,-1.525274725274727,35,32,ENABLE
1785583364.799977,-0.5121309224078736,1.439560439560438,-1.5076923076923094,35,32,ENABLE
1785583364.8049843,-0.5071717402914473,1.1318681318681314,-1.4901098901098884,35,32,ENABLE
1785583364.8099682,-0.5006866559853513,1.241758241758241,-1.6395604395604408,35,32,ENABLE
1785583364.814964,-0.4915312428473335,1.6153846153846132,-1.8241758241758248,35,32,ENABLE
1785583364.8200295,-0.4835202563515679,1.637362637362635,-1.9032967032967036,35,32,ENABLE
1785583364.8250222,-0.47665369649805456,1.439560439560438,-1.9472527472527474,35,32,ENABLE
1785583364.8299887,-0.47207598992904565,1.1098901098901095,-1.8945054945054949,35,32,ENABLE
1785583364.8349698,-0.4690241855497064,0.780219780219781,-1.850549450549451,35,32,ENABLE
1785583364.8400068,-0.4667353322652019,0.560439560439562,-1.7978021978021985,35,32,ENABLE
1785583364.8452125,-0.46368352788586265,0.560439560439562,-1.7538461538461547,35,32,ENABLE
1785583364.8502374,-0.4625391012436104,0.3186813186813211,-1.6747252747252759,35,32,ENABLE
1785583364.855006,-0.4629205767910278,0.0769230769230802,-1.5692307692307708,35,32,ENABLE
1785583364.8599718,-0.46330205233844524,-0.0549450549450583,-1.4989010989010971,35,32,ENABLE
1785583364.8650103,-0.46368352788586265,-0.0549450549450583,-1.4725274725274708,35,32,ENABLE
1785583364.8699663,-0.46406500343328005,-0.0989010989011021,-1.4021978021978008,35,32,ENABLE
1785583364.8749652,-0.4659723811703671,-0.2967032967032992,-1.3142857142857132,35,32,ENABLE
1785583364.8799646,-0.46787975890745415,-0.3846153846153868,-1.2527472527472518,35,32,ENABLE
1785583364.8849714,-0.4701686121919586,-0.4725274725274744,-1.173626373626373,35,32,ENABLE
1785583364.890017,-0.47283894102388047,-0.4725274725274744,-1.1296703296703292,35,32,ENABLE
1785583364.8951893,-0.47550926985580233,-0.5164835164835182,-1.0769230769230766,35,32,ENABLE
1785583364.9001899,-0.4774166475928894,-0.4725274725274744,-1.0329670329670328,35,32,ENABLE
1785583364.9049737,-0.48008697642481124,-0.5384615384615401,-0.9714285714285715,35,32,ENABLE
1785583364.9099724,-0.4831387808041505,-0.6043956043956058,-0.918681318681319,35,32,ENABLE
1785583364.9149673,-0.4858091096360724,-0.560439560439562,-0.8835164835164839,35,32,ENABLE
1785583364.919969,-0.48886091401541165,-0.560439560439562,-0.8395604395604401,35,32,ENABLE
1785583364.9251847,-0.4919127183947509,-0.6043956043956058,-0.7780219780219788,35,32,ENABLE
1785583364.9301753,-0.4949645227740902,-0.5824175824175839,-0.7428571428571438,35,32,ENABLE
1785583364.9350288,-0.49763485160601206,-0.6043956043956058,-0.6989010989011,35,32,ENABLE
1785583364.9399765,-0.5006866559853513,-0.6043956043956058,-0.6725274725274737,35,32,ENABLE
1785583364.9449644,-0.5029755092698558,-0.5384615384615401,-0.6637362637362649,35,32,ENABLE
1785583364.950018,-0.5052643625543602,-0.4945054945054963,-0.6461538461538474,35,32,ENABLE
1785583364.9549663,-0.5075532158388647,-0.4505494505494525,-0.6285714285714299,35,32,ENABLE
1785583364.9599643,-0.5090791180285343,-0.3846153846153868,-0.6373626373626387,35,32,ENABLE
1785583364.9651277,-0.5102235446707866,-0.2747252747252773,-0.6637362637362649,35,32,ENABLE
1785583364.9701407,-0.5113679713130388,-0.2527472527472554,-0.6549450549450562,35,32,ENABLE
1785583364.9750288,-0.512512397955291,-0.2307692307692335,-0.6813186813186825,35,32,ENABLE
1785583364.9799654,-0.5128938735027084,-0.120879120879124,-0.7164835164835175,35,32,ENABLE
1785583364.9849622,-0.5128938735027084,-0.0329670329670364,-0.7428571428571438,35,32,ENABLE
1785583364.9899633,-0.5128938735027084,-0.010989010989014503,-0.7604395604395613,35,32,ENABLE
1785583364.995135,-0.5128938735027084,-0.0329670329670364,-0.76923076923077,35,32,ENABLE
1785583365.0002046,-0.5128938735027084,-0.010989010989014503,-0.7780219780219788,35,32,ENABLE
1785583365.005008,-0.512512397955291,0.010989010989014503,-0.7780219780219788,35,32,ENABLE
1785583365.0099661,-0.512512397955291,-0.010989010989014503,-0.7956043956043963,35,32,ENABLE
1785583365.015043,-0.512512397955291,-0.010989010989014503,-0.8043956043956051,35,32,ENABLE
1785583365.0199716,-0.512512397955291,-0.010989010989014503,-0.7956043956043963,35,32,ENABLE
1785583365.0249653,-0.512512397955291,0.010989010989014503,-0.7956043956043963,35,32,ENABLE
1785583365.0299616,-0.512512397955291,0.010989010989014503,-0.8131868131868139,35,32,ENABLE
1785583365.0351229,-0.5121309224078736,0.0329670329670364,-0.8131868131868139,35,32,ENABLE
1785583365.0401833,-0.5117494468604562,0.0549450549450583,-0.8219780219780226,35,32,ENABLE
1785583365.045008,-0.5113679713130388,0.0329670329670364,-0.8219780219780226,35,32,ENABLE
1785583365.0500057,-0.5109864957656214,0.0769230769230802,-0.8483516483516489,35,32,ENABLE
1785583365.0549657,-0.5098420691233692,0.1648351648351678,-0.8835164835164839,35,32,ENABLE
1785583365.0599723,-0.5083161669336995,0.2307692307692335,-0.953846153846154,35,32,ENABLE
1785583365.0649664,-0.5064087891966125,0.3186813186813211,-0.918681318681319,35,32,ENABLE
1785583365.0699587,-0.504119935912108,0.4505494505494525,-0.76923076923077,35,32,ENABLE
1785583365.0749898,-0.4999237048905165,0.6923076923076934,-0.5406593406593423,35,32,ENABLE
1785583365.0800264,-0.4942015716792554,0.9780219780219781,-0.3032967032967022,35,32,ENABLE
1785583365.0851238,-0.4877164873731594,1.219780219780219,-0.03956043956043942,35,32,ENABLE
1785583365.0901835,-0.4793240253299764,1.5054945054945037,0.18021978021977958,35,32,ENABLE
1785583365.0950587,-0.4694056610971238,1.7912087912087884,0.3560439560439548,35,32,ENABLE
1785583365.0999708,-0.4571984435797667,2.2747252747252773,0.514285714285716,35,32,ENABLE
1785583365.1049666,-0.44270237277790514,2.6703296703296715,0.6989010989011,35,32,ENABLE
1785583365.1099634,-0.4274433508812088,2.9120879120879124,0.8219780219780226,35,32,ENABLE
1785583365.1151114,-0.41027695124742536,3.219780219780219,0.9274725274725277,35,32,ENABLE
1785583365.120363,-0.3904402227817201,3.5494505494505475,1.0417582417582416,35,32,ENABLE
1785583365.1251163,-0.3713664454108496,3.857142857142854,1.1208791208791204,35,32,ENABLE
1785583365.1299675,-0.3507667658503095,4.098901098901102,1.2175824175824168,35,32,ENABLE
1785583365.1349742,-0.3286411841000998,4.318681318681321,1.323076923076922,35,32,ENABLE
1785583365.140025,-0.30537117570763783,4.494505494505496,1.4021978021978008,35,32,ENABLE
1785583365.1451738,-0.28095674067292364,4.6703296703296715,1.5428571428571445,35,32,ENABLE
1785583365.150162,-0.25616083009079205,4.846153846153847,1.5780219780219795,35,32,ENABLE
1785583365.155084,-0.23136491950865867,4.934065934065934,1.7186813186813197,35,32,ENABLE
1785583365.1600318,-0.20656900892652708,4.956043956043956,1.8417582417582423,35,32,ENABLE
1785583365.1650105,-0.1821545738918129,4.912087912087912,2.0527472527472526,35,32,ENABLE
1785583365.169964,-0.15888456549935093,4.780219780219781,2.2373626373626365,35,32,ENABLE
1785583365.1749625,-0.13599603265430638,4.64835164835165,2.5186813186813204,35,32,ENABLE
1785583365.179964,-0.11387045090409664,4.472527472527474,2.7384615384615394,35,32,ENABLE
1785583365.1849673,-0.09212634470130432,4.384615384615387,3.0285714285714285,35,32,ENABLE
1785583365.1899657,-0.0707637140459294,4.340659340659343,3.2395604395604387,35,32,ENABLE
1785583365.1949599,-0.04863813229571967,4.340659340659343,3.450549450549449,35,32,ENABLE
1785583365.199959,-0.02613107499809253,4.4505494505494525,3.6351648351648365,35,32,ENABLE
1785583365.2050707,-0.002861066605630569,4.53846153846154,3.7406593406593416,35,32,ENABLE
1785583365.210176,0.02155336842908362,4.736263736263737,3.8813186813186817,35,32,ENABLE
1785583365.215221,0.046730754558632626,4.868131868131869,3.8989010989010993,35,32,ENABLE
1785583365.2199724,0.07114518959334681,5.043956043956044,3.9956043956043956,35,32,ENABLE
1785583365.225008,0.09822995345998287,5.219780219780219,4.013186813186813,35,32,ENABLE
1785583365.229968,0.12493324177920151,5.373626373626372,4.0747252747252745,35,32,ENABLE
1785583365.2349608,0.1531624322880898,5.527472527472526,4.0747252747252745,35,32,ENABLE
1785583365.239963,0.18177309834439548,5.637362637362635,4.048351648351648,35,32,ENABLE
1785583365.2450376,0.2115281910429534,5.835164835164832,4.030769230769231,35,32,ENABLE
1785583365.2500083,0.24166475928892872,5.9890109890109855,3.9692307692307693,35,32,ENABLE
1785583365.254997,0.27294575417715805,6.142857142857146,3.9340659340659343,35,32,ENABLE
1785583365.260207,0.30651560234989006,6.340659340659343,3.837362637362638,35,32,ENABLE
1785583365.2651908,0.33855954833295243,6.472527472527474,3.723076923076924,35,32,ENABLE
1785583365.2700236,0.3713664454108496,6.626373626373628,3.6351648351648365,35,32,ENABLE
1785583365.2749753,0.40569924467841645,6.802197802197803,3.503296703296705,35,32,ENABLE
1785583365.2799656,0.4407949950408181,6.912087912087912,3.3538461538461526,35,32,ENABLE
1785583365.2849689,0.47627222095063715,7.065934065934066,3.2043956043956037,35,32,ENABLE
1785583365.2901819,0.5140383001449607,7.241758241758241,3.0373626373626372,35,32,ENABLE
1785583365.2952037,0.5510414282444493,7.307692307692307,2.870329670329671,35,32,ENABLE
1785583365.3000062,0.5872816052491032,7.35164835164835,2.6681318681318693,35,32,ENABLE
1785583365.304966,0.6239032578011745,7.395604395604394,2.536263736263738,35,32,ENABLE
1785583365.3100054,0.661669336995498,7.439560439560438,2.3516483516483504,35,32,ENABLE
1785583365.31497,0.6982909895475693,7.439560439560438,2.2021978021978015,35,32,ENABLE
1785583365.319974,0.735294117647058,7.373626373626372,2.035164835164835,35,32,ENABLE
1785583365.3250308,0.771915770199131,7.307692307692307,1.9384615384615387,35,32,ENABLE
1785583365.3302124,0.8077744716563675,7.087912087912088,1.8593406593406598,35,32,ENABLE
1785583365.3352282,0.8413443198290995,6.846153846153847,1.7626373626373635,35,32,ENABLE
1785583365.339979,0.8733882658121619,6.6703296703296715,1.6923076923076934,35,32,ENABLE
1785583365.34497,0.9058136873426417,6.582417582417584,1.5868131868131883,35,32,ENABLE
1785583365.3500104,0.9382391088731215,6.4505494505494525,1.4461538461538446,35,32,ENABLE
1785583365.3549683,0.9702830548561838,6.4505494505494525,1.323076923076922,35,33,ENABLE
1785583365.3599803,1.0023270008392462,6.428571428571431,1.173626373626373,35,33,ENABLE
1785583365.3649728,1.0339894712748912,6.340659340659343,1.0329670329670328,35,33,ENABLE
1785583365.370213,1.0656519417105361,6.18681318681319,0.918681318681319,35,33,ENABLE
1785583365.3752205,1.095407034409094,6.032967032967036,0.76923076923077,35,33,ENABLE
1785583365.3800073,1.125162127107652,6.054945054945058,0.5582417582417598,35,33,ENABLE
1785583365.3849726,1.156061646448462,6.208791208791212,0.3296703296703285,35,33,ENABLE
1785583365.3899722,1.1865796902418548,6.120879120879124,0.12747252747252702,35,33,ENABLE
1785583365.395023,1.2167162584878302,6.0109890109890145,-0.00439560439560438,35,33,ENABLE
1785583365.40012,1.2457084000915533,5.791208791208788,-0.21538461538461462,35,33,ENABLE
1785583365.405204,1.2739375906004433,5.659340659340657,-0.36483516483516354,35,33,ENABLE
1785583365.4099786,1.2991149767299923,5.35164835164835,-0.4879120879120862,35,33,ENABLE
1785583365.415008,1.3227664606698717,4.8901098901098905,-0.5318681318681335,35,33,ENABLE
1785583365.4199677,1.3441290913252466,4.53846153846154,-0.6109890109890124,35,33,ENABLE
1785583365.4249825,1.3643472953383693,4.208791208791212,-0.5934065934065949,35,33,ENABLE
1785583365.4302049,1.3830395971618223,3.7912087912087884,-0.6021978021978036,35,33,ENABLE
1785583365.4352694,1.4005874723430232,3.5494505494505475,-0.6373626373626387,35,33,ENABLE
1785583365.440032,1.416227969787137,3.395604395604394,-0.6901098901098912,35,33,ENABLE
1785583365.444978,1.4318684672312507,3.197802197802197,-0.7604395604395613,35,33,ENABLE
1785583365.4500024,1.4459830624856949,2.9340659340659343,-0.7956043956043963,35,33,ENABLE
1785583365.4549673,1.4585717555504694,2.6263736263736277,-0.8307692307692314,35,33,ENABLE
1785583365.4599705,1.4700160219729916,2.4065934065934087,-0.8835164835164839,35,33,ENABLE
1785583365.4649734,1.4803158617532617,2.164835164835168,-0.9098901098901102,35,33,ENABLE
1785583365.4701812,1.489089799343862,1.857142857142854,-0.918681318681319,35,33,ENABLE
1785583365.4751499,1.4959563591973755,1.5714285714285694,-0.9010989010989015,35,33,ENABLE
1785583365.4800274,1.5009155413138018,1.219780219780219,-0.8659340659340664,35,33,ENABLE
1785583365.4849737,1.5043488212405585,0.8021978021978029,-0.8307692307692314,35,33,ENABLE
1785583365.489967,1.506637674525063,0.6043956043956058,-0.8307692307692314,35,33,ENABLE
1785583365.4949756,1.5089265278095674,0.4725274725274744,-0.8923076923076927,35,33,ENABLE
1785583365.5002234,1.510452429999237,0.3186813186813211,-0.9098901098901102,35,33,ENABLE
1785583365.5051718,1.5108339055466544,0.1648351648351678,-0.9362637362637365,35,33,ENABLE
1785583365.5099747,1.5096894789044022,-0.0989010989011021,-0.9626373626373628,35,33,ENABLE
1785583365.5149777,1.5077821011673151,-0.3186813186813211,-0.9802197802197803,35,33,ENABLE
1785583365.5199716,1.5047302967879759,-0.5164835164835182,-1.024175824175824,35,33,ENABLE
1785583365.5250106,1.5005340657663844,-0.7362637362637372,-1.0153846153846153,35,33,ENABLE
1785583365.5299778,1.4951934081025406,-0.9780219780219781,-1.0153846153846153,35,33,ENABLE
1785583365.5349703,1.4883268482490273,-1.2857142857142847,-1.0065934065934066,35,33,ENABLE
1785583365.5399706,1.4803158617532617,-1.5274725274725256,-1.0065934065934066,35,33,ENABLE
1785583365.544966,1.4715419241626613,-1.7032967032967008,-1.0065934065934066,35,33,ENABLE
1785583365.5501301,1.4604791332875564,-1.9450549450549417,-0.953846153846154,35,33,ENABLE
1785583365.5551882,1.4486533913176167,-2.2527472527472554,-0.8747252747252752,35,33,ENABLE
1785583365.5600295,1.4353017471580074,-2.582417582417584,-0.8571428571428577,35,33,ENABLE
1785583365.565025,1.4211871519035633,-2.758241758241759,-0.8219780219780226,35,33,ENABLE
1785583365.569968,1.4055466544594495,-3.021978021978022,-0.734065934065935,35,33,ENABLE
1785583365.5749671,1.3876173037308313,-3.3736263736263723,-0.6461538461538474,35,33,ENABLE
1785583365.58012,1.3681620508125434,-3.703296703296701,-0.5582417582417598,35,33,ENABLE
1785583365.5851645,1.3475623712520033,-3.9450549450549417,-0.45274725274725114,35,33,ENABLE
1785583365.5900793,1.3269626916914632,-4.120879120879124,-0.4175824175824161,35,33,ENABLE
1785583365.5949595,1.3052185854886709,-4.296703296703299,-0.347252747252746,35,33,ENABLE
1785583365.5999696,1.2830930037384611,-4.406593406593409,-0.347252747252746,35,33,ENABLE
1785583365.604969,1.260585946440834,-4.472527472527474,-0.3560439560439548,35,33,ENABLE
1785583365.610131,1.2369344625009528,-4.582417582417584,-0.33846153846153726,35,33,ENABLE
1785583365.6151843,1.212901503013656,-4.736263736263737,-0.32087912087911974,35,33,ENABLE
1785583365.6200597,1.1884870679789419,-4.912087912087912,-0.3032967032967022,35,33,ENABLE
1785583365.6249697,1.1633096818493929,-5.043956043956044,-0.2857142857142847,35,33,ENABLE
1785583365.6299691,1.1369878690775916,-5.219780219780219,-0.2593406593406584,35,33,ENABLE
1785583365.6349661,1.1087586785687034,-5.505494505494504,-0.18901098901098834,35,33,ENABLE
1785583365.6399643,1.0797665369649803,-5.703296703296701,-0.13626373626373578,35,33,ENABLE
1785583365.6449592,1.0500114442664223,-5.901098901098898,-0.0659340659340657,35,33,ENABLE
1785583365.6501262,1.0187304493781948,-6.07692307692308,-0.0219780219780219,35,33,ENABLE
1785583365.6551669,0.9874494544899672,-6.164835164835168,0.04835164835164818,35,33,ENABLE
1785583365.660089,0.9561684596017397,-6.274725274725277,0.09230769230769198,35,33,ENABLE
1785583365.6650097,0.9241245136186773,-6.406593406593409,0.13626373626373578,35,33,ENABLE
1785583365.670173,0.8897917143511105,-6.626373626373628,0.21538461538461462,35,33,ENABLE
1785583365.6751263,0.8562218661783785,-6.714285714285715,0.2593406593406584,35,33,ENABLE
1785583365.6801178,0.8234149691004813,-6.6703296703296715,0.22417582417582338,35,33,ENABLE
1785583365.6851132,0.7898451209277493,-6.64835164835165,0.23296703296703214,35,33,ENABLE
1785583365.6901252,0.7558937972075999,-6.758241758241759,0.2417582417582409,35,33,ENABLE
1785583365.6951327,0.7215609979400313,-6.802197802197803,0.20659340659340586,35,33,ENABLE
1785583365.7001202,0.6883726253147167,-6.758241758241759,0.18021978021977958,35,33,ENABLE
1785583365.7051165,0.6544213015945672,-6.824175824175825,0.17142857142857082,35,33,ENABLE
1785583365.710132,0.6189440756847482,-6.956043956043956,0.16263736263736206,35,33,ENABLE
1785583365.7151313,0.5834668497749291,-7.021978021978022,0.1538461538461533,35,33,ENABLE
1785583365.7201316,0.5483710994125275,-7.043956043956044,0.18021978021977958,35,33,ENABLE
1785583365.7251215,0.512512397955291,-7.175824175824175,0.16263736263736206,35,33,ENABLE
1785583365.7301304,0.47589074540321974,-7.219780219780219,0.13626373626373578,35,33,ENABLE
1785583365.7351656,0.4404135194934007,-7.131868131868131,0.12747252747252702,35,33,ENABLE
1785583365.7401228,0.40569924467841645,-7.087912087912088,0.07472527472527446,35,33,ENABLE
1785583365.7451239,0.3702220187685974,-7.1098901098901095,0.0219780219780219,35,33,ENABLE
1785583365.7502043,0.3336003662165261,-7.175824175824175,0.00439560439560438,35,33,ENABLE
1785583365.755213,0.29774166475928965,-7.175824175824175,-0.01318681318681314,35,33,ENABLE
1785583365.7602198,0.2618829633020532,-7.131868131868131,-0.08351648351648322,35,33,ENABLE
1785583365.765116,0.22640573739223235,-7.241758241758241,-0.09230769230769198,35,33,ENABLE
1785583365.770122,0.18902113374532625,-7.373626373626372,-0.04835164835164818,35,33,ENABLE
1785583365.7751927,0.15011062790875052,-7.593406593406591,-0.00439560439560438,35,33,ENABLE
1785583365.7801898,0.11005569542992255,-7.857142857142854,0.05714285714285694,35,33,ENABLE
1785583365.7851188,0.07000076295109459,-8.054945054945058,0.17142857142857082,35,33,ENABLE
1785583365.7901156,0.028419928282596985,-8.274725274725277,0.3296703296703285,35,33,ENABLE
1785583365.7951195,-0.014686808575570254,-8.472527472527474,0.49670329670329494,35,33,ENABLE
1785583365.8001215,-0.05779354543373749,-8.604395604395606,0.6197802197802211,35,33,ENABLE
1785583365.8051207,-0.10090028229190473,-8.64835164835165,0.76923076923077,35,33,ENABLE
1785583365.8101194,-0.14438849469748938,-8.64835164835165,0.918681318681319,35,33,ENABLE
1785583365.8151262,-0.18749523155565662,-8.626373626373628,1.0153846153846153,35,33,ENABLE
1785583365.8203228,-0.2321278706034935,-8.64835164835165,1.0593406593406591,35,33,ENABLE
1785583365.825125,-0.27332722972457546,-8.626373626373628,1.0769230769230766,35,33,ENABLE
1785583365.8301287,-0.3156710154879079,-8.53846153846154,1.1120879120879117,35,33,ENABLE
1785583365.835131,-0.3568703746089881,-8.274725274725277,1.2967032967032956,35,33,ENABLE
1785583365.840119,-0.3953994048981464,-7.945054945054942,1.5780219780219795,35,33,ENABLE
1785583365.8451293,-0.4320210574502177,-7.505494505494504,1.8681318681318686,35,33,ENABLE
1785583365.8501234,-0.4652094300755323,-6.956043956043956,2.0879120879120876,35,33,ENABLE
1785583365.855132,-0.495727473868925,-6.362637362637365,2.2461538461538453,35,32,ENABLE
1785583365.8601873,-0.5247196154726481,-5.967032967032964,2.4307692307692292,35,32,ENABLE
1785583365.865137,-0.5506599526970319,-5.505494505494504,2.5538461538461554,35,32,ENABLE
1785583365.8701532,-0.5750743877317461,-5.1098901098901095,2.6593406593406606,35,32,ENABLE
1785583365.8751283,-0.5979629205767907,-4.714285714285715,2.8000000000000007,35,32,ENABLE
1785583365.880211,-0.619707026779583,-4.4505494505494525,2.9142857142857146,35,32,ENABLE
1785583365.8851285,-0.6395437552452883,-4.142857142857146,3.046153846153846,35,32,ENABLE
1785583365.8901286,-0.6578545815213239,-3.835164835164832,3.1076923076923073,35,32,ENABLE
1785583365.8951216,-0.6734950789654377,-3.439560439560438,3.125274725274725,35,32,ENABLE
1785583365.90015,-0.6876096742198818,-2.956043956043956,3.1076923076923073,35,32,ENABLE
1785583365.905118,-0.6982909895475693,-2.4725274725274744,3.046153846153846,35,32,ENABLE
1785583365.9101927,-0.7070649271381697,-1.9890109890109855,2.9142857142857146,35,32,ENABLE
1785583365.915207,-0.7135500114442657,-1.4835164835164818,2.756043956043957,35,32,ENABLE
1785583365.9201217,-0.7166018158236049,-0.9340659340659343,2.536263736263738,35,32,ENABLE
1785583365.925119,-0.7169832913710223,-0.3846153846153868,2.290109890109889,35,32,ENABLE
1785583365.9301202,-0.7158388647287701,0.0329670329670364,2.079120879120879,35,32,ENABLE
1785583365.9351275,-0.7135500114442657,0.3186813186813211,1.9032967032967036,35,32,ENABLE
1785583365.94013,-0.710116731517509,0.560439560439562,1.6835164835164846,35,32,ENABLE
1785583365.9452155,-0.7051575494010827,0.8461538461538467,1.4901098901098884,35,32,ENABLE
1785583365.9501848,-0.6994354161898215,1.0659340659340657,1.2967032967032956,35,32,ENABLE
1785583365.9551218,-0.6925688563363082,1.2637362637362628,1.0945054945054942,35,32,ENABLE
1785583365.960133,-0.68493934538796,1.417582417582416,0.8835164835164839,35,32,ENABLE
1785583365.965181,-0.6757839322499422,1.659340659340657,0.6725274725274737,35,32,ENABLE
1785583365.9701316,-0.6662470435645069,1.8351648351648322,0.45274725274725114,35,32,ENABLE
1785583365.9751186,-0.6563286793316543,1.9670329670329636,0.27692307692307594,35,32,ENABLE
1785583365.980128,-0.6460288395513842,2.0109890109890145,0.13626373626373578,35,32,ENABLE
1785583365.9851542,-0.636491950865949,1.9230769230769198,-0.00439560439560438,35,32,ENABLE
1785583365.990133,-0.626192111085679,2.0109890109890145,-0.18901098901098834,35,32,ENABLE
1785583365.9951143,-0.6162737468528263,2.0329670329670364,-0.33846153846153726,35,32,ENABLE
1785583366.000141,-0.6059739070725563,1.9670329670329636,-0.4615384615384599,35,32,ENABLE
1785583366.005126,-0.5968184939345385,1.9230769230769198,-0.549450549450551,35,32,ENABLE
1785583366.0102193,-0.588044556343938,1.7912087912087884,-0.6461538461538474,35,32,ENABLE
1785583366.015139,-0.5788891432059202,1.8351648351648322,-0.8131868131868139,35,32,ENABLE
1785583366.0201359,-0.5678263523308154,2.120879120879124,-1.0593406593406591,35,32,ENABLE
1785583366.025124,-0.5571450370031279,2.098901098901102,-1.173626373626373,35,32,ENABLE
1785583366.0301301,-0.5468451972228578,2.0329670329670364,-1.2967032967032956,35,32,ENABLE
1785583366.0352087,-0.5369268329900052,1.9890109890109855,-1.463736263736262,35,32,ENABLE
1785583366.040121,-0.5251010910200655,2.2527472527472554,-1.7186813186813197,35,32,ENABLE
1785583366.0451226,-0.5136568245975432,2.2527472527472554,-1.8329670329670336,35,32,ENABLE
1785583366.0500774,-0.5033569848172732,2.164835164835168,-1.964835164835165,35,32,ENABLE
1785583366.0551298,-0.49343862058442056,1.9670329670329636,-2.0263736263736263,35,32,ENABLE
1785583366.0601325,-0.4858091096360724,1.681318681318679,-2.0263736263736263,35,32,ENABLE
1785583366.0651271,-0.47970550087739383,1.3736263736263723,-1.964835164835165,35,32,ENABLE
1785583366.0701222,-0.4751277943083849,1.0879120879120876,-1.9208791208791212,35,32,ENABLE
1785583366.0751834,-0.4709315632867934,0.8901098901098905,-1.8769230769230774,35,32,ENABLE
1785583366.0801232,-0.46787975890745415,0.6923076923076934,-1.7714285714285722,35,32,ENABLE
1785583366.0851438,-0.4667353322652019,0.4065934065934087,-1.6923076923076934,35,32,ENABLE
1785583366.090113,-0.4655909056229497,0.2967032967032992,-1.6219780219780233,35,32,ENABLE
1785583366.0951538,-0.4652094300755323,0.120879120879124,-1.5516483516483532,35,32,ENABLE
1785583366.1001866,-0.4652094300755323,0.0549450549450583,-1.5076923076923094,35,32,ENABLE
1785583366.1051328,-0.4652094300755323,-0.010989010989014503,-1.4461538461538446,35,32,ENABLE
1785583366.1101203,-0.4659723811703671,-0.120879120879124,-1.393406593406592,35,32,ENABLE
1785583366.1151245,-0.4663538567177845,-0.0989010989011021,-1.3758241758241745,35,32,ENABLE
1785583366.1201835,-0.46711680781261933,-0.0989010989011021,-1.358241758241757,35,32,ENABLE
1785583366.1251125,-0.4667353322652019,-0.0329670329670364,-1.3758241758241745,35,32,ENABLE
1785583366.130122,-0.46711680781261933,-0.0549450549450583,-1.358241758241757,35,32,ENABLE
1785583366.1351213,-0.46787975890745415,-0.120879120879124,-1.3406593406593394,35,32,ENABLE
1785583366.140182,-0.4690241855497064,-0.1868131868131897,-1.2967032967032956,35,32,ENABLE
1785583366.1451223,-0.470550087739376,-0.2967032967032992,-1.2527472527472518,35,32,ENABLE
1785583366.1501162,-0.47207598992904565,-0.2967032967032992,-1.2175824175824168,35,32,ENABLE
1785583366.1551206,-0.4739833676661327,-0.340659340659343,-1.1472527472527467,35,32,ENABLE
1785583366.160137,-0.47589074540321974,-0.4065934065934087,-1.1208791208791204,35,32,ENABLE
1785583366.1653938,-0.4774166475928894,-0.340659340659343,-1.0945054945054942,35,32,ENABLE
1785583366.1701202,-0.47970550087739383,-0.4505494505494525,-1.0417582417582416,35,32,ENABLE
1785583366.1751125,-0.4816128786144809,-0.4065934065934087,-1.0065934065934066,35,32,ENABLE
1785583366.1801107,-0.48428320744640274,-0.4945054945054963,-0.9626373626373628,35,32,ENABLE
1785583366.185115,-0.4861905851834898,-0.4285714285714306,-0.9362637362637365,35,32,ENABLE
1785583366.1901143,-0.48847943846799424,-0.4505494505494525,-0.9010989010989015,35,32,ENABLE
1785583366.1951227,-0.4900053406576639,-0.3846153846153868,-0.9098901098901102,35,32,ENABLE
1785583366.2001243,-0.4915312428473335,-0.340659340659343,-0.8923076923076927,35,32,ENABLE
1785583366.205188,-0.49267566948958574,-0.2307692307692335,-0.918681318681319,35,32,ENABLE
1785583366.2101269,-0.49305714503700315,-0.1648351648351678,-0.9362637362637365,35,32,ENABLE
1785583366.215119,-0.4942015716792554,-0.1868131868131897,-0.9274725274725277,35,32,ENABLE
1785583366.2201204,-0.4953459983215076,-0.2527472527472554,-0.918681318681319,35,32,ENABLE
1785583366.2251813,-0.495727473868925,-0.1428571428571459,-0.9450549450549453,35,32,ENABLE
1785583366.2301273,-0.4961089494163424,-0.0769230769230802,-0.9626373626373628,35,32,ENABLE
1785583366.2351258,-0.4961089494163424,-0.0549450549450583,-0.9802197802197803,35,32,ENABLE
1785583366.2401185,-0.4961089494163424,-0.0329670329670364,-0.9978021978021978,35,32,ENABLE
1785583366.2451334,-0.4961089494163424,-0.0329670329670364,-0.989010989010989,35,32,ENABLE
1785583366.2501235,-0.4961089494163424,-0.010989010989014503,-0.9978021978021978,35,32,ENABLE
1785583366.2551289,-0.4961089494163424,0.010989010989014503,-0.9978021978021978,35,32,ENABLE
1785583366.2601264,-0.4961089494163424,-0.010989010989014503,-0.9978021978021978,35,32,ENABLE
1785583366.2651174,-0.4961089494163424,-0.010989010989014503,-1.0065934065934066,35,32,ENABLE
1785583366.2701273,-0.4961089494163424,-0.010989010989014503,-1.0065934065934066,35,32,ENABLE
1785583366.2751217,-0.4961089494163424,-0.010989010989014503,-1.0065934065934066,35,32,ENABLE
1785583366.2801197,-0.495727473868925,0.0329670329670364,-0.9098901098901102,35,32,ENABLE
1785583366.2851233,-0.4942015716792554,0.1868131868131897,-0.6813186813186825,35,32,ENABLE
1785583366.2901864,-0.4915312428473335,0.4505494505494525,-0.4175824175824161,35,32,ENABLE
1785583366.295116,-0.4861905851834898,0.8241758241758248,-0.18021978021977958,35,32,ENABLE
1785583366.3001268,-0.4785610742351416,1.2857142857142847,0.04835164835164818,35,32,ENABLE
1785583366.3051236,-0.4690241855497064,1.7032967032967008,0.22417582417582338,35,32,ENABLE
1785583366.3101249,-0.4568169680323493,2.142857142857146,0.40879120879120734,35,32,ENABLE
1785583366.3151484,-0.44270237277790514,2.604395604395606,0.5406593406593423,35,32,ENABLE
1785583366.3201318,-0.42668039978637395,3.0,0.7164835164835175,35,32,ENABLE
1785583366.3250556,-0.4110399023422602,3.0879120879120876,0.918681318681319,35,32,ENABLE
1785583366.3299942,-0.3946364538033116,3.263736263736263,1.138461538461538,35,32,ENABLE
1785583366.3350494,-0.37670710307469335,3.483516483516482,1.3142857142857132,35,32,ENABLE
1785583366.34011,-0.3568703746089881,3.7912087912087884,1.4373626373626358,35,32,ENABLE
1785583366.345126,-0.33550774395361316,4.054945054945058,1.6043956043956058,35,32,ENABLE
1785583366.350159,-0.31376363775082083,4.2307692307692335,1.7186813186813197,35,32,ENABLE
1785583366.3551867,-0.28973067826352406,4.53846153846154,1.8241758241758248,35,32,ENABLE
1785583366.3601213,-0.2656977187762273,4.780219780219781,1.9208791208791212,35,32,ENABLE
1785583366.365129,-0.2409018081940939,4.912087912087912,2.079120879120879,35,32,ENABLE
1785583366.3701296,-0.2161058976119623,4.912087912087912,2.2373626373626365,35,32,ENABLE
1785583366.3751252,-0.19207293812466553,4.824175824175825,2.4659340659340643,35,32,ENABLE
1785583366.380131,-0.16918440527962098,4.64835164835165,2.7384615384615394,35,32,ENABLE
1785583366.3851225,-0.14744029907682865,4.472527472527474,3.0373626373626372,35,32,ENABLE
1785583366.3901267,-0.12569619287403633,4.362637362637365,3.345054945054944,35,32,ENABLE
1785583366.395128,-0.103952086671244,4.340659340659343,3.5560439560439576,35,32,ENABLE
1785583366.4001272,-0.08144502937361686,4.428571428571431,3.8197802197802204,35,32,ENABLE
1785583366.4051218,-0.05893797207598972,4.472527472527474,3.951648351648352,35,32,ENABLE
1785583366.4101071,-0.03490501258869294,4.692307692307693,4.136263736263736,35,32,ENABLE
1785583366.4151864,-0.010109102006561344,4.846153846153847,4.215384615384615,35,32,ENABLE
1785583366.4201844,0.01583123521782248,5.021978021978022,4.356043956043955,35,32,ENABLE
1785583366.4251306,0.042153047989623715,5.219780219780219,4.356043956043955,35,32,ENABLE
1785583366.4301255,0.07000076295109459,5.439560439560438,4.435164835164834,35,32,ENABLE
1785583366.4351256,0.09861142900740028,5.659340659340657,4.426373626373625,35,32,ENABLE
1785583366.4401126,0.12798504615854078,5.81318681318681,4.435164835164834,35,32,ENABLE
1785583366.4451103,0.15850308995193352,6.0109890109890145,4.452747252747251,35,32,ENABLE
1785583366.450119,0.18978408484016107,6.164835164835168,4.382417582417581,35,32,ENABLE
1785583366.4551146,0.22182803082322344,6.340659340659343,4.356043956043955,35,32,ENABLE
1785583366.4601269,0.25539787899595723,6.560439560439562,4.259340659340658,35,32,ENABLE
1785583366.4651265,0.28934920271610665,6.6703296703296715,4.153846153846153,35,32,ENABLE
1785583366.470146,0.3240634775310909,6.846153846153847,4.1098901098901095,35,32,ENABLE
1785583366.4751208,0.3591592278934925,6.956043956043956,4.021978021978022,35,32,ENABLE
1785583366.4801326,0.395017929350729,7.065934065934066,3.8549450549450555,35,33,ENABLE
1785583366.485128,0.43125810635538286,7.197802197802197,3.7142857142857153,35,33,ENABLE
1785583366.4901264,0.46864271000228896,7.395604395604394,3.5912087912087927,35,33,ENABLE
1785583366.4951255,0.5071717402914473,7.571428571428569,3.3626373626373613,35,33,ENABLE
1785583366.500181,0.5464637216754404,7.725274725274723,3.125274725274725,35,33,ENABLE
1785583366.505128,0.5853742275120162,7.7692307692307665,2.9934065934065934,35,33,ENABLE
1785583366.5101216,0.6242847333485919,7.791208791208788,2.826373626373627,35,33,ENABLE
1785583366.5153158,0.6643396658274199,7.7692307692307665,2.6241758241758255,35,33,ENABLE
1785583366.5202165,0.7021057450217434,7.725274725274723,2.4923076923076906,35,33,ENABLE
1785583366.5251582,0.7398718242160669,7.615384615384613,2.3164835164835154,35,33,ENABLE
1785583366.5301144,0.7772564278629748,7.593406593406591,2.2021978021978015,35,33,ENABLE
1785583366.5351346,0.8138780804150461,7.373626373626372,2.0967032967032964,35,33,ENABLE
1785583366.5401204,0.8489738307774477,7.153846153846153,1.9912087912087912,35,33,ENABLE
1785583366.5452144,0.8844510566872668,7.021978021978022,1.8681318681318686,35,33,ENABLE
1785583366.550125,0.9187838559548336,6.956043956043956,1.7538461538461547,35,33,ENABLE
1785583366.555131,0.9531166552224004,6.8901098901098905,1.5692307692307708,35,33,ENABLE
1785583366.560121,0.9870679789425498,6.824175824175825,1.3846153846153832,35,33,ENABLE
1785583366.5651371,1.0210193026626992,6.758241758241759,1.2263736263736256,35,33,ENABLE
1785583366.57012,1.0538261997405964,6.6703296703296715,1.0417582417582416,35,33,ENABLE
1785583366.5750859,1.0858701457236588,6.516483516483518,0.8835164835164839,35,33,ENABLE
1785583366.5801263,1.1179140917067212,6.340659340659343,0.7428571428571438,35,33,ENABLE
1785583366.5851254,1.148432135500114,6.208791208791212,0.5934065934065949,35,33,ENABLE
1785583366.590128,1.1785687037460892,6.054945054945058,0.3999999999999986,35,33,ENABLE
1785583366.5951266,1.2102311741817342,6.252747252747255,0.1098901098901095,35,33,ENABLE
1785583366.6001222,1.2438010223544662,6.582417582417584,-0.1978021978021971,35,33,ENABLE
1785583366.605205,1.2747005416952781,6.296703296703299,-0.3999999999999986,35,33,ENABLE
1785583366.6101832,1.3036926832990012,5.92307692307692,-0.6197802197802211,35,33,ENABLE
1785583366.6151261,1.3300144960708025,5.505494505494504,-0.76923076923077,35,33,ENABLE
1785583366.620114,1.354810406652934,5.175824175824175,-0.8835164835164839,35,33,ENABLE
1785583366.6251285,1.3776989394979786,4.758241758241759,-0.918681318681319,35,33,ENABLE
1785583366.630126,1.3982986190585187,4.318681318681321,-0.9626373626373628,35,33,ENABLE
1785583366.635148,1.4169909208819718,3.9450549450549417,-0.9802197802197803,35,33,ENABLE
1785583366.6401262,1.4333943694209204,3.483516483516482,-0.989010989010989,35,33,ENABLE
1785583366.645142,1.447890440222782,3.0879120879120876,-0.9714285714285715,35,33,ENABLE
1785583366.6501253,1.4608606088349738,2.758241758241759,-0.9802197802197803,35,33,ENABLE
1785583366.6551318,1.4726863508049135,2.4505494505494525,-0.9802197802197803,35,33,ENABLE
1785583366.6601353,1.4810788128480965,1.9890109890109855,-0.9274725274725277,35,33,ENABLE
1785583366.6651187,1.487182421606775,1.46153846153846,-0.8571428571428577,35,33,ENABLE
1785583366.6701844,1.4929045548180362,1.241758241758241,-0.8835164835164839,35,33,ENABLE
1785583366.6751318,1.4993896391241321,1.2637362637362628,-1.0065934065934066,35,33,ENABLE
1785583366.6801298,1.5062561989776455,1.3296703296703285,-1.1296703296703292,35,33,ENABLE
1785583366.685127,1.5115968566414892,1.1318681318681314,-1.2175824175824168,35,33,ENABLE
1785583366.6901276,1.5146486610208285,0.780219780219781,-1.2703296703296694,35,33,ENABLE
1785583366.695086,1.516937514305333,0.5384615384615401,-1.358241758241757,35,33,ENABLE
1785583366.7001162,1.5177004654001678,0.2747252747252773,-1.3846153846153832,35,33,ENABLE
1785583366.7051244,1.516937514305333,0.010989010989014503,-1.4197802197802183,35,33,ENABLE
1785583366.7101293,1.5154116121156633,-0.2087912087912116,-1.4989010989010971,35,33,ENABLE
1785583366.7151265,1.5131227588311589,-0.4065934065934087,-1.5516483516483532,35,33,ENABLE
1785583366.7201266,1.5089265278095674,-0.6923076923076934,-1.560439560439562,35,33,ENABLE
1785583366.7251265,1.5032043945983062,-1.021978021978022,-1.5692307692307708,35,33,ENABLE
1785583366.730125,1.4959563591973755,-1.3516483516483504,-1.5692307692307708,35,33,ENABLE
1785583366.7351248,1.4868009460593576,-1.659340659340657,-1.560439560439562,35,33,ENABLE
1785583366.7401104,1.4765011062790876,-1.9670329670329636,-1.560439560439562,35,33,ENABLE
1785583366.7451234,1.4650568398565653,-2.120879120879124,-1.5516483516483532,35,33,ENABLE
1785583366.7501206,1.4520866712443734,-2.4065934065934087,-1.525274725274727,35,33,ENABLE
1785583366.7551877,1.4379720759899293,-2.7142857142857153,-1.5076923076923094,35,33,ENABLE
1785583366.7601666,1.4223315785458155,-3.021978021978022,-1.4989010989010971,35,33,ENABLE
1785583366.7651427,1.405165178912032,-3.2857142857142847,-1.4461538461538446,35,33,ENABLE
1785583366.770026,1.3872358281834138,-3.5714285714285694,-1.4109890109890095,35,33,ENABLE
1785583366.7750268,1.3670176241702912,-3.857142857142854,-1.3670329670329657,35,33,ENABLE
1785583366.7799673,1.3460364690623337,-4.164835164835168,-1.2967032967032956,35,33,ENABLE
1785583366.7849672,1.3227664606698717,-4.4505494505494525,-1.2263736263736256,35,33,ENABLE
1785583366.789971,1.2975890745403227,-4.868131868131869,-1.0593406593406591,35,33,ENABLE
1785583366.7949665,1.270885786221104,-5.219780219780219,-0.9802197802197803,35,33,ENABLE
1785583366.8000078,1.2430380712596314,-5.417582417582416,-0.8835164835164839,35,33,ENABLE
1785583366.8049674,1.2144274052033257,-5.681318681318679,-0.7780219780219788,35,33,ENABLE
1785583366.8101325,1.1831464103150982,-5.945054945054942,-0.6901098901098912,35,33,ENABLE
1785583366.815128,1.1514839398794532,-6.208791208791212,-0.5582417582417598,35,33,ENABLE
1785583366.8200247,1.1194399938963908,-6.406593406593409,-0.47032967032966866,35,33,ENABLE
1785583366.824966,1.0866330968184936,-6.604395604395606,-0.38241758241758106,35,33,ENABLE
1785583366.8299649,1.0526817730983442,-6.714285714285715,-0.32087912087911974,35,33,ENABLE
1785583366.8349643,1.0183489738307774,-6.868131868131869,-0.29450549450549346,35,33,ENABLE
1785583366.84013,0.9828717479209583,-6.8901098901098905,-0.25054945054944966,35,33,ENABLE
1785583366.8451817,0.9473945220111393,-6.934065934065934,-0.22417582417582338,35,33,ENABLE
1785583366.8500514,0.912680247196155,-7.065934065934066,-0.1978021978021971,35,33,ENABLE
1785583366.8549728,0.877203021286336,-7.219780219780219,-0.17142857142857082,35,33,ENABLE
1785583366.8600054,0.8398184176394299,-7.395604395604394,-0.09230769230769198,35,33,ENABLE
1785583366.8650467,0.801670862897689,-7.46153846153846,-0.09230769230769198,35,33,ENABLE
1785583366.869968,0.7646677347982003,-7.527472527472526,-0.03956043956043942,35,33,ENABLE
1785583366.8749685,0.7265201800564576,-7.637362637362635,-0.03956043956043942,35,33,ENABLE
1785583366.879973,0.6879911497672992,-7.703296703296701,0.0219780219780219,35,33,ENABLE
1785583366.8849654,0.6494621194781409,-7.703296703296701,0.03076923076923066,35,33,ENABLE
1785583366.8899686,0.6105516136415652,-7.7692307692307665,0.00439560439560438,35,33,ENABLE
1785583366.89497,0.5716411078049894,-7.81318681318681,0.0219780219780219,35,33,ENABLE
1785583366.899966,0.5323491264209963,-7.835164835164832,0.04835164835164818,35,33,ENABLE
1785583366.904961,0.49343862058442056,-7.835164835164832,0.00439560439560438,35,33,ENABLE
1785583366.9100728,0.45376516365301,-7.81318681318681,-0.03956043956043942,35,33,ENABLE
1785583366.9151797,0.41409170672159945,-7.7692307692307665,-0.03076923076923066,35,33,ENABLE
1785583366.9200978,0.3755626764324411,-7.81318681318681,-0.07472527472527446,35,33,ENABLE
1785583366.9250033,0.3366521705958654,-7.879120879120876,-0.09230769230769198,35,33,ENABLE
1785583366.9301293,0.29621576256962,-7.967032967032964,-0.0659340659340657,35,33,ENABLE
1785583366.9351294,0.25539787899595723,-8.07692307692308,-0.00439560439560438,35,33,ENABLE
1785583366.9401197,0.21381704432745785,-8.208791208791212,0.05714285714285694,35,33,ENABLE
1785583366.945216,0.1707103074692906,-8.494505494505496,0.1538461538461533,35,33,ENABLE
1785583366.9501822,0.12645914396887115,-8.714285714285715,0.2593406593406584,35,33,ENABLE
1785583366.955182,0.08144502937361686,-8.912087912087912,0.3912087912087898,35,33,ENABLE
1785583366.960122,0.03566796368352776,-9.10989010989011,0.6197802197802211,35,33,ENABLE
1785583366.9652052,-0.01163500419623098,-9.307692307692307,0.76923076923077,35,33,ENABLE
1785583366.9701142,-0.0581750209811549,-9.417582417582416,0.9274725274725277,35,33,ENABLE
1785583366.9751291,-0.10624093995574846,-9.483516483516482,1.0945054945054942,35,33,ENABLE
1785583366.9801266,-0.1535439078355072,-9.505494505494504,1.2175824175824168,35,33,ENABLE
1785583366.9852078,-0.20084687571526594,-9.439560439560438,1.2615384615384606,35,33,ENABLE
1785583366.990119,-0.24662394140535504,-9.35164835164835,1.4021978021978008,35,33,ENABLE
1785583366.9951146,-0.29278248264286333,-9.307692307692307,1.4021978021978008,35,33,ENABLE
1785583367.000128,-0.338178072785535,-9.131868131868131,1.6131868131868146,35,33,ENABLE
1785583367.0051315,-0.38090333409628485,-8.780219780219781,1.8329670329670336,35,33,ENABLE
1785583367.0101285,-0.4213397421225302,-8.2967032967033,2.105494505494505,35,33,ENABLE
1785583367.0151217,-0.4583428702220189,-7.703296703296701,2.3868131868131854,35,33,ENABLE
1785583367.0201256,-0.4919127183947509,-7.043956043956044,2.5450549450549467,35,33,ENABLE
1785583367.0251257,-0.5220492866407263,-6.406593406593409,2.6241758241758255,35,33,ENABLE
1785583367.0301287,-0.5498970016021971,-5.835164835164832,2.7648351648351657,35,33,ENABLE
1785583367.0351183,-0.5762188143739984,-5.46153846153846,2.870329670329671,35,33,ENABLE
1785583367.0401247,-0.5998702983138777,-4.978021978021978,2.967032967032967,35,33,ENABLE
1785583367.0451179,-0.62161440451667,-4.560439560439562,3.0285714285714285,35,33,ENABLE
1785583367.0501642,-0.6422140840772101,-4.274725274725277,3.16043956043956,35,33,ENABLE
1785583367.0551817,-0.661669336995498,-4.032967032967036,3.23076923076923,35,33,ENABLE
1785583367.0601096,-0.6780727855344466,-3.5714285714285694,3.2395604395604387,35,33,ENABLE
1785583367.06512,-0.6925688563363082,-3.0659340659340657,3.2483516483516475,35,33,ENABLE
1785583367.0702112,-0.7043945983062478,-2.6483516483516496,3.186813186813186,35,33,ENABLE
1785583367.075138,-0.7139314869916831,-2.164835164835168,3.09010989010989,35,33,ENABLE
1785583367.0801728,-0.7211795223926138,-1.7032967032967008,2.9494505494505496,35,33,ENABLE
1785583367.085126,-0.7253757534142053,-1.1318681318681314,2.756043956043957,35,33,ENABLE
1785583367.0901816,-0.7272831311512924,-0.6483516483516496,2.562637362637364,35,33,ENABLE
1785583367.0951705,-0.7272831311512924,-0.1868131868131897,2.3516483516483504,35,33,ENABLE
1785583367.100118,-0.7253757534142053,0.1648351648351678,2.114285714285714,35,33,ENABLE
1785583367.105127,-0.7219424734874487,0.4945054945054963,1.8769230769230774,35,33,ENABLE
1785583367.1101332,-0.7169832913710223,0.8681318681318686,1.6395604395604408,35,33,ENABLE
1785583367.1151779,-0.7097352559700916,1.197802197802197,1.3670329670329657,35,33,ENABLE
1785583367.1201797,-0.7009613183794912,1.5714285714285694,1.0945054945054942,35,33,ENABLE
1785583367.1251268,-0.6910429541466385,1.8351648351648322,0.8483516483516489,35,33,ENABLE
1785583367.1301122,-0.6807431143663685,1.9890109890109855,0.6109890109890124,35,33,ENABLE
1785583367.1351266,-0.6696803234912636,2.142857142857146,0.3736263736263723,35,32,ENABLE
1785583367.1401176,-0.6586175326161587,2.2087912087912116,0.1978021978021971,35,32,ENABLE
1785583367.1451118,-0.6475547417410539,2.164835164835168,0.04835164835164818,35,32,ENABLE
1785583367.1502032,-0.6361104753185316,2.2527472527472554,-0.13626373626373578,35,32,ENABLE
1785583367.1551988,-0.6250476844434267,2.2527472527472554,-0.3032967032967022,35,32,ENABLE
1785583367.1601367,-0.6151293202105741,2.0549450549450583,-0.4175824175824161,35,32,ENABLE
1785583367.1652217,-0.6052109559777215,2.0109890109890145,-0.514285714285716,35,32,ENABLE
1785583367.1701264,-0.596437018387121,1.857142857142854,-0.5758241758241773,35,32,ENABLE
1785583367.1751142,-0.588044556343938,1.7472527472527446,-0.6461538461538474,35,32,ENABLE
1785583367.1801128,-0.579652094300755,1.637362637362635,-0.7164835164835175,35,32,ENABLE
1785583367.185129,-0.571259632257572,1.637362637362635,-0.8395604395604401,35,33,ENABLE
1785583367.1901262,-0.5617227435721368,1.7912087912087884,-1.024175824175824,35,33,ENABLE
1785583367.1951244,-0.5518043793392842,1.9450549450549417,-1.1560439560439555,35,33,ENABLE
1785583367.2001643,-0.5418860151064315,1.901098901098898,-1.3142857142857132,35,33,ENABLE
1785583367.205114,-0.5323491264209963,1.901098901098898,-1.4549450549450533,35,33,ENABLE
1785583367.210127,-0.5224307621881437,1.9670329670329636,-1.630769230769232,35,33,ENABLE
1785583367.2151232,-0.5121309224078736,2.0329670329670364,-1.7626373626373635,35,33,ENABLE
1785583367.220174,-0.5029755092698558,1.857142857142854,-1.8241758241758248,35,33,ENABLE
1785583367.2251134,-0.495727473868925,1.6153846153846132,-1.8329670329670336,35,33,ENABLE
1785583367.2301466,-0.48924238956282906,1.3956043956043942,-1.8417582417582423,35,33,ENABLE
1785583367.2351172,-0.48390173189898533,1.1758241758241752,-1.8241758241758248,35,33,ENABLE
1785583367.2401254,-0.4793240253299764,1.021978021978022,-1.815384615384616,35,33,ENABLE
1785583367.24518,-0.47589074540321974,0.780219780219781,-1.7274725274725284,35,33,ENABLE
1785583367.250212,-0.4732204165712979,0.5824175824175839,-1.6659340659340671,35,33,ENABLE
1785583367.25511,-0.47207598992904565,0.3626373626373649,-1.5868131868131883,35,33,ENABLE
1785583367.2601385,-0.47131303883421083,0.2087912087912116,-1.5340659340659357,35,33,ENABLE
1785583367.265217,-0.470550087739376,0.120879120879124,-1.4725274725274708,35,33,ENABLE
1785583367.2701182,-0.470550087739376,0.0329670329670364,-1.4197802197802183,35,33,ENABLE
1785583367.275111,-0.4709315632867934,-0.010989010989014503,-1.3758241758241745,35,33,ENABLE
1785583367.2801154,-0.4709315632867934,-0.010989010989014503,-1.358241758241757,35,33,ENABLE
1785583367.2851226,-0.4709315632867934,-0.0329670329670364,-1.3494505494505482,35,33,ENABLE
1785583367.2901194,-0.4709315632867934,-0.0329670329670364,-1.3406593406593394,35,33,ENABLE
1785583367.295125,-0.47131303883421083,-0.0329670329670364,-1.3318681318681307,35,33,ENABLE
1785583367.30012,-0.47169451438162824,-0.0769230769230802,-1.323076923076922,35,33,ENABLE
1785583367.3051305,-0.47169451438162824,-0.0769230769230802,-1.3142857142857132,35,33,ENABLE
1785583367.310174,-0.47207598992904565,-0.0329670329670364,-1.3142857142857132,35,33,ENABLE
1785583367.315121,-0.47207598992904565,-0.0329670329670364,-1.3054945054945044,35,33,ENABLE
1785583367.3201275,-0.47245746547646306,-0.0329670329670364,-1.2967032967032956,35,33,ENABLE
1785583367.3251245,-0.47283894102388047,-0.0989010989011021,-1.2703296703296694,35,33,ENABLE
1785583367.3301246,-0.4739833676661327,-0.1868131868131897,-1.243956043956043,35,33,ENABLE
1785583367.3351188,-0.4751277943083849,-0.1868131868131897,-1.2263736263736256,35,33,ENABLE
1785583367.3401506,-0.47589074540321974,-0.1868131868131897,-1.208791208791208,35,33,ENABLE
1785583367.3451204,-0.47665369649805456,-0.2087912087912116,-1.173626373626373,35,33,ENABLE
1785583367.3501415,-0.4785610742351416,-0.3186813186813211,-1.1120879120879117,35,33,ENABLE
1785583367.3551135,-0.48008697642481124,-0.2967032967032992,-1.1120879120879117,35,33,ENABLE
1785583367.3601146,-0.48084992751964606,-0.2087912087912116,-1.0945054945054942,35,33,ENABLE
1785583367.3651354,-0.4819943541618983,-0.2747252747252773,-1.068131868131868,35,33,ENABLE
1785583367.370122,-0.4835202563515679,-0.2527472527472554,-1.0769230769230766,35,33,ENABLE
1785583367.3752024,-0.4835202563515679,-0.120879120879124,-1.1208791208791204,35,33,ENABLE
1785583367.380108,-0.4835202563515679,-0.0549450549450583,-1.1472527472527467,35,33,ENABLE
1785583367.3851273,-0.4831387808041505,0.0329670329670364,-1.1648351648351642,35,33,ENABLE
1785583367.3901234,-0.4831387808041505,0.010989010989014503,-1.1912087912087905,35,33,ENABLE
1785583367.3951893,-0.4827573052567331,0.0329670329670364,-1.208791208791208,35,33,ENABLE
1785583367.4001055,-0.4827573052567331,0.0329670329670364,-1.1999999999999993,35,33,ENABLE
1785583367.4051282,-0.4827573052567331,0.0329670329670364,-1.1999999999999993,35,33,ENABLE
1785583367.4101224,-0.4827573052567331,-0.0329670329670364,-1.1999999999999993,35,33,ENABLE
1785583367.4151328,-0.4827573052567331,-0.0329670329670364,-1.1912087912087905,35,33,ENABLE
1785583367.4201336,-0.4823758297093157,0.010989010989014503,-1.0857142857142854,35,33,ENABLE
1785583367.4251218,-0.4816128786144809,0.0769230769230802,-0.8131868131868139,35,33,ENABLE
1785583367.4301307,-0.48008697642481124,0.2747252747252773,-0.49670329670329494,35,33,ENABLE
1785583367.4352071,-0.47589074540321974,0.6263736263736277,-0.1978021978021971,35,33,ENABLE
1785583367.4401748,-0.4694056610971238,1.0439560439560438,0.04835164835164818,35,33,ENABLE
1785583367.4451134,-0.46063172350652337,1.5054945054945037,0.3032967032967022,35,33,ENABLE
1785583367.4501789,-0.4491874570840011,1.9890109890109855,0.514285714285716,35,33,ENABLE
1785583367.4551291,-0.43545433737697437,2.53846153846154,0.6637362637362649,35,33,ENABLE
1785583367.4601178,-0.4198138399328606,2.9120879120879124,0.8395604395604401,35,33,ENABLE
1785583367.465125,-0.4026474402990772,3.241758241758241,0.989010989010989,35,33,ENABLE
1785583367.4701262,-0.3839551384756241,3.5714285714285694,1.1472527472527467,35,33,ENABLE
1785583367.4751325,-0.36335545891508403,3.9450549450549417,1.2263736263736256,35,33,ENABLE
1785583367.4801295,-0.3412298771648743,4.252747252747255,1.4021978021978008,35,33,ENABLE
1785583367.4851208,-0.31948577096208197,4.340659340659343,1.5516483516483532,35,33,ENABLE
1785583367.4901273,-0.2958342870222026,4.582417582417584,1.709890109890111,35,33,ENABLE
1785583367.495185,-0.2714198519874884,4.736263736263737,1.8857142857142861,35,33,ENABLE
1785583367.5001154,-0.24738689250018986,4.824175824175825,2.07032967032967,35,33,ENABLE
1785583367.5051162,-0.22335393301289308,4.758241758241759,2.3428571428571416,35,33,ENABLE
1785583367.510121,-0.20084687571526594,4.604395604395606,2.641758241758243,35,33,ENABLE
1785583367.5151284,-0.17910276951247361,4.406593406593409,3.002197802197802,35,33,ENABLE
1785583367.5202022,-0.1581216144045161,4.252747252747255,3.3186813186813175,35,33,ENABLE
1785583367.5251274,-0.13790341039139342,4.120879120879124,3.687912087912089,35,33,ENABLE
1785583367.530115,-0.11730373083085333,4.098901098901102,3.9604395604395606,35,33,ENABLE
1785583367.5351133,-0.09594110017547841,4.2307692307692335,4.215384615384615,35,33,ENABLE
1785583367.5401638,-0.07419699397268609,4.296703296703299,4.470329670329669,35,33,ENABLE
1785583367.545117,-0.051689936675058945,4.428571428571431,4.637362637362639,35,33,ENABLE
1785583367.550182,-0.028038452735179575,4.626373626373628,4.821978021978023,35,33,ENABLE
1785583367.5551243,-0.0036240177004653873,4.780219780219781,4.918681318681319,35,33,ENABLE
1785583367.5603015,0.022697795071335847,4.978021978021978,5.05054945054945,35,33,ENABLE
1785583367.5652072,0.04901960784313708,5.241758241758241,5.076923076923077,35,33,ENABLE
1785583367.5701213,0.07648584725719054,5.483516483516482,5.129670329670329,35,33,ENABLE
1785583367.5751305,0.10624093995574846,5.7692307692307665,5.1208791208791204,35,33,ENABLE
1785583367.5801265,0.1367589837491412,6.0109890109890145,5.05054945054945,35,33,ENABLE
1785583367.5851173,0.16956588082703838,6.318681318681321,5.032967032967033,35,33,ENABLE
1785583367.5901282,0.20275425345235298,6.582417582417584,4.9362637362637365,35,33,ENABLE
1785583367.5951188,0.23746852826733722,6.758241758241759,4.813186813186814,35,33,ENABLE
1785583367.6001174,0.27294575417715805,7.021978021978022,4.742857142857144,35,33,ENABLE
1785583367.6051638,0.30994888227664674,7.241758241758241,4.62857142857143,35,33,ENABLE
1785583367.6101136,0.34733348592355284,7.417582417582416,4.39120879120879,35,33,ENABLE
1785583367.6151233,0.3862439917601286,7.637362637362635,4.215384615384615,35,33,ENABLE
1785583367.6201193,0.42629892423895654,7.857142857142854,4.083516483516483,35,33,ENABLE
1785583367.6252058,0.46711680781261933,7.9890109890109855,3.8813186813186817,35,33,ENABLE
1785583367.630124,0.5079346913862821,8.142857142857146,3.60879120879121,35,33,ENABLE
1785583367.6351244,0.5495155260547797,8.274725274725277,3.3538461538461526,35,33,ENABLE
1785583367.6401088,0.5910963607232773,8.2967032967033,3.151648351648351,35,33,ENABLE
1785583367.645126,0.6326771953917749,8.2967032967033,2.940659340659341,35,33,ENABLE
1785583367.6502023,0.6746395056076899,8.2967032967033,2.747252747252748,35,33,ENABLE
1785583367.6551087,0.7154573891813527,8.318681318681321,2.5538461538461554,35,33,ENABLE
1785583367.6601386,0.7574196993972695,8.2967032967033,2.325274725274724,35,33,ENABLE
1785583367.6651552,0.7986190585183497,8.274725274725277,2.105494505494505,35,33,ENABLE
1785583367.670184,0.8394369420920125,8.142857142857146,1.8857142857142861,35,33,ENABLE
1785583367.675121,0.8783474479285882,7.967032967032964,1.7538461538461547,35,33,ENABLE
1785583367.6801815,0.9168764782177465,7.725274725274723,1.6571428571428584,35,33,ENABLE
1785583367.6851184,0.952735179674983,7.417582417582416,1.5340659340659357,35,33,ENABLE
1785583367.6902096,0.9885938811322195,7.131868131868131,1.428571428571427,35,33,ENABLE
1785583367.695165,1.021782253757534,6.846153846153847,1.3406593406593394,35,33,ENABLE
1785583367.7001786,1.0549706263828487,6.714285714285715,1.1999999999999993,35,33,ENABLE
1785583367.7051713,1.0881589990081633,6.604395604395606,1.0153846153846153,35,33,ENABLE
1785583367.7102144,1.120584420538643,6.53846153846154,0.8395604395604401,35,33,ENABLE
1785583367.7151752,1.1526283665217054,6.494505494505496,0.6461538461538474,35,33,ENABLE
1785583367.7201743,1.183909361409933,6.296703296703299,0.47032967032966866,35,33,ENABLE
1785583367.7251215,1.2132829785610735,6.098901098901102,0.32087912087911974,35,33,ENABLE
1785583367.730126,1.2430380712596314,5.945054945054942,0.07472527472527446,35,33,ENABLE
1785583367.7351274,1.2766079194323652,6.4505494505494525,-0.33846153846153726,35,33,ENABLE
1785583367.7401264,1.3094148165102624,6.516483516483518,-0.6637362637362649,35,33,ENABLE
1785583367.7451222,1.3384069581139855,6.07692307692308,-0.9010989010989015,35,33,ENABLE
1785583367.7501829,1.365110246433204,5.5494505494505475,-1.0417582417582416,35,33,ENABLE
1785583367.75518,1.3902876325627531,5.153846153846153,-1.2263736263736256,35,33,ENABLE
1785583367.7601764,1.413557640955215,4.846153846153847,-1.3494505494505482,35,33,ENABLE
1785583367.7651262,1.4341573205157552,4.406593406593409,-1.393406593406592,35,33,ENABLE
1785583367.7706692,1.4539940489814605,3.9450549450549417,-1.463736263736262,35,33,ENABLE
1785583367.7752945,1.4700160219729916,3.5494505494505475,-1.5076923076923094,35,33,ENABLE
1785583367.780011,1.4837491416800184,3.1098901098901095,-1.560439560439562,35,33,ENABLE
1785583367.7850623,1.4963378347447929,2.6923076923076934,-1.5692307692307708,35,33,ENABLE
1785583367.7902315,1.5074006256198977,2.296703296703299,-1.595604395604397,35,33,ENABLE
1785583367.7952628,1.516937514305333,1.9890109890109855,-1.6571428571428584,35,33,ENABLE
1785583367.800407,1.5245670252536812,1.681318681318679,-1.6835164835164846,35,33,ENABLE
1785583367.8052568,1.5299076829175249,1.3296703296703285,-1.709890109890111,35,33,ENABLE
1785583367.8098617,1.533722438391699,0.9560439560439562,-1.7362637362637372,35,33,ENABLE
1785583367.814866,1.5348668650339512,0.4725274725274744,-1.6659340659340671,35,33,ENABLE
1785583367.8202262,1.5344853894865338,0.0989010989011021,-1.709890109890111,35,33,ENABLE
1785583367.8252192,1.5348668650339512,0.0769230769230802,-1.8417582417582423,35,33,ENABLE
1785583367.8302023,1.5348668650339512,0.010989010989014503,-1.9472527472527474,35,33,ENABLE
1785583367.83518,1.5325780117494467,-0.2967032967032992,-1.9736263736263737,35,33,ENABLE
1785583367.8400402,1.5283817807278552,-0.6703296703296715,-2.043956043956044,35,33,ENABLE
1785583367.8449914,1.5230411230640115,-0.9120879120879124,-2.0967032967032964,35,33,ENABLE
1785583367.8502145,1.5161745632104981,-1.241758241758241,-2.114285714285714,35,33,ENABLE
1785583367.8552136,1.5074006256198977,-1.5934065934065913,-2.105494505494505,35,33,ENABLE
1785583367.860254,1.4967193102922103,-1.901098901098898,-2.105494505494505,35,33,ENABLE
1785583367.8652205,1.4845120927748532,-2.2747252747252773,-2.114285714285714,35,33,ENABLE
1785583367.8700416,1.4715419241626613,-2.604395604395606,-2.0967032967032964,35,33,ENABLE
1785583367.875052,1.45551995117113,-2.956043956043956,-2.0263736263736263,35,33,ENABLE
1785583367.880391,1.4364461738002596,-3.3736263736263723,-1.964835164835165,35,33,ENABLE
1785583367.8850834,1.4185168230716414,-3.681318681318679,-1.9384615384615387,35,33,ENABLE
1785583367.8900425,1.3986800946059361,-3.92307692307692,-1.8769230769230774,35,33,ENABLE
1785583367.8950324,1.3769359884031438,-4.2307692307692335,-1.8593406593406598,35,33,ENABLE
1785583367.9000351,1.3532845044632644,-4.560439560439562,-1.780219780219781,35,33,ENABLE
1785583367.9050455,1.3284885938811328,-4.846153846153847,-1.7538461538461547,35,33,ENABLE
1785583367.9102376,1.3010223544670794,-5.1098901098901095,-1.6747252747252759,35,33,ENABLE
1785583367.9150293,1.2747005416952781,-5.417582417582416,-1.595604395604397,35,33,ENABLE
1785583367.9200037,1.2457084000915533,-5.725274725274723,-1.4901098901098884,35,33,ENABLE
1785583367.925032,1.2144274052033257,-6.032967032967036,-1.4109890109890095,35,33,ENABLE
1785583367.9300387,1.1823834592202633,-6.318681318681321,-1.3142857142857132,35,33,ENABLE
1785583367.935036,1.148432135500114,-6.604395604395606,-1.173626373626373,35,33,ENABLE
1785583367.9402165,1.1118104829480426,-6.934065934065934,-1.0593406593406591,35,33,ENABLE
1785583367.9453104,1.074807354848554,-7.219780219780219,-0.9450549450549453,35,33,ENABLE
1785583367.9501212,1.0385671778439,-7.395604395604394,-0.7956043956043963,35,33,ENABLE
1785583367.955044,1.0000381475547417,-7.659340659340657,-0.7252747252747263,35,33,ENABLE
1785583367.9600084,0.961127641718166,-7.81318681318681,-0.6197802197802211,35,33,ENABLE
1785583367.9650593,0.921072709239338,-7.945054945054942,-0.514285714285716,35,33,ENABLE
1785583367.9700115,0.8806363012130927,-8.054945054945058,-0.45274725274725114,35,33,ENABLE
1785583367.9750323,0.8390554665445951,-8.18681318681319,-0.3999999999999986,35,33,ENABLE
1785583367.9800074,0.7978561074235149,-8.2967032967033,-0.36483516483516354,35,33,ENABLE
1785583367.9850419,0.7555123216601825,-8.384615384615387,-0.3032967032967022,35,33,ENABLE
1785583367.9900413,0.7131685358968483,-8.42857142857143,-0.25054945054944966,35,33,ENABLE
1785583367.9950132,0.6715877012283507,-8.450549450549453,-0.20659340659340586,35,33,ENABLE
1785583368.000002,0.6292439154650182,-8.42857142857143,-0.18021978021977958,35,33,ENABLE
1785583368.0050123,0.5869001297016858,-8.494505494505496,-0.1538461538461533,35,33,ENABLE
1785583368.010041,0.5426489662012663,-8.670329670329672,-0.1538461538461533,35,33,ENABLE
1785583368.015032,0.4991607537956817,-8.714285714285715,-0.1538461538461533,35,33,ENABLE
1785583368.020008,0.45567254139009705,-8.714285714285715,-0.10109890109890074,35,33,ENABLE
1785583368.025003,0.411802853437095,-8.780219780219781,-0.0659340659340657,35,33,ENABLE
1785583368.0300026,0.36755168993667553,-8.824175824175825,-0.07472527472527446,35,33,ENABLE
1785583368.0350115,0.32330052643625606,-8.868131868131869,-0.03076923076923066,35,33,ENABLE
1785583368.0400379,0.27790493629358437,-8.956043956043956,0.03076923076923066,35,33,ENABLE
1785583368.0450048,0.2325093461509109,-9.10989010989011,0.10109890109890074,35,33,ENABLE
1785583368.0500493,0.18406195162889993,-9.395604395604394,0.2593406593406584,35,33,ENABLE
1785583368.055032,0.13523308155947156,-9.7032967032967,0.4615384615384599,35,33,ENABLE
1785583368.060014,0.08525978484779095,-9.945054945054942,0.6901098901098912,35,33,ENABLE
1785583368.0650032,0.03414206149385812,-10.142857142857146,0.918681318681319,35,33,ENABLE
1785583368.0700061,-0.018120088502326936,-10.362637362637365,1.1208791208791204,35,33,ENABLE
1785583368.0750427,-0.07114518959334681,-10.472527472527474,1.3406593406593394,35,33,ENABLE
1785583368.0800312,-0.12378881513694928,-10.494505494505496,1.5076923076923094,35,33,ENABLE
1785583368.0850089,-0.1745250629434647,-10.384615384615387,1.6043956043956058,35,33,ENABLE
1785583368.0900013,-0.22564278629739754,-10.274725274725277,1.6923076923076934,35,33,ENABLE
1785583368.0950425,-0.27637903410391473,-10.07692307692308,1.745054945054946,35,33,ENABLE
1785583368.100004,-0.3248264286259257,-9.92307692307692,1.8417582417582423,35,33,ENABLE
1785583368.1050072,-0.3709849698634322,-9.505494505494504,2.175824175824175,35,33,ENABLE
1785583368.110007,-0.4152361333638517,-9.065934065934066,2.4307692307692292,35,33,ENABLE
1785583368.1149995,-0.45643549248493187,-8.516483516483518,2.7032967032967044,35,33,ENABLE
1785583368.1200023,-0.4945830472266728,-7.857142857142854,2.931868131868132,35,33,ENABLE
1785583368.1250055,-0.5289158464942396,-7.241758241758241,3.1076923076923073,35,33,ENABLE
1785583368.1300066,-0.560959792477302,-6.6703296703296715,3.3010989010989,35,33,ENABLE
1785583368.1350055,-0.5907148851758599,-6.164835164835168,3.450549450549449,35,33,ENABLE
1785583368.1400006,-0.617799649042496,-5.703296703296701,3.5648351648351664,35,33,ENABLE
1785583368.1449993,-0.6433585107194624,-5.307692307692307,3.696703296703298,35,33,ENABLE
1785583368.1500037,-0.6670099946593417,-4.956043956043956,3.802197802197803,35,33,ENABLE
1785583368.1550057,-0.6883726253147167,-4.494505494505496,3.8813186813186817,35,33,ENABLE
1785583368.1600335,-0.7074464026855871,-4.0109890109890145,3.916483516483517,35,33,ENABLE
1785583368.165039,-0.7234683756771183,-3.46153846153846,3.837362637362638,35,33,ENABLE
1785583368.170035,-0.7360570687418928,-2.824175824175825,3.7494505494505503,35,33,ENABLE
1785583368.1750443,-0.745593957427328,-2.2307692307692335,3.617582417582419,35,33,ENABLE
1785583368.180001,-0.7524605172808432,-1.681318681318679,3.3978021978021964,35,33,ENABLE
1785583368.1850042,-0.7562752727550173,-1.0,3.1340659340659336,35,33,ENABLE
1785583368.1900103,-0.7570382238498521,-0.4505494505494525,2.861538461538462,35,33,ENABLE
1785583368.194999,-0.7555123216601825,0.0329670329670364,2.6241758241758255,35,33,ENABLE
1785583368.2000003,-0.7520790417334258,0.4725274725274744,2.3516483516483504,35,33,ENABLE
1785583368.2050383,-0.7467383840695803,0.8241758241758248,2.0879120879120876,35,33,ENABLE
1785583368.2100067,-0.7398718242160669,1.1758241758241752,1.815384615384616,35,33,ENABLE
1785583368.2150009,-0.7318608377203013,1.4835164835164818,1.5340659340659357,35,33,ENABLE
1785583368.219997,-0.7223239490348661,1.7912087912087884,1.2263736263736256,35,33,ENABLE
1785583368.2250044,-0.7108796826123438,2.120879120879124,0.9274725274725277,35,33,ENABLE
1785583368.2299957,-0.6986724650949867,2.340659340659343,0.6725274725274737,35,33,ENABLE
1785583368.2349987,-0.6857022964827948,2.4945054945054963,0.4439560439560424,35,33,ENABLE
1785583368.2400386,-0.6727321278706029,2.4945054945054963,0.21538461538461462,35,33,ENABLE
1785583368.2450047,-0.6601434348058284,2.53846153846154,0.01318681318681314,35,33,ENABLE
1785583368.2500052,-0.6460288395513842,2.6923076923076934,-0.1978021978021971,35,33,ENABLE
1785583368.2549973,-0.6326771953917749,2.6923076923076934,-0.38241758241758106,35,33,ENABLE
1785583368.260029,-0.6200885023270004,2.560439560439562,-0.5670329670329686,35,33,ENABLE
1785583368.2649992,-0.6059739070725563,2.736263736263737,-0.8923076923076927,35,33,ENABLE
1785583368.2700498,-0.5903334096284425,2.956043956043956,-1.1208791208791204,35,33,ENABLE
1785583368.2750342,-0.5762188143739984,2.8681318681318686,-1.2791208791208781,35,33,ENABLE
1785583368.2800097,-0.5651560234988935,2.4285714285714306,-1.2791208791208781,35,33,ENABLE
1785583368.285003,-0.5571450370031279,1.857142857142854,-1.1999999999999993,35,33,ENABLE
1785583368.2900312,-0.5506599526970319,1.4835164835164818,-1.1472527472527467,35,33,ENABLE
1785583368.2950034,-0.5434119172961012,1.4835164835164818,-1.2351648351648343,35,33,ENABLE
1785583368.3000112,-0.5342565041580833,1.7252747252747227,-1.3758241758241745,35,33,ENABLE
1785583368.3050377,-0.5251010910200655,1.7252747252747227,-1.4461538461538446,35,33,ENABLE
1785583368.310018,-0.5178530556191348,1.5714285714285694,-1.5076923076923094,35,33,ENABLE
1785583368.31503,-0.5109864957656214,1.417582417582416,-1.5780219780219795,35,33,ENABLE
1785583368.3200016,-0.5029755092698558,1.5054945054945037,-1.6835164835164846,35,33,ENABLE
1785583368.32504,-0.495727473868925,1.4835164835164818,-1.7274725274725284,35,33,ENABLE
1785583368.330027,-0.48924238956282906,1.3516483516483504,-1.7714285714285722,35,33,ENABLE
1785583368.335009,-0.48390173189898533,1.1758241758241752,-1.7714285714285722,35,33,ENABLE
1785583368.3400261,-0.4793240253299764,0.9560439560439562,-1.7714285714285722,35,33,ENABLE
1785583368.3449943,-0.47550926985580233,0.8241758241758248,-1.7538461538461547,35,33,ENABLE
1785583368.3500059,-0.47169451438162824,0.780219780219781,-1.7538461538461547,35,33,ENABLE
1785583368.3550038,-0.4690241855497064,0.6483516483516496,-1.7186813186813197,35,33,ENABLE
1785583368.3600276,-0.46749828336003674,0.3846153846153868,-1.6483516483516496,35,33,ENABLE
1785583368.3649933,-0.4667353322652019,0.2307692307692335,-1.5868131868131883,35,33,ENABLE
1785583368.370037,-0.4663538567177845,0.0989010989011021,-1.5076923076923094,35,33,ENABLE
1785583368.3750257,-0.4663538567177845,0.0549450549450583,-1.463736263736262,35,33,ENABLE
1785583368.3799994,-0.4667353322652019,-0.0329670329670364,-1.4373626373626358,35,33,ENABLE
1785583368.3849983,-0.4667353322652019,-0.0329670329670364,-1.4109890109890095,35,33,ENABLE
1785583368.3900545,-0.46711680781261933,-0.0549450549450583,-1.3846153846153832,35,33,ENABLE
1785583368.3950262,-0.46711680781261933,-0.0549450549450583,-1.3846153846153832,35,33,ENABLE
1785583368.400002,-0.46711680781261933,-0.010989010989014503,-1.3846153846153832,35,33,ENABLE
1785583368.405007,-0.46711680781261933,-0.010989010989014503,-1.393406593406592,35,33,ENABLE
1785583368.410067,-0.46711680781261933,-0.010989010989014503,-1.4021978021978008,35,33,ENABLE
1785583368.4150321,-0.46711680781261933,-0.010989010989014503,-1.4021978021978008,35,33,ENABLE
1785583368.420032,-0.46711680781261933,-0.010989010989014503,-1.4021978021978008,35,33,ENABLE
1785583368.4250076,-0.46711680781261933,-0.010989010989014503,-1.4109890109890095,35,33,ENABLE
1785583368.4300086,-0.46711680781261933,0.010989010989014503,-1.4021978021978008,35,33,ENABLE
1785583368.4349961,-0.46749828336003674,-0.0329670329670364,-1.3846153846153832,35,33,ENABLE
1785583368.4400032,-0.46749828336003674,-0.010989010989014503,-1.3846153846153832,35,33,ENABLE
1785583368.4450088,-0.46749828336003674,-0.0329670329670364,-1.393406593406592,35,33,ENABLE
1785583368.4500103,-0.46749828336003674,-0.010989010989014503,-1.3846153846153832,35,33,ENABLE
1785583368.4550285,-0.46749828336003674,-0.010989010989014503,-1.3846153846153832,35,33,ENABLE
1785583368.460046,-0.46749828336003674,-0.010989010989014503,-1.393406593406592,35,33,ENABLE
1785583368.4650004,-0.46749828336003674,0.010989010989014503,-1.3846153846153832,35,33,ENABLE
1785583368.4700086,-0.46749828336003674,-0.010989010989014503,-1.393406593406592,35,33,ENABLE
1785583368.4752455,-0.46711680781261933,0.0329670329670364,-1.4109890109890095,35,33,ENABLE
1785583368.48022,-0.4667353322652019,0.0549450549450583,-1.4109890109890095,35,33,ENABLE
1785583368.4850016,-0.4663538567177845,0.0329670329670364,-1.4197802197802183,35,33,ENABLE
1785583368.490007,-0.4663538567177845,0.0329670329670364,-1.4373626373626358,35,33,ENABLE
1785583368.494997,-0.4659723811703671,0.0329670329670364,-1.4461538461538446,35,33,ENABLE
1785583368.5000055,-0.4652094300755323,0.0989010989011021,-1.3054945054945044,35,33,ENABLE
1785583368.5049987,-0.46368352788586265,0.2527472527472554,-1.0329670329670328,35,33,ENABLE
1785583368.509994,-0.45986877241168855,0.5824175824175839,-0.7164835164835175,35,33,ENABLE
1785583368.5149994,-0.45490959029526223,0.8681318681318686,-0.38241758241758106,35,33,ENABLE
1785583368.52004,-0.4484245059891663,1.1318681318681314,-0.03956043956043942,35,33,ENABLE
1785583368.5250175,-0.4404135194934007,1.3956043956043942,0.27692307692307594,35,33,ENABLE
1785583368.5300312,-0.43011367971313064,1.857142857142854,0.549450549450551,35,33,ENABLE
1785583368.5349998,-0.4167620355535213,2.384615384615387,0.7516483516483525,35,33,ENABLE
1785583368.5400472,-0.40226596475165977,2.6923076923076934,1.0329670329670328,35,33,ENABLE
1785583368.5450053,-0.386625467307546,3.0,1.2703296703296694,35,33,ENABLE
1785583368.5500288,-0.36831464103151035,3.46153846153846,1.3670329670329657,35,33,ENABLE
1785583368.5550067,-0.34695201037613543,4.0109890109890145,1.4461538461538446,35,33,ENABLE
1785583368.5600355,-0.32291905088883865,4.494505494505496,1.525274725274727,35,33,ENABLE
1785583368.5649984,-0.29774166475928965,4.8901098901098905,1.6043956043956058,35,33,ENABLE
1785583368.5700052,-0.271038376440071,5.175824175824175,1.6923076923076934,35,33,ENABLE
1785583368.5749996,-0.24395361257343318,5.35164835164835,1.8065934065934073,35,33,ENABLE
1785583368.5800092,-0.21725032425421453,5.3296703296703285,2.043956043956044,35,33,ENABLE
1785583368.5852232,-0.19169146257724812,5.043956043956044,2.3868131868131854,35,33,ENABLE
1785583368.5902178,-0.16956588082703838,4.626373626373628,2.8087912087912095,35,33,ENABLE
1785583368.5950103,-0.15011062790875052,4.2307692307692335,3.2571428571428562,35,33,ENABLE
1785583368.6000347,-0.13027389944304524,4.032967032967036,3.7054945054945065,35,33,ENABLE
1785583368.6050005,-0.11120012207217478,3.92307692307692,4.0747252747252745,35,33,ENABLE
1785583368.6100287,-0.0913633936064695,3.901098901098898,4.479120879120877,35,33,ENABLE
1785583368.6150012,-0.07114518959334681,4.0109890109890145,4.7516483516483525,35,33,ENABLE
1785583368.620033,-0.0497825589379719,4.164835164835168,4.997802197802198,35,33,ENABLE
1785583368.6250017,-0.027656977187762166,4.362637362637365,5.217582417582417,35,33,ENABLE
1785583368.6300251,-0.0036240177004653873,4.582417582417584,5.323076923076922,35,33,ENABLE
1785583368.634999,0.0207904173342488,4.802197802197803,5.490109890109888,35,33,ENABLE
1785583368.6400027,0.046349279011215216,5.043956043956044,5.5428571428571445,35,33,ENABLE
1785583368.6450038,0.07343404287785127,5.285714285714285,5.665934065934067,35,33,ENABLE
1785583368.6500278,0.10204470893415696,5.527472527472526,5.674725274725276,35,33,ENABLE
1785583368.6550007,0.13179980163271487,5.835164835164832,5.639560439560441,35,33,ENABLE
1785583368.6600301,0.16384374761577725,6.164835164835168,5.630769230769232,35,33,ENABLE
1785583368.665035,0.19665064469367444,6.4505494505494525,5.498901098901097,35,33,ENABLE
1785583368.6700106,0.23060196841382385,6.692307692307693,5.419780219780218,35,33,ENABLE
1785583368.6750073,0.2660791943236447,6.978021978021978,5.384615384615383,35,33,ENABLE
1785583368.6800103,0.30270084687571597,7.219780219780219,5.182417582417582,35,33,ENABLE
1785583368.6851804,0.3412298771648743,7.395604395604394,5.024175824175824,35,33,ENABLE
1785583368.690227,0.38090333409628485,7.659340659340657,4.786813186813188,35,33,ENABLE
1785583368.695053,0.4198138399328606,7.879120879120876,4.62857142857143,35,33,ENABLE
1785583368.700001,0.46025024795910596,8.07692307692308,4.435164835164834,35,33,ENABLE
1785583368.705027,0.5029755092698558,8.340659340659343,4.171428571428571,35,33,ENABLE
1785583368.7100093,0.546082246128023,8.53846153846154,3.8549450549450555,35,33,ENABLE
1785583368.7150252,0.5899519340810251,8.626373626373628,3.547252747252749,35,33,ENABLE
1785583368.7200017,0.6334401464866097,8.714285714285715,3.309890109890109,35,33,ENABLE
1785583368.725002,0.6773098344396118,8.736263736263737,3.116483516483516,35,33,ENABLE
1785583368.730012,0.7207980468451964,8.714285714285715,2.8351648351648358,35,33,ENABLE
1785583368.7349973,0.7642862592507829,8.714285714285715,2.5538461538461554,35,33,ENABLE
1785583368.7400017,0.8077744716563675,8.670329670329672,2.3164835164835154,35,33,ENABLE
1785583368.7449958,0.8504997329671173,8.582417582417584,2.079120879120879,35,33,ENABLE
1785583368.7500212,0.8924620431830323,8.450549450549453,1.8681318681318686,35,33,ENABLE
1785583368.7550044,0.9332799267566951,8.208791208791212,1.6835164835164846,35,33,ENABLE
1785583368.7599988,0.9721904325932709,7.92307692307692,1.5076923076923094,35,33,ENABLE
1785583368.765,1.0088120851453422,7.5494505494505475,1.4021978021978008,35,33,ENABLE
1785583368.770025,1.0439078355077438,7.175824175824175,1.2967032967032956,35,33,ENABLE
1785583368.775031,1.0778591592278932,6.824175824175825,1.1912087912087905,35,33,ENABLE
1785583368.7800076,1.110284580758373,6.626373626373628,1.0593406593406591,35,33,ENABLE
1785583368.7849987,1.1427100022888528,6.494505494505496,0.8659340659340664,35,33,ENABLE
1785583368.7899978,1.1747539482719151,6.428571428571431,0.6637362637362649,35,33,ENABLE
1785583368.7950041,1.207179369802395,6.4505494505494525,0.38241758241758106,35,33,ENABLE
1785583368.8000014,1.2422751201647966,6.846153846153847,-0.04835164835164818,35,33,ENABLE
1785583368.8050046,1.2796597238117045,7.241758241758241,-0.5582417582417598,35,33,ENABLE
1785583368.8099968,1.3136110475318539,6.934065934065934,-0.8659340659340664,35,33,ENABLE
1785583368.8150387,1.344510566872664,6.384615384615387,-1.1296703296703292,35,33,ENABLE
1785583368.819998,1.3719768062867175,5.835164835164832,-1.3142857142857132,35,33,ENABLE
1785583368.824994,1.3986800946059361,5.483516483516482,-1.4813186813186796,35,33,ENABLE
1785583368.8300009,1.4230945296406503,5.065934065934066,-1.595604395604397,35,33,ENABLE
1785583368.8350043,1.44522011139086,4.626373626373628,-1.745054945054946,35,33,ENABLE
1785583368.840007,1.4650568398565653,4.164835164835168,-1.7978021978021985,35,33,ENABLE
1785583368.8449988,1.4818417639429313,3.637362637362635,-1.8417582417582423,35,33,ENABLE
1785583368.850007,1.4967193102922103,3.175824175824175,-1.8945054945054949,35,33,ENABLE
1785583368.855156,1.5100709544518196,2.802197802197803,-1.964835164835165,35,33,ENABLE
1785583368.8602142,1.5218966964217593,2.4725274725274744,-2.043956043956044,35,33,ENABLE
1785583368.8650544,1.531052109559777,2.07692307692308,-2.114285714285714,35,33,ENABLE
1785583368.8700104,1.5386816205081253,1.681318681318679,-2.184615384615384,35,33,ENABLE
1785583368.8750308,1.544022278171969,1.2857142857142847,-2.2285714285714278,35,33,ENABLE
1785583368.8800077,1.5470740825513083,0.8021978021978029,-2.219780219780219,35,33,ENABLE
1785583368.8850043,1.5466926070038909,0.1868131868131897,-2.14065934065934,35,33,ENABLE
1785583368.8900092,1.5447852292668038,-0.2087912087912116,-2.175824175824175,35,33,ENABLE
1785583368.895005,1.544022278171969,-0.1648351648351678,-2.4043956043956047,35,33,ENABLE
1785583368.900032,1.5436408026245516,-0.0769230769230802,-2.571428571428571,35,33,ENABLE
1785583368.905004,1.5409704737926297,-0.4505494505494525,-2.606593406593406,35,33,ENABLE
1785583368.9099996,1.5352483405813686,-0.8901098901098905,-2.7120879120879113,35,33,ENABLE
1785583368.9149961,1.5287632562752727,-1.1538461538461533,-2.8087912087912095,35,33,ENABLE
1785583368.9200017,1.5203707942320897,-1.5274725274725256,-2.8175824175824182,35,33,ENABLE
1785583368.925005,1.5093080033569848,-2.0109890109890145,-2.7648351648351657,35,33,ENABLE
1785583368.9299998,1.4959563591973755,-2.4505494505494525,-2.756043956043957,35,33,ENABLE
1785583368.9350073,1.481460288395514,-2.780219780219781,-2.782417582417583,35,33,ENABLE
1785583368.940026,1.464675364309148,-3.1538461538461533,-2.7384615384615376,35,33,ENABLE
1785583368.9449937,1.4456015869382774,-3.615384615384613,-2.6417582417582413,35,33,ENABLE
1785583368.9500067,1.4242389562829025,-4.07692307692308,-2.5890109890109887,35,33,ENABLE
1785583368.9551935,1.3998245212481883,-4.472527472527474,-2.474725274725275,35,33,ENABLE
1785583368.9600077,1.3757915617608916,-4.846153846153847,-2.4131868131868135,35,33,ENABLE
1785583368.9650142,1.3494697489890903,-5.175824175824175,-2.3076923076923084,35,33,ENABLE
1785583368.9700043,1.321240558480202,-5.483516483516482,-2.254945054945056,35,33,ENABLE
1785583368.9750032,1.2914854657816441,-5.81318681318681,-2.149450549450549,35,33,ENABLE
1785583368.9799984,1.2602044708934166,-6.098901098901102,-2.105494505494505,35,33,ENABLE
1785583368.9851801,1.2266346227206828,-6.384615384615387,-2.0175824175824175,35,33,ENABLE
1785583368.9902139,1.192301823453116,-6.64835164835165,-1.9120879120879124,35,33,ENABLE
1785583368.995134,1.156824597543297,-7.0,-1.8065934065934073,35,33,ENABLE
1785583368.9999986,1.120584420538643,-7.307692307692307,-1.6659340659340671,35,33,ENABLE
1785583369.0050104,1.0820553902494847,-7.593406593406591,-1.5516483516483532,35,33,ENABLE
1785583369.0100043,1.0416189822232393,-7.92307692307692,-1.4373626373626358,35,33,ENABLE
1785583369.0149992,1.0000381475547417,-8.230769230769234,-1.2791208791208781,35,33,ENABLE
1785583369.019994,0.9569314106965745,-8.472527472527474,-1.1824175824175818,35,33,ENABLE
1785583369.025027,0.9130617227435724,-8.692307692307693,-1.0329670329670328,35,33,ENABLE
1785583369.0300097,0.8684290836957356,-8.868131868131869,-0.8659340659340664,35,33,ENABLE
1785583369.0349967,0.8230334935530639,-9.043956043956044,-0.7956043956043963,35,33,ENABLE
1785583369.039998,0.7768749523155574,-9.131868131868131,-0.6725274725274737,35,33,ENABLE
1785583369.045001,0.7303349355306317,-9.285714285714285,-0.6109890109890124,35,33,ENABLE
1785583369.050029,0.6826504921034555,-9.373626373626372,-0.5054945054945073,35,33,ENABLE
1785583369.05501,0.6361104753185316,-9.439560439560438,-0.3912087912087898,35,33,ENABLE
1785583369.0599942,0.588044556343938,-9.57142857142857,-0.347252747252746,35,33,ENABLE
1785583369.064992,0.5403601129167619,-9.527472527472526,-0.347252747252746,35,33,ENABLE
1785583369.070011,0.49343862058442056,-9.46153846153846,-0.29450549450549346,35,33,ENABLE
1785583369.0750053,0.4461356527046618,-9.46153846153846,-0.2681318681318672,35,33,ENABLE
1785583369.080006,0.3984512092774857,-9.483516483516482,-0.27692307692307594,35,33,ENABLE
1785583369.084997,0.35114824139772693,-9.505494505494504,-0.23296703296703214,35,33,ENABLE
1785583369.090014,0.3030823224231334,-9.505494505494504,-0.18901098901098834,35,33,ENABLE
1785583369.0950322,0.2538719768062876,-9.747252747252745,-0.07472527472527446,35,33,ENABLE
1785583369.0999978,0.20199130235751817,-10.252747252747255,0.13626373626373578,35,33,ENABLE
1785583369.104993,0.14820325017166347,-10.604395604395606,0.3736263736263723,35,33,ENABLE
1785583369.1100001,0.09365224689097396,-10.824175824175825,0.6461538461538474,35,33,ENABLE
1785583369.1150067,0.037956816968032214,-11.043956043956044,0.953846153846154,35,33,ENABLE
1785583369.120217,-0.02117189288166621,-11.263736263736263,1.208791208791208,35,33,ENABLE
1785583369.1251633,-0.07724879835202536,-11.35164835164835,1.428571428571427,35,33,ENABLE
1785583369.1300042,-0.13218127718013228,-11.307692307692307,1.6131868131868146,35,33,ENABLE
1785583369.1350002,-0.18787670710307403,-11.175824175824175,1.7538461538461547,35,33,ENABLE
1785583369.140008,-0.24242771038376354,-11.021978021978022,1.815384615384616,35,33,ENABLE
1785583369.1450045,-0.2958342870222026,-10.802197802197803,1.9736263736263737,35,33,ENABLE
1785583369.1500018,-0.34695201037613543,-10.42857142857143,2.2725274725274716,35,33,ENABLE
1785583369.155005,-0.395017929350729,-9.901098901098898,2.606593406593408,35,33,ENABLE
1785583369.1600327,-0.43965056839856587,-9.219780219780219,2.8527472527472533,35,33,ENABLE
1785583369.165027,-0.48084992751964606,-8.582417582417584,3.0989010989010985,35,33,ENABLE
1785583369.169999,-0.5193789578088044,-8.054945054945058,3.380219780219779,35,33,ENABLE
1785583369.1750312,-0.5552376592660409,-7.46153846153846,3.5648351648351664,35,33,ENABLE
1785583369.18,-0.5888075074387729,-7.021978021978022,3.8197802197802204,35,33,ENABLE
1785583369.184992,-0.6212329289692526,-6.6703296703296715,4.048351648351648,35,33,ENABLE
1785583369.189999,-0.6517509727626454,-6.274725274725277,4.268131868131867,35,33,ENABLE
1785583369.195027,-0.6803616388189511,-5.835164835164832,4.39120879120879,35,33,ENABLE
1785583369.199996,-0.7047760738536653,-5.263736263736263,4.479120879120877,35,33,ENABLE
1785583369.205007,-0.7265201800564576,-4.64835164835165,4.479120879120877,35,33,ENABLE
1785583369.2100015,-0.7452124818799106,-4.0109890109890145,4.470329670329669,35,33,ENABLE
1785583369.215035,-0.7608529793240262,-3.417582417582416,4.3648351648351635,35,33,ENABLE
1785583369.2199998,-0.7730601968413833,-2.780219780219781,4.224175824175823,35,33,ENABLE
1785583369.2250376,-0.7822156099794011,-2.142857142857146,4.057142857142857,35,33,ENABLE
1785583369.2299998,-0.7879377431906622,-1.4835164835164818,3.828571428571429,35,33,ENABLE
1785583369.235007,-0.7894636453803319,-0.7142857142857153,3.485714285714284,35,33,ENABLE
1785583369.2400234,-0.7890821698329145,-0.1648351648351678,3.186813186813186,35,33,ENABLE
1785583369.2449949,-0.7856488899061578,0.4065934065934087,2.8527472527472533,35,33,ENABLE
1785583369.2500012,-0.7795452811474792,0.9340659340659343,2.4923076923076906,35,33,ENABLE
1785583369.254997,-0.7707713435568788,1.4835164835164818,2.0879120879120876,35,33,ENABLE
1785583369.2602417,-0.7589456015869391,2.0109890109890145,1.7010989010989022,35,33,ENABLE
1785583369.2651691,-0.7463569085221629,2.384615384615387,1.3670329670329657,35,33,ENABLE
1785583369.2700052,-0.7330052643625535,2.6483516483516496,1.024175824175824,35,33,ENABLE
1785583369.2750006,-0.7181277180132746,2.8461538461538467,0.6637362637362649,35,33,ENABLE
1785583369.2800436,-0.7021057450217434,3.0879120879120876,0.3736263736263723,35,33,ENABLE
1785583369.2849936,-0.6864652475776296,3.0879120879120876,0.18021978021977958,35,33,ENABLE
1785583369.2900066,-0.6712062256809332,3.043956043956044,-0.0659340659340657,35,33,ENABLE
1785583369.2950006,-0.6555657282368195,3.1098901098901095,-0.3032967032967022,35,33,ENABLE
1785583369.2999938,-0.6406881818875405,3.0,-0.4615384615384599,35,33,ENABLE
1785583369.3052294,-0.6239032578011745,3.1318681318681314,-0.8395604395604401,35,33,ENABLE
1785583369.31001,-0.6055924315251389,3.637362637362635,-1.2351648351648343,35,33,ENABLE
1785583369.3163877,-0.5830853742275117,3.5934065934065913,-1.4725274725274708,35,33,ENABLE
1785583369.3203163,-0.5701152056153198,3.3736263736263723,-1.6043956043956058,35,33,ENABLE
1785583369.325209,-0.5560006103608757,3.0659340659340657,-1.7538461538461547,35,33,ENABLE
1785583369.3294947,-0.5430304417486838,2.9340659340659343,-1.9120879120879124,35,33,ENABLE
1785583369.335887,-0.5289158464942396,2.8461538461538467,-2.0087912087912088,35,33,ENABLE
1785583369.3394454,-0.5167086289768825,2.6263736263736277,-2.0527472527472526,35,33,ENABLE
1785583369.3445063,-0.5056458381017777,2.2747252747252773,-2.0615384615384613,35,33,ENABLE
1785583369.3495486,-0.49725337605859465,1.857142857142854,-1.9824175824175825,35,33,ENABLE
1785583369.3540616,-0.4919127183947509,1.439560439560438,-1.8681318681318686,35,33,ENABLE
1785583369.3590612,-0.4903868162050813,0.6483516483516496,-1.5516483516483532,35,33,ENABLE
1785583369.3648467,-0.4915312428473335,0.0769230769230802,-1.3494505494505482,35,33,ENABLE
1785583369.3700073,-0.4907682917524987,0.0769230769230802,-1.2527472527472518,35,33,ENABLE
1785583369.3753138,-0.48924238956282906,0.2087912087912116,-1.2527472527472518,35,33,ENABLE
1785583369.3803244,-0.487335011825742,0.340659340659343,-1.3054945054945044,35,33,ENABLE
1785583369.3852062,-0.48542763408865497,0.4065934065934087,-1.3142857142857132,35,33,ENABLE
1785583369.3902276,-0.48428320744640274,0.2747252747252773,-1.2967032967032956,35,33,ENABLE
1785583369.3952148,-0.4831387808041505,0.2087912087912116,-1.3142857142857132,35,33,ENABLE
1785583369.4001353,-0.48123140306706347,0.2967032967032992,-1.3670329670329657,35,33,ENABLE
1785583369.4052129,-0.478942549782559,0.3846153846153868,-1.4461538461538446,35,33,ENABLE
1785583369.4101715,-0.47665369649805456,0.4725274725274744,-1.4813186813186796,35,33,ENABLE
1785583369.4152548,-0.4743648432135501,0.4505494505494525,-1.5076923076923094,35,33,ENABLE
1785583369.4201841,-0.47245746547646306,0.340659340659343,-1.4813186813186796,35,33,ENABLE
1785583369.4252086,-0.47207598992904565,0.1868131868131897,-1.463736263736262,35,33,ENABLE
1785583369.4301426,-0.47207598992904565,0.0549450549450583,-1.4197802197802183,35,33,ENABLE
1785583369.4351332,-0.47207598992904565,-0.010989010989014503,-1.3846153846153832,35,33,ENABLE
1785583369.4401436,-0.47207598992904565,-0.010989010989014503,-1.3406593406593394,35,33,ENABLE
1785583369.4451313,-0.47245746547646306,-0.0329670329670364,-1.3318681318681307,35,33,ENABLE
1785583369.4502115,-0.47245746547646306,-0.010989010989014503,-1.323076923076922,35,33,ENABLE
1785583369.4552138,-0.47207598992904565,-0.010989010989014503,-1.3318681318681307,35,33,ENABLE
1785583369.4601512,-0.47245746547646306,-0.010989010989014503,-1.3318681318681307,35,33,ENABLE
1785583369.465133,-0.47245746547646306,-0.010989010989014503,-1.3318681318681307,35,33,ENABLE
1785583369.470133,-0.47245746547646306,-0.010989010989014503,-1.3318681318681307,35,33,ENABLE
1785583369.475213,-0.47245746547646306,-0.010989010989014503,-1.3406593406593394,35,33,ENABLE
1785583369.4802074,-0.47207598992904565,-0.010989010989014503,-1.3406593406593394,35,33,ENABLE
1785583369.4851823,-0.47207598992904565,0.0329670329670364,-1.3494505494505482,35,33,ENABLE
1785583369.4902198,-0.47169451438162824,0.0329670329670364,-1.3670329670329657,35,33,ENABLE
1785583369.4951835,-0.47131303883421083,0.0769230769230802,-1.3758241758241745,35,33,ENABLE
1785583369.5001426,-0.4709315632867934,0.0549450549450583,-1.3670329670329657,35,33,ENABLE
1785583369.5051284,-0.470550087739376,0.0989010989011021,-1.393406593406592,35,33,ENABLE
1785583369.5101476,-0.4697871366445412,0.120879120879124,-1.4109890109890095,35,33,ENABLE
1785583369.5151336,-0.46864271000228896,0.1428571428571459,-1.4461538461538446,35,33,ENABLE
1785583369.5201294,-0.46749828336003674,0.2307692307692335,-1.4989010989010971,35,33,ENABLE
1785583369.5251267,-0.4652094300755323,0.340659340659343,-1.463736263736262,35,33,ENABLE
1785583369.5301282,-0.4629205767910278,0.4285714285714306,-1.2263736263736256,35,33,ENABLE
1785583369.5351284,-0.4587243457694363,0.6923076923076934,-0.918681318681319,35,33,ENABLE
1785583369.5401618,-0.45223926146334037,1.0659340659340657,-0.6109890109890124,35,33,ENABLE
1785583369.545127,-0.44346532387273996,1.5054945054945037,-0.3296703296703285,35,33,ENABLE
1785583369.5501604,-0.4335469596398873,1.8131868131868103,-0.03076923076923066,35,33,ENABLE
1785583369.5551314,-0.42210269321736504,2.098901098901102,0.2593406593406584,35,33,ENABLE
1785583369.5602105,-0.4079880979629209,2.516483516483518,0.49670329670329494,35,33,ENABLE
1785583369.565129,-0.3915846494239723,3.0879120879120876,0.7252747252747263,35,33,ENABLE
1785583369.5701306,-0.3747997253376063,3.241758241758241,1.0593406593406591,35,33,ENABLE
1785583369.5751305,-0.3568703746089881,3.5054945054945037,1.243956043956043,35,33,ENABLE
