time,position,velocity,torque,temp_mosfet,temp_rotor,status
1784993386.3110251,0.12340733958953187,-0.010989010989014503,-0.01318681318681314,31,28,ENABLE
1784993386.5310817,-0.0001907377737087046,-0.0329670329670364,0.00439560439560438,31,28,ENABLE
1784993388.5219722,-0.0001907377737087046,-0.010989010989014503,-0.00439560439560438,31,28,ENABLE
1784993388.525022,-0.0001907377737087046,-0.010989010989014503,-0.00439560439560438,31,28,ENABLE
1784993388.5299144,-0.0001907377737087046,-0.010989010989014503,-0.01318681318681314,31,28,ENABLE
1784993388.5338612,-0.0001907377737087046,-0.0329670329670364,-0.01318681318681314,31,28,ENABLE
1784993388.5392578,-0.0001907377737087046,-0.0329670329670364,-0.0219780219780219,31,28,ENABLE
1784993388.5445223,-0.0001907377737087046,-0.0329670329670364,-0.0219780219780219,31,28,ENABLE
1784993388.5495493,-0.0001907377737087046,-0.0329670329670364,-0.0219780219780219,31,28,ENABLE
1784993388.55405,-0.0001907377737087046,-0.010989010989014503,-0.0219780219780219,31,28,ENABLE
1784993388.5595973,-0.0001907377737087046,-0.010989010989014503,-0.03076923076923066,31,28,ENABLE
1784993388.5645494,-0.0001907377737087046,-0.010989010989014503,-0.0219780219780219,31,28,ENABLE
1784993388.5695245,-0.0001907377737087046,0.010989010989014503,-0.0219780219780219,31,28,ENABLE
1784993388.574143,-0.0001907377737087046,-0.010989010989014503,-0.0219780219780219,31,28,ENABLE
1784993388.579589,-0.0001907377737087046,-0.010989010989014503,-0.0219780219780219,31,28,ENABLE
1784993388.5845916,-0.0001907377737087046,-0.010989010989014503,-0.01318681318681314,31,28,ENABLE
1784993388.5890958,-0.0001907377737087046,-0.010989010989014503,-0.0219780219780219,31,28,ENABLE
1784993388.594033,-0.0001907377737087046,-0.010989010989014503,-0.0219780219780219,31,28,ENABLE
1784993388.5991037,-0.0001907377737087046,-0.010989010989014503,-0.03076923076923066,31,28,ENABLE
1784993388.6042893,-0.0001907377737087046,-0.010989010989014503,-0.03076923076923066,31,28,ENABLE
1784993388.609286,-0.0001907377737087046,0.010989010989014503,-0.0219780219780219,31,28,ENABLE
1784993388.614235,-0.0005722133211261138,-0.010989010989014503,-0.0219780219780219,31,28,ENABLE
1784993388.6189158,-0.0001907377737087046,-0.0329670329670364,-0.01318681318681314,31,28,ENABLE
1784993388.6239245,-0.0001907377737087046,-0.010989010989014503,-0.0219780219780219,31,28,ENABLE
1784993388.6291783,-0.0001907377737087046,-0.0329670329670364,-0.0219780219780219,31,28,ENABLE
1784993388.634535,-0.0001907377737087046,-0.010989010989014503,-0.03076923076923066,31,28,ENABLE
1784993388.639051,-0.0001907377737087046,-0.010989010989014503,-0.0219780219780219,31,28,ENABLE
1784993388.6450975,-0.0001907377737087046,0.010989010989014503,-0.01318681318681314,31,28,ENABLE
1784993388.6489832,-0.0005722133211261138,-0.010989010989014503,-0.0219780219780219,31,28,ENABLE
1784993388.6532142,-0.0001907377737087046,-0.010989010989014503,-0.01318681318681314,31,28,ENABLE
1784993388.6585827,-0.0005722133211261138,-0.0329670329670364,-0.0219780219780219,31,28,ENABLE
1784993388.664209,-0.0001907377737087046,-0.010989010989014503,-0.03076923076923066,31,28,ENABLE
1784993388.6690898,-0.0001907377737087046,-0.010989010989014503,-0.0219780219780219,31,28,ENABLE
1784993388.6743076,-0.0005722133211261138,-0.0329670329670364,-0.0219780219780219,31,28,ENABLE
1784993388.6793315,-0.0005722133211261138,-0.0329670329670364,-0.0219780219780219,31,28,ENABLE
1784993388.6845388,-0.0001907377737087046,0.010989010989014503,-0.0219780219780219,31,28,ENABLE
1784993388.6891031,-0.0001907377737087046,-0.010989010989014503,-0.0219780219780219,31,28,ENABLE
1784993388.6950781,-0.0001907377737087046,-0.010989010989014503,-0.0219780219780219,31,28,ENABLE
1784993388.700102,-0.0005722133211261138,-0.0329670329670364,-0.0219780219780219,31,28,ENABLE
1784993388.7040517,-0.0001907377737087046,-0.010989010989014503,-0.01318681318681314,31,28,ENABLE
1784993388.70909,-0.0001907377737087046,0.010989010989014503,-0.01318681318681314,31,28,ENABLE
1784993388.7138605,-0.0005722133211261138,-0.010989010989014503,-0.03076923076923066,31,28,ENABLE
1784993388.7187428,-0.0001907377737087046,0.010989010989014503,-0.0219780219780219,31,28,ENABLE
1784993388.7246006,-0.0001907377737087046,-0.0329670329670364,-0.0219780219780219,31,28,ENABLE
1784993388.729104,-0.0005722133211261138,-0.010989010989014503,-0.0219780219780219,31,28,ENABLE
1784993388.7340589,-0.0005722133211261138,-0.010989010989014503,-0.0219780219780219,31,28,ENABLE
1784993388.7394798,-0.0001907377737087046,-0.010989010989014503,-0.0219780219780219,31,28,ENABLE
1784993388.7439218,-0.0001907377737087046,0.010989010989014503,-0.0219780219780219,31,28,ENABLE
1784993388.748919,-0.0005722133211261138,-0.0329670329670364,-0.01318681318681314,31,28,ENABLE
1784993388.7542613,-0.0005722133211261138,-0.010989010989014503,-0.0219780219780219,31,28,ENABLE
1784993388.7589357,-0.0001907377737087046,-0.010989010989014503,-0.0219780219780219,31,28,ENABLE
1784993388.76462,-0.0001907377737087046,-0.010989010989014503,-0.0219780219780219,31,28,ENABLE
1784993388.7692242,-0.0005722133211261138,-0.0329670329670364,-0.03076923076923066,31,28,ENABLE
1784993388.7744837,-0.0001907377737087046,-0.010989010989014503,-0.0219780219780219,31,28,ENABLE
1784993388.7795527,-0.0001907377737087046,0.010989010989014503,-0.0219780219780219,31,28,ENABLE
1784993388.7838404,-0.0001907377737087046,-0.010989010989014503,-0.03076923076923066,31,28,ENABLE
1784993388.7890553,-0.0005722133211261138,-0.010989010989014503,-0.03076923076923066,31,28,ENABLE
1784993388.7942402,-0.0001907377737087046,-0.010989010989014503,-0.0219780219780219,31,28,ENABLE
1784993388.7989194,-0.0001907377737087046,-0.010989010989014503,-0.0219780219780219,31,28,ENABLE
1784993388.803913,-0.0001907377737087046,-0.010989010989014503,-0.01318681318681314,31,28,ENABLE
1784993388.8092957,-0.0005722133211261138,-0.010989010989014503,-0.0219780219780219,31,28,ENABLE
1784993388.8146255,-0.0001907377737087046,-0.010989010989014503,-0.01318681318681314,31,28,ENABLE
1784993388.8191452,-0.0001907377737087046,-0.010989010989014503,-0.0219780219780219,31,28,ENABLE
1784993388.8240943,-0.0005722133211261138,-0.0329670329670364,-0.0219780219780219,31,28,ENABLE
1784993388.8291512,-0.0005722133211261138,-0.0329670329670364,-0.0219780219780219,31,28,ENABLE
1784993388.8345032,-0.0001907377737087046,0.010989010989014503,-0.01318681318681314,31,28,ENABLE
1784993388.8395808,-0.0005722133211261138,-0.010989010989014503,-0.0219780219780219,31,28,ENABLE
1784993388.8445318,-0.0001907377737087046,-0.010989010989014503,-0.0219780219780219,31,28,ENABLE
1784993388.848983,-0.0001907377737087046,0.010989010989014503,-0.0219780219780219,31,28,ENABLE
1784993388.8539166,-0.0001907377737087046,-0.0329670329670364,-0.0219780219780219,31,28,ENABLE
1784993388.8592663,-0.0001907377737087046,-0.010989010989014503,-0.0219780219780219,31,28,ENABLE
1784993388.8646224,-0.0001907377737087046,0.010989010989014503,-0.0219780219780219,31,28,ENABLE
1784993388.86923,-0.0001907377737087046,0.010989010989014503,-0.03076923076923066,31,28,ENABLE
1784993388.8742638,-0.0005722133211261138,-0.010989010989014503,-0.01318681318681314,31,28,ENABLE
1784993388.8789327,-0.0005722133211261138,-0.010989010989014503,-0.01318681318681314,31,28,ENABLE
1784993388.8845375,-0.0001907377737087046,-0.010989010989014503,-0.01318681318681314,31,28,ENABLE
1784993388.8890944,-0.0005722133211261138,-0.010989010989014503,-0.0219780219780219,31,28,ENABLE
1784993388.8944309,-0.0001907377737087046,-0.010989010989014503,-0.03076923076923066,31,28,ENABLE
1784993388.899268,-0.0005722133211261138,-0.0329670329670364,-0.0219780219780219,31,28,ENABLE
1784993388.9045823,-0.0005722133211261138,-0.010989010989014503,-0.0219780219780219,31,28,ENABLE
1784993388.9095035,-0.0001907377737087046,-0.010989010989014503,-0.0219780219780219,31,28,ENABLE
1784993388.9140902,-0.0001907377737087046,-0.010989010989014503,-0.0219780219780219,31,28,ENABLE
1784993388.919094,-0.0001907377737087046,-0.010989010989014503,-0.0219780219780219,31,28,ENABLE
1784993388.9239001,-0.0001907377737087046,-0.0329670329670364,-0.0219780219780219,31,28,ENABLE
1784993388.9292579,-0.0001907377737087046,-0.010989010989014503,-0.0219780219780219,31,28,ENABLE
1784993388.9345865,-0.0005722133211261138,-0.010989010989014503,-0.0219780219780219,31,28,ENABLE
1784993388.9395015,-0.0005722133211261138,-0.010989010989014503,-0.0219780219780219,31,28,ENABLE
1784993388.9437494,-0.0001907377737087046,-0.010989010989014503,-0.01318681318681314,31,28,ENABLE
1784993388.9487467,-0.0001907377737087046,-0.010989010989014503,-0.0219780219780219,31,28,ENABLE
1784993388.9545052,-0.0005722133211261138,-0.010989010989014503,-0.01318681318681314,31,28,ENABLE
1784993388.9590836,-0.0001907377737087046,-0.010989010989014503,-0.0219780219780219,31,28,ENABLE
1784993388.9645197,-0.0005722133211261138,-0.010989010989014503,-0.01318681318681314,31,28,ENABLE
1784993388.9690835,-0.0001907377737087046,-0.0329670329670364,-0.01318681318681314,31,28,ENABLE
1784993388.9739368,-0.0001907377737087046,0.010989010989014503,-0.0219780219780219,31,28,ENABLE
1784993388.9793358,-0.0001907377737087046,-0.010989010989014503,-0.0219780219780219,31,28,ENABLE
1784993388.9840145,-0.0001907377737087046,-0.010989010989014503,-0.0219780219780219,31,28,ENABLE
1784993388.9894931,-0.0005722133211261138,-0.010989010989014503,-0.03076923076923066,31,28,ENABLE
1784993388.994543,-0.0005722133211261138,-0.0329670329670364,-0.0219780219780219,31,28,ENABLE
1784993388.999498,-0.0005722133211261138,-0.0329670329670364,-0.0219780219780219,31,28,ENABLE
1784993389.0040102,-0.0001907377737087046,-0.010989010989014503,-0.0219780219780219,31,28,ENABLE
1784993389.0091634,-0.0005722133211261138,-0.010989010989014503,-0.0219780219780219,31,28,ENABLE
1784993389.0143187,-0.0001907377737087046,-0.010989010989014503,-0.0219780219780219,31,28,ENABLE
1784993389.0192657,-0.0001907377737087046,-0.0329670329670364,-0.03076923076923066,31,28,ENABLE
1784993389.0244908,-0.0001907377737087046,-0.010989010989014503,-0.0219780219780219,31,28,ENABLE
1784993389.0289936,-0.0001907377737087046,-0.010989010989014503,-0.0219780219780219,31,28,ENABLE
1784993389.0340157,-0.0001907377737087046,-0.010989010989014503,-0.01318681318681314,31,28,ENABLE
1784993389.0395322,-0.0001907377737087046,0.010989010989014503,-0.0219780219780219,31,28,ENABLE
1784993389.0445023,-0.0005722133211261138,-0.0329670329670364,-0.0219780219780219,31,28,ENABLE
1784993389.0491164,-0.0005722133211261138,-0.010989010989014503,-0.0219780219780219,31,28,ENABLE
1784993389.0540113,-0.0005722133211261138,-0.0329670329670364,-0.03076923076923066,31,28,ENABLE
1784993389.0590558,-0.0001907377737087046,-0.010989010989014503,-0.0219780219780219,31,28,ENABLE
1784993389.0645006,-0.0005722133211261138,-0.010989010989014503,-0.0219780219780219,31,28,ENABLE
1784993389.0695667,-0.0001907377737087046,-0.010989010989014503,-0.01318681318681314,31,28,ENABLE
1784993389.0741513,-0.0005722133211261138,0.010989010989014503,-0.01318681318681314,31,28,ENABLE
1784993389.0790937,-0.0005722133211261138,-0.010989010989014503,-0.01318681318681314,31,28,ENABLE
1784993389.084316,-0.0001907377737087046,-0.010989010989014503,-0.0219780219780219,31,28,ENABLE
1784993389.0895255,-0.0001907377737087046,-0.010989010989014503,-0.0219780219780219,31,28,ENABLE
1784993389.094408,-0.0001907377737087046,0.010989010989014503,-0.03076923076923066,31,28,ENABLE
1784993389.099243,-0.0001907377737087046,-0.010989010989014503,-0.0219780219780219,31,28,ENABLE
1784993389.10445,-0.0005722133211261138,-0.010989010989014503,-0.0219780219780219,31,28,ENABLE
1784993389.109092,-0.0001907377737087046,0.010989010989014503,-0.0219780219780219,31,28,ENABLE
1784993389.1140254,-0.0005722133211261138,-0.0329670329670364,-0.0219780219780219,31,28,ENABLE
1784993389.119037,-0.0005722133211261138,-0.010989010989014503,-0.0219780219780219,31,28,ENABLE
1784993389.124538,-0.0001907377737087046,0.010989010989014503,-0.0219780219780219,31,28,ENABLE
1784993389.1295373,-0.0005722133211261138,-0.010989010989014503,-0.01318681318681314,31,28,ENABLE
1784993389.1344786,-0.0005722133211261138,-0.0329670329670364,-0.01318681318681314,31,28,ENABLE
1784993389.1388352,-0.0005722133211261138,-0.010989010989014503,-0.0219780219780219,31,28,ENABLE
1784993389.1440113,-0.0005722133211261138,-0.010989010989014503,-0.0219780219780219,31,28,ENABLE
1784993389.1491811,-0.0005722133211261138,-0.010989010989014503,-0.0219780219780219,31,28,ENABLE
1784993389.15465,-0.0005722133211261138,-0.010989010989014503,-0.0219780219780219,31,28,ENABLE
1784993389.1590023,-0.0005722133211261138,-0.0329670329670364,-0.01318681318681314,31,28,ENABLE
1784993389.1645908,-0.0005722133211261138,-0.010989010989014503,-0.01318681318681314,31,28,ENABLE
1784993389.1690688,-0.0005722133211261138,-0.010989010989014503,-0.0219780219780219,31,28,ENABLE
1784993389.1745396,-0.0005722133211261138,0.010989010989014503,-0.0219780219780219,31,28,ENABLE
1784993389.1792305,-0.0005722133211261138,-0.010989010989014503,-0.0219780219780219,31,28,ENABLE
1784993389.1839008,-0.0005722133211261138,-0.0329670329670364,-0.01318681318681314,31,28,ENABLE
1784993389.189058,-0.0001907377737087046,-0.010989010989014503,-0.0219780219780219,31,28,ENABLE
1784993389.193846,-0.0005722133211261138,-0.010989010989014503,-0.0219780219780219,31,28,ENABLE
1784993389.199487,-0.0001907377737087046,-0.010989010989014503,-0.0219780219780219,31,28,ENABLE
1784993389.2045062,-0.0005722133211261138,-0.010989010989014503,-0.01318681318681314,31,28,ENABLE
1784993389.2090044,-0.0005722133211261138,-0.010989010989014503,-0.0219780219780219,31,28,ENABLE
1784993389.214528,-0.0001907377737087046,-0.010989010989014503,-0.0219780219780219,31,28,ENABLE
1784993389.2192588,-0.0005722133211261138,-0.010989010989014503,-0.0219780219780219,31,28,ENABLE
1784993389.2242558,-0.0005722133211261138,-0.010989010989014503,-0.0219780219780219,31,28,ENABLE
1784993389.2290027,-0.0005722133211261138,-0.010989010989014503,-0.01318681318681314,31,28,ENABLE
1784993389.234123,-0.0005722133211261138,-0.010989010989014503,-0.0219780219780219,31,28,ENABLE
1784993389.2388656,-0.0005722133211261138,0.010989010989014503,-0.0219780219780219,31,28,ENABLE
1784993389.2438748,-0.0005722133211261138,-0.010989010989014503,-0.0219780219780219,31,28,ENABLE
1784993389.2492476,-0.0005722133211261138,-0.010989010989014503,-0.0219780219780219,31,28,ENABLE
1784993389.2543657,-0.0005722133211261138,-0.010989010989014503,-0.01318681318681314,31,28,ENABLE
1784993389.2590244,-0.0001907377737087046,-0.010989010989014503,-0.0219780219780219,31,28,ENABLE
1784993389.264576,-0.0001907377737087046,0.010989010989014503,-0.01318681318681314,31,28,ENABLE
1784993389.2692573,-0.0001907377737087046,0.010989010989014503,-0.00439560439560438,31,28,ENABLE
1784993389.2743714,-0.0001907377737087046,0.010989010989014503,-0.01318681318681314,31,28,ENABLE
1784993389.2794602,-0.0005722133211261138,-0.010989010989014503,-0.0219780219780219,31,28,ENABLE
1784993389.2840362,-0.0005722133211261138,-0.010989010989014503,-0.0219780219780219,31,28,ENABLE
1784993389.289483,-0.0005722133211261138,-0.010989010989014503,-0.0219780219780219,31,28,ENABLE
1784993389.2944698,-0.0005722133211261138,-0.0329670329670364,-0.01318681318681314,31,28,ENABLE
1784993389.2992263,-0.0005722133211261138,-0.010989010989014503,-0.01318681318681314,31,28,ENABLE
1784993389.3043401,-0.0001907377737087046,0.010989010989014503,-0.0219780219780219,31,28,ENABLE
1784993389.3090944,-0.0005722133211261138,-0.0329670329670364,-0.0219780219780219,31,28,ENABLE
1784993389.314092,-0.0005722133211261138,-0.0329670329670364,-0.0219780219780219,31,28,ENABLE
1784993389.3195744,-0.0005722133211261138,-0.0329670329670364,-0.0219780219780219,31,28,ENABLE
1784993389.3244488,-0.0005722133211261138,-0.010989010989014503,-0.0219780219780219,31,28,ENABLE
1784993389.3291285,-0.0005722133211261138,-0.010989010989014503,-0.0219780219780219,31,28,ENABLE
1784993389.3340673,-0.0005722133211261138,0.010989010989014503,-0.0219780219780219,31,28,ENABLE
1784993389.338997,-0.0005722133211261138,-0.010989010989014503,-0.0219780219780219,31,28,ENABLE
1784993389.344023,-0.0005722133211261138,-0.010989010989014503,-0.01318681318681314,31,28,ENABLE
1784993389.3496835,-0.0005722133211261138,-0.010989010989014503,-0.0219780219780219,31,28,ENABLE
1784993389.3546634,-0.0005722133211261138,0.010989010989014503,-0.0219780219780219,31,28,ENABLE
1784993389.3595126,-0.0005722133211261138,-0.010989010989014503,-0.01318681318681314,31,28,ENABLE
1784993389.3640623,-0.0005722133211261138,-0.010989010989014503,-0.01318681318681314,31,28,ENABLE
1784993389.3695478,-0.0005722133211261138,-0.010989010989014503,-0.0219780219780219,31,28,ENABLE
1784993389.3740482,-0.0005722133211261138,-0.010989010989014503,-0.03076923076923066,31,28,ENABLE
1784993389.3795524,-0.0005722133211261138,-0.010989010989014503,-0.0219780219780219,31,28,ENABLE
1784993389.3845606,-0.0005722133211261138,-0.010989010989014503,-0.0219780219780219,31,28,ENABLE
1784993389.3890026,-0.0001907377737087046,-0.010989010989014503,-0.0219780219780219,31,28,ENABLE
1784993389.393962,-0.0005722133211261138,-0.010989010989014503,-0.01318681318681314,31,28,ENABLE
1784993389.3995218,-0.0001907377737087046,-0.010989010989014503,-0.0219780219780219,31,28,ENABLE
1784993389.4045482,-0.0005722133211261138,-0.0329670329670364,-0.0219780219780219,31,28,ENABLE
1784993389.4090455,-0.0005722133211261138,-0.010989010989014503,-0.0219780219780219,31,28,ENABLE
1784993389.414052,-0.0005722133211261138,-0.010989010989014503,-0.0219780219780219,31,28,ENABLE
1784993389.419021,-0.0001907377737087046,-0.010989010989014503,-0.0219780219780219,31,28,ENABLE
1784993389.4245522,-0.0005722133211261138,-0.010989010989014503,-0.01318681318681314,31,28,ENABLE
1784993389.4292595,-0.0005722133211261138,-0.0329670329670364,-0.0219780219780219,31,28,ENABLE
1784993389.433934,-0.0005722133211261138,-0.010989010989014503,-0.03076923076923066,31,28,ENABLE
1784993389.4390216,-0.0005722133211261138,-0.010989010989014503,-0.01318681318681314,31,28,ENABLE
1784993389.4438896,-0.0001907377737087046,0.010989010989014503,-0.01318681318681314,31,28,ENABLE
1784993389.4490778,-0.0005722133211261138,-0.010989010989014503,-0.01318681318681314,31,28,ENABLE
1784993389.454173,-0.0005722133211261138,0.010989010989014503,-0.0219780219780219,31,28,ENABLE
1784993389.459586,-0.0005722133211261138,-0.010989010989014503,-0.03076923076923066,31,28,ENABLE
1784993389.463971,-0.0005722133211261138,-0.010989010989014503,-0.0219780219780219,31,28,ENABLE
1784993389.4692404,-0.0005722133211261138,0.010989010989014503,-0.01318681318681314,31,28,ENABLE
1784993389.4747326,-0.0001907377737087046,-0.010989010989014503,-0.01318681318681314,31,28,ENABLE
1784993389.4796865,-0.0005722133211261138,-0.010989010989014503,-0.0219780219780219,31,28,ENABLE
1784993389.484512,-0.0005722133211261138,-0.010989010989014503,-0.0219780219780219,31,28,ENABLE
1784993389.4887195,-0.0001907377737087046,-0.010989010989014503,-0.0219780219780219,31,28,ENABLE
1784993389.4940484,-0.0005722133211261138,-0.0329670329670364,-0.0219780219780219,31,28,ENABLE
1784993389.4992628,-0.0001907377737087046,-0.010989010989014503,-0.0219780219780219,31,28,ENABLE
1784993389.503963,-0.0005722133211261138,-0.010989010989014503,-0.0219780219780219,31,28,ENABLE
1784993389.509674,-0.0005722133211261138,-0.010989010989014503,-0.01318681318681314,31,28,ENABLE
1784993389.5141976,-0.0005722133211261138,-0.010989010989014503,-0.0219780219780219,31,28,ENABLE
1784993389.5195007,-0.0005722133211261138,-0.010989010989014503,-0.01318681318681314,31,28,ENABLE
1784993389.5245247,-0.0005722133211261138,0.010989010989014503,-0.01318681318681314,31,28,ENABLE
1784993389.5290577,-0.0005722133211261138,0.010989010989014503,-0.01318681318681314,31,28,ENABLE
1784993389.534505,-0.0005722133211261138,0.010989010989014503,-0.01318681318681314,31,28,ENABLE
1784993389.5394793,-0.0005722133211261138,-0.010989010989014503,-0.01318681318681314,31,28,ENABLE
1784993389.5444186,-0.0005722133211261138,-0.010989010989014503,-0.0219780219780219,31,28,ENABLE
1784993389.5492733,-0.0001907377737087046,0.010989010989014503,-0.0219780219780219,31,28,ENABLE
1784993389.553945,-0.0005722133211261138,-0.010989010989014503,-0.0219780219780219,31,28,ENABLE
1784993389.5592365,-0.0001907377737087046,0.010989010989014503,-0.0219780219780219,31,28,ENABLE
1784993389.5640142,-0.0001907377737087046,-0.010989010989014503,-0.01318681318681314,31,28,ENABLE
1784993389.5696104,-0.0005722133211261138,-0.010989010989014503,-0.01318681318681314,31,28,ENABLE
1784993389.574608,-0.0005722133211261138,-0.010989010989014503,-0.01318681318681314,31,28,ENABLE
1784993389.5795164,-0.0005722133211261138,-0.010989010989014503,-0.01318681318681314,31,28,ENABLE
1784993389.584525,-0.0005722133211261138,-0.010989010989014503,-0.01318681318681314,31,28,ENABLE
1784993389.589518,-0.0005722133211261138,-0.010989010989014503,-0.01318681318681314,31,28,ENABLE
1784993389.594516,-0.0005722133211261138,-0.010989010989014503,-0.01318681318681314,31,28,ENABLE
1784993389.599087,-0.0005722133211261138,-0.010989010989014503,-0.0219780219780219,31,28,ENABLE
1784993389.604521,-0.0005722133211261138,-0.010989010989014503,-0.0219780219780219,31,28,ENABLE
1784993389.609545,-0.0005722133211261138,-0.010989010989014503,-0.03076923076923066,31,28,ENABLE
1784993389.6144695,-0.0005722133211261138,-0.010989010989014503,-0.0219780219780219,31,28,ENABLE
1784993389.61892,-0.0005722133211261138,-0.010989010989014503,-0.0219780219780219,31,28,ENABLE
1784993389.6239896,-0.0001907377737087046,0.010989010989014503,-0.0219780219780219,31,28,ENABLE
1784993389.6292024,-0.0005722133211261138,-0.0329670329670364,-0.0219780219780219,31,28,ENABLE
1784993389.633914,-0.0001907377737087046,-0.010989010989014503,-0.01318681318681314,31,28,ENABLE
1784993389.6392307,-0.0005722133211261138,-0.010989010989014503,-0.0219780219780219,31,28,ENABLE
1784993389.6442342,-0.0001907377737087046,0.010989010989014503,-0.0219780219780219,31,28,ENABLE
1784993389.649244,-0.0001907377737087046,0.010989010989014503,-0.0219780219780219,31,28,ENABLE
1784993389.654185,-0.0005722133211261138,-0.010989010989014503,-0.0219780219780219,31,28,ENABLE
1784993389.6588311,-0.0005722133211261138,-0.010989010989014503,-0.0219780219780219,31,28,ENABLE
1784993389.6638458,-0.0005722133211261138,-0.010989010989014503,-0.01318681318681314,31,28,ENABLE
1784993389.6698408,-0.0001907377737087046,-0.010989010989014503,-0.0219780219780219,31,28,ENABLE
1784993389.6741996,-0.0005722133211261138,-0.010989010989014503,-0.0219780219780219,31,28,ENABLE
1784993389.6793373,-0.0005722133211261138,-0.010989010989014503,-0.0219780219780219,31,28,ENABLE
1784993389.6838505,-0.0005722133211261138,-0.010989010989014503,-0.0219780219780219,31,28,ENABLE
1784993389.6895037,-0.0005722133211261138,-0.010989010989014503,-0.0219780219780219,31,28,ENABLE
1784993389.694046,-0.0005722133211261138,-0.010989010989014503,-0.01318681318681314,31,28,ENABLE
1784993389.699021,-0.0001907377737087046,-0.010989010989014503,-0.0219780219780219,31,28,ENABLE
1784993389.704496,-0.0005722133211261138,-0.010989010989014503,-0.0219780219780219,31,28,ENABLE
1784993389.7088408,-0.0005722133211261138,-0.010989010989014503,-0.01318681318681314,31,28,ENABLE
1784993389.7140715,-0.0001907377737087046,0.010989010989014503,-0.01318681318681314,31,28,ENABLE
1784993389.7195413,-0.0001907377737087046,-0.010989010989014503,-0.0219780219780219,31,28,ENABLE
1784993389.7245433,-0.0005722133211261138,-0.0329670329670364,-0.01318681318681314,31,28,ENABLE
1784993389.7290244,-0.0001907377737087046,-0.0329670329670364,-0.0219780219780219,31,28,ENABLE
1784993389.7340531,-0.0001907377737087046,-0.010989010989014503,-0.0219780219780219,31,28,ENABLE
1784993389.738904,-0.0005722133211261138,-0.0329670329670364,-0.0219780219780219,31,28,ENABLE
1784993389.7442338,-0.0005722133211261138,-0.010989010989014503,-0.01318681318681314,31,28,ENABLE
1784993389.7496142,-0.0005722133211261138,-0.010989010989014503,-0.01318681318681314,31,28,ENABLE
1784993389.7541158,-0.0005722133211261138,-0.010989010989014503,-0.00439560439560438,31,28,ENABLE
1784993389.7590408,-0.0005722133211261138,-0.010989010989014503,-0.00439560439560438,31,28,ENABLE
1784993389.764553,-0.0005722133211261138,0.010989010989014503,-0.01318681318681314,31,28,ENABLE
1784993389.769042,-0.0001907377737087046,-0.010989010989014503,-0.0219780219780219,31,28,ENABLE
1784993389.7745423,-0.0005722133211261138,-0.0329670329670364,-0.0219780219780219,31,28,ENABLE
1784993389.7789986,-0.0001907377737087046,-0.010989010989014503,-0.0219780219780219,31,28,ENABLE
1784993389.7837079,-0.0001907377737087046,-0.010989010989014503,-0.0219780219780219,31,28,ENABLE
1784993389.7894976,-0.0005722133211261138,-0.0329670329670364,-0.0219780219780219,31,28,ENABLE
1784993389.7941208,-0.0001907377737087046,-0.010989010989014503,-0.0219780219780219,31,28,ENABLE
1784993389.7990534,-0.0005722133211261138,-0.010989010989014503,-0.01318681318681314,31,28,ENABLE
1784993389.8045413,-0.0005722133211261138,-0.010989010989014503,-0.01318681318681314,31,28,ENABLE
1784993389.808883,-0.0005722133211261138,-0.010989010989014503,-0.01318681318681314,31,28,ENABLE
1784993389.813934,-0.0005722133211261138,0.010989010989014503,-0.0219780219780219,31,28,ENABLE
1784993389.8193545,-0.0001907377737087046,0.010989010989014503,-0.01318681318681314,31,28,ENABLE
1784993389.8245878,-0.0005722133211261138,-0.010989010989014503,-0.01318681318681314,31,28,ENABLE
1784993389.8295403,-0.0001907377737087046,-0.010989010989014503,-0.03076923076923066,31,28,ENABLE
1784993389.8345425,-0.0005722133211261138,-0.010989010989014503,-0.0219780219780219,31,28,ENABLE
1784993389.8389115,-0.0005722133211261138,-0.0329670329670364,-0.0219780219780219,31,28,ENABLE
1784993389.8442876,-0.0005722133211261138,-0.010989010989014503,-0.01318681318681314,31,28,ENABLE
1784993389.84891,-0.0005722133211261138,-0.010989010989014503,-0.01318681318681314,31,28,ENABLE
1784993389.8542936,-0.0001907377737087046,-0.010989010989014503,-0.0219780219780219,31,28,ENABLE
1784993389.8592505,-0.0001907377737087046,-0.010989010989014503,-0.03076923076923066,31,28,ENABLE
1784993389.8647258,-0.0005722133211261138,-0.010989010989014503,-0.0219780219780219,31,28,ENABLE
1784993389.8693576,-0.0001907377737087046,-0.010989010989014503,-0.0219780219780219,31,28,ENABLE
1784993389.8742864,-0.0005722133211261138,-0.010989010989014503,-0.0219780219780219,31,28,ENABLE
1784993389.8790424,-0.0001907377737087046,-0.010989010989014503,-0.01318681318681314,31,28,ENABLE
1784993389.8841064,-0.0005722133211261138,-0.010989010989014503,-0.0219780219780219,31,28,ENABLE
1784993389.8892958,-0.0005722133211261138,-0.010989010989014503,-0.0219780219780219,31,28,ENABLE
1784993389.893899,-0.0001907377737087046,-0.0329670329670364,-0.0219780219780219,31,28,ENABLE
1784993389.8994598,-0.0001907377737087046,-0.010989010989014503,-0.0219780219780219,31,28,ENABLE
1784993389.904145,-0.0005722133211261138,-0.0329670329670364,-0.0219780219780219,31,28,ENABLE
1784993389.9093134,-0.0005722133211261138,-0.010989010989014503,-0.0219780219780219,31,28,ENABLE
1784993389.913898,-0.0001907377737087046,-0.010989010989014503,-0.01318681318681314,31,28,ENABLE
1784993389.9188924,-0.0001907377737087046,0.010989010989014503,-0.01318681318681314,31,28,ENABLE
1784993389.9242883,-0.0001907377737087046,-0.010989010989014503,-0.0219780219780219,31,28,ENABLE
1784993389.9294024,-0.0001907377737087046,-0.010989010989014503,-0.0219780219780219,31,28,ENABLE
1784993389.9340887,-0.0005722133211261138,-0.010989010989014503,-0.0219780219780219,31,28,ENABLE
1784993389.9389694,-0.0005722133211261138,-0.010989010989014503,-0.0219780219780219,31,28,ENABLE
1784993389.9444842,-0.0001907377737087046,0.010989010989014503,-0.0219780219780219,31,28,ENABLE
1784993389.9492955,-0.0001907377737087046,-0.010989010989014503,-0.03076923076923066,31,28,ENABLE
1784993389.9539208,-0.0001907377737087046,-0.0329670329670364,-0.0219780219780219,31,28,ENABLE
1784993389.9588554,-0.0005722133211261138,-0.0329670329670364,-0.0219780219780219,31,28,ENABLE
1784993389.9642298,-0.0005722133211261138,-0.010989010989014503,-0.0219780219780219,31,28,ENABLE
1784993389.968993,-0.0001907377737087046,-0.010989010989014503,-0.0219780219780219,31,28,ENABLE
1784993389.9745932,-0.0001907377737087046,-0.010989010989014503,-0.0219780219780219,31,28,ENABLE
1784993389.979017,-0.0001907377737087046,-0.010989010989014503,-0.01318681318681314,31,28,ENABLE
1784993389.9845169,-0.0005722133211261138,-0.010989010989014503,-0.01318681318681314,31,28,ENABLE
1784993389.9895043,-0.0001907377737087046,0.010989010989014503,-0.01318681318681314,31,28,ENABLE
1784993389.994246,-0.0001907377737087046,0.010989010989014503,-0.0219780219780219,31,28,ENABLE
1784993389.9994295,-0.0001907377737087046,0.010989010989014503,-0.0219780219780219,31,28,ENABLE
1784993390.0045197,-0.0005722133211261138,-0.0329670329670364,-0.0219780219780219,31,28,ENABLE
1784993390.009546,-0.0005722133211261138,-0.010989010989014503,-0.01318681318681314,31,28,ENABLE
1784993390.0140212,-0.0001907377737087046,-0.010989010989014503,-0.0219780219780219,31,28,ENABLE
1784993390.0190299,-0.0001907377737087046,0.010989010989014503,-0.0219780219780219,31,28,ENABLE
1784993390.0242906,-0.0001907377737087046,-0.0329670329670364,-0.0219780219780219,31,28,ENABLE
1784993390.029411,-0.0005722133211261138,-0.0329670329670364,-0.0219780219780219,31,28,ENABLE
1784993390.034053,-0.0005722133211261138,-0.010989010989014503,-0.00439560439560438,31,28,ENABLE
1784993390.0390136,-0.0001907377737087046,0.010989010989014503,-0.0219780219780219,31,28,ENABLE
1784993390.0445912,-0.0005722133211261138,-0.0329670329670364,-0.0219780219780219,31,28,ENABLE
1784993390.048935,-0.0005722133211261138,-0.0329670329670364,-0.0219780219780219,31,28,ENABLE
1784993390.0537643,-0.0001907377737087046,-0.010989010989014503,-0.0219780219780219,31,28,ENABLE
1784993390.058761,-0.0001907377737087046,-0.010989010989014503,-0.0219780219780219,31,28,ENABLE
1784993390.0645266,-0.0001907377737087046,-0.0329670329670364,-0.03076923076923066,31,28,ENABLE
1784993390.0695229,-0.0005722133211261138,-0.010989010989014503,-0.0219780219780219,31,28,ENABLE
1784993390.0741906,-0.0005722133211261138,-0.010989010989014503,-0.0219780219780219,31,28,ENABLE
1784993390.079089,-0.0001907377737087046,-0.010989010989014503,-0.0219780219780219,31,28,ENABLE
1784993390.0839987,-0.0005722133211261138,-0.0329670329670364,-0.0219780219780219,31,28,ENABLE
1784993390.0891185,-0.0001907377737087046,-0.0329670329670364,-0.0219780219780219,31,28,ENABLE
1784993390.094517,-0.0001907377737087046,-0.010989010989014503,-0.0219780219780219,31,28,ENABLE
1784993390.0990508,-0.0001907377737087046,-0.010989010989014503,-0.0219780219780219,31,28,ENABLE
1784993390.104053,-0.0005722133211261138,-0.0329670329670364,-0.03076923076923066,31,28,ENABLE
1784993390.1094434,-0.0001907377737087046,0.010989010989014503,-0.0219780219780219,31,28,ENABLE
1784993390.1142886,-0.0001907377737087046,0.010989010989014503,-0.0219780219780219,31,28,ENABLE
1784993390.119354,-0.0001907377737087046,-0.010989010989014503,-0.03076923076923066,31,28,ENABLE
1784993390.124052,-0.0001907377737087046,-0.010989010989014503,-0.0219780219780219,31,28,ENABLE
1784993390.1295207,-0.0001907377737087046,-0.010989010989014503,-0.0219780219780219,31,28,ENABLE
1784993390.1342833,-0.0001907377737087046,-0.0329670329670364,-0.0219780219780219,31,28,ENABLE
1784993390.139242,-0.0001907377737087046,0.010989010989014503,-0.0219780219780219,31,28,ENABLE
1784993390.144009,-0.0005722133211261138,-0.010989010989014503,-0.0219780219780219,31,28,ENABLE
1784993390.14872,-0.0001907377737087046,-0.010989010989014503,-0.01318681318681314,31,28,ENABLE
1784993390.1539211,-0.0001907377737087046,-0.010989010989014503,-0.01318681318681314,31,28,ENABLE
1784993390.1592886,-0.0001907377737087046,-0.010989010989014503,-0.0219780219780219,31,28,ENABLE
1784993390.164177,-0.0005722133211261138,-0.010989010989014503,-0.0219780219780219,31,28,ENABLE
1784993390.1696765,-0.0005722133211261138,-0.0329670329670364,-0.0219780219780219,31,28,ENABLE
1784993390.173702,-0.0001907377737087046,-0.010989010989014503,-0.0219780219780219,31,28,ENABLE
1784993390.178718,-0.0001907377737087046,-0.010989010989014503,-0.01318681318681314,31,28,ENABLE
1784993390.18447,-0.0001907377737087046,-0.0329670329670364,-0.0219780219780219,31,28,ENABLE
1784993390.1895788,-0.0001907377737087046,0.010989010989014503,-0.0219780219780219,31,28,ENABLE
1784993390.1947103,-0.0001907377737087046,-0.010989010989014503,-0.0219780219780219,31,28,ENABLE
1784993390.199183,-0.0005722133211261138,-0.010989010989014503,-0.01318681318681314,31,28,ENABLE
1784993390.2039807,-0.0005722133211261138,-0.0329670329670364,-0.0219780219780219,31,28,ENABLE
1784993390.2088945,-0.0001907377737087046,-0.010989010989014503,-0.01318681318681314,31,28,ENABLE
1784993390.214537,-0.0005722133211261138,-0.010989010989014503,-0.0219780219780219,31,28,ENABLE
1784993390.2190936,-0.0005722133211261138,-0.010989010989014503,-0.0219780219780219,31,28,ENABLE
1784993390.2242599,-0.0005722133211261138,-0.010989010989014503,-0.00439560439560438,31,28,ENABLE
1784993390.2292626,-0.0001907377737087046,-0.010989010989014503,-0.0219780219780219,31,28,ENABLE
1784993390.23415,-0.0001907377737087046,0.010989010989014503,-0.03076923076923066,31,28,ENABLE
1784993390.2392423,-0.0001907377737087046,0.010989010989014503,-0.03076923076923066,31,28,ENABLE
1784993390.2438526,-0.0001907377737087046,-0.010989010989014503,-0.0219780219780219,31,28,ENABLE
1784993390.253098,-0.0001907377737087046,-0.010989010989014503,-0.03076923076923066,31,28,ENABLE
1784993390.255599,-0.0001907377737087046,-0.010989010989014503,-0.0219780219780219,31,28,ENABLE
1784993390.2593718,-0.0001907377737087046,-0.010989010989014503,-0.0219780219780219,31,28,ENABLE
1784993390.2641187,-0.0005722133211261138,-0.0329670329670364,-0.01318681318681314,31,28,ENABLE
1784993390.2687738,-0.0001907377737087046,-0.010989010989014503,-0.0219780219780219,31,28,ENABLE
1784993390.2742517,-0.0005722133211261138,-0.010989010989014503,-0.01318681318681314,31,28,ENABLE
1784993390.2795925,-0.0005722133211261138,-0.0329670329670364,-0.01318681318681314,31,28,ENABLE
1784993390.2840862,-0.0001907377737087046,-0.010989010989014503,-0.0219780219780219,31,28,ENABLE
1784993390.289183,-0.0005722133211261138,-0.010989010989014503,-0.0219780219780219,31,28,ENABLE
1784993390.2940915,-0.0001907377737087046,-0.010989010989014503,-0.0219780219780219,31,28,ENABLE
1784993390.299265,-0.0001907377737087046,-0.010989010989014503,-0.03076923076923066,31,28,ENABLE
1784993390.3040202,-0.0001907377737087046,-0.010989010989014503,-0.0219780219780219,31,28,ENABLE
1784993390.3090146,-0.0001907377737087046,-0.010989010989014503,-0.0219780219780219,31,28,ENABLE
1784993390.3145568,-0.0005722133211261138,-0.010989010989014503,-0.0219780219780219,31,28,ENABLE
1784993390.3195157,-0.0005722133211261138,0.010989010989014503,-0.0219780219780219,31,28,ENABLE
1784993390.324551,-0.0005722133211261138,-0.0329670329670364,-0.0219780219780219,31,28,ENABLE
1784993390.3289907,-0.0005722133211261138,-0.0329670329670364,-0.0219780219780219,31,28,ENABLE
1784993390.334104,-0.0005722133211261138,-0.010989010989014503,-0.0219780219780219,31,28,ENABLE
1784993390.3392386,-0.0005722133211261138,-0.010989010989014503,-0.0219780219780219,31,28,ENABLE
1784993390.3442936,-0.0005722133211261138,-0.010989010989014503,-0.0219780219780219,31,28,ENABLE
1784993390.3490477,-0.0001907377737087046,-0.010989010989014503,-0.0219780219780219,31,28,ENABLE
1784993390.3539963,-0.0001907377737087046,-0.010989010989014503,-0.03076923076923066,31,28,ENABLE
1784993390.3592417,-0.0001907377737087046,-0.010989010989014503,-0.03076923076923066,31,28,ENABLE
1784993390.3643441,-0.0001907377737087046,0.010989010989014503,-0.03076923076923066,31,28,ENABLE
1784993390.3695152,-0.0005722133211261138,-0.010989010989014503,-0.03076923076923066,31,28,ENABLE
1784993390.3741171,-0.0005722133211261138,-0.0329670329670364,-0.0219780219780219,31,28,ENABLE
1784993390.379119,-0.0001907377737087046,-0.010989010989014503,-0.01318681318681314,31,28,ENABLE
1784993390.3845203,-0.0005722133211261138,-0.010989010989014503,-0.01318681318681314,31,28,ENABLE
1784993390.3895066,-0.0005722133211261138,-0.010989010989014503,-0.00439560439560438,31,28,ENABLE
1784993390.3941228,-0.0005722133211261138,-0.010989010989014503,-0.0219780219780219,31,28,ENABLE
1784993390.3995166,-0.0001907377737087046,-0.010989010989014503,-0.0219780219780219,31,28,ENABLE
1784993390.4045153,-0.0001907377737087046,-0.0329670329670364,-0.03076923076923066,31,28,ENABLE
1784993390.4095078,-0.0005722133211261138,-0.0329670329670364,-0.0219780219780219,31,28,ENABLE
1784993390.4140565,-0.0001907377737087046,0.010989010989014503,-0.01318681318681314,31,28,ENABLE
1784993390.4190593,-0.0001907377737087046,0.010989010989014503,-0.0219780219780219,31,28,ENABLE
1784993390.424543,-0.0001907377737087046,-0.010989010989014503,-0.0219780219780219,31,28,ENABLE
1784993390.4294755,-0.0005722133211261138,-0.0329670329670364,-0.0219780219780219,31,28,ENABLE
1784993390.4345129,-0.0001907377737087046,-0.010989010989014503,-0.0219780219780219,31,28,ENABLE
1784993390.4389527,-0.0005722133211261138,-0.0329670329670364,-0.0219780219780219,31,28,ENABLE
1784993390.4442103,-0.0001907377737087046,-0.010989010989014503,-0.0219780219780219,31,28,ENABLE
1784993390.4492342,-0.0001907377737087046,-0.0329670329670364,-0.0219780219780219,31,28,ENABLE
1784993390.4541786,-0.0001907377737087046,0.010989010989014503,-0.0219780219780219,31,28,ENABLE
1784993390.4587722,-0.0001907377737087046,-0.0329670329670364,-0.01318681318681314,31,28,ENABLE
1784993390.463749,-0.0001907377737087046,-0.010989010989014503,-0.0219780219780219,31,28,ENABLE
1784993390.4689162,-0.0005722133211261138,-0.0329670329670364,-0.0219780219780219,31,28,ENABLE
1784993390.4743388,-0.0001907377737087046,-0.0329670329670364,-0.0219780219780219,31,28,ENABLE
1784993390.4801369,-0.0001907377737087046,0.010989010989014503,-0.01318681318681314,31,28,ENABLE
1784993390.484703,-0.0001907377737087046,-0.010989010989014503,-0.01318681318681314,31,28,ENABLE
1784993390.4891827,-0.0001907377737087046,0.010989010989014503,-0.0219780219780219,31,28,ENABLE
1784993390.4940786,-0.0001907377737087046,-0.010989010989014503,-0.0219780219780219,31,28,ENABLE
1784993390.49951,-0.0001907377737087046,-0.010989010989014503,-0.0219780219780219,31,28,ENABLE
1784993390.5045416,-0.0001907377737087046,-0.010989010989014503,-0.0219780219780219,31,28,ENABLE
1784993390.509481,-0.0005722133211261138,-0.010989010989014503,-0.01318681318681314,31,28,ENABLE
1784993390.5145414,-0.0001907377737087046,-0.0329670329670364,-0.0219780219780219,31,28,ENABLE
1784993390.5190275,-0.0001907377737087046,-0.010989010989014503,-0.0219780219780219,31,28,ENABLE
1784993390.5244446,-0.0005722133211261138,-0.010989010989014503,-0.0219780219780219,31,28,ENABLE
1784993390.529233,-0.0001907377737087046,-0.010989010989014503,-0.0219780219780219,31,28,ENABLE
1784993390.5339108,-0.0001907377737087046,0.010989010989014503,-0.0219780219780219,31,28,ENABLE
1784993390.5390496,-0.0001907377737087046,-0.010989010989014503,-0.03076923076923066,31,28,ENABLE
1784993390.544608,-0.0001907377737087046,-0.010989010989014503,-0.0219780219780219,31,28,ENABLE
1784993390.549621,-0.0001907377737087046,-0.010989010989014503,-0.03076923076923066,31,28,ENABLE
1784993390.5541296,-0.0001907377737087046,-0.010989010989014503,-0.0219780219780219,31,28,ENABLE
1784993390.5589447,-0.0001907377737087046,-0.010989010989014503,-0.01318681318681314,31,28,ENABLE
1784993390.5642428,-0.0001907377737087046,0.010989010989014503,-0.01318681318681314,31,28,ENABLE
1784993390.5692651,-0.0001907377737087046,-0.010989010989014503,-0.0219780219780219,31,28,ENABLE
1784993390.5739508,-0.0001907377737087046,-0.0329670329670364,-0.01318681318681314,31,28,ENABLE
1784993390.5790122,-0.0005722133211261138,-0.0329670329670364,-0.0219780219780219,31,28,ENABLE
1784993390.5840685,-0.0001907377737087046,0.010989010989014503,-0.0219780219780219,31,28,ENABLE
1784993390.5894706,-0.0001907377737087046,-0.010989010989014503,-0.0219780219780219,31,28,ENABLE
1784993390.5944202,-0.0001907377737087046,0.010989010989014503,-0.0219780219780219,31,28,ENABLE
1784993390.598906,-0.0001907377737087046,-0.010989010989014503,-0.03076923076923066,31,28,ENABLE
1784993390.6037147,-0.0001907377737087046,-0.010989010989014503,-0.03076923076923066,31,28,ENABLE
1784993390.6094575,-0.0001907377737087046,-0.010989010989014503,-0.0219780219780219,31,28,ENABLE
1784993390.61449,-0.0001907377737087046,-0.0329670329670364,-0.0219780219780219,31,28,ENABLE
1784993390.61918,-0.0001907377737087046,-0.0329670329670364,-0.0219780219780219,31,28,ENABLE
1784993390.624616,-0.0001907377737087046,-0.010989010989014503,-0.01318681318681314,31,28,ENABLE
1784993390.6289184,-0.0005722133211261138,-0.0329670329670364,-0.0219780219780219,31,28,ENABLE
1784993390.633785,-0.0001907377737087046,-0.010989010989014503,-0.01318681318681314,31,28,ENABLE
1784993390.6395428,-0.0001907377737087046,0.010989010989014503,-0.0219780219780219,31,28,ENABLE
1784993390.6445458,-0.0001907377737087046,-0.010989010989014503,-0.0219780219780219,31,28,ENABLE
1784993390.649106,-0.0001907377737087046,-0.010989010989014503,-0.0219780219780219,31,28,ENABLE
1784993390.6541898,-0.0001907377737087046,-0.010989010989014503,-0.0219780219780219,31,28,ENABLE
1784993390.658855,-0.0001907377737087046,-0.010989010989014503,-0.0219780219780219,31,28,ENABLE
1784993390.664229,-0.0001907377737087046,-0.010989010989014503,-0.03076923076923066,31,28,ENABLE
1784993390.6694987,-0.0001907377737087046,0.010989010989014503,-0.0219780219780219,31,28,ENABLE
1784993390.673979,-0.0001907377737087046,-0.010989010989014503,-0.0219780219780219,31,28,ENABLE
1784993390.6789863,-0.0001907377737087046,-0.010989010989014503,-0.0219780219780219,31,28,ENABLE
1784993390.6840174,-0.0001907377737087046,-0.010989010989014503,-0.0219780219780219,31,28,ENABLE
1784993390.6895132,-0.0001907377737087046,-0.010989010989014503,-0.00439560439560438,31,28,ENABLE
1784993390.694548,-0.0001907377737087046,-0.010989010989014503,-0.01318681318681314,31,28,ENABLE
1784993390.6991372,-0.0001907377737087046,-0.010989010989014503,-0.0219780219780219,31,28,ENABLE
1784993390.7041721,-0.0001907377737087046,-0.0329670329670364,-0.01318681318681314,31,28,ENABLE
1784993390.7092621,-0.0001907377737087046,-0.010989010989014503,-0.01318681318681314,31,28,ENABLE
1784993390.7142384,-0.0005722133211261138,-0.0329670329670364,-0.01318681318681314,31,28,ENABLE
1784993390.7189806,-0.0001907377737087046,-0.010989010989014503,-0.01318681318681314,31,28,ENABLE
1784993390.7241035,-0.0001907377737087046,-0.010989010989014503,-0.00439560439560438,31,28,ENABLE
1784993390.7290866,-0.0001907377737087046,0.010989010989014503,-0.00439560439560438,31,28,ENABLE
1784993390.7345977,-0.0001907377737087046,-0.010989010989014503,-0.0219780219780219,31,28,ENABLE
1784993390.7392337,-0.0001907377737087046,-0.0329670329670364,-0.0219780219780219,31,28,ENABLE
1784993390.743847,-0.0001907377737087046,-0.010989010989014503,-0.01318681318681314,31,28,ENABLE
1784993390.7488816,-0.0005722133211261138,-0.010989010989014503,-0.01318681318681314,31,28,ENABLE
1784993390.7539074,-0.0001907377737087046,-0.010989010989014503,-0.01318681318681314,31,28,ENABLE
1784993390.759731,-0.0001907377737087046,0.010989010989014503,-0.01318681318681314,31,28,ENABLE
1784993390.7646582,-0.0001907377737087046,0.010989010989014503,-0.0219780219780219,31,28,ENABLE
1784993390.7691684,-0.0005722133211261138,-0.010989010989014503,-0.03076923076923066,31,28,ENABLE
1784993390.774177,-0.0005722133211261138,-0.010989010989014503,-0.0219780219780219,31,28,ENABLE
1784993390.779301,-0.0001907377737087046,-0.010989010989014503,-0.0219780219780219,31,28,ENABLE
1784993390.7842655,-0.0001907377737087046,0.010989010989014503,-0.0219780219780219,31,28,ENABLE
1784993390.7890704,-0.0001907377737087046,-0.010989010989014503,-0.0219780219780219,31,28,ENABLE
1784993390.794271,-0.0001907377737087046,-0.010989010989014503,-0.01318681318681314,31,28,ENABLE
1784993390.7990446,-0.0001907377737087046,-0.010989010989014503,-0.0219780219780219,31,28,ENABLE
1784993390.8045268,-0.0001907377737087046,-0.010989010989014503,-0.0219780219780219,31,28,ENABLE
1784993390.8091362,-0.0001907377737087046,-0.010989010989014503,-0.03076923076923066,31,28,ENABLE
1784993390.8144052,-0.0001907377737087046,-0.010989010989014503,-0.0219780219780219,31,28,ENABLE
1784993390.8189373,-0.0001907377737087046,-0.010989010989014503,-0.0219780219780219,31,28,ENABLE
1784993390.8242946,-0.0005722133211261138,-0.010989010989014503,-0.01318681318681314,31,28,ENABLE
1784993390.8290563,-0.0005722133211261138,-0.0329670329670364,-0.0219780219780219,31,28,ENABLE
1784993390.8341098,-0.0001907377737087046,0.010989010989014503,-0.01318681318681314,31,28,ENABLE
1784993390.8392534,-0.0005722133211261138,-0.010989010989014503,-0.0219780219780219,31,28,ENABLE
1784993390.8442204,-0.0001907377737087046,-0.010989010989014503,-0.0219780219780219,31,28,ENABLE
1784993390.8492148,-0.0001907377737087046,0.010989010989014503,-0.03076923076923066,31,28,ENABLE
1784993390.8542428,-0.0001907377737087046,-0.010989010989014503,-0.0219780219780219,31,28,ENABLE
1784993390.8593612,-0.0001907377737087046,-0.010989010989014503,-0.0219780219780219,31,28,ENABLE
1784993390.8642874,-0.0005722133211261138,-0.010989010989014503,-0.0219780219780219,31,28,ENABLE
1784993390.868981,-0.0001907377737087046,-0.010989010989014503,-0.0219780219780219,31,28,ENABLE
1784993390.874031,-0.0005722133211261138,-0.010989010989014503,-0.0219780219780219,31,28,ENABLE
1784993390.8792746,-0.0001907377737087046,-0.010989010989014503,-0.01318681318681314,31,28,ENABLE
1784993390.8839195,-0.0001907377737087046,0.010989010989014503,-0.0219780219780219,31,28,ENABLE
1784993390.8888824,-0.0001907377737087046,-0.010989010989014503,-0.01318681318681314,31,28,ENABLE
1784993390.8943172,-0.0001907377737087046,-0.010989010989014503,-0.03076923076923066,31,28,ENABLE
1784993390.8990424,-0.0005722133211261138,-0.0329670329670364,-0.0219780219780219,31,28,ENABLE
1784993390.904532,-0.0001907377737087046,0.010989010989014503,-0.0219780219780219,31,28,ENABLE
1784993390.9090142,-0.0001907377737087046,-0.010989010989014503,-0.0219780219780219,31,28,ENABLE
1784993390.9140527,-0.0001907377737087046,-0.010989010989014503,-0.01318681318681314,31,28,ENABLE
1784993390.9193025,-0.0001907377737087046,0.010989010989014503,-0.0219780219780219,31,28,ENABLE
1784993390.924238,-0.0001907377737087046,-0.010989010989014503,-0.0219780219780219,31,28,ENABLE
1784993390.9291437,-0.0005722133211261138,-0.0329670329670364,-0.01318681318681314,31,28,ENABLE
1784993390.9345517,-0.0001907377737087046,0.010989010989014503,-0.0219780219780219,31,28,ENABLE
1784993390.9392061,-0.0001907377737087046,-0.0329670329670364,-0.0219780219780219,31,28,ENABLE
1784993390.9439952,-0.0001907377737087046,-0.010989010989014503,-0.0219780219780219,31,28,ENABLE
1784993390.9489021,-0.0001907377737087046,0.010989010989014503,-0.0219780219780219,31,28,ENABLE
1784993390.953833,-0.0001907377737087046,-0.010989010989014503,-0.0219780219780219,31,28,ENABLE
1784993390.958831,-0.0001907377737087046,-0.010989010989014503,-0.0219780219780219,31,28,ENABLE
1784993390.9641001,-0.0001907377737087046,-0.010989010989014503,-0.0219780219780219,31,28,ENABLE
1784993390.9695418,-0.0001907377737087046,-0.010989010989014503,-0.0219780219780219,31,28,ENABLE
1784993390.9745092,-0.0001907377737087046,-0.010989010989014503,-0.0219780219780219,31,28,ENABLE
1784993390.9790254,-0.0001907377737087046,-0.010989010989014503,-0.0219780219780219,31,28,ENABLE
1784993390.9845014,-0.0001907377737087046,-0.010989010989014503,-0.0219780219780219,31,28,ENABLE
1784993390.9894693,-0.0001907377737087046,-0.010989010989014503,-0.03076923076923066,31,28,ENABLE
1784993390.994233,-0.0001907377737087046,-0.010989010989014503,-0.0219780219780219,31,28,ENABLE
1784993390.9990602,-0.0001907377737087046,-0.010989010989014503,-0.0219780219780219,31,28,ENABLE
1784993391.0040953,-0.0001907377737087046,-0.010989010989014503,-0.01318681318681314,31,28,ENABLE
1784993391.0094957,-0.0001907377737087046,-0.010989010989014503,-0.0219780219780219,31,28,ENABLE
1784993391.0144913,-0.0001907377737087046,-0.010989010989014503,-0.0219780219780219,31,28,ENABLE
1784993391.0195427,-0.0001907377737087046,-0.010989010989014503,-0.0219780219780219,31,28,ENABLE
1784993391.02444,-0.0001907377737087046,-0.010989010989014503,-0.03076923076923066,31,28,ENABLE
1784993391.0292876,-0.0001907377737087046,-0.010989010989014503,-0.0219780219780219,31,28,ENABLE
1784993391.033816,-0.0001907377737087046,-0.010989010989014503,-0.0219780219780219,31,28,ENABLE
1784993391.039118,-0.0001907377737087046,-0.010989010989014503,-0.0219780219780219,31,28,ENABLE
1784993391.0442297,-0.0001907377737087046,-0.010989010989014503,-0.03076923076923066,31,28,ENABLE
1784993391.0489018,-0.0001907377737087046,-0.010989010989014503,-0.03076923076923066,31,28,ENABLE
1784993391.053879,-0.0005722133211261138,-0.010989010989014503,-0.0219780219780219,31,28,ENABLE
1784993391.0594094,-0.0001907377737087046,-0.010989010989014503,-0.03076923076923066,31,28,ENABLE
1784993391.0645459,-0.0001907377737087046,-0.0329670329670364,-0.0219780219780219,31,28,ENABLE
1784993391.069071,-0.0001907377737087046,-0.010989010989014503,-0.0219780219780219,31,28,ENABLE
1784993391.0739577,-0.0005722133211261138,-0.0329670329670364,-0.0219780219780219,31,28,ENABLE
1784993391.0789247,-0.0001907377737087046,0.010989010989014503,-0.0219780219780219,31,28,ENABLE
1784993391.0842288,-0.0005722133211261138,-0.0329670329670364,-0.03076923076923066,31,28,ENABLE
1784993391.0893853,-0.0005722133211261138,-0.010989010989014503,-0.0219780219780219,31,28,ENABLE
1784993391.0944924,-0.0001907377737087046,-0.010989010989014503,-0.0219780219780219,31,28,ENABLE
1784993391.099282,-0.0001907377737087046,-0.010989010989014503,-0.0219780219780219,31,28,ENABLE
1784993391.1040137,-0.0001907377737087046,-0.0329670329670364,-0.0219780219780219,31,28,ENABLE
1784993391.1095698,-0.0001907377737087046,-0.010989010989014503,-0.03076923076923066,31,28,ENABLE
1784993391.1142662,-0.0001907377737087046,0.010989010989014503,-0.0219780219780219,31,28,ENABLE
1784993391.1192923,-0.0001907377737087046,-0.0329670329670364,-0.0219780219780219,31,28,ENABLE
1784993391.1239207,-0.0001907377737087046,-0.010989010989014503,-0.0219780219780219,31,28,ENABLE
1784993391.1289155,-0.0001907377737087046,0.010989010989014503,-0.01318681318681314,31,28,ENABLE
1784993391.134248,-0.0001907377737087046,-0.010989010989014503,-0.01318681318681314,31,28,ENABLE
1784993391.1393845,-0.0001907377737087046,-0.010989010989014503,-0.0219780219780219,31,28,ENABLE
1784993391.1440978,-0.0001907377737087046,-0.010989010989014503,-0.0219780219780219,31,28,ENABLE
1784993391.149544,-0.0001907377737087046,0.010989010989014503,-0.0219780219780219,31,28,ENABLE
1784993391.154022,-0.0001907377737087046,-0.010989010989014503,-0.03076923076923066,31,28,ENABLE
1784993391.1595333,-0.0001907377737087046,-0.010989010989014503,-0.0219780219780219,31,28,ENABLE
1784993391.1638498,-0.0001907377737087046,-0.010989010989014503,-0.0219780219780219,31,28,ENABLE
1784993391.1688983,-0.0001907377737087046,-0.0329670329670364,-0.0219780219780219,31,28,ENABLE
1784993391.174111,-0.0001907377737087046,-0.010989010989014503,-0.01318681318681314,31,28,ENABLE
1784993391.1793523,-0.0001907377737087046,-0.010989010989014503,-0.0219780219780219,31,28,ENABLE
1784993391.1840794,-0.0005722133211261138,-0.0329670329670364,-0.0219780219780219,31,28,ENABLE
1784993391.189475,-0.0001907377737087046,-0.010989010989014503,-0.0219780219780219,31,28,ENABLE
1784993391.1939068,-0.0001907377737087046,-0.010989010989014503,-0.0219780219780219,31,28,ENABLE
1784993391.198963,-0.0001907377737087046,-0.010989010989014503,-0.0219780219780219,31,28,ENABLE
1784993391.2040362,-0.0001907377737087046,-0.010989010989014503,-0.01318681318681314,31,28,ENABLE
1784993391.2094736,-0.0001907377737087046,-0.010989010989014503,-0.01318681318681314,31,28,ENABLE
1784993391.2142622,-0.0001907377737087046,-0.010989010989014503,-0.0219780219780219,31,28,ENABLE
1784993391.2192533,-0.0001907377737087046,-0.0329670329670364,-0.01318681318681314,31,28,ENABLE
1784993391.2238944,-0.0001907377737087046,-0.010989010989014503,-0.01318681318681314,31,28,ENABLE
1784993391.2292445,-0.0001907377737087046,0.010989010989014503,-0.0219780219780219,31,28,ENABLE
1784993391.233894,-0.0001907377737087046,-0.010989010989014503,-0.03076923076923066,31,28,ENABLE
1784993391.2393663,-0.0005722133211261138,-0.010989010989014503,-0.03076923076923066,31,28,ENABLE
1784993391.2441428,-0.0005722133211261138,-0.0329670329670364,-0.01318681318681314,31,28,ENABLE
1784993391.2495513,-0.0001907377737087046,-0.010989010989014503,-0.01318681318681314,31,28,ENABLE
1784993391.2540343,-0.0001907377737087046,-0.010989010989014503,-0.01318681318681314,31,28,ENABLE
1784993391.259298,-0.0001907377737087046,0.010989010989014503,-0.01318681318681314,31,28,ENABLE
1784993391.2642624,-0.0001907377737087046,-0.010989010989014503,-0.01318681318681314,31,28,ENABLE
1784993391.2693815,-0.0001907377737087046,-0.0329670329670364,-0.0219780219780219,31,28,ENABLE
1784993391.2745907,-0.0001907377737087046,-0.010989010989014503,-0.0219780219780219,31,28,ENABLE
1784993391.2789822,-0.0001907377737087046,-0.010989010989014503,-0.0219780219780219,31,28,ENABLE
1784993391.2845128,-0.0001907377737087046,-0.010989010989014503,-0.0219780219780219,31,28,ENABLE
1784993391.2889473,-0.0001907377737087046,0.010989010989014503,-0.0219780219780219,31,28,ENABLE
1784993391.2939885,-0.0001907377737087046,-0.010989010989014503,-0.0219780219780219,31,28,ENABLE
1784993391.2986379,-0.0001907377737087046,-0.0329670329670364,-0.0219780219780219,31,28,ENABLE
1784993391.3045127,-0.0001907377737087046,-0.010989010989014503,-0.0219780219780219,31,28,ENABLE
1784993391.3095224,-0.0001907377737087046,-0.010989010989014503,-0.0219780219780219,31,28,ENABLE
1784993391.3139277,-0.0001907377737087046,-0.010989010989014503,-0.01318681318681314,31,28,ENABLE
1784993391.3193157,-0.0001907377737087046,-0.010989010989014503,-0.0219780219780219,31,28,ENABLE
1784993391.3239179,-0.0001907377737087046,-0.010989010989014503,-0.0219780219780219,31,28,ENABLE
1784993391.3289046,-0.0001907377737087046,-0.010989010989014503,-0.0219780219780219,31,28,ENABLE
1784993391.3339016,-0.0001907377737087046,-0.010989010989014503,-0.0219780219780219,31,28,ENABLE
1784993391.3394802,-0.0001907377737087046,0.010989010989014503,-0.03076923076923066,31,28,ENABLE
1784993391.344607,-0.0001907377737087046,0.010989010989014503,-0.0219780219780219,31,28,ENABLE
1784993391.3491557,-0.0001907377737087046,-0.010989010989014503,-0.0219780219780219,31,28,ENABLE
1784993391.3544843,-0.0001907377737087046,-0.010989010989014503,-0.01318681318681314,31,28,ENABLE
1784993391.359031,-0.0001907377737087046,-0.0329670329670364,-0.01318681318681314,31,28,ENABLE
1784993391.3642628,-0.0001907377737087046,-0.010989010989014503,-0.01318681318681314,31,28,ENABLE
1784993391.3690238,-0.0001907377737087046,-0.010989010989014503,-0.01318681318681314,31,28,ENABLE
1784993391.374516,-0.0001907377737087046,-0.010989010989014503,-0.01318681318681314,31,28,ENABLE
1784993391.3789496,-0.0005722133211261138,-0.0329670329670364,-0.0219780219780219,31,28,ENABLE
1784993391.383723,-0.0001907377737087046,-0.010989010989014503,-0.0219780219780219,31,28,ENABLE
1784993391.3892052,-0.0001907377737087046,-0.010989010989014503,-0.0219780219780219,31,28,ENABLE
1784993391.3945591,-0.0001907377737087046,-0.010989010989014503,-0.0219780219780219,31,28,ENABLE
1784993391.3995597,-0.0001907377737087046,0.010989010989014503,-0.01318681318681314,31,28,ENABLE
1784993391.4044886,-0.0005722133211261138,-0.010989010989014503,-0.0219780219780219,31,28,ENABLE
1784993391.4091122,-0.0001907377737087046,-0.0329670329670364,-0.0219780219780219,31,28,ENABLE
1784993391.4147024,-0.0001907377737087046,0.010989010989014503,-0.0219780219780219,31,28,ENABLE
1784993391.419696,-0.0005722133211261138,-0.0329670329670364,-0.01318681318681314,31,28,ENABLE
1784993391.424541,-0.0001907377737087046,-0.010989010989014503,-0.0219780219780219,31,28,ENABLE
1784993391.4290318,-0.0001907377737087046,-0.010989010989014503,-0.0219780219780219,31,28,ENABLE
1784993391.434507,-0.0001907377737087046,-0.010989010989014503,-0.0219780219780219,31,28,ENABLE
1784993391.4394724,-0.0001907377737087046,-0.010989010989014503,-0.0219780219780219,31,28,ENABLE
1784993391.444049,-0.0001907377737087046,0.010989010989014503,-0.0219780219780219,31,28,ENABLE
1784993391.4487314,-0.0005722133211261138,-0.010989010989014503,-0.03076923076923066,31,28,ENABLE
1784993391.4539056,-0.0001907377737087046,-0.0329670329670364,-0.03076923076923066,31,28,ENABLE
1784993391.4592624,-0.0005722133211261138,-0.010989010989014503,-0.03076923076923066,31,28,ENABLE
1784993391.4646654,-0.0001907377737087046,-0.010989010989014503,-0.0219780219780219,31,28,ENABLE
1784993391.4696217,-0.0005722133211261138,-0.0329670329670364,-0.01318681318681314,31,28,ENABLE
1784993391.4740107,-0.0001907377737087046,0.010989010989014503,-0.01318681318681314,31,28,ENABLE
1784993391.478936,-0.0005722133211261138,-0.010989010989014503,-0.01318681318681314,31,28,ENABLE
1784993391.4842587,-0.0001907377737087046,-0.010989010989014503,-0.0219780219780219,31,28,ENABLE
1784993391.4893258,-0.0001907377737087046,0.010989010989014503,-0.0219780219780219,31,28,ENABLE
1784993391.494545,-0.0001907377737087046,-0.010989010989014503,-0.0219780219780219,31,28,ENABLE
1784993391.4990795,-0.0005722133211261138,-0.010989010989014503,-0.0219780219780219,31,28,ENABLE
1784993391.5040932,-0.0001907377737087046,-0.0329670329670364,-0.03076923076923066,31,28,ENABLE
1784993391.5090098,-0.0001907377737087046,0.010989010989014503,-0.0219780219780219,31,28,ENABLE
1784993391.5142536,-0.0001907377737087046,-0.010989010989014503,-0.0219780219780219,31,28,ENABLE
1784993391.5192742,-0.0001907377737087046,-0.010989010989014503,-0.0219780219780219,31,28,ENABLE
1784993391.523873,-0.0001907377737087046,0.010989010989014503,-0.03076923076923066,31,28,ENABLE
1784993391.5288985,-0.0001907377737087046,-0.0329670329670364,-0.03076923076923066,31,28,ENABLE
1784993391.534533,-0.0001907377737087046,-0.0329670329670364,-0.01318681318681314,31,28,ENABLE
1784993391.5394661,-0.0001907377737087046,-0.010989010989014503,-0.01318681318681314,31,28,ENABLE
1784993391.5439076,-0.0001907377737087046,-0.010989010989014503,-0.0219780219780219,31,28,ENABLE
1784993391.549137,-0.0001907377737087046,0.010989010989014503,-0.01318681318681314,31,28,ENABLE
1784993391.5544527,-0.0001907377737087046,-0.010989010989014503,-0.01318681318681314,31,28,ENABLE
1784993391.5594504,-0.0001907377737087046,-0.010989010989014503,-0.0219780219780219,31,28,ENABLE
1784993391.564566,-0.0001907377737087046,-0.010989010989014503,-0.0219780219780219,31,28,ENABLE
1784993391.5690522,-0.0001907377737087046,-0.010989010989014503,-0.01318681318681314,31,28,ENABLE
1784993391.5737393,-0.0005722133211261138,-0.0329670329670364,-0.0219780219780219,31,28,ENABLE
1784993391.5789812,-0.0001907377737087046,0.010989010989014503,-0.0219780219780219,31,28,ENABLE
1784993391.5845122,-0.0001907377737087046,-0.010989010989014503,-0.01318681318681314,31,28,ENABLE
1784993391.5895345,-0.0001907377737087046,-0.010989010989014503,-0.0219780219780219,31,28,ENABLE
1784993391.5946808,-0.0001907377737087046,-0.010989010989014503,-0.01318681318681314,31,28,ENABLE
1784993391.59914,-0.0001907377737087046,-0.010989010989014503,-0.01318681318681314,31,28,ENABLE
1784993391.6044762,-0.0001907377737087046,-0.010989010989014503,-0.01318681318681314,31,28,ENABLE
1784993391.6095395,-0.0001907377737087046,-0.0329670329670364,-0.01318681318681314,31,28,ENABLE
1784993391.6145365,-0.0001907377737087046,-0.010989010989014503,-0.01318681318681314,31,28,ENABLE
1784993391.6195817,-0.0001907377737087046,-0.010989010989014503,-0.0219780219780219,31,28,ENABLE
1784993391.6240878,-0.0005722133211261138,-0.010989010989014503,-0.01318681318681314,31,28,ENABLE
1784993391.6290317,-0.0001907377737087046,-0.010989010989014503,-0.0219780219780219,31,28,ENABLE
1784993391.6339161,-0.0001907377737087046,-0.010989010989014503,-0.0219780219780219,31,28,ENABLE
1784993391.6392448,-0.0001907377737087046,-0.010989010989014503,-0.0219780219780219,31,28,ENABLE
1784993391.6446753,-0.0001907377737087046,-0.010989010989014503,-0.0219780219780219,31,28,ENABLE
1784993391.6491945,-0.0001907377737087046,-0.010989010989014503,-0.01318681318681314,31,28,ENABLE
1784993391.6540682,-0.0001907377737087046,-0.010989010989014503,-0.0219780219780219,31,28,ENABLE
1784993391.6592312,-0.0005722133211261138,0.010989010989014503,-0.0219780219780219,31,28,ENABLE
1784993391.6644804,-0.0001907377737087046,0.010989010989014503,-0.01318681318681314,31,28,ENABLE
1784993391.669149,-0.0001907377737087046,0.010989010989014503,-0.0219780219780219,31,28,ENABLE
1784993391.6742318,-0.0005722133211261138,0.010989010989014503,-0.0219780219780219,31,28,ENABLE
1784993391.67891,-0.0001907377737087046,-0.010989010989014503,-0.0219780219780219,31,28,ENABLE
1784993391.6838837,-0.0001907377737087046,-0.010989010989014503,-0.0219780219780219,31,28,ENABLE
1784993391.6889076,-0.0001907377737087046,0.010989010989014503,-0.0219780219780219,31,28,ENABLE
1784993391.6945024,-0.0001907377737087046,-0.010989010989014503,-0.01318681318681314,31,28,ENABLE
1784993391.6994565,-0.0001907377737087046,-0.010989010989014503,-0.0219780219780219,31,28,ENABLE
1784993391.7041469,-0.0005722133211261138,-0.0329670329670364,-0.0219780219780219,31,28,ENABLE
1784993391.7092218,-0.0001907377737087046,-0.010989010989014503,-0.0219780219780219,31,28,ENABLE
1784993391.7143278,-0.0001907377737087046,-0.010989010989014503,-0.0219780219780219,31,28,ENABLE
1784993391.7188902,-0.0001907377737087046,-0.010989010989014503,-0.0219780219780219,31,28,ENABLE
1784993391.7240224,-0.0005722133211261138,-0.0329670329670364,-0.0219780219780219,31,28,ENABLE
1784993391.7291481,-0.0001907377737087046,-0.010989010989014503,-0.03076923076923066,31,28,ENABLE
1784993391.73426,-0.0005722133211261138,-0.010989010989014503,-0.03076923076923066,31,28,ENABLE
1784993391.7389266,-0.0001907377737087046,-0.010989010989014503,-0.03076923076923066,31,28,ENABLE
1784993391.7444682,-0.0001907377737087046,0.010989010989014503,-0.0219780219780219,31,28,ENABLE
1784993391.7490444,-0.0001907377737087046,-0.010989010989014503,-0.0219780219780219,31,28,ENABLE
1784993391.7542386,-0.0001907377737087046,-0.010989010989014503,-0.0219780219780219,31,28,ENABLE
1784993391.7592623,-0.0001907377737087046,0.010989010989014503,-0.0219780219780219,31,28,ENABLE
1784993391.7642977,-0.0001907377737087046,-0.0329670329670364,-0.0219780219780219,31,28,ENABLE
1784993391.7692664,-0.0001907377737087046,-0.0329670329670364,-0.0219780219780219,31,28,ENABLE
1784993391.7740133,-0.0001907377737087046,-0.0329670329670364,-0.01318681318681314,31,28,ENABLE
1784993391.7790234,-0.0001907377737087046,-0.010989010989014503,-0.0219780219780219,31,28,ENABLE
1784993391.7842615,-0.0001907377737087046,0.010989010989014503,-0.01318681318681314,31,28,ENABLE
1784993391.7889187,-0.0001907377737087046,-0.010989010989014503,-0.0219780219780219,31,28,ENABLE
1784993391.7945268,-0.0001907377737087046,-0.010989010989014503,-0.0219780219780219,31,28,ENABLE
1784993391.799729,-0.0001907377737087046,-0.010989010989014503,-0.01318681318681314,31,28,ENABLE
1784993391.8045573,-0.0001907377737087046,-0.010989010989014503,-0.01318681318681314,31,28,ENABLE
1784993391.8092387,-0.0001907377737087046,-0.010989010989014503,-0.0219780219780219,31,28,ENABLE
1784993391.8139503,-0.0001907377737087046,0.010989010989014503,-0.03076923076923066,31,28,ENABLE
1784993391.8193026,-0.0001907377737087046,-0.010989010989014503,-0.01318681318681314,31,28,ENABLE
1784993391.824454,-0.0001907377737087046,-0.010989010989014503,-0.0219780219780219,31,28,ENABLE
1784993391.829554,-0.0001907377737087046,-0.0549450549450583,-0.0219780219780219,31,28,ENABLE
1784993391.834077,-0.0001907377737087046,-0.010989010989014503,-0.0219780219780219,31,28,ENABLE
1784993391.8394911,-0.0001907377737087046,-0.010989010989014503,-0.0219780219780219,31,28,ENABLE
1784993391.8437107,-0.0001907377737087046,-0.010989010989014503,-0.03076923076923066,31,28,ENABLE
1784993391.8487144,-0.0001907377737087046,-0.010989010989014503,-0.03076923076923066,31,28,ENABLE
1784993391.854421,-0.0001907377737087046,-0.0329670329670364,-0.01318681318681314,31,28,ENABLE
1784993391.8595493,-0.0001907377737087046,-0.010989010989014503,-0.01318681318681314,31,28,ENABLE
1784993391.8646045,-0.0001907377737087046,-0.010989010989014503,-0.0219780219780219,31,28,ENABLE
1784993391.8691485,-0.0001907377737087046,-0.010989010989014503,-0.03076923076923066,31,28,ENABLE
1784993391.8738527,-0.0005722133211261138,-0.010989010989014503,-0.03076923076923066,31,28,ENABLE
1784993391.878886,-0.0001907377737087046,0.010989010989014503,-0.0219780219780219,31,28,ENABLE
1784993391.8843813,-0.0001907377737087046,-0.010989010989014503,-0.0219780219780219,31,28,ENABLE
1784993391.889593,-0.0001907377737087046,-0.010989010989014503,-0.0219780219780219,31,28,ENABLE
1784993391.8941753,-0.0001907377737087046,-0.010989010989014503,-0.0219780219780219,31,28,ENABLE
1784993391.8991196,-0.0001907377737087046,-0.010989010989014503,-0.0219780219780219,31,28,ENABLE
1784993391.9041216,-0.0001907377737087046,-0.010989010989014503,-0.0219780219780219,31,28,ENABLE
1784993391.9094822,-0.0001907377737087046,-0.010989010989014503,-0.0219780219780219,31,28,ENABLE
1784993391.9141688,-0.0001907377737087046,-0.010989010989014503,-0.0219780219780219,31,28,ENABLE
1784993391.9187486,-0.0001907377737087046,-0.010989010989014503,-0.0219780219780219,31,28,ENABLE
1784993391.9238703,-0.0001907377737087046,-0.010989010989014503,-0.03076923076923066,31,28,ENABLE
1784993391.92952,-0.0001907377737087046,-0.010989010989014503,-0.0219780219780219,31,28,ENABLE
1784993391.9345467,-0.0001907377737087046,-0.010989010989014503,-0.0219780219780219,31,28,ENABLE
1784993391.9391105,-0.0001907377737087046,-0.0329670329670364,-0.0219780219780219,31,28,ENABLE
1784993391.9439924,-0.0001907377737087046,-0.0329670329670364,-0.0219780219780219,31,28,ENABLE
1784993391.949509,-0.0001907377737087046,-0.010989010989014503,-0.03076923076923066,31,28,ENABLE
1784993391.9539673,-0.0001907377737087046,-0.010989010989014503,-0.0219780219780219,31,28,ENABLE
1784993391.9592826,-0.0001907377737087046,-0.010989010989014503,-0.0219780219780219,31,28,ENABLE
1784993391.9644477,-0.0001907377737087046,-0.010989010989014503,-0.0219780219780219,31,28,ENABLE
1784993391.9694543,-0.0001907377737087046,-0.010989010989014503,-0.0219780219780219,31,28,ENABLE
1784993391.97439,-0.0001907377737087046,-0.010989010989014503,-0.0219780219780219,31,28,ENABLE
1784993391.9784756,-0.0001907377737087046,-0.010989010989014503,-0.0219780219780219,31,28,ENABLE
1784993391.9841986,-0.0001907377737087046,-0.010989010989014503,-0.0219780219780219,31,28,ENABLE
1784993391.9890516,-0.0001907377737087046,0.010989010989014503,-0.0219780219780219,31,28,ENABLE
1784993391.994504,-0.0001907377737087046,-0.010989010989014503,-0.03076923076923066,31,28,ENABLE
1784993391.9990447,-0.0001907377737087046,-0.010989010989014503,-0.0219780219780219,31,28,ENABLE
1784993392.0044827,-0.0001907377737087046,-0.010989010989014503,-0.03076923076923066,31,28,ENABLE
1784993392.0089192,-0.0001907377737087046,-0.010989010989014503,-0.0219780219780219,31,28,ENABLE
1784993392.0142329,-0.0001907377737087046,-0.010989010989014503,-0.03076923076923066,31,28,ENABLE
1784993392.0192041,-0.0001907377737087046,0.010989010989014503,-0.0219780219780219,31,28,ENABLE
1784993392.0243318,-0.0001907377737087046,-0.010989010989014503,-0.03076923076923066,31,28,ENABLE
1784993392.0291815,-0.0001907377737087046,-0.010989010989014503,-0.0219780219780219,31,28,ENABLE
1784993392.0341346,-0.0005722133211261138,-0.010989010989014503,-0.0219780219780219,31,28,ENABLE
1784993392.0392349,-0.0001907377737087046,-0.010989010989014503,-0.0219780219780219,31,28,ENABLE
1784993392.0442483,-0.0001907377737087046,-0.010989010989014503,-0.0219780219780219,31,28,ENABLE
1784993392.0495195,-0.0001907377737087046,0.010989010989014503,-0.0219780219780219,31,28,ENABLE
1784993392.054109,-0.0001907377737087046,-0.0329670329670364,-0.03076923076923066,31,28,ENABLE
1784993392.0590413,-0.0001907377737087046,-0.010989010989014503,-0.0219780219780219,31,28,ENABLE
1784993392.0640614,-0.0001907377737087046,-0.010989010989014503,-0.03076923076923066,31,28,ENABLE
1784993392.069254,-0.0001907377737087046,-0.010989010989014503,-0.0219780219780219,31,28,ENABLE
1784993392.0742326,-0.0001907377737087046,-0.010989010989014503,-0.03076923076923066,31,28,ENABLE
1784993392.0789394,-0.0005722133211261138,-0.010989010989014503,-0.0219780219780219,31,28,ENABLE
1784993392.0839217,-0.0001907377737087046,-0.010989010989014503,-0.0219780219780219,31,28,ENABLE
1784993392.0889132,-0.0001907377737087046,-0.010989010989014503,-0.0219780219780219,31,28,ENABLE
1784993392.0942352,-0.0001907377737087046,-0.010989010989014503,-0.03076923076923066,31,28,ENABLE
1784993392.0997312,-0.0001907377737087046,-0.010989010989014503,-0.03076923076923066,31,28,ENABLE
1784993392.104216,-0.0001907377737087046,-0.010989010989014503,-0.03076923076923066,31,28,ENABLE
1784993392.109233,-0.0001907377737087046,-0.010989010989014503,-0.0219780219780219,31,28,ENABLE
1784993392.1142387,-0.0001907377737087046,-0.010989010989014503,-0.0219780219780219,31,28,ENABLE
1784993392.1190178,-0.0001907377737087046,-0.010989010989014503,-0.03076923076923066,31,28,ENABLE
1784993392.1240416,-0.0001907377737087046,-0.010989010989014503,-0.0219780219780219,31,28,ENABLE
1784993392.1289425,-0.0001907377737087046,0.010989010989014503,-0.0219780219780219,31,28,ENABLE
1784993392.1342728,-0.0001907377737087046,-0.010989010989014503,-0.0219780219780219,31,28,ENABLE
1784993392.1390977,-0.0001907377737087046,-0.010989010989014503,-0.01318681318681314,31,28,ENABLE
1784993392.1444995,-0.0005722133211261138,-0.0329670329670364,-0.0219780219780219,31,28,ENABLE
1784993392.1490452,-0.0001907377737087046,-0.010989010989014503,-0.01318681318681314,31,28,ENABLE
1784993392.1545112,-0.0001907377737087046,-0.010989010989014503,-0.0219780219780219,31,28,ENABLE
1784993392.1589262,-0.0001907377737087046,0.010989010989014503,-0.01318681318681314,31,28,ENABLE
1784993392.1637163,-0.0001907377737087046,-0.010989010989014503,-0.01318681318681314,31,28,ENABLE
1784993392.1695168,-0.0001907377737087046,-0.010989010989014503,-0.0219780219780219,31,28,ENABLE
1784993392.1745164,-0.0001907377737087046,-0.010989010989014503,-0.03076923076923066,31,28,ENABLE
1784993392.179194,-0.0005722133211261138,-0.010989010989014503,-0.0219780219780219,31,28,ENABLE
1784993392.1842272,-0.0001907377737087046,0.010989010989014503,-0.0219780219780219,31,28,ENABLE
1784993392.1892529,-0.0001907377737087046,-0.010989010989014503,-0.0219780219780219,31,28,ENABLE
1784993392.1942341,-0.0001907377737087046,0.010989010989014503,-0.0219780219780219,31,28,ENABLE
1784993392.1991153,-0.0001907377737087046,-0.010989010989014503,-0.0219780219780219,31,28,ENABLE
1784993392.2040222,-0.0001907377737087046,0.010989010989014503,-0.0219780219780219,31,28,ENABLE
1784993392.2090607,-0.0001907377737087046,-0.010989010989014503,-0.01318681318681314,31,28,ENABLE
1784993392.2142587,-0.0001907377737087046,-0.010989010989014503,-0.0219780219780219,31,28,ENABLE
1784993392.2195327,-0.0001907377737087046,-0.010989010989014503,-0.0219780219780219,31,28,ENABLE
1784993392.2240958,-0.0001907377737087046,-0.010989010989014503,-0.01318681318681314,31,28,ENABLE
1784993392.2292745,-0.0001907377737087046,-0.0329670329670364,-0.0219780219780219,31,28,ENABLE
1784993392.23391,-0.0001907377737087046,-0.010989010989014503,-0.01318681318681314,31,28,ENABLE
1784993392.2392254,-0.0001907377737087046,-0.010989010989014503,-0.01318681318681314,31,28,ENABLE
1784993392.2440724,-0.0001907377737087046,-0.010989010989014503,-0.0219780219780219,31,28,ENABLE
1784993392.2497296,-0.0001907377737087046,0.010989010989014503,-0.03076923076923066,31,28,ENABLE
1784993392.2548897,-0.0001907377737087046,-0.010989010989014503,-0.03076923076923066,31,28,ENABLE
1784993392.2592664,-0.0001907377737087046,-0.010989010989014503,-0.03076923076923066,31,28,ENABLE
1784993392.263941,-0.0001907377737087046,-0.010989010989014503,-0.01318681318681314,31,28,ENABLE
1784993392.269461,-0.0001907377737087046,0.010989010989014503,-0.0219780219780219,31,28,ENABLE
1784993392.2741115,-0.0001907377737087046,-0.010989010989014503,-0.03076923076923066,31,28,ENABLE
1784993392.279232,-0.0001907377737087046,-0.010989010989014503,-0.01318681318681314,31,28,ENABLE
1784993392.2842293,-0.0001907377737087046,-0.0329670329670364,-0.0219780219780219,31,28,ENABLE
1784993392.2891796,-0.0001907377737087046,-0.010989010989014503,-0.0219780219780219,31,28,ENABLE
1784993392.2947726,-0.0001907377737087046,-0.010989010989014503,-0.0219780219780219,31,28,ENABLE
1784993392.2990508,-0.0001907377737087046,-0.010989010989014503,-0.0219780219780219,31,28,ENABLE
1784993392.3044775,-0.0001907377737087046,-0.010989010989014503,-0.03076923076923066,31,28,ENABLE
1784993392.3090727,-0.0001907377737087046,-0.010989010989014503,-0.0219780219780219,31,28,ENABLE
1784993392.3145206,-0.0001907377737087046,-0.010989010989014503,-0.0219780219780219,31,28,ENABLE
1784993392.319036,-0.0001907377737087046,-0.010989010989014503,-0.01318681318681314,31,28,ENABLE
1784993392.3244872,-0.0001907377737087046,-0.010989010989014503,-0.0219780219780219,31,28,ENABLE
1784993392.3290088,-0.0001907377737087046,-0.010989010989014503,-0.0219780219780219,31,28,ENABLE
1784993392.3340652,-0.0001907377737087046,-0.010989010989014503,-0.03076923076923066,31,28,ENABLE
1784993392.3399878,-0.0001907377737087046,0.010989010989014503,-0.0219780219780219,31,28,ENABLE
1784993392.3433225,-0.0001907377737087046,-0.010989010989014503,-0.0219780219780219,31,28,ENABLE
1784993392.348251,-0.0001907377737087046,-0.010989010989014503,-0.0219780219780219,31,28,ENABLE
1784993392.3533025,-0.0001907377737087046,0.010989010989014503,-0.01318681318681314,31,28,ENABLE
1784993392.3582883,-0.0001907377737087046,-0.010989010989014503,-0.01318681318681314,31,28,ENABLE
1784993392.3633144,-0.0001907377737087046,-0.010989010989014503,-0.03076923076923066,31,28,ENABLE
1784993392.3682492,-0.0001907377737087046,-0.010989010989014503,-0.0219780219780219,31,28,ENABLE
1784993392.3730931,-0.0001907377737087046,-0.010989010989014503,-0.03076923076923066,31,28,ENABLE
1784993392.3779907,-0.0001907377737087046,-0.010989010989014503,-0.0219780219780219,31,28,ENABLE
1784993392.383073,-0.0001907377737087046,-0.010989010989014503,-0.0219780219780219,31,28,ENABLE
1784993392.38783,-0.0001907377737087046,-0.010989010989014503,-0.0219780219780219,31,28,ENABLE
1784993392.3927846,-0.0001907377737087046,-0.010989010989014503,-0.0219780219780219,31,28,ENABLE
1784993392.3981652,-0.0001907377737087046,-0.010989010989014503,-0.01318681318681314,31,28,ENABLE
1784993392.4032032,-0.0001907377737087046,-0.010989010989014503,-0.0219780219780219,31,28,ENABLE
1784993392.4082696,-0.0001907377737087046,0.010989010989014503,-0.0219780219780219,31,28,ENABLE
1784993392.4132314,-0.0001907377737087046,-0.0329670329670364,-0.03076923076923066,31,28,ENABLE
1784993392.4181895,-0.0001907377737087046,-0.010989010989014503,-0.03076923076923066,31,28,ENABLE
1784993392.423075,-0.0001907377737087046,-0.0329670329670364,-0.0219780219780219,31,28,ENABLE
1784993392.4283133,-0.0001907377737087046,-0.010989010989014503,-0.0219780219780219,31,28,ENABLE
1784993392.43319,-0.0001907377737087046,-0.010989010989014503,-0.03076923076923066,31,28,ENABLE
1784993392.4382977,-0.0001907377737087046,-0.010989010989014503,-0.0219780219780219,31,28,ENABLE
1784993392.4431925,-0.0001907377737087046,-0.010989010989014503,-0.01318681318681314,31,28,ENABLE
1784993392.4482906,-0.0001907377737087046,-0.010989010989014503,-0.0219780219780219,31,28,ENABLE
1784993392.4541981,-0.0001907377737087046,-0.010989010989014503,-0.01318681318681314,31,28,ENABLE
1784993392.4585993,-0.0001907377737087046,-0.010989010989014503,-0.03076923076923066,31,28,ENABLE
1784993392.4631994,-0.0001907377737087046,-0.010989010989014503,-0.03076923076923066,31,28,ENABLE
1784993392.4682326,-0.0001907377737087046,-0.010989010989014503,-0.0219780219780219,31,28,ENABLE
1784993392.4729545,-0.0001907377737087046,0.010989010989014503,-0.0219780219780219,31,28,ENABLE
1784993392.4781978,-0.0001907377737087046,-0.010989010989014503,-0.03076923076923066,31,28,ENABLE
1784993392.4832761,-0.0001907377737087046,0.010989010989014503,-0.0219780219780219,31,28,ENABLE
1784993392.4883828,-0.0001907377737087046,-0.010989010989014503,-0.0219780219780219,31,28,ENABLE
1784993392.4940507,-0.0001907377737087046,-0.010989010989014503,-0.0219780219780219,31,28,ENABLE
1784993392.498475,-0.0001907377737087046,-0.010989010989014503,-0.0219780219780219,31,28,ENABLE
1784993392.503224,-0.0001907377737087046,-0.010989010989014503,-0.0219780219780219,31,28,ENABLE
1784993392.5081868,-0.0001907377737087046,-0.0329670329670364,-0.0219780219780219,31,28,ENABLE
1784993392.513188,-0.0001907377737087046,-0.010989010989014503,-0.0219780219780219,31,28,ENABLE
1784993392.5182235,-0.0001907377737087046,-0.010989010989014503,-0.03076923076923066,31,28,ENABLE
1784993392.5231214,-0.0001907377737087046,-0.010989010989014503,-0.03076923076923066,31,28,ENABLE
1784993392.5282433,-0.0001907377737087046,-0.010989010989014503,-0.0219780219780219,31,28,ENABLE
1784993392.5332391,-0.0001907377737087046,-0.0329670329670364,-0.0219780219780219,31,28,ENABLE
1784993392.5385115,-0.0001907377737087046,-0.0329670329670364,-0.0219780219780219,31,28,ENABLE
1784993392.5430338,-0.0001907377737087046,0.010989010989014503,-0.01318681318681314,31,28,ENABLE
1784993392.5481129,-0.0001907377737087046,0.010989010989014503,-0.0219780219780219,31,28,ENABLE
1784993392.553159,-0.0001907377737087046,-0.010989010989014503,-0.0219780219780219,31,28,ENABLE
1784993392.5581865,-0.0001907377737087046,-0.010989010989014503,-0.0219780219780219,31,28,ENABLE
1784993392.5630472,-0.0001907377737087046,-0.010989010989014503,-0.03076923076923066,31,28,ENABLE
1784993392.5698476,-0.0001907377737087046,-0.010989010989014503,-0.01318681318681314,31,28,ENABLE
1784993392.5733452,-0.0001907377737087046,0.010989010989014503,-0.0219780219780219,31,28,ENABLE
1784993392.5781345,-0.0001907377737087046,-0.010989010989014503,-0.03076923076923066,31,28,ENABLE
1784993392.583028,-0.0001907377737087046,-0.010989010989014503,-0.03076923076923066,31,28,ENABLE
1784993392.5880313,-0.0001907377737087046,-0.010989010989014503,-0.01318681318681314,31,28,ENABLE
1784993392.5931673,-0.0001907377737087046,-0.010989010989014503,-0.03076923076923066,31,28,ENABLE
1784993392.5978875,-0.0001907377737087046,-0.010989010989014503,-0.0219780219780219,31,28,ENABLE
1784993392.603304,-0.0001907377737087046,-0.010989010989014503,-0.03076923076923066,31,28,ENABLE
1784993392.6084788,-0.0001907377737087046,-0.010989010989014503,-0.0219780219780219,31,28,ENABLE
1784993392.6131957,-0.0001907377737087046,-0.010989010989014503,-0.03076923076923066,31,28,ENABLE
1784993392.6180174,-0.0001907377737087046,-0.010989010989014503,-0.0219780219780219,31,28,ENABLE
1784993392.6230044,-0.0001907377737087046,-0.010989010989014503,-0.01318681318681314,31,28,ENABLE
1784993392.627973,-0.0001907377737087046,-0.0329670329670364,-0.03076923076923066,31,28,ENABLE
1784993392.6334174,-0.0001907377737087046,-0.010989010989014503,-0.0219780219780219,31,28,ENABLE
1784993392.638429,-0.0001907377737087046,-0.010989010989014503,-0.0219780219780219,31,28,ENABLE
1784993392.6430113,-0.0001907377737087046,0.010989010989014503,-0.0219780219780219,31,28,ENABLE
1784993392.6479332,-0.0001907377737087046,-0.0329670329670364,-0.0219780219780219,31,28,ENABLE
1784993392.6531947,-0.0001907377737087046,0.010989010989014503,-0.0219780219780219,31,28,ENABLE
1784993392.657994,-0.0001907377737087046,-0.010989010989014503,-0.03076923076923066,31,28,ENABLE
1784993392.662972,-0.0001907377737087046,0.010989010989014503,-0.03076923076923066,31,28,ENABLE
1784993392.6683671,-0.0001907377737087046,-0.010989010989014503,-0.0219780219780219,31,28,ENABLE
1784993392.6731095,-0.0001907377737087046,0.010989010989014503,-0.01318681318681314,31,28,ENABLE
1784993392.677941,-0.0001907377737087046,-0.010989010989014503,-0.0219780219780219,31,28,ENABLE
1784993392.6849623,-0.0001907377737087046,-0.010989010989014503,-0.0219780219780219,31,28,ENABLE
1784993392.6897275,-0.0001907377737087046,-0.010989010989014503,-0.0219780219780219,31,28,ENABLE
1784993392.694415,-0.0001907377737087046,0.010989010989014503,-0.0219780219780219,31,28,ENABLE
1784993392.699654,-0.0001907377737087046,-0.0329670329670364,-0.01318681318681314,31,28,ENABLE
1784993392.7048898,-0.0001907377737087046,0.010989010989014503,-0.0219780219780219,31,28,ENABLE
1784993392.7094116,-0.0001907377737087046,-0.010989010989014503,-0.0219780219780219,31,28,ENABLE
1784993392.71413,-0.0001907377737087046,-0.010989010989014503,-0.03076923076923066,31,28,ENABLE
1784993392.7198508,-0.0001907377737087046,-0.010989010989014503,-0.03076923076923066,31,28,ENABLE
1784993392.724687,-0.0001907377737087046,-0.0329670329670364,-0.0219780219780219,31,28,ENABLE
1784993392.729526,-0.0001907377737087046,-0.010989010989014503,-0.0219780219780219,31,28,ENABLE
1784993392.73412,-0.0001907377737087046,-0.010989010989014503,-0.03076923076923066,31,28,ENABLE
1784993392.7395654,-0.0001907377737087046,-0.010989010989014503,-0.03076923076923066,31,28,ENABLE
1784993392.7441509,-0.0001907377737087046,-0.010989010989014503,-0.03076923076923066,31,28,ENABLE
1784993392.7484524,-0.0001907377737087046,-0.010989010989014503,-0.03076923076923066,31,28,ENABLE
1784993392.7537627,-0.0001907377737087046,-0.010989010989014503,-0.0219780219780219,31,28,ENABLE
1784993392.7583926,-0.0001907377737087046,-0.010989010989014503,-0.0219780219780219,31,28,ENABLE
1784993392.7632463,-0.0001907377737087046,-0.0329670329670364,-0.0219780219780219,31,28,ENABLE
1784993392.7678597,-0.0001907377737087046,-0.010989010989014503,-0.0219780219780219,31,28,ENABLE
1784993392.7740521,-0.0001907377737087046,0.010989010989014503,-0.0219780219780219,31,28,ENABLE
1784993392.7790608,-0.0001907377737087046,0.010989010989014503,-0.01318681318681314,31,28,ENABLE
1784993392.7840254,-0.0001907377737087046,-0.010989010989014503,-0.03076923076923066,31,28,ENABLE
1784993392.7895224,-0.0001907377737087046,0.010989010989014503,-0.0219780219780219,31,28,ENABLE
1784993392.794481,-0.0001907377737087046,0.0329670329670364,-0.0219780219780219,31,28,ENABLE
1784993392.7994912,-0.0001907377737087046,-0.010989010989014503,-0.0219780219780219,31,28,ENABLE
1784993392.8043008,-0.0001907377737087046,-0.010989010989014503,-0.0219780219780219,31,28,ENABLE
1784993392.8092964,-0.0001907377737087046,-0.0329670329670364,-0.03076923076923066,31,28,ENABLE
1784993392.8144865,-0.0001907377737087046,-0.010989010989014503,-0.01318681318681314,31,28,ENABLE
1784993392.8195665,-0.0001907377737087046,-0.0329670329670364,-0.01318681318681314,31,28,ENABLE
1784993392.824173,-0.0001907377737087046,-0.010989010989014503,-0.01318681318681314,31,28,ENABLE
1784993392.829037,-0.0001907377737087046,0.010989010989014503,-0.0219780219780219,31,28,ENABLE
1784993392.8340342,-0.0001907377737087046,-0.010989010989014503,-0.0219780219780219,31,28,ENABLE
1784993392.8390682,-0.0001907377737087046,0.010989010989014503,-0.0219780219780219,31,28,ENABLE
1784993392.844622,-0.0001907377737087046,-0.010989010989014503,-0.0219780219780219,31,28,ENABLE
1784993392.8491461,-0.0001907377737087046,-0.010989010989014503,-0.0219780219780219,31,28,ENABLE
1784993392.8544607,-0.0001907377737087046,-0.010989010989014503,-0.01318681318681314,31,28,ENABLE
1784993392.8594878,-0.0001907377737087046,-0.010989010989014503,-0.03076923076923066,31,28,ENABLE
1784993392.8645482,-0.0001907377737087046,-0.010989010989014503,-0.0219780219780219,31,28,ENABLE
1784993392.8694572,-0.0001907377737087046,-0.010989010989014503,-0.0219780219780219,31,28,ENABLE
1784993392.8740444,-0.0001907377737087046,-0.010989010989014503,-0.01318681318681314,31,28,ENABLE
1784993392.8790464,-0.0001907377737087046,-0.0329670329670364,-0.0219780219780219,31,28,ENABLE
1784993392.8845353,-0.0001907377737087046,0.010989010989014503,-0.0219780219780219,31,28,ENABLE
1784993392.8890188,-0.0001907377737087046,-0.010989010989014503,-0.0219780219780219,31,28,ENABLE
1784993392.894258,-0.0001907377737087046,-0.010989010989014503,-0.0219780219780219,31,28,ENABLE
1784993392.8989236,-0.0001907377737087046,-0.010989010989014503,-0.01318681318681314,31,28,ENABLE
1784993392.9038916,-0.0001907377737087046,-0.010989010989014503,-0.0219780219780219,31,28,ENABLE
1784993392.908975,-0.0001907377737087046,-0.010989010989014503,-0.0219780219780219,31,28,ENABLE
1784993392.914511,-0.0001907377737087046,-0.010989010989014503,-0.0219780219780219,31,28,ENABLE
1784993392.919533,-0.0005722133211261138,-0.0329670329670364,-0.0219780219780219,31,28,ENABLE
1784993392.9244797,-0.0001907377737087046,-0.010989010989014503,-0.0219780219780219,31,28,ENABLE
1784993392.9291277,-0.0001907377737087046,-0.010989010989014503,-0.03076923076923066,31,28,ENABLE
1784993392.9340532,-0.0001907377737087046,-0.010989010989014503,-0.0219780219780219,31,28,ENABLE
1784993392.939056,-0.0001907377737087046,-0.0329670329670364,-0.0219780219780219,31,28,ENABLE
1784993392.944541,-0.0001907377737087046,-0.0329670329670364,-0.0219780219780219,31,28,ENABLE
1784993392.9491472,-0.0001907377737087046,-0.010989010989014503,-0.0219780219780219,31,28,ENABLE
1784993392.9539177,-0.0001907377737087046,-0.010989010989014503,-0.03076923076923066,31,28,ENABLE
1784993392.9594846,-0.0001907377737087046,-0.010989010989014503,-0.03076923076923066,31,28,ENABLE
1784993392.9644578,-0.0001907377737087046,-0.010989010989014503,-0.0219780219780219,31,28,ENABLE
1784993392.9690688,-0.0001907377737087046,-0.0329670329670364,-0.0219780219780219,31,28,ENABLE
1784993392.9740474,-0.0001907377737087046,0.010989010989014503,-0.01318681318681314,31,28,ENABLE
1784993392.9796362,-0.0001907377737087046,-0.010989010989014503,-0.0219780219780219,31,28,ENABLE
1784993392.9839008,-0.0001907377737087046,-0.010989010989014503,-0.0219780219780219,31,28,ENABLE
1784993392.9889252,-0.0001907377737087046,-0.010989010989014503,-0.0219780219780219,31,28,ENABLE
1784993392.9942546,-0.0001907377737087046,-0.010989010989014503,-0.0219780219780219,31,28,ENABLE
1784993392.9992971,-0.0001907377737087046,-0.010989010989014503,-0.03076923076923066,31,28,ENABLE
1784993393.0040927,-0.0001907377737087046,-0.0329670329670364,-0.0219780219780219,31,28,ENABLE
1784993393.0092351,-0.0001907377737087046,0.010989010989014503,-0.0219780219780219,31,28,ENABLE
1784993393.014437,-0.0001907377737087046,-0.010989010989014503,-0.0219780219780219,31,28,ENABLE
1784993393.0192726,-0.0001907377737087046,-0.010989010989014503,-0.03076923076923066,31,28,ENABLE
1784993393.024262,-0.0001907377737087046,0.010989010989014503,-0.03076923076923066,31,28,ENABLE
1784993393.029123,-0.0001907377737087046,-0.010989010989014503,-0.0219780219780219,31,28,ENABLE
1784993393.034436,-0.0001907377737087046,-0.010989010989014503,-0.01318681318681314,31,28,ENABLE
1784993393.0392385,-0.0001907377737087046,-0.010989010989014503,-0.0219780219780219,31,28,ENABLE
1784993393.04411,-0.0001907377737087046,-0.010989010989014503,-0.03076923076923066,31,28,ENABLE
1784993393.0491402,-0.0001907377737087046,-0.010989010989014503,-0.0219780219780219,31,28,ENABLE
1784993393.0543327,-0.0001907377737087046,-0.010989010989014503,-0.03076923076923066,31,28,ENABLE
1784993393.0592368,-0.0001907377737087046,-0.010989010989014503,-0.0219780219780219,31,28,ENABLE
1784993393.0645037,-0.0001907377737087046,-0.010989010989014503,-0.03076923076923066,31,28,ENABLE
1784993393.0691845,-0.0001907377737087046,-0.010989010989014503,-0.03076923076923066,31,28,ENABLE
1784993393.074152,-0.0001907377737087046,-0.010989010989014503,-0.0219780219780219,31,28,ENABLE
1784993393.079549,-0.0001907377737087046,-0.010989010989014503,-0.0219780219780219,31,28,ENABLE
1784993393.0845535,-0.0001907377737087046,-0.010989010989014503,-0.0219780219780219,31,28,ENABLE
1784993393.0895102,-0.0001907377737087046,-0.010989010989014503,-0.0219780219780219,31,28,ENABLE
1784993393.0945253,-0.0001907377737087046,-0.010989010989014503,-0.0219780219780219,31,28,ENABLE
1784993393.0991147,-0.0001907377737087046,-0.010989010989014503,-0.0219780219780219,31,28,ENABLE
1784993393.1040556,-0.0001907377737087046,0.010989010989014503,-0.0219780219780219,31,28,ENABLE
1784993393.1095006,-0.0001907377737087046,0.010989010989014503,-0.0219780219780219,31,28,ENABLE
1784993393.1140728,-0.0001907377737087046,-0.010989010989014503,-0.0219780219780219,31,28,ENABLE
1784993393.1195922,-0.0001907377737087046,-0.010989010989014503,-0.0219780219780219,31,28,ENABLE
1784993393.1239967,-0.0001907377737087046,-0.010989010989014503,-0.01318681318681314,31,28,ENABLE
1784993393.1292317,-0.0001907377737087046,-0.010989010989014503,-0.01318681318681314,31,28,ENABLE
1784993393.1340945,-0.0001907377737087046,-0.010989010989014503,-0.01318681318681314,31,28,ENABLE
1784993393.1397033,-0.0001907377737087046,-0.010989010989014503,-0.0219780219780219,31,28,ENABLE
1784993393.1446495,-0.0001907377737087046,-0.010989010989014503,-0.0219780219780219,31,28,ENABLE
1784993393.1490557,-0.0001907377737087046,-0.010989010989014503,-0.03076923076923066,31,28,ENABLE
1784993393.1540127,-0.0001907377737087046,-0.010989010989014503,-0.03076923076923066,31,28,ENABLE
1784993393.159092,-0.0001907377737087046,-0.0329670329670364,-0.03076923076923066,31,28,ENABLE
1784993393.1645129,-0.0001907377737087046,-0.010989010989014503,-0.0219780219780219,31,28,ENABLE
1784993393.169497,-0.0001907377737087046,-0.010989010989014503,-0.0219780219780219,31,28,ENABLE
1784993393.1739857,-0.0001907377737087046,0.010989010989014503,-0.0219780219780219,31,28,ENABLE
1784993393.1790183,-0.0001907377737087046,-0.010989010989014503,-0.01318681318681314,31,28,ENABLE
1784993393.1840527,-0.0001907377737087046,0.010989010989014503,-0.03076923076923066,31,28,ENABLE
1784993393.1895409,-0.0001907377737087046,-0.010989010989014503,-0.0219780219780219,31,28,ENABLE
1784993393.1945581,-0.0001907377737087046,-0.010989010989014503,-0.0219780219780219,31,28,ENABLE
1784993393.1989148,-0.0001907377737087046,-0.010989010989014503,-0.0219780219780219,31,28,ENABLE
1784993393.2043843,-0.0001907377737087046,-0.010989010989014503,-0.03076923076923066,31,28,ENABLE
1784993393.2090924,-0.0001907377737087046,-0.0329670329670364,-0.0219780219780219,31,28,ENABLE
1784993393.2145565,-0.0001907377737087046,-0.010989010989014503,-0.0219780219780219,31,28,ENABLE
1784993393.2193058,-0.0001907377737087046,-0.010989010989014503,-0.0219780219780219,31,28,ENABLE
1784993393.2242556,-0.0001907377737087046,-0.0329670329670364,-0.01318681318681314,31,28,ENABLE
1784993393.2284765,-0.0001907377737087046,-0.010989010989014503,-0.0219780219780219,31,28,ENABLE
1784993393.233829,-0.0001907377737087046,-0.010989010989014503,-0.03076923076923066,31,28,ENABLE
1784993393.2392607,-0.0001907377737087046,-0.010989010989014503,-0.03076923076923066,31,28,ENABLE
1784993393.2444913,-0.0001907377737087046,-0.010989010989014503,-0.03076923076923066,31,28,ENABLE
1784993393.2491333,-0.0001907377737087046,-0.010989010989014503,-0.03076923076923066,31,28,ENABLE
1784993393.254135,-0.0001907377737087046,-0.010989010989014503,-0.03076923076923066,31,28,ENABLE
1784993393.259548,-0.0001907377737087046,-0.010989010989014503,-0.03076923076923066,31,28,ENABLE
1784993393.2646043,-0.0001907377737087046,-0.010989010989014503,-0.0219780219780219,31,28,ENABLE
1784993393.2694855,-0.0001907377737087046,0.010989010989014503,-0.0219780219780219,31,28,ENABLE
1784993393.274498,-0.0001907377737087046,0.010989010989014503,-0.0219780219780219,31,28,ENABLE
1784993393.2794664,-0.0001907377737087046,0.010989010989014503,-0.0219780219780219,31,28,ENABLE
1784993393.2840831,-0.0001907377737087046,-0.010989010989014503,-0.0219780219780219,31,28,ENABLE
1784993393.28928,-0.0001907377737087046,-0.010989010989014503,-0.0219780219780219,31,28,ENABLE
1784993393.29402,-0.0001907377737087046,-0.010989010989014503,-0.0219780219780219,31,28,ENABLE
1784993393.2995086,-0.0001907377737087046,-0.010989010989014503,-0.0219780219780219,31,28,ENABLE
1784993393.3045306,-0.0001907377737087046,-0.010989010989014503,-0.0219780219780219,31,28,ENABLE
1784993393.309564,-0.0001907377737087046,0.010989010989014503,-0.03076923076923066,31,28,ENABLE
1784993393.3140984,-0.0001907377737087046,-0.010989010989014503,-0.03076923076923066,31,28,ENABLE
1784993393.3190534,-0.0001907377737087046,-0.010989010989014503,-0.0219780219780219,31,28,ENABLE
1784993393.3245587,-0.0001907377737087046,-0.010989010989014503,-0.0219780219780219,31,28,ENABLE
1784993393.3292487,-0.0001907377737087046,-0.0329670329670364,-0.0219780219780219,31,28,ENABLE
1784993393.3339498,-0.0001907377737087046,-0.010989010989014503,-0.01318681318681314,31,28,ENABLE
1784993393.339038,-0.0001907377737087046,-0.0329670329670364,-0.0219780219780219,31,28,ENABLE
1784993393.3438945,-0.0001907377737087046,0.010989010989014503,-0.0219780219780219,31,28,ENABLE
1784993393.3497345,-0.0001907377737087046,-0.010989010989014503,-0.03076923076923066,31,28,ENABLE
1784993393.3545575,-0.0001907377737087046,0.010989010989014503,-0.0219780219780219,31,28,ENABLE
1784993393.3595967,-0.0001907377737087046,-0.010989010989014503,-0.03076923076923066,31,28,ENABLE
1784993393.3645525,-0.0001907377737087046,-0.010989010989014503,-0.0219780219780219,31,28,ENABLE
1784993393.3695166,-0.0001907377737087046,-0.010989010989014503,-0.0219780219780219,31,28,ENABLE
1784993393.3739896,-0.0001907377737087046,-0.010989010989014503,-0.0219780219780219,31,28,ENABLE
1784993393.3790216,-0.0001907377737087046,-0.0329670329670364,-0.03076923076923066,31,28,ENABLE
1784993393.3846178,-0.0001907377737087046,0.010989010989014503,-0.03076923076923066,31,28,ENABLE
1784993393.3895142,-0.0001907377737087046,-0.010989010989014503,-0.0219780219780219,31,28,ENABLE
1784993393.3945062,-0.0001907377737087046,-0.010989010989014503,-0.0219780219780219,31,28,ENABLE
1784993393.3990235,-0.0001907377737087046,-0.010989010989014503,-0.0219780219780219,31,28,ENABLE
1784993393.4039931,-0.0001907377737087046,0.010989010989014503,-0.0219780219780219,31,28,ENABLE
1784993393.4092646,-0.0001907377737087046,-0.010989010989014503,-0.03076923076923066,31,28,ENABLE
1784993393.4143386,-0.0001907377737087046,-0.010989010989014503,-0.0219780219780219,31,28,ENABLE
1784993393.4195502,-0.0001907377737087046,-0.010989010989014503,-0.0219780219780219,31,28,ENABLE
1784993393.4240456,-0.0001907377737087046,-0.010989010989014503,-0.01318681318681314,31,28,ENABLE
1784993393.4291174,-0.0001907377737087046,-0.0329670329670364,-0.0219780219780219,31,28,ENABLE
1784993393.4344938,-0.0001907377737087046,-0.010989010989014503,-0.0219780219780219,31,28,ENABLE
1784993393.4392605,-0.0001907377737087046,-0.010989010989014503,-0.01318681318681314,31,28,ENABLE
1784993393.4442549,-0.0001907377737087046,-0.010989010989014503,-0.0219780219780219,31,28,ENABLE
1784993393.4491134,-0.0001907377737087046,-0.0329670329670364,-0.0219780219780219,31,28,ENABLE
1784993393.4545748,-0.0001907377737087046,-0.010989010989014503,-0.0219780219780219,31,28,ENABLE
1784993393.45918,-0.0001907377737087046,-0.010989010989014503,-0.0219780219780219,31,28,ENABLE
1784993393.4644744,-0.0001907377737087046,-0.010989010989014503,-0.01318681318681314,31,28,ENABLE
1784993393.4689143,-0.0001907377737087046,-0.010989010989014503,-0.0219780219780219,31,28,ENABLE
1784993393.4743483,-0.0001907377737087046,0.010989010989014503,-0.0219780219780219,31,28,ENABLE
1784993393.4790514,-0.0001907377737087046,-0.010989010989014503,-0.0219780219780219,31,28,ENABLE
1784993393.484357,-0.0001907377737087046,-0.010989010989014503,-0.0219780219780219,31,28,ENABLE
1784993393.4889216,-0.0001907377737087046,-0.0329670329670364,-0.0219780219780219,31,28,ENABLE
1784993393.4942775,-0.0001907377737087046,-0.010989010989014503,-0.0219780219780219,31,28,ENABLE
1784993393.4991152,-0.0001907377737087046,0.010989010989014503,-0.01318681318681314,31,28,ENABLE
1784993393.5045447,-0.0001907377737087046,-0.010989010989014503,-0.01318681318681314,31,28,ENABLE
1784993393.5094976,-0.0001907377737087046,-0.010989010989014503,-0.01318681318681314,31,28,ENABLE
1784993393.5146856,-0.0001907377737087046,-0.010989010989014503,-0.01318681318681314,31,28,ENABLE
1784993393.5190244,-0.0001907377737087046,-0.010989010989014503,-0.0219780219780219,31,28,ENABLE
1784993393.5242193,-0.0001907377737087046,-0.010989010989014503,-0.0219780219780219,31,28,ENABLE
1784993393.5295196,-0.0001907377737087046,-0.0329670329670364,-0.03076923076923066,31,28,ENABLE
1784993393.5345376,-0.0001907377737087046,-0.010989010989014503,-0.0219780219780219,31,28,ENABLE
1784993393.5390906,-0.0001907377737087046,-0.010989010989014503,-0.03076923076923066,31,28,ENABLE
1784993393.5444815,-0.0001907377737087046,-0.010989010989014503,-0.0219780219780219,31,28,ENABLE
1784993393.549049,-0.0001907377737087046,-0.010989010989014503,-0.01318681318681314,31,28,ENABLE
1784993393.5545797,-0.0001907377737087046,-0.0329670329670364,-0.0219780219780219,31,28,ENABLE
1784993393.5590713,-0.0001907377737087046,0.010989010989014503,-0.03076923076923066,31,28,ENABLE
1784993393.5643044,-0.0001907377737087046,-0.010989010989014503,-0.03076923076923066,31,28,ENABLE
1784993393.5695224,-0.0001907377737087046,-0.010989010989014503,-0.0219780219780219,31,28,ENABLE
1784993393.5740802,-0.0001907377737087046,-0.010989010989014503,-0.0219780219780219,31,28,ENABLE
1784993393.5795019,-0.0001907377737087046,-0.010989010989014503,-0.0219780219780219,31,28,ENABLE
1784993393.5839856,-0.0001907377737087046,-0.0329670329670364,-0.03076923076923066,31,28,ENABLE
1784993393.5895119,-0.0001907377737087046,-0.010989010989014503,-0.0219780219780219,31,28,ENABLE
1784993393.5941014,-0.0001907377737087046,-0.010989010989014503,-0.0219780219780219,31,28,ENABLE
1784993393.59902,-0.0001907377737087046,-0.010989010989014503,-0.0219780219780219,31,28,ENABLE
1784993393.60385,-0.0001907377737087046,-0.0329670329670364,-0.0219780219780219,31,28,ENABLE
1784993393.6090286,-0.0001907377737087046,-0.0329670329670364,-0.0219780219780219,31,28,ENABLE
1784993393.6141198,-0.0001907377737087046,-0.010989010989014503,-0.0219780219780219,31,28,ENABLE
1784993393.619324,-0.0001907377737087046,-0.010989010989014503,-0.0219780219780219,31,28,ENABLE
1784993393.6242046,-0.0001907377737087046,-0.010989010989014503,-0.03076923076923066,31,28,ENABLE
1784993393.629057,-0.0001907377737087046,-0.010989010989014503,-0.0219780219780219,31,28,ENABLE
1784993393.634486,-0.0001907377737087046,-0.010989010989014503,-0.0219780219780219,31,28,ENABLE
1784993393.6395695,-0.0001907377737087046,-0.010989010989014503,-0.0219780219780219,31,28,ENABLE
1784993393.6440127,-0.0001907377737087046,0.010989010989014503,-0.0219780219780219,31,28,ENABLE
1784993393.6489172,-0.0001907377737087046,-0.0329670329670364,-0.0219780219780219,31,28,ENABLE
1784993393.654285,-0.0001907377737087046,-0.010989010989014503,-0.0219780219780219,31,28,ENABLE
1784993393.6595082,-0.0001907377737087046,-0.0329670329670364,-0.0219780219780219,31,28,ENABLE
1784993393.6640263,-0.0001907377737087046,-0.010989010989014503,-0.03076923076923066,31,28,ENABLE
1784993393.6691382,-0.0001907377737087046,-0.010989010989014503,-0.03076923076923066,31,28,ENABLE
1784993393.674137,-0.0001907377737087046,-0.010989010989014503,-0.0219780219780219,31,28,ENABLE
1784993393.6795251,-0.0001907377737087046,0.010989010989014503,-0.0219780219780219,31,28,ENABLE
1784993393.6841104,-0.0001907377737087046,-0.010989010989014503,-0.0219780219780219,31,28,ENABLE
1784993393.689552,-0.0001907377737087046,-0.010989010989014503,-0.0219780219780219,31,28,ENABLE
1784993393.6942391,-0.0001907377737087046,-0.010989010989014503,-0.03076923076923066,31,28,ENABLE
1784993393.69949,-0.0001907377737087046,-0.010989010989014503,-0.03076923076923066,31,28,ENABLE
1784993393.70412,-0.0001907377737087046,-0.010989010989014503,-0.0219780219780219,31,28,ENABLE
1784993393.7092314,-0.0001907377737087046,-0.010989010989014503,-0.03076923076923066,31,28,ENABLE
1784993393.714302,-0.0001907377737087046,-0.010989010989014503,-0.03076923076923066,31,28,ENABLE
1784993393.719131,-0.0001907377737087046,-0.010989010989014503,-0.03076923076923066,31,28,ENABLE
1784993393.724251,-0.0001907377737087046,0.010989010989014503,-0.03076923076923066,31,28,ENABLE
1784993393.729082,-0.0001907377737087046,-0.010989010989014503,-0.0219780219780219,31,28,ENABLE
1784993393.7342372,-0.0001907377737087046,-0.010989010989014503,-0.0219780219780219,31,28,ENABLE
1784993393.7391808,-0.0001907377737087046,-0.010989010989014503,-0.03076923076923066,31,28,ENABLE
1784993393.744628,-0.0001907377737087046,-0.0329670329670364,-0.0219780219780219,31,28,ENABLE
1784993393.7495437,-0.0001907377737087046,-0.010989010989014503,-0.03076923076923066,31,28,ENABLE
1784993393.7544947,-0.0001907377737087046,-0.010989010989014503,-0.0219780219780219,31,28,ENABLE
1784993393.7590523,-0.0001907377737087046,-0.010989010989014503,-0.0219780219780219,31,28,ENABLE
1784993393.764094,-0.0001907377737087046,-0.010989010989014503,-0.0219780219780219,31,28,ENABLE
1784993393.7688768,-0.0001907377737087046,-0.010989010989014503,-0.0219780219780219,31,28,ENABLE
1784993393.7742364,-0.0001907377737087046,-0.010989010989014503,-0.0219780219780219,31,28,ENABLE
1784993393.7790601,-0.0001907377737087046,-0.010989010989014503,-0.0219780219780219,31,28,ENABLE
1784993393.784083,-0.0001907377737087046,-0.010989010989014503,-0.03076923076923066,31,28,ENABLE
1784993393.7895172,-0.0001907377737087046,-0.010989010989014503,-0.01318681318681314,31,28,ENABLE
1784993393.7945313,-0.0001907377737087046,0.010989010989014503,-0.01318681318681314,31,28,ENABLE
1784993393.798974,-0.0001907377737087046,-0.010989010989014503,-0.0219780219780219,31,28,ENABLE
1784993393.80418,-0.0001907377737087046,-0.010989010989014503,-0.0219780219780219,31,28,ENABLE
1784993393.8093073,-0.0001907377737087046,-0.0329670329670364,-0.03076923076923066,31,28,ENABLE
1784993393.814321,-0.0001907377737087046,-0.010989010989014503,-0.03076923076923066,31,28,ENABLE
1784993393.8192873,-0.0001907377737087046,-0.0329670329670364,-0.0219780219780219,31,28,ENABLE
1784993393.8240502,-0.0001907377737087046,-0.010989010989014503,-0.03076923076923066,31,28,ENABLE
1784993393.8289456,-0.0001907377737087046,-0.010989010989014503,-0.03076923076923066,31,28,ENABLE
1784993393.8339293,-0.0001907377737087046,-0.010989010989014503,-0.0219780219780219,31,28,ENABLE
1784993393.8394608,-0.0001907377737087046,-0.0329670329670364,-0.01318681318681314,31,28,ENABLE
1784993393.8445296,-0.0001907377737087046,-0.010989010989014503,-0.0219780219780219,31,28,ENABLE
1784993393.8491223,-0.0001907377737087046,-0.010989010989014503,-0.03076923076923066,31,28,ENABLE
1784993393.8541553,-0.0001907377737087046,0.010989010989014503,-0.0219780219780219,31,28,ENABLE
1784993393.8592532,-0.0001907377737087046,-0.010989010989014503,-0.0219780219780219,31,28,ENABLE
1784993393.864009,-0.0001907377737087046,-0.010989010989014503,-0.0219780219780219,31,28,ENABLE
1784993393.8691401,-0.0001907377737087046,-0.010989010989014503,-0.0219780219780219,31,28,ENABLE
1784993393.8741443,-0.0001907377737087046,-0.0329670329670364,-0.0219780219780219,31,28,ENABLE
1784993393.8791611,-0.0001907377737087046,-0.010989010989014503,-0.01318681318681314,31,28,ENABLE
1784993393.8842974,-0.0001907377737087046,0.010989010989014503,-0.0219780219780219,31,28,ENABLE
1784993393.8892152,-0.0001907377737087046,-0.010989010989014503,-0.01318681318681314,31,28,ENABLE
1784993393.8946304,-0.0001907377737087046,-0.0329670329670364,-0.03076923076923066,31,28,ENABLE
1784993393.8992891,-0.0001907377737087046,-0.010989010989014503,-0.0219780219780219,31,28,ENABLE
1784993393.904021,-0.0001907377737087046,-0.010989010989014503,-0.0219780219780219,31,28,ENABLE
1784993393.909009,-0.0001907377737087046,-0.010989010989014503,-0.0219780219780219,31,28,ENABLE
1784993393.9138253,-0.0001907377737087046,-0.010989010989014503,-0.03076923076923066,31,28,ENABLE
1784993393.9189396,-0.0001907377737087046,-0.010989010989014503,-0.0219780219780219,31,28,ENABLE
1784993393.9240499,-0.0001907377737087046,-0.010989010989014503,-0.0219780219780219,31,28,ENABLE
1784993393.9295447,-0.0001907377737087046,-0.010989010989014503,-0.0219780219780219,31,28,ENABLE
1784993393.9344954,-0.0001907377737087046,-0.010989010989014503,-0.01318681318681314,31,28,ENABLE
1784993393.9390244,-0.0001907377737087046,-0.0329670329670364,-0.0219780219780219,31,28,ENABLE
1784993393.9440913,-0.0001907377737087046,-0.010989010989014503,-0.0219780219780219,31,28,ENABLE
1784993393.949052,-0.0001907377737087046,-0.010989010989014503,-0.0219780219780219,31,28,ENABLE
1784993393.9545143,-0.0001907377737087046,-0.010989010989014503,-0.0219780219780219,31,28,ENABLE
1784993393.9590888,-0.0001907377737087046,-0.010989010989014503,-0.0219780219780219,31,28,ENABLE
1784993393.9644818,-0.0001907377737087046,-0.010989010989014503,-0.03076923076923066,31,28,ENABLE
1784993393.9690542,-0.0001907377737087046,-0.010989010989014503,-0.03076923076923066,31,28,ENABLE
1784993393.9745452,-0.0001907377737087046,-0.010989010989014503,-0.0219780219780219,31,28,ENABLE
1784993393.9795208,-0.0001907377737087046,-0.010989010989014503,-0.0219780219780219,31,28,ENABLE
1784993393.984096,-0.0001907377737087046,-0.010989010989014503,-0.0219780219780219,31,28,ENABLE
1784993393.989109,-0.0001907377737087046,-0.010989010989014503,-0.01318681318681314,31,28,ENABLE
1784993393.9941263,-0.0001907377737087046,-0.0329670329670364,-0.0219780219780219,31,28,ENABLE
1784993393.9994547,-0.0001907377737087046,-0.010989010989014503,-0.0219780219780219,31,28,ENABLE
1784993394.0042262,-0.0001907377737087046,-0.010989010989014503,-0.0219780219780219,31,28,ENABLE
1784993394.008956,-0.0001907377737087046,-0.010989010989014503,-0.0219780219780219,31,28,ENABLE
1784993394.01454,-0.0001907377737087046,-0.010989010989014503,-0.0219780219780219,31,28,ENABLE
1784993394.019514,-0.0001907377737087046,-0.010989010989014503,-0.0219780219780219,31,28,ENABLE
1784993394.0242314,-0.0001907377737087046,-0.010989010989014503,-0.0219780219780219,31,28,ENABLE
1784993394.0293205,-0.0001907377737087046,-0.010989010989014503,-0.0219780219780219,31,28,ENABLE
1784993394.0344982,-0.0001907377737087046,-0.010989010989014503,-0.0219780219780219,31,28,ENABLE
1784993394.039489,-0.0001907377737087046,-0.010989010989014503,-0.0219780219780219,31,28,ENABLE
1784993394.0439742,-0.0001907377737087046,0.010989010989014503,-0.01318681318681314,31,28,ENABLE
1784993394.0490077,-0.0001907377737087046,0.010989010989014503,-0.0219780219780219,31,28,ENABLE
1784993394.0542305,-0.0001907377737087046,-0.010989010989014503,-0.0219780219780219,31,28,ENABLE
1784993394.059261,-0.0001907377737087046,-0.010989010989014503,-0.0219780219780219,31,28,ENABLE
1784993394.0646718,-0.0001907377737087046,0.010989010989014503,-0.03076923076923066,31,28,ENABLE
1784993394.0697818,-0.0001907377737087046,-0.010989010989014503,-0.0219780219780219,31,28,ENABLE
1784993394.074597,-0.0001907377737087046,0.010989010989014503,-0.03076923076923066,31,28,ENABLE
1784993394.0794184,-0.0001907377737087046,-0.010989010989014503,-0.03076923076923066,31,28,ENABLE
1784993394.0833812,-0.0001907377737087046,-0.010989010989014503,-0.0219780219780219,31,28,ENABLE
1784993394.0883398,-0.0001907377737087046,-0.0329670329670364,-0.0219780219780219,31,28,ENABLE
1784993394.0940142,-0.0001907377737087046,-0.0329670329670364,-0.0219780219780219,31,28,ENABLE
1784993394.09897,-0.0001907377737087046,-0.010989010989014503,-0.0219780219780219,31,28,ENABLE
1784993394.1045182,-0.0001907377737087046,0.010989010989014503,-0.03076923076923066,31,28,ENABLE
1784993394.1096554,-0.0001907377737087046,0.010989010989014503,-0.0219780219780219,31,28,ENABLE
1784993394.1149182,-0.0001907377737087046,-0.010989010989014503,-0.0219780219780219,31,28,ENABLE
1784993394.119611,-0.0001907377737087046,-0.010989010989014503,-0.0219780219780219,31,28,ENABLE
1784993394.124451,-0.0001907377737087046,-0.010989010989014503,-0.0219780219780219,31,28,ENABLE
1784993394.1292546,-0.0001907377737087046,-0.010989010989014503,-0.03076923076923066,31,28,ENABLE
1784993394.134505,-0.0001907377737087046,0.010989010989014503,-0.03076923076923066,31,28,ENABLE
1784993394.1394978,-0.0001907377737087046,-0.0329670329670364,-0.03076923076923066,31,28,ENABLE
1784993394.1440942,-0.0001907377737087046,-0.0329670329670364,-0.0219780219780219,31,28,ENABLE
1784993394.1490939,-0.0001907377737087046,-0.010989010989014503,-0.03076923076923066,31,28,ENABLE
1784993394.1540468,-0.0001907377737087046,-0.010989010989014503,-0.03076923076923066,31,28,ENABLE
1784993394.1595294,-0.0001907377737087046,0.010989010989014503,-0.0219780219780219,31,28,ENABLE
1784993394.1642928,-0.0001907377737087046,-0.010989010989014503,-0.0219780219780219,31,28,ENABLE
1784993394.1687007,-0.0001907377737087046,-0.010989010989014503,-0.01318681318681314,31,28,ENABLE
1784993394.1744912,-0.0001907377737087046,0.010989010989014503,-0.0219780219780219,31,28,ENABLE
1784993394.1795454,-0.0001907377737087046,-0.0329670329670364,-0.0219780219780219,31,28,ENABLE
1784993394.1841779,-0.0001907377737087046,-0.010989010989014503,-0.0219780219780219,31,28,ENABLE
1784993394.1897042,-0.0001907377737087046,0.010989010989014503,-0.01318681318681314,31,28,ENABLE
1784993394.1938987,-0.0001907377737087046,-0.0329670329670364,-0.0219780219780219,31,28,ENABLE
1784993394.1990325,-0.0001907377737087046,-0.010989010989014503,-0.0219780219780219,31,28,ENABLE
1784993394.204088,-0.0001907377737087046,0.010989010989014503,-0.0219780219780219,31,28,ENABLE
1784993394.209517,-0.0001907377737087046,-0.0329670329670364,-0.01318681318681314,31,28,ENABLE
1784993394.2145138,-0.0001907377737087046,-0.010989010989014503,-0.0219780219780219,31,28,ENABLE
1784993394.2190807,-0.0001907377737087046,-0.0329670329670364,-0.0219780219780219,31,28,ENABLE
1784993394.2240913,-0.0001907377737087046,-0.010989010989014503,-0.0219780219780219,31,28,ENABLE
1784993394.229037,-0.0001907377737087046,0.010989010989014503,-0.0219780219780219,31,28,ENABLE
1784993394.2345855,-0.0001907377737087046,-0.010989010989014503,-0.0219780219780219,31,28,ENABLE
1784993394.2390912,-0.0001907377737087046,0.010989010989014503,-0.0219780219780219,31,28,ENABLE
1784993394.2444773,-0.0001907377737087046,-0.0329670329670364,-0.0219780219780219,31,28,ENABLE
1784993394.2490897,-0.0001907377737087046,-0.010989010989014503,-0.01318681318681314,31,28,ENABLE
1784993394.254237,-0.0001907377737087046,-0.010989010989014503,-0.0219780219780219,31,28,ENABLE
1784993394.2592313,-0.0001907377737087046,-0.010989010989014503,-0.03076923076923066,31,28,ENABLE
1784993394.2638857,-0.0001907377737087046,-0.0329670329670364,-0.03076923076923066,31,28,ENABLE
1784993394.2688892,-0.0001907377737087046,-0.010989010989014503,-0.0219780219780219,31,28,ENABLE
1784993394.2745323,-0.0001907377737087046,-0.010989010989014503,-0.0219780219780219,31,28,ENABLE
1784993394.2794785,-0.0001907377737087046,-0.010989010989014503,-0.0219780219780219,31,28,ENABLE
1784993394.284039,-0.0001907377737087046,-0.010989010989014503,-0.0219780219780219,31,28,ENABLE
1784993394.2890143,-0.0001907377737087046,-0.010989010989014503,-0.0219780219780219,31,28,ENABLE
1784993394.2938612,-0.0001907377737087046,-0.010989010989014503,-0.0219780219780219,31,28,ENABLE
1784993394.29924,-0.0001907377737087046,-0.010989010989014503,-0.03076923076923066,31,28,ENABLE
1784993394.304532,-0.0001907377737087046,-0.010989010989014503,-0.03076923076923066,31,28,ENABLE
1784993394.309508,-0.0001907377737087046,0.010989010989014503,-0.0219780219780219,31,28,ENABLE
1784993394.3140106,-0.0001907377737087046,-0.010989010989014503,-0.0219780219780219,31,28,ENABLE
1784993394.3195999,-0.0001907377737087046,-0.010989010989014503,-0.0219780219780219,31,28,ENABLE
1784993394.3240204,-0.0001907377737087046,-0.010989010989014503,-0.0219780219780219,31,28,ENABLE
1784993394.3290346,-0.0001907377737087046,-0.010989010989014503,-0.01318681318681314,31,28,ENABLE
1784993394.3344579,-0.0001907377737087046,-0.0329670329670364,-0.0219780219780219,31,28,ENABLE
1784993394.3390634,-0.0001907377737087046,-0.010989010989014503,-0.0219780219780219,31,28,ENABLE
1784993394.3439002,-0.0001907377737087046,-0.010989010989014503,-0.03076923076923066,31,28,ENABLE
1784993394.3492308,-0.0001907377737087046,0.010989010989014503,-0.0219780219780219,31,28,ENABLE
1784993394.3545854,-0.0001907377737087046,-0.010989010989014503,-0.0219780219780219,31,28,ENABLE
1784993394.3591363,-0.0001907377737087046,-0.010989010989014503,-0.03076923076923066,31,28,ENABLE
1784993394.3641136,-0.0001907377737087046,0.010989010989014503,-0.03076923076923066,31,28,ENABLE
1784993394.3695352,-0.0001907377737087046,-0.010989010989014503,-0.0219780219780219,31,28,ENABLE
1784993394.374542,-0.0001907377737087046,-0.0329670329670364,-0.0219780219780219,31,28,ENABLE
1784993394.37909,-0.0001907377737087046,-0.0329670329670364,-0.01318681318681314,31,28,ENABLE
1784993394.3844876,-0.0001907377737087046,-0.010989010989014503,-0.0219780219780219,31,28,ENABLE
1784993394.3894176,-0.0001907377737087046,-0.010989010989014503,-0.0219780219780219,31,28,ENABLE
1784993394.3940175,-0.0001907377737087046,0.010989010989014503,-0.0219780219780219,31,28,ENABLE
1784993394.3992765,-0.0001907377737087046,-0.0329670329670364,-0.01318681318681314,31,28,ENABLE
1784993394.404503,-0.0001907377737087046,0.010989010989014503,-0.0219780219780219,31,28,ENABLE
1784993394.4090672,-0.0001907377737087046,-0.010989010989014503,-0.01318681318681314,31,28,ENABLE
1784993394.4140182,-0.0001907377737087046,-0.010989010989014503,-0.01318681318681314,31,28,ENABLE
1784993394.4191885,-0.0001907377737087046,-0.010989010989014503,-0.03076923076923066,31,28,ENABLE
1784993394.424262,-0.0001907377737087046,-0.010989010989014503,-0.0219780219780219,31,28,ENABLE
1784993394.4291224,-0.0001907377737087046,-0.010989010989014503,-0.0219780219780219,31,28,ENABLE
1784993394.434536,-0.0001907377737087046,-0.010989010989014503,-0.0219780219780219,31,28,ENABLE
1784993394.439085,-0.0001907377737087046,-0.010989010989014503,-0.0219780219780219,31,28,ENABLE
1784993394.4442816,-0.0001907377737087046,0.010989010989014503,-0.0219780219780219,31,28,ENABLE
1784993394.449265,-0.0001907377737087046,-0.010989010989014503,-0.03076923076923066,31,28,ENABLE
1784993394.4545507,-0.0001907377737087046,-0.010989010989014503,-0.0219780219780219,31,28,ENABLE
1784993394.4591863,-0.0001907377737087046,-0.010989010989014503,-0.0219780219780219,31,28,ENABLE
1784993394.4640996,-0.0001907377737087046,-0.010989010989014503,-0.0219780219780219,31,28,ENABLE
1784993394.4695792,-0.0001907377737087046,-0.010989010989014503,-0.0219780219780219,31,28,ENABLE
1784993394.4744895,-0.0001907377737087046,-0.010989010989014503,-0.03076923076923066,31,28,ENABLE
1784993394.4794888,-0.0001907377737087046,-0.010989010989014503,-0.0219780219780219,31,28,ENABLE
1784993394.484055,-0.0001907377737087046,-0.010989010989014503,-0.03076923076923066,31,28,ENABLE
1784993394.4895298,-0.0001907377737087046,-0.010989010989014503,-0.0219780219780219,31,28,ENABLE
1784993394.4941118,-0.0001907377737087046,-0.010989010989014503,-0.0219780219780219,31,28,ENABLE
1784993394.499003,-0.0001907377737087046,-0.010989010989014503,-0.01318681318681314,31,28,ENABLE
1784993394.5036905,-0.0001907377737087046,0.010989010989014503,-0.0219780219780219,31,28,ENABLE
1784993394.5095007,-0.0001907377737087046,-0.010989010989014503,-0.01318681318681314,31,28,ENABLE
1784993394.5142996,-0.0001907377737087046,-0.010989010989014503,-0.01318681318681314,31,28,ENABLE
1784993394.5196035,-0.0001907377737087046,-0.010989010989014503,-0.0219780219780219,31,28,ENABLE
1784993394.524243,-0.0001907377737087046,-0.0329670329670364,-0.03076923076923066,31,28,ENABLE
1784993394.5290318,-0.0001907377737087046,-0.010989010989014503,-0.03076923076923066,31,28,ENABLE
1784993394.5337312,-0.0001907377737087046,-0.010989010989014503,-0.03076923076923066,31,28,ENABLE
1784993394.539019,-0.0001907377737087046,-0.010989010989014503,-0.0219780219780219,31,28,ENABLE
1784993394.5443802,-0.0001907377737087046,-0.010989010989014503,-0.0219780219780219,31,28,ENABLE
1784993394.5496411,-0.0001907377737087046,-0.010989010989014503,-0.0219780219780219,31,28,ENABLE
1784993394.5545943,-0.0001907377737087046,0.010989010989014503,-0.03076923076923066,31,28,ENABLE
1784993394.5590484,-0.0001907377737087046,-0.0329670329670364,-0.03076923076923066,31,28,ENABLE
1784993394.5644894,-0.0001907377737087046,-0.010989010989014503,-0.0219780219780219,31,28,ENABLE
1784993394.569109,-0.0001907377737087046,-0.010989010989014503,-0.01318681318681314,31,28,ENABLE
1784993394.5740438,-0.0001907377737087046,-0.010989010989014503,-0.0219780219780219,31,28,ENABLE
1784993394.579507,-0.0001907377737087046,-0.010989010989014503,-0.01318681318681314,31,28,ENABLE
1784993394.584062,-0.0001907377737087046,-0.010989010989014503,-0.03076923076923066,31,28,ENABLE
1784993394.5895047,-0.0001907377737087046,-0.010989010989014503,-0.0219780219780219,31,28,ENABLE
1784993394.5940716,-0.0001907377737087046,-0.010989010989014503,-0.0219780219780219,31,28,ENABLE
1784993394.599523,-0.0001907377737087046,-0.0329670329670364,-0.0219780219780219,31,28,ENABLE
1784993394.604094,-0.0001907377737087046,-0.010989010989014503,-0.01318681318681314,31,28,ENABLE
1784993394.608826,-0.0001907377737087046,-0.010989010989014503,-0.0219780219780219,31,28,ENABLE
1784993394.6141407,-0.0001907377737087046,-0.010989010989014503,-0.01318681318681314,31,28,ENABLE
1784993394.618898,-0.0001907377737087046,-0.010989010989014503,-0.0219780219780219,31,28,ENABLE
1784993394.6243386,-0.0001907377737087046,-0.0329670329670364,-0.03076923076923066,31,28,ENABLE
1784993394.6290216,-0.0001907377737087046,-0.0329670329670364,-0.0219780219780219,31,28,ENABLE
1784993394.6345139,-0.0001907377737087046,-0.010989010989014503,-0.0219780219780219,31,28,ENABLE
1784993394.6390147,-0.0001907377737087046,-0.010989010989014503,-0.0219780219780219,31,28,ENABLE
1784993394.643992,-0.0001907377737087046,-0.010989010989014503,-0.0219780219780219,31,28,ENABLE
1784993394.6492598,-0.0001907377737087046,0.010989010989014503,-0.0219780219780219,31,28,ENABLE
1784993394.654368,-0.0001907377737087046,-0.010989010989014503,-0.01318681318681314,31,28,ENABLE
1784993394.6595361,-0.0001907377737087046,-0.010989010989014503,-0.0219780219780219,31,28,ENABLE
1784993394.664012,-0.0001907377737087046,0.010989010989014503,-0.0219780219780219,31,28,ENABLE
1784993394.6690817,-0.0001907377737087046,-0.010989010989014503,-0.03076923076923066,31,28,ENABLE
1784993394.6745405,-0.0001907377737087046,-0.0329670329670364,-0.03076923076923066,31,28,ENABLE
1784993394.6795268,-0.0001907377737087046,-0.010989010989014503,-0.0219780219780219,31,28,ENABLE
1784993394.6840618,-0.0001907377737087046,0.010989010989014503,-0.0219780219780219,31,28,ENABLE
1784993394.688947,-0.0001907377737087046,-0.0329670329670364,-0.0219780219780219,31,28,ENABLE
1784993394.6939535,-0.0001907377737087046,-0.010989010989014503,-0.0219780219780219,31,28,ENABLE
1784993394.6994529,-0.0001907377737087046,-0.010989010989014503,-0.0219780219780219,31,28,ENABLE
1784993394.7045388,-0.0001907377737087046,-0.010989010989014503,-0.01318681318681314,31,28,ENABLE
1784993394.7091124,-0.0001907377737087046,-0.010989010989014503,-0.01318681318681314,31,28,ENABLE
1784993394.7141657,-0.0001907377737087046,-0.010989010989014503,-0.01318681318681314,31,28,ENABLE
1784993394.7190628,-0.0001907377737087046,-0.010989010989014503,-0.0219780219780219,31,28,ENABLE
1784993394.724405,-0.0001907377737087046,-0.010989010989014503,-0.0219780219780219,31,28,ENABLE
1784993394.7296975,-0.0001907377737087046,-0.010989010989014503,-0.03076923076923066,31,28,ENABLE
1784993394.7338727,-0.0001907377737087046,-0.010989010989014503,-0.0219780219780219,31,28,ENABLE
1784993394.7390156,-0.0001907377737087046,0.010989010989014503,-0.03076923076923066,31,28,ENABLE
1784993394.7432961,-0.0001907377737087046,-0.010989010989014503,-0.03076923076923066,31,28,ENABLE
1784993394.7491357,-0.0001907377737087046,-0.010989010989014503,-0.0219780219780219,31,28,ENABLE
1784993394.7546535,-0.0001907377737087046,-0.0329670329670364,-0.0219780219780219,31,28,ENABLE
1784993394.7595143,-0.0001907377737087046,-0.0329670329670364,-0.0219780219780219,31,28,ENABLE
1784993394.764016,-0.0001907377737087046,-0.010989010989014503,-0.03076923076923066,31,28,ENABLE
1784993394.7694743,-0.0001907377737087046,-0.010989010989014503,-0.01318681318681314,31,28,ENABLE
1784993394.7745318,-0.0001907377737087046,-0.010989010989014503,-0.0219780219780219,31,28,ENABLE
1784993394.7789884,-0.0001907377737087046,-0.0329670329670364,-0.0219780219780219,31,28,ENABLE
1784993394.784045,-0.0001907377737087046,-0.010989010989014503,-0.0219780219780219,31,28,ENABLE
1784993394.789509,-0.0001907377737087046,-0.010989010989014503,-0.00439560439560438,31,28,ENABLE
1784993394.7944653,-0.0001907377737087046,-0.010989010989014503,-0.0219780219780219,31,28,ENABLE
1784993394.7990003,-0.0001907377737087046,-0.010989010989014503,-0.0219780219780219,31,28,ENABLE
1784993394.8038983,-0.0001907377737087046,-0.010989010989014503,-0.0219780219780219,31,28,ENABLE
1784993394.8092294,-0.0001907377737087046,-0.010989010989014503,-0.0219780219780219,31,28,ENABLE
1784993394.813959,-0.0001907377737087046,-0.010989010989014503,-0.0219780219780219,31,28,ENABLE
1784993394.8192437,-0.0001907377737087046,-0.010989010989014503,-0.03076923076923066,31,28,ENABLE
1784993394.8246942,-0.0001907377737087046,0.010989010989014503,-0.0219780219780219,31,28,ENABLE
1784993394.8289428,-0.0001907377737087046,-0.010989010989014503,-0.0219780219780219,31,28,ENABLE
1784993394.8342912,-0.0001907377737087046,-0.0329670329670364,-0.0219780219780219,31,28,ENABLE
1784993394.8390136,-0.0001907377737087046,-0.010989010989014503,-0.01318681318681314,31,28,ENABLE
1784993394.8441026,-0.0001907377737087046,-0.010989010989014503,-0.0219780219780219,31,28,ENABLE
1784993394.8490083,-0.0001907377737087046,-0.0329670329670364,-0.0219780219780219,31,28,ENABLE
1784993394.853824,-0.0001907377737087046,-0.010989010989014503,-0.0219780219780219,31,28,ENABLE
1784993394.8590128,-0.0001907377737087046,-0.0329670329670364,-0.0219780219780219,31,28,ENABLE
1784993394.864911,-0.0001907377737087046,-0.010989010989014503,-0.0219780219780219,31,28,ENABLE
1784993394.8694665,-0.0001907377737087046,-0.010989010989014503,-0.03076923076923066,31,28,ENABLE
1784993394.874458,-0.0001907377737087046,-0.010989010989014503,-0.0219780219780219,31,28,ENABLE
1784993394.8800917,-0.0001907377737087046,-0.010989010989014503,-0.0219780219780219,31,28,ENABLE
1784993394.8840868,-0.0001907377737087046,0.010989010989014503,-0.0219780219780219,31,28,ENABLE
1784993394.8890646,-0.0001907377737087046,-0.010989010989014503,-0.03076923076923066,31,28,ENABLE
1784993394.89389,-0.0001907377737087046,0.010989010989014503,-0.0219780219780219,31,28,ENABLE
1784993394.8997214,-0.0001907377737087046,-0.0329670329670364,-0.0219780219780219,31,28,ENABLE
1784993394.9045343,-0.0001907377737087046,-0.010989010989014503,-0.0219780219780219,31,28,ENABLE
1784993394.9094858,-0.0005722133211261138,-0.0329670329670364,-0.0219780219780219,31,28,ENABLE
1784993394.9149477,-0.0001907377737087046,-0.010989010989014503,-0.03076923076923066,31,28,ENABLE
1784993394.9195023,-0.0001907377737087046,-0.0329670329670364,-0.03076923076923066,31,28,ENABLE
1784993394.9245422,-0.0001907377737087046,-0.010989010989014503,-0.01318681318681314,31,28,ENABLE
1784993394.9294953,-0.0001907377737087046,0.010989010989014503,-0.0219780219780219,31,28,ENABLE
1784993394.9344988,-0.0001907377737087046,-0.010989010989014503,-0.0219780219780219,31,28,ENABLE
1784993394.9390996,-0.0001907377737087046,-0.010989010989014503,-0.0219780219780219,31,28,ENABLE
1784993394.944053,-0.0001907377737087046,-0.010989010989014503,-0.03076923076923066,31,28,ENABLE
1784993394.9493072,-0.0001907377737087046,-0.010989010989014503,-0.0219780219780219,31,28,ENABLE
1784993394.9542322,-0.0001907377737087046,-0.010989010989014503,-0.03076923076923066,31,28,ENABLE
1784993394.9590154,-0.0001907377737087046,0.010989010989014503,-0.0219780219780219,31,28,ENABLE
1784993394.9641001,-0.0001907377737087046,-0.010989010989014503,-0.0219780219780219,31,28,ENABLE
1784993394.969229,-0.0001907377737087046,-0.010989010989014503,-0.03076923076923066,31,28,ENABLE
1784993394.9742613,-0.0001907377737087046,-0.010989010989014503,-0.0219780219780219,31,28,ENABLE
1784993394.9791076,-0.0001907377737087046,-0.010989010989014503,-0.0219780219780219,31,28,ENABLE
1784993394.9840238,-0.0001907377737087046,-0.010989010989014503,-0.03076923076923066,31,28,ENABLE
1784993394.9890137,-0.0001907377737087046,-0.010989010989014503,-0.0219780219780219,31,28,ENABLE
1784993394.9945006,-0.0001907377737087046,-0.010989010989014503,-0.0219780219780219,31,28,ENABLE
1784993394.9993336,-0.0001907377737087046,-0.010989010989014503,-0.0219780219780219,31,28,ENABLE
1784993395.0039499,-0.0001907377737087046,-0.010989010989014503,-0.03076923076923066,31,28,ENABLE
1784993395.0084887,-0.0001907377737087046,-0.010989010989014503,-0.0219780219780219,31,28,ENABLE
1784993395.0143816,-0.0001907377737087046,0.010989010989014503,-0.0219780219780219,31,28,ENABLE
1784993395.0194814,-0.0001907377737087046,-0.010989010989014503,-0.0219780219780219,31,28,ENABLE
1784993395.0240402,-0.0001907377737087046,-0.010989010989014503,-0.03076923076923066,31,28,ENABLE
1784993395.0290976,-0.0001907377737087046,0.010989010989014503,-0.03076923076923066,31,28,ENABLE
1784993395.0340466,-0.0001907377737087046,-0.010989010989014503,-0.0219780219780219,31,28,ENABLE
1784993395.0392573,-0.0001907377737087046,-0.010989010989014503,-0.0219780219780219,31,28,ENABLE
1784993395.0439248,-0.0001907377737087046,-0.010989010989014503,-0.01318681318681314,31,28,ENABLE
1784993395.049464,-0.0001907377737087046,-0.010989010989014503,-0.0219780219780219,31,28,ENABLE
1784993395.0540388,-0.0001907377737087046,-0.010989010989014503,-0.0219780219780219,31,28,ENABLE
1784993395.059084,-0.0001907377737087046,-0.0329670329670364,-0.0219780219780219,31,28,ENABLE
1784993395.0645454,-0.0001907377737087046,-0.010989010989014503,-0.0219780219780219,31,28,ENABLE
1784993395.0690844,-0.0001907377737087046,-0.010989010989014503,-0.0219780219780219,31,28,ENABLE
1784993395.0742652,-0.0001907377737087046,-0.010989010989014503,-0.0219780219780219,31,28,ENABLE
1784993395.0790243,-0.0001907377737087046,-0.010989010989014503,-0.0219780219780219,31,28,ENABLE
1784993395.0841,-0.0001907377737087046,-0.010989010989014503,-0.0219780219780219,31,28,ENABLE
1784993395.0892243,-0.0001907377737087046,-0.010989010989014503,-0.03076923076923066,31,28,ENABLE
1784993395.094267,-0.0001907377737087046,-0.010989010989014503,-0.03076923076923066,31,28,ENABLE
1784993395.0990512,-0.0001907377737087046,-0.010989010989014503,-0.0219780219780219,31,28,ENABLE
1784993395.1040595,-0.0001907377737087046,-0.0329670329670364,-0.0219780219780219,31,28,ENABLE
1784993395.1092594,-0.0001907377737087046,-0.010989010989014503,-0.01318681318681314,31,28,ENABLE
1784993395.1142473,-0.0001907377737087046,-0.010989010989014503,-0.03076923076923066,31,28,ENABLE
1784993395.1190166,-0.0001907377737087046,-0.010989010989014503,-0.03076923076923066,31,28,ENABLE
1784993395.1240914,-0.0001907377737087046,-0.010989010989014503,-0.0219780219780219,31,28,ENABLE
1784993395.1292343,-0.0001907377737087046,0.010989010989014503,-0.0219780219780219,31,28,ENABLE
1784993395.1341627,-0.0001907377737087046,-0.010989010989014503,-0.0219780219780219,31,28,ENABLE
1784993395.1396658,-0.0001907377737087046,0.010989010989014503,-0.01318681318681314,31,28,ENABLE
1784993395.1446643,-0.0001907377737087046,-0.0329670329670364,-0.03076923076923066,31,28,ENABLE
1784993395.1495404,-0.0001907377737087046,-0.010989010989014503,-0.0219780219780219,31,28,ENABLE
1784993395.154486,-0.0001907377737087046,-0.010989010989014503,-0.03076923076923066,31,28,ENABLE
1784993395.1592827,-0.0001907377737087046,-0.010989010989014503,-0.0219780219780219,31,28,ENABLE
1784993395.1641023,-0.0001907377737087046,-0.010989010989014503,-0.0219780219780219,31,28,ENABLE
1784993395.1690962,-0.0001907377737087046,-0.010989010989014503,-0.03076923076923066,31,28,ENABLE
1784993395.1740234,-0.0001907377737087046,-0.010989010989014503,-0.0219780219780219,31,28,ENABLE
1784993395.1795886,-0.0001907377737087046,-0.010989010989014503,-0.01318681318681314,31,28,ENABLE
1784993395.1840584,-0.0001907377737087046,-0.010989010989014503,-0.0219780219780219,31,28,ENABLE
1784993395.1890225,-0.0001907377737087046,-0.010989010989014503,-0.0219780219780219,31,28,ENABLE
1784993395.1940699,-0.0001907377737087046,-0.010989010989014503,-0.03076923076923066,31,28,ENABLE
1784993395.1992579,-0.0001907377737087046,-0.010989010989014503,-0.0219780219780219,31,28,ENABLE
1784993395.2040997,-0.0001907377737087046,-0.010989010989014503,-0.0219780219780219,31,28,ENABLE
1784993395.209493,-0.0001907377737087046,0.010989010989014503,-0.03076923076923066,31,28,ENABLE
1784993395.2140384,-0.0001907377737087046,-0.010989010989014503,-0.03076923076923066,31,28,ENABLE
1784993395.2190037,-0.0001907377737087046,-0.0329670329670364,-0.0219780219780219,31,28,ENABLE
1784993395.224244,-0.0001907377737087046,-0.010989010989014503,-0.01318681318681314,31,28,ENABLE
1784993395.2289023,-0.0001907377737087046,-0.010989010989014503,-0.0219780219780219,31,28,ENABLE
1784993395.2342901,-0.0001907377737087046,-0.010989010989014503,-0.0219780219780219,31,28,ENABLE
1784993395.2392898,-0.0001907377737087046,-0.010989010989014503,-0.03076923076923066,31,28,ENABLE
1784993395.2446742,-0.0001907377737087046,-0.0329670329670364,-0.03076923076923066,31,28,ENABLE
1784993395.2492323,-0.0001907377737087046,0.010989010989014503,-0.03076923076923066,31,28,ENABLE
1784993395.2538912,-0.0001907377737087046,0.010989010989014503,-0.0219780219780219,31,28,ENABLE
1784993395.2592328,-0.0001907377737087046,-0.010989010989014503,-0.0219780219780219,31,28,ENABLE
1784993395.2642725,0.0001907377737087046,0.010989010989014503,-0.03076923076923066,31,28,ENABLE
1784993395.269472,-0.0001907377737087046,-0.010989010989014503,-0.03076923076923066,31,28,ENABLE
1784993395.274542,-0.0001907377737087046,-0.010989010989014503,-0.0219780219780219,31,28,ENABLE
1784993395.2795217,-0.0001907377737087046,-0.010989010989014503,-0.0219780219780219,31,28,ENABLE
1784993395.2847776,-0.0001907377737087046,-0.010989010989014503,-0.03076923076923066,31,28,ENABLE
1784993395.2889829,-0.0001907377737087046,-0.010989010989014503,-0.0219780219780219,31,28,ENABLE
1784993395.2939079,-0.0001907377737087046,-0.010989010989014503,-0.03076923076923066,31,28,ENABLE
1784993395.2992306,-0.0001907377737087046,0.010989010989014503,-0.0219780219780219,31,28,ENABLE
1784993395.30421,-0.0001907377737087046,-0.0329670329670364,-0.0219780219780219,31,28,ENABLE
1784993395.3089466,-0.0001907377737087046,-0.010989010989014503,-0.03076923076923066,31,28,ENABLE
1784993395.3145869,-0.0001907377737087046,0.010989010989014503,-0.03076923076923066,31,28,ENABLE
1784993395.3196008,-0.0001907377737087046,-0.0329670329670364,-0.03076923076923066,31,28,ENABLE
1784993395.3242347,-0.0001907377737087046,-0.010989010989014503,-0.03076923076923066,31,28,ENABLE
1784993395.3293276,-0.0001907377737087046,0.010989010989014503,-0.03076923076923066,31,28,ENABLE
1784993395.3345172,-0.0001907377737087046,-0.010989010989014503,-0.0219780219780219,31,28,ENABLE
1784993395.339553,-0.0001907377737087046,-0.0329670329670364,-0.03076923076923066,31,28,ENABLE
1784993395.3442366,-0.0001907377737087046,-0.010989010989014503,-0.0219780219780219,31,28,ENABLE
1784993395.348991,-0.0001907377737087046,-0.010989010989014503,-0.03076923076923066,31,28,ENABLE
1784993395.3545418,-0.0001907377737087046,-0.010989010989014503,-0.03076923076923066,31,28,ENABLE
1784993395.3594363,-0.0001907377737087046,-0.0329670329670364,-0.0219780219780219,31,28,ENABLE
1784993395.3639913,-0.0001907377737087046,-0.010989010989014503,-0.0219780219780219,31,28,ENABLE
1784993395.3690448,-0.0001907377737087046,-0.010989010989014503,-0.0219780219780219,31,28,ENABLE
1784993395.3742325,-0.0001907377737087046,-0.010989010989014503,-0.03076923076923066,31,28,ENABLE
1784993395.3792317,-0.0001907377737087046,-0.010989010989014503,-0.0219780219780219,31,28,ENABLE
1784993395.3838837,-0.0001907377737087046,-0.0329670329670364,-0.0219780219780219,31,28,ENABLE
1784993395.3889499,-0.0001907377737087046,0.010989010989014503,-0.0219780219780219,31,28,ENABLE
1784993395.3945413,-0.0001907377737087046,-0.010989010989014503,-0.01318681318681314,31,28,ENABLE
1784993395.3994808,-0.0001907377737087046,-0.010989010989014503,-0.01318681318681314,31,28,ENABLE
1784993395.4042377,-0.0001907377737087046,-0.010989010989014503,-0.0219780219780219,31,28,ENABLE
1784993395.4092746,-0.0001907377737087046,-0.010989010989014503,-0.0219780219780219,31,28,ENABLE
1784993395.4145904,-0.0001907377737087046,0.010989010989014503,-0.0219780219780219,31,28,ENABLE
1784993395.4190197,0.0001907377737087046,-0.010989010989014503,-0.0219780219780219,31,28,ENABLE
1784993395.4239821,-0.0001907377737087046,-0.010989010989014503,-0.03076923076923066,31,28,ENABLE
1784993395.4291632,0.0001907377737087046,0.010989010989014503,-0.03076923076923066,31,28,ENABLE
1784993395.434231,-0.0001907377737087046,-0.0329670329670364,-0.0219780219780219,31,28,ENABLE
1784993395.4393797,-0.0001907377737087046,-0.010989010989014503,-0.01318681318681314,31,28,ENABLE
1784993395.4446976,-0.0001907377737087046,-0.0329670329670364,-0.0219780219780219,31,28,ENABLE
1784993395.4495554,-0.0001907377737087046,-0.0329670329670364,-0.03076923076923066,31,28,ENABLE
1784993395.4544837,-0.0001907377737087046,-0.010989010989014503,-0.03076923076923066,31,28,ENABLE
1784993395.4590867,-0.0001907377737087046,-0.0329670329670364,-0.03076923076923066,31,28,ENABLE
1784993395.4640234,-0.0001907377737087046,-0.010989010989014503,-0.0219780219780219,31,28,ENABLE
1784993395.4694128,-0.0001907377737087046,0.010989010989014503,-0.0219780219780219,31,28,ENABLE
1784993395.474263,-0.0001907377737087046,-0.010989010989014503,-0.03076923076923066,31,28,ENABLE
1784993395.4789543,-0.0001907377737087046,-0.010989010989014503,-0.0219780219780219,31,28,ENABLE
1784993395.484509,-0.0001907377737087046,-0.0329670329670364,-0.0219780219780219,31,28,ENABLE
1784993395.4895372,-0.0001907377737087046,-0.010989010989014503,-0.03076923076923066,31,28,ENABLE
1784993395.4940803,-0.0001907377737087046,-0.010989010989014503,-0.03076923076923066,31,28,ENABLE
1784993395.499426,-0.0001907377737087046,-0.0329670329670364,-0.03076923076923066,31,28,ENABLE
1784993395.5042326,0.0001907377737087046,-0.010989010989014503,-0.03076923076923066,31,28,ENABLE
1784993395.5091755,0.0001907377737087046,0.010989010989014503,-0.0219780219780219,31,28,ENABLE
1784993395.5135138,-0.0001907377737087046,-0.0329670329670364,-0.0219780219780219,31,28,ENABLE
1784993395.5189838,-0.0001907377737087046,-0.010989010989014503,-0.0219780219780219,31,28,ENABLE
1784993395.5245397,-0.0001907377737087046,-0.010989010989014503,-0.0219780219780219,31,28,ENABLE
1784993395.5294812,-0.0001907377737087046,-0.010989010989014503,-0.03076923076923066,31,28,ENABLE
1784993395.5342786,0.0001907377737087046,0.010989010989014503,-0.03076923076923066,31,28,ENABLE
1784993395.5394247,-0.0001907377737087046,-0.010989010989014503,-0.03076923076923066,31,28,ENABLE
1784993395.5442321,-0.0001907377737087046,-0.010989010989014503,-0.03076923076923066,31,28,ENABLE
1784993395.5489125,-0.0001907377737087046,-0.010989010989014503,-0.0219780219780219,31,28,ENABLE
1784993395.5541003,-0.0001907377737087046,-0.0329670329670364,-0.0219780219780219,31,28,ENABLE
1784993395.55907,-0.0001907377737087046,-0.0329670329670364,-0.03076923076923066,31,28,ENABLE
1784993395.5645201,-0.0001907377737087046,-0.0329670329670364,-0.03076923076923066,31,28,ENABLE
1784993395.5690227,-0.0001907377737087046,-0.010989010989014503,-0.0219780219780219,31,28,ENABLE
1784993395.573875,-0.0001907377737087046,-0.0329670329670364,-0.0219780219780219,31,28,ENABLE
1784993395.5790281,-0.0001907377737087046,-0.010989010989014503,-0.0219780219780219,31,28,ENABLE
1784993395.5844767,-0.0001907377737087046,-0.010989010989014503,-0.0219780219780219,31,28,ENABLE
1784993395.5891004,-0.0001907377737087046,0.010989010989014503,-0.03076923076923066,31,28,ENABLE
1784993395.594021,-0.0001907377737087046,-0.010989010989014503,-0.03076923076923066,31,28,ENABLE
1784993395.5991764,-0.0001907377737087046,-0.010989010989014503,-0.03076923076923066,31,28,ENABLE
1784993395.604257,0.0001907377737087046,-0.0329670329670364,-0.03076923076923066,31,28,ENABLE
1784993395.6092496,0.0001907377737087046,0.010989010989014503,-0.0219780219780219,31,28,ENABLE
1784993395.614452,0.0001907377737087046,-0.010989010989014503,-0.03076923076923066,31,28,ENABLE
1784993395.6190305,-0.0001907377737087046,-0.0329670329670364,-0.03076923076923066,31,28,ENABLE
1784993395.6244397,-0.0001907377737087046,-0.010989010989014503,-0.03076923076923066,31,28,ENABLE
1784993395.629026,-0.0001907377737087046,-0.0329670329670364,-0.0219780219780219,31,28,ENABLE
1784993395.6345408,-0.0001907377737087046,-0.010989010989014503,-0.0219780219780219,31,28,ENABLE
1784993395.639458,-0.0001907377737087046,-0.0329670329670364,-0.0219780219780219,31,28,ENABLE
1784993395.6441767,-0.0001907377737087046,-0.010989010989014503,-0.03076923076923066,31,28,ENABLE
1784993395.6490152,-0.0001907377737087046,-0.010989010989014503,-0.0219780219780219,31,28,ENABLE
1784993395.654228,-0.0001907377737087046,0.010989010989014503,-0.03076923076923066,31,28,ENABLE
1784993395.6592448,0.0001907377737087046,-0.010989010989014503,-0.03076923076923066,31,28,ENABLE
1784993395.6645494,-0.0001907377737087046,-0.010989010989014503,-0.03076923076923066,31,28,ENABLE
1784993395.6691148,0.0001907377737087046,-0.010989010989014503,-0.03076923076923066,31,28,ENABLE
1784993395.6746972,-0.0001907377737087046,-0.010989010989014503,-0.03076923076923066,31,28,ENABLE
1784993395.6795301,0.0001907377737087046,-0.010989010989014503,-0.03076923076923066,31,28,ENABLE
1784993395.6845891,-0.0001907377737087046,-0.010989010989014503,-0.0219780219780219,31,28,ENABLE
1784993395.6890397,-0.0001907377737087046,-0.010989010989014503,-0.03076923076923066,31,28,ENABLE
1784993395.6942554,-0.0001907377737087046,-0.0329670329670364,-0.03076923076923066,31,28,ENABLE
1784993395.6988566,0.0001907377737087046,0.010989010989014503,-0.0219780219780219,31,28,ENABLE
1784993395.7044985,-0.0001907377737087046,-0.0329670329670364,-0.0219780219780219,31,28,ENABLE
1784993395.7090151,-0.0001907377737087046,-0.010989010989014503,-0.03076923076923066,31,28,ENABLE
1784993395.7145061,0.0001907377737087046,0.010989010989014503,-0.03076923076923066,31,28,ENABLE
1784993395.7190905,0.0001907377737087046,-0.010989010989014503,-0.03076923076923066,31,28,ENABLE
1784993395.7240086,-0.0001907377737087046,-0.010989010989014503,-0.0219780219780219,31,28,ENABLE
1784993395.7288349,-0.0001907377737087046,-0.0329670329670364,-0.0219780219780219,31,28,ENABLE
1784993395.734019,-0.0001907377737087046,-0.010989010989014503,-0.0219780219780219,31,28,ENABLE
1784993395.7390952,-0.0001907377737087046,-0.010989010989014503,-0.0219780219780219,31,28,ENABLE
1784993395.744473,-0.0001907377737087046,-0.010989010989014503,-0.0219780219780219,31,28,ENABLE
1784993395.7494876,0.0001907377737087046,0.010989010989014503,-0.03076923076923066,31,28,ENABLE
1784993395.754073,-0.0001907377737087046,-0.0329670329670364,-0.03076923076923066,31,28,ENABLE
1784993395.7595458,-0.0001907377737087046,-0.010989010989014503,-0.03076923076923066,31,28,ENABLE
1784993395.763893,0.0001907377737087046,-0.010989010989014503,-0.03076923076923066,31,28,ENABLE
1784993395.7690532,-0.0001907377737087046,-0.0329670329670364,-0.0219780219780219,31,28,ENABLE
1784993395.7740033,-0.0001907377737087046,-0.0329670329670364,-0.0219780219780219,31,28,ENABLE
1784993395.7794952,-0.0001907377737087046,-0.0329670329670364,-0.0219780219780219,31,28,ENABLE
1784993395.7840142,-0.0001907377737087046,-0.010989010989014503,-0.0219780219780219,31,28,ENABLE
1784993395.7895017,-0.0001907377737087046,-0.010989010989014503,-0.03076923076923066,31,28,ENABLE
1784993395.7939072,-0.0001907377737087046,-0.010989010989014503,-0.03076923076923066,31,28,ENABLE
1784993395.7993088,-0.0001907377737087046,-0.0329670329670364,-0.03076923076923066,31,28,ENABLE
1784993395.8041039,-0.0001907377737087046,-0.0329670329670364,-0.0219780219780219,31,28,ENABLE
1784993395.8090985,-0.0001907377737087046,-0.010989010989014503,-0.0219780219780219,31,28,ENABLE
1784993395.8140082,-0.0001907377737087046,-0.010989010989014503,-0.0219780219780219,31,28,ENABLE
1784993395.8190298,-0.0001907377737087046,-0.010989010989014503,-0.03076923076923066,31,28,ENABLE
1784993395.8242087,0.0001907377737087046,0.010989010989014503,-0.03076923076923066,31,28,ENABLE
1784993395.8292544,-0.0001907377737087046,-0.010989010989014503,-0.03076923076923066,31,28,ENABLE
1784993395.8342795,-0.0001907377737087046,-0.010989010989014503,-0.0219780219780219,31,28,ENABLE
1784993395.8392637,0.0001907377737087046,0.010989010989014503,-0.0219780219780219,31,28,ENABLE
1784993395.8441784,0.0001907377737087046,0.010989010989014503,-0.03076923076923066,31,28,ENABLE
1784993395.8490658,-0.0001907377737087046,-0.010989010989014503,-0.03076923076923066,31,28,ENABLE
1784993395.8542356,0.0001907377737087046,0.010989010989014503,-0.03956043956043942,31,28,ENABLE
1784993395.8592596,-0.0001907377737087046,-0.010989010989014503,-0.03076923076923066,31,28,ENABLE
1784993395.8641374,-0.0001907377737087046,-0.010989010989014503,-0.03076923076923066,31,28,ENABLE
1784993395.869146,-0.0001907377737087046,-0.010989010989014503,-0.03076923076923066,31,28,ENABLE
1784993395.8737864,-0.0001907377737087046,-0.010989010989014503,-0.03076923076923066,31,28,ENABLE
1784993395.8790407,-0.0001907377737087046,-0.0329670329670364,-0.0219780219780219,31,28,ENABLE
1784993395.8840146,-0.0001907377737087046,0.010989010989014503,-0.0219780219780219,31,28,ENABLE
1784993395.889103,-0.0001907377737087046,-0.010989010989014503,-0.0219780219780219,31,28,ENABLE
1784993395.8942292,-0.0001907377737087046,-0.0329670329670364,-0.03076923076923066,31,28,ENABLE
1784993395.8992286,-0.0001907377737087046,-0.0329670329670364,-0.0219780219780219,31,28,ENABLE
1784993395.9040062,-0.0001907377737087046,-0.0329670329670364,-0.01318681318681314,31,28,ENABLE
1784993395.909526,-0.0001907377737087046,-0.0329670329670364,-0.0219780219780219,31,28,ENABLE
1784993395.9145145,-0.0001907377737087046,-0.010989010989014503,-0.0219780219780219,31,28,ENABLE
1784993395.9195457,-0.0001907377737087046,-0.010989010989014503,-0.0219780219780219,31,28,ENABLE
1784993395.9238868,-0.0001907377737087046,-0.010989010989014503,-0.03076923076923066,31,28,ENABLE
1784993395.9289935,-0.0001907377737087046,-0.010989010989014503,-0.03076923076923066,31,28,ENABLE
1784993395.9339018,0.0001907377737087046,0.0329670329670364,-0.0219780219780219,31,28,ENABLE
1784993395.9392061,-0.0001907377737087046,-0.010989010989014503,-0.03076923076923066,31,28,ENABLE
1784993395.944561,-0.0001907377737087046,-0.010989010989014503,-0.03956043956043942,31,28,ENABLE
1784993395.949683,-0.0001907377737087046,-0.0329670329670364,-0.03076923076923066,31,28,ENABLE
1784993395.9540143,0.0001907377737087046,0.010989010989014503,-0.03076923076923066,31,28,ENABLE
1784993395.9591074,-0.0001907377737087046,-0.010989010989014503,-0.03076923076923066,31,28,ENABLE
1784993395.9645271,-0.0001907377737087046,-0.010989010989014503,-0.0219780219780219,31,28,ENABLE
1784993395.969533,0.0001907377737087046,0.010989010989014503,-0.0219780219780219,31,28,ENABLE
1784993395.9739792,-0.0001907377737087046,-0.010989010989014503,-0.01318681318681314,31,28,ENABLE
1784993395.9790921,-0.0001907377737087046,-0.010989010989014503,-0.0219780219780219,31,28,ENABLE
1784993395.9839165,-0.0001907377737087046,-0.010989010989014503,-0.03076923076923066,31,28,ENABLE
1784993395.9892347,0.0001907377737087046,0.010989010989014503,-0.0219780219780219,31,28,ENABLE
1784993395.994463,-0.0001907377737087046,-0.0329670329670364,-0.0219780219780219,31,28,ENABLE
1784993395.9995034,-0.0001907377737087046,-0.010989010989014503,-0.0219780219780219,31,28,ENABLE
1784993396.0040102,-0.0001907377737087046,-0.010989010989014503,-0.0219780219780219,31,28,ENABLE
1784993396.0095112,-0.0001907377737087046,-0.010989010989014503,-0.01318681318681314,31,28,ENABLE
1784993396.0141041,-0.0001907377737087046,-0.010989010989014503,-0.03076923076923066,31,28,ENABLE
1784993396.019086,0.0001907377737087046,-0.010989010989014503,-0.03076923076923066,31,28,ENABLE
1784993396.024011,-0.0001907377737087046,-0.0329670329670364,-0.03076923076923066,31,28,ENABLE
1784993396.0287387,0.0001907377737087046,-0.010989010989014503,-0.03076923076923066,31,28,ENABLE
1784993396.0339227,-0.0001907377737087046,-0.010989010989014503,-0.01318681318681314,31,28,ENABLE
1784993396.039286,-0.0001907377737087046,-0.010989010989014503,-0.0219780219780219,31,28,ENABLE
1784993396.044452,-0.0001907377737087046,-0.010989010989014503,-0.0219780219780219,31,28,ENABLE
1784993396.0490632,-0.0001907377737087046,-0.010989010989014503,-0.0219780219780219,31,28,ENABLE
1784993396.0543234,-0.0001907377737087046,-0.010989010989014503,-0.03076923076923066,31,28,ENABLE
1784993396.0589235,0.0001907377737087046,0.010989010989014503,-0.0219780219780219,31,28,ENABLE
1784993396.0642645,-0.0001907377737087046,-0.010989010989014503,-0.03076923076923066,31,28,ENABLE
1784993396.069371,-0.0001907377737087046,-0.010989010989014503,-0.03076923076923066,31,28,ENABLE
1784993396.074218,-0.0001907377737087046,-0.010989010989014503,-0.0219780219780219,31,28,ENABLE
1784993396.079055,-0.0001907377737087046,-0.010989010989014503,-0.0219780219780219,31,28,ENABLE
1784993396.0844495,-0.0001907377737087046,0.010989010989014503,-0.0219780219780219,31,28,ENABLE
1784993396.0892327,-0.0001907377737087046,-0.010989010989014503,-0.03076923076923066,31,28,ENABLE
1784993396.0940416,-0.0001907377737087046,0.010989010989014503,-0.0219780219780219,31,28,ENABLE
1784993396.0995538,-0.0001907377737087046,-0.0329670329670364,-0.0219780219780219,31,28,ENABLE
1784993396.104321,-0.0001907377737087046,-0.0329670329670364,-0.0219780219780219,31,28,ENABLE
1784993396.1092672,-0.0001907377737087046,-0.0329670329670364,-0.03076923076923066,31,28,ENABLE
1784993396.1144714,-0.0001907377737087046,0.010989010989014503,-0.03076923076923066,31,28,ENABLE
1784993396.1190393,-0.0001907377737087046,0.010989010989014503,-0.01318681318681314,31,28,ENABLE
1784993396.1240175,-0.0001907377737087046,-0.010989010989014503,-0.0219780219780219,31,28,ENABLE
1784993396.129095,-0.0001907377737087046,-0.0329670329670364,-0.0219780219780219,31,28,ENABLE
1784993396.1343143,-0.0001907377737087046,-0.010989010989014503,-0.0219780219780219,31,28,ENABLE
1784993396.1392126,-0.0001907377737087046,-0.010989010989014503,-0.0219780219780219,31,28,ENABLE
1784993396.144128,-0.0001907377737087046,-0.0329670329670364,-0.03076923076923066,31,28,ENABLE
1784993396.1491528,-0.0001907377737087046,-0.0329670329670364,-0.0219780219780219,31,28,ENABLE
1784993396.154602,-0.0001907377737087046,-0.010989010989014503,-0.00439560439560438,31,28,ENABLE
1784993396.1592612,-0.0001907377737087046,-0.010989010989014503,-0.0219780219780219,31,28,ENABLE
1784993396.1641223,-0.0001907377737087046,-0.010989010989014503,-0.0219780219780219,31,28,ENABLE
1784993396.169103,-0.0001907377737087046,0.010989010989014503,-0.0219780219780219,31,28,ENABLE
1784993396.1745393,-0.0001907377737087046,-0.010989010989014503,-0.03076923076923066,31,28,ENABLE
1784993396.1793108,-0.0001907377737087046,-0.010989010989014503,-0.03956043956043942,31,28,ENABLE
1784993396.1839857,0.0001907377737087046,0.010989010989014503,-0.03956043956043942,31,28,ENABLE
1784993396.1890376,0.0001907377737087046,0.010989010989014503,-0.03956043956043942,31,28,ENABLE
1784993396.1940749,0.0001907377737087046,0.010989010989014503,-0.03956043956043942,31,28,ENABLE
1784993396.1995919,-0.0001907377737087046,-0.010989010989014503,-0.03956043956043942,31,28,ENABLE
1784993396.2044468,0.0001907377737087046,0.010989010989014503,-0.0219780219780219,31,28,ENABLE
1784993396.2084599,-0.0001907377737087046,-0.0549450549450583,-0.0219780219780219,31,28,ENABLE
1784993396.2139416,-0.0001907377737087046,-0.0329670329670364,-0.01318681318681314,31,28,ENABLE
1784993396.2192714,-0.0001907377737087046,-0.010989010989014503,-0.01318681318681314,31,28,ENABLE
1784993396.224361,-0.0001907377737087046,-0.0329670329670364,-0.03076923076923066,31,28,ENABLE
1784993396.229185,-0.0001907377737087046,-0.010989010989014503,-0.0219780219780219,31,28,ENABLE
1784993396.234466,-0.0001907377737087046,-0.010989010989014503,-0.0219780219780219,31,28,ENABLE
1784993396.2392306,-0.0001907377737087046,0.010989010989014503,-0.0219780219780219,31,28,ENABLE
1784993396.2440608,-0.0001907377737087046,-0.0329670329670364,-0.0219780219780219,31,28,ENABLE
1784993396.2490957,-0.0001907377737087046,-0.010989010989014503,-0.0219780219780219,31,28,ENABLE
1784993396.2546563,-0.0001907377737087046,-0.010989010989014503,-0.0219780219780219,31,28,ENABLE
1784993396.2592177,-0.0001907377737087046,-0.0329670329670364,-0.01318681318681314,31,28,ENABLE
1784993396.2644022,-0.0001907377737087046,-0.010989010989014503,-0.0219780219780219,31,28,ENABLE
1784993396.269021,-0.0001907377737087046,-0.010989010989014503,-0.0219780219780219,31,28,ENABLE
1784993396.2745028,-0.0001907377737087046,0.010989010989014503,-0.03076923076923066,31,28,ENABLE
1784993396.279039,-0.0001907377737087046,-0.010989010989014503,-0.03076923076923066,31,28,ENABLE
1784993396.2845592,-0.0001907377737087046,-0.010989010989014503,-0.03076923076923066,31,28,ENABLE
1784993396.2895098,0.0001907377737087046,-0.010989010989014503,-0.03076923076923066,31,28,ENABLE
1784993396.293969,-0.0001907377737087046,0.010989010989014503,-0.03076923076923066,31,28,ENABLE
1784993396.2989063,-0.0001907377737087046,-0.010989010989014503,-0.0219780219780219,31,28,ENABLE
1784993396.304257,-0.0001907377737087046,-0.010989010989014503,-0.03076923076923066,31,28,ENABLE
1784993396.309226,-0.0001907377737087046,-0.010989010989014503,-0.03076923076923066,31,28,ENABLE
1784993396.3144832,-0.0001907377737087046,-0.010989010989014503,-0.0219780219780219,31,28,ENABLE
1784993396.3197713,-0.0001907377737087046,-0.010989010989014503,-0.0219780219780219,31,28,ENABLE
1784993396.3246682,-0.0001907377737087046,-0.010989010989014503,-0.0219780219780219,31,28,ENABLE
1784993396.3289604,-0.0001907377737087046,-0.010989010989014503,-0.03076923076923066,31,28,ENABLE
1784993396.3338928,-0.0001907377737087046,-0.010989010989014503,-0.0219780219780219,31,28,ENABLE
1784993396.33922,0.0001907377737087046,0.010989010989014503,-0.0219780219780219,31,28,ENABLE
1784993396.3439999,-0.0001907377737087046,-0.0329670329670364,-0.03076923076923066,31,28,ENABLE
1784993396.3497057,-0.0001907377737087046,-0.010989010989014503,-0.03076923076923066,31,28,ENABLE
1784993396.354592,-0.0001907377737087046,-0.010989010989014503,-0.0219780219780219,31,28,ENABLE
1784993396.3592284,-0.0001907377737087046,-0.010989010989014503,-0.0219780219780219,31,28,ENABLE
1784993396.3641877,-0.0001907377737087046,-0.010989010989014503,-0.0219780219780219,31,28,ENABLE
1784993396.3686748,-0.0001907377737087046,-0.010989010989014503,-0.03076923076923066,31,28,ENABLE
1784993396.3739276,-0.0001907377737087046,0.010989010989014503,-0.0219780219780219,31,28,ENABLE
1784993396.3795424,-0.0001907377737087046,0.010989010989014503,-0.0219780219780219,31,28,ENABLE
1784993396.3845336,-0.0001907377737087046,-0.0329670329670364,-0.0219780219780219,31,28,ENABLE
1784993396.3895192,-0.0001907377737087046,-0.010989010989014503,-0.0219780219780219,31,28,ENABLE
1784993396.3944683,-0.0001907377737087046,-0.010989010989014503,-0.0219780219780219,31,28,ENABLE
1784993396.3992577,-0.0001907377737087046,-0.010989010989014503,-0.00439560439560438,31,28,ENABLE
1784993396.4042428,-0.0001907377737087046,-0.010989010989014503,-0.0219780219780219,31,28,ENABLE
1784993396.4095125,-0.0001907377737087046,-0.010989010989014503,-0.03076923076923066,31,28,ENABLE
1784993396.4140244,-0.0001907377737087046,-0.0329670329670364,-0.0219780219780219,31,28,ENABLE
1784993396.4190488,-0.0001907377737087046,-0.010989010989014503,-0.03076923076923066,31,28,ENABLE
1784993396.4244423,-0.0001907377737087046,-0.010989010989014503,-0.0219780219780219,31,28,ENABLE
1784993396.4294844,-0.0001907377737087046,-0.010989010989014503,-0.0219780219780219,31,28,ENABLE
1784993396.4340718,-0.0001907377737087046,-0.010989010989014503,-0.03076923076923066,31,28,ENABLE
1784993396.4388962,-0.0001907377737087046,-0.010989010989014503,-0.03076923076923066,31,28,ENABLE
1784993396.4442961,-0.0001907377737087046,-0.010989010989014503,-0.03076923076923066,31,28,ENABLE
1784993396.4497302,-0.0001907377737087046,-0.0329670329670364,-0.03076923076923066,31,28,ENABLE
1784993396.4544668,-0.0001907377737087046,-0.010989010989014503,-0.03076923076923066,31,28,ENABLE
1784993396.4592342,-0.0001907377737087046,0.010989010989014503,-0.0219780219780219,31,28,ENABLE
1784993396.4642673,-0.0001907377737087046,-0.0329670329670364,-0.03076923076923066,31,28,ENABLE
1784993396.4694982,-0.0001907377737087046,-0.010989010989014503,-0.0219780219780219,31,28,ENABLE
1784993396.4740791,-0.0001907377737087046,-0.010989010989014503,-0.0219780219780219,31,28,ENABLE
1784993396.4790947,-0.0001907377737087046,-0.010989010989014503,-0.01318681318681314,31,28,ENABLE
1784993396.4845479,-0.0001907377737087046,-0.010989010989014503,-0.0219780219780219,31,28,ENABLE
1784993396.4892268,-0.0001907377737087046,-0.010989010989014503,-0.0219780219780219,31,28,ENABLE
1784993396.4938867,-0.0001907377737087046,-0.010989010989014503,-0.03076923076923066,31,28,ENABLE
1784993396.4992893,-0.0001907377737087046,-0.0329670329670364,-0.0219780219780219,31,28,ENABLE
1784993396.5045416,-0.0001907377737087046,-0.010989010989014503,-0.0219780219780219,31,28,ENABLE
1784993396.509501,-0.0001907377737087046,-0.010989010989014503,-0.0219780219780219,31,28,ENABLE
1784993396.514509,-0.0001907377737087046,-0.010989010989014503,-0.03076923076923066,31,28,ENABLE
1784993396.5189612,-0.0001907377737087046,-0.010989010989014503,-0.03076923076923066,31,28,ENABLE
1784993396.5242574,-0.0001907377737087046,-0.010989010989014503,-0.03076923076923066,31,28,ENABLE
1784993396.5292134,-0.0001907377737087046,-0.010989010989014503,-0.03076923076923066,31,28,ENABLE
1784993396.5342264,-0.0001907377737087046,0.010989010989014503,-0.03076923076923066,31,28,ENABLE
1784993396.5390177,-0.0001907377737087046,-0.0329670329670364,-0.03076923076923066,31,28,ENABLE
1784993396.5442255,-0.0001907377737087046,-0.0329670329670364,-0.03076923076923066,31,28,ENABLE
1784993396.5492597,-0.0001907377737087046,-0.010989010989014503,-0.0219780219780219,31,28,ENABLE
1784993396.5539289,-0.0001907377737087046,-0.010989010989014503,-0.0219780219780219,31,28,ENABLE
1784993396.5592582,-0.0001907377737087046,-0.0329670329670364,-0.0219780219780219,31,28,ENABLE
1784993396.5639977,-0.0001907377737087046,-0.010989010989014503,-0.0219780219780219,31,28,ENABLE
1784993396.5690413,-0.0001907377737087046,-0.0329670329670364,-0.0219780219780219,31,28,ENABLE
1784993396.5744245,-0.0001907377737087046,-0.010989010989014503,-0.0219780219780219,31,28,ENABLE
1784993396.579482,-0.0001907377737087046,0.010989010989014503,-0.0219780219780219,31,28,ENABLE
1784993396.5840237,-0.0001907377737087046,0.010989010989014503,-0.0219780219780219,31,28,ENABLE
1784993396.588889,-0.0001907377737087046,-0.010989010989014503,-0.0219780219780219,31,28,ENABLE
1784993396.5941114,-0.0001907377737087046,-0.010989010989014503,-0.03076923076923066,31,28,ENABLE
1784993396.599502,-0.0001907377737087046,-0.010989010989014503,-0.0219780219780219,31,28,ENABLE
1784993396.6045108,-0.0001907377737087046,0.010989010989014503,-0.0219780219780219,31,28,ENABLE
1784993396.6090202,-0.0001907377737087046,-0.010989010989014503,-0.03076923076923066,31,28,ENABLE
1784993396.6140559,-0.0001907377737087046,-0.010989010989014503,-0.03076923076923066,31,28,ENABLE
1784993396.6192305,-0.0001907377737087046,-0.0329670329670364,-0.03076923076923066,31,28,ENABLE
1784993396.6242576,-0.0001907377737087046,-0.010989010989014503,-0.0219780219780219,31,28,ENABLE
1784993396.6290855,-0.0001907377737087046,-0.010989010989014503,-0.0219780219780219,31,28,ENABLE
1784993396.6341786,-0.0001907377737087046,-0.0329670329670364,-0.0219780219780219,31,28,ENABLE
1784993396.6392467,-0.0001907377737087046,-0.010989010989014503,-0.0219780219780219,31,28,ENABLE
1784993396.6442266,-0.0001907377737087046,0.010989010989014503,-0.0219780219780219,31,28,ENABLE
1784993396.6490526,-0.0001907377737087046,-0.010989010989014503,-0.0219780219780219,31,28,ENABLE
1784993396.654057,-0.0001907377737087046,-0.010989010989014503,-0.03076923076923066,31,28,ENABLE
1784993396.658941,-0.0001907377737087046,0.010989010989014503,-0.0219780219780219,31,28,ENABLE
1784993396.6642392,-0.0001907377737087046,-0.010989010989014503,-0.0219780219780219,31,28,ENABLE
1784993396.6694982,-0.0001907377737087046,-0.010989010989014503,-0.0219780219780219,31,28,ENABLE
1784993396.6740189,-0.0001907377737087046,-0.010989010989014503,-0.0219780219780219,31,28,ENABLE
1784993396.6789005,-0.0001907377737087046,-0.010989010989014503,-0.03076923076923066,31,28,ENABLE
1784993396.684268,-0.0001907377737087046,-0.010989010989014503,-0.03076923076923066,31,28,ENABLE
1784993396.6896026,-0.0001907377737087046,-0.0329670329670364,-0.03076923076923066,31,28,ENABLE
1784993396.6940026,-0.0001907377737087046,-0.010989010989014503,-0.0219780219780219,31,28,ENABLE
1784993396.6990156,-0.0001907377737087046,0.010989010989014503,-0.0219780219780219,31,28,ENABLE
1784993396.7044928,-0.0001907377737087046,-0.0329670329670364,-0.0219780219780219,31,28,ENABLE
1784993396.7094848,-0.0001907377737087046,-0.0329670329670364,-0.0219780219780219,31,28,ENABLE
1784993396.7145429,-0.0001907377737087046,-0.010989010989014503,-0.01318681318681314,31,28,ENABLE
1784993396.7195313,-0.0001907377737087046,-0.010989010989014503,-0.0219780219780219,31,28,ENABLE
1784993396.724106,-0.0001907377737087046,0.010989010989014503,-0.03076923076923066,31,28,ENABLE
1784993396.72901,-0.0001907377737087046,-0.010989010989014503,-0.03076923076923066,31,28,ENABLE
1784993396.7341793,-0.0001907377737087046,0.010989010989014503,-0.03076923076923066,31,28,ENABLE
1784993396.7392752,-0.0001907377737087046,-0.010989010989014503,-0.03076923076923066,31,28,ENABLE
1784993396.7442136,-0.0001907377737087046,-0.010989010989014503,-0.0219780219780219,31,28,ENABLE
1784993396.7490714,-0.0001907377737087046,-0.010989010989014503,-0.01318681318681314,31,28,ENABLE
1784993396.7541761,-0.0001907377737087046,-0.010989010989014503,-0.0219780219780219,31,28,ENABLE
1784993396.7592752,-0.0001907377737087046,-0.010989010989014503,-0.03076923076923066,31,28,ENABLE
1784993396.764293,-0.0001907377737087046,0.010989010989014503,-0.03076923076923066,31,28,ENABLE
1784993396.7691054,-0.0001907377737087046,-0.010989010989014503,-0.0219780219780219,31,28,ENABLE
1784993396.7741547,-0.0001907377737087046,-0.010989010989014503,-0.0219780219780219,31,28,ENABLE
1784993396.7792518,-0.0001907377737087046,0.010989010989014503,-0.0219780219780219,31,28,ENABLE
1784993396.7842798,-0.0001907377737087046,0.010989010989014503,-0.0219780219780219,31,28,ENABLE
1784993396.7890346,-0.0001907377737087046,-0.010989010989014503,-0.0219780219780219,31,28,ENABLE
1784993396.7940886,-0.0001907377737087046,-0.010989010989014503,-0.03076923076923066,31,28,ENABLE
1784993396.7990372,-0.0001907377737087046,0.010989010989014503,-0.0219780219780219,31,28,ENABLE
1784993396.8045897,-0.0001907377737087046,-0.010989010989014503,-0.0219780219780219,31,28,ENABLE
1784993396.809341,-0.0001907377737087046,-0.010989010989014503,-0.0219780219780219,31,28,ENABLE
1784993396.8139203,-0.0001907377737087046,-0.010989010989014503,-0.0219780219780219,31,28,ENABLE
1784993396.8187346,-0.0001907377737087046,-0.010989010989014503,-0.01318681318681314,31,28,ENABLE
1784993396.8237097,-0.0001907377737087046,-0.010989010989014503,-0.0219780219780219,31,28,ENABLE
1784993396.8295047,-0.0001907377737087046,-0.010989010989014503,-0.0219780219780219,31,28,ENABLE
1784993396.8348396,-0.0001907377737087046,-0.0329670329670364,-0.0219780219780219,31,28,ENABLE
1784993396.839579,-0.0001907377737087046,0.010989010989014503,-0.03076923076923066,31,28,ENABLE
1784993396.8440914,-0.0001907377737087046,-0.0329670329670364,-0.0219780219780219,31,28,ENABLE
1784993396.8491123,-0.0001907377737087046,-0.010989010989014503,-0.0219780219780219,31,28,ENABLE
1784993396.8539906,-0.0001907377737087046,-0.010989010989014503,-0.03076923076923066,31,28,ENABLE
1784993396.8593159,-0.0001907377737087046,0.010989010989014503,-0.03076923076923066,31,28,ENABLE
1784993396.8638513,-0.0001907377737087046,-0.010989010989014503,-0.03076923076923066,31,28,ENABLE
1784993396.8688993,-0.0001907377737087046,-0.010989010989014503,-0.03076923076923066,31,28,ENABLE
1784993396.8742363,-0.0001907377737087046,0.010989010989014503,-0.03076923076923066,31,28,ENABLE
1784993396.8795145,-0.0001907377737087046,-0.010989010989014503,-0.0219780219780219,31,28,ENABLE
1784993396.8840919,-0.0001907377737087046,0.010989010989014503,-0.0219780219780219,31,28,ENABLE
1784993396.889115,-0.0001907377737087046,-0.010989010989014503,-0.03076923076923066,31,28,ENABLE
1784993396.8945086,-0.0001907377737087046,-0.0329670329670364,-0.03076923076923066,31,28,ENABLE
1784993396.8991728,-0.0001907377737087046,-0.0329670329670364,-0.03076923076923066,31,28,ENABLE
1784993396.903463,-0.0001907377737087046,-0.010989010989014503,-0.0219780219780219,31,28,ENABLE
1784993396.9089763,-0.0001907377737087046,-0.010989010989014503,-0.0219780219780219,31,28,ENABLE
1784993396.9145255,-0.0001907377737087046,-0.0329670329670364,-0.03076923076923066,31,28,ENABLE
1784993396.9195728,-0.0001907377737087046,0.010989010989014503,-0.0219780219780219,31,28,ENABLE
1784993396.9242454,-0.0001907377737087046,-0.010989010989014503,-0.03076923076923066,31,28,ENABLE
1784993396.929023,-0.0001907377737087046,0.010989010989014503,-0.01318681318681314,31,28,ENABLE
1784993396.9340436,-0.0001907377737087046,-0.010989010989014503,-0.01318681318681314,31,28,ENABLE
1784993396.9394689,-0.0001907377737087046,-0.010989010989014503,-0.03076923076923066,31,28,ENABLE
1784993396.9442573,-0.0001907377737087046,-0.010989010989014503,-0.03076923076923066,31,28,ENABLE
1784993396.9490423,-0.0001907377737087046,-0.010989010989014503,-0.0219780219780219,31,28,ENABLE
1784993396.9544985,-0.0001907377737087046,-0.0329670329670364,-0.03076923076923066,31,28,ENABLE
1784993396.9595265,-0.0001907377737087046,-0.0329670329670364,-0.0219780219780219,31,28,ENABLE
1784993396.9645517,-0.0001907377737087046,-0.010989010989014503,-0.03076923076923066,31,28,ENABLE
1784993396.9695795,-0.0001907377737087046,-0.010989010989014503,-0.03076923076923066,31,28,ENABLE
1784993396.974004,-0.0001907377737087046,-0.010989010989014503,-0.03076923076923066,31,28,ENABLE
1784993396.9790432,-0.0001907377737087046,-0.010989010989014503,-0.0219780219780219,31,28,ENABLE
1784993396.9846878,-0.0001907377737087046,-0.0329670329670364,-0.0219780219780219,31,28,ENABLE
1784993396.9894419,-0.0001907377737087046,-0.010989010989014503,-0.0219780219780219,31,28,ENABLE
1784993396.9937534,-0.0001907377737087046,-0.010989010989014503,-0.0219780219780219,31,28,ENABLE
1784993396.9991622,-0.0001907377737087046,-0.0329670329670364,-0.0219780219780219,31,28,ENABLE
1784993397.0038767,-0.0001907377737087046,-0.010989010989014503,-0.0219780219780219,31,28,ENABLE
1784993397.0088754,0.0001907377737087046,-0.010989010989014503,-0.03076923076923066,31,28,ENABLE
1784993397.0142334,-0.0001907377737087046,-0.010989010989014503,-0.03076923076923066,31,28,ENABLE
1784993397.0193634,-0.0001907377737087046,-0.010989010989014503,-0.03076923076923066,31,28,ENABLE
1784993397.0240197,-0.0001907377737087046,-0.0329670329670364,-0.0219780219780219,31,28,ENABLE
1784993397.029018,-0.0001907377737087046,-0.010989010989014503,-0.03076923076923066,31,28,ENABLE
1784993397.0340116,-0.0001907377737087046,-0.0329670329670364,-0.0219780219780219,31,28,ENABLE
1784993397.0394976,-0.0001907377737087046,0.010989010989014503,-0.03076923076923066,31,28,ENABLE
1784993397.0442846,-0.0001907377737087046,-0.0329670329670364,-0.0219780219780219,31,28,ENABLE
1784993397.0493734,-0.0001907377737087046,-0.0329670329670364,-0.03076923076923066,31,28,ENABLE
1784993397.0540524,-0.0001907377737087046,-0.010989010989014503,-0.03076923076923066,31,28,ENABLE
1784993397.0595355,-0.0001907377737087046,-0.010989010989014503,-0.0219780219780219,31,28,ENABLE
1784993397.0640554,-0.0001907377737087046,-0.010989010989014503,-0.03076923076923066,31,28,ENABLE
1784993397.0696003,-0.0001907377737087046,0.010989010989014503,-0.03076923076923066,31,28,ENABLE
1784993397.074232,-0.0001907377737087046,-0.0329670329670364,-0.0219780219780219,31,28,ENABLE
1784993397.0789826,-0.0001907377737087046,-0.010989010989014503,-0.0219780219780219,31,28,ENABLE
1784993397.0844471,-0.0001907377737087046,-0.0329670329670364,-0.01318681318681314,31,28,ENABLE
1784993397.0895472,-0.0001907377737087046,0.010989010989014503,-0.01318681318681314,31,28,ENABLE
1784993397.0940228,-0.0001907377737087046,0.010989010989014503,-0.0219780219780219,31,28,ENABLE
1784993397.0989912,-0.0001907377737087046,-0.010989010989014503,-0.0219780219780219,31,28,ENABLE
1784993397.1042259,-0.0001907377737087046,-0.010989010989014503,-0.0219780219780219,31,28,ENABLE
1784993397.109275,-0.0001907377737087046,0.010989010989014503,-0.03076923076923066,31,28,ENABLE
1784993397.114057,-0.0001907377737087046,-0.0329670329670364,-0.03076923076923066,31,28,ENABLE
1784993397.1190217,-0.0001907377737087046,-0.010989010989014503,-0.03076923076923066,31,28,ENABLE
1784993397.1240807,-0.0001907377737087046,-0.010989010989014503,-0.03076923076923066,31,28,ENABLE
1784993397.1294909,-0.0001907377737087046,-0.010989010989014503,-0.0219780219780219,31,28,ENABLE
1784993397.1345341,-0.0001907377737087046,-0.010989010989014503,-0.01318681318681314,31,28,ENABLE
1784993397.1390128,-0.0001907377737087046,0.010989010989014503,-0.01318681318681314,31,28,ENABLE
1784993397.1440775,-0.0001907377737087046,-0.010989010989014503,-0.0219780219780219,31,28,ENABLE
1784993397.149086,-0.0001907377737087046,-0.010989010989014503,-0.0219780219780219,31,28,ENABLE
1784993397.154495,-0.0001907377737087046,0.010989010989014503,-0.0219780219780219,31,28,ENABLE
1784993397.1589808,-0.0001907377737087046,-0.010989010989014503,-0.03076923076923066,31,28,ENABLE
1784993397.1645412,-0.0001907377737087046,-0.010989010989014503,-0.0219780219780219,31,28,ENABLE
1784993397.1691356,-0.0001907377737087046,-0.010989010989014503,-0.03076923076923066,31,28,ENABLE
1784993397.17449,-0.0001907377737087046,-0.010989010989014503,-0.0219780219780219,31,28,ENABLE
1784993397.1794837,-0.0001907377737087046,-0.0329670329670364,-0.01318681318681314,31,28,ENABLE
1784993397.1840904,-0.0001907377737087046,-0.010989010989014503,-0.01318681318681314,31,28,ENABLE
1784993397.189538,-0.0001907377737087046,-0.010989010989014503,-0.0219780219780219,31,28,ENABLE
1784993397.1940913,-0.0001907377737087046,-0.010989010989014503,-0.01318681318681314,31,28,ENABLE
1784993397.1995142,-0.0001907377737087046,-0.0329670329670364,-0.03076923076923066,31,28,ENABLE
1784993397.2044702,-0.0001907377737087046,-0.010989010989014503,-0.0219780219780219,31,28,ENABLE
1784993397.2094793,-0.0001907377737087046,-0.010989010989014503,-0.0219780219780219,31,28,ENABLE
1784993397.214021,-0.0001907377737087046,-0.010989010989014503,-0.0219780219780219,31,28,ENABLE
1784993397.2194295,-0.0001907377737087046,0.010989010989014503,-0.0219780219780219,31,28,ENABLE
1784993397.2244499,-0.0001907377737087046,-0.010989010989014503,-0.0219780219780219,31,28,ENABLE
1784993397.2292345,-0.0001907377737087046,-0.010989010989014503,-0.0219780219780219,31,28,ENABLE
1784993397.2340548,-0.0001907377737087046,-0.0329670329670364,-0.0219780219780219,31,28,ENABLE
1784993397.238761,-0.0001907377737087046,0.010989010989014503,-0.03076923076923066,31,28,ENABLE
1784993397.2442331,-0.0001907377737087046,-0.010989010989014503,-0.03076923076923066,31,28,ENABLE
1784993397.2489007,-0.0001907377737087046,-0.010989010989014503,-0.03076923076923066,31,28,ENABLE
1784993397.2539108,-0.0001907377737087046,-0.010989010989014503,-0.03076923076923066,31,28,ENABLE
1784993397.259277,-0.0001907377737087046,-0.010989010989014503,-0.03076923076923066,31,28,ENABLE
1784993397.2639713,-0.0001907377737087046,-0.0329670329670364,-0.03076923076923066,31,28,ENABLE
1784993397.2694392,-0.0001907377737087046,-0.0329670329670364,-0.0219780219780219,31,28,ENABLE
1784993397.2742274,-0.0001907377737087046,-0.0329670329670364,-0.0219780219780219,31,28,ENABLE
1784993397.2792437,-0.0001907377737087046,-0.0329670329670364,-0.0219780219780219,31,28,ENABLE
1784993397.284449,-0.0001907377737087046,-0.010989010989014503,-0.01318681318681314,31,28,ENABLE
1784993397.288946,-0.0001907377737087046,-0.010989010989014503,-0.0219780219780219,31,28,ENABLE
1784993397.294115,-0.0001907377737087046,-0.010989010989014503,-0.0219780219780219,31,28,ENABLE
1784993397.2995405,-0.0001907377737087046,-0.010989010989014503,-0.03076923076923066,31,28,ENABLE
1784993397.3045547,-0.0001907377737087046,-0.010989010989014503,-0.03076923076923066,31,28,ENABLE
1784993397.3089654,-0.0001907377737087046,-0.010989010989014503,-0.03076923076923066,31,28,ENABLE
1784993397.3139098,-0.0001907377737087046,0.010989010989014503,-0.03076923076923066,31,28,ENABLE
1784993397.3193753,-0.0001907377737087046,-0.010989010989014503,-0.0219780219780219,31,28,ENABLE
1784993397.3246505,-0.0001907377737087046,0.010989010989014503,-0.0219780219780219,31,28,ENABLE
1784993397.329047,-0.0001907377737087046,-0.010989010989014503,-0.0219780219780219,31,28,ENABLE
1784993397.334271,-0.0001907377737087046,-0.010989010989014503,-0.0219780219780219,31,28,ENABLE
1784993397.3392313,-0.0001907377737087046,-0.010989010989014503,-0.0219780219780219,31,28,ENABLE
1784993397.3440192,-0.0001907377737087046,-0.0329670329670364,-0.01318681318681314,31,28,ENABLE
1784993397.3495908,-0.0001907377737087046,-0.010989010989014503,-0.0219780219780219,31,28,ENABLE
1784993397.3537352,-0.0001907377737087046,-0.010989010989014503,-0.01318681318681314,31,28,ENABLE
1784993397.3588889,-0.0001907377737087046,-0.010989010989014503,-0.0219780219780219,31,28,ENABLE
1784993397.3644783,-0.0001907377737087046,-0.010989010989014503,-0.0219780219780219,31,28,ENABLE
1784993397.3690841,-0.0001907377737087046,0.010989010989014503,-0.0219780219780219,31,28,ENABLE
1784993397.3745084,-0.0001907377737087046,-0.010989010989014503,-0.0219780219780219,31,28,ENABLE
1784993397.3790414,-0.0001907377737087046,-0.010989010989014503,-0.03076923076923066,31,28,ENABLE
1784993397.3842788,-0.0001907377737087046,0.010989010989014503,-0.03076923076923066,31,28,ENABLE
1784993397.388939,-0.0001907377737087046,-0.010989010989014503,-0.03076923076923066,31,28,ENABLE
1784993397.3942478,-0.0001907377737087046,-0.010989010989014503,-0.03076923076923066,31,28,ENABLE
1784993397.399284,-0.0001907377737087046,0.010989010989014503,-0.0219780219780219,31,28,ENABLE
1784993397.404076,-0.0001907377737087046,-0.010989010989014503,-0.0219780219780219,31,28,ENABLE
1784993397.4090097,-0.0001907377737087046,-0.010989010989014503,-0.0219780219780219,31,28,ENABLE
1784993397.414233,-0.0001907377737087046,-0.010989010989014503,-0.01318681318681314,31,28,ENABLE
1784993397.4192622,-0.0001907377737087046,-0.010989010989014503,-0.01318681318681314,31,28,ENABLE
1784993397.4240806,-0.0001907377737087046,-0.010989010989014503,-0.0219780219780219,31,28,ENABLE
1784993397.4295151,-0.0001907377737087046,-0.010989010989014503,-0.0219780219780219,31,28,ENABLE
1784993397.4345167,-0.0001907377737087046,-0.0329670329670364,-0.03076923076923066,31,28,ENABLE
1784993397.4390364,-0.0001907377737087046,0.010989010989014503,-0.03076923076923066,31,28,ENABLE
1784993397.443851,-0.0001907377737087046,-0.010989010989014503,-0.03076923076923066,31,28,ENABLE
1784993397.4492319,-0.0001907377737087046,-0.010989010989014503,-0.01318681318681314,31,28,ENABLE
1784993397.4544852,-0.0001907377737087046,-0.010989010989014503,-0.0219780219780219,31,28,ENABLE
1784993397.459025,-0.0001907377737087046,-0.010989010989014503,-0.0219780219780219,31,28,ENABLE
1784993397.4639292,-0.0001907377737087046,-0.010989010989014503,-0.0219780219780219,31,28,ENABLE
1784993397.4692674,-0.0001907377737087046,0.010989010989014503,-0.0219780219780219,31,28,ENABLE
1784993397.4745157,-0.0001907377737087046,-0.010989010989014503,-0.0219780219780219,31,28,ENABLE
1784993397.4794934,-0.0001907377737087046,-0.010989010989014503,-0.0219780219780219,31,28,ENABLE
1784993397.4845088,-0.0001907377737087046,-0.010989010989014503,-0.03076923076923066,31,28,ENABLE
1784993397.4894881,-0.0001907377737087046,-0.010989010989014503,-0.03076923076923066,31,28,ENABLE
1784993397.493981,-0.0001907377737087046,-0.010989010989014503,-0.0219780219780219,31,28,ENABLE
1784993397.4990897,-0.0001907377737087046,-0.010989010989014503,-0.0219780219780219,31,28,ENABLE
1784993397.5040207,-0.0001907377737087046,-0.0329670329670364,-0.03076923076923066,31,28,ENABLE
1784993397.5095096,-0.0001907377737087046,-0.010989010989014503,-0.01318681318681314,31,28,ENABLE
1784993397.5142748,-0.0001907377737087046,-0.010989010989014503,-0.0219780219780219,31,28,ENABLE
1784993397.5189128,-0.0001907377737087046,-0.0329670329670364,-0.0219780219780219,31,28,ENABLE
1784993397.5239055,-0.0001907377737087046,-0.010989010989014503,-0.0219780219780219,31,28,ENABLE
1784993397.528761,-0.0001907377737087046,-0.010989010989014503,-0.03076923076923066,31,28,ENABLE
1784993397.5346737,-0.0001907377737087046,-0.0329670329670364,-0.0219780219780219,31,28,ENABLE
1784993397.5396717,-0.0001907377737087046,-0.010989010989014503,-0.0219780219780219,31,28,ENABLE
1784993397.5441782,-0.0001907377737087046,-0.010989010989014503,-0.0219780219780219,31,28,ENABLE
1784993397.5491052,-0.0001907377737087046,-0.010989010989014503,-0.01318681318681314,31,28,ENABLE
1784993397.5540202,-0.0001907377737087046,0.010989010989014503,-0.0219780219780219,31,28,ENABLE
1784993397.5590112,-0.0001907377737087046,0.010989010989014503,-0.0219780219780219,31,28,ENABLE
1784993397.5646849,-0.0001907377737087046,-0.010989010989014503,-0.01318681318681314,31,28,ENABLE
1784993397.569178,-0.0001907377737087046,-0.010989010989014503,-0.0219780219780219,31,28,ENABLE
1784993397.5740144,-0.0001907377737087046,-0.010989010989014503,-0.0219780219780219,31,28,ENABLE
1784993397.5795443,-0.0001907377737087046,-0.0329670329670364,-0.03076923076923066,31,28,ENABLE
1784993397.58409,-0.0001907377737087046,-0.010989010989014503,-0.03076923076923066,31,28,ENABLE
1784993397.589583,-0.0001907377737087046,-0.010989010989014503,-0.0219780219780219,31,28,ENABLE
1784993397.594261,-0.0005722133211261138,-0.010989010989014503,-0.01318681318681314,31,28,ENABLE
1784993397.5989614,-0.0001907377737087046,-0.010989010989014503,-0.0219780219780219,31,28,ENABLE
1784993397.60404,-0.0001907377737087046,-0.010989010989014503,-0.0219780219780219,31,28,ENABLE
1784993397.609654,-0.0001907377737087046,-0.010989010989014503,-0.03076923076923066,31,28,ENABLE
1784993397.614541,-0.0001907377737087046,-0.0329670329670364,-0.03076923076923066,31,28,ENABLE
1784993397.6195526,-0.0001907377737087046,0.010989010989014503,-0.0219780219780219,31,28,ENABLE
1784993397.6239164,-0.0005722133211261138,-0.010989010989014503,-0.0219780219780219,31,28,ENABLE
1784993397.6289227,-0.0001907377737087046,-0.010989010989014503,-0.0219780219780219,31,28,ENABLE
1784993397.6342652,-0.0001907377737087046,0.010989010989014503,-0.0219780219780219,31,28,ENABLE
1784993397.6392791,-0.0001907377737087046,-0.0329670329670364,-0.03076923076923066,31,28,ENABLE
1784993397.6441312,-0.0001907377737087046,-0.010989010989014503,-0.0219780219780219,31,28,ENABLE
1784993397.6491957,-0.0005722133211261138,-0.0549450549450583,-0.0219780219780219,31,28,ENABLE
1784993397.6543562,-0.0005722133211261138,-0.010989010989014503,-0.0219780219780219,31,28,ENABLE
1784993397.6593275,-0.0001907377737087046,0.010989010989014503,-0.0219780219780219,31,28,ENABLE
1784993397.6642132,-0.0001907377737087046,-0.010989010989014503,-0.0219780219780219,31,28,ENABLE
1784993397.669626,-0.0001907377737087046,0.010989010989014503,-0.0219780219780219,31,28,ENABLE
1784993397.6741822,-0.0001907377737087046,-0.010989010989014503,-0.0219780219780219,31,28,ENABLE
1784993397.6790087,-0.0005722133211261138,-0.010989010989014503,-0.0219780219780219,31,28,ENABLE
1784993397.6839988,-0.0001907377737087046,-0.010989010989014503,-0.0219780219780219,31,28,ENABLE
1784993397.688989,-0.0001907377737087046,-0.010989010989014503,-0.0219780219780219,31,28,ENABLE
1784993397.693881,-0.0001907377737087046,-0.0329670329670364,-0.0219780219780219,31,28,ENABLE
1784993397.6989036,-0.0005722133211261138,-0.0329670329670364,-0.01318681318681314,31,28,ENABLE
1784993397.7044685,-0.0005722133211261138,-0.010989010989014503,-0.0219780219780219,31,28,ENABLE
1784993397.7095497,-0.0005722133211261138,-0.010989010989014503,-0.0219780219780219,31,28,ENABLE
1784993397.7140958,-0.0001907377737087046,0.010989010989014503,-0.0219780219780219,31,28,ENABLE
1784993397.719095,-0.0001907377737087046,0.010989010989014503,-0.0219780219780219,31,28,ENABLE
1784993397.7239912,-0.0001907377737087046,0.010989010989014503,-0.03076923076923066,31,28,ENABLE
1784993397.7296162,-0.0001907377737087046,-0.0329670329670364,-0.0219780219780219,31,28,ENABLE
1784993397.7339425,-0.0001907377737087046,-0.0329670329670364,-0.0219780219780219,31,28,ENABLE
1784993397.7388992,-0.0001907377737087046,0.010989010989014503,-0.0219780219780219,31,28,ENABLE
1784993397.7442255,-0.0001907377737087046,-0.010989010989014503,-0.0219780219780219,31,28,ENABLE
1784993397.749236,-0.0001907377737087046,-0.010989010989014503,-0.01318681318681314,31,28,ENABLE
1784993397.754256,-0.0001907377737087046,0.010989010989014503,-0.0219780219780219,31,28,ENABLE
1784993397.7595942,-0.0001907377737087046,-0.010989010989014503,-0.03076923076923066,31,28,ENABLE
1784993397.764098,-0.0001907377737087046,-0.0329670329670364,-0.03076923076923066,31,28,ENABLE
1784993397.7695506,-0.0001907377737087046,-0.010989010989014503,-0.0219780219780219,31,28,ENABLE
1784993397.774103,-0.0001907377737087046,-0.010989010989014503,-0.03076923076923066,31,28,ENABLE
1784993397.7795484,-0.0001907377737087046,-0.010989010989014503,-0.0219780219780219,31,28,ENABLE
1784993397.783934,-0.0001907377737087046,-0.010989010989014503,-0.01318681318681314,31,28,ENABLE
1784993397.789261,-0.0001907377737087046,0.010989010989014503,-0.0219780219780219,31,28,ENABLE
1784993397.794054,-0.0001907377737087046,-0.010989010989014503,-0.03076923076923066,31,28,ENABLE
1784993397.7991009,-0.0001907377737087046,-0.010989010989014503,-0.0219780219780219,31,28,ENABLE
1784993397.8041246,-0.0001907377737087046,-0.010989010989014503,-0.0219780219780219,31,28,ENABLE
1784993397.8096156,-0.0001907377737087046,-0.0329670329670364,-0.0219780219780219,31,28,ENABLE
1784993397.81405,-0.0001907377737087046,-0.010989010989014503,-0.01318681318681314,31,28,ENABLE
1784993397.8188834,-0.0001907377737087046,-0.010989010989014503,-0.0219780219780219,31,28,ENABLE
1784993397.824006,-0.0001907377737087046,0.010989010989014503,-0.0219780219780219,31,28,ENABLE
1784993397.829549,-0.0001907377737087046,-0.010989010989014503,-0.03076923076923066,31,28,ENABLE
1784993397.8345945,-0.0001907377737087046,-0.010989010989014503,-0.03076923076923066,31,28,ENABLE
1784993397.8395004,-0.0001907377737087046,0.010989010989014503,-0.03076923076923066,31,28,ENABLE
1784993397.8440201,-0.0001907377737087046,-0.010989010989014503,-0.03076923076923066,31,28,ENABLE
1784993397.8495464,-0.0001907377737087046,-0.010989010989014503,-0.0219780219780219,31,28,ENABLE
1784993397.8545318,-0.0001907377737087046,-0.010989010989014503,-0.0219780219780219,31,28,ENABLE
1784993397.8591049,-0.0001907377737087046,-0.010989010989014503,-0.03076923076923066,31,28,ENABLE
1784993397.8640914,-0.0001907377737087046,-0.010989010989014503,-0.03076923076923066,31,28,ENABLE
1784993397.8690226,-0.0001907377737087046,-0.010989010989014503,-0.0219780219780219,31,28,ENABLE
1784993397.8739798,-0.0001907377737087046,-0.010989010989014503,-0.0219780219780219,31,28,ENABLE
1784993397.879484,-0.0005722133211261138,-0.010989010989014503,-0.0219780219780219,31,28,ENABLE
1784993397.8845356,-0.0001907377737087046,-0.010989010989014503,-0.0219780219780219,31,28,ENABLE
1784993397.889083,-0.0005722133211261138,-0.010989010989014503,-0.0219780219780219,31,28,ENABLE
1784993397.8940852,-0.0001907377737087046,-0.010989010989014503,-0.0219780219780219,31,28,ENABLE
1784993397.8990471,-0.0001907377737087046,-0.010989010989014503,-0.03076923076923066,31,28,ENABLE
1784993397.904506,-0.0001907377737087046,-0.010989010989014503,-0.0219780219780219,31,28,ENABLE
1784993397.9088812,-0.0001907377737087046,-0.0329670329670364,-0.01318681318681314,31,28,ENABLE
1784993397.9143853,-0.0001907377737087046,-0.010989010989014503,-0.01318681318681314,31,28,ENABLE
1784993397.9195752,-0.0001907377737087046,-0.010989010989014503,-0.0219780219780219,31,28,ENABLE
1784993397.9240413,-0.0001907377737087046,-0.010989010989014503,-0.0219780219780219,31,28,ENABLE
1784993397.9294865,-0.0001907377737087046,-0.010989010989014503,-0.01318681318681314,31,28,ENABLE
1784993397.9340434,-0.0001907377737087046,-0.010989010989014503,-0.0219780219780219,31,28,ENABLE
1784993397.9395733,-0.0001907377737087046,0.010989010989014503,-0.0219780219780219,31,28,ENABLE
1784993397.9441187,-0.0001907377737087046,0.010989010989014503,-0.0219780219780219,31,28,ENABLE
1784993397.9489007,-0.0005722133211261138,-0.010989010989014503,-0.01318681318681314,31,28,ENABLE
1784993397.9543743,-0.0001907377737087046,0.010989010989014503,-0.01318681318681314,31,28,ENABLE
1784993397.9594953,-0.0005722133211261138,-0.010989010989014503,-0.01318681318681314,31,28,ENABLE
1784993397.9640126,-0.0001907377737087046,0.010989010989014503,-0.0219780219780219,31,28,ENABLE
1784993397.9690845,-0.0001907377737087046,-0.010989010989014503,-0.0219780219780219,31,28,ENABLE
1784993397.9740407,-0.0001907377737087046,-0.010989010989014503,-0.0219780219780219,31,28,ENABLE
1784993397.979489,-0.0001907377737087046,-0.010989010989014503,-0.01318681318681314,31,28,ENABLE
1784993397.9844947,-0.0005722133211261138,-0.010989010989014503,-0.01318681318681314,31,28,ENABLE
1784993397.9892888,-0.0001907377737087046,-0.010989010989014503,-0.01318681318681314,31,28,ENABLE
1784993397.9942417,-0.0005722133211261138,-0.010989010989014503,-0.03076923076923066,31,28,ENABLE
1784993397.9991727,-0.0005722133211261138,-0.010989010989014503,-0.0219780219780219,31,28,ENABLE
1784993398.003978,-0.0001907377737087046,0.010989010989014503,-0.01318681318681314,31,28,ENABLE
1784993398.0092602,-0.0001907377737087046,-0.010989010989014503,-0.0219780219780219,31,28,ENABLE
1784993398.0143924,-0.0001907377737087046,-0.010989010989014503,-0.0219780219780219,31,28,ENABLE
1784993398.0190248,-0.0001907377737087046,-0.010989010989014503,-0.03076923076923066,31,28,ENABLE
1784993398.0239646,-0.0001907377737087046,-0.010989010989014503,-0.0219780219780219,31,28,ENABLE
1784993398.0292294,-0.0001907377737087046,0.010989010989014503,-0.01318681318681314,31,28,ENABLE
1784993398.0344837,-0.0001907377737087046,-0.010989010989014503,-0.0219780219780219,31,28,ENABLE
1784993398.0391479,-0.0001907377737087046,-0.010989010989014503,-0.0219780219780219,31,28,ENABLE
1784993398.0445502,-0.0001907377737087046,-0.010989010989014503,-0.0219780219780219,31,28,ENABLE
1784993398.0488496,-0.0005722133211261138,0.010989010989014503,-0.0219780219780219,31,28,ENABLE
1784993398.0540597,-0.0001907377737087046,-0.010989010989014503,-0.0219780219780219,31,28,ENABLE
1784993398.0592635,-0.0005722133211261138,-0.0329670329670364,-0.0219780219780219,31,28,ENABLE
1784993398.064314,-0.0001907377737087046,-0.010989010989014503,-0.0219780219780219,31,28,ENABLE
1784993398.0695162,-0.0001907377737087046,-0.010989010989014503,-0.03076923076923066,31,28,ENABLE
1784993398.0740132,-0.0001907377737087046,-0.010989010989014503,-0.0219780219780219,31,28,ENABLE
1784993398.0790899,-0.0001907377737087046,-0.010989010989014503,-0.01318681318681314,31,28,ENABLE
1784993398.0845327,-0.0001907377737087046,-0.010989010989014503,-0.0219780219780219,31,28,ENABLE
1784993398.0895355,-0.0001907377737087046,-0.010989010989014503,-0.0219780219780219,31,28,ENABLE
1784993398.094176,-0.0001907377737087046,-0.010989010989014503,-0.01318681318681314,31,28,ENABLE
1784993398.0994945,-0.0001907377737087046,-0.010989010989014503,-0.0219780219780219,31,28,ENABLE
1784993398.1045043,-0.0001907377737087046,-0.010989010989014503,-0.01318681318681314,31,28,ENABLE
1784993398.1091046,-0.0005722133211261138,-0.0329670329670364,-0.0219780219780219,31,28,ENABLE
1784993398.1140494,-0.0005722133211261138,-0.010989010989014503,-0.00439560439560438,31,28,ENABLE
1784993398.119083,-0.0001907377737087046,-0.010989010989014503,-0.01318681318681314,31,28,ENABLE
1784993398.1244254,-0.0005722133211261138,-0.010989010989014503,-0.0219780219780219,31,28,ENABLE
1784993398.1292357,-0.0005722133211261138,-0.010989010989014503,-0.01318681318681314,31,28,ENABLE
1784993398.1339884,-0.0005722133211261138,-0.0329670329670364,-0.01318681318681314,31,28,ENABLE
1784993398.1395078,-0.0005722133211261138,0.010989010989014503,-0.01318681318681314,31,28,ENABLE
1784993398.144108,-0.0001907377737087046,-0.010989010989014503,-0.01318681318681314,31,28,ENABLE
1784993398.1495473,-0.0001907377737087046,-0.010989010989014503,-0.0219780219780219,31,28,ENABLE
1784993398.154042,-0.0005722133211261138,-0.010989010989014503,-0.0219780219780219,31,28,ENABLE
1784993398.1590152,-0.0005722133211261138,-0.0329670329670364,-0.0219780219780219,31,28,ENABLE
1784993398.1640916,-0.0005722133211261138,-0.010989010989014503,-0.01318681318681314,31,28,ENABLE
1784993398.1692262,-0.0005722133211261138,-0.010989010989014503,-0.0219780219780219,31,28,ENABLE
1784993398.174225,-0.0005722133211261138,-0.010989010989014503,-0.0219780219780219,31,28,ENABLE
1784993398.179535,-0.0005722133211261138,-0.010989010989014503,-0.0219780219780219,31,28,ENABLE
1784993398.1840127,-0.0005722133211261138,-0.010989010989014503,-0.0219780219780219,31,28,ENABLE
1784993398.189482,-0.0005722133211261138,-0.010989010989014503,-0.01318681318681314,31,28,ENABLE
1784993398.1940982,-0.0005722133211261138,-0.010989010989014503,-0.03076923076923066,31,28,ENABLE
1784993398.199577,-0.0005722133211261138,-0.0329670329670364,-0.03076923076923066,31,28,ENABLE
1784993398.204464,-0.0001907377737087046,-0.010989010989014503,-0.0219780219780219,31,28,ENABLE
1784993398.2090614,-0.0005722133211261138,-0.010989010989014503,-0.01318681318681314,31,28,ENABLE
1784993398.2139955,-0.0005722133211261138,-0.010989010989014503,-0.01318681318681314,31,28,ENABLE
1784993398.219283,-0.0005722133211261138,-0.010989010989014503,-0.0219780219780219,31,28,ENABLE
1784993398.2242565,-0.0005722133211261138,-0.010989010989014503,-0.0219780219780219,31,28,ENABLE
1784993398.2291548,-0.0001907377737087046,-0.010989010989014503,-0.01318681318681314,31,28,ENABLE
1784993398.2347014,-0.0005722133211261138,-0.010989010989014503,-0.01318681318681314,31,28,ENABLE
1784993398.238883,-0.0005722133211261138,-0.0329670329670364,-0.0219780219780219,31,28,ENABLE
1784993398.2438452,-0.0005722133211261138,-0.010989010989014503,-0.0219780219780219,31,28,ENABLE
1784993398.2495058,-0.0001907377737087046,-0.010989010989014503,-0.0219780219780219,31,28,ENABLE
1784993398.2545447,-0.0005722133211261138,-0.010989010989014503,-0.01318681318681314,31,28,ENABLE
1784993398.259007,-0.0005722133211261138,-0.010989010989014503,-0.0219780219780219,31,28,ENABLE
1784993398.2640536,-0.0005722133211261138,-0.0329670329670364,-0.01318681318681314,31,28,ENABLE
1784993398.2689042,-0.0001907377737087046,0.010989010989014503,-0.0219780219780219,31,28,ENABLE
1784993398.2742612,-0.0001907377737087046,-0.010989010989014503,-0.03076923076923066,31,28,ENABLE
1784993398.2796688,-0.0005722133211261138,-0.010989010989014503,-0.0219780219780219,31,28,ENABLE
1784993398.28414,-0.0001907377737087046,0.010989010989014503,-0.0219780219780219,31,28,ENABLE
1784993398.2890217,-0.0001907377737087046,-0.010989010989014503,-0.0219780219780219,31,28,ENABLE
1784993398.294512,-0.0005722133211261138,-0.010989010989014503,-0.01318681318681314,31,28,ENABLE
1784993398.299235,-0.0005722133211261138,-0.0329670329670364,-0.01318681318681314,31,28,ENABLE
1784993398.3038802,-0.0001907377737087046,-0.010989010989014503,-0.01318681318681314,31,28,ENABLE
1784993398.3092604,-0.0001907377737087046,0.010989010989014503,-0.0219780219780219,31,28,ENABLE
1784993398.3139133,-0.0001907377737087046,-0.010989010989014503,-0.0219780219780219,31,28,ENABLE
1784993398.3195798,-0.0005722133211261138,-0.0329670329670364,-0.0219780219780219,31,28,ENABLE
1784993398.3245144,-0.0001907377737087046,-0.010989010989014503,-0.0219780219780219,31,28,ENABLE
1784993398.3294992,-0.0001907377737087046,-0.010989010989014503,-0.0219780219780219,31,28,ENABLE
1784993398.3345208,-0.0001907377737087046,-0.010989010989014503,-0.0219780219780219,31,28,ENABLE
1784993398.3394928,-0.0001907377737087046,0.010989010989014503,-0.0219780219780219,31,28,ENABLE
1784993398.3440478,-0.0001907377737087046,0.010989010989014503,-0.0219780219780219,31,28,ENABLE
1784993398.3489182,-0.0005722133211261138,-0.010989010989014503,-0.03076923076923066,31,28,ENABLE
1784993398.3542314,-0.0001907377737087046,-0.0329670329670364,-0.0219780219780219,31,28,ENABLE
1784993398.359507,-0.0001907377737087046,-0.010989010989014503,-0.0219780219780219,31,28,ENABLE
1784993398.364072,-0.0001907377737087046,-0.010989010989014503,-0.0219780219780219,31,28,ENABLE
1784993398.3692648,-0.0005722133211261138,-0.010989010989014503,-0.01318681318681314,31,28,ENABLE
1784993398.3739393,-0.0005722133211261138,-0.0329670329670364,-0.0219780219780219,31,28,ENABLE
1784993398.379227,-0.0001907377737087046,0.010989010989014503,-0.01318681318681314,31,28,ENABLE
1784993398.3839977,-0.0001907377737087046,0.010989010989014503,-0.01318681318681314,31,28,ENABLE
1784993398.3891103,-0.0001907377737087046,-0.0329670329670364,-0.01318681318681314,31,28,ENABLE
1784993398.3944693,-0.0001907377737087046,-0.010989010989014503,-0.0219780219780219,31,28,ENABLE
1784993398.3990479,-0.0001907377737087046,-0.010989010989014503,-0.0219780219780219,31,28,ENABLE
1784993398.4045098,-0.0001907377737087046,-0.0329670329670364,-0.01318681318681314,31,28,ENABLE
1784993398.4086933,-0.0001907377737087046,-0.010989010989014503,-0.0219780219780219,31,28,ENABLE
1784993398.413907,-0.0001907377737087046,0.010989010989014503,-0.0219780219780219,31,28,ENABLE
1784993398.419036,-0.0001907377737087046,-0.010989010989014503,-0.0219780219780219,31,28,ENABLE
1784993398.4245033,-0.0001907377737087046,0.010989010989014503,-0.0219780219780219,31,28,ENABLE
1784993398.4295008,-0.0001907377737087046,-0.0329670329670364,-0.01318681318681314,31,28,ENABLE
1784993398.4344983,-0.0001907377737087046,0.010989010989014503,-0.01318681318681314,31,28,ENABLE
1784993398.439542,-0.0005722133211261138,-0.0549450549450583,-0.01318681318681314,31,28,ENABLE
1784993398.4440188,-0.0005722133211261138,-0.010989010989014503,-0.01318681318681314,31,28,ENABLE
1784993398.4488525,-0.0005722133211261138,-0.010989010989014503,-0.01318681318681314,31,28,ENABLE
1784993398.4542372,-0.0001907377737087046,0.010989010989014503,-0.0219780219780219,31,28,ENABLE
1784993398.4594784,-0.0005722133211261138,-0.0329670329670364,-0.0219780219780219,31,28,ENABLE
1784993398.4643009,-0.0001907377737087046,-0.010989010989014503,-0.0219780219780219,31,28,ENABLE
1784993398.4689143,-0.0001907377737087046,-0.010989010989014503,-0.0219780219780219,31,28,ENABLE
1784993398.4743223,-0.0001907377737087046,-0.010989010989014503,-0.03076923076923066,31,28,ENABLE
1784993398.4794617,-0.0001907377737087046,-0.010989010989014503,-0.0219780219780219,31,28,ENABLE
1784993398.4840972,-0.0005722133211261138,-0.010989010989014503,-0.00439560439560438,31,28,ENABLE
1784993398.4890466,-0.0005722133211261138,0.010989010989014503,-0.01318681318681314,31,28,ENABLE
1784993398.4940867,-0.0001907377737087046,-0.010989010989014503,-0.0219780219780219,31,28,ENABLE
1784993398.4993272,-0.0005722133211261138,-0.010989010989014503,-0.0219780219780219,31,28,ENABLE
1784993398.5040712,-0.0001907377737087046,0.010989010989014503,-0.0219780219780219,31,28,ENABLE
1784993398.5092978,-0.0001907377737087046,0.010989010989014503,-0.0219780219780219,31,28,ENABLE
1784993398.5139081,-0.0001907377737087046,-0.0329670329670364,-0.0219780219780219,31,28,ENABLE
1784993398.5191174,-0.0001907377737087046,-0.010989010989014503,-0.0219780219780219,31,28,ENABLE
1784993398.5240324,-0.0001907377737087046,-0.010989010989014503,-0.0219780219780219,31,28,ENABLE
1784993398.529335,-0.0001907377737087046,-0.010989010989014503,-0.0219780219780219,31,28,ENABLE
1784993398.534091,-0.0001907377737087046,-0.010989010989014503,-0.0219780219780219,31,28,ENABLE
1784993398.5392628,-0.0001907377737087046,-0.010989010989014503,-0.03076923076923066,31,28,ENABLE
1784993398.543906,-0.0001907377737087046,-0.010989010989014503,-0.0219780219780219,31,28,ENABLE
1784993398.5490184,-0.0001907377737087046,-0.010989010989014503,-0.03076923076923066,31,28,ENABLE
1784993398.5540218,-0.0001907377737087046,-0.010989010989014503,-0.0219780219780219,31,28,ENABLE
1784993398.5595386,-0.0001907377737087046,-0.010989010989014503,-0.0219780219780219,31,28,ENABLE
1784993398.563983,-0.0005722133211261138,-0.010989010989014503,-0.0219780219780219,31,28,ENABLE
1784993398.5694532,-0.0005722133211261138,-0.0329670329670364,-0.0219780219780219,31,28,ENABLE
1784993398.5739503,-0.0001907377737087046,-0.010989010989014503,-0.01318681318681314,31,28,ENABLE
1784993398.5790184,-0.0001907377737087046,-0.010989010989014503,-0.03076923076923066,31,28,ENABLE
1784993398.584042,-0.0001907377737087046,-0.010989010989014503,-0.03076923076923066,31,28,ENABLE
1784993398.589556,-0.0001907377737087046,-0.0329670329670364,-0.0219780219780219,31,28,ENABLE
1784993398.5944545,-0.0001907377737087046,-0.0329670329670364,-0.0219780219780219,31,28,ENABLE
1784993398.5990217,-0.0001907377737087046,-0.010989010989014503,-0.00439560439560438,31,28,ENABLE
1784993398.6045399,-0.0005722133211261138,-0.010989010989014503,-0.01318681318681314,31,28,ENABLE
1784993398.6090865,-0.0001907377737087046,0.010989010989014503,-0.01318681318681314,31,28,ENABLE
1784993398.6145196,-0.0001907377737087046,-0.010989010989014503,-0.0219780219780219,31,28,ENABLE
1784993398.6189923,-0.0005722133211261138,-0.010989010989014503,-0.0219780219780219,31,28,ENABLE
1784993398.6245098,-0.0001907377737087046,-0.010989010989014503,-0.0219780219780219,31,28,ENABLE
1784993398.6289382,-0.0001907377737087046,-0.0329670329670364,-0.0219780219780219,31,28,ENABLE
1784993398.634009,-0.0001907377737087046,-0.010989010989014503,-0.0219780219780219,31,28,ENABLE
1784993398.638967,-0.0005722133211261138,-0.0329670329670364,-0.0219780219780219,31,28,ENABLE
1784993398.6445193,-0.0001907377737087046,-0.010989010989014503,-0.01318681318681314,31,28,ENABLE
1784993398.6495128,-0.0001907377737087046,0.010989010989014503,-0.0219780219780219,31,28,ENABLE
1784993398.6542807,-0.0001907377737087046,0.010989010989014503,-0.0219780219780219,31,28,ENABLE
1784993398.6593287,-0.0001907377737087046,-0.010989010989014503,-0.03076923076923066,31,28,ENABLE
1784993398.664561,-0.0001907377737087046,0.010989010989014503,-0.01318681318681314,31,28,ENABLE
1784993398.6695147,-0.0001907377737087046,-0.010989010989014503,-0.0219780219780219,31,28,ENABLE
1784993398.6740923,-0.0001907377737087046,-0.010989010989014503,-0.01318681318681314,31,28,ENABLE
1784993398.679536,-0.0001907377737087046,-0.0329670329670364,-0.01318681318681314,31,28,ENABLE
1784993398.684498,-0.0001907377737087046,-0.010989010989014503,-0.0219780219780219,31,28,ENABLE
1784993398.6894882,-0.0001907377737087046,-0.010989010989014503,-0.01318681318681314,31,28,ENABLE
1784993398.6940866,-0.0005722133211261138,-0.0329670329670364,-0.01318681318681314,31,28,ENABLE
1784993398.6995401,-0.0005722133211261138,0.010989010989014503,-0.01318681318681314,31,28,ENABLE
1784993398.7045615,-0.0001907377737087046,0.010989010989014503,-0.0219780219780219,31,28,ENABLE
1784993398.709004,-0.0001907377737087046,-0.010989010989014503,-0.03076923076923066,31,28,ENABLE
1784993398.7138648,-0.0001907377737087046,-0.010989010989014503,-0.03076923076923066,31,28,ENABLE
1784993398.719259,-0.0001907377737087046,-0.010989010989014503,-0.03076923076923066,31,28,ENABLE
1784993398.7242296,-0.0001907377737087046,-0.010989010989014503,-0.0219780219780219,31,28,ENABLE
1784993398.7289898,-0.0001907377737087046,-0.010989010989014503,-0.01318681318681314,31,28,ENABLE
1784993398.7346795,-0.0001907377737087046,0.010989010989014503,-0.01318681318681314,31,28,ENABLE
1784993398.7395942,-0.0001907377737087046,-0.010989010989014503,-0.01318681318681314,31,28,ENABLE
1784993398.7439287,-0.0005722133211261138,-0.0329670329670364,-0.01318681318681314,31,28,ENABLE
1784993398.7489572,-0.0005722133211261138,-0.010989010989014503,-0.01318681318681314,31,28,ENABLE
1784993398.7545354,-0.0005722133211261138,-0.010989010989014503,-0.0219780219780219,31,28,ENABLE
1784993398.7594967,-0.0005722133211261138,0.010989010989014503,-0.0219780219780219,31,28,ENABLE
1784993398.7644882,-0.0005722133211261138,-0.010989010989014503,-0.0219780219780219,31,28,ENABLE
1784993398.7690516,-0.0001907377737087046,0.010989010989014503,-0.0219780219780219,31,28,ENABLE
1784993398.7747238,-0.0001907377737087046,-0.010989010989014503,-0.01318681318681314,31,28,ENABLE
1784993398.7789567,-0.0001907377737087046,-0.0329670329670364,-0.01318681318681314,31,28,ENABLE
1784993398.784019,-0.0005722133211261138,-0.0329670329670364,-0.0219780219780219,31,28,ENABLE
1784993398.789099,-0.0005722133211261138,-0.010989010989014503,-0.0219780219780219,31,28,ENABLE
1784993398.7939756,-0.0001907377737087046,-0.0329670329670364,-0.0219780219780219,31,28,ENABLE
1784993398.7990322,-0.0001907377737087046,-0.010989010989014503,-0.0219780219780219,31,28,ENABLE
1784993398.804231,-0.0001907377737087046,-0.010989010989014503,-0.01318681318681314,31,28,ENABLE
1784993398.809309,-0.0001907377737087046,-0.010989010989014503,-0.0219780219780219,31,28,ENABLE
1784993398.8141365,-0.0001907377737087046,-0.010989010989014503,-0.0219780219780219,31,28,ENABLE
1784993398.819134,-0.0001907377737087046,-0.010989010989014503,-0.0219780219780219,31,28,ENABLE
1784993398.82455,-0.0005722133211261138,-0.010989010989014503,-0.01318681318681314,31,28,ENABLE
1784993398.82945,-0.0001907377737087046,-0.0329670329670364,-0.0219780219780219,31,28,ENABLE
1784993398.8340056,-0.0001907377737087046,-0.010989010989014503,-0.01318681318681314,31,28,ENABLE
1784993398.839468,-0.0001907377737087046,-0.010989010989014503,-0.01318681318681314,31,28,ENABLE
1784993398.8440444,-0.0005722133211261138,-0.0329670329670364,-0.01318681318681314,31,28,ENABLE
1784993398.8494487,-0.0001907377737087046,-0.010989010989014503,-0.01318681318681314,31,28,ENABLE
1784993398.854051,-0.0005722133211261138,-0.010989010989014503,-0.01318681318681314,31,28,ENABLE
1784993398.858873,-0.0005722133211261138,-0.010989010989014503,-0.0219780219780219,31,28,ENABLE
1784993398.8639524,-0.0001907377737087046,-0.010989010989014503,-0.0219780219780219,31,28,ENABLE
1784993398.8692493,-0.0005722133211261138,-0.010989010989014503,-0.03076923076923066,31,28,ENABLE
1784993398.8746262,-0.0001907377737087046,-0.010989010989014503,-0.0219780219780219,31,28,ENABLE
1784993398.879143,-0.0001907377737087046,-0.010989010989014503,-0.0219780219780219,31,28,ENABLE
1784993398.884012,-0.0001907377737087046,-0.010989010989014503,-0.03076923076923066,31,28,ENABLE
1784993398.8895168,-0.0001907377737087046,-0.010989010989014503,-0.01318681318681314,31,28,ENABLE
1784993398.8940225,-0.0005722133211261138,-0.0329670329670364,-0.01318681318681314,31,28,ENABLE
1784993398.8994782,-0.0001907377737087046,-0.010989010989014503,-0.01318681318681314,31,28,ENABLE
1784993398.903999,-0.0001907377737087046,0.010989010989014503,-0.0219780219780219,31,28,ENABLE
1784993398.9088562,-0.0001907377737087046,-0.010989010989014503,-0.0219780219780219,31,28,ENABLE
1784993398.9138944,-0.0001907377737087046,-0.010989010989014503,-0.0219780219780219,31,28,ENABLE
1784993398.919298,-0.0001907377737087046,-0.010989010989014503,-0.01318681318681314,31,28,ENABLE
1784993398.9246633,-0.0001907377737087046,-0.010989010989014503,-0.0219780219780219,31,28,ENABLE
1784993398.929189,-0.0001907377737087046,-0.010989010989014503,-0.0219780219780219,31,28,ENABLE
1784993398.9339814,-0.0001907377737087046,-0.010989010989014503,-0.0219780219780219,31,28,ENABLE
1784993398.9395354,-0.0001907377737087046,-0.010989010989014503,-0.0219780219780219,31,28,ENABLE
1784993398.9440176,-0.0001907377737087046,-0.010989010989014503,-0.0219780219780219,31,28,ENABLE
1784993398.9494567,-0.0001907377737087046,-0.010989010989014503,-0.0219780219780219,31,28,ENABLE
1784993398.9542432,-0.0001907377737087046,-0.010989010989014503,-0.0219780219780219,31,28,ENABLE
1784993398.9589443,-0.0001907377737087046,-0.0329670329670364,-0.0219780219780219,31,28,ENABLE
1784993398.9639897,-0.0001907377737087046,0.010989010989014503,-0.0219780219780219,31,28,ENABLE
1784993398.9695196,-0.0005722133211261138,-0.010989010989014503,-0.0219780219780219,31,28,ENABLE
1784993398.974581,-0.0005722133211261138,-0.010989010989014503,-0.0219780219780219,31,28,ENABLE
1784993398.9790251,-0.0005722133211261138,-0.010989010989014503,-0.0219780219780219,31,28,ENABLE
1784993398.9842308,-0.0005722133211261138,-0.0329670329670364,-0.0219780219780219,31,28,ENABLE
1784993398.9888418,-0.0005722133211261138,-0.010989010989014503,-0.0219780219780219,31,28,ENABLE
1784993398.9942236,-0.0005722133211261138,-0.010989010989014503,-0.01318681318681314,31,28,ENABLE
1784993398.9988952,-0.0005722133211261138,-0.0329670329670364,-0.0219780219780219,31,28,ENABLE
1784993399.0046182,-0.0005722133211261138,-0.010989010989014503,-0.01318681318681314,31,28,ENABLE
1784993399.0091472,-0.0001907377737087046,-0.010989010989014503,-0.0219780219780219,31,28,ENABLE
1784993399.014479,-0.0001907377737087046,-0.010989010989014503,-0.0219780219780219,31,28,ENABLE
1784993399.0195012,-0.0001907377737087046,-0.0329670329670364,-0.03076923076923066,31,28,ENABLE
1784993399.0244994,-0.0001907377737087046,-0.010989010989014503,-0.0219780219780219,31,28,ENABLE
1784993399.029488,-0.0001907377737087046,-0.010989010989014503,-0.01318681318681314,31,28,ENABLE
1784993399.0345037,-0.0001907377737087046,-0.010989010989014503,-0.0219780219780219,31,28,ENABLE
1784993399.039094,-0.0001907377737087046,-0.010989010989014503,-0.0219780219780219,31,28,ENABLE
1784993399.0435307,-0.0001907377737087046,-0.010989010989014503,-0.0219780219780219,31,28,ENABLE
1784993399.0488312,-0.0005722133211261138,-0.010989010989014503,-0.0219780219780219,31,28,ENABLE
1784993399.054606,-0.0005722133211261138,-0.0549450549450583,-0.01318681318681314,31,28,ENABLE
1784993399.0592139,-0.0001907377737087046,0.010989010989014503,-0.01318681318681314,31,28,ENABLE
1784993399.0639858,-0.0001907377737087046,-0.010989010989014503,-0.01318681318681314,31,28,ENABLE
1784993399.0694764,-0.0001907377737087046,-0.010989010989014503,-0.0219780219780219,31,28,ENABLE
1784993399.07452,-0.0001907377737087046,-0.010989010989014503,-0.03076923076923066,31,28,ENABLE
1784993399.079505,-0.0001907377737087046,0.010989010989014503,-0.03076923076923066,31,28,ENABLE
1784993399.084234,-0.0001907377737087046,-0.010989010989014503,-0.0219780219780219,31,28,ENABLE
1784993399.0892305,-0.0001907377737087046,-0.010989010989014503,-0.0219780219780219,31,28,ENABLE
1784993399.0945032,-0.0001907377737087046,-0.0329670329670364,-0.01318681318681314,31,28,ENABLE
1784993399.0990674,-0.0001907377737087046,-0.010989010989014503,-0.01318681318681314,31,28,ENABLE
1784993399.1039438,-0.0001907377737087046,0.010989010989014503,-0.01318681318681314,31,28,ENABLE
1784993399.109231,-0.0001907377737087046,-0.010989010989014503,-0.0219780219780219,31,28,ENABLE
1784993399.1144912,-0.0001907377737087046,-0.010989010989014503,-0.0219780219780219,31,28,ENABLE
1784993399.119015,-0.0001907377737087046,-0.010989010989014503,-0.0219780219780219,31,28,ENABLE
1784993399.1240816,-0.0001907377737087046,-0.010989010989014503,-0.0219780219780219,31,28,ENABLE
1784993399.1294446,-0.0005722133211261138,-0.010989010989014503,-0.0219780219780219,31,28,ENABLE
1784993399.1344965,-0.0001907377737087046,0.010989010989014503,-0.0219780219780219,31,28,ENABLE
1784993399.1394973,-0.0001907377737087046,-0.010989010989014503,-0.0219780219780219,31,28,ENABLE
1784993399.1440885,-0.0001907377737087046,-0.010989010989014503,-0.01318681318681314,31,28,ENABLE
1784993399.1490674,-0.0001907377737087046,-0.010989010989014503,-0.01318681318681314,31,28,ENABLE
1784993399.1542578,-0.0001907377737087046,-0.010989010989014503,-0.0219780219780219,31,28,ENABLE
1784993399.1588662,-0.0005722133211261138,-0.010989010989014503,-0.0219780219780219,31,28,ENABLE
1784993399.1640615,-0.0001907377737087046,-0.010989010989014503,-0.0219780219780219,31,28,ENABLE
1784993399.1692953,-0.0005722133211261138,-0.010989010989014503,-0.0219780219780219,31,28,ENABLE
1784993399.1745408,-0.0005722133211261138,-0.010989010989014503,-0.0219780219780219,31,28,ENABLE
1784993399.1789913,-0.0001907377737087046,0.010989010989014503,-0.01318681318681314,31,28,ENABLE
1784993399.1840103,-0.0001907377737087046,-0.010989010989014503,-0.0219780219780219,31,28,ENABLE
1784993399.1890821,-0.0001907377737087046,-0.010989010989014503,-0.0219780219780219,31,28,ENABLE
1784993399.1943035,-0.0001907377737087046,-0.010989010989014503,-0.0219780219780219,31,28,ENABLE
1784993399.1990535,-0.0005722133211261138,-0.0329670329670364,-0.0219780219780219,31,28,ENABLE
1784993399.204258,-0.0001907377737087046,0.010989010989014503,-0.0219780219780219,31,28,ENABLE
1784993399.209283,-0.0005722133211261138,-0.0329670329670364,-0.0219780219780219,31,28,ENABLE
1784993399.2140872,-0.0001907377737087046,0.010989010989014503,-0.0219780219780219,31,28,ENABLE
1784993399.2189867,-0.0001907377737087046,0.010989010989014503,-0.0219780219780219,31,28,ENABLE
1784993399.2240171,-0.0001907377737087046,0.010989010989014503,-0.0219780219780219,31,28,ENABLE
1784993399.2295167,-0.0001907377737087046,0.010989010989014503,-0.0219780219780219,31,28,ENABLE
1784993399.233878,-0.0001907377737087046,-0.010989010989014503,-0.03076923076923066,31,28,ENABLE
1784993399.2393365,-0.0001907377737087046,-0.010989010989014503,-0.0219780219780219,31,28,ENABLE
1784993399.2440128,-0.0001907377737087046,0.010989010989014503,-0.03076923076923066,31,28,ENABLE
1784993399.249505,-0.0001907377737087046,0.010989010989014503,-0.0219780219780219,31,28,ENABLE
1784993399.2540483,-0.0001907377737087046,-0.010989010989014503,-0.0219780219780219,31,28,ENABLE
1784993399.2595239,-0.0001907377737087046,-0.010989010989014503,-0.0219780219780219,31,28,ENABLE
1784993399.2642934,-0.0005722133211261138,-0.0329670329670364,-0.0219780219780219,31,28,ENABLE
1784993399.2692888,-0.0001907377737087046,-0.010989010989014503,-0.01318681318681314,31,28,ENABLE
1784993399.2741718,-0.0001907377737087046,-0.010989010989014503,-0.0219780219780219,31,28,ENABLE
1784993399.2794957,-0.0005722133211261138,-0.010989010989014503,-0.0219780219780219,31,28,ENABLE
1784993399.284047,-0.0001907377737087046,-0.010989010989014503,-0.0219780219780219,31,28,ENABLE
1784993399.2895484,-0.0001907377737087046,-0.010989010989014503,-0.03076923076923066,31,28,ENABLE
1784993399.2939548,-0.0001907377737087046,-0.010989010989014503,-0.0219780219780219,31,28,ENABLE
1784993399.2996047,-0.0005722133211261138,-0.0329670329670364,-0.0219780219780219,31,28,ENABLE
1784993399.304229,-0.0005722133211261138,-0.010989010989014503,-0.0219780219780219,31,28,ENABLE
1784993399.3092256,-0.0001907377737087046,0.010989010989014503,-0.0219780219780219,31,28,ENABLE
1784993399.314028,-0.0001907377737087046,-0.0329670329670364,-0.0219780219780219,31,28,ENABLE
1784993399.3195503,-0.0001907377737087046,-0.010989010989014503,-0.0219780219780219,31,28,ENABLE
1784993399.3240447,-0.0001907377737087046,-0.010989010989014503,-0.0219780219780219,31,28,ENABLE
1784993399.3295143,-0.0001907377737087046,-0.0329670329670364,-0.01318681318681314,31,28,ENABLE
1784993399.3345137,-0.0005722133211261138,-0.010989010989014503,-0.01318681318681314,31,28,ENABLE
1784993399.3390486,-0.0005722133211261138,-0.0329670329670364,-0.01318681318681314,31,28,ENABLE
1784993399.3439817,-0.0005722133211261138,-0.010989010989014503,-0.01318681318681314,31,28,ENABLE
1784993399.3494904,-0.0001907377737087046,-0.010989010989014503,-0.01318681318681314,31,28,ENABLE
1784993399.3545322,-0.0001907377737087046,0.010989010989014503,-0.03076923076923066,31,28,ENABLE
1784993399.3590167,-0.0001907377737087046,-0.010989010989014503,-0.0219780219780219,31,28,ENABLE
1784993399.3639913,-0.0001907377737087046,-0.0329670329670364,-0.0219780219780219,31,28,ENABLE
1784993399.3692634,-0.0001907377737087046,-0.010989010989014503,-0.01318681318681314,31,28,ENABLE
1784993399.3743784,-0.0005722133211261138,-0.010989010989014503,-0.01318681318681314,31,28,ENABLE
1784993399.379501,-0.0005722133211261138,-0.0329670329670364,-0.01318681318681314,31,28,ENABLE
1784993399.38409,-0.0005722133211261138,-0.010989010989014503,-0.0219780219780219,31,28,ENABLE
1784993399.389044,-0.0005722133211261138,-0.010989010989014503,-0.03076923076923066,31,28,ENABLE
1784993399.3940277,-0.0005722133211261138,-0.010989010989014503,-0.03076923076923066,31,28,ENABLE
1784993399.39946,-0.0001907377737087046,-0.010989010989014503,-0.0219780219780219,31,28,ENABLE
1784993399.4040031,-0.0001907377737087046,-0.010989010989014503,-0.0219780219780219,31,28,ENABLE
1784993399.409485,-0.0001907377737087046,-0.010989010989014503,-0.0219780219780219,31,28,ENABLE
1784993399.4140458,-0.0001907377737087046,-0.010989010989014503,-0.0219780219780219,31,28,ENABLE
1784993399.4195418,-0.0001907377737087046,-0.010989010989014503,-0.03076923076923066,31,28,ENABLE
1784993399.4244397,-0.0005722133211261138,-0.010989010989014503,-0.0219780219780219,31,28,ENABLE
1784993399.428708,-0.0001907377737087046,-0.010989010989014503,-0.0219780219780219,31,28,ENABLE
1784993399.4339633,-0.0001907377737087046,0.010989010989014503,-0.03076923076923066,31,28,ENABLE
1784993399.4392364,-0.0005722133211261138,-0.010989010989014503,-0.0219780219780219,31,28,ENABLE
1784993399.443988,-0.0001907377737087046,0.010989010989014503,-0.0219780219780219,31,28,ENABLE
1784993399.4496255,-0.0005722133211261138,-0.010989010989014503,-0.01318681318681314,31,28,ENABLE
1784993399.4546936,-0.0001907377737087046,-0.010989010989014503,-0.01318681318681314,31,28,ENABLE
1784993399.4595098,-0.0001907377737087046,0.010989010989014503,-0.0219780219780219,31,28,ENABLE
1784993399.4645374,-0.0005722133211261138,-0.0329670329670364,-0.0219780219780219,31,28,ENABLE
1784993399.4692292,-0.0001907377737087046,-0.010989010989014503,-0.01318681318681314,31,28,ENABLE
1784993399.4740648,-0.0005722133211261138,-0.010989010989014503,-0.0219780219780219,31,28,ENABLE
1784993399.4791057,-0.0001907377737087046,-0.010989010989014503,-0.0219780219780219,31,28,ENABLE
1784993399.484538,-0.0005722133211261138,-0.010989010989014503,-0.0219780219780219,31,28,ENABLE
1784993399.4895499,-0.0001907377737087046,0.010989010989014503,-0.0219780219780219,31,28,ENABLE
1784993399.494013,-0.0001907377737087046,-0.010989010989014503,-0.03076923076923066,31,28,ENABLE
1784993399.4989836,-0.0001907377737087046,-0.010989010989014503,-0.0219780219780219,31,28,ENABLE
1784993399.5045352,-0.0001907377737087046,-0.010989010989014503,-0.0219780219780219,31,28,ENABLE
1784993399.5094864,-0.0005722133211261138,-0.010989010989014503,-0.0219780219780219,31,28,ENABLE
1784993399.514015,-0.0001907377737087046,-0.010989010989014503,-0.01318681318681314,31,28,ENABLE
1784993399.5189786,-0.0001907377737087046,-0.010989010989014503,-0.0219780219780219,31,28,ENABLE
1784993399.5240662,-0.0001907377737087046,-0.010989010989014503,-0.03076923076923066,31,28,ENABLE
1784993399.529616,-0.0001907377737087046,-0.010989010989014503,-0.0219780219780219,31,28,ENABLE
1784993399.5340657,-0.0001907377737087046,-0.010989010989014503,-0.03076923076923066,31,28,ENABLE
1784993399.5389926,-0.0001907377737087046,0.010989010989014503,-0.03076923076923066,31,28,ENABLE
1784993399.5439599,-0.0001907377737087046,-0.0329670329670364,-0.03076923076923066,31,28,ENABLE
1784993399.5497046,-0.0005722133211261138,-0.0329670329670364,-0.0219780219780219,31,28,ENABLE
1784993399.5545201,-0.0001907377737087046,-0.010989010989014503,-0.01318681318681314,31,28,ENABLE
1784993399.558968,-0.0001907377737087046,-0.010989010989014503,-0.0219780219780219,31,28,ENABLE
1784993399.564268,-0.0005722133211261138,-0.010989010989014503,-0.0219780219780219,31,28,ENABLE
1784993399.5692549,-0.0001907377737087046,-0.010989010989014503,-0.0219780219780219,31,28,ENABLE
1784993399.5743165,-0.0001907377737087046,-0.010989010989014503,-0.03076923076923066,31,28,ENABLE
1784993399.579089,-0.0001907377737087046,-0.0329670329670364,-0.0219780219780219,31,28,ENABLE
1784993399.5844984,-0.0001907377737087046,-0.010989010989014503,-0.0219780219780219,31,28,ENABLE
1784993399.5891788,-0.0001907377737087046,-0.010989010989014503,-0.0219780219780219,31,28,ENABLE
1784993399.5945601,-0.0001907377737087046,-0.010989010989014503,-0.0219780219780219,31,28,ENABLE
1784993399.5992334,-0.0001907377737087046,-0.010989010989014503,-0.0219780219780219,31,28,ENABLE
1784993399.604315,-0.0005722133211261138,0.010989010989014503,-0.0219780219780219,31,28,ENABLE
1784993399.6094894,-0.0005722133211261138,-0.010989010989014503,-0.0219780219780219,31,28,ENABLE
1784993399.6144924,-0.0001907377737087046,-0.010989010989014503,-0.0219780219780219,31,28,ENABLE
1784993399.6190515,-0.0005722133211261138,-0.010989010989014503,-0.0219780219780219,31,28,ENABLE
1784993399.6239998,-0.0005722133211261138,-0.010989010989014503,-0.01318681318681314,31,28,ENABLE
1784993399.6292143,-0.0001907377737087046,0.010989010989014503,-0.0219780219780219,31,28,ENABLE
1784993399.634321,-0.0001907377737087046,-0.010989010989014503,-0.0219780219780219,31,28,ENABLE
1784993399.6396976,-0.0001907377737087046,-0.010989010989014503,-0.01318681318681314,31,28,ENABLE
1784993399.6441267,-0.0001907377737087046,-0.010989010989014503,-0.00439560439560438,31,28,ENABLE
1784993399.6490526,-0.0001907377737087046,-0.010989010989014503,-0.01318681318681314,31,28,ENABLE
1784993399.6544807,-0.0001907377737087046,-0.0329670329670364,-0.01318681318681314,31,28,ENABLE
1784993399.6595445,-0.0005722133211261138,-0.010989010989014503,-0.0219780219780219,31,28,ENABLE
1784993399.6640935,-0.0001907377737087046,-0.0329670329670364,-0.03076923076923066,31,28,ENABLE
1784993399.6694808,-0.0005722133211261138,-0.010989010989014503,-0.0219780219780219,31,28,ENABLE
1784993399.6744425,-0.0001907377737087046,-0.010989010989014503,-0.0219780219780219,31,28,ENABLE
1784993399.679049,-0.0001907377737087046,-0.010989010989014503,-0.0219780219780219,31,28,ENABLE
1784993399.6840122,-0.0005722133211261138,-0.0329670329670364,-0.01318681318681314,31,28,ENABLE
1784993399.6889353,-0.0001907377737087046,0.010989010989014503,-0.01318681318681314,31,28,ENABLE
1784993399.6943018,-0.0001907377737087046,-0.0329670329670364,-0.0219780219780219,31,28,ENABLE
1784993399.6995344,-0.0001907377737087046,0.010989010989014503,-0.0219780219780219,31,28,ENABLE
1784993399.704523,-0.0001907377737087046,-0.010989010989014503,-0.0219780219780219,31,28,ENABLE
1784993399.7090402,-0.0001907377737087046,-0.010989010989014503,-0.01318681318681314,31,28,ENABLE
1784993399.7144938,-0.0001907377737087046,-0.0329670329670364,-0.0219780219780219,31,28,ENABLE
1784993399.7192442,-0.0001907377737087046,-0.010989010989014503,-0.0219780219780219,31,28,ENABLE
1784993399.7242277,-0.0001907377737087046,-0.0329670329670364,-0.0219780219780219,31,28,ENABLE
1784993399.7290118,-0.0001907377737087046,0.010989010989014503,-0.0219780219780219,31,28,ENABLE
1784993399.7340448,-0.0005722133211261138,-0.0329670329670364,-0.0219780219780219,31,28,ENABLE
1784993399.739228,-0.0001907377737087046,0.010989010989014503,-0.0219780219780219,31,28,ENABLE
1784993399.7442274,-0.0001907377737087046,0.010989010989014503,-0.0219780219780219,31,28,ENABLE
1784993399.749611,-0.0001907377737087046,-0.010989010989014503,-0.03076923076923066,31,28,ENABLE
1784993399.7541318,-0.0001907377737087046,-0.0329670329670364,-0.0219780219780219,31,28,ENABLE
1784993399.7591143,-0.0001907377737087046,-0.0329670329670364,-0.0219780219780219,31,28,ENABLE
1784993399.7645419,-0.0001907377737087046,-0.010989010989014503,-0.0219780219780219,31,28,ENABLE
1784993399.7695189,-0.0001907377737087046,-0.010989010989014503,-0.0219780219780219,31,28,ENABLE
1784993399.774017,-0.0001907377737087046,-0.010989010989014503,-0.0219780219780219,31,28,ENABLE
1784993399.7789085,-0.0005722133211261138,-0.010989010989014503,-0.01318681318681314,31,28,ENABLE
1784993399.7842677,-0.0005722133211261138,-0.0329670329670364,-0.01318681318681314,31,28,ENABLE
1784993399.789521,-0.0001907377737087046,-0.010989010989014503,-0.01318681318681314,31,28,ENABLE
1784993399.794094,-0.0005722133211261138,-0.010989010989014503,-0.01318681318681314,31,28,ENABLE
1784993399.7995238,-0.0001907377737087046,-0.010989010989014503,-0.01318681318681314,31,28,ENABLE
1784993399.804172,-0.0001907377737087046,-0.010989010989014503,-0.0219780219780219,31,28,ENABLE
1784993399.809233,-0.0001907377737087046,-0.010989010989014503,-0.0219780219780219,31,28,ENABLE
1784993399.8139,-0.0001907377737087046,-0.010989010989014503,-0.0219780219780219,31,28,ENABLE
1784993399.8191824,-0.0001907377737087046,-0.010989010989014503,-0.01318681318681314,31,28,ENABLE
1784993399.8242893,-0.0001907377737087046,-0.010989010989014503,-0.0219780219780219,31,28,ENABLE
1784993399.829708,-0.0001907377737087046,-0.0329670329670364,-0.01318681318681314,31,28,ENABLE
1784993399.8341813,-0.0005722133211261138,-0.0329670329670364,-0.0219780219780219,31,28,ENABLE
1784993399.839262,-0.0001907377737087046,-0.0329670329670364,-0.0219780219780219,31,28,ENABLE
1784993399.8439,-0.0001907377737087046,-0.010989010989014503,-0.03076923076923066,31,28,ENABLE
1784993399.8494687,-0.0001907377737087046,-0.010989010989014503,-0.03076923076923066,31,28,ENABLE
1784993399.854052,-0.0001907377737087046,-0.010989010989014503,-0.0219780219780219,31,28,ENABLE
1784993399.8592331,-0.0001907377737087046,-0.010989010989014503,-0.01318681318681314,31,28,ENABLE
1784993399.8642304,-0.0001907377737087046,0.010989010989014503,-0.0219780219780219,31,28,ENABLE
1784993399.8689203,-0.0001907377737087046,-0.010989010989014503,-0.0219780219780219,31,28,ENABLE
1784993399.8739448,-0.0001907377737087046,-0.010989010989014503,-0.0219780219780219,31,28,ENABLE
1784993399.879023,-0.0001907377737087046,-0.010989010989014503,-0.0219780219780219,31,28,ENABLE
1784993399.8844728,-0.0001907377737087046,-0.010989010989014503,-0.0219780219780219,31,28,ENABLE
1784993399.8896172,-0.0005722133211261138,-0.010989010989014503,-0.0219780219780219,31,28,ENABLE
1784993399.8945959,-0.0005722133211261138,-0.010989010989014503,-0.0219780219780219,31,28,ENABLE
1784993399.899198,-0.0001907377737087046,-0.010989010989014503,-0.0219780219780219,31,28,ENABLE
1784993399.904096,-0.0001907377737087046,-0.010989010989014503,-0.0219780219780219,31,28,ENABLE
1784993399.9092934,-0.0005722133211261138,-0.010989010989014503,-0.01318681318681314,31,28,ENABLE
1784993399.9142668,-0.0001907377737087046,0.010989010989014503,-0.01318681318681314,31,28,ENABLE
1784993399.9190054,-0.0005722133211261138,-0.0329670329670364,-0.0219780219780219,31,28,ENABLE
1784993399.9241407,-0.0001907377737087046,-0.010989010989014503,-0.01318681318681314,31,28,ENABLE
1784993399.9289124,-0.0001907377737087046,-0.010989010989014503,-0.01318681318681314,31,28,ENABLE
1784993399.9344983,-0.0001907377737087046,-0.010989010989014503,-0.0219780219780219,31,28,ENABLE
1784993399.9390404,-0.0001907377737087046,-0.010989010989014503,-0.03076923076923066,31,28,ENABLE
1784993399.9445584,-0.0001907377737087046,-0.010989010989014503,-0.01318681318681314,31,28,ENABLE
1784993399.9495058,-0.0001907377737087046,-0.010989010989014503,-0.01318681318681314,31,28,ENABLE
1784993399.9546106,-0.0001907377737087046,-0.010989010989014503,-0.0219780219780219,31,28,ENABLE
1784993399.9589987,-0.0005722133211261138,-0.0329670329670364,-0.01318681318681314,31,28,ENABLE
1784993399.9639142,-0.0001907377737087046,0.010989010989014503,-0.00439560439560438,31,28,ENABLE
1784993399.9692273,-0.0001907377737087046,-0.0329670329670364,-0.01318681318681314,31,28,ENABLE
1784993399.9742825,-0.0005722133211261138,-0.010989010989014503,-0.0219780219780219,31,28,ENABLE
1784993399.9796717,-0.0001907377737087046,-0.010989010989014503,-0.0219780219780219,31,28,ENABLE
1784993399.9841013,-0.0005722133211261138,-0.010989010989014503,-0.0219780219780219,31,28,ENABLE
1784993399.989613,-0.0001907377737087046,0.010989010989014503,-0.0219780219780219,31,28,ENABLE
1784993399.9945033,-0.0001907377737087046,0.010989010989014503,-0.03076923076923066,31,28,ENABLE
1784993399.9990442,-0.0001907377737087046,-0.010989010989014503,-0.03076923076923066,31,28,ENABLE
1784993400.0048368,-0.0001907377737087046,-0.010989010989014503,-0.01318681318681314,31,28,ENABLE
1784993400.008969,-0.0001907377737087046,-0.010989010989014503,-0.0219780219780219,31,28,ENABLE
1784993400.0139518,-0.0005722133211261138,-0.0329670329670364,-0.01318681318681314,31,28,ENABLE
1784993400.0189292,-0.0005722133211261138,-0.0329670329670364,-0.01318681318681314,31,28,ENABLE
1784993400.023697,-0.0001907377737087046,-0.010989010989014503,-0.0219780219780219,31,28,ENABLE
1784993400.0292187,-0.0005722133211261138,-0.010989010989014503,-0.0219780219780219,31,28,ENABLE
1784993400.0345159,-0.0001907377737087046,-0.010989010989014503,-0.03076923076923066,31,28,ENABLE
1784993400.0395463,-0.0001907377737087046,0.010989010989014503,-0.0219780219780219,31,28,ENABLE
1784993400.0440834,-0.0001907377737087046,-0.010989010989014503,-0.0219780219780219,31,28,ENABLE
1784993400.0490634,-0.0001907377737087046,-0.010989010989014503,-0.01318681318681314,31,28,ENABLE
1784993400.0540397,-0.0005722133211261138,-0.0329670329670364,-0.0219780219780219,31,28,ENABLE
1784993400.05953,-0.0001907377737087046,-0.010989010989014503,-0.0219780219780219,31,28,ENABLE
1784993400.06451,-0.0001907377737087046,-0.010989010989014503,-0.0219780219780219,31,28,ENABLE
1784993400.0689907,-0.0001907377737087046,-0.010989010989014503,-0.0219780219780219,31,28,ENABLE
1784993400.0739326,-0.0005722133211261138,-0.010989010989014503,-0.03076923076923066,31,28,ENABLE
1784993400.079386,-0.0005722133211261138,-0.0329670329670364,-0.0219780219780219,31,28,ENABLE
1784993400.0840895,-0.0001907377737087046,-0.010989010989014503,-0.03076923076923066,31,28,ENABLE
1784993400.0893419,-0.0001907377737087046,-0.0329670329670364,-0.0219780219780219,31,28,ENABLE
1784993400.0940182,-0.0001907377737087046,0.010989010989014503,-0.01318681318681314,31,28,ENABLE
1784993400.0995657,-0.0001907377737087046,-0.010989010989014503,-0.01318681318681314,31,28,ENABLE
1784993400.1042562,-0.0001907377737087046,-0.010989010989014503,-0.0219780219780219,31,28,ENABLE
1784993400.1089942,-0.0001907377737087046,-0.0329670329670364,-0.0219780219780219,31,28,ENABLE
1784993400.114045,-0.0001907377737087046,-0.010989010989014503,-0.0219780219780219,31,28,ENABLE
1784993400.1190119,-0.0001907377737087046,-0.010989010989014503,-0.03076923076923066,31,28,ENABLE
1784993400.124481,-0.0001907377737087046,-0.010989010989014503,-0.0219780219780219,31,28,ENABLE
1784993400.12905,-0.0005722133211261138,-0.010989010989014503,-0.01318681318681314,31,28,ENABLE
1784993400.1342597,-0.0005722133211261138,-0.010989010989014503,-0.01318681318681314,31,28,ENABLE
1784993400.1390586,-0.0001907377737087046,-0.010989010989014503,-0.01318681318681314,31,28,ENABLE
1784993400.1444957,-0.0005722133211261138,-0.010989010989014503,-0.0219780219780219,31,28,ENABLE
1784993400.14959,-0.0005722133211261138,-0.010989010989014503,-0.03076923076923066,31,28,ENABLE
1784993400.1540434,-0.0005722133211261138,-0.010989010989014503,-0.0219780219780219,31,28,ENABLE
1784993400.1590147,-0.0005722133211261138,-0.0329670329670364,-0.03076923076923066,31,28,ENABLE
1784993400.1639805,-0.0001907377737087046,0.010989010989014503,-0.03076923076923066,31,28,ENABLE
1784993400.1694605,-0.0001907377737087046,-0.0329670329670364,-0.0219780219780219,31,28,ENABLE
1784993400.1745145,-0.0001907377737087046,-0.010989010989014503,-0.0219780219780219,31,28,ENABLE
1784993400.179469,-0.0001907377737087046,-0.010989010989014503,-0.0219780219780219,31,28,ENABLE
1784993400.1840189,-0.0001907377737087046,-0.010989010989014503,-0.01318681318681314,31,28,ENABLE
1784993400.1893733,-0.0001907377737087046,-0.0329670329670364,-0.0219780219780219,31,28,ENABLE
1784993400.1937017,-0.0001907377737087046,-0.010989010989014503,-0.01318681318681314,31,28,ENABLE
1784993400.1988456,-0.0001907377737087046,-0.010989010989014503,-0.0219780219780219,31,28,ENABLE
1784993400.204454,-0.0001907377737087046,-0.010989010989014503,-0.03076923076923066,31,28,ENABLE
1784993400.2089608,-0.0005722133211261138,-0.010989010989014503,-0.0219780219780219,31,28,ENABLE
1784993400.2140896,-0.0001907377737087046,-0.010989010989014503,-0.01318681318681314,31,28,ENABLE
1784993400.2195745,-0.0001907377737087046,-0.010989010989014503,-0.01318681318681314,31,28,ENABLE
1784993400.2244995,-0.0001907377737087046,-0.010989010989014503,-0.0219780219780219,31,28,ENABLE
1784993400.2290037,-0.0001907377737087046,-0.010989010989014503,-0.01318681318681314,31,28,ENABLE
1784993400.234075,-0.0005722133211261138,-0.0329670329670364,-0.01318681318681314,31,28,ENABLE
1784993400.2393234,-0.0001907377737087046,-0.010989010989014503,-0.0219780219780219,31,28,ENABLE
1784993400.244468,-0.0001907377737087046,-0.010989010989014503,-0.0219780219780219,31,28,ENABLE
1784993400.2490509,-0.0001907377737087046,-0.010989010989014503,-0.0219780219780219,31,28,ENABLE
1784993400.2540169,-0.0001907377737087046,-0.010989010989014503,-0.0219780219780219,31,28,ENABLE
1784993400.259105,-0.0001907377737087046,-0.010989010989014503,-0.0219780219780219,31,28,ENABLE
1784993400.2642274,-0.0001907377737087046,-0.010989010989014503,-0.0219780219780219,31,28,ENABLE
1784993400.269227,-0.0001907377737087046,0.010989010989014503,-0.0219780219780219,31,28,ENABLE
1784993400.2744987,-0.0005722133211261138,-0.0329670329670364,-0.0219780219780219,31,28,ENABLE
1784993400.2790558,-0.0001907377737087046,-0.010989010989014503,-0.00439560439560438,31,28,ENABLE
1784993400.2845118,-0.0005722133211261138,-0.010989010989014503,-0.00439560439560438,31,28,ENABLE
1784993400.2890096,-0.0001907377737087046,-0.010989010989014503,-0.0219780219780219,31,28,ENABLE
1784993400.2945359,-0.0005722133211261138,-0.010989010989014503,-0.0219780219780219,31,28,ENABLE
1784993400.2995164,-0.0001907377737087046,0.010989010989014503,-0.0219780219780219,31,28,ENABLE
1784993400.3039703,-0.0001907377737087046,-0.010989010989014503,-0.0219780219780219,31,28,ENABLE
1784993400.3088994,-0.0001907377737087046,-0.010989010989014503,-0.01318681318681314,31,28,ENABLE
1784993400.3142602,-0.0001907377737087046,0.010989010989014503,-0.0219780219780219,31,28,ENABLE
1784993400.3192616,-0.0001907377737087046,-0.010989010989014503,-0.0219780219780219,31,28,ENABLE
1784993400.3248503,-0.0001907377737087046,-0.010989010989014503,-0.01318681318681314,31,28,ENABLE
1784993400.3291163,-0.0001907377737087046,-0.010989010989014503,-0.0219780219780219,31,28,ENABLE
1784993400.3340466,-0.0001907377737087046,-0.010989010989014503,-0.0219780219780219,31,28,ENABLE
1784993400.3389904,-0.0001907377737087046,-0.010989010989014503,-0.0219780219780219,31,28,ENABLE
1784993400.34423,-0.0005722133211261138,-0.0329670329670364,-0.0219780219780219,31,28,ENABLE
1784993400.3489127,-0.0001907377737087046,-0.010989010989014503,-0.0219780219780219,31,28,ENABLE
1784993400.3545198,-0.0001907377737087046,-0.010989010989014503,-0.01318681318681314,31,28,ENABLE
1784993400.359026,-0.0005722133211261138,-0.0329670329670364,-0.0219780219780219,31,28,ENABLE
1784993400.3642619,-0.0001907377737087046,-0.010989010989014503,-0.0219780219780219,31,28,ENABLE
1784993400.3692365,-0.0001907377737087046,0.010989010989014503,-0.0219780219780219,31,28,ENABLE
1784993400.3741877,-0.0001907377737087046,-0.0329670329670364,-0.03076923076923066,31,28,ENABLE
1784993400.3791833,-0.0001907377737087046,-0.010989010989014503,-0.0219780219780219,31,28,ENABLE
1784993400.3839166,-0.0001907377737087046,0.010989010989014503,-0.0219780219780219,31,28,ENABLE
1784993400.3892636,-0.0001907377737087046,-0.0329670329670364,-0.0219780219780219,31,28,ENABLE
1784993400.3945045,-0.0005722133211261138,-0.0329670329670364,-0.0219780219780219,31,28,ENABLE
1784993400.3990986,-0.0001907377737087046,-0.010989010989014503,-0.01318681318681314,31,28,ENABLE
1784993400.4041133,-0.0001907377737087046,-0.010989010989014503,-0.01318681318681314,31,28,ENABLE
1784993400.409458,-0.0005722133211261138,-0.010989010989014503,-0.01318681318681314,31,28,ENABLE
1784993400.4145067,-0.0001907377737087046,-0.010989010989014503,-0.01318681318681314,31,28,ENABLE
1784993400.4190528,-0.0001907377737087046,0.010989010989014503,-0.0219780219780219,31,28,ENABLE
1784993400.424255,-0.0001907377737087046,0.010989010989014503,-0.01318681318681314,31,28,ENABLE
1784993400.4290638,-0.0001907377737087046,-0.010989010989014503,-0.01318681318681314,31,28,ENABLE
1784993400.4342659,-0.0001907377737087046,-0.010989010989014503,-0.0219780219780219,31,28,ENABLE
1784993400.4392645,-0.0001907377737087046,-0.010989010989014503,-0.0219780219780219,31,28,ENABLE
1784993400.4440184,-0.0001907377737087046,-0.010989010989014503,-0.03076923076923066,31,28,ENABLE
1784993400.4490647,-0.0001907377737087046,-0.010989010989014503,-0.0219780219780219,31,28,ENABLE
1784993400.4541802,-0.0005722133211261138,-0.0329670329670364,-0.0219780219780219,31,28,ENABLE
1784993400.459518,-0.0001907377737087046,-0.010989010989014503,-0.0219780219780219,31,28,ENABLE
1784993400.4639103,-0.0005722133211261138,-0.0329670329670364,-0.0219780219780219,31,28,ENABLE
1784993400.4690175,-0.0005722133211261138,-0.0329670329670364,-0.01318681318681314,31,28,ENABLE
1784993400.473989,-0.0005722133211261138,-0.010989010989014503,-0.01318681318681314,31,28,ENABLE
1784993400.4790115,-0.0001907377737087046,0.010989010989014503,-0.0219780219780219,31,28,ENABLE
1784993400.484018,-0.0001907377737087046,0.010989010989014503,-0.0219780219780219,31,28,ENABLE
1784993400.489618,-0.0001907377737087046,-0.010989010989014503,-0.0219780219780219,31,28,ENABLE
1784993400.49388,-0.0001907377737087046,-0.010989010989014503,-0.03076923076923066,31,28,ENABLE
1784993400.4992566,-0.0001907377737087046,0.010989010989014503,-0.0219780219780219,31,28,ENABLE
1784993400.5040112,-0.0001907377737087046,-0.010989010989014503,-0.03076923076923066,31,28,ENABLE
1784993400.5091019,-0.0005722133211261138,-0.010989010989014503,-0.0219780219780219,31,28,ENABLE
1784993400.5140126,-0.0005722133211261138,-0.010989010989014503,-0.0219780219780219,31,28,ENABLE
1784993400.5194747,-0.0001907377737087046,-0.010989010989014503,-0.0219780219780219,31,28,ENABLE
1784993400.5244923,-0.0005722133211261138,-0.010989010989014503,-0.0219780219780219,31,28,ENABLE
1784993400.5290568,-0.0005722133211261138,-0.010989010989014503,-0.0219780219780219,31,28,ENABLE
1784993400.534315,-0.0001907377737087046,0.010989010989014503,-0.0219780219780219,31,28,ENABLE
1784993400.5392413,-0.0005722133211261138,-0.010989010989014503,-0.03076923076923066,31,28,ENABLE
1784993400.5440445,-0.0005722133211261138,-0.0329670329670364,-0.03076923076923066,31,28,ENABLE
1784993400.54902,-0.0005722133211261138,-0.010989010989014503,-0.01318681318681314,31,28,ENABLE
1784993400.553731,-0.0001907377737087046,-0.010989010989014503,-0.01318681318681314,31,28,ENABLE
1784993400.5588808,-0.0005722133211261138,-0.010989010989014503,-0.0219780219780219,31,28,ENABLE
1784993400.5644264,-0.0001907377737087046,-0.010989010989014503,-0.01318681318681314,31,28,ENABLE
1784993400.5695324,-0.0001907377737087046,-0.010989010989014503,-0.0219780219780219,31,28,ENABLE
1784993400.5740848,-0.0001907377737087046,-0.010989010989014503,-0.0219780219780219,31,28,ENABLE
1784993400.5790427,-0.0001907377737087046,0.010989010989014503,-0.0219780219780219,31,28,ENABLE
1784993400.583914,-0.0001907377737087046,-0.010989010989014503,-0.01318681318681314,31,28,ENABLE
1784993400.5892608,-0.0001907377737087046,-0.010989010989014503,-0.0219780219780219,31,28,ENABLE
1784993400.5944808,-0.0001907377737087046,-0.010989010989014503,-0.0219780219780219,31,28,ENABLE
1784993400.5990543,-0.0001907377737087046,-0.010989010989014503,-0.0219780219780219,31,28,ENABLE
1784993400.604539,-0.0001907377737087046,-0.010989010989014503,-0.0219780219780219,31,28,ENABLE
1784993400.6090405,-0.0001907377737087046,0.010989010989014503,-0.03076923076923066,31,28,ENABLE
1784993400.614535,-0.0005722133211261138,-0.0329670329670364,-0.0219780219780219,31,28,ENABLE
1784993400.618842,-0.0001907377737087046,-0.010989010989014503,-0.0219780219780219,31,28,ENABLE
1784993400.6238823,-0.0001907377737087046,-0.010989010989014503,-0.01318681318681314,31,28,ENABLE
1784993400.629227,-0.0005722133211261138,-0.0329670329670364,-0.0219780219780219,31,28,ENABLE
1784993400.6344168,-0.0001907377737087046,-0.010989010989014503,-0.0219780219780219,31,28,ENABLE
1784993400.6391377,-0.0001907377737087046,-0.010989010989014503,-0.0219780219780219,31,28,ENABLE
1784993400.644156,-0.0001907377737087046,0.010989010989014503,-0.03076923076923066,31,28,ENABLE
1784993400.6490967,-0.0001907377737087046,-0.010989010989014503,-0.0219780219780219,31,28,ENABLE
1784993400.654545,-0.0001907377737087046,0.010989010989014503,-0.0219780219780219,31,28,ENABLE
1784993400.659259,-0.0005722133211261138,-0.010989010989014503,-0.0219780219780219,31,28,ENABLE
1784993400.6640186,-0.0001907377737087046,0.010989010989014503,-0.0219780219780219,31,28,ENABLE
1784993400.6690958,-0.0005722133211261138,-0.010989010989014503,-0.0219780219780219,31,28,ENABLE
1784993400.67424,-0.0001907377737087046,-0.010989010989014503,-0.0219780219780219,31,28,ENABLE
1784993400.67949,-0.0005722133211261138,-0.0329670329670364,-0.0219780219780219,31,28,ENABLE
1784993400.6845171,-0.0001907377737087046,-0.010989010989014503,-0.0219780219780219,31,28,ENABLE
1784993400.6894896,-0.0001907377737087046,-0.010989010989014503,-0.0219780219780219,31,28,ENABLE
1784993400.6939833,-0.0001907377737087046,-0.010989010989014503,-0.03076923076923066,31,28,ENABLE
1784993400.699017,-0.0001907377737087046,0.010989010989014503,-0.0219780219780219,31,28,ENABLE
1784993400.7039673,-0.0005722133211261138,-0.0329670329670364,-0.03076923076923066,31,28,ENABLE
1784993400.7094233,-0.0001907377737087046,-0.010989010989014503,-0.03076923076923066,31,28,ENABLE
1784993400.7142797,-0.0005722133211261138,-0.010989010989014503,-0.0219780219780219,31,28,ENABLE
1784993400.7189875,-0.0001907377737087046,-0.010989010989014503,-0.0219780219780219,31,28,ENABLE
1784993400.7244534,-0.0001907377737087046,-0.010989010989014503,-0.0219780219780219,31,28,ENABLE
1784993400.7291074,-0.0005722133211261138,-0.010989010989014503,-0.01318681318681314,31,28,ENABLE
1784993400.7345402,-0.0001907377737087046,-0.010989010989014503,-0.03076923076923066,31,28,ENABLE
1784993400.7395778,-0.0001907377737087046,-0.0329670329670364,-0.0219780219780219,31,28,ENABLE
1784993400.7440183,-0.0001907377737087046,-0.010989010989014503,-0.03076923076923066,31,28,ENABLE
1784993400.7490957,-0.0001907377737087046,-0.010989010989014503,-0.0219780219780219,31,28,ENABLE
1784993400.7544427,-0.0001907377737087046,-0.010989010989014503,-0.03076923076923066,31,28,ENABLE
1784993400.7592354,-0.0001907377737087046,-0.010989010989014503,-0.0219780219780219,31,28,ENABLE
1784993400.763937,-0.0001907377737087046,-0.010989010989014503,-0.0219780219780219,31,28,ENABLE
1784993400.7689137,-0.0001907377737087046,-0.010989010989014503,-0.0219780219780219,31,28,ENABLE
1784993400.7742438,-0.0001907377737087046,-0.010989010989014503,-0.0219780219780219,31,28,ENABLE
1784993400.7795358,-0.0005722133211261138,-0.0329670329670364,-0.0219780219780219,31,28,ENABLE
1784993400.7840965,-0.0001907377737087046,-0.010989010989014503,-0.0219780219780219,31,28,ENABLE
1784993400.7890158,-0.0001907377737087046,-0.0329670329670364,-0.0219780219780219,31,28,ENABLE
1784993400.7940462,-0.0001907377737087046,-0.0329670329670364,-0.0219780219780219,31,28,ENABLE
1784993400.7992342,-0.0001907377737087046,-0.010989010989014503,-0.0219780219780219,31,28,ENABLE
1784993400.8042858,-0.0001907377737087046,-0.0329670329670364,-0.0219780219780219,31,28,ENABLE
1784993400.8095295,-0.0001907377737087046,-0.010989010989014503,-0.03076923076923066,31,28,ENABLE
1784993400.8140144,-0.0001907377737087046,-0.010989010989014503,-0.03076923076923066,31,28,ENABLE
1784993400.8189194,-0.0001907377737087046,-0.010989010989014503,-0.0219780219780219,31,28,ENABLE
1784993400.8242579,-0.0005722133211261138,-0.010989010989014503,-0.0219780219780219,31,28,ENABLE
1784993400.8294687,-0.0001907377737087046,-0.010989010989014503,-0.0219780219780219,31,28,ENABLE
1784993400.8340213,-0.0005722133211261138,-0.010989010989014503,-0.0219780219780219,31,28,ENABLE
1784993400.8389018,-0.0001907377737087046,-0.010989010989014503,-0.00439560439560438,31,28,ENABLE
1784993400.8442297,-0.0001907377737087046,-0.010989010989014503,-0.01318681318681314,31,28,ENABLE
1784993400.8495932,-0.0001907377737087046,-0.0329670329670364,-0.0219780219780219,31,28,ENABLE
1784993400.8541372,-0.0005722133211261138,-0.0329670329670364,-0.03076923076923066,31,28,ENABLE
1784993400.8590226,-0.0001907377737087046,-0.010989010989014503,-0.0219780219780219,31,28,ENABLE
1784993400.8645108,-0.0001907377737087046,-0.0329670329670364,-0.03076923076923066,31,28,ENABLE
1784993400.8690114,-0.0001907377737087046,-0.0329670329670364,-0.0219780219780219,31,28,ENABLE
1784993400.8739812,-0.0001907377737087046,-0.010989010989014503,-0.0219780219780219,31,28,ENABLE
1784993400.878869,-0.0001907377737087046,0.010989010989014503,-0.0219780219780219,31,28,ENABLE
1784993400.8840897,-0.0001907377737087046,0.010989010989014503,-0.03076923076923066,31,28,ENABLE
1784993400.8895428,-0.0001907377737087046,-0.010989010989014503,-0.0219780219780219,31,28,ENABLE
1784993400.8945863,-0.0001907377737087046,-0.010989010989014503,-0.0219780219780219,31,28,ENABLE
1784993400.8990912,-0.0001907377737087046,-0.010989010989014503,-0.0219780219780219,31,28,ENABLE
1784993400.9040444,-0.0001907377737087046,-0.010989010989014503,-0.0219780219780219,31,28,ENABLE
1784993400.9089053,-0.0001907377737087046,-0.010989010989014503,-0.0219780219780219,31,28,ENABLE
1784993400.9142785,-0.0001907377737087046,-0.010989010989014503,-0.0219780219780219,31,28,ENABLE
1784993400.919765,-0.0001907377737087046,-0.010989010989014503,-0.0219780219780219,31,28,ENABLE
1784993400.92413,-0.0001907377737087046,-0.0329670329670364,-0.0219780219780219,31,28,ENABLE
1784993400.9290433,-0.0001907377737087046,-0.010989010989014503,-0.0219780219780219,31,28,ENABLE
1784993400.9341881,-0.0005722133211261138,-0.010989010989014503,-0.01318681318681314,31,28,ENABLE
1784993400.9392273,-0.0001907377737087046,-0.010989010989014503,-0.0219780219780219,31,28,ENABLE
1784993400.943852,-0.0005722133211261138,-0.010989010989014503,-0.0219780219780219,31,28,ENABLE
1784993400.9492292,-0.0005722133211261138,-0.010989010989014503,-0.01318681318681314,31,28,ENABLE
1784993400.9539123,-0.0001907377737087046,-0.010989010989014503,-0.01318681318681314,31,28,ENABLE
1784993400.959719,-0.0001907377737087046,-0.010989010989014503,-0.01318681318681314,31,28,ENABLE
1784993400.964172,-0.0001907377737087046,-0.010989010989014503,-0.0219780219780219,31,28,ENABLE
1784993400.9691477,-0.0001907377737087046,-0.0329670329670364,-0.01318681318681314,31,28,ENABLE
1784993400.9741058,-0.0005722133211261138,-0.010989010989014503,-0.0219780219780219,31,28,ENABLE
1784993400.9790065,-0.0001907377737087046,-0.010989010989014503,-0.01318681318681314,31,28,ENABLE
1784993400.9835157,-0.0001907377737087046,0.010989010989014503,-0.0219780219780219,31,28,ENABLE
1784993400.9890525,-0.0001907377737087046,-0.010989010989014503,-0.0219780219780219,31,28,ENABLE
1784993400.9939797,-0.0001907377737087046,-0.010989010989014503,-0.03076923076923066,31,28,ENABLE
1784993400.9995785,-0.0001907377737087046,0.010989010989014503,-0.0219780219780219,31,28,ENABLE
1784993401.0040941,-0.0001907377737087046,0.010989010989014503,-0.0219780219780219,31,28,ENABLE
1784993401.0092275,-0.0001907377737087046,-0.010989010989014503,-0.0219780219780219,31,28,ENABLE
1784993401.0138793,-0.0005722133211261138,-0.0329670329670364,-0.0219780219780219,31,28,ENABLE
1784993401.0195665,-0.0001907377737087046,0.010989010989014503,-0.0219780219780219,31,28,ENABLE
1784993401.0242496,-0.0001907377737087046,-0.010989010989014503,-0.0219780219780219,31,28,ENABLE
1784993401.029283,-0.0001907377737087046,-0.010989010989014503,-0.0219780219780219,31,28,ENABLE
1784993401.0342298,-0.0001907377737087046,-0.010989010989014503,-0.0219780219780219,31,28,ENABLE
1784993401.0389855,-0.0001907377737087046,-0.010989010989014503,-0.0219780219780219,31,28,ENABLE
1784993401.044104,-0.0001907377737087046,-0.010989010989014503,-0.0219780219780219,31,28,ENABLE
1784993401.0492296,-0.0001907377737087046,-0.010989010989014503,-0.01318681318681314,31,28,ENABLE
1784993401.054228,-0.0005722133211261138,-0.0329670329670364,-0.01318681318681314,31,28,ENABLE
1784993401.0590284,-0.0001907377737087046,-0.010989010989014503,-0.01318681318681314,31,28,ENABLE
1784993401.0644586,-0.0005722133211261138,-0.0329670329670364,-0.0219780219780219,31,28,ENABLE
1784993401.068736,-0.0001907377737087046,-0.010989010989014503,-0.01318681318681314,31,28,ENABLE
1784993401.0741227,-0.0001907377737087046,-0.010989010989014503,-0.0219780219780219,31,28,ENABLE
1784993401.0795417,-0.0001907377737087046,-0.0329670329670364,-0.0219780219780219,31,28,ENABLE
1784993401.084067,-0.0001907377737087046,-0.010989010989014503,-0.0219780219780219,31,28,ENABLE
1784993401.088911,-0.0001907377737087046,-0.010989010989014503,-0.01318681318681314,31,28,ENABLE
1784993401.0942948,-0.0005722133211261138,-0.010989010989014503,-0.01318681318681314,31,28,ENABLE
1784993401.0999076,-0.0001907377737087046,-0.010989010989014503,-0.01318681318681314,31,28,ENABLE
1784993401.1046786,-0.0005722133211261138,-0.010989010989014503,-0.0219780219780219,31,28,ENABLE
1784993401.109531,-0.0001907377737087046,-0.010989010989014503,-0.01318681318681314,31,28,ENABLE
1784993401.114141,-0.0001907377737087046,0.010989010989014503,-0.0219780219780219,31,28,ENABLE
1784993401.1188521,-0.0005722133211261138,-0.010989010989014503,-0.0219780219780219,31,28,ENABLE
1784993401.1242633,-0.0001907377737087046,0.010989010989014503,-0.0219780219780219,31,28,ENABLE
1784993401.1293423,-0.0001907377737087046,-0.0329670329670364,-0.03076923076923066,31,28,ENABLE
1784993401.13452,-0.0001907377737087046,-0.010989010989014503,-0.0219780219780219,31,28,ENABLE
1784993401.1390202,-0.0001907377737087046,-0.010989010989014503,-0.0219780219780219,31,28,ENABLE
1784993401.144037,-0.0001907377737087046,-0.010989010989014503,-0.0219780219780219,31,28,ENABLE
1784993401.1493483,-0.0001907377737087046,-0.010989010989014503,-0.0219780219780219,31,28,ENABLE
1784993401.153907,-0.0001907377737087046,0.010989010989014503,-0.0219780219780219,31,28,ENABLE
1784993401.158869,-0.0001907377737087046,-0.010989010989014503,-0.0219780219780219,31,28,ENABLE
1784993401.1642692,-0.0001907377737087046,-0.010989010989014503,-0.0219780219780219,31,28,ENABLE
1784993401.169006,-0.0001907377737087046,-0.010989010989014503,-0.0219780219780219,31,28,ENABLE
1784993401.1745021,-0.0001907377737087046,-0.010989010989014503,-0.0219780219780219,31,28,ENABLE
1784993401.1790679,-0.0001907377737087046,-0.010989010989014503,-0.0219780219780219,31,28,ENABLE
1784993401.1840878,-0.0005722133211261138,-0.010989010989014503,-0.03076923076923066,31,28,ENABLE
1784993401.1893275,-0.0001907377737087046,-0.010989010989014503,-0.0219780219780219,31,28,ENABLE
1784993401.1942186,-0.0001907377737087046,-0.010989010989014503,-0.0219780219780219,31,28,ENABLE
1784993401.1990469,-0.0001907377737087046,-0.010989010989014503,-0.03076923076923066,31,28,ENABLE
1784993401.2040946,-0.0001907377737087046,-0.010989010989014503,-0.0219780219780219,31,28,ENABLE
1784993401.2092247,-0.0001907377737087046,-0.010989010989014503,-0.0219780219780219,31,28,ENABLE
1784993401.2147148,-0.0001907377737087046,-0.010989010989014503,-0.03076923076923066,31,28,ENABLE
1784993401.2195852,-0.0001907377737087046,-0.010989010989014503,-0.0219780219780219,31,28,ENABLE
1784993401.2239451,-0.0001907377737087046,-0.010989010989014503,-0.0219780219780219,31,28,ENABLE
1784993401.228983,-0.0001907377737087046,-0.010989010989014503,-0.03076923076923066,31,28,ENABLE
1784993401.2342913,-0.0001907377737087046,0.010989010989014503,-0.0219780219780219,31,28,ENABLE
1784993401.2393196,-0.0001907377737087046,-0.010989010989014503,-0.0219780219780219,31,28,ENABLE
1784993401.2444904,-0.0001907377737087046,0.010989010989014503,-0.0219780219780219,31,28,ENABLE
1784993401.249541,-0.0001907377737087046,-0.010989010989014503,-0.03076923076923066,31,28,ENABLE
1784993401.254291,-0.0001907377737087046,-0.010989010989014503,-0.01318681318681314,31,28,ENABLE
1784993401.259654,-0.0001907377737087046,-0.010989010989014503,-0.0219780219780219,31,28,ENABLE
1784993401.2641983,-0.0005722133211261138,-0.0329670329670364,-0.01318681318681314,31,28,ENABLE
1784993401.269241,-0.0001907377737087046,-0.010989010989014503,-0.0219780219780219,31,28,ENABLE
1784993401.2740214,-0.0001907377737087046,-0.010989010989014503,-0.03076923076923066,31,28,ENABLE
1784993401.2790978,-0.0001907377737087046,-0.010989010989014503,-0.03076923076923066,31,28,ENABLE
1784993401.2842286,-0.0001907377737087046,-0.010989010989014503,-0.0219780219780219,31,28,ENABLE
1784993401.289271,-0.0001907377737087046,-0.0329670329670364,-0.01318681318681314,31,28,ENABLE
1784993401.2944822,-0.0001907377737087046,-0.010989010989014503,-0.0219780219780219,31,28,ENABLE
1784993401.2990136,-0.0001907377737087046,-0.0329670329670364,-0.0219780219780219,31,28,ENABLE
1784993401.303843,-0.0001907377737087046,-0.010989010989014503,-0.0219780219780219,31,28,ENABLE
1784993401.3092961,-0.0001907377737087046,0.010989010989014503,-0.0219780219780219,31,28,ENABLE
1784993401.314506,-0.0001907377737087046,-0.010989010989014503,-0.0219780219780219,31,28,ENABLE
1784993401.319672,-0.0001907377737087046,-0.010989010989014503,-0.0219780219780219,31,28,ENABLE
1784993401.3239112,-0.0001907377737087046,-0.010989010989014503,-0.0219780219780219,31,28,ENABLE
1784993401.3289113,-0.0001907377737087046,-0.010989010989014503,-0.0219780219780219,31,28,ENABLE
1784993401.3342283,-0.0001907377737087046,-0.010989010989014503,-0.0219780219780219,31,28,ENABLE
1784993401.3392653,-0.0001907377737087046,-0.010989010989014503,-0.0219780219780219,31,28,ENABLE
1784993401.3440962,-0.0001907377737087046,-0.010989010989014503,-0.0219780219780219,31,28,ENABLE
1784993401.3497462,-0.0005722133211261138,-0.010989010989014503,-0.0219780219780219,31,28,ENABLE
1784993401.3545213,-0.0001907377737087046,-0.010989010989014503,-0.0219780219780219,31,28,ENABLE
1784993401.3590124,-0.0001907377737087046,0.010989010989014503,-0.01318681318681314,31,28,ENABLE
1784993401.363905,-0.0001907377737087046,-0.010989010989014503,-0.0219780219780219,31,28,ENABLE
1784993401.369233,-0.0001907377737087046,-0.010989010989014503,-0.03076923076923066,31,28,ENABLE
1784993401.374509,-0.0001907377737087046,-0.010989010989014503,-0.01318681318681314,31,28,ENABLE
1784993401.3789635,-0.0001907377737087046,-0.010989010989014503,-0.0219780219780219,31,28,ENABLE
1784993401.3842962,-0.0001907377737087046,-0.010989010989014503,-0.0219780219780219,31,28,ENABLE
1784993401.3889444,-0.0001907377737087046,-0.010989010989014503,-0.0219780219780219,31,28,ENABLE
1784993401.394461,-0.0001907377737087046,-0.010989010989014503,-0.01318681318681314,31,28,ENABLE
1784993401.3995972,-0.0001907377737087046,-0.0329670329670364,-0.0219780219780219,31,28,ENABLE
1784993401.4041514,-0.0001907377737087046,0.010989010989014503,-0.0219780219780219,31,28,ENABLE
1784993401.409126,-0.0001907377737087046,-0.010989010989014503,-0.03076923076923066,31,28,ENABLE
1784993401.414227,-0.0001907377737087046,-0.010989010989014503,-0.03076923076923066,31,28,ENABLE
1784993401.4192846,-0.0001907377737087046,-0.010989010989014503,-0.03076923076923066,31,28,ENABLE
1784993401.4240396,-0.0001907377737087046,-0.010989010989014503,-0.0219780219780219,31,28,ENABLE
1784993401.4290876,-0.0001907377737087046,-0.010989010989014503,-0.01318681318681314,31,28,ENABLE
1784993401.433986,-0.0001907377737087046,0.010989010989014503,-0.01318681318681314,31,28,ENABLE
1784993401.4394639,-0.0001907377737087046,-0.010989010989014503,-0.01318681318681314,31,28,ENABLE
1784993401.444505,-0.0005722133211261138,-0.010989010989014503,-0.0219780219780219,31,28,ENABLE
1784993401.4490814,-0.0001907377737087046,0.010989010989014503,-0.0219780219780219,31,28,ENABLE
1784993401.4539075,-0.0001907377737087046,-0.010989010989014503,-0.0219780219780219,31,28,ENABLE
1784993401.45923,-0.0001907377737087046,-0.0329670329670364,-0.0219780219780219,31,28,ENABLE
1784993401.4647171,-0.0001907377737087046,0.010989010989014503,-0.03076923076923066,31,28,ENABLE
1784993401.4697576,-0.0001907377737087046,-0.010989010989014503,-0.0219780219780219,31,28,ENABLE
1784993401.473844,-0.0001907377737087046,-0.010989010989014503,-0.03076923076923066,31,28,ENABLE
1784993401.4789376,-0.0001907377737087046,-0.010989010989014503,-0.03076923076923066,31,28,ENABLE
1784993401.484432,-0.0001907377737087046,-0.010989010989014503,-0.01318681318681314,31,28,ENABLE
1784993401.4892647,-0.0001907377737087046,-0.010989010989014503,-0.01318681318681314,31,28,ENABLE
1784993401.494665,-0.0001907377737087046,-0.0329670329670364,-0.01318681318681314,31,28,ENABLE
1784993401.4991565,-0.0001907377737087046,-0.010989010989014503,-0.01318681318681314,31,28,ENABLE
1784993401.5039093,-0.0001907377737087046,0.010989010989014503,-0.0219780219780219,31,28,ENABLE
1784993401.509228,-0.0001907377737087046,-0.0329670329670364,-0.01318681318681314,31,28,ENABLE
1784993401.51453,-0.0001907377737087046,-0.010989010989014503,-0.01318681318681314,31,28,ENABLE
1784993401.5194943,-0.0001907377737087046,0.010989010989014503,-0.0219780219780219,31,28,ENABLE
1784993401.5238707,-0.0001907377737087046,-0.0329670329670364,-0.0219780219780219,31,28,ENABLE
1784993401.5290697,-0.0001907377737087046,-0.010989010989014503,-0.0219780219780219,31,28,ENABLE
1784993401.534022,-0.0001907377737087046,-0.0329670329670364,-0.0219780219780219,31,28,ENABLE
1784993401.5391183,-0.0001907377737087046,-0.010989010989014503,-0.0219780219780219,31,28,ENABLE
1784993401.544507,-0.0001907377737087046,-0.010989010989014503,-0.0219780219780219,31,28,ENABLE
1784993401.5495114,-0.0001907377737087046,0.010989010989014503,-0.0219780219780219,31,28,ENABLE
1784993401.5540922,-0.0001907377737087046,-0.010989010989014503,-0.03076923076923066,31,28,ENABLE
1784993401.5591116,-0.0001907377737087046,-0.010989010989014503,-0.0219780219780219,31,28,ENABLE
1784993401.5639129,-0.0001907377737087046,0.010989010989014503,-0.03076923076923066,31,28,ENABLE
1784993401.5692704,-0.0001907377737087046,-0.010989010989014503,-0.03076923076923066,31,28,ENABLE
1784993401.574095,-0.0001907377737087046,-0.0329670329670364,-0.0219780219780219,31,28,ENABLE
1784993401.5794928,-0.0001907377737087046,-0.010989010989014503,-0.0219780219780219,31,28,ENABLE
1784993401.5839813,-0.0001907377737087046,0.010989010989014503,-0.03076923076923066,31,28,ENABLE
1784993401.589517,-0.0001907377737087046,-0.0329670329670364,-0.0219780219780219,31,28,ENABLE
1784993401.594504,-0.0001907377737087046,0.010989010989014503,-0.0219780219780219,31,28,ENABLE
1784993401.5990224,-0.0001907377737087046,-0.010989010989014503,-0.0219780219780219,31,28,ENABLE
1784993401.604542,-0.0001907377737087046,-0.010989010989014503,-0.0219780219780219,31,28,ENABLE
1784993401.6090915,-0.0001907377737087046,-0.010989010989014503,-0.01318681318681314,31,28,ENABLE
1784993401.6138525,-0.0001907377737087046,-0.010989010989014503,-0.0219780219780219,31,28,ENABLE
1784993401.6192672,-0.0001907377737087046,-0.010989010989014503,-0.0219780219780219,31,28,ENABLE
1784993401.6244154,-0.0001907377737087046,-0.010989010989014503,-0.03076923076923066,31,28,ENABLE
1784993401.629021,-0.0001907377737087046,0.010989010989014503,-0.03076923076923066,31,28,ENABLE
1784993401.634271,-0.0001907377737087046,0.010989010989014503,-0.0219780219780219,31,28,ENABLE
1784993401.6389086,-0.0001907377737087046,0.010989010989014503,-0.0219780219780219,31,28,ENABLE
1784993401.6442645,-0.0001907377737087046,-0.0329670329670364,-0.03076923076923066,31,28,ENABLE
1784993401.6492488,-0.0001907377737087046,-0.0329670329670364,-0.03076923076923066,31,28,ENABLE
1784993401.6540506,-0.0001907377737087046,-0.010989010989014503,-0.0219780219780219,31,28,ENABLE
1784993401.6595602,-0.0001907377737087046,-0.010989010989014503,-0.03076923076923066,31,28,ENABLE
1784993401.664488,-0.0001907377737087046,-0.0329670329670364,-0.0219780219780219,31,28,ENABLE
1784993401.6690233,-0.0001907377737087046,-0.0329670329670364,-0.03076923076923066,31,28,ENABLE
1784993401.674529,-0.0001907377737087046,0.010989010989014503,-0.0219780219780219,31,28,ENABLE
1784993401.67898,-0.0001907377737087046,-0.010989010989014503,-0.0219780219780219,31,28,ENABLE
1784993401.6845405,-0.0001907377737087046,-0.010989010989014503,-0.01318681318681314,31,28,ENABLE
1784993401.6892695,-0.0001907377737087046,0.010989010989014503,-0.0219780219780219,31,28,ENABLE
1784993401.69399,-0.0001907377737087046,-0.010989010989014503,-0.0219780219780219,31,28,ENABLE
1784993401.698988,-0.0001907377737087046,-0.010989010989014503,-0.0219780219780219,31,28,ENABLE
1784993401.704477,-0.0001907377737087046,-0.010989010989014503,-0.0219780219780219,31,28,ENABLE
1784993401.7090502,-0.0001907377737087046,-0.010989010989014503,-0.0219780219780219,31,28,ENABLE
1784993401.7144766,-0.0001907377737087046,0.010989010989014503,-0.03076923076923066,31,28,ENABLE
1784993401.7188892,-0.0001907377737087046,-0.010989010989014503,-0.03076923076923066,31,28,ENABLE
1784993401.7238817,-0.0001907377737087046,-0.010989010989014503,-0.03076923076923066,31,28,ENABLE
1784993401.729259,-0.0001907377737087046,0.010989010989014503,-0.0219780219780219,31,28,ENABLE
1784993401.7343376,-0.0001907377737087046,0.010989010989014503,-0.0219780219780219,31,28,ENABLE
1784993401.7390127,-0.0001907377737087046,-0.0329670329670364,-0.03076923076923066,31,28,ENABLE
1784993401.7439716,-0.0001907377737087046,-0.010989010989014503,-0.03076923076923066,31,28,ENABLE
1784993401.7490928,-0.0001907377737087046,-0.010989010989014503,-0.0219780219780219,31,28,ENABLE
1784993401.7547016,-0.0001907377737087046,-0.010989010989014503,-0.0219780219780219,31,28,ENABLE
1784993401.7597182,-0.0001907377737087046,-0.0329670329670364,-0.0219780219780219,31,28,ENABLE
1784993401.764639,-0.0001907377737087046,-0.010989010989014503,-0.0219780219780219,31,28,ENABLE
1784993401.7682142,-0.0001907377737087046,0.010989010989014503,-0.0219780219780219,31,28,ENABLE
1784993401.773478,-0.0001907377737087046,-0.0329670329670364,-0.0219780219780219,31,28,ENABLE
1784993401.7784884,-0.0001907377737087046,0.010989010989014503,-0.0219780219780219,31,28,ENABLE
1784993401.782926,-0.0001907377737087046,-0.010989010989014503,-0.0219780219780219,31,28,ENABLE
1784993401.7880445,-0.0001907377737087046,-0.010989010989014503,-0.0219780219780219,31,28,ENABLE
1784993401.7929907,-0.0001907377737087046,-0.0329670329670364,-0.03076923076923066,31,28,ENABLE
1784993401.799552,-0.0001907377737087046,-0.010989010989014503,-0.03076923076923066,31,28,ENABLE
1784993401.8044367,-0.0001907377737087046,-0.010989010989014503,-0.03076923076923066,31,28,ENABLE
1784993401.8092718,-0.0001907377737087046,-0.010989010989014503,-0.0219780219780219,31,28,ENABLE
1784993401.8138652,-0.0001907377737087046,-0.010989010989014503,-0.0219780219780219,31,28,ENABLE
1784993401.818726,-0.0001907377737087046,0.010989010989014503,-0.0219780219780219,31,28,ENABLE
1784993401.823838,-0.0001907377737087046,-0.010989010989014503,-0.03076923076923066,31,28,ENABLE
1784993401.8297014,-0.0001907377737087046,-0.0329670329670364,-0.0219780219780219,31,28,ENABLE
1784993401.8342428,-0.0001907377737087046,-0.010989010989014503,-0.0219780219780219,31,28,ENABLE
1784993401.8390763,-0.0001907377737087046,-0.010989010989014503,-0.0219780219780219,31,28,ENABLE
1784993401.8445382,-0.0001907377737087046,-0.010989010989014503,-0.0219780219780219,31,28,ENABLE
1784993401.8495393,-0.0001907377737087046,-0.010989010989014503,-0.01318681318681314,31,28,ENABLE
1784993401.8540285,-0.0001907377737087046,-0.010989010989014503,-0.0219780219780219,31,28,ENABLE
1784993401.8592587,-0.0001907377737087046,-0.0329670329670364,-0.0219780219780219,31,28,ENABLE
1784993401.8642313,-0.0001907377737087046,-0.010989010989014503,-0.0219780219780219,31,28,ENABLE
1784993401.8696756,-0.0001907377737087046,0.010989010989014503,-0.0219780219780219,31,28,ENABLE
1784993401.8749275,-0.0001907377737087046,-0.010989010989014503,-0.0219780219780219,31,28,ENABLE
1784993401.8792331,-0.0001907377737087046,-0.010989010989014503,-0.01318681318681314,31,28,ENABLE
1784993401.8843067,-0.0001907377737087046,-0.0329670329670364,-0.03076923076923066,31,28,ENABLE
1784993401.889505,-0.0001907377737087046,0.010989010989014503,-0.0219780219780219,31,28,ENABLE
1784993401.894505,-0.0001907377737087046,-0.010989010989014503,-0.03076923076923066,31,28,ENABLE
1784993401.8990216,-0.0001907377737087046,-0.0329670329670364,-0.03076923076923066,31,28,ENABLE
1784993401.9040906,-0.0001907377737087046,-0.0329670329670364,-0.03076923076923066,31,28,ENABLE
1784993401.9095383,-0.0001907377737087046,-0.010989010989014503,-0.03076923076923066,31,28,ENABLE
1784993401.9145584,-0.0001907377737087046,-0.010989010989014503,-0.03076923076923066,31,28,ENABLE
1784993401.919004,-0.0001907377737087046,-0.010989010989014503,-0.03076923076923066,31,28,ENABLE
1784993401.9239738,-0.0001907377737087046,-0.010989010989014503,-0.03076923076923066,31,28,ENABLE
1784993401.9289474,-0.0001907377737087046,-0.010989010989014503,-0.0219780219780219,31,28,ENABLE
1784993401.9342577,-0.0001907377737087046,0.010989010989014503,-0.0219780219780219,31,28,ENABLE
1784993401.939453,-0.0001907377737087046,-0.010989010989014503,-0.0219780219780219,31,28,ENABLE
1784993401.9444904,-0.0001907377737087046,-0.010989010989014503,-0.0219780219780219,31,28,ENABLE
1784993401.9490151,-0.0001907377737087046,-0.0329670329670364,-0.01318681318681314,31,28,ENABLE
1784993401.954035,-0.0001907377737087046,-0.0329670329670364,-0.0219780219780219,31,28,ENABLE
1784993401.9592655,-0.0001907377737087046,0.010989010989014503,-0.03076923076923066,31,28,ENABLE
1784993401.9642627,-0.0001907377737087046,-0.010989010989014503,-0.03076923076923066,31,28,ENABLE
1784993401.969513,-0.0001907377737087046,-0.010989010989014503,-0.0219780219780219,31,28,ENABLE
1784993401.9740438,-0.0001907377737087046,-0.010989010989014503,-0.03076923076923066,31,28,ENABLE
1784993401.9790561,0.0001907377737087046,0.010989010989014503,-0.03076923076923066,31,28,ENABLE
1784993401.9845455,0.0001907377737087046,0.010989010989014503,-0.03076923076923066,31,28,ENABLE
1784993401.9895065,-0.0001907377737087046,-0.0329670329670364,-0.03076923076923066,31,28,ENABLE
1784993401.9943926,-0.0001907377737087046,-0.0329670329670364,-0.0219780219780219,31,28,ENABLE
1784993401.9994943,-0.0001907377737087046,-0.010989010989014503,-0.03076923076923066,31,28,ENABLE
1784993402.0040143,-0.0001907377737087046,-0.010989010989014503,-0.0219780219780219,31,28,ENABLE
1784993402.0089886,-0.0001907377737087046,-0.010989010989014503,-0.03076923076923066,31,28,ENABLE
1784993402.0144944,-0.0001907377737087046,-0.010989010989014503,-0.0219780219780219,31,28,ENABLE
1784993402.0196598,-0.0001907377737087046,-0.010989010989014503,-0.0219780219780219,31,28,ENABLE
1784993402.0247076,-0.0001907377737087046,-0.010989010989014503,-0.03076923076923066,31,28,ENABLE
1784993402.028735,-0.0001907377737087046,0.010989010989014503,-0.0219780219780219,31,28,ENABLE
1784993402.0338905,-0.0001907377737087046,-0.010989010989014503,-0.0219780219780219,31,28,ENABLE
1784993402.039532,0.0001907377737087046,0.010989010989014503,-0.0219780219780219,31,28,ENABLE
1784993402.044558,-0.0001907377737087046,-0.010989010989014503,-0.03076923076923066,31,28,ENABLE
1784993402.0490856,-0.0001907377737087046,-0.010989010989014503,-0.0219780219780219,31,28,ENABLE
1784993402.0540104,0.0001907377737087046,0.010989010989014503,-0.03076923076923066,31,28,ENABLE
1784993402.0592275,-0.0001907377737087046,-0.010989010989014503,-0.0219780219780219,31,28,ENABLE
1784993402.0642254,-0.0001907377737087046,-0.0329670329670364,-0.0219780219780219,31,28,ENABLE
1784993402.0691102,-0.0001907377737087046,-0.010989010989014503,-0.01318681318681314,31,28,ENABLE
1784993402.074601,-0.0001907377737087046,-0.0329670329670364,-0.0219780219780219,31,28,ENABLE
1784993402.0790088,-0.0001907377737087046,-0.010989010989014503,-0.01318681318681314,31,28,ENABLE
1784993402.084541,-0.0001907377737087046,-0.010989010989014503,-0.0219780219780219,31,28,ENABLE
1784993402.0895464,-0.0001907377737087046,-0.010989010989014503,-0.0219780219780219,31,28,ENABLE
1784993402.0940325,-0.0001907377737087046,0.010989010989014503,-0.0219780219780219,31,28,ENABLE
1784993402.0989182,-0.0001907377737087046,-0.010989010989014503,-0.0219780219780219,31,28,ENABLE
1784993402.1039665,-0.0001907377737087046,-0.010989010989014503,-0.0219780219780219,31,28,ENABLE
1784993402.1094437,-0.0001907377737087046,-0.010989010989014503,-0.0219780219780219,31,28,ENABLE
1784993402.1144958,-0.0001907377737087046,-0.010989010989014503,-0.03076923076923066,31,28,ENABLE
1784993402.1191006,0.0001907377737087046,-0.010989010989014503,-0.03076923076923066,31,28,ENABLE
1784993402.1246738,-0.0001907377737087046,-0.0329670329670364,-0.0219780219780219,31,28,ENABLE
1784993402.1296172,-0.0001907377737087046,-0.010989010989014503,-0.03076923076923066,31,28,ENABLE
1784993402.134154,-0.0001907377737087046,-0.010989010989014503,-0.01318681318681314,31,28,ENABLE
1784993402.139277,-0.0001907377737087046,-0.010989010989014503,-0.0219780219780219,31,28,ENABLE
1784993402.1439066,-0.0001907377737087046,-0.010989010989014503,-0.0219780219780219,31,28,ENABLE
1784993402.1490715,-0.0001907377737087046,-0.0329670329670364,-0.03076923076923066,31,28,ENABLE
1784993402.1542838,-0.0001907377737087046,0.010989010989014503,-0.0219780219780219,31,28,ENABLE
1784993402.1588705,-0.0001907377737087046,-0.010989010989014503,-0.0219780219780219,31,28,ENABLE
1784993402.164489,-0.0001907377737087046,-0.010989010989014503,-0.01318681318681314,31,28,ENABLE
1784993402.169584,-0.0001907377737087046,-0.0329670329670364,-0.0219780219780219,31,28,ENABLE
1784993402.1741297,-0.0001907377737087046,-0.010989010989014503,-0.0219780219780219,31,28,ENABLE
1784993402.1787498,-0.0001907377737087046,0.010989010989014503,-0.0219780219780219,31,28,ENABLE
1784993402.1838305,-0.0001907377737087046,-0.010989010989014503,-0.03076923076923066,31,28,ENABLE
1784993402.1890411,-0.0001907377737087046,-0.010989010989014503,-0.03076923076923066,31,28,ENABLE
1784993402.1945124,0.0001907377737087046,-0.010989010989014503,-0.03076923076923066,31,28,ENABLE
1784993402.1995099,0.0001907377737087046,0.010989010989014503,-0.03076923076923066,31,28,ENABLE
1784993402.2045188,-0.0001907377737087046,-0.010989010989014503,-0.03076923076923066,31,28,ENABLE
1784993402.2090447,-0.0001907377737087046,-0.010989010989014503,-0.03076923076923066,31,28,ENABLE
1784993402.2145832,-0.0001907377737087046,-0.010989010989014503,-0.0219780219780219,31,28,ENABLE
1784993402.2186227,-0.0001907377737087046,-0.010989010989014503,-0.03076923076923066,31,28,ENABLE
1784993402.2240074,-0.0001907377737087046,-0.010989010989014503,-0.0219780219780219,31,28,ENABLE
1784993402.2294183,-0.0001907377737087046,-0.0329670329670364,-0.0219780219780219,31,28,ENABLE
1784993402.2339878,-0.0001907377737087046,0.010989010989014503,-0.0219780219780219,31,28,ENABLE
1784993402.2393167,-0.0001907377737087046,0.010989010989014503,-0.0219780219780219,31,28,ENABLE
1784993402.2442324,-0.0001907377737087046,-0.010989010989014503,-0.03076923076923066,31,28,ENABLE
1784993402.2494009,-0.0001907377737087046,0.010989010989014503,-0.03076923076923066,31,28,ENABLE
1784993402.2541525,-0.0001907377737087046,0.010989010989014503,-0.03956043956043942,31,28,ENABLE
1784993402.2595787,-0.0001907377737087046,-0.0329670329670364,-0.03956043956043942,31,28,ENABLE
1784993402.2642379,-0.0001907377737087046,0.010989010989014503,-0.03076923076923066,31,28,ENABLE
1784993402.2690911,-0.0001907377737087046,-0.010989010989014503,-0.0219780219780219,31,28,ENABLE
1784993402.2740061,-0.0001907377737087046,-0.0329670329670364,-0.03076923076923066,31,28,ENABLE
1784993402.279107,0.0001907377737087046,-0.010989010989014503,-0.0219780219780219,31,28,ENABLE
1784993402.2842305,-0.0001907377737087046,0.010989010989014503,-0.0219780219780219,31,28,ENABLE
1784993402.2890577,-0.0001907377737087046,-0.010989010989014503,-0.0219780219780219,31,28,ENABLE
1784993402.2939007,-0.0001907377737087046,-0.010989010989014503,-0.03076923076923066,31,28,ENABLE
1784993402.2994764,-0.0001907377737087046,-0.0329670329670364,-0.03076923076923066,31,28,ENABLE
1784993402.304504,-0.0001907377737087046,-0.010989010989014503,-0.0219780219780219,31,28,ENABLE
1784993402.3090367,-0.0001907377737087046,-0.010989010989014503,-0.0219780219780219,31,28,ENABLE
1784993402.3140395,-0.0001907377737087046,-0.010989010989014503,-0.03076923076923066,31,28,ENABLE
1784993402.3189812,-0.0001907377737087046,0.010989010989014503,-0.03076923076923066,31,28,ENABLE
1784993402.324372,-0.0001907377737087046,-0.010989010989014503,-0.03076923076923066,31,28,ENABLE
1784993402.3294702,-0.0001907377737087046,-0.010989010989014503,-0.0219780219780219,31,28,ENABLE
1784993402.334017,-0.0001907377737087046,0.010989010989014503,-0.0219780219780219,31,28,ENABLE
1784993402.3391001,-0.0001907377737087046,-0.010989010989014503,-0.03076923076923066,31,28,ENABLE
1784993402.3445086,-0.0001907377737087046,0.010989010989014503,-0.03076923076923066,31,28,ENABLE
1784993402.3495846,-0.0001907377737087046,-0.010989010989014503,-0.03076923076923066,31,28,ENABLE
1784993402.35401,0.0001907377737087046,0.010989010989014503,-0.03076923076923066,31,28,ENABLE
1784993402.359589,0.0001907377737087046,-0.010989010989014503,-0.0219780219780219,31,28,ENABLE
1784993402.3642323,-0.0001907377737087046,-0.0329670329670364,-0.03076923076923066,31,28,ENABLE
1784993402.3692071,-0.0001907377737087046,-0.010989010989014503,-0.03076923076923066,31,28,ENABLE
1784993402.374054,-0.0001907377737087046,-0.010989010989014503,-0.03956043956043942,31,28,ENABLE
1784993402.3790326,-0.0001907377737087046,-0.0329670329670364,-0.03076923076923066,31,28,ENABLE
1784993402.384038,-0.0001907377737087046,-0.010989010989014503,-0.03076923076923066,31,28,ENABLE
1784993402.3888972,-0.0001907377737087046,-0.010989010989014503,-0.03076923076923066,31,28,ENABLE
1784993402.3945029,-0.0001907377737087046,-0.010989010989014503,-0.0219780219780219,31,28,ENABLE
1784993402.399555,-0.0001907377737087046,-0.010989010989014503,-0.0219780219780219,31,28,ENABLE
1784993402.4046159,-0.0001907377737087046,0.010989010989014503,-0.03076923076923066,31,28,ENABLE
1784993402.4091637,-0.0001907377737087046,-0.010989010989014503,-0.0219780219780219,31,28,ENABLE
1784993402.414059,-0.0001907377737087046,-0.010989010989014503,-0.0219780219780219,31,28,ENABLE
1784993402.4195235,-0.0001907377737087046,-0.010989010989014503,-0.0219780219780219,31,28,ENABLE
1784993402.4245844,-0.0001907377737087046,0.010989010989014503,-0.03076923076923066,31,28,ENABLE
1784993402.4294505,-0.0001907377737087046,-0.010989010989014503,-0.03076923076923066,31,28,ENABLE
1784993402.433887,-0.0001907377737087046,0.010989010989014503,-0.0219780219780219,31,28,ENABLE
1784993402.4387782,-0.0001907377737087046,-0.010989010989014503,-0.03076923076923066,31,28,ENABLE
1784993402.4445472,-0.0001907377737087046,-0.010989010989014503,-0.03076923076923066,31,28,ENABLE
1784993402.4496284,-0.0001907377737087046,-0.010989010989014503,-0.03076923076923066,31,28,ENABLE
1784993402.4546132,-0.0001907377737087046,-0.010989010989014503,-0.03076923076923066,31,28,ENABLE
1784993402.45955,-0.0001907377737087046,-0.0329670329670364,-0.03076923076923066,31,28,ENABLE
1784993402.4644897,0.0001907377737087046,-0.010989010989014503,-0.0219780219780219,31,28,ENABLE
1784993402.4690166,-0.0001907377737087046,-0.010989010989014503,-0.03076923076923066,31,28,ENABLE
1784993402.4744885,0.0001907377737087046,-0.010989010989014503,-0.0219780219780219,31,28,ENABLE
1784993402.479537,-0.0001907377737087046,-0.010989010989014503,-0.0219780219780219,31,28,ENABLE
1784993402.4845166,-0.0001907377737087046,-0.0329670329670364,-0.0219780219780219,31,28,ENABLE
1784993402.4894915,-0.0001907377737087046,-0.010989010989014503,-0.0219780219780219,31,28,ENABLE
1784993402.494046,-0.0001907377737087046,-0.010989010989014503,-0.0219780219780219,31,28,ENABLE
1784993402.4991515,-0.0001907377737087046,-0.0329670329670364,-0.0219780219780219,31,28,ENABLE
1784993402.5042658,-0.0001907377737087046,-0.010989010989014503,-0.03076923076923066,31,28,ENABLE
1784993402.5092714,0.0001907377737087046,0.010989010989014503,-0.0219780219780219,31,28,ENABLE
1784993402.514096,-0.0001907377737087046,-0.010989010989014503,-0.0219780219780219,31,28,ENABLE
1784993402.5195415,-0.0001907377737087046,-0.010989010989014503,-0.01318681318681314,31,28,ENABLE
1784993402.5242314,-0.0001907377737087046,0.010989010989014503,-0.0219780219780219,31,28,ENABLE
1784993402.5288439,-0.0001907377737087046,-0.010989010989014503,-0.03076923076923066,31,28,ENABLE
1784993402.5339375,-0.0001907377737087046,0.010989010989014503,-0.0219780219780219,31,28,ENABLE
1784993402.5392735,-0.0001907377737087046,0.010989010989014503,-0.0219780219780219,31,28,ENABLE
1784993402.5440443,-0.0001907377737087046,-0.0329670329670364,-0.03076923076923066,31,28,ENABLE
1784993402.5494869,-0.0001907377737087046,-0.010989010989014503,-0.0219780219780219,31,28,ENABLE
1784993402.5545495,-0.0001907377737087046,0.010989010989014503,-0.03076923076923066,31,28,ENABLE
1784993402.5595036,-0.0001907377737087046,-0.010989010989014503,-0.0219780219780219,31,28,ENABLE
1784993402.5639026,-0.0001907377737087046,-0.0329670329670364,-0.0219780219780219,31,28,ENABLE
1784993402.5692668,-0.0001907377737087046,-0.010989010989014503,-0.0219780219780219,31,28,ENABLE
1784993402.5742316,-0.0001907377737087046,-0.0329670329670364,-0.0219780219780219,31,28,ENABLE
1784993402.5792582,-0.0001907377737087046,-0.010989010989014503,-0.03076923076923066,31,28,ENABLE
1784993402.5840633,0.0001907377737087046,-0.010989010989014503,-0.03076923076923066,31,28,ENABLE
1784993402.5889091,0.0001907377737087046,0.010989010989014503,-0.03076923076923066,31,28,ENABLE
1784993402.594004,0.0001907377737087046,-0.010989010989014503,-0.03076923076923066,31,28,ENABLE
1784993402.5990827,-0.0001907377737087046,-0.010989010989014503,-0.03076923076923066,31,28,ENABLE
1784993402.6045125,0.0001907377737087046,0.010989010989014503,-0.0219780219780219,31,28,ENABLE
1784993402.609044,-0.0001907377737087046,-0.010989010989014503,-0.0219780219780219,31,28,ENABLE
1784993402.6140254,-0.0001907377737087046,0.010989010989014503,-0.0219780219780219,31,28,ENABLE
1784993402.6184645,-0.0001907377737087046,-0.010989010989014503,-0.0219780219780219,31,28,ENABLE
1784993402.6241345,-0.0001907377737087046,-0.010989010989014503,-0.0219780219780219,31,28,ENABLE
1784993402.6295488,-0.0001907377737087046,-0.010989010989014503,-0.03076923076923066,31,28,ENABLE
1784993402.634613,0.0001907377737087046,0.010989010989014503,-0.0219780219780219,31,28,ENABLE
1784993402.6391351,-0.0001907377737087046,0.010989010989014503,-0.03076923076923066,31,28,ENABLE
1784993402.6438975,-0.0001907377737087046,-0.010989010989014503,-0.03076923076923066,31,28,ENABLE
1784993402.6495106,-0.0001907377737087046,0.010989010989014503,-0.0219780219780219,31,28,ENABLE
1784993402.6545374,-0.0001907377737087046,-0.0329670329670364,-0.0219780219780219,31,28,ENABLE
1784993402.6595638,0.0001907377737087046,0.010989010989014503,-0.0219780219780219,31,28,ENABLE
1784993402.6643283,-0.0001907377737087046,-0.010989010989014503,-0.01318681318681314,31,28,ENABLE
1784993402.6693387,-0.0001907377737087046,-0.010989010989014503,-0.0219780219780219,31,28,ENABLE
1784993402.674326,-0.0001907377737087046,-0.0329670329670364,-0.0219780219780219,31,28,ENABLE
1784993402.678903,-0.0001907377737087046,-0.010989010989014503,-0.0219780219780219,31,28,ENABLE
1784993402.6843,-0.0001907377737087046,-0.010989010989014503,-0.0219780219780219,31,28,ENABLE
1784993402.6893592,-0.0001907377737087046,-0.0329670329670364,-0.03076923076923066,31,28,ENABLE
1784993402.6939704,-0.0001907377737087046,-0.010989010989014503,-0.03076923076923066,31,28,ENABLE
1784993402.6989565,-0.0001907377737087046,-0.010989010989014503,-0.0219780219780219,31,28,ENABLE
1784993402.7045972,-0.0001907377737087046,-0.010989010989014503,-0.03076923076923066,31,28,ENABLE
1784993402.709516,0.0001907377737087046,0.010989010989014503,-0.03076923076923066,31,28,ENABLE
1784993402.714513,0.0001907377737087046,-0.010989010989014503,-0.03076923076923066,31,28,ENABLE
1784993402.7190304,0.0001907377737087046,-0.010989010989014503,-0.03076923076923066,31,28,ENABLE
1784993402.7241483,-0.0001907377737087046,-0.010989010989014503,-0.03076923076923066,31,28,ENABLE
1784993402.7294798,-0.0001907377737087046,-0.010989010989014503,-0.03076923076923066,31,28,ENABLE
1784993402.7345128,-0.0001907377737087046,-0.0329670329670364,-0.03076923076923066,31,28,ENABLE
1784993402.739026,-0.0001907377737087046,-0.0329670329670364,-0.0219780219780219,31,28,ENABLE
1784993402.7442813,-0.0001907377737087046,-0.010989010989014503,-0.0219780219780219,31,28,ENABLE
1784993402.7490668,-0.0001907377737087046,-0.010989010989014503,-0.0219780219780219,31,28,ENABLE
1784993402.7545419,-0.0001907377737087046,-0.010989010989014503,-0.0219780219780219,31,28,ENABLE
1784993402.7595074,-0.0001907377737087046,-0.010989010989014503,-0.0219780219780219,31,28,ENABLE
1784993402.7640882,-0.0001907377737087046,-0.010989010989014503,-0.03076923076923066,31,28,ENABLE
1784993402.7694776,-0.0001907377737087046,0.010989010989014503,-0.03956043956043942,31,28,ENABLE
1784993402.7743046,0.0001907377737087046,0.010989010989014503,-0.03076923076923066,31,28,ENABLE
1784993402.779231,-0.0001907377737087046,-0.0329670329670364,-0.03956043956043942,31,28,ENABLE
1784993402.7838902,-0.0001907377737087046,-0.010989010989014503,-0.03076923076923066,31,28,ENABLE
1784993402.7885292,0.0001907377737087046,0.010989010989014503,-0.0219780219780219,31,28,ENABLE
1784993402.7945127,-0.0001907377737087046,-0.010989010989014503,-0.0219780219780219,31,28,ENABLE
1784993402.7995057,-0.0001907377737087046,-0.0329670329670364,-0.03076923076923066,31,28,ENABLE
1784993402.804614,-0.0001907377737087046,-0.010989010989014503,-0.03076923076923066,31,28,ENABLE
1784993402.8091323,0.0001907377737087046,0.010989010989014503,-0.03076923076923066,31,28,ENABLE
1784993402.814089,-0.0001907377737087046,-0.010989010989014503,-0.03076923076923066,31,28,ENABLE
1784993402.8190715,-0.0001907377737087046,-0.010989010989014503,-0.0219780219780219,31,28,ENABLE
1784993402.8242893,-0.0001907377737087046,-0.010989010989014503,-0.0219780219780219,31,28,ENABLE
1784993402.829258,-0.0001907377737087046,-0.010989010989014503,-0.01318681318681314,31,28,ENABLE
1784993402.8341017,-0.0001907377737087046,-0.010989010989014503,-0.01318681318681314,31,28,ENABLE
1784993402.8395529,0.0001907377737087046,-0.010989010989014503,-0.03076923076923066,31,28,ENABLE
1784993402.8440409,-0.0001907377737087046,-0.010989010989014503,-0.03076923076923066,31,28,ENABLE
1784993402.8490345,-0.0001907377737087046,-0.0329670329670364,-0.03076923076923066,31,28,ENABLE
1784993402.8539047,-0.0001907377737087046,-0.010989010989014503,-0.03076923076923066,31,28,ENABLE
1784993402.859312,-0.0001907377737087046,-0.010989010989014503,-0.03076923076923066,31,28,ENABLE
1784993402.86451,0.0001907377737087046,0.010989010989014503,-0.0219780219780219,31,28,ENABLE
1784993402.8695269,-0.0001907377737087046,-0.0329670329670364,-0.03076923076923066,31,28,ENABLE
1784993402.8745108,0.0001907377737087046,-0.010989010989014503,-0.03076923076923066,31,28,ENABLE
1784993402.8790512,0.0001907377737087046,-0.010989010989014503,-0.03076923076923066,31,28,ENABLE
1784993402.8840733,0.0001907377737087046,-0.010989010989014503,-0.03076923076923066,31,28,ENABLE
1784993402.8895981,-0.0001907377737087046,-0.0329670329670364,-0.0219780219780219,31,28,ENABLE
1784993402.8939426,-0.0001907377737087046,-0.0329670329670364,-0.0219780219780219,31,28,ENABLE
1784993402.8989024,-0.0001907377737087046,-0.010989010989014503,-0.0219780219780219,31,28,ENABLE
1784993402.9042313,-0.0001907377737087046,-0.010989010989014503,-0.0219780219780219,31,28,ENABLE
1784993402.909243,-0.0001907377737087046,-0.010989010989014503,-0.0219780219780219,31,28,ENABLE
1784993402.9144058,-0.0001907377737087046,-0.010989010989014503,-0.0219780219780219,31,28,ENABLE
1784993402.9191957,-0.0001907377737087046,-0.010989010989014503,-0.0219780219780219,31,28,ENABLE
1784993402.9241488,-0.0001907377737087046,-0.010989010989014503,-0.03076923076923066,31,28,ENABLE
1784993402.9295077,-0.0001907377737087046,-0.0329670329670364,-0.0219780219780219,31,28,ENABLE
1784993402.9341671,-0.0001907377737087046,-0.0329670329670364,-0.0219780219780219,31,28,ENABLE
1784993402.9391778,-0.0001907377737087046,-0.010989010989014503,-0.0219780219780219,31,28,ENABLE
1784993402.9439921,-0.0001907377737087046,0.010989010989014503,-0.0219780219780219,31,28,ENABLE
1784993402.9487553,-0.0001907377737087046,-0.010989010989014503,-0.03076923076923066,31,28,ENABLE
1784993402.9541469,-0.0001907377737087046,-0.010989010989014503,-0.03076923076923066,31,28,ENABLE
1784993402.958882,-0.0001907377737087046,-0.010989010989014503,-0.03076923076923066,31,28,ENABLE
1784993402.9639857,-0.0001907377737087046,-0.010989010989014503,-0.03076923076923066,31,28,ENABLE
1784993402.9694622,-0.0001907377737087046,-0.010989010989014503,-0.0219780219780219,31,28,ENABLE
1784993402.9745126,-0.0001907377737087046,-0.010989010989014503,-0.0219780219780219,31,28,ENABLE
1784993402.9793115,-0.0001907377737087046,-0.010989010989014503,-0.0219780219780219,31,28,ENABLE
1784993402.9840484,-0.0001907377737087046,-0.0329670329670364,-0.03076923076923066,31,28,ENABLE
1784993402.989043,-0.0001907377737087046,-0.010989010989014503,-0.0219780219780219,31,28,ENABLE
1784993402.994531,-0.0001907377737087046,0.010989010989014503,-0.0219780219780219,31,28,ENABLE
1784993402.9995346,-0.0001907377737087046,-0.0329670329670364,-0.0219780219780219,31,28,ENABLE
1784993403.004017,-0.0001907377737087046,-0.010989010989014503,-0.03076923076923066,31,28,ENABLE
1784993403.0094585,-0.0001907377737087046,0.010989010989014503,-0.03076923076923066,31,28,ENABLE
1784993403.0140874,-0.0001907377737087046,-0.010989010989014503,-0.03076923076923066,31,28,ENABLE
1784993403.0195386,-0.0001907377737087046,0.010989010989014503,-0.0219780219780219,31,28,ENABLE
1784993403.0245328,-0.0001907377737087046,-0.010989010989014503,-0.03076923076923066,31,28,ENABLE
1784993403.0295386,-0.0001907377737087046,0.010989010989014503,-0.0219780219780219,31,28,ENABLE
1784993403.0340846,-0.0001907377737087046,-0.0329670329670364,-0.0219780219780219,31,28,ENABLE
1784993403.0388772,-0.0001907377737087046,-0.010989010989014503,-0.0219780219780219,31,28,ENABLE
1784993403.0444157,-0.0001907377737087046,-0.010989010989014503,-0.03076923076923066,31,28,ENABLE
1784993403.0490205,0.0001907377737087046,-0.010989010989014503,-0.03076923076923066,31,28,ENABLE
1784993403.054058,-0.0001907377737087046,-0.010989010989014503,-0.0219780219780219,31,28,ENABLE
1784993403.0592275,-0.0001907377737087046,-0.0329670329670364,-0.0219780219780219,31,28,ENABLE
1784993403.0643976,-0.0001907377737087046,-0.010989010989014503,-0.0219780219780219,31,28,ENABLE
1784993403.0694942,-0.0001907377737087046,-0.0329670329670364,-0.0219780219780219,31,28,ENABLE
1784993403.0740154,-0.0001907377737087046,-0.010989010989014503,-0.0219780219780219,31,28,ENABLE
1784993403.0794885,-0.0001907377737087046,-0.010989010989014503,-0.0219780219780219,31,28,ENABLE
1784993403.0845315,-0.0001907377737087046,-0.0329670329670364,-0.03076923076923066,31,28,ENABLE
1784993403.089443,-0.0001907377737087046,-0.0329670329670364,-0.0219780219780219,31,28,ENABLE
1784993403.0945313,-0.0001907377737087046,-0.010989010989014503,-0.03076923076923066,31,28,ENABLE
1784993403.0990887,-0.0001907377737087046,-0.0329670329670364,-0.03076923076923066,31,28,ENABLE
1784993403.104021,-0.0001907377737087046,-0.010989010989014503,-0.03076923076923066,31,28,ENABLE
1784993403.109465,-0.0001907377737087046,-0.010989010989014503,-0.03076923076923066,31,28,ENABLE
1784993403.1139853,0.0001907377737087046,0.010989010989014503,-0.03076923076923066,31,28,ENABLE
1784993403.1195624,-0.0001907377737087046,-0.010989010989014503,-0.03076923076923066,31,28,ENABLE
1784993403.1246123,-0.0001907377737087046,-0.010989010989014503,-0.03076923076923066,31,28,ENABLE
1784993403.128916,-0.0001907377737087046,-0.010989010989014503,-0.03076923076923066,31,28,ENABLE
1784993403.1342392,-0.0001907377737087046,-0.0329670329670364,-0.0219780219780219,31,28,ENABLE
1784993403.139246,-0.0001907377737087046,-0.010989010989014503,-0.0219780219780219,31,28,ENABLE
1784993403.1443748,-0.0001907377737087046,-0.010989010989014503,-0.0219780219780219,31,28,ENABLE
1784993403.1491518,-0.0001907377737087046,-0.0329670329670364,-0.0219780219780219,31,28,ENABLE
1784993403.1546528,-0.0005722133211261138,-0.0329670329670364,-0.01318681318681314,31,28,ENABLE
1784993403.159045,-0.0001907377737087046,-0.010989010989014503,-0.01318681318681314,31,28,ENABLE
1784993403.1644797,-0.0001907377737087046,0.010989010989014503,-0.0219780219780219,31,28,ENABLE
1784993403.169016,-0.0001907377737087046,0.010989010989014503,-0.03076923076923066,31,28,ENABLE
1784993403.1737769,-0.0001907377737087046,-0.010989010989014503,-0.03076923076923066,31,28,ENABLE
1784993403.1789422,-0.0001907377737087046,-0.010989010989014503,-0.03076923076923066,31,28,ENABLE
1784993403.1842906,-0.0001907377737087046,-0.010989010989014503,-0.03076923076923066,31,28,ENABLE
1784993403.1895273,-0.0001907377737087046,-0.0329670329670364,-0.03076923076923066,31,28,ENABLE
1784993403.1945906,-0.0001907377737087046,-0.010989010989014503,-0.0219780219780219,31,28,ENABLE
1784993403.1992657,-0.0001907377737087046,-0.0329670329670364,-0.03076923076923066,31,28,ENABLE
1784993403.2042391,-0.0001907377737087046,0.010989010989014503,-0.0219780219780219,31,28,ENABLE
1784993403.2088974,-0.0001907377737087046,-0.0329670329670364,-0.0219780219780219,31,28,ENABLE
1784993403.2139635,-0.0001907377737087046,0.010989010989014503,-0.01318681318681314,31,28,ENABLE
1784993403.2195446,-0.0001907377737087046,-0.010989010989014503,-0.0219780219780219,31,28,ENABLE
1784993403.2240193,-0.0001907377737087046,-0.0329670329670364,-0.0219780219780219,31,28,ENABLE
1784993403.229239,-0.0001907377737087046,-0.010989010989014503,-0.0219780219780219,31,28,ENABLE
1784993403.2342846,-0.0001907377737087046,-0.010989010989014503,-0.0219780219780219,31,28,ENABLE
1784993403.2391868,-0.0001907377737087046,-0.010989010989014503,-0.03076923076923066,31,28,ENABLE
1784993403.244211,-0.0001907377737087046,-0.0329670329670364,-0.03076923076923066,31,28,ENABLE
1784993403.2488263,-0.0001907377737087046,-0.010989010989014503,-0.0219780219780219,31,28,ENABLE
1784993403.2540593,-0.0001907377737087046,-0.010989010989014503,-0.03076923076923066,31,28,ENABLE
1784993403.2597406,-0.0001907377737087046,-0.010989010989014503,-0.0219780219780219,31,28,ENABLE
1784993403.2647047,-0.0001907377737087046,-0.010989010989014503,-0.01318681318681314,31,28,ENABLE
1784993403.269456,-0.0001907377737087046,-0.010989010989014503,-0.01318681318681314,31,28,ENABLE
1784993403.274541,-0.0001907377737087046,0.010989010989014503,-0.0219780219780219,31,28,ENABLE
1784993403.2794948,-0.0001907377737087046,0.010989010989014503,-0.03076923076923066,31,28,ENABLE
1784993403.284043,0.0001907377737087046,0.010989010989014503,-0.0219780219780219,31,28,ENABLE
1784993403.2890577,-0.0001907377737087046,0.010989010989014503,-0.0219780219780219,31,28,ENABLE
1784993403.294057,-0.0001907377737087046,-0.010989010989014503,-0.0219780219780219,31,28,ENABLE
1784993403.2991965,-0.0001907377737087046,0.010989010989014503,-0.03076923076923066,31,28,ENABLE
1784993403.3042634,-0.0001907377737087046,-0.0329670329670364,-0.03076923076923066,31,28,ENABLE
1784993403.3092194,-0.0001907377737087046,-0.010989010989014503,-0.0219780219780219,31,28,ENABLE
1784993403.3141298,-0.0001907377737087046,-0.010989010989014503,-0.01318681318681314,31,28,ENABLE
1784993403.3190181,-0.0001907377737087046,-0.010989010989014503,-0.01318681318681314,31,28,ENABLE
1784993403.3244576,-0.0001907377737087046,-0.010989010989014503,-0.01318681318681314,31,28,ENABLE
1784993403.3295054,-0.0001907377737087046,0.010989010989014503,-0.0219780219780219,31,28,ENABLE
1784993403.334535,-0.0001907377737087046,-0.0549450549450583,-0.0219780219780219,31,28,ENABLE
1784993403.338977,-0.0001907377737087046,-0.010989010989014503,-0.0219780219780219,31,28,ENABLE
1784993403.3440797,-0.0001907377737087046,0.010989010989014503,-0.01318681318681314,31,28,ENABLE
1784993403.349261,-0.0001907377737087046,-0.0329670329670364,-0.0219780219780219,31,28,ENABLE
1784993403.354259,-0.0001907377737087046,-0.010989010989014503,-0.0219780219780219,31,28,ENABLE
1784993403.3590193,-0.0001907377737087046,0.010989010989014503,-0.0219780219780219,31,28,ENABLE
1784993403.364473,-0.0001907377737087046,-0.010989010989014503,-0.03076923076923066,31,28,ENABLE
1784993403.3692384,-0.0001907377737087046,-0.010989010989014503,-0.03076923076923066,31,28,ENABLE
1784993403.3742332,-0.0001907377737087046,-0.010989010989014503,-0.0219780219780219,31,28,ENABLE
1784993403.3790503,-0.0001907377737087046,-0.010989010989014503,-0.0219780219780219,31,28,ENABLE
1784993403.3845413,-0.0001907377737087046,0.010989010989014503,-0.03076923076923066,31,28,ENABLE
1784993403.388953,-0.0001907377737087046,-0.010989010989014503,-0.0219780219780219,31,28,ENABLE
1784993403.3939168,-0.0001907377737087046,-0.010989010989014503,-0.0219780219780219,31,28,ENABLE
1784993403.3992395,-0.0001907377737087046,-0.010989010989014503,-0.0219780219780219,31,28,ENABLE
1784993403.4042602,-0.0001907377737087046,-0.010989010989014503,-0.0219780219780219,31,28,ENABLE
1784993403.4090943,-0.0001907377737087046,0.010989010989014503,-0.0219780219780219,31,28,ENABLE
1784993403.4140832,-0.0001907377737087046,-0.010989010989014503,-0.0219780219780219,31,28,ENABLE
1784993403.4189875,-0.0001907377737087046,0.010989010989014503,-0.0219780219780219,31,28,ENABLE
1784993403.4246967,-0.0001907377737087046,-0.010989010989014503,-0.0219780219780219,31,28,ENABLE
1784993403.4295201,-0.0001907377737087046,-0.010989010989014503,-0.01318681318681314,31,28,ENABLE
1784993403.434555,-0.0001907377737087046,-0.010989010989014503,-0.03076923076923066,31,28,ENABLE
1784993403.4395554,-0.0001907377737087046,-0.0329670329670364,-0.0219780219780219,31,28,ENABLE
1784993403.4441078,-0.0001907377737087046,-0.010989010989014503,-0.03076923076923066,31,28,ENABLE
1784993403.4489934,-0.0001907377737087046,-0.010989010989014503,-0.03076923076923066,31,28,ENABLE
1784993403.4539497,-0.0001907377737087046,-0.010989010989014503,-0.03076923076923066,31,28,ENABLE
1784993403.459263,-0.0001907377737087046,-0.010989010989014503,-0.0219780219780219,31,28,ENABLE
1784993403.4639897,-0.0001907377737087046,-0.010989010989014503,-0.03076923076923066,31,28,ENABLE
1784993403.4690592,-0.0001907377737087046,-0.010989010989014503,-0.0219780219780219,31,28,ENABLE
1784993403.4740896,-0.0001907377737087046,-0.010989010989014503,-0.0219780219780219,31,28,ENABLE
1784993403.4795396,-0.0001907377737087046,-0.010989010989014503,-0.03076923076923066,31,28,ENABLE
1784993403.4845257,-0.0001907377737087046,-0.010989010989014503,-0.03076923076923066,31,28,ENABLE
1784993403.4888995,-0.0001907377737087046,-0.010989010989014503,-0.0219780219780219,31,28,ENABLE
1784993403.4937594,-0.0001907377737087046,-0.010989010989014503,-0.03076923076923066,31,28,ENABLE
1784993403.4990532,-0.0001907377737087046,-0.010989010989014503,-0.01318681318681314,31,28,ENABLE
1784993403.5044947,-0.0001907377737087046,0.010989010989014503,-0.03076923076923066,31,28,ENABLE
1784993403.509665,-0.0001907377737087046,-0.0329670329670364,-0.0219780219780219,31,28,ENABLE
1784993403.514619,-0.0001907377737087046,-0.010989010989014503,-0.0219780219780219,31,28,ENABLE
1784993403.5190482,-0.0001907377737087046,-0.010989010989014503,-0.0219780219780219,31,28,ENABLE
1784993403.5240698,-0.0001907377737087046,-0.010989010989014503,-0.0219780219780219,31,28,ENABLE
1784993403.5292985,-0.0001907377737087046,0.010989010989014503,-0.01318681318681314,31,28,ENABLE
1784993403.5339692,-0.0001907377737087046,-0.0329670329670364,-0.0219780219780219,31,28,ENABLE
1784993403.5392337,-0.0001907377737087046,-0.010989010989014503,-0.03076923076923066,31,28,ENABLE
1784993403.5440378,-0.0001907377737087046,-0.010989010989014503,-0.0219780219780219,31,28,ENABLE
1784993403.5488875,-0.0001907377737087046,0.010989010989014503,-0.03076923076923066,31,28,ENABLE
1784993403.5542338,-0.0001907377737087046,0.010989010989014503,-0.03076923076923066,31,28,ENABLE
1784993403.5595453,-0.0001907377737087046,-0.010989010989014503,-0.03076923076923066,31,28,ENABLE
1784993403.5646486,-0.0001907377737087046,-0.010989010989014503,-0.03076923076923066,31,28,ENABLE
1784993403.56911,-0.0001907377737087046,-0.010989010989014503,-0.03076923076923066,31,28,ENABLE
1784993403.574594,-0.0001907377737087046,-0.0329670329670364,-0.03076923076923066,31,28,ENABLE
1784993403.5792918,-0.0001907377737087046,-0.010989010989014503,-0.03076923076923066,31,28,ENABLE
1784993403.5842612,-0.0001907377737087046,-0.010989010989014503,-0.0219780219780219,31,28,ENABLE
1784993403.5892432,-0.0001907377737087046,-0.0329670329670364,-0.03076923076923066,31,28,ENABLE
1784993403.594526,-0.0001907377737087046,-0.010989010989014503,-0.03076923076923066,31,28,ENABLE
1784993403.599055,-0.0001907377737087046,0.010989010989014503,-0.0219780219780219,31,28,ENABLE
1784993403.6040173,-0.0001907377737087046,-0.0329670329670364,-0.0219780219780219,31,28,ENABLE
1784993403.6089766,-0.0001907377737087046,0.010989010989014503,-0.0219780219780219,31,28,ENABLE
1784993403.6137075,-0.0001907377737087046,-0.010989010989014503,-0.03076923076923066,31,28,ENABLE
1784993403.6189249,-0.0001907377737087046,-0.010989010989014503,-0.03076923076923066,31,28,ENABLE
1784993403.6242743,-0.0001907377737087046,-0.010989010989014503,-0.0219780219780219,31,28,ENABLE
1784993403.629615,-0.0001907377737087046,-0.0329670329670364,-0.0219780219780219,31,28,ENABLE
1784993403.6341908,-0.0001907377737087046,-0.010989010989014503,-0.03076923076923066,31,28,ENABLE
1784993403.639117,-0.0001907377737087046,-0.010989010989014503,-0.0219780219780219,31,28,ENABLE
1784993403.6440418,-0.0001907377737087046,-0.010989010989014503,-0.0219780219780219,31,28,ENABLE
1784993403.649003,-0.0001907377737087046,-0.010989010989014503,-0.0219780219780219,31,28,ENABLE
1784993403.6542604,-0.0001907377737087046,-0.010989010989014503,-0.01318681318681314,31,28,ENABLE
1784993403.6589081,-0.0001907377737087046,-0.010989010989014503,-0.0219780219780219,31,28,ENABLE
1784993403.6643002,-0.0001907377737087046,-0.010989010989014503,-0.03076923076923066,31,28,ENABLE
1784993403.6692638,-0.0001907377737087046,-0.010989010989014503,-0.0219780219780219,31,28,ENABLE
1784993403.6746824,-0.0001907377737087046,-0.010989010989014503,-0.03076923076923066,31,28,ENABLE
1784993403.6791015,-0.0001907377737087046,-0.010989010989014503,-0.03076923076923066,31,28,ENABLE
1784993403.6845007,-0.0001907377737087046,-0.0329670329670364,-0.03076923076923066,31,28,ENABLE
1784993403.6890507,-0.0001907377737087046,0.010989010989014503,-0.03076923076923066,31,28,ENABLE
1784993403.6945634,-0.0001907377737087046,-0.010989010989014503,-0.0219780219780219,31,28,ENABLE
1784993403.699151,-0.0001907377737087046,-0.010989010989014503,-0.03076923076923066,31,28,ENABLE
1784993403.7039974,-0.0001907377737087046,-0.010989010989014503,-0.03076923076923066,31,28,ENABLE
1784993403.7087464,-0.0001907377737087046,-0.010989010989014503,-0.0219780219780219,31,28,ENABLE
1784993403.7138705,-0.0001907377737087046,0.010989010989014503,-0.03076923076923066,31,28,ENABLE
1784993403.7190726,-0.0001907377737087046,-0.010989010989014503,-0.03076923076923066,31,28,ENABLE
1784993403.7244925,-0.0001907377737087046,-0.010989010989014503,-0.03076923076923066,31,28,ENABLE
1784993403.7294881,-0.0001907377737087046,-0.010989010989014503,-0.0219780219780219,31,28,ENABLE
1784993403.734119,-0.0001907377737087046,-0.010989010989014503,-0.0219780219780219,31,28,ENABLE
1784993403.7390141,-0.0001907377737087046,-0.010989010989014503,-0.0219780219780219,31,28,ENABLE
1784993403.7445092,-0.0001907377737087046,0.010989010989014503,-0.0219780219780219,31,28,ENABLE
1784993403.748949,-0.0001907377737087046,-0.010989010989014503,-0.03076923076923066,31,28,ENABLE
1784993403.7542806,-0.0001907377737087046,-0.010989010989014503,-0.0219780219780219,31,28,ENABLE
1784993403.759452,-0.0001907377737087046,-0.0329670329670364,-0.0219780219780219,31,28,ENABLE
1784993403.7640157,-0.0001907377737087046,-0.010989010989014503,-0.0219780219780219,31,28,ENABLE
1784993403.7696483,-0.0001907377737087046,-0.010989010989014503,-0.03076923076923066,31,28,ENABLE
1784993403.7744718,-0.0001907377737087046,-0.010989010989014503,-0.0219780219780219,31,28,ENABLE
1784993403.779502,-0.0001907377737087046,-0.010989010989014503,-0.03076923076923066,31,28,ENABLE
1784993403.7840207,-0.0001907377737087046,0.010989010989014503,-0.03956043956043942,31,28,ENABLE
1784993403.789536,-0.0001907377737087046,-0.010989010989014503,-0.0219780219780219,31,28,ENABLE
1784993403.7940807,-0.0001907377737087046,-0.0329670329670364,-0.0219780219780219,31,28,ENABLE
1784993403.7995448,-0.0001907377737087046,-0.010989010989014503,-0.0219780219780219,31,28,ENABLE
1784993403.8045297,-0.0001907377737087046,-0.010989010989014503,-0.01318681318681314,31,28,ENABLE
1784993403.8089504,-0.0001907377737087046,-0.010989010989014503,-0.0219780219780219,31,28,ENABLE
1784993403.8142548,-0.0001907377737087046,-0.010989010989014503,-0.0219780219780219,31,28,ENABLE
1784993403.8193283,-0.0001907377737087046,-0.010989010989014503,-0.0219780219780219,31,28,ENABLE
1784993403.824509,-0.0001907377737087046,-0.010989010989014503,-0.0219780219780219,31,28,ENABLE
1784993403.8289855,-0.0001907377737087046,-0.010989010989014503,-0.0219780219780219,31,28,ENABLE
1784993403.8345187,-0.0001907377737087046,0.010989010989014503,-0.0219780219780219,31,28,ENABLE
1784993403.839017,-0.0001907377737087046,-0.010989010989014503,-0.03076923076923066,31,28,ENABLE
1784993403.8436885,-0.0001907377737087046,0.010989010989014503,-0.0219780219780219,31,28,ENABLE
1784993403.8490956,-0.0001907377737087046,-0.010989010989014503,-0.0219780219780219,31,28,ENABLE
1784993403.854484,-0.0001907377737087046,-0.0329670329670364,-0.0219780219780219,31,28,ENABLE
1784993403.8590434,-0.0001907377737087046,-0.010989010989014503,-0.0219780219780219,31,28,ENABLE
1784993403.8645024,-0.0001907377737087046,-0.010989010989014503,-0.0219780219780219,31,28,ENABLE
1784993403.8690293,-0.0001907377737087046,0.010989010989014503,-0.0219780219780219,31,28,ENABLE
1784993403.873782,-0.0001907377737087046,-0.010989010989014503,-0.0219780219780219,31,28,ENABLE
1784993403.8791256,-0.0001907377737087046,-0.010989010989014503,-0.0219780219780219,31,28,ENABLE
1784993403.8840892,-0.0001907377737087046,-0.010989010989014503,-0.0219780219780219,31,28,ENABLE
1784993403.889548,-0.0001907377737087046,-0.010989010989014503,-0.0219780219780219,31,28,ENABLE
1784993403.8942366,-0.0001907377737087046,-0.010989010989014503,-0.0219780219780219,31,28,ENABLE
1784993403.89962,-0.0001907377737087046,-0.010989010989014503,-0.03076923076923066,31,28,ENABLE
1784993403.9039526,-0.0001907377737087046,-0.010989010989014503,-0.03076923076923066,31,28,ENABLE
1784993403.909292,-0.0001907377737087046,-0.010989010989014503,-0.03076923076923066,31,28,ENABLE
1784993403.9140468,-0.0001907377737087046,-0.010989010989014503,-0.03076923076923066,31,28,ENABLE
1784993403.9194713,-0.0001907377737087046,-0.010989010989014503,-0.0219780219780219,31,28,ENABLE
1784993403.9237654,-0.0001907377737087046,-0.010989010989014503,-0.0219780219780219,31,28,ENABLE
1784993403.9284935,-0.0001907377737087046,-0.010989010989014503,-0.0219780219780219,31,28,ENABLE
1784993403.934243,-0.0001907377737087046,0.010989010989014503,-0.0219780219780219,31,28,ENABLE
1784993403.9389224,-0.0001907377737087046,-0.010989010989014503,-0.03076923076923066,31,28,ENABLE
1784993403.9446187,-0.0001907377737087046,-0.010989010989014503,-0.0219780219780219,31,28,ENABLE
1784993403.9491787,-0.0001907377737087046,-0.010989010989014503,-0.0219780219780219,31,28,ENABLE
1784993403.9544883,-0.0001907377737087046,-0.0329670329670364,-0.0219780219780219,31,28,ENABLE
1784993403.9595041,-0.0001907377737087046,-0.010989010989014503,-0.03076923076923066,31,28,ENABLE
1784993403.9644935,-0.0001907377737087046,0.010989010989014503,-0.03076923076923066,31,28,ENABLE
1784993403.9696903,-0.0001907377737087046,-0.010989010989014503,-0.0219780219780219,31,28,ENABLE
1784993403.974122,-0.0001907377737087046,0.010989010989014503,-0.03076923076923066,31,28,ENABLE
1784993403.9795146,-0.0001907377737087046,-0.010989010989014503,-0.0219780219780219,31,28,ENABLE
1784993403.9845273,-0.0001907377737087046,-0.010989010989014503,-0.0219780219780219,31,28,ENABLE
1784993403.9890304,-0.0001907377737087046,-0.010989010989014503,-0.03076923076923066,31,28,ENABLE
1784993403.9940414,-0.0001907377737087046,-0.010989010989014503,-0.0219780219780219,31,28,ENABLE
1784993403.999151,-0.0001907377737087046,-0.010989010989014503,-0.0219780219780219,31,28,ENABLE
1784993404.00455,-0.0001907377737087046,-0.0329670329670364,-0.03076923076923066,31,28,ENABLE
1784993404.009058,-0.0001907377737087046,-0.010989010989014503,-0.0219780219780219,31,28,ENABLE
1784993404.0145183,-0.0001907377737087046,-0.010989010989014503,-0.03076923076923066,31,28,ENABLE
1784993404.019018,-0.0001907377737087046,-0.010989010989014503,-0.0219780219780219,31,28,ENABLE
1784993404.0244079,-0.0001907377737087046,-0.010989010989014503,-0.03076923076923066,31,28,ENABLE
1784993404.0291176,-0.0001907377737087046,-0.010989010989014503,-0.0219780219780219,31,28,ENABLE
1784993404.0340254,-0.0001907377737087046,-0.010989010989014503,-0.03076923076923066,31,28,ENABLE
1784993404.0387537,-0.0001907377737087046,-0.010989010989014503,-0.03076923076923066,31,28,ENABLE
1784993404.0445027,-0.0001907377737087046,0.010989010989014503,-0.03076923076923066,31,28,ENABLE
1784993404.049051,-0.0001907377737087046,0.010989010989014503,-0.03076923076923066,31,28,ENABLE
1784993404.0544682,-0.0001907377737087046,-0.010989010989014503,-0.03076923076923066,31,28,ENABLE
1784993404.0591743,-0.0001907377737087046,-0.010989010989014503,-0.01318681318681314,31,28,ENABLE
1784993404.064236,-0.0001907377737087046,-0.010989010989014503,-0.0219780219780219,31,28,ENABLE
1784993404.0693064,0.0001907377737087046,-0.010989010989014503,-0.03076923076923066,31,28,ENABLE
1784993404.0740848,-0.0001907377737087046,-0.010989010989014503,-0.0219780219780219,31,28,ENABLE
1784993404.079083,-0.0001907377737087046,-0.010989010989014503,-0.01318681318681314,31,28,ENABLE
1784993404.0843003,-0.0001907377737087046,0.010989010989014503,-0.03076923076923066,31,28,ENABLE
1784993404.0892403,-0.0001907377737087046,-0.010989010989014503,-0.0219780219780219,31,28,ENABLE
1784993404.0939639,-0.0001907377737087046,-0.010989010989014503,-0.0219780219780219,31,28,ENABLE
1784993404.0990164,-0.0001907377737087046,-0.0329670329670364,-0.0219780219780219,31,28,ENABLE
1784993404.10423,-0.0001907377737087046,-0.010989010989014503,-0.0219780219780219,31,28,ENABLE
1784993404.1092296,-0.0001907377737087046,0.010989010989014503,-0.0219780219780219,31,28,ENABLE
1784993404.114016,-0.0001907377737087046,-0.010989010989014503,-0.0219780219780219,31,28,ENABLE
1784993404.1190188,-0.0001907377737087046,-0.010989010989014503,-0.0219780219780219,31,28,ENABLE
1784993404.124233,-0.0001907377737087046,-0.010989010989014503,-0.03076923076923066,31,28,ENABLE
1784993404.1292772,-0.0001907377737087046,-0.010989010989014503,-0.03076923076923066,31,28,ENABLE
1784993404.134479,-0.0001907377737087046,-0.0329670329670364,-0.0219780219780219,31,28,ENABLE
1784993404.1390557,-0.0001907377737087046,0.010989010989014503,-0.0219780219780219,31,28,ENABLE
1784993404.144111,0.0001907377737087046,0.010989010989014503,-0.03076923076923066,31,28,ENABLE
1784993404.1495495,-0.0001907377737087046,-0.0329670329670364,-0.03076923076923066,31,28,ENABLE
1784993404.1546125,-0.0001907377737087046,-0.0329670329670364,-0.03076923076923066,31,28,ENABLE
1784993404.1591375,-0.0001907377737087046,-0.010989010989014503,-0.0219780219780219,31,28,ENABLE
1784993404.1639001,0.0001907377737087046,-0.010989010989014503,-0.0219780219780219,31,28,ENABLE
1784993404.1692572,-0.0001907377737087046,-0.010989010989014503,-0.0219780219780219,31,28,ENABLE
1784993404.1745322,-0.0001907377737087046,-0.0329670329670364,-0.0219780219780219,31,28,ENABLE
1784993404.179017,-0.0001907377737087046,-0.010989010989014503,-0.0219780219780219,31,28,ENABLE
1784993404.1841295,-0.0001907377737087046,-0.010989010989014503,-0.0219780219780219,31,28,ENABLE
1784993404.18909,-0.0001907377737087046,-0.010989010989014503,-0.0219780219780219,31,28,ENABLE
1784993404.1942601,-0.0001907377737087046,-0.010989010989014503,-0.01318681318681314,31,28,ENABLE
1784993404.1994338,-0.0001907377737087046,-0.0329670329670364,-0.0219780219780219,31,28,ENABLE
1784993404.2042313,-0.0001907377737087046,-0.010989010989014503,-0.0219780219780219,31,28,ENABLE
1784993404.209262,-0.0001907377737087046,-0.010989010989014503,-0.0219780219780219,31,28,ENABLE
1784993404.2140474,-0.0001907377737087046,-0.010989010989014503,-0.0219780219780219,31,28,ENABLE
1784993404.2190194,-0.0001907377737087046,-0.010989010989014503,-0.0219780219780219,31,28,ENABLE
1784993404.2238986,-0.0001907377737087046,-0.010989010989014503,-0.03076923076923066,31,28,ENABLE
1784993404.2289543,-0.0001907377737087046,-0.010989010989014503,-0.03076923076923066,31,28,ENABLE
1784993404.2344513,-0.0001907377737087046,-0.010989010989014503,-0.03076923076923066,31,28,ENABLE
1784993404.2395353,-0.0001907377737087046,-0.010989010989014503,-0.03076923076923066,31,28,ENABLE
1784993404.2445033,0.0001907377737087046,0.010989010989014503,-0.03076923076923066,31,28,ENABLE
1784993404.2489824,0.0001907377737087046,-0.010989010989014503,-0.03076923076923066,31,28,ENABLE
1784993404.25404,-0.0001907377737087046,-0.0329670329670364,-0.03076923076923066,31,28,ENABLE
1784993404.259743,-0.0001907377737087046,-0.010989010989014503,-0.0219780219780219,31,28,ENABLE
1784993404.2639143,0.0001907377737087046,0.010989010989014503,-0.0219780219780219,31,28,ENABLE
1784993404.269293,-0.0001907377737087046,-0.0329670329670364,-0.0219780219780219,31,28,ENABLE
1784993404.2739208,-0.0001907377737087046,-0.010989010989014503,-0.0219780219780219,31,28,ENABLE
1784993404.2793338,-0.0001907377737087046,0.010989010989014503,-0.0219780219780219,31,28,ENABLE
1784993404.2848783,-0.0001907377737087046,-0.0329670329670364,-0.0219780219780219,31,28,ENABLE
1784993404.2891161,-0.0001907377737087046,-0.010989010989014503,-0.0219780219780219,31,28,ENABLE
1784993404.2942307,-0.0001907377737087046,0.010989010989014503,-0.03076923076923066,31,28,ENABLE
1784993404.298832,0.0001907377737087046,-0.010989010989014503,-0.03076923076923066,31,28,ENABLE
1784993404.3044841,-0.0001907377737087046,-0.010989010989014503,-0.03076923076923066,31,28,ENABLE
1784993404.309043,-0.0001907377737087046,0.010989010989014503,-0.0219780219780219,31,28,ENABLE
1784993404.3140445,0.0001907377737087046,-0.010989010989014503,-0.03076923076923066,31,28,ENABLE
1784993404.319562,-0.0001907377737087046,-0.010989010989014503,-0.03076923076923066,31,28,ENABLE
1784993404.3245196,-0.0001907377737087046,-0.010989010989014503,-0.03076923076923066,31,28,ENABLE
1784993404.3290107,-0.0001907377737087046,-0.010989010989014503,-0.03956043956043942,31,28,ENABLE
1784993404.3340235,-0.0001907377737087046,-0.010989010989014503,-0.03076923076923066,31,28,ENABLE
1784993404.3394601,-0.0001907377737087046,-0.0329670329670364,-0.03076923076923066,31,28,ENABLE
1784993404.344511,-0.0001907377737087046,-0.010989010989014503,-0.03076923076923066,31,28,ENABLE
1784993404.3491879,0.0001907377737087046,-0.010989010989014503,-0.03076923076923066,31,28,ENABLE
1784993404.3539038,-0.0001907377737087046,-0.0329670329670364,-0.0219780219780219,31,28,ENABLE
1784993404.3592868,-0.0001907377737087046,-0.0329670329670364,-0.03076923076923066,31,28,ENABLE
1784993404.364457,-0.0001907377737087046,-0.010989010989014503,-0.03076923076923066,31,28,ENABLE
1784993404.3690398,-0.0001907377737087046,-0.0329670329670364,-0.03076923076923066,31,28,ENABLE
1784993404.3739862,-0.0001907377737087046,-0.010989010989014503,-0.03076923076923066,31,28,ENABLE
1784993404.3790164,-0.0001907377737087046,-0.0329670329670364,-0.03076923076923066,31,28,ENABLE
1784993404.38465,0.0001907377737087046,-0.010989010989014503,-0.03076923076923066,31,28,ENABLE
1784993404.3890438,-0.0001907377737087046,-0.010989010989014503,-0.03076923076923066,31,28,ENABLE
1784993404.3944054,-0.0001907377737087046,-0.010989010989014503,-0.0219780219780219,31,28,ENABLE
1784993404.3987298,-0.0001907377737087046,-0.010989010989014503,-0.0219780219780219,31,28,ENABLE
1784993404.4038198,-0.0001907377737087046,-0.0329670329670364,-0.0219780219780219,31,28,ENABLE
1784993404.4090383,-0.0001907377737087046,-0.010989010989014503,-0.0219780219780219,31,28,ENABLE
1784993404.4144895,-0.0001907377737087046,0.010989010989014503,-0.03076923076923066,31,28,ENABLE
1784993404.4189084,-0.0001907377737087046,-0.010989010989014503,-0.01318681318681314,31,28,ENABLE
1784993404.4243085,-0.0001907377737087046,-0.0329670329670364,-0.01318681318681314,31,28,ENABLE
1784993404.429144,-0.0001907377737087046,-0.010989010989014503,-0.03076923076923066,31,28,ENABLE
1784993404.4341135,-0.0001907377737087046,0.010989010989014503,-0.0219780219780219,31,28,ENABLE
1784993404.439495,-0.0001907377737087046,-0.010989010989014503,-0.03076923076923066,31,28,ENABLE
1784993404.4444916,0.0001907377737087046,0.010989010989014503,-0.01318681318681314,31,28,ENABLE
1784993404.4490514,0.0001907377737087046,0.010989010989014503,-0.0219780219780219,31,28,ENABLE
1784993404.4545057,-0.0001907377737087046,-0.010989010989014503,-0.0219780219780219,31,28,ENABLE
1784993404.4590104,-0.0001907377737087046,-0.0329670329670364,-0.0219780219780219,31,28,ENABLE
1784993404.4641182,-0.0001907377737087046,-0.010989010989014503,-0.03076923076923066,31,28,ENABLE
1784993404.4689484,-0.0001907377737087046,0.010989010989014503,-0.0219780219780219,31,28,ENABLE
1784993404.4743307,-0.0001907377737087046,-0.010989010989014503,-0.0219780219780219,31,28,ENABLE
1784993404.479102,-0.0001907377737087046,-0.010989010989014503,-0.03076923076923066,31,28,ENABLE
1784993404.484565,-0.0001907377737087046,-0.010989010989014503,-0.0219780219780219,31,28,ENABLE
1784993404.4890513,-0.0001907377737087046,-0.010989010989014503,-0.0219780219780219,31,28,ENABLE
1784993404.4944012,-0.0001907377737087046,0.010989010989014503,-0.0219780219780219,31,28,ENABLE
1784993404.4992325,-0.0001907377737087046,-0.010989010989014503,-0.03076923076923066,31,28,ENABLE
1784993404.5038996,-0.0001907377737087046,-0.010989010989014503,-0.03076923076923066,31,28,ENABLE
1784993404.5090015,0.0001907377737087046,0.010989010989014503,-0.03076923076923066,31,28,ENABLE
1784993404.5140634,-0.0001907377737087046,-0.010989010989014503,-0.03076923076923066,31,28,ENABLE
1784993404.5191338,-0.0001907377737087046,-0.0329670329670364,-0.03076923076923066,31,28,ENABLE
1784993404.5247023,-0.0001907377737087046,-0.010989010989014503,-0.03076923076923066,31,28,ENABLE
1784993404.5291388,-0.0001907377737087046,-0.0329670329670364,-0.0219780219780219,31,28,ENABLE
1784993404.5342,-0.0001907377737087046,-0.010989010989014503,-0.0219780219780219,31,28,ENABLE
1784993404.5393016,-0.0001907377737087046,-0.010989010989014503,-0.03076923076923066,31,28,ENABLE
1784993404.5442796,-0.0001907377737087046,-0.010989010989014503,-0.03076923076923066,31,28,ENABLE
1784993404.549061,-0.0001907377737087046,-0.010989010989014503,-0.0219780219780219,31,28,ENABLE
1784993404.554062,0.0001907377737087046,0.010989010989014503,-0.01318681318681314,31,28,ENABLE
1784993404.5589895,-0.0001907377737087046,-0.010989010989014503,-0.0219780219780219,31,28,ENABLE
1784993404.5644686,-0.0001907377737087046,-0.0329670329670364,-0.0219780219780219,31,28,ENABLE
1784993404.5692663,-0.0001907377737087046,0.010989010989014503,-0.0219780219780219,31,28,ENABLE
1784993404.5739186,-0.0001907377737087046,-0.010989010989014503,-0.03076923076923066,31,28,ENABLE
1784993404.578916,-0.0001907377737087046,-0.010989010989014503,-0.03076923076923066,31,28,ENABLE
1784993404.584061,0.0001907377737087046,0.010989010989014503,-0.03076923076923066,31,28,ENABLE
1784993404.5896542,-0.0001907377737087046,-0.010989010989014503,-0.03956043956043942,31,28,ENABLE
1784993404.5946772,0.0001907377737087046,-0.010989010989014503,-0.03956043956043942,31,28,ENABLE
1784993404.599609,0.0001907377737087046,0.010989010989014503,-0.03076923076923066,31,28,ENABLE
1784993404.6042428,-0.0001907377737087046,-0.010989010989014503,-0.03076923076923066,31,28,ENABLE
1784993404.6092389,-0.0001907377737087046,-0.010989010989014503,-0.03076923076923066,31,28,ENABLE
1784993404.6142418,-0.0001907377737087046,-0.010989010989014503,-0.0219780219780219,31,28,ENABLE
1784993404.6197348,-0.0001907377737087046,-0.010989010989014503,-0.03956043956043942,31,28,ENABLE
1784993404.6241848,-0.0001907377737087046,-0.0329670329670364,-0.03076923076923066,31,28,ENABLE
1784993404.6293027,-0.0001907377737087046,-0.010989010989014503,-0.03076923076923066,31,28,ENABLE
1784993404.634274,-0.0001907377737087046,-0.010989010989014503,-0.03076923076923066,31,28,ENABLE
1784993404.638897,-0.0001907377737087046,-0.0329670329670364,-0.03076923076923066,31,28,ENABLE
1784993404.6440077,-0.0001907377737087046,-0.010989010989014503,-0.03076923076923066,31,28,ENABLE
1784993404.649013,-0.0001907377737087046,-0.0329670329670364,-0.0219780219780219,31,28,ENABLE
1784993404.6544716,-0.0001907377737087046,-0.010989010989014503,-0.03076923076923066,31,28,ENABLE
1784993404.659121,-0.0001907377737087046,-0.010989010989014503,-0.0219780219780219,31,28,ENABLE
1784993404.6642072,0.0001907377737087046,-0.010989010989014503,-0.03076923076923066,31,28,ENABLE
1784993404.669082,-0.0001907377737087046,-0.0329670329670364,-0.0219780219780219,31,28,ENABLE
1784993404.6742382,-0.0001907377737087046,-0.010989010989014503,-0.0219780219780219,31,28,ENABLE
1784993404.6796038,-0.0001907377737087046,-0.010989010989014503,-0.0219780219780219,31,28,ENABLE
1784993404.6839917,-0.0001907377737087046,-0.010989010989014503,-0.0219780219780219,31,28,ENABLE
1784993404.6890047,-0.0001907377737087046,-0.010989010989014503,-0.03076923076923066,31,28,ENABLE
1784993404.694512,-0.0001907377737087046,-0.0329670329670364,-0.0219780219780219,31,28,ENABLE
1784993404.6990738,-0.0001907377737087046,-0.010989010989014503,-0.03076923076923066,31,28,ENABLE
1784993404.7039163,-0.0001907377737087046,-0.010989010989014503,-0.03076923076923066,31,28,ENABLE
1784993404.709229,-0.0001907377737087046,-0.010989010989014503,-0.0219780219780219,31,28,ENABLE
1784993404.714231,-0.0001907377737087046,-0.010989010989014503,-0.03076923076923066,31,28,ENABLE
1784993404.7196598,0.0001907377737087046,-0.010989010989014503,-0.0219780219780219,31,28,ENABLE
1784993404.7241352,-0.0001907377737087046,-0.010989010989014503,-0.0219780219780219,31,28,ENABLE
1784993404.7295434,-0.0001907377737087046,-0.010989010989014503,-0.0219780219780219,31,28,ENABLE
1784993404.734124,-0.0001907377737087046,-0.010989010989014503,-0.03076923076923066,31,28,ENABLE
1784993404.7392547,-0.0001907377737087046,-0.010989010989014503,-0.0219780219780219,31,28,ENABLE
1784993404.7442338,0.0001907377737087046,0.010989010989014503,-0.03076923076923066,31,28,ENABLE
1784993404.7491388,-0.0001907377737087046,-0.010989010989014503,-0.03076923076923066,31,28,ENABLE
1784993404.7541838,-0.0001907377737087046,-0.010989010989014503,-0.0219780219780219,31,28,ENABLE
1784993404.7590282,-0.0001907377737087046,-0.0329670329670364,-0.03076923076923066,31,28,ENABLE
1784993404.7645543,-0.0001907377737087046,-0.010989010989014503,-0.03076923076923066,31,28,ENABLE
1784993404.7695558,-0.0001907377737087046,-0.010989010989014503,-0.0219780219780219,31,28,ENABLE
1784993404.7745237,-0.0001907377737087046,-0.0329670329670364,-0.01318681318681314,31,28,ENABLE
1784993404.7795403,-0.0001907377737087046,-0.010989010989014503,-0.01318681318681314,31,28,ENABLE
1784993404.784066,-0.0001907377737087046,-0.010989010989014503,-0.0219780219780219,31,28,ENABLE
1784993404.7890434,-0.0001907377737087046,-0.0329670329670364,-0.0219780219780219,31,28,ENABLE
1784993404.7945096,-0.0001907377737087046,-0.010989010989014503,-0.0219780219780219,31,28,ENABLE
1784993404.799293,-0.0001907377737087046,-0.010989010989014503,-0.0219780219780219,31,28,ENABLE
1784993404.8039715,-0.0001907377737087046,-0.010989010989014503,-0.03076923076923066,31,28,ENABLE
1784993404.8090143,-0.0001907377737087046,0.010989010989014503,-0.0219780219780219,31,28,ENABLE
1784993404.8139353,-0.0001907377737087046,-0.010989010989014503,-0.03076923076923066,31,28,ENABLE
1784993404.8197513,-0.0001907377737087046,-0.010989010989014503,-0.0219780219780219,31,28,ENABLE
1784993404.8247807,-0.0001907377737087046,-0.010989010989014503,-0.03076923076923066,31,28,ENABLE
1784993404.8294647,0.0001907377737087046,-0.010989010989014503,-0.03076923076923066,31,28,ENABLE
1784993404.8342824,-0.0001907377737087046,-0.010989010989014503,-0.01318681318681314,31,28,ENABLE
1784993404.839241,0.0001907377737087046,-0.010989010989014503,-0.01318681318681314,31,28,ENABLE
1784993404.844309,-0.0001907377737087046,-0.0329670329670364,-0.0219780219780219,31,28,ENABLE
1784993404.849051,-0.0001907377737087046,-0.0329670329670364,-0.01318681318681314,31,28,ENABLE
1784993404.8541088,-0.0001907377737087046,-0.010989010989014503,-0.0219780219780219,31,28,ENABLE
1784993404.8593097,-0.0001907377737087046,-0.0329670329670364,-0.0219780219780219,31,28,ENABLE
1784993404.8642344,0.0001907377737087046,-0.010989010989014503,-0.0219780219780219,31,28,ENABLE
1784993404.869171,-0.0001907377737087046,-0.0329670329670364,-0.03076923076923066,31,28,ENABLE
1784993404.8742306,-0.0001907377737087046,-0.010989010989014503,-0.03076923076923066,31,28,ENABLE
1784993404.8789463,-0.0001907377737087046,-0.010989010989014503,-0.0219780219780219,31,28,ENABLE
1784993404.884282,-0.0001907377737087046,-0.010989010989014503,-0.03076923076923066,31,28,ENABLE
1784993404.889447,-0.0001907377737087046,-0.010989010989014503,-0.03076923076923066,31,28,ENABLE
1784993404.8940194,-0.0001907377737087046,-0.010989010989014503,-0.03076923076923066,31,28,ENABLE
1784993404.899469,-0.0001907377737087046,-0.010989010989014503,-0.03076923076923066,31,28,ENABLE
1784993404.9039614,0.0001907377737087046,0.010989010989014503,-0.03076923076923066,31,28,ENABLE
1784993404.9095225,-0.0001907377737087046,-0.0329670329670364,-0.0219780219780219,31,28,ENABLE
1784993404.914603,-0.0001907377737087046,-0.010989010989014503,-0.0219780219780219,31,28,ENABLE
1784993404.919333,-0.0001907377737087046,-0.010989010989014503,-0.0219780219780219,31,28,ENABLE
1784993404.9239094,-0.0001907377737087046,-0.010989010989014503,-0.03076923076923066,31,28,ENABLE
1784993404.9291098,-0.0001907377737087046,-0.010989010989014503,-0.0219780219780219,31,28,ENABLE
1784993404.9345222,-0.0001907377737087046,-0.010989010989014503,-0.03076923076923066,31,28,ENABLE
1784993404.9390938,-0.0001907377737087046,-0.010989010989014503,-0.03076923076923066,31,28,ENABLE
1784993404.9440525,-0.0001907377737087046,-0.0329670329670364,-0.03076923076923066,31,28,ENABLE
1784993404.9493139,-0.0001907377737087046,0.010989010989014503,-0.03076923076923066,31,28,ENABLE
1784993404.9540737,-0.0001907377737087046,-0.010989010989014503,-0.03076923076923066,31,28,ENABLE
1784993404.9592586,-0.0001907377737087046,-0.010989010989014503,-0.03076923076923066,31,28,ENABLE
1784993404.9641948,-0.0001907377737087046,-0.010989010989014503,-0.03076923076923066,31,28,ENABLE
1784993404.969219,-0.0001907377737087046,-0.010989010989014503,-0.0219780219780219,31,28,ENABLE
1784993404.9747715,-0.0001907377737087046,0.010989010989014503,-0.03076923076923066,31,28,ENABLE
1784993404.979493,-0.0001907377737087046,-0.010989010989014503,-0.03076923076923066,31,28,ENABLE
1784993404.9845104,-0.0001907377737087046,-0.010989010989014503,-0.03076923076923066,31,28,ENABLE
1784993404.9894993,-0.0001907377737087046,-0.010989010989014503,-0.03076923076923066,31,28,ENABLE
1784993404.9939833,-0.0001907377737087046,-0.010989010989014503,-0.0219780219780219,31,28,ENABLE
1784993404.9990137,-0.0001907377737087046,-0.010989010989014503,-0.0219780219780219,31,28,ENABLE
1784993405.0044665,-0.0001907377737087046,-0.010989010989014503,-0.0219780219780219,31,28,ENABLE
1784993405.009357,-0.0001907377737087046,-0.0329670329670364,-0.0219780219780219,31,28,ENABLE
1784993405.0140667,-0.0001907377737087046,-0.0329670329670364,-0.0219780219780219,31,28,ENABLE
1784993405.0189064,-0.0001907377737087046,-0.010989010989014503,-0.0219780219780219,31,28,ENABLE
1784993405.0239215,-0.0001907377737087046,-0.010989010989014503,-0.0219780219780219,31,28,ENABLE
1784993405.0294201,-0.0001907377737087046,-0.0329670329670364,-0.0219780219780219,31,28,ENABLE
1784993405.0341465,0.0001907377737087046,0.010989010989014503,-0.03076923076923066,31,28,ENABLE
1784993405.0391533,0.0001907377737087046,-0.010989010989014503,-0.03076923076923066,31,28,ENABLE
1784993405.0445495,-0.0001907377737087046,-0.010989010989014503,-0.03076923076923066,31,28,ENABLE
1784993405.0495656,0.0001907377737087046,-0.0329670329670364,-0.03076923076923066,31,28,ENABLE
1784993405.0541155,0.0001907377737087046,0.010989010989014503,-0.03076923076923066,31,28,ENABLE
1784993405.0590503,0.0001907377737087046,0.010989010989014503,-0.03956043956043942,31,28,ENABLE
1784993405.0640473,0.0001907377737087046,-0.010989010989014503,-0.0219780219780219,31,28,ENABLE
1784993405.0695188,-0.0001907377737087046,-0.010989010989014503,-0.03076923076923066,31,28,ENABLE
1784993405.0740926,0.0001907377737087046,-0.010989010989014503,-0.03076923076923066,31,28,ENABLE
1784993405.0789967,-0.0001907377737087046,-0.0329670329670364,-0.03956043956043942,31,28,ENABLE
1784993405.0842407,0.0001907377737087046,-0.010989010989014503,-0.0219780219780219,31,28,ENABLE
1784993405.0894644,0.0001907377737087046,-0.010989010989014503,-0.0219780219780219,31,28,ENABLE
1784993405.0941234,0.0001907377737087046,-0.010989010989014503,-0.03076923076923066,31,28,ENABLE
1784993405.0991108,0.0001907377737087046,-0.0329670329670364,-0.03956043956043942,31,28,ENABLE
1784993405.1040406,-0.0001907377737087046,-0.0329670329670364,-0.0219780219780219,31,28,ENABLE
1784993405.1095026,-0.0001907377737087046,-0.0329670329670364,-0.0219780219780219,31,28,ENABLE
1784993405.1138453,-0.0001907377737087046,-0.010989010989014503,-0.0219780219780219,31,28,ENABLE
1784993405.1189034,-0.0001907377737087046,0.010989010989014503,-0.03076923076923066,31,28,ENABLE
1784993405.1242588,-0.0001907377737087046,-0.0329670329670364,-0.03076923076923066,31,28,ENABLE
1784993405.129332,-0.0001907377737087046,-0.0329670329670364,-0.03076923076923066,31,28,ENABLE
1784993405.1340468,-0.0001907377737087046,-0.010989010989014503,-0.0219780219780219,31,28,ENABLE
1784993405.1389802,-0.0001907377737087046,-0.0329670329670364,-0.03076923076923066,31,28,ENABLE
1784993405.1440103,-0.0001907377737087046,-0.010989010989014503,-0.03076923076923066,31,28,ENABLE
1784993405.149468,-0.0001907377737087046,-0.010989010989014503,-0.03076923076923066,31,28,ENABLE
1784993405.154079,-0.0001907377737087046,-0.010989010989014503,-0.0219780219780219,31,28,ENABLE
1784993405.1595304,-0.0001907377737087046,0.010989010989014503,-0.0219780219780219,31,28,ENABLE
1784993405.1640189,0.0001907377737087046,0.010989010989014503,-0.03076923076923066,31,28,ENABLE
1784993405.1694791,0.0001907377737087046,0.010989010989014503,-0.03076923076923066,31,28,ENABLE
1784993405.1742442,-0.0001907377737087046,-0.010989010989014503,-0.03076923076923066,31,28,ENABLE
1784993405.1793685,0.0001907377737087046,-0.010989010989014503,-0.03076923076923066,31,28,ENABLE
1784993405.1840844,0.0001907377737087046,-0.010989010989014503,-0.03076923076923066,31,28,ENABLE
1784993405.1890433,0.0001907377737087046,-0.010989010989014503,-0.03076923076923066,31,28,ENABLE
1784993405.1940908,-0.0001907377737087046,-0.010989010989014503,-0.0219780219780219,31,28,ENABLE
1784993405.199541,-0.0001907377737087046,-0.010989010989014503,-0.03076923076923066,31,28,ENABLE
1784993405.2045076,0.0001907377737087046,0.010989010989014503,-0.03076923076923066,31,28,ENABLE
1784993405.2089894,-0.0001907377737087046,-0.010989010989014503,-0.03076923076923066,31,28,ENABLE
1784993405.2139037,-0.0001907377737087046,-0.0329670329670364,-0.03076923076923066,31,28,ENABLE
1784993405.2189958,0.0001907377737087046,-0.010989010989014503,-0.03076923076923066,31,28,ENABLE
1784993405.2247086,0.0001907377737087046,0.010989010989014503,-0.03076923076923066,31,28,ENABLE
1784993405.2290382,0.0001907377737087046,-0.010989010989014503,-0.03956043956043942,31,28,ENABLE
1784993405.2338915,0.0001907377737087046,-0.010989010989014503,-0.03956043956043942,31,28,ENABLE
1784993405.2390652,0.0001907377737087046,0.010989010989014503,-0.03076923076923066,31,28,ENABLE
1784993405.244514,0.0001907377737087046,0.010989010989014503,-0.03956043956043942,31,28,ENABLE
1784993405.2490394,0.0001907377737087046,0.010989010989014503,-0.04835164835164818,31,28,ENABLE
1784993405.2539809,0.0005722133211261138,-0.010989010989014503,-0.04835164835164818,31,28,ENABLE
1784993405.259442,0.0005722133211261138,-0.010989010989014503,-0.04835164835164818,31,28,ENABLE
1784993405.2640383,0.0005722133211261138,0.010989010989014503,-0.04835164835164818,31,28,ENABLE
1784993405.2694776,0.000953688868543523,0.010989010989014503,-0.05714285714285694,31,28,ENABLE
1784993405.274517,0.0005722133211261138,0.010989010989014503,-0.0659340659340657,31,28,ENABLE
1784993405.2794557,0.0005722133211261138,-0.0329670329670364,-0.05714285714285694,31,28,ENABLE
1784993405.284234,0.0005722133211261138,-0.0329670329670364,-0.03956043956043942,31,28,ENABLE
1784993405.2889516,0.0005722133211261138,0.010989010989014503,-0.04835164835164818,31,28,ENABLE
1784993405.2945335,0.0005722133211261138,0.010989010989014503,-0.03956043956043942,31,28,ENABLE
1784993405.2990217,0.0005722133211261138,-0.010989010989014503,-0.03956043956043942,31,28,ENABLE
1784993405.3045168,0.0005722133211261138,-0.0329670329670364,-0.03956043956043942,31,28,ENABLE
1784993405.3094406,0.0005722133211261138,0.010989010989014503,-0.03956043956043942,31,28,ENABLE
1784993405.3136857,0.0005722133211261138,-0.010989010989014503,-0.03956043956043942,31,28,ENABLE
1784993405.3188446,0.0005722133211261138,-0.010989010989014503,-0.03076923076923066,31,28,ENABLE
1784993405.324095,0.0005722133211261138,0.010989010989014503,-0.03076923076923066,31,28,ENABLE
1784993405.3294697,0.0005722133211261138,-0.0329670329670364,-0.03956043956043942,31,28,ENABLE
1784993405.3341756,0.0005722133211261138,-0.010989010989014503,-0.03076923076923066,31,28,ENABLE
1784993405.3397133,0.0005722133211261138,-0.010989010989014503,-0.03956043956043942,31,28,ENABLE
1784993405.3439069,0.0005722133211261138,0.010989010989014503,-0.04835164835164818,31,28,ENABLE
1784993405.3492868,0.0005722133211261138,0.0329670329670364,-0.04835164835164818,31,28,ENABLE
1784993405.3545308,0.000953688868543523,0.010989010989014503,-0.05714285714285694,31,28,ENABLE
1784993405.3590484,0.000953688868543523,0.010989010989014503,-0.05714285714285694,31,28,ENABLE
1784993405.3644476,0.000953688868543523,0.0329670329670364,-0.07472527472527446,31,28,ENABLE
1784993405.3690126,0.0013351644159609322,0.0329670329670364,-0.07472527472527446,31,28,ENABLE
1784993405.3740737,0.0013351644159609322,0.010989010989014503,-0.07472527472527446,31,28,ENABLE
1784993405.3791003,0.0013351644159609322,0.0329670329670364,-0.07472527472527446,31,28,ENABLE
1784993405.3843095,0.0017166399633783413,0.0329670329670364,-0.08351648351648322,31,28,ENABLE
1784993405.389284,0.0017166399633783413,0.0329670329670364,-0.09230769230769198,31,28,ENABLE
1784993405.3940105,0.0020981155107957505,0.010989010989014503,-0.1098901098901095,31,28,ENABLE
1784993405.3990397,0.0020981155107957505,0.0329670329670364,-0.1098901098901095,31,28,ENABLE
1784993405.4042323,0.0020981155107957505,0.010989010989014503,-0.09230769230769198,31,28,ENABLE
1784993405.4092746,0.0020981155107957505,-0.0329670329670364,-0.09230769230769198,31,28,ENABLE
1784993405.4140315,0.0020981155107957505,-0.010989010989014503,-0.07472527472527446,31,28,ENABLE
1784993405.4188967,0.0020981155107957505,-0.010989010989014503,-0.07472527472527446,31,28,ENABLE
1784993405.4245071,0.0020981155107957505,-0.010989010989014503,-0.07472527472527446,31,28,ENABLE
1784993405.429513,0.0020981155107957505,0.010989010989014503,-0.08351648351648322,31,28,ENABLE
1784993405.4340913,0.0020981155107957505,-0.010989010989014503,-0.0659340659340657,31,28,ENABLE
1784993405.4392116,0.0020981155107957505,-0.010989010989014503,-0.07472527472527446,31,28,ENABLE
1784993405.4438844,0.0024795910582131597,0.010989010989014503,-0.09230769230769198,31,28,ENABLE
1784993405.4492595,0.0024795910582131597,0.0329670329670364,-0.09230769230769198,31,28,ENABLE
1784993405.4544694,0.002861066605630569,0.0329670329670364,-0.10109890109890074,31,28,ENABLE
1784993405.4590168,0.002861066605630569,0.010989010989014503,-0.1098901098901095,31,28,ENABLE
1784993405.463922,0.002861066605630569,0.0329670329670364,-0.11868131868131826,31,28,ENABLE
1784993405.4689217,0.002861066605630569,0.010989010989014503,-0.11868131868131826,31,28,ENABLE
1784993405.4744031,0.003242542153047978,0.010989010989014503,-0.11868131868131826,31,28,ENABLE
1784993405.4796088,0.0036240177004653873,0.0329670329670364,-0.13626373626373578,31,28,ENABLE
1784993405.484157,0.0036240177004653873,0.0549450549450583,-0.13626373626373578,31,28,ENABLE
1784993405.4892163,0.0040054932478827965,0.0329670329670364,-0.1538461538461533,31,28,ENABLE
1784993405.4942627,0.0040054932478827965,0.0549450549450583,-0.1538461538461533,31,28,ENABLE
1784993405.4992325,0.004386968795300206,0.0329670329670364,-0.1538461538461533,31,28,ENABLE
1784993405.5040588,0.004768444342717615,0.0549450549450583,-0.17142857142857082,31,28,ENABLE
1784993405.509529,0.004768444342717615,0.0329670329670364,-0.18021978021977958,31,28,ENABLE
1784993405.5142295,0.005149919890135024,-0.010989010989014503,-0.17142857142857082,31,28,ENABLE
1784993405.5189736,0.005149919890135024,0.0329670329670364,-0.17142857142857082,31,28,ENABLE
1784993405.523995,0.005149919890135024,-0.010989010989014503,-0.17142857142857082,31,28,ENABLE
1784993405.5291436,0.005531395437552433,0.0329670329670364,-0.18021978021977958,31,28,ENABLE
1784993405.5342374,0.005531395437552433,0.010989010989014503,-0.18901098901098834,31,28,ENABLE
1784993405.5391915,0.005912870984969842,0.010989010989014503,-0.18901098901098834,31,28,ENABLE
1784993405.5440295,0.005912870984969842,-0.010989010989014503,-0.18901098901098834,31,28,ENABLE
1784993405.5491433,0.006294346532387252,0.010989010989014503,-0.18901098901098834,31,28,ENABLE
1784993405.5545378,0.006294346532387252,0.0329670329670364,-0.1978021978021971,31,28,ENABLE
1784993405.5594578,0.006294346532387252,0.0329670329670364,-0.1978021978021971,31,28,ENABLE
1784993405.5636797,0.006675822079804661,0.0329670329670364,-0.1978021978021971,31,28,ENABLE
1784993405.5687563,0.006675822079804661,0.010989010989014503,-0.18901098901098834,31,28,ENABLE
1784993405.5745163,0.006675822079804661,0.0329670329670364,-0.18901098901098834,31,28,ENABLE
1784993405.5795238,0.00705729762722207,0.010989010989014503,-0.1978021978021971,31,28,ENABLE
1784993405.5841484,0.00705729762722207,0.010989010989014503,-0.20659340659340586,31,28,ENABLE
1784993405.5897274,0.00705729762722207,0.010989010989014503,-0.21538461538461462,31,28,ENABLE
1784993405.5941446,0.007438773174639479,0.010989010989014503,-0.20659340659340586,31,28,ENABLE
1784993405.59872,0.007438773174639479,-0.010989010989014503,-0.20659340659340586,31,28,ENABLE
1784993405.6038592,0.007438773174639479,-0.010989010989014503,-0.20659340659340586,31,28,ENABLE
1784993405.6092386,0.007438773174639479,-0.010989010989014503,-0.20659340659340586,31,28,ENABLE
1784993405.6146662,0.007438773174639479,-0.010989010989014503,-0.1978021978021971,31,28,ENABLE
1784993405.6191974,0.007438773174639479,-0.010989010989014503,-0.1978021978021971,31,28,ENABLE
1784993405.6240916,0.007438773174639479,-0.010989010989014503,-0.1978021978021971,31,28,ENABLE
1784993405.6290882,0.007438773174639479,-0.010989010989014503,-0.20659340659340586,31,28,ENABLE
1784993405.6345131,0.007438773174639479,-0.010989010989014503,-0.20659340659340586,31,28,ENABLE
1784993405.6395144,0.007438773174639479,-0.010989010989014503,-0.1978021978021971,31,28,ENABLE
1784993405.6439838,0.007438773174639479,-0.010989010989014503,-0.18901098901098834,31,28,ENABLE
1784993405.6490622,0.007438773174639479,-0.010989010989014503,-0.1978021978021971,31,28,ENABLE
1784993405.6543698,0.007438773174639479,-0.0329670329670364,-0.1978021978021971,31,28,ENABLE
1784993405.6592205,0.007438773174639479,-0.010989010989014503,-0.20659340659340586,31,28,ENABLE
1784993405.6638932,0.007438773174639479,0.010989010989014503,-0.1978021978021971,31,28,ENABLE
1784993405.6686935,0.007438773174639479,0.010989010989014503,-0.1978021978021971,31,28,ENABLE
1784993405.6743903,0.007438773174639479,-0.010989010989014503,-0.18901098901098834,31,28,ENABLE
1784993405.679491,0.007438773174639479,-0.010989010989014503,-0.1978021978021971,31,28,ENABLE
1784993405.6844842,0.007438773174639479,-0.010989010989014503,-0.1978021978021971,31,28,ENABLE
1784993405.6890366,0.007438773174639479,-0.010989010989014503,-0.1978021978021971,31,28,ENABLE
1784993405.6939867,0.007438773174639479,-0.010989010989014503,-0.18901098901098834,31,28,ENABLE
1784993405.6995127,0.007438773174639479,0.010989010989014503,-0.1978021978021971,31,28,ENABLE
1784993405.7045143,0.007438773174639479,-0.010989010989014503,-0.1978021978021971,31,28,ENABLE
1784993405.7095017,0.007438773174639479,-0.010989010989014503,-0.1978021978021971,31,28,ENABLE
1784993405.7140508,0.007820248722056888,0.010989010989014503,-0.20659340659340586,31,28,ENABLE
1784993405.719011,0.007820248722056888,0.010989010989014503,-0.21538461538461462,31,28,ENABLE
1784993405.7244709,0.008201724269474298,0.010989010989014503,-0.22417582417582338,31,28,ENABLE
1784993405.7292254,0.008201724269474298,0.010989010989014503,-0.23296703296703214,31,28,ENABLE
1784993405.7340074,0.008583199816891707,0.0549450549450583,-0.2417582417582409,31,28,ENABLE
1784993405.7397401,0.008583199816891707,0.0329670329670364,-0.25054945054944966,31,28,ENABLE
1784993405.744065,0.008964675364309116,0.0329670329670364,-0.2593406593406584,31,28,ENABLE
1784993405.7492158,0.009346150911726525,0.0329670329670364,-0.27692307692307594,31,28,ENABLE
1784993405.754014,0.009727626459143934,0.0769230769230802,-0.2857142857142847,31,28,ENABLE
1784993405.7595286,0.010109102006561344,0.0549450549450583,-0.29450549450549346,31,28,ENABLE
1784993405.7646458,0.010109102006561344,0.0329670329670364,-0.3032967032967022,31,28,ENABLE
1784993405.769179,0.010490577553978753,0.0549450549450583,-0.3032967032967022,31,28,ENABLE
1784993405.774088,0.010490577553978753,0.0549450549450583,-0.3032967032967022,31,28,ENABLE
1784993405.7789953,0.010872053101396162,0.0329670329670364,-0.3032967032967022,31,28,ENABLE
1784993405.7841172,0.010872053101396162,0.010989010989014503,-0.3032967032967022,31,28,ENABLE
1784993405.789513,0.010872053101396162,0.010989010989014503,-0.2857142857142847,31,28,ENABLE
1784993405.7941093,0.010872053101396162,-0.0329670329670364,-0.29450549450549346,31,28,ENABLE
1784993405.799504,0.010872053101396162,0.010989010989014503,-0.2681318681318672,31,28,ENABLE
1784993405.804582,0.010872053101396162,-0.0329670329670364,-0.27692307692307594,31,28,ENABLE
1784993405.8095183,0.010872053101396162,-0.010989010989014503,-0.27692307692307594,31,28,ENABLE
1784993405.8140862,0.010872053101396162,0.010989010989014503,-0.2681318681318672,31,28,ENABLE
1784993405.8191056,0.010872053101396162,-0.0329670329670364,-0.27692307692307594,31,28,ENABLE
1784993405.8244777,0.010872053101396162,-0.0329670329670364,-0.2681318681318672,31,28,ENABLE
1784993405.8292348,0.010872053101396162,-0.010989010989014503,-0.2681318681318672,31,28,ENABLE
1784993405.8339813,0.010872053101396162,-0.010989010989014503,-0.27692307692307594,31,28,ENABLE
1784993405.8390512,0.011253528648813571,-0.010989010989014503,-0.2857142857142847,31,28,ENABLE
1784993405.8443837,0.011253528648813571,-0.010989010989014503,-0.2857142857142847,31,28,ENABLE
1784993405.8495018,0.011253528648813571,-0.010989010989014503,-0.2857142857142847,31,28,ENABLE
1784993405.8540711,0.011253528648813571,0.010989010989014503,-0.29450549450549346,31,28,ENABLE
1784993405.8592658,0.011253528648813571,-0.010989010989014503,-0.29450549450549346,31,28,ENABLE
1784993405.8638487,0.011253528648813571,-0.010989010989014503,-0.2857142857142847,31,28,ENABLE
1784993405.8692544,0.011253528648813571,-0.010989010989014503,-0.29450549450549346,31,28,ENABLE
1784993405.8740456,0.011253528648813571,-0.0329670329670364,-0.29450549450549346,31,28,ENABLE
1784993405.8796759,0.011253528648813571,0.010989010989014503,-0.27692307692307594,31,28,ENABLE
1784993405.8841457,0.011253528648813571,-0.0329670329670364,-0.27692307692307594,31,28,ENABLE
1784993405.889534,0.011253528648813571,-0.0329670329670364,-0.2681318681318672,31,28,ENABLE
1784993405.8945324,0.011253528648813571,0.010989010989014503,-0.27692307692307594,31,28,ENABLE
1784993405.8994913,0.011253528648813571,-0.010989010989014503,-0.27692307692307594,31,28,ENABLE
1784993405.904546,0.010872053101396162,-0.0549450549450583,-0.2681318681318672,31,28,ENABLE
1784993405.9090757,0.010872053101396162,-0.0329670329670364,-0.2681318681318672,31,28,ENABLE
1784993405.9145036,0.011253528648813571,-0.010989010989014503,-0.2593406593406584,31,28,ENABLE
1784993405.9188752,0.011253528648813571,0.0329670329670364,-0.2857142857142847,31,28,ENABLE
1784993405.9236984,0.011253528648813571,-0.010989010989014503,-0.29450549450549346,31,28,ENABLE
1784993405.9295604,0.011253528648813571,0.0329670329670364,-0.29450549450549346,31,28,ENABLE
1784993405.9344563,0.01163500419623098,0.010989010989014503,-0.29450549450549346,31,28,ENABLE
1784993405.939168,0.011253528648813571,-0.010989010989014503,-0.2857142857142847,31,28,ENABLE
1784993405.9441166,0.01163500419623098,-0.010989010989014503,-0.2857142857142847,31,28,ENABLE
1784993405.9492626,0.01163500419623098,0.010989010989014503,-0.29450549450549346,31,28,ENABLE
1784993405.9543045,0.01163500419623098,0.010989010989014503,-0.29450549450549346,31,28,ENABLE
1784993405.9591143,0.01163500419623098,0.010989010989014503,-0.29450549450549346,31,28,ENABLE
1784993405.964043,0.01163500419623098,-0.010989010989014503,-0.3032967032967022,31,28,ENABLE
1784993405.9690151,0.01163500419623098,-0.010989010989014503,-0.29450549450549346,31,28,ENABLE
1784993405.974546,0.01163500419623098,-0.010989010989014503,-0.29450549450549346,31,28,ENABLE
1784993405.9792306,0.01163500419623098,-0.010989010989014503,-0.3032967032967022,31,28,ENABLE
1784993405.9839118,0.01163500419623098,0.010989010989014503,-0.2857142857142847,31,28,ENABLE
1784993405.9886935,0.01163500419623098,-0.0329670329670364,-0.2857142857142847,31,28,ENABLE
1784993405.9937444,0.01163500419623098,-0.0329670329670364,-0.29450549450549346,31,28,ENABLE
1784993405.9997048,0.01163500419623098,-0.010989010989014503,-0.29450549450549346,31,28,ENABLE
1784993406.0047076,0.01163500419623098,-0.010989010989014503,-0.2857142857142847,31,28,ENABLE
1784993406.008967,0.01163500419623098,0.010989010989014503,-0.29450549450549346,31,28,ENABLE
1784993406.0139074,0.01201647974364839,-0.010989010989014503,-0.29450549450549346,31,28,ENABLE
1784993406.0192523,0.01201647974364839,0.010989010989014503,-0.3032967032967022,31,28,ENABLE
1784993406.023897,0.01201647974364839,-0.010989010989014503,-0.312087912087911,31,28,ENABLE
1784993406.0290086,0.01201647974364839,0.010989010989014503,-0.32087912087911974,31,28,ENABLE
1784993406.0345151,0.012397955291065799,0.0329670329670364,-0.32087912087911974,31,28,ENABLE
1784993406.0390651,0.012779430838483208,0.010989010989014503,-0.33846153846153726,31,28,ENABLE
1784993406.0442684,0.012779430838483208,0.0329670329670364,-0.33846153846153726,31,28,ENABLE
1784993406.0495324,0.013160906385900617,0.0549450549450583,-0.36483516483516354,31,28,ENABLE
1784993406.0540173,0.013542381933318026,0.0329670329670364,-0.3736263736263723,31,28,ENABLE
1784993406.0589833,0.013923857480735435,0.0549450549450583,-0.3999999999999986,31,28,ENABLE
1784993406.0644324,0.014686808575570254,0.0769230769230802,-0.4175824175824161,31,28,ENABLE
1784993406.0694976,0.015068284122987663,0.0989010989011021,-0.42637362637362486,31,28,ENABLE
1784993406.074465,0.015449759670405072,0.0769230769230802,-0.4439560439560424,31,28,ENABLE
1784993406.0794466,0.015449759670405072,0.0549450549450583,-0.45274725274725114,31,28,ENABLE
1784993406.0844588,0.01621271076523989,0.0549450549450583,-0.45274725274725114,31,28,ENABLE
1784993406.08908,0.0165941863126573,0.0989010989011021,-0.4791208791208774,31,28,ENABLE
1784993406.0941153,0.017357137407492118,0.1428571428571459,-0.5054945054945073,31,28,ENABLE
1784993406.0989,0.018501564049744346,0.1648351648351678,-0.549450549450551,31,28,ENABLE
1784993406.1042674,0.019264515144579164,0.1428571428571459,-0.5758241758241773,31,28,ENABLE
1784993406.1090088,0.020027466239413982,0.120879120879124,-0.5934065934065949,31,28,ENABLE
1784993406.1145418,0.02040894178683139,0.0989010989011021,-0.5934065934065949,31,28,ENABLE
1784993406.1190472,0.02117189288166621,0.120879120879124,-0.5934065934065949,31,28,ENABLE
1784993406.1240804,0.02155336842908362,0.0989010989011021,-0.5934065934065949,31,28,ENABLE
1784993406.1288953,0.02155336842908362,0.0549450549450583,-0.5934065934065949,31,28,ENABLE
1784993406.1344917,0.02155336842908362,0.010989010989014503,-0.5758241758241773,31,28,ENABLE
1784993406.1394956,0.02155336842908362,-0.010989010989014503,-0.5406593406593423,31,28,ENABLE
1784993406.1440513,0.02193484397650103,0.010989010989014503,-0.5318681318681335,31,28,ENABLE
1784993406.148981,0.02193484397650103,-0.010989010989014503,-0.5230769230769248,31,28,ENABLE
1784993406.154037,0.02193484397650103,0.010989010989014503,-0.5230769230769248,31,28,ENABLE
1784993406.1595037,0.02155336842908362,-0.010989010989014503,-0.514285714285716,31,28,ENABLE
1784993406.1645486,0.02155336842908362,-0.010989010989014503,-0.514285714285716,31,28,ENABLE
1784993406.1690228,0.02155336842908362,-0.010989010989014503,-0.514285714285716,31,28,ENABLE
1784993406.1740146,0.02155336842908362,-0.010989010989014503,-0.5054945054945073,31,28,ENABLE
1784993406.1790524,0.02155336842908362,-0.010989010989014503,-0.5054945054945073,31,28,ENABLE
1784993406.1845183,0.02155336842908362,-0.0329670329670364,-0.5054945054945073,31,28,ENABLE
1784993406.1895294,0.02117189288166621,-0.010989010989014503,-0.4879120879120862,31,28,ENABLE
1784993406.194022,0.02117189288166621,-0.0549450549450583,-0.4879120879120862,31,28,ENABLE
1784993406.1988661,0.02117189288166621,-0.010989010989014503,-0.4791208791208774,31,28,ENABLE
1784993406.2040672,0.0207904173342488,-0.0549450549450583,-0.47032967032966866,31,28,ENABLE
1784993406.209456,0.0207904173342488,-0.0549450549450583,-0.47032967032966866,31,28,ENABLE
1784993406.2145145,0.0207904173342488,-0.010989010989014503,-0.47032967032966866,31,28,ENABLE
1784993406.2189662,0.0207904173342488,-0.010989010989014503,-0.4791208791208774,31,28,ENABLE
1784993406.2240908,0.0207904173342488,-0.0329670329670364,-0.4791208791208774,31,28,ENABLE
1784993406.2292814,0.0207904173342488,-0.010989010989014503,-0.4791208791208774,31,28,ENABLE
1784993406.2342627,0.0207904173342488,-0.010989010989014503,-0.49670329670329494,31,28,ENABLE
1784993406.2391794,0.0207904173342488,-0.010989010989014503,-0.49670329670329494,31,28,ENABLE
1784993406.2441194,0.0207904173342488,-0.010989010989014503,-0.49670329670329494,31,28,ENABLE
1784993406.24947,0.0207904173342488,-0.010989010989014503,-0.49670329670329494,31,28,ENABLE
1784993406.2542467,0.02040894178683139,-0.0329670329670364,-0.4879120879120862,31,28,ENABLE
1784993406.2591794,0.02040894178683139,-0.010989010989014503,-0.4791208791208774,31,28,ENABLE
1784993406.264613,0.02040894178683139,-0.010989010989014503,-0.4879120879120862,31,28,ENABLE
1784993406.2689657,0.02040894178683139,-0.010989010989014503,-0.4791208791208774,31,28,ENABLE
1784993406.2742612,0.02040894178683139,-0.0549450549450583,-0.4791208791208774,31,28,ENABLE
1784993406.2790732,0.02040894178683139,-0.010989010989014503,-0.4791208791208774,31,28,ENABLE
1784993406.2844672,0.02040894178683139,-0.0329670329670364,-0.47032967032966866,31,28,ENABLE
1784993406.2894418,0.020027466239413982,-0.0329670329670364,-0.4615384615384599,31,28,ENABLE
1784993406.2940114,0.020027466239413982,-0.010989010989014503,-0.47032967032966866,31,28,ENABLE
1784993406.2995362,0.020027466239413982,-0.0549450549450583,-0.47032967032966866,31,28,ENABLE
1784993406.304009,0.020027466239413982,-0.010989010989014503,-0.4615384615384599,31,28,ENABLE
1784993406.309466,0.020027466239413982,0.010989010989014503,-0.47032967032966866,31,28,ENABLE
1784993406.3142662,0.020027466239413982,-0.0329670329670364,-0.47032967032966866,31,28,ENABLE
1784993406.3192635,0.020027466239413982,-0.010989010989014503,-0.4615384615384599,31,28,ENABLE
1784993406.3242378,0.020027466239413982,-0.010989010989014503,-0.4615384615384599,31,28,ENABLE
1784993406.3289826,0.020027466239413982,-0.0329670329670364,-0.4615384615384599,31,28,ENABLE
1784993406.334042,0.019645990691996573,-0.0329670329670364,-0.45274725274725114,31,28,ENABLE
1784993406.3389826,0.019645990691996573,-0.0329670329670364,-0.4439560439560424,31,28,ENABLE
1784993406.3444445,0.019264515144579164,-0.0549450549450583,-0.4439560439560424,31,28,ENABLE
1784993406.3490877,0.019264515144579164,-0.010989010989014503,-0.45274725274725114,31,28,ENABLE
1784993406.354575,0.019645990691996573,0.010989010989014503,-0.45274725274725114,31,28,ENABLE
1784993406.3595266,0.019645990691996573,0.010989010989014503,-0.4615384615384599,31,28,ENABLE
1784993406.364488,0.019645990691996573,0.010989010989014503,-0.4615384615384599,31,28,ENABLE
1784993406.3690019,0.019645990691996573,-0.010989010989014503,-0.4615384615384599,31,28,ENABLE
1784993406.3740938,0.019264515144579164,-0.0329670329670364,-0.4615384615384599,31,28,ENABLE
1784993406.3795512,0.019264515144579164,-0.0329670329670364,-0.4615384615384599,31,28,ENABLE
1784993406.3840704,0.019264515144579164,-0.010989010989014503,-0.45274725274725114,31,28,ENABLE
1784993406.3889177,0.019264515144579164,-0.0329670329670364,-0.45274725274725114,31,28,ENABLE
1784993406.3942196,0.019264515144579164,-0.010989010989014503,-0.45274725274725114,31,28,ENABLE
1784993406.3993208,0.019264515144579164,0.010989010989014503,-0.45274725274725114,31,28,ENABLE
1784993406.4039848,0.019264515144579164,-0.010989010989014503,-0.4615384615384599,31,28,ENABLE
1784993406.4095366,0.019264515144579164,-0.0329670329670364,-0.45274725274725114,31,28,ENABLE
1784993406.4140732,0.019264515144579164,-0.0329670329670364,-0.45274725274725114,31,28,ENABLE
1784993406.4195297,0.019264515144579164,-0.010989010989014503,-0.45274725274725114,31,28,ENABLE
1784993406.424278,0.019264515144579164,-0.010989010989014503,-0.45274725274725114,31,28,ENABLE
1784993406.4289122,0.019264515144579164,-0.010989010989014503,-0.45274725274725114,31,28,ENABLE
1784993406.4334526,0.019264515144579164,-0.0329670329670364,-0.4615384615384599,31,28,ENABLE
1784993406.4391737,0.019264515144579164,-0.010989010989014503,-0.45274725274725114,31,28,ENABLE
1784993406.4444818,0.018883039597161755,-0.0329670329670364,-0.45274725274725114,31,28,ENABLE
1784993406.4495385,0.018883039597161755,-0.0329670329670364,-0.4351648351648336,31,28,ENABLE
1784993406.4540908,0.018883039597161755,-0.0329670329670364,-0.42637362637362486,31,28,ENABLE
1784993406.4590046,0.018883039597161755,-0.0329670329670364,-0.42637362637362486,31,28,ENABLE
1784993406.4640157,0.018501564049744346,-0.0329670329670364,-0.4351648351648336,31,28,ENABLE
1784993406.469564,0.018883039597161755,0.010989010989014503,-0.4439560439560424,31,28,ENABLE
1784993406.4739847,0.018883039597161755,-0.010989010989014503,-0.4439560439560424,31,28,ENABLE
1784993406.479112,0.018501564049744346,-0.010989010989014503,-0.4351648351648336,31,28,ENABLE
1784993406.4842324,0.018501564049744346,-0.0329670329670364,-0.4351648351648336,31,28,ENABLE
1784993406.4893732,0.018501564049744346,-0.0329670329670364,-0.42637362637362486,31,28,ENABLE
1784993406.4944901,0.018120088502326936,-0.0329670329670364,-0.42637362637362486,31,28,ENABLE
1784993406.4990423,0.018120088502326936,-0.0329670329670364,-0.40879120879120734,31,28,ENABLE
1784993406.5045333,0.018120088502326936,-0.0329670329670364,-0.4175824175824161,31,28,ENABLE
1784993406.5094748,0.018120088502326936,-0.010989010989014503,-0.4175824175824161,31,28,ENABLE
1784993406.5142322,0.018120088502326936,-0.0329670329670364,-0.4175824175824161,31,28,ENABLE
1784993406.5192382,0.018120088502326936,-0.010989010989014503,-0.42637362637362486,31,28,ENABLE
1784993406.524187,0.018120088502326936,0.010989010989014503,-0.4175824175824161,31,28,ENABLE
1784993406.5291214,0.017738612954909527,-0.0329670329670364,-0.42637362637362486,31,28,ENABLE
1784993406.5338812,0.017738612954909527,-0.010989010989014503,-0.42637362637362486,31,28,ENABLE
1784993406.5389087,0.018120088502326936,-0.010989010989014503,-0.42637362637362486,31,28,ENABLE
1784993406.544239,0.017738612954909527,-0.0329670329670364,-0.42637362637362486,31,28,ENABLE
1784993406.5493715,0.017738612954909527,-0.0329670329670364,-0.42637362637362486,31,28,ENABLE
1784993406.5544963,0.017738612954909527,-0.0549450549450583,-0.4175824175824161,31,28,ENABLE
1784993406.5590153,0.017738612954909527,-0.0329670329670364,-0.40879120879120734,31,28,ENABLE
1784993406.564498,0.017357137407492118,-0.0329670329670364,-0.3912087912087898,31,28,ENABLE
1784993406.5694892,0.017357137407492118,-0.0329670329670364,-0.3912087912087898,31,28,ENABLE
1784993406.5742247,0.01697566186007471,-0.0549450549450583,-0.3912087912087898,31,28,ENABLE
1784993406.5792706,0.01697566186007471,-0.010989010989014503,-0.38241758241758106,31,28,ENABLE
1784993406.5841923,0.01697566186007471,-0.0329670329670364,-0.3912087912087898,31,28,ENABLE
1784993406.5892406,0.01697566186007471,-0.0549450549450583,-0.38241758241758106,31,28,ENABLE
1784993406.5941348,0.0165941863126573,-0.0329670329670364,-0.38241758241758106,31,28,ENABLE
1784993406.5995214,0.0165941863126573,-0.0329670329670364,-0.3736263736263723,31,28,ENABLE
1784993406.6038556,0.01621271076523989,-0.0329670329670364,-0.3736263736263723,31,28,ENABLE
1784993406.6089401,0.01621271076523989,-0.010989010989014503,-0.3736263736263723,31,28,ENABLE
1784993406.6145482,0.01621271076523989,-0.0329670329670364,-0.36483516483516354,31,28,ENABLE
1784993406.6195705,0.01583123521782248,-0.0329670329670364,-0.3560439560439548,31,28,ENABLE
1784993406.623919,0.015449759670405072,-0.0549450549450583,-0.3560439560439548,31,28,ENABLE
1784993406.6289134,0.015449759670405072,-0.0329670329670364,-0.3560439560439548,31,28,ENABLE
1784993406.634287,0.015449759670405072,-0.0549450549450583,-0.347252747252746,31,28,ENABLE
1784993406.6394138,0.015068284122987663,-0.0329670329670364,-0.347252747252746,31,28,ENABLE
1784993406.6440487,0.015068284122987663,-0.0329670329670364,-0.33846153846153726,31,28,ENABLE
1784993406.6491024,0.014686808575570254,-0.0549450549450583,-0.33846153846153726,31,28,ENABLE
1784993406.6539912,0.014686808575570254,-0.0329670329670364,-0.33846153846153726,31,28,ENABLE
1784993406.6594727,0.014686808575570254,-0.0549450549450583,-0.3296703296703285,31,28,ENABLE
1784993406.6642268,0.014305333028152845,-0.0549450549450583,-0.32087912087911974,31,28,ENABLE
1784993406.668902,0.013923857480735435,-0.0549450549450583,-0.312087912087911,31,28,ENABLE
1784993406.6736965,0.013923857480735435,-0.0329670329670364,-0.312087912087911,31,28,ENABLE
1784993406.679009,0.013923857480735435,-0.010989010989014503,-0.312087912087911,31,28,ENABLE
1784993406.6845217,0.013923857480735435,-0.0329670329670364,-0.312087912087911,31,28,ENABLE
1784993406.6895378,0.013923857480735435,-0.0329670329670364,-0.32087912087911974,31,28,ENABLE
1784993406.694002,0.013923857480735435,-0.0329670329670364,-0.3296703296703285,31,28,ENABLE
1784993406.6992533,0.013542381933318026,-0.0329670329670364,-0.312087912087911,31,28,ENABLE
1784993406.7039065,0.013542381933318026,-0.0549450549450583,-0.32087912087911974,31,28,ENABLE
1784993406.7090096,0.013542381933318026,-0.010989010989014503,-0.32087912087911974,31,28,ENABLE
1784993406.7145367,0.013542381933318026,-0.010989010989014503,-0.33846153846153726,31,28,ENABLE
1784993406.7190218,0.013542381933318026,-0.0329670329670364,-0.33846153846153726,31,28,ENABLE
1784993406.7245495,0.013542381933318026,-0.010989010989014503,-0.32087912087911974,31,28,ENABLE
1784993406.729011,0.013542381933318026,-0.010989010989014503,-0.3296703296703285,31,28,ENABLE
1784993406.7345297,0.013542381933318026,-0.010989010989014503,-0.3296703296703285,31,28,ENABLE
1784993406.7394145,0.013542381933318026,-0.010989010989014503,-0.3296703296703285,31,28,ENABLE
1784993406.7437067,0.013542381933318026,-0.010989010989014503,-0.3296703296703285,31,28,ENABLE
1784993406.749154,0.013542381933318026,-0.010989010989014503,-0.3296703296703285,31,28,ENABLE
1784993406.7542832,0.013542381933318026,0.010989010989014503,-0.3296703296703285,31,28,ENABLE
1784993406.7595189,0.013542381933318026,-0.010989010989014503,-0.3296703296703285,31,28,ENABLE
1784993406.7642496,0.013542381933318026,-0.010989010989014503,-0.3296703296703285,31,28,ENABLE
1784993406.7696073,0.013542381933318026,-0.0329670329670364,-0.3296703296703285,31,28,ENABLE
1784993406.7739217,0.013542381933318026,-0.010989010989014503,-0.3296703296703285,31,28,ENABLE
1784993406.7789187,0.013542381933318026,-0.0329670329670364,-0.32087912087911974,31,28,ENABLE
1784993406.7842376,0.013542381933318026,-0.010989010989014503,-0.32087912087911974,31,28,ENABLE
1784993406.789395,0.013542381933318026,0.0329670329670364,-0.3296703296703285,31,28,ENABLE
1784993406.794518,0.013542381933318026,-0.010989010989014503,-0.3296703296703285,31,28,ENABLE
1784993406.7990239,0.013542381933318026,-0.010989010989014503,-0.3296703296703285,31,28,ENABLE
1784993406.804024,0.013542381933318026,-0.010989010989014503,-0.32087912087911974,31,28,ENABLE
1784993406.8095644,0.013160906385900617,-0.0329670329670364,-0.3296703296703285,31,28,ENABLE
1784993406.814547,0.013542381933318026,-0.010989010989014503,-0.3296703296703285,31,28,ENABLE
1784993406.8198957,0.013160906385900617,-0.0329670329670364,-0.33846153846153726,31,28,ENABLE
1784993406.8240552,0.013160906385900617,-0.010989010989014503,-0.32087912087911974,31,28,ENABLE
1784993406.8287718,0.013160906385900617,-0.010989010989014503,-0.3296703296703285,31,28,ENABLE
1784993406.8344882,0.013542381933318026,0.010989010989014503,-0.312087912087911,31,28,ENABLE
1784993406.8390079,0.013160906385900617,-0.0329670329670364,-0.3296703296703285,31,28,ENABLE
1784993406.844651,0.013542381933318026,-0.010989010989014503,-0.3296703296703285,31,28,ENABLE
1784993406.8491232,0.013542381933318026,0.010989010989014503,-0.3296703296703285,31,28,ENABLE
1784993406.8542602,0.013542381933318026,-0.010989010989014503,-0.32087912087911974,31,28,ENABLE
1784993406.8593125,0.013542381933318026,-0.010989010989014503,-0.3296703296703285,31,28,ENABLE
1784993406.8640125,0.013160906385900617,-0.010989010989014503,-0.3296703296703285,31,28,ENABLE
1784993406.8694909,0.013160906385900617,-0.0329670329670364,-0.3296703296703285,31,28,ENABLE
1784993406.8742657,0.013160906385900617,-0.010989010989014503,-0.33846153846153726,31,28,ENABLE
1784993406.8791857,0.013160906385900617,-0.010989010989014503,-0.312087912087911,31,28,ENABLE
1784993406.8834884,0.013160906385900617,-0.010989010989014503,-0.32087912087911974,31,28,ENABLE
1784993406.8888488,0.013160906385900617,-0.010989010989014503,-0.32087912087911974,31,28,ENABLE
1784993406.8944602,0.013160906385900617,-0.010989010989014503,-0.312087912087911,31,28,ENABLE
1784993406.8995268,0.013160906385900617,-0.0329670329670364,-0.3296703296703285,31,28,ENABLE
1784993406.9044845,0.013160906385900617,0.010989010989014503,-0.3296703296703285,31,28,ENABLE
1784993406.9095623,0.013160906385900617,-0.010989010989014503,-0.32087912087911974,31,28,ENABLE
1784993406.913941,0.013160906385900617,-0.010989010989014503,-0.3296703296703285,31,28,ENABLE
1784993406.9189992,0.013160906385900617,-0.0329670329670364,-0.32087912087911974,31,28,ENABLE
1784993406.9238636,0.013160906385900617,-0.010989010989014503,-0.32087912087911974,31,28,ENABLE
1784993406.9292808,0.013160906385900617,-0.0329670329670364,-0.3296703296703285,31,28,ENABLE
1784993406.9345064,0.013160906385900617,-0.010989010989014503,-0.312087912087911,31,28,ENABLE
1784993406.9390435,0.013160906385900617,-0.010989010989014503,-0.312087912087911,31,28,ENABLE
1784993406.9441004,0.013160906385900617,-0.0329670329670364,-0.32087912087911974,31,28,ENABLE
1784993406.949455,0.012779430838483208,-0.0329670329670364,-0.312087912087911,31,28,ENABLE
1784993406.9545271,0.013160906385900617,0.010989010989014503,-0.312087912087911,31,28,ENABLE
1784993406.959548,0.013160906385900617,-0.010989010989014503,-0.312087912087911,31,28,ENABLE
1784993406.964515,0.013160906385900617,-0.010989010989014503,-0.32087912087911974,31,28,ENABLE
1784993406.9690351,0.013160906385900617,0.010989010989014503,-0.32087912087911974,31,28,ENABLE
1784993406.973923,0.013160906385900617,0.010989010989014503,-0.32087912087911974,31,28,ENABLE
1784993406.9792736,0.013160906385900617,0.010989010989014503,-0.32087912087911974,31,28,ENABLE
1784993406.9844928,0.013160906385900617,-0.0329670329670364,-0.312087912087911,31,28,ENABLE
1784993406.989458,0.012779430838483208,-0.0329670329670364,-0.3032967032967022,31,28,ENABLE
1784993406.9940176,0.012779430838483208,0.010989010989014503,-0.3032967032967022,31,28,ENABLE
1784993406.9990127,0.012779430838483208,-0.010989010989014503,-0.312087912087911,31,28,ENABLE
1784993407.0042357,0.012779430838483208,0.010989010989014503,-0.312087912087911,31,28,ENABLE
1784993407.0092912,0.012779430838483208,-0.0329670329670364,-0.32087912087911974,31,28,ENABLE
1784993407.0146542,0.012779430838483208,-0.010989010989014503,-0.312087912087911,31,28,ENABLE
1784993407.0192144,0.012779430838483208,-0.010989010989014503,-0.312087912087911,31,28,ENABLE
1784993407.02404,0.012779430838483208,-0.0329670329670364,-0.32087912087911974,31,28,ENABLE
1784993407.0291376,0.012779430838483208,-0.0329670329670364,-0.312087912087911,31,28,ENABLE
1784993407.0342371,0.012779430838483208,-0.010989010989014503,-0.312087912087911,31,28,ENABLE
1784993407.0390751,0.012779430838483208,-0.0329670329670364,-0.3032967032967022,31,28,ENABLE
1784993407.0442324,0.012779430838483208,-0.010989010989014503,-0.29450549450549346,31,28,ENABLE
1784993407.0489414,0.012397955291065799,-0.010989010989014503,-0.3032967032967022,31,28,ENABLE
1784993407.0544412,0.012397955291065799,-0.0329670329670364,-0.312087912087911,31,28,ENABLE
1784993407.0591395,0.012779430838483208,-0.010989010989014503,-0.3032967032967022,31,28,ENABLE
1784993407.0644677,0.012779430838483208,-0.010989010989014503,-0.312087912087911,31,28,ENABLE
1784993407.0691106,0.012779430838483208,-0.010989010989014503,-0.312087912087911,31,28,ENABLE
1784993407.0745215,0.012779430838483208,-0.010989010989014503,-0.312087912087911,31,28,ENABLE
1784993407.079019,0.012779430838483208,-0.010989010989014503,-0.312087912087911,31,28,ENABLE
1784993407.0849924,0.012779430838483208,-0.010989010989014503,-0.312087912087911,31,28,ENABLE
1784993407.0895493,0.012397955291065799,-0.0329670329670364,-0.312087912087911,31,28,ENABLE
1784993407.0940206,0.012779430838483208,-0.010989010989014503,-0.32087912087911974,31,28,ENABLE
1784993407.098996,0.012779430838483208,0.010989010989014503,-0.32087912087911974,31,28,ENABLE
1784993407.103985,0.012779430838483208,-0.010989010989014503,-0.312087912087911,31,28,ENABLE
1784993407.1091344,0.012779430838483208,-0.010989010989014503,-0.312087912087911,31,28,ENABLE
1784993407.113909,0.012779430838483208,-0.010989010989014503,-0.312087912087911,31,28,ENABLE
1784993407.1189158,0.012779430838483208,-0.0329670329670364,-0.32087912087911974,31,28,ENABLE
1784993407.1245008,0.012779430838483208,-0.010989010989014503,-0.3032967032967022,31,28,ENABLE
1784993407.129508,0.012779430838483208,-0.010989010989014503,-0.312087912087911,31,28,ENABLE
1784993407.1347308,0.012779430838483208,-0.0329670329670364,-0.312087912087911,31,28,ENABLE
1784993407.1391306,0.012397955291065799,-0.010989010989014503,-0.312087912087911,31,28,ENABLE
1784993407.1440454,0.012779430838483208,-0.010989010989014503,-0.3032967032967022,31,28,ENABLE
1784993407.14953,0.012779430838483208,0.010989010989014503,-0.312087912087911,31,28,ENABLE
1784993407.154512,0.012779430838483208,0.010989010989014503,-0.312087912087911,31,28,ENABLE
1784993407.1595573,0.012779430838483208,-0.010989010989014503,-0.312087912087911,31,28,ENABLE
1784993407.164486,0.012779430838483208,-0.0329670329670364,-0.312087912087911,31,28,ENABLE
1784993407.1694963,0.012779430838483208,-0.010989010989014503,-0.3032967032967022,31,28,ENABLE
1784993407.1740797,0.012779430838483208,-0.010989010989014503,-0.312087912087911,31,28,ENABLE
1784993407.1790915,0.012779430838483208,-0.0329670329670364,-0.312087912087911,31,28,ENABLE
1784993407.184145,0.012779430838483208,0.010989010989014503,-0.3032967032967022,31,28,ENABLE
1784993407.189265,0.012779430838483208,0.010989010989014503,-0.312087912087911,31,28,ENABLE
1784993407.1940732,0.012779430838483208,-0.0329670329670364,-0.32087912087911974,31,28,ENABLE
1784993407.1994462,0.012779430838483208,-0.010989010989014503,-0.32087912087911974,31,28,ENABLE
1784993407.204066,0.012779430838483208,0.010989010989014503,-0.312087912087911,31,28,ENABLE
1784993407.2095358,0.012779430838483208,-0.0549450549450583,-0.32087912087911974,31,28,ENABLE
1784993407.2140892,0.012779430838483208,-0.0329670329670364,-0.32087912087911974,31,28,ENABLE
1784993407.218947,0.012779430838483208,-0.0329670329670364,-0.312087912087911,31,28,ENABLE
1784993407.2242634,0.012779430838483208,-0.0329670329670364,-0.312087912087911,31,28,ENABLE
1784993407.2290027,0.012779430838483208,-0.0329670329670364,-0.312087912087911,31,28,ENABLE
1784993407.234519,0.012779430838483208,-0.010989010989014503,-0.3032967032967022,31,28,ENABLE
1784993407.2395175,0.012779430838483208,-0.010989010989014503,-0.3032967032967022,31,28,ENABLE
1784993407.244072,0.012779430838483208,0.010989010989014503,-0.3032967032967022,31,28,ENABLE
1784993407.2495582,0.012779430838483208,0.010989010989014503,-0.312087912087911,31,28,ENABLE
1784993407.2538354,0.012397955291065799,-0.0329670329670364,-0.32087912087911974,31,28,ENABLE
1784993407.2585673,0.012779430838483208,0.010989010989014503,-0.32087912087911974,31,28,ENABLE
1784993407.26445,0.012779430838483208,-0.010989010989014503,-0.312087912087911,31,28,ENABLE
1784993407.2696452,0.012779430838483208,-0.010989010989014503,-0.32087912087911974,31,28,ENABLE
1784993407.2745223,0.012779430838483208,-0.0329670329670364,-0.312087912087911,31,28,ENABLE
1784993407.2795308,0.012779430838483208,-0.0329670329670364,-0.3032967032967022,31,28,ENABLE
1784993407.284032,0.012779430838483208,-0.010989010989014503,-0.312087912087911,31,28,ENABLE
1784993407.289597,0.012779430838483208,0.010989010989014503,-0.312087912087911,31,28,ENABLE
1784993407.2939596,0.012779430838483208,-0.0329670329670364,-0.312087912087911,31,28,ENABLE
1784993407.2994642,0.012779430838483208,-0.010989010989014503,-0.312087912087911,31,28,ENABLE
1784993407.3044696,0.012779430838483208,-0.010989010989014503,-0.3032967032967022,31,28,ENABLE
1784993407.3095348,0.012779430838483208,-0.010989010989014503,-0.312087912087911,31,28,ENABLE
1784993407.3145614,0.012779430838483208,-0.010989010989014503,-0.312087912087911,31,28,ENABLE
1784993407.3195705,0.012779430838483208,0.010989010989014503,-0.312087912087911,31,28,ENABLE
1784993407.3239293,0.012779430838483208,0.010989010989014503,-0.3032967032967022,31,28,ENABLE
1784993407.3293,0.012779430838483208,-0.010989010989014503,-0.3032967032967022,31,28,ENABLE
1784993407.3342776,0.012779430838483208,-0.010989010989014503,-0.312087912087911,31,28,ENABLE
1784993407.3393009,0.012779430838483208,-0.010989010989014503,-0.32087912087911974,31,28,ENABLE
1784993407.344012,0.012779430838483208,-0.010989010989014503,-0.32087912087911974,31,28,ENABLE
1784993407.3495212,0.012779430838483208,-0.010989010989014503,-0.312087912087911,31,28,ENABLE
1784993407.3540146,0.012779430838483208,-0.010989010989014503,-0.3032967032967022,31,28,ENABLE
1784993407.359548,0.012779430838483208,-0.010989010989014503,-0.3032967032967022,31,28,ENABLE
1784993407.3641715,0.012779430838483208,0.010989010989014503,-0.3032967032967022,31,28,ENABLE
1784993407.36868,0.012779430838483208,-0.010989010989014503,-0.312087912087911,31,28,ENABLE
1784993407.3739774,0.012779430838483208,-0.0329670329670364,-0.32087912087911974,31,28,ENABLE
1784993407.379061,0.012779430838483208,-0.010989010989014503,-0.312087912087911,31,28,ENABLE
1784993407.3845975,0.012779430838483208,-0.010989010989014503,-0.312087912087911,31,28,ENABLE
1784993407.3890393,0.012779430838483208,-0.010989010989014503,-0.312087912087911,31,28,ENABLE
1784993407.3945541,0.012397955291065799,-0.010989010989014503,-0.312087912087911,31,28,ENABLE
1784993407.3992598,0.012779430838483208,-0.010989010989014503,-0.312087912087911,31,28,ENABLE
1784993407.404257,0.012397955291065799,-0.010989010989014503,-0.3032967032967022,31,28,ENABLE
1784993407.4090052,0.012397955291065799,-0.010989010989014503,-0.3032967032967022,31,28,ENABLE
1784993407.41378,0.012397955291065799,-0.010989010989014503,-0.3032967032967022,31,28,ENABLE
1784993407.4191551,0.012779430838483208,0.010989010989014503,-0.312087912087911,31,28,ENABLE
1784993407.4241173,0.012779430838483208,-0.010989010989014503,-0.32087912087911974,31,28,ENABLE
1784993407.4296725,0.012779430838483208,-0.0329670329670364,-0.312087912087911,31,28,ENABLE
1784993407.4346774,0.012779430838483208,-0.010989010989014503,-0.3032967032967022,31,28,ENABLE
1784993407.4390943,0.012397955291065799,-0.0329670329670364,-0.3032967032967022,31,28,ENABLE
1784993407.44414,0.012779430838483208,-0.010989010989014503,-0.3032967032967022,31,28,ENABLE
1784993407.4490154,0.012397955291065799,0.010989010989014503,-0.312087912087911,31,28,ENABLE
1784993407.4545064,0.012779430838483208,-0.010989010989014503,-0.312087912087911,31,28,ENABLE
1784993407.459255,0.012397955291065799,-0.0329670329670364,-0.312087912087911,31,28,ENABLE
1784993407.4642234,0.012397955291065799,-0.010989010989014503,-0.312087912087911,31,28,ENABLE
1784993407.468922,0.012397955291065799,0.010989010989014503,-0.312087912087911,31,28,ENABLE
1784993407.4737432,0.012397955291065799,-0.010989010989014503,-0.312087912087911,31,28,ENABLE
1784993407.4795353,0.012779430838483208,-0.010989010989014503,-0.3032967032967022,31,28,ENABLE
1784993407.484472,0.012779430838483208,-0.010989010989014503,-0.312087912087911,31,28,ENABLE
1784993407.489611,0.012779430838483208,-0.010989010989014503,-0.3032967032967022,31,28,ENABLE
1784993407.4941127,0.012779430838483208,-0.010989010989014503,-0.3032967032967022,31,28,ENABLE
1784993407.4990242,0.012779430838483208,-0.010989010989014503,-0.312087912087911,31,28,ENABLE
1784993407.5044937,0.012779430838483208,-0.010989010989014503,-0.312087912087911,31,28,ENABLE
1784993407.5095005,0.012397955291065799,-0.0329670329670364,-0.312087912087911,31,28,ENABLE
1784993407.5141377,0.012779430838483208,-0.010989010989014503,-0.312087912087911,31,28,ENABLE
1784993407.5193422,0.012397955291065799,-0.0329670329670364,-0.3032967032967022,31,28,ENABLE
1784993407.5245955,0.012397955291065799,-0.010989010989014503,-0.3032967032967022,31,28,ENABLE
1784993407.5290549,0.012397955291065799,-0.010989010989014503,-0.312087912087911,31,28,ENABLE
1784993407.5339217,0.012779430838483208,-0.0329670329670364,-0.3032967032967022,31,28,ENABLE
1784993407.5392852,0.012779430838483208,-0.010989010989014503,-0.3032967032967022,31,28,ENABLE
1784993407.5442722,0.012779430838483208,0.010989010989014503,-0.3032967032967022,31,28,ENABLE
1784993407.5488424,0.012779430838483208,0.010989010989014503,-0.3032967032967022,31,28,ENABLE
1784993407.5539625,0.012397955291065799,-0.0329670329670364,-0.29450549450549346,31,28,ENABLE
1784993407.5594583,0.012397955291065799,-0.010989010989014503,-0.312087912087911,31,28,ENABLE
1784993407.5644984,0.012779430838483208,-0.010989010989014503,-0.312087912087911,31,28,ENABLE
1784993407.5691426,0.012779430838483208,0.010989010989014503,-0.312087912087911,31,28,ENABLE
1784993407.5741813,0.012779430838483208,-0.010989010989014503,-0.312087912087911,31,28,ENABLE
1784993407.5790129,0.012779430838483208,-0.0329670329670364,-0.32087912087911974,31,28,ENABLE
1784993407.584425,0.012779430838483208,-0.010989010989014503,-0.312087912087911,31,28,ENABLE
1784993407.588741,0.012779430838483208,-0.010989010989014503,-0.3032967032967022,31,28,ENABLE
1784993407.5940382,0.012779430838483208,-0.010989010989014503,-0.312087912087911,31,28,ENABLE
1784993407.5990188,0.012779430838483208,-0.010989010989014503,-0.3032967032967022,31,28,ENABLE
1784993407.6040244,0.012397955291065799,-0.010989010989014503,-0.3032967032967022,31,28,ENABLE
1784993407.60954,0.012397955291065799,-0.010989010989014503,-0.3032967032967022,31,28,ENABLE
1784993407.614403,0.012779430838483208,-0.010989010989014503,-0.3032967032967022,31,28,ENABLE
1784993407.6192548,0.012779430838483208,-0.010989010989014503,-0.312087912087911,31,28,ENABLE
1784993407.6240573,0.012779430838483208,-0.010989010989014503,-0.312087912087911,31,28,ENABLE
1784993407.629277,0.012779430838483208,-0.010989010989014503,-0.32087912087911974,31,28,ENABLE
1784993407.6342845,0.012779430838483208,-0.010989010989014503,-0.312087912087911,31,28,ENABLE
1784993407.6394498,0.012779430838483208,-0.010989010989014503,-0.312087912087911,31,28,ENABLE
1784993407.6445434,0.012397955291065799,-0.0329670329670364,-0.3032967032967022,31,28,ENABLE
1784993407.649018,0.012779430838483208,-0.0329670329670364,-0.32087912087911974,31,28,ENABLE
1784993407.654496,0.012779430838483208,0.010989010989014503,-0.312087912087911,31,28,ENABLE
1784993407.6589196,0.012779430838483208,0.010989010989014503,-0.312087912087911,31,28,ENABLE
1784993407.6640205,0.012779430838483208,-0.010989010989014503,-0.32087912087911974,31,28,ENABLE
1784993407.6695366,0.012779430838483208,0.010989010989014503,-0.312087912087911,31,28,ENABLE
1784993407.6745365,0.012779430838483208,-0.010989010989014503,-0.312087912087911,31,28,ENABLE
1784993407.6795034,0.012397955291065799,-0.010989010989014503,-0.312087912087911,31,28,ENABLE
1784993407.6847477,0.012779430838483208,-0.010989010989014503,-0.3032967032967022,31,28,ENABLE
1784993407.6892827,0.012779430838483208,-0.010989010989014503,-0.3032967032967022,31,28,ENABLE
1784993407.6942317,0.012779430838483208,-0.010989010989014503,-0.312087912087911,31,28,ENABLE
1784993407.698916,0.012397955291065799,-0.0329670329670364,-0.312087912087911,31,28,ENABLE
1784993407.7042625,0.012779430838483208,-0.010989010989014503,-0.312087912087911,31,28,ENABLE
1784993407.7095027,0.012779430838483208,-0.010989010989014503,-0.32087912087911974,31,28,ENABLE
1784993407.714553,0.012397955291065799,-0.0329670329670364,-0.32087912087911974,31,28,ENABLE
1784993407.719027,0.012397955291065799,-0.0329670329670364,-0.3032967032967022,31,28,ENABLE
1784993407.7244973,0.012779430838483208,0.010989010989014503,-0.3032967032967022,31,28,ENABLE
1784993407.729383,0.012397955291065799,-0.010989010989014503,-0.3032967032967022,31,28,ENABLE
1784993407.73432,0.012397955291065799,-0.010989010989014503,-0.312087912087911,31,28,ENABLE
1784993407.7390528,0.012397955291065799,-0.010989010989014503,-0.312087912087911,31,28,ENABLE
1784993407.7437916,0.012397955291065799,0.010989010989014503,-0.312087912087911,31,28,ENABLE
1784993407.7489128,0.012779430838483208,-0.010989010989014503,-0.312087912087911,31,28,ENABLE
1784993407.7542753,0.012779430838483208,-0.010989010989014503,-0.312087912087911,31,28,ENABLE
1784993407.7594776,0.012779430838483208,-0.010989010989014503,-0.312087912087911,31,28,ENABLE
1784993407.7641094,0.012779430838483208,-0.0329670329670364,-0.312087912087911,31,28,ENABLE
1784993407.7692878,0.012397955291065799,-0.010989010989014503,-0.3032967032967022,31,28,ENABLE
1784993407.7742324,0.012779430838483208,-0.010989010989014503,-0.312087912087911,31,28,ENABLE
1784993407.7794888,0.012779430838483208,-0.010989010989014503,-0.3032967032967022,31,28,ENABLE
1784993407.784048,0.012779430838483208,-0.010989010989014503,-0.312087912087911,31,28,ENABLE
1784993407.789468,0.012779430838483208,-0.010989010989014503,-0.312087912087911,31,28,ENABLE
1784993407.794518,0.012779430838483208,0.010989010989014503,-0.312087912087911,31,28,ENABLE
1784993407.7990277,0.012779430838483208,-0.0329670329670364,-0.312087912087911,31,28,ENABLE
1784993407.8040264,0.012779430838483208,-0.010989010989014503,-0.312087912087911,31,28,ENABLE
1784993407.8088648,0.012779430838483208,-0.010989010989014503,-0.312087912087911,31,28,ENABLE
1784993407.814274,0.012779430838483208,-0.010989010989014503,-0.3032967032967022,31,28,ENABLE
1784993407.8194604,0.012397955291065799,-0.010989010989014503,-0.3032967032967022,31,28,ENABLE
1784993407.8239825,0.012397955291065799,-0.010989010989014503,-0.312087912087911,31,28,ENABLE
1784993407.8295105,0.012779430838483208,-0.010989010989014503,-0.3032967032967022,31,28,ENABLE
1784993407.834038,0.012397955291065799,-0.010989010989014503,-0.312087912087911,31,28,ENABLE
1784993407.8395514,0.012779430838483208,0.010989010989014503,-0.312087912087911,31,28,ENABLE
1784993407.844601,0.012397955291065799,-0.0329670329670364,-0.312087912087911,31,28,ENABLE
1784993407.8495233,0.012779430838483208,-0.010989010989014503,-0.312087912087911,31,28,ENABLE
1784993407.8539886,0.012779430838483208,-0.0329670329670364,-0.32087912087911974,31,28,ENABLE
1784993407.8590121,0.012779430838483208,-0.010989010989014503,-0.312087912087911,31,28,ENABLE
1784993407.8644528,0.012779430838483208,-0.010989010989014503,-0.3032967032967022,31,28,ENABLE
1784993407.8694994,0.012397955291065799,-0.010989010989014503,-0.3032967032967022,31,28,ENABLE
1784993407.874107,0.012397955291065799,-0.0329670329670364,-0.3032967032967022,31,28,ENABLE
1784993407.8788965,0.012779430838483208,0.010989010989014503,-0.3032967032967022,31,28,ENABLE
1784993407.8839896,0.012397955291065799,-0.010989010989014503,-0.3032967032967022,31,28,ENABLE
1784993407.8895023,0.012397955291065799,-0.010989010989014503,-0.3032967032967022,31,28,ENABLE
1784993407.8944852,0.012397955291065799,-0.010989010989014503,-0.312087912087911,31,28,ENABLE
1784993407.8991024,0.012397955291065799,-0.010989010989014503,-0.312087912087911,31,28,ENABLE
1784993407.9044173,0.012397955291065799,-0.0329670329670364,-0.312087912087911,31,28,ENABLE
1784993407.9092367,0.012779430838483208,0.010989010989014503,-0.312087912087911,31,28,ENABLE
1784993407.9137235,0.012779430838483208,0.010989010989014503,-0.312087912087911,31,28,ENABLE
1784993407.918865,0.012779430838483208,0.010989010989014503,-0.312087912087911,31,28,ENABLE
1784993407.9244988,0.012397955291065799,-0.010989010989014503,-0.312087912087911,31,28,ENABLE
1784993407.9295154,0.012779430838483208,-0.0329670329670364,-0.32087912087911974,31,28,ENABLE
1784993407.9340935,0.012779430838483208,0.010989010989014503,-0.312087912087911,31,28,ENABLE
1784993407.9390366,0.012397955291065799,-0.0549450549450583,-0.312087912087911,31,28,ENABLE
1784993407.9444826,0.012397955291065799,-0.010989010989014503,-0.312087912087911,31,28,ENABLE
1784993407.9495237,0.012397955291065799,-0.010989010989014503,-0.312087912087911,31,28,ENABLE
1784993407.9536922,0.012779430838483208,-0.010989010989014503,-0.3032967032967022,31,28,ENABLE
1784993407.9589787,0.012779430838483208,-0.010989010989014503,-0.3032967032967022,31,28,ENABLE
1784993407.964545,0.012779430838483208,0.010989010989014503,-0.3032967032967022,31,28,ENABLE
1784993407.9695127,0.012397955291065799,-0.010989010989014503,-0.29450549450549346,31,28,ENABLE
1784993407.9742799,0.012397955291065799,-0.0329670329670364,-0.29450549450549346,31,28,ENABLE
1784993407.9792812,0.012397955291065799,-0.010989010989014503,-0.3032967032967022,31,28,ENABLE
1784993407.9845412,0.012397955291065799,-0.010989010989014503,-0.312087912087911,31,28,ENABLE
1784993407.9894702,0.012779430838483208,0.010989010989014503,-0.312087912087911,31,28,ENABLE
1784993407.994046,0.012397955291065799,-0.010989010989014503,-0.312087912087911,31,28,ENABLE
1784993407.9990551,0.012397955291065799,-0.010989010989014503,-0.312087912087911,31,28,ENABLE
1784993408.0040014,0.012397955291065799,-0.010989010989014503,-0.312087912087911,31,28,ENABLE
1784993408.009013,0.012397955291065799,0.010989010989014503,-0.312087912087911,31,28,ENABLE
1784993408.0141358,0.012397955291065799,-0.0329670329670364,-0.312087912087911,31,28,ENABLE
1784993408.019234,0.012397955291065799,-0.010989010989014503,-0.312087912087911,31,28,ENABLE
1784993408.0242884,0.012397955291065799,-0.010989010989014503,-0.312087912087911,31,28,ENABLE
1784993408.0292745,0.012397955291065799,-0.010989010989014503,-0.312087912087911,31,28,ENABLE
1784993408.0340235,0.012397955291065799,-0.010989010989014503,-0.312087912087911,31,28,ENABLE
1784993408.0390022,0.012397955291065799,-0.0329670329670364,-0.312087912087911,31,28,ENABLE
1784993408.0443916,0.012397955291065799,0.010989010989014503,-0.312087912087911,31,28,ENABLE
1784993408.0493436,0.012397955291065799,0.010989010989014503,-0.3032967032967022,31,28,ENABLE
1784993408.0540347,0.012397955291065799,-0.010989010989014503,-0.3032967032967022,31,28,ENABLE
1784993408.0589168,0.012397955291065799,-0.0329670329670364,-0.3032967032967022,31,28,ENABLE
1784993408.0639324,0.012397955291065799,-0.010989010989014503,-0.3032967032967022,31,28,ENABLE
1784993408.0693085,0.012397955291065799,-0.010989010989014503,-0.312087912087911,31,28,ENABLE
1784993408.074931,0.012397955291065799,-0.010989010989014503,-0.3032967032967022,31,28,ENABLE
1784993408.079714,0.012397955291065799,-0.010989010989014503,-0.3032967032967022,31,28,ENABLE
1784993408.0840185,0.012397955291065799,-0.010989010989014503,-0.3032967032967022,31,28,ENABLE
1784993408.0890315,0.012397955291065799,-0.010989010989014503,-0.3032967032967022,31,28,ENABLE
1784993408.0942643,0.012397955291065799,-0.010989010989014503,-0.3032967032967022,31,28,ENABLE
1784993408.0992355,0.012397955291065799,-0.010989010989014503,-0.29450549450549346,31,28,ENABLE
1784993408.1039977,0.012397955291065799,0.010989010989014503,-0.29450549450549346,31,28,ENABLE
1784993408.1086957,0.012397955291065799,-0.010989010989014503,-0.29450549450549346,31,28,ENABLE
1784993408.113885,0.01201647974364839,-0.0329670329670364,-0.29450549450549346,31,28,ENABLE
1784993408.1192708,0.012397955291065799,-0.010989010989014503,-0.3032967032967022,31,28,ENABLE
1784993408.1246116,0.01201647974364839,-0.010989010989014503,-0.29450549450549346,31,28,ENABLE
1784993408.1291797,0.012397955291065799,-0.010989010989014503,-0.29450549450549346,31,28,ENABLE
1784993408.133949,0.01201647974364839,0.010989010989014503,-0.29450549450549346,31,28,ENABLE
1784993408.1392398,0.01201647974364839,-0.0329670329670364,-0.29450549450549346,31,28,ENABLE
1784993408.1444829,0.01201647974364839,-0.010989010989014503,-0.2857142857142847,31,28,ENABLE
1784993408.1494958,0.01201647974364839,0.010989010989014503,-0.29450549450549346,31,28,ENABLE
1784993408.154535,0.01201647974364839,-0.010989010989014503,-0.29450549450549346,31,28,ENABLE
1784993408.1591372,0.01201647974364839,-0.0329670329670364,-0.2857142857142847,31,28,ENABLE
1784993408.164085,0.01201647974364839,-0.010989010989014503,-0.2857142857142847,31,28,ENABLE
1784993408.1690311,0.01201647974364839,-0.010989010989014503,-0.2857142857142847,31,28,ENABLE
1784993408.1742585,0.01201647974364839,-0.010989010989014503,-0.29450549450549346,31,28,ENABLE
1784993408.178901,0.01201647974364839,-0.010989010989014503,-0.29450549450549346,31,28,ENABLE
1784993408.1844978,0.01201647974364839,-0.0329670329670364,-0.29450549450549346,31,28,ENABLE
1784993408.189049,0.01201647974364839,-0.010989010989014503,-0.29450549450549346,31,28,ENABLE
1784993408.1940231,0.01201647974364839,-0.010989010989014503,-0.29450549450549346,31,28,ENABLE
1784993408.199514,0.01201647974364839,-0.0329670329670364,-0.2857142857142847,31,28,ENABLE
1784993408.2040844,0.01201647974364839,-0.010989010989014503,-0.2857142857142847,31,28,ENABLE
1784993408.2092845,0.01163500419623098,-0.0549450549450583,-0.29450549450549346,31,28,ENABLE
1784993408.2140174,0.01201647974364839,-0.0329670329670364,-0.2857142857142847,31,28,ENABLE
1784993408.2191062,0.01201647974364839,-0.010989010989014503,-0.29450549450549346,31,28,ENABLE
1784993408.2242298,0.01201647974364839,0.010989010989014503,-0.29450549450549346,31,28,ENABLE
1784993408.228912,0.01163500419623098,-0.0329670329670364,-0.2857142857142847,31,28,ENABLE
1784993408.2345886,0.01201647974364839,-0.010989010989014503,-0.29450549450549346,31,28,ENABLE
1784993408.2391138,0.01201647974364839,-0.010989010989014503,-0.29450549450549346,31,28,ENABLE
1784993408.2440376,0.01163500419623098,-0.010989010989014503,-0.2857142857142847,31,28,ENABLE
1784993408.2494528,0.01201647974364839,-0.010989010989014503,-0.29450549450549346,31,28,ENABLE
1784993408.2543705,0.01201647974364839,0.010989010989014503,-0.29450549450549346,31,28,ENABLE
1784993408.2589166,0.01163500419623098,-0.0329670329670364,-0.29450549450549346,31,28,ENABLE
1784993408.263889,0.01201647974364839,-0.010989010989014503,-0.2857142857142847,31,28,ENABLE
1784993408.2690108,0.01201647974364839,-0.010989010989014503,-0.29450549450549346,31,28,ENABLE
1784993408.2747643,0.01201647974364839,-0.010989010989014503,-0.2857142857142847,31,28,ENABLE
1784993408.2792373,0.01163500419623098,-0.0329670329670364,-0.2857142857142847,31,28,ENABLE
1784993408.283905,0.01163500419623098,-0.0329670329670364,-0.27692307692307594,31,28,ENABLE
1784993408.2892625,0.01163500419623098,-0.0329670329670364,-0.2681318681318672,31,28,ENABLE
1784993408.2945063,0.01163500419623098,-0.0329670329670364,-0.27692307692307594,31,28,ENABLE
1784993408.2990782,0.01163500419623098,-0.0329670329670364,-0.2857142857142847,31,28,ENABLE
1784993408.3042898,0.011253528648813571,-0.010989010989014503,-0.2593406593406584,31,28,ENABLE
1784993408.3092325,0.011253528648813571,-0.010989010989014503,-0.2593406593406584,31,28,ENABLE
1784993408.3142326,0.011253528648813571,-0.010989010989014503,-0.2681318681318672,31,28,ENABLE
1784993408.3188987,0.011253528648813571,-0.010989010989014503,-0.2857142857142847,31,28,ENABLE
1784993408.323893,0.011253528648813571,0.010989010989014503,-0.2857142857142847,31,28,ENABLE
1784993408.329292,0.011253528648813571,-0.0329670329670364,-0.2857142857142847,31,28,ENABLE
1784993408.3345122,0.011253528648813571,-0.0549450549450583,-0.2681318681318672,31,28,ENABLE
1784993408.339551,0.010872053101396162,-0.0769230769230802,-0.25054945054944966,31,28,ENABLE
1784993408.3439686,0.010490577553978753,-0.0329670329670364,-0.2417582417582409,31,28,ENABLE
1784993408.3494985,0.010490577553978753,-0.010989010989014503,-0.23296703296703214,31,28,ENABLE
1784993408.3541918,0.010490577553978753,-0.0329670329670364,-0.25054945054944966,31,28,ENABLE
1784993408.3590863,0.010490577553978753,-0.010989010989014503,-0.2417582417582409,31,28,ENABLE
1784993408.3638995,0.010490577553978753,-0.0329670329670364,-0.2417582417582409,31,28,ENABLE
1784993408.3690188,0.010109102006561344,-0.0549450549450583,-0.25054945054944966,31,28,ENABLE
1784993408.3740835,0.010109102006561344,-0.0329670329670364,-0.25054945054944966,31,28,ENABLE
1784993408.3795066,0.010109102006561344,-0.010989010989014503,-0.25054945054944966,31,28,ENABLE
1784993408.3841386,0.010109102006561344,0.010989010989014503,-0.25054945054944966,31,28,ENABLE
1784993408.3895366,0.009727626459143934,-0.0549450549450583,-0.2417582417582409,31,28,ENABLE
1784993408.394304,0.009727626459143934,-0.0549450549450583,-0.22417582417582338,31,28,ENABLE
1784993408.399279,0.009727626459143934,-0.0329670329670364,-0.22417582417582338,31,28,ENABLE
1784993408.404015,0.009727626459143934,-0.010989010989014503,-0.23296703296703214,31,28,ENABLE
1784993408.4090157,0.009346150911726525,-0.010989010989014503,-0.23296703296703214,31,28,ENABLE
1784993408.4143,0.009346150911726525,-0.0329670329670364,-0.22417582417582338,31,28,ENABLE
1784993408.4192998,0.009346150911726525,-0.0329670329670364,-0.22417582417582338,31,28,ENABLE
1784993408.4240918,0.009346150911726525,-0.010989010989014503,-0.21538461538461462,31,28,ENABLE
1784993408.4292393,0.009346150911726525,-0.0329670329670364,-0.21538461538461462,31,28,ENABLE
1784993408.4343507,0.008964675364309116,-0.0329670329670364,-0.20659340659340586,31,28,ENABLE
1784993408.4390743,0.008583199816891707,-0.0549450549450583,-0.20659340659340586,31,28,ENABLE
1784993408.4443994,0.008583199816891707,-0.0329670329670364,-0.20659340659340586,31,28,ENABLE
1784993408.4491348,0.008583199816891707,-0.0329670329670364,-0.20659340659340586,31,28,ENABLE
1784993408.4539685,0.008583199816891707,-0.0329670329670364,-0.1978021978021971,31,28,ENABLE
1784993408.4594774,0.008201724269474298,-0.0549450549450583,-0.1978021978021971,31,28,ENABLE
1784993408.4644735,0.008201724269474298,-0.0329670329670364,-0.18901098901098834,31,28,ENABLE
1784993408.4690359,0.008201724269474298,-0.0549450549450583,-0.18901098901098834,31,28,ENABLE
1784993408.4742928,0.007820248722056888,-0.0549450549450583,-0.18901098901098834,31,28,ENABLE
1784993408.479132,0.007820248722056888,-0.010989010989014503,-0.17142857142857082,31,28,ENABLE
1784993408.4838903,0.007820248722056888,-0.010989010989014503,-0.18901098901098834,31,28,ENABLE
1784993408.4896195,0.007820248722056888,-0.0329670329670364,-0.1978021978021971,31,28,ENABLE
1784993408.4940262,0.007820248722056888,-0.010989010989014503,-0.20659340659340586,31,28,ENABLE
1784993408.4992561,0.007820248722056888,-0.0329670329670364,-0.1978021978021971,31,28,ENABLE
1784993408.5044081,0.007820248722056888,-0.010989010989014503,-0.18901098901098834,31,28,ENABLE
1784993408.5090215,0.007820248722056888,-0.010989010989014503,-0.1978021978021971,31,28,ENABLE
1784993408.5140984,0.007820248722056888,-0.010989010989014503,-0.18901098901098834,31,28,ENABLE
