time,position,velocity,torque,temp_mosfet,temp_rotor,status
1785583349.3464024,-0.17338063630121248,-0.010989010989014503,-0.01318681318681314,34,31,ENABLE
1785583349.5653856,-0.0001907377737087046,-0.010989010989014503,-0.00439560439560438,34,31,ENABLE
1785583349.5795078,-0.0005722133211261138,-0.010989010989014503,-0.00439560439560438,34,31,ENABLE
1785583349.58429,-0.0005722133211261138,-0.010989010989014503,-0.00439560439560438,34,31,ENABLE
1785583349.5892622,-0.0005722133211261138,-0.0329670329670364,0.00439560439560438,34,31,ENABLE
1785583349.5936384,-0.000953688868543523,-0.010989010989014503,0.01318681318681314,34,31,ENABLE
1785583349.5986714,-0.0005722133211261138,-0.010989010989014503,0.0219780219780219,34,31,ENABLE
1785583349.6036804,-0.0005722133211261138,-0.010989010989014503,0.03956043956043942,34,31,ENABLE
1785583349.6087737,-0.0005722133211261138,-0.010989010989014503,0.03956043956043942,34,31,ENABLE
1785583349.613989,-0.0005722133211261138,-0.010989010989014503,0.04835164835164818,34,31,ENABLE
1785583349.618874,-0.0001907377737087046,0.010989010989014503,0.0659340659340657,34,31,ENABLE
1785583349.6236913,-0.0001907377737087046,0.010989010989014503,0.07472527472527446,34,31,ENABLE
1785583349.6286948,0.0001907377737087046,-0.010989010989014503,0.09230769230769198,34,31,ENABLE
1785583349.6337044,0.0001907377737087046,0.0329670329670364,0.09230769230769198,34,31,ENABLE
1785583349.6386642,0.0005722133211261138,0.010989010989014503,0.1098901098901095,34,31,ENABLE
1785583349.6437016,0.0005722133211261138,0.010989010989014503,0.12747252747252702,34,31,ENABLE
1785583349.648813,0.0005722133211261138,0.010989010989014503,0.13626373626373578,34,31,ENABLE
1785583349.6536891,0.0005722133211261138,-0.0329670329670364,0.16263736263736206,34,31,ENABLE
1785583349.6586614,0.0001907377737087046,-0.0549450549450583,0.20659340659340586,34,31,ENABLE
1785583349.6637826,0.0001907377737087046,-0.010989010989014503,0.23296703296703214,34,31,ENABLE
1785583349.6687906,0.0001907377737087046,-0.010989010989014503,0.25054945054944966,34,31,ENABLE
1785583349.6736877,0.0005722133211261138,0.010989010989014503,0.2593406593406584,34,31,ENABLE
1785583349.6786804,0.0005722133211261138,0.0329670329670364,0.2593406593406584,34,31,ENABLE
1785583349.6836753,0.0013351644159609322,0.0549450549450583,0.2593406593406584,34,31,ENABLE
1785583349.6887152,0.0017166399633783413,0.120879120879124,0.2417582417582409,34,31,ENABLE
1785583349.6936858,0.0024795910582131597,0.0989010989011021,0.2417582417582409,34,31,ENABLE
1785583349.698677,0.0020981155107957505,-0.0329670329670364,0.2681318681318672,34,31,ENABLE
1785583349.7038019,0.0024795910582131597,0.0549450549450583,0.2857142857142847,34,31,ENABLE
1785583349.7088284,0.003242542153047978,0.0769230769230802,0.29450549450549346,34,31,ENABLE
1785583349.7139623,0.003242542153047978,0.0329670329670364,0.3032967032967022,34,31,ENABLE
1785583349.7189403,0.003242542153047978,-0.010989010989014503,0.32087912087911974,34,31,ENABLE
1785583349.7238135,0.0036240177004653873,0.0549450549450583,0.3296703296703285,34,31,ENABLE
1785583349.728828,0.0040054932478827965,0.0549450549450583,0.3560439560439548,34,31,ENABLE
1785583349.733855,0.0040054932478827965,0.010989010989014503,0.38241758241758106,34,31,ENABLE
1785583349.7388015,0.0040054932478827965,-0.0329670329670364,0.40879120879120734,34,31,ENABLE
1785583349.743806,0.0040054932478827965,0.0329670329670364,0.42637362637362486,34,31,ENABLE
1785583349.7488732,0.004386968795300206,0.0329670329670364,0.4351648351648336,34,31,ENABLE
1785583349.753876,0.004386968795300206,0.0329670329670364,0.45274725274725114,34,31,ENABLE
1785583349.7588189,0.004386968795300206,0.010989010989014503,0.47032967032966866,34,31,ENABLE
1785583349.7638128,0.004386968795300206,0.010989010989014503,0.49670329670329494,34,31,ENABLE
1785583349.7688227,0.004768444342717615,0.0329670329670364,0.5054945054945073,34,31,ENABLE
1785583349.774497,0.005149919890135024,0.0769230769230802,0.5054945054945073,34,31,ENABLE
1785583349.7788618,0.005149919890135024,0.0549450549450583,0.5054945054945073,34,31,ENABLE
1785583349.783737,0.005531395437552433,0.010989010989014503,0.5318681318681335,34,31,ENABLE
1785583349.7887847,0.005531395437552433,0.010989010989014503,0.5582417582417598,34,31,ENABLE
1785583349.7938128,0.005531395437552433,0.010989010989014503,0.5758241758241773,34,31,ENABLE
1785583349.7988582,0.005531395437552433,0.010989010989014503,0.6021978021978036,34,31,ENABLE
1785583349.8037994,0.005531395437552433,0.010989010989014503,0.6285714285714299,34,31,ENABLE
1785583349.8088193,0.005531395437552433,0.010989010989014503,0.6373626373626387,34,31,ENABLE
1785583349.8138142,0.005912870984969842,-0.010989010989014503,0.6637362637362649,34,31,ENABLE
1785583349.818804,0.005531395437552433,-0.010989010989014503,0.6813186813186825,34,31,ENABLE
1785583349.8238132,0.005912870984969842,0.0329670329670364,0.6901098901098912,34,31,ENABLE
1785583349.8288136,0.006294346532387252,0.0549450549450583,0.6813186813186825,34,31,ENABLE
1785583349.8338547,0.00705729762722207,0.0989010989011021,0.6725274725274737,34,31,ENABLE
1785583349.8388057,0.007438773174639479,0.0549450549450583,0.6725274725274737,34,31,ENABLE
1785583349.8438084,0.007438773174639479,0.0549450549450583,0.6813186813186825,34,31,ENABLE
1785583349.8488214,0.007820248722056888,0.0329670329670364,0.6901098901098912,34,31,ENABLE
1785583349.853808,0.008201724269474298,0.0769230769230802,0.7076923076923087,34,31,ENABLE
1785583349.8587985,0.008583199816891707,0.0769230769230802,0.7164835164835175,34,31,ENABLE
1785583349.8638055,0.009346150911726525,0.0989010989011021,0.7076923076923087,34,31,ENABLE
1785583349.868819,0.010109102006561344,0.120879120879124,0.6989010989011,34,31,ENABLE
1785583349.8738048,0.010872053101396162,0.1428571428571459,0.6813186813186825,34,31,ENABLE
1785583349.8787992,0.01163500419623098,0.1428571428571459,0.6813186813186825,34,31,ENABLE
1785583349.8838024,0.012397955291065799,0.120879120879124,0.6813186813186825,34,31,ENABLE
1785583349.8888361,0.013160906385900617,0.1428571428571459,0.6901098901098912,34,31,ENABLE
1785583349.8938055,0.013923857480735435,0.1648351648351678,0.6813186813186825,34,31,ENABLE
1785583349.8988085,0.014686808575570254,0.1428571428571459,0.6725274725274737,34,31,ENABLE
1785583349.9038105,0.015449759670405072,0.120879120879124,0.6813186813186825,34,31,ENABLE
1785583349.908823,0.01583123521782248,0.120879120879124,0.6901098901098912,34,31,ENABLE
1785583349.9138043,0.0165941863126573,0.1428571428571459,0.6989010989011,34,31,ENABLE
1785583349.9187937,0.018120088502326936,0.2307692307692335,0.6813186813186825,34,31,ENABLE
1785583349.9237912,0.019264515144579164,0.2747252747252773,0.6373626373626387,34,31,ENABLE
1785583349.9288208,0.02040894178683139,0.1868131868131897,0.6109890109890124,34,31,ENABLE
1785583349.9338045,0.02155336842908362,0.2087912087912116,0.6021978021978036,34,31,ENABLE
1785583349.938792,0.023079270618753256,0.2747252747252773,0.5846153846153861,34,31,ENABLE
1785583349.9437926,0.024223697261005483,0.2307692307692335,0.5582417582417598,34,31,ENABLE
1785583349.948831,0.02536812390325771,0.2307692307692335,0.5670329670329686,34,31,ENABLE
1785583349.9538105,0.02651255054550994,0.2087912087912116,0.5670329670329686,34,31,ENABLE
1785583349.95881,0.027275501640344757,0.1648351648351678,0.5846153846153861,34,31,ENABLE
1785583349.963801,0.028038452735179575,0.1428571428571459,0.6021978021978036,34,31,ENABLE
1785583349.9688728,0.028801403830014394,0.1648351648351678,0.6109890109890124,34,31,ENABLE
1785583349.973802,0.03032730601968403,0.2527472527472554,0.5934065934065949,34,31,ENABLE
1785583349.978795,0.03147173266193626,0.2527472527472554,0.5582417582417598,34,31,ENABLE
1785583349.9838045,0.032616159304188486,0.2307692307692335,0.549450549450551,34,31,ENABLE
1785583349.988877,0.03376058594644071,0.1868131868131897,0.5582417582417598,34,31,ENABLE
1785583349.9938076,0.03452353704127553,0.1868131868131897,0.5582417582417598,34,31,ENABLE
1785583349.9988027,0.03528648813611035,0.1428571428571459,0.5758241758241773,34,31,ENABLE
1785583350.0037918,0.03566796368352776,0.120879120879124,0.6021978021978036,34,31,ENABLE
1785583350.008828,0.03643091477836258,0.0989010989011021,0.6285714285714299,34,31,ENABLE
1785583350.0138106,0.037575341420614805,0.1648351648351678,0.6373626373626387,34,31,ENABLE
1785583350.0188007,0.03871976806286703,0.2087912087912116,0.6109890109890124,34,31,ENABLE
1785583350.0238044,0.03948271915770185,0.1868131868131897,0.5758241758241773,34,31,ENABLE
1785583350.0288286,0.04024567025253667,0.1428571428571459,0.5758241758241773,34,31,ENABLE
1785583350.0338335,0.0413900968947889,0.2087912087912116,0.5846153846153861,34,31,ENABLE
1785583350.0389094,0.042534523537041125,0.2087912087912116,0.5670329670329686,34,31,ENABLE
1785583350.0438867,0.04367895017929335,0.1868131868131897,0.549450549450551,34,31,ENABLE
1785583350.0488899,0.04444190127412817,0.1648351648351678,0.5582417582417598,34,31,ENABLE
1785583350.0539126,0.0455863279163804,0.2087912087912116,0.5758241758241773,34,31,ENABLE
1785583350.0588908,0.047112230106050035,0.2307692307692335,0.5582417582417598,34,31,ENABLE
1785583350.0638893,0.04787518120088485,0.2307692307692335,0.5230769230769248,34,31,ENABLE
1785583350.068926,0.04940108339055449,0.2527472527472554,0.514285714285716,34,31,ENABLE
1785583350.0739484,0.05092698558022413,0.2967032967032992,0.4791208791208774,34,31,ENABLE
1785583350.078882,0.052071412222476354,0.2527472527472554,0.4439560439560424,34,31,ENABLE
1785583350.0838826,0.0539787899595634,0.2967032967032992,0.42637362637362486,34,31,ENABLE
1785583350.0889258,0.055886167696650446,0.3626373626373649,0.38241758241758106,34,31,ENABLE
1785583350.0938826,0.05741206988632008,0.3626373626373649,0.3560439560439548,34,31,ENABLE
1785583350.0988681,0.05970092317082454,0.3626373626373649,0.312087912087911,34,31,ENABLE
1785583350.1038811,0.061608300907911584,0.4065934065934087,0.2681318681318672,34,31,ENABLE
1785583350.10889,0.06389715419241604,0.4285714285714306,0.23296703296703214,34,31,ENABLE
1785583350.113899,0.06580453192950309,0.3846153846153868,0.20659340659340586,34,31,ENABLE
1785583350.11887,0.06771190966659013,0.3846153846153868,0.16263736263736206,34,31,ENABLE
1785583350.123881,0.070382238498512,0.4505494505494525,0.13626373626373578,34,31,ENABLE
1785583350.1288989,0.07228961623559904,0.3846153846153868,0.10109890109890074,34,31,ENABLE
1785583350.1338913,0.07419699397268609,0.4285714285714306,0.07472527472527446,34,31,ENABLE
1785583350.138902,0.07648584725719054,0.4065934065934087,0.03956043956043942,34,31,ENABLE
1785583350.143883,0.078774700541695,0.4285714285714306,0.00439560439560438,34,31,ENABLE
1785583350.148895,0.08030060273136463,0.340659340659343,-0.01318681318681314,34,31,ENABLE
1785583350.1539118,0.08220798046845168,0.340659340659343,0.00439560439560438,34,31,ENABLE
1785583350.1589537,0.08373388265812132,0.2967032967032992,-0.00439560439560438,34,31,ENABLE
1785583350.1639354,0.08564126039520836,0.3846153846153868,-0.01318681318681314,34,31,ENABLE
1785583350.1689484,0.08754863813229541,0.3626373626373649,-0.03076923076923066,34,31,ENABLE
1785583350.173912,0.08831158922713023,0.2307692307692335,0.00439560439560438,34,31,ENABLE
1785583350.178801,0.08945601586938245,0.2087912087912116,0.03076923076923066,34,31,ENABLE
1785583350.183807,0.09060044251163468,0.2087912087912116,0.03956043956043942,34,31,ENABLE
1785583350.1888418,0.09174486915388691,0.2307692307692335,0.03956043956043942,34,31,ENABLE
1785583350.1938083,0.09365224689097396,0.3186813186813211,0.01318681318681314,34,31,ENABLE
1785583350.1988058,0.09479667353322618,0.2747252747252773,-0.00439560439560438,34,31,ENABLE
1785583350.203804,0.09594110017547841,0.2307692307692335,-0.01318681318681314,34,31,ENABLE
1785583350.2087955,0.09708552681773064,0.2527472527472554,-0.00439560439560438,34,31,ENABLE
1785583350.2138145,0.09861142900740028,0.2307692307692335,-0.0219780219780219,34,31,ENABLE
1785583350.218852,0.0997558556496525,0.2087912087912116,-0.01318681318681314,34,31,ENABLE
1785583350.2238426,0.10051880674448732,0.1868131868131897,0.00439560439560438,34,31,ENABLE
1785583350.2287953,0.10166323338673955,0.1868131868131897,0.00439560439560438,34,31,ENABLE
1785583350.233799,0.10242618448157437,0.1868131868131897,0.01318681318681314,34,31,ENABLE
1785583350.2387989,0.1035706111238266,0.1648351648351678,0.01318681318681314,34,31,ENABLE
1785583350.2438092,0.10471503776607882,0.2087912087912116,0.01318681318681314,34,31,ENABLE
1785583350.248803,0.10624093995574846,0.2527472527472554,-0.03076923076923066,34,31,ENABLE
1785583350.253806,0.1077668421454181,0.2527472527472554,-0.04835164835164818,34,31,ENABLE
1785583350.258792,0.10852979324025291,0.2087912087912116,-0.04835164835164818,34,31,ENABLE
1785583350.263797,0.10929274433508773,0.1428571428571459,-0.03956043956043942,34,31,ENABLE
1785583350.2688015,0.11005569542992255,0.1428571428571459,-0.01318681318681314,34,31,ENABLE
1785583350.2738101,0.11081864652475737,0.120879120879124,0.0219780219780219,34,31,ENABLE
1785583350.2787929,0.11120012207217478,0.0989010989011021,0.04835164835164818,34,31,ENABLE
1785583350.2838056,0.11158159761959219,0.0769230769230802,0.07472527472527446,34,31,ENABLE
1785583350.2887902,0.112344548714427,0.1428571428571459,0.08351648351648322,34,31,ENABLE
1785583350.2938073,0.11348897535667923,0.2087912087912116,0.0659340659340657,34,31,ENABLE
1785583350.2987983,0.11425192645151405,0.1428571428571459,0.05714285714285694,34,31,ENABLE
1785583350.3037941,0.11463340199893146,0.0989010989011021,0.0659340659340657,34,31,ENABLE
1785583350.3087993,0.11501487754634887,0.0549450549450583,0.10109890109890074,34,31,ENABLE
1785583350.3138416,0.11539635309376628,0.0549450549450583,0.12747252747252702,34,31,ENABLE
1785583350.3188808,0.11539635309376628,0.0329670329670364,0.16263736263736206,34,31,ENABLE
1785583350.3238006,0.11539635309376628,-0.0329670329670364,0.1978021978021971,34,31,ENABLE
1785583350.3288095,0.11577782864118369,0.0329670329670364,0.23296703296703214,34,31,ENABLE
1785583350.333811,0.11654077973601851,0.0989010989011021,0.23296703296703214,34,31,ENABLE
1785583350.3387957,0.11730373083085333,0.1648351648351678,0.20659340659340586,34,31,ENABLE
1785583350.3438306,0.11806668192568814,0.1428571428571459,0.18021978021977958,34,31,ENABLE
1785583350.3488052,0.11882963302052296,0.1428571428571459,0.16263736263736206,34,31,ENABLE
1785583350.3537996,0.11997405966277519,0.1868131868131897,0.14505494505494454,34,31,ENABLE
1785583350.3588054,0.12111848630502742,0.1868131868131897,0.12747252747252702,34,31,ENABLE
1785583350.3637893,0.12149996185244483,0.120879120879124,0.14505494505494454,34,31,ENABLE
1785583350.3687928,0.12149996185244483,0.0329670329670364,0.17142857142857082,34,31,ENABLE
1785583350.373808,0.12226291294727964,0.0549450549450583,0.20659340659340586,34,31,ENABLE
1785583350.3787975,0.12264438849469705,0.0769230769230802,0.22417582417582338,34,31,ENABLE
1785583350.3837929,0.12302586404211446,0.0989010989011021,0.2417582417582409,34,31,ENABLE
1785583350.3887959,0.12378881513694928,0.1428571428571459,0.22417582417582338,34,31,ENABLE
1785583350.3938572,0.12531471732661892,0.1868131868131897,0.20659340659340586,34,31,ENABLE
1785583350.3988047,0.12607766842145374,0.1868131868131897,0.18901098901098834,34,31,ENABLE
1785583350.4037905,0.12684061951628856,0.1428571428571459,0.18021978021977958,34,31,ENABLE
1785583350.408805,0.12722209506370596,0.120879120879124,0.1978021978021971,34,31,ENABLE
1785583350.4138572,0.12798504615854078,0.1428571428571459,0.20659340659340586,34,31,ENABLE
1785583350.4187965,0.129129472800793,0.1648351648351678,0.20659340659340586,34,31,ENABLE
1785583350.4237912,0.12951094834821042,0.1428571428571459,0.20659340659340586,34,31,ENABLE
1785583350.4287925,0.13027389944304524,0.0989010989011021,0.21538461538461462,34,31,ENABLE
1785583350.4338062,0.13103685053788006,0.1428571428571459,0.22417582417582338,34,31,ENABLE
1785583350.438812,0.13179980163271487,0.1648351648351678,0.23296703296703214,34,31,ENABLE
1785583350.4437976,0.1329442282749671,0.1868131868131897,0.22417582417582338,34,31,ENABLE
1785583350.4488018,0.13370717936980192,0.1868131868131897,0.20659340659340586,34,31,ENABLE
1785583350.4538028,0.13447013046463674,0.1648351648351678,0.18901098901098834,34,31,ENABLE
1785583350.4588034,0.13599603265430638,0.2087912087912116,0.17142857142857082,34,31,ENABLE
1785583350.4637976,0.1371404592965586,0.2527472527472554,0.16263736263736206,34,31,ENABLE
1785583350.468797,0.13790341039139342,0.1648351648351678,0.16263736263736206,34,31,ENABLE
1785583350.4738908,0.13828488593881083,0.120879120879124,0.17142857142857082,34,31,ENABLE
1785583350.4787972,0.13904783703364565,0.120879120879124,0.1978021978021971,34,31,ENABLE
1785583350.4837987,0.13981078812848047,0.120879120879124,0.22417582417582338,34,31,ENABLE
1785583350.4888709,0.14019226367589788,0.0989010989011021,0.25054945054944966,34,31,ENABLE
1785583350.4938054,0.1409552147707327,0.0989010989011021,0.25054945054944966,34,31,ENABLE
1785583350.4988103,0.1417181658655675,0.120879120879124,0.25054945054944966,34,31,ENABLE
1785583350.5037959,0.14248111696040233,0.120879120879124,0.2417582417582409,34,31,ENABLE
1785583350.5087943,0.14362554360265456,0.2307692307692335,0.22417582417582338,34,31,ENABLE
1785583350.513809,0.1451514457923242,0.2747252747252773,0.18901098901098834,34,31,ENABLE
1785583350.5187988,0.14591439688715901,0.1868131868131897,0.16263736263736206,34,31,ENABLE
1785583350.5238037,0.14629587243457642,0.120879120879124,0.18901098901098834,34,31,ENABLE
1785583350.5287943,0.14667734798199383,0.0769230769230802,0.21538461538461462,34,31,ENABLE
1785583350.5338128,0.14744029907682865,0.120879120879124,0.2417582417582409,34,31,ENABLE
1785583350.5388122,0.14858472571908088,0.1648351648351678,0.2417582417582409,34,31,ENABLE
1785583350.5438013,0.1497291523613331,0.2087912087912116,0.22417582417582338,34,31,ENABLE
1785583350.5488105,0.15049210345616792,0.1868131868131897,0.18901098901098834,34,31,ENABLE
1785583350.5537915,0.15201800564583756,0.2527472527472554,0.16263736263736206,34,31,ENABLE
1785583350.5587869,0.1539253833829246,0.2967032967032992,0.12747252747252702,34,31,ENABLE
1785583350.563798,0.15506981002517684,0.2307692307692335,0.08351648351648322,34,31,ENABLE
1785583350.5687935,0.15659571221484647,0.2527472527472554,0.07472527472527446,34,31,ENABLE
1785583350.5738614,0.1573586633096813,0.2087912087912116,0.08351648351648322,34,31,ENABLE
1785583350.578885,0.1577401388570987,0.120879120879124,0.1098901098901095,34,31,ENABLE
1785583350.5839612,0.1581216144045161,0.0769230769230802,0.16263736263736206,34,31,ENABLE
1785583350.5888846,0.15850308995193352,0.0549450549450583,0.20659340659340586,34,31,ENABLE
1785583350.5938854,0.15888456549935093,0.0549450549450583,0.2417582417582409,34,31,ENABLE
1785583350.5989249,0.15926604104676834,0.0769230769230802,0.2593406593406584,34,31,ENABLE
1785583350.603883,0.16041046768902056,0.1648351648351678,0.2417582417582409,34,31,ENABLE
1785583350.608894,0.1615548943312728,0.1648351648351678,0.21538461538461462,34,31,ENABLE
1785583350.6138792,0.1623178454261076,0.1868131868131897,0.18901098901098834,34,31,ENABLE
1785583350.6188745,0.16346227206835984,0.2087912087912116,0.18021978021977958,34,31,ENABLE
1785583350.6238816,0.16460669871061206,0.2307692307692335,0.16263736263736206,34,31,ENABLE
1785583350.628879,0.16498817425802947,0.0769230769230802,0.17142857142857082,34,31,ENABLE
1785583350.6338751,0.16498817425802947,0.0549450549450583,0.21538461538461462,34,31,ENABLE
1785583350.6388736,0.16536964980544688,0.0329670329670364,0.2593406593406584,34,31,ENABLE
1785583350.6438723,0.1657511253528643,0.0769230769230802,0.2857142857142847,34,31,ENABLE
1785583350.648896,0.1657511253528643,0.0549450549450583,0.3032967032967022,34,31,ENABLE
1785583350.6538346,0.1665140764476991,0.0989010989011021,0.29450549450549346,34,31,ENABLE
1785583350.6588523,0.16765850308995134,0.1648351648351678,0.27692307692307594,34,31,ENABLE
1785583350.6640255,0.16918440527962098,0.2527472527472554,0.25054945054944966,34,31,ENABLE
1785583350.6688955,0.1699473563744558,0.2087912087912116,0.21538461538461462,34,31,ENABLE
1785583350.6738908,0.1703288319218732,0.1428571428571459,0.20659340659340586,34,31,ENABLE
1785583350.678876,0.17109178301670802,0.1428571428571459,0.23296703296703214,34,31,ENABLE
1785583350.683882,0.17185473411154284,0.120879120879124,0.2593406593406584,34,31,ENABLE
1785583350.68888,0.17223620965896025,0.0769230769230802,0.2681318681318672,34,31,ENABLE
1785583350.693883,0.17261768520637766,0.0989010989011021,0.27692307692307594,34,31,ENABLE
1785583350.69888,0.17338063630121248,0.0989010989011021,0.27692307692307594,34,31,ENABLE
1785583350.7038736,0.1741435873960473,0.0989010989011021,0.27692307692307594,34,31,ENABLE
1785583350.708871,0.1749065384908821,0.1648351648351678,0.2593406593406584,34,31,ENABLE
1785583350.7138827,0.17643244068055175,0.2307692307692335,0.25054945054944966,34,31,ENABLE
1785583350.7188234,0.17757686732280398,0.2527472527472554,0.21538461538461462,34,31,ENABLE
1785583350.723827,0.1783398184176388,0.1868131868131897,0.18021978021977958,34,31,ENABLE
1785583350.7288942,0.17948424505989102,0.1868131868131897,0.18021978021977958,34,31,ENABLE
1785583350.733933,0.18024719615472584,0.2087912087912116,0.18021978021977958,34,31,ENABLE
1785583350.7389154,0.18139162279697807,0.1868131868131897,0.17142857142857082,34,31,ENABLE
1785583350.7438853,0.1821545738918129,0.1648351648351678,0.16263736263736206,34,31,ENABLE
1785583350.748857,0.1829175249866477,0.1428571428571459,0.18021978021977958,34,31,ENABLE
1785583350.7539062,0.18368047608148252,0.1428571428571459,0.18901098901098834,34,31,ENABLE
1785583350.7588775,0.18444342717631734,0.1648351648351678,0.18901098901098834,34,31,ENABLE
1785583350.763887,0.18558785381856957,0.1648351648351678,0.18901098901098834,34,31,ENABLE
1785583350.7688735,0.18596932936598698,0.120879120879124,0.18901098901098834,34,31,ENABLE
1785583350.77387,0.1867322804608218,0.120879120879124,0.1978021978021971,34,31,ENABLE
1785583350.7788777,0.18787670710307403,0.1648351648351678,0.18901098901098834,34,31,ENABLE
1785583350.783826,0.18902113374532625,0.2527472527472554,0.16263736263736206,34,31,ENABLE
1785583350.7888803,0.19016556038757848,0.2087912087912116,0.12747252747252702,34,31,ENABLE
1785583350.7939093,0.1909285114824133,0.1648351648351678,0.12747252747252702,34,31,ENABLE
1785583350.7988653,0.19207293812466553,0.1648351648351678,0.12747252747252702,34,31,ENABLE
1785583350.8038702,0.19321736476691775,0.2087912087912116,0.11868131868131826,34,31,ENABLE
1785583350.8088284,0.19398031586175257,0.1868131868131897,0.1098901098901095,34,31,ENABLE
1785583350.8138719,0.1947432669565874,0.1428571428571459,0.10109890109890074,34,31,ENABLE
1785583350.8191488,0.1955062180514222,0.120879120879124,0.11868131868131826,34,31,ENABLE
1785583350.8238842,0.19626916914625703,0.1428571428571459,0.12747252747252702,34,31,ENABLE
1785583350.8288245,0.19703212024109185,0.120879120879124,0.14505494505494454,34,31,ENABLE
1785583350.833872,0.19741359578850926,0.1428571428571459,0.14505494505494454,34,31,ENABLE
1785583350.8388608,0.19817654688334407,0.1428571428571459,0.13626373626373578,34,31,ENABLE
1785583350.8438265,0.1993209735255963,0.1868131868131897,0.11868131868131826,34,31,ENABLE
1785583350.8488643,0.20084687571526594,0.2527472527472554,0.09230769230769198,34,31,ENABLE
1785583350.853899,0.20199130235751817,0.2087912087912116,0.0659340659340657,34,31,ENABLE
1785583350.8588321,0.20237277790493557,0.120879120879124,0.0659340659340657,34,31,ENABLE
1785583350.863877,0.20275425345235298,0.120879120879124,0.07472527472527446,34,31,ENABLE
1785583350.8688774,0.2038986800946052,0.1648351648351678,0.09230769230769198,34,31,ENABLE
1785583350.873824,0.20504310673685744,0.2087912087912116,0.07472527472527446,34,31,ENABLE
1785583350.878831,0.20618753337910967,0.2087912087912116,0.05714285714285694,34,31,ENABLE
1785583350.8838756,0.20695048447394448,0.1648351648351678,0.03956043956043942,34,31,ENABLE
1785583350.8888223,0.2077134355687793,0.1868131868131897,0.03956043956043942,34,31,ENABLE
1785583350.8938224,0.20885786221103153,0.1648351648351678,0.03956043956043942,34,31,ENABLE
1785583350.898874,0.20962081330586635,0.1648351648351678,0.03076923076923066,34,31,ENABLE
1785583350.9039085,0.21038376440070117,0.1648351648351678,0.0219780219780219,34,31,ENABLE
1785583350.9089022,0.2115281910429534,0.2087912087912116,0.00439560439560438,34,31,ENABLE
1785583350.9139116,0.21305409323262303,0.2307692307692335,-0.00439560439560438,34,31,ENABLE
1785583350.9189517,0.21381704432745785,0.1868131868131897,-0.0219780219780219,34,31,ENABLE
1785583350.923925,0.21381704432745785,0.0989010989011021,0.00439560439560438,34,31,ENABLE
1785583350.9288843,0.21419851987487526,0.0549450549450583,0.03956043956043942,34,31,ENABLE
1785583350.933872,0.21419851987487526,0.010989010989014503,0.08351648351648322,34,31,ENABLE
1785583350.9388711,0.21419851987487526,0.010989010989014503,0.11868131868131826,34,31,ENABLE
1785583350.9438744,0.21457999542229267,0.0329670329670364,0.13626373626373578,34,31,ENABLE
1785583350.948905,0.21496147096971008,0.0549450549450583,0.14505494505494454,34,31,ENABLE
1785583350.9538774,0.2153429465171275,0.0549450549450583,0.14505494505494454,34,31,ENABLE
1785583350.9588702,0.2157244220645449,0.0989010989011021,0.14505494505494454,34,31,ENABLE
1785583350.9638271,0.21648737315937971,0.0769230769230802,0.12747252747252702,34,31,ENABLE
1785583350.9688807,0.21648737315937971,0.0329670329670364,0.14505494505494454,34,31,ENABLE
1785583350.9738777,0.21648737315937971,-0.0329670329670364,0.17142857142857082,34,31,ENABLE
1785583350.9788215,0.21686884870679712,0.0549450549450583,0.18021978021977958,34,31,ENABLE
1785583350.9839203,0.21763179980163194,0.0989010989011021,0.16263736263736206,34,31,ENABLE
1785583350.988922,0.21801327534904935,0.0989010989011021,0.14505494505494454,34,31,ENABLE
1785583350.9938796,0.21839475089646676,0.0549450549450583,0.14505494505494454,34,31,ENABLE
1785583350.9988747,0.21877622644388417,0.0769230769230802,0.14505494505494454,34,31,ENABLE
1785583351.0038328,0.21915770199130158,0.0769230769230802,0.1538461538461533,34,31,ENABLE
1785583351.0089056,0.21915770199130158,0.010989010989014503,0.17142857142857082,34,31,ENABLE
1785583351.013879,0.21915770199130158,0.010989010989014503,0.18901098901098834,34,31,ENABLE
1785583351.018823,0.219539177538719,0.0329670329670364,0.20659340659340586,34,31,ENABLE
1785583351.0238247,0.2199206530861364,0.0329670329670364,0.20659340659340586,34,31,ENABLE
1785583351.0288212,0.22068360418097122,0.0769230769230802,0.18901098901098834,34,31,ENABLE
1785583351.0338778,0.22182803082322344,0.1428571428571459,0.16263736263736206,34,31,ENABLE
1785583351.0388196,0.22220950637064085,0.120879120879124,0.13626373626373578,34,31,ENABLE
1785583351.043825,0.22297245746547567,0.1428571428571459,0.11868131868131826,34,31,ENABLE
1785583351.0488958,0.2237354085603105,0.1428571428571459,0.10109890109890074,34,31,ENABLE
1785583351.0538793,0.2244983596551453,0.1648351648351678,0.09230769230769198,34,31,ENABLE
1785583351.0588224,0.22564278629739754,0.2087912087912116,0.07472527472527446,34,31,ENABLE
1785583351.0638216,0.22640573739223235,0.1648351648351678,0.05714285714285694,34,31,ENABLE
1785583351.068826,0.22678721293964976,0.0769230769230802,0.05714285714285694,34,31,ENABLE
1785583351.073903,0.22678721293964976,0.0549450549450583,0.09230769230769198,34,31,ENABLE
1785583351.0788338,0.22716868848706717,0.0329670329670364,0.11868131868131826,34,31,ENABLE
1785583351.0838282,0.22755016403448458,0.0549450549450583,0.13626373626373578,34,31,ENABLE
1785583351.0888247,0.227931639581902,0.0769230769230802,0.14505494505494454,34,31,ENABLE
1785583351.0938616,0.2283131151293194,0.0549450549450583,0.1538461538461533,34,31,ENABLE
1785583351.098874,0.2286945906767368,0.0769230769230802,0.1538461538461533,34,31,ENABLE
1785583351.1038237,0.22907606622415422,0.0989010989011021,0.13626373626373578,34,31,ENABLE
1785583351.1088476,0.22983901731898904,0.120879120879124,0.1098901098901095,34,31,ENABLE
1785583351.1138835,0.23060196841382385,0.120879120879124,0.09230769230769198,34,31,ENABLE
1785583351.1188571,0.23098344396124126,0.120879120879124,0.07472527472527446,34,31,ENABLE
1785583351.1238716,0.23174639505607608,0.0989010989011021,0.07472527472527446,34,31,ENABLE
1785583351.1288218,0.2321278706034935,0.0769230769230802,0.08351648351648322,34,31,ENABLE
1785583351.1338747,0.2325093461509109,0.0989010989011021,0.09230769230769198,34,31,ENABLE
1785583351.1388748,0.23403524834058054,0.1868131868131897,0.05714285714285694,34,31,ENABLE
1785583351.1438243,0.23517967498283276,0.2307692307692335,0.00439560439560438,34,31,ENABLE
1785583351.1488562,0.23556115053025017,0.120879120879124,-0.01318681318681314,34,31,ENABLE
1785583351.1538718,0.23594262607766758,0.0769230769230802,0.00439560439560438,34,31,ENABLE
1785583351.1589382,0.236324101625085,0.0549450549450583,0.03076923076923066,34,31,ENABLE
1785583351.1639147,0.236324101625085,0.0549450549450583,0.05714285714285694,34,31,ENABLE
1785583351.1741273,0.23785000381475463,0.120879120879124,0.04835164835164818,34,31,ENABLE
1785583351.1771667,0.23823147936217204,0.1428571428571459,0.03076923076923066,34,31,ENABLE
1785583351.1802938,0.23861295490958945,0.120879120879124,0.00439560439560438,34,31,ENABLE
1785583351.1835022,0.23899443045700686,0.120879120879124,-0.01318681318681314,34,31,ENABLE
1785583351.1882493,0.24013885709925908,0.1648351648351678,-0.03956043956043942,34,31,ENABLE
1785583351.1932466,0.2409018081940939,0.1648351648351678,-0.05714285714285694,34,31,ENABLE
1785583351.1982465,0.24204623483634613,0.1868131868131897,-0.07472527472527446,34,31,ENABLE
1785583351.2032783,0.24319066147859836,0.2087912087912116,-0.11868131868131826,34,31,ENABLE
1785583351.20851,0.24395361257343318,0.2087912087912116,-0.14505494505494454,34,31,ENABLE
1785583351.2135088,0.2450980392156854,0.2087912087912116,-0.17142857142857082,34,31,ENABLE
1785583351.2185051,0.24586099031052022,0.1648351648351678,-0.18021978021977958,34,31,ENABLE
1785583351.2235873,0.24700541695277245,0.1648351648351678,-0.1978021978021971,34,31,ENABLE
1785583351.228972,0.24814984359502468,0.2087912087912116,-0.1978021978021971,34,31,ENABLE
1785583351.2339709,0.2489127946898595,0.1868131868131897,-0.23296703296703214,34,31,ENABLE
1785583351.238936,0.2512016479743657,0.340659340659343,-0.27692307692307594,34,31,ENABLE
1785583351.24395,0.2531090257114528,0.340659340659343,-0.3736263736263723,34,31,ENABLE
1785583351.2487998,0.25539787899595723,0.3846153846153868,-0.4615384615384599,34,31,ENABLE
1785583351.2537913,0.2573052567330443,0.3846153846153868,-0.549450549450551,34,31,ENABLE
1785583351.258757,0.2584496833752965,0.2967032967032992,-0.5582417582417598,34,31,ENABLE
1785583351.2637987,0.2592126344701313,0.1648351648351678,-0.514285714285716,34,31,ENABLE
1785583351.2687545,0.2592126344701313,0.0769230769230802,-0.4439560439560424,34,31,ENABLE
1785583351.273767,0.25959411001754873,0.0549450549450583,-0.3912087912087898,34,31,ENABLE
1785583351.2788854,0.26035706111238355,0.120879120879124,-0.38241758241758106,34,31,ENABLE
1785583351.2838938,0.2615014877546358,0.1868131868131897,-0.42637362637362486,34,31,ENABLE
1785583351.2887938,0.2630273899443054,0.2527472527472554,-0.4879120879120862,34,31,ENABLE
1785583351.2937593,0.26455329213397505,0.2967032967032992,-0.5582417582417598,34,31,ENABLE
1785583351.2987564,0.2656977187762273,0.2527472527472554,-0.6109890109890124,34,31,ENABLE
1785583351.3037622,0.2672236209658969,0.2527472527472554,-0.6373626373626387,34,31,ENABLE
1785583351.3088732,0.26836804760814914,0.2747252747252773,-0.6725274725274737,34,31,ENABLE
1785583351.3138914,0.26951247425040137,0.2087912087912116,-0.6813186813186825,34,31,ENABLE
1785583351.3187578,0.2702754253452362,0.1648351648351678,-0.6813186813186825,34,31,ENABLE
1785583351.3237584,0.271038376440071,0.1648351648351678,-0.6637362637362649,34,31,ENABLE
1785583351.3287985,0.2714198519874884,0.0989010989011021,-0.6461538461538474,34,31,ENABLE
1785583351.3337848,0.2714198519874884,-0.010989010989014503,-0.6109890109890124,34,31,ENABLE
1785583351.3387973,0.2714198519874884,-0.010989010989014503,-0.5670329670329686,34,31,ENABLE
1785583351.3437574,0.271038376440071,-0.0329670329670364,-0.5318681318681335,34,31,ENABLE
1785583351.3487995,0.2714198519874884,-0.0329670329670364,-0.514285714285716,34,31,ENABLE
1785583351.3537536,0.271038376440071,-0.0549450549450583,-0.49670329670329494,34,31,ENABLE
1785583351.3587968,0.271038376440071,-0.0549450549450583,-0.4791208791208774,34,31,ENABLE
1785583351.363754,0.2706569008926536,-0.0549450549450583,-0.47032967032966866,34,31,ENABLE
1785583351.3687603,0.2706569008926536,-0.0549450549450583,-0.4615384615384599,34,31,ENABLE
1785583351.373802,0.2706569008926536,-0.010989010989014503,-0.4615384615384599,34,31,ENABLE
1785583351.3787532,0.2702754253452362,-0.010989010989014503,-0.47032967032966866,34,31,ENABLE
1785583351.383765,0.2702754253452362,-0.010989010989014503,-0.47032967032966866,34,31,ENABLE
1785583351.388892,0.2702754253452362,-0.010989010989014503,-0.4791208791208774,34,31,ENABLE
1785583351.3939009,0.2702754253452362,-0.010989010989014503,-0.4791208791208774,34,31,ENABLE
1785583351.3987613,0.2702754253452362,-0.0329670329670364,-0.4791208791208774,34,31,ENABLE
1785583351.4037533,0.2702754253452362,-0.010989010989014503,-0.47032967032966866,34,31,ENABLE
1785583351.4087496,0.2702754253452362,0.010989010989014503,-0.4791208791208774,34,31,ENABLE
1785583351.4138045,0.2702754253452362,0.010989010989014503,-0.4879120879120862,34,31,ENABLE
1785583351.4188828,0.2702754253452362,-0.010989010989014503,-0.4879120879120862,34,31,ENABLE
1785583351.423884,0.2702754253452362,0.010989010989014503,-0.49670329670329494,34,31,ENABLE
1785583351.4287615,0.2702754253452362,-0.010989010989014503,-0.4879120879120862,34,31,ENABLE
1785583351.4338222,0.2702754253452362,-0.010989010989014503,-0.5054945054945073,34,31,ENABLE
1785583351.4387505,0.2702754253452362,-0.010989010989014503,-0.5054945054945073,34,31,ENABLE
1785583351.443751,0.2698939497978188,-0.0329670329670364,-0.4879120879120862,34,31,ENABLE
1785583351.4488678,0.2698939497978188,-0.0329670329670364,-0.4879120879120862,34,31,ENABLE
1785583351.4538782,0.2698939497978188,-0.0549450549450583,-0.4791208791208774,34,31,ENABLE
1785583351.4588075,0.26951247425040137,-0.0549450549450583,-0.47032967032966866,34,31,ENABLE
1785583351.4637883,0.26951247425040137,-0.0769230769230802,-0.4615384615384599,34,31,ENABLE
1785583351.468756,0.26913099870298396,-0.0549450549450583,-0.4615384615384599,34,31,ENABLE
1785583351.4737546,0.26874952315556655,-0.0989010989011021,-0.45274725274725114,34,31,ENABLE
1785583351.4787586,0.26836804760814914,-0.0769230769230802,-0.4351648351648336,34,31,ENABLE
1785583351.4837577,0.26798657206073173,-0.0989010989011021,-0.4175824175824161,34,31,ENABLE
1785583351.4887526,0.2676050965133143,-0.0989010989011021,-0.3999999999999986,34,31,ENABLE
1785583351.4938035,0.2668421454184795,-0.1428571428571459,-0.3912087912087898,34,31,ENABLE
1785583351.4989133,0.2660791943236447,-0.120879120879124,-0.3736263736263723,34,31,ENABLE
1785583351.5038853,0.2656977187762273,-0.120879120879124,-0.3560439560439548,34,31,ENABLE
1785583351.5087683,0.26493476768139246,-0.1428571428571459,-0.3296703296703285,34,31,ENABLE
1785583351.5137622,0.26417181658655764,-0.1428571428571459,-0.32087912087911974,34,31,ENABLE
1785583351.5188134,0.2634088654917228,-0.1648351648351678,-0.312087912087911,34,31,ENABLE
1785583351.5237641,0.2630273899443054,-0.120879120879124,-0.3032967032967022,34,31,ENABLE
1785583351.5287535,0.262645914396888,-0.0989010989011021,-0.312087912087911,34,31,ENABLE
1785583351.5337548,0.2618829633020532,-0.1648351648351678,-0.3032967032967022,34,31,ENABLE
1785583351.5388956,0.26112001220721837,-0.120879120879124,-0.2857142857142847,34,31,ENABLE
1785583351.5438926,0.26073853665980096,-0.1428571428571459,-0.2681318681318672,34,31,ENABLE
1785583351.5487986,0.25997558556496614,-0.1428571428571459,-0.2593406593406584,34,31,ENABLE
1785583351.5537574,0.2588311589227139,-0.1868131868131897,-0.2417582417582409,34,31,ENABLE
1785583351.5588028,0.2580682078278791,-0.2087912087912116,-0.21538461538461462,34,31,ENABLE
1785583351.56381,0.25692378118562686,-0.2087912087912116,-0.18901098901098834,34,31,ENABLE
1785583351.5687547,0.25654230563820946,-0.1648351648351678,-0.18021978021977958,34,31,ENABLE
1785583351.5737875,0.25577935454337464,-0.1428571428571459,-0.1978021978021971,34,31,ENABLE
1785583351.578804,0.25577935454337464,-0.0989010989011021,-0.20659340659340586,34,31,ENABLE
1785583351.5838046,0.2550164034485398,-0.120879120879124,-0.21538461538461462,34,31,ENABLE
1785583351.5887542,0.254253452353705,-0.1428571428571459,-0.20659340659340586,34,31,ENABLE
1785583351.593752,0.2534905012588702,-0.1648351648351678,-0.18901098901098834,34,31,ENABLE
1785583351.598891,0.25234607461661795,-0.1648351648351678,-0.16263736263736206,34,31,ENABLE
1785583351.6039288,0.25196459906920055,-0.1868131868131897,-0.1538461538461533,34,31,ENABLE
1785583351.6088057,0.25158312352178314,-0.0989010989011021,-0.16263736263736206,34,31,ENABLE
1785583351.613757,0.2512016479743657,-0.0989010989011021,-0.16263736263736206,34,31,ENABLE
1785583351.61875,0.2504386968795309,-0.1428571428571459,-0.17142857142857082,34,31,ENABLE
1785583351.6237543,0.24967574578469431,-0.0989010989011021,-0.18021978021977958,34,31,ENABLE
1785583351.628923,0.2500572213321135,0.010989010989014503,-0.20659340659340586,34,31,ENABLE
1785583351.6338692,0.24967574578469431,-0.0329670329670364,-0.22417582417582338,34,31,ENABLE
1785583351.6387935,0.24967574578469431,-0.010989010989014503,-0.25054945054944966,34,31,ENABLE
1785583351.6437547,0.2500572213321135,-0.010989010989014503,-0.2857142857142847,34,31,ENABLE
1785583351.6487963,0.2500572213321135,-0.010989010989014503,-0.3032967032967022,34,31,ENABLE
1785583351.6537561,0.2500572213321135,-0.010989010989014503,-0.3296703296703285,34,31,ENABLE
1785583351.6587565,0.2500572213321135,-0.010989010989014503,-0.3296703296703285,34,31,ENABLE
1785583351.6637692,0.24967574578469431,-0.0549450549450583,-0.33846153846153726,34,31,ENABLE
1785583351.668924,0.2500572213321135,0.0329670329670364,-0.3560439560439548,34,31,ENABLE
1785583351.6738665,0.2500572213321135,-0.010989010989014503,-0.3736263736263723,34,31,ENABLE
1785583351.678799,0.2500572213321135,0.0329670329670364,-0.38241758241758106,34,31,ENABLE
1785583351.6837564,0.24967574578469431,-0.0329670329670364,-0.3912087912087898,34,31,ENABLE
1785583351.6888146,0.2500572213321135,0.010989010989014503,-0.40879120879120734,34,31,ENABLE
1785583351.693752,0.2500572213321135,-0.010989010989014503,-0.42637362637362486,34,31,ENABLE
1785583351.698754,0.2500572213321135,0.010989010989014503,-0.4439560439560424,34,31,ENABLE
1785583351.7037568,0.2500572213321135,-0.0329670329670364,-0.4615384615384599,34,31,ENABLE
1785583351.7088318,0.2504386968795309,-0.010989010989014503,-0.47032967032966866,34,31,ENABLE
1785583351.7138834,0.2500572213321135,-0.010989010989014503,-0.4879120879120862,34,31,ENABLE
1785583351.718802,0.2504386968795309,-0.010989010989014503,-0.49670329670329494,34,31,ENABLE
1785583351.7237544,0.2500572213321135,-0.0329670329670364,-0.5054945054945073,34,31,ENABLE
1785583351.72875,0.2500572213321135,-0.010989010989014503,-0.514285714285716,34,31,ENABLE
1785583351.7337644,0.2500572213321135,-0.010989010989014503,-0.5318681318681335,34,31,ENABLE
1785583351.7388363,0.2500572213321135,-0.0329670329670364,-0.5406593406593423,34,31,ENABLE
1785583351.7438302,0.24967574578469431,-0.0549450549450583,-0.5230769230769248,34,31,ENABLE
1785583351.7488966,0.2492942702372769,-0.0769230769230802,-0.5230769230769248,34,31,ENABLE
1785583351.753794,0.2485313191424421,-0.120879120879124,-0.49670329670329494,34,31,ENABLE
1785583351.7587602,0.24814984359502468,-0.1428571428571459,-0.4791208791208774,34,31,ENABLE
1785583351.7638016,0.24700541695277245,-0.1648351648351678,-0.45274725274725114,34,31,ENABLE
1785583351.7687566,0.2454795147631028,-0.2527472527472554,-0.4175824175824161,34,31,ENABLE
1785583351.7738001,0.244716563668268,-0.2527472527472554,-0.38241758241758106,34,31,ENABLE
1785583351.778752,0.24357213702601577,-0.2087912087912116,-0.3560439560439548,34,31,ENABLE
1785583351.7837517,0.24280918593118095,-0.1868131868131897,-0.36483516483516354,34,31,ENABLE
1785583351.7888258,0.24166475928892872,-0.2087912087912116,-0.3736263736263723,34,31,ENABLE
1785583351.7938786,0.2409018081940939,-0.2087912087912116,-0.3560439560439548,34,31,ENABLE
1785583351.79885,0.23975738155184168,-0.2307692307692335,-0.33846153846153726,34,31,ENABLE
1785583351.8037562,0.23785000381475463,-0.2967032967032992,-0.312087912087911,34,31,ENABLE
1785583351.808752,0.236324101625085,-0.3186813186813211,-0.2593406593406584,34,31,ENABLE
1785583351.8137882,0.23517967498283276,-0.2967032967032992,-0.23296703296703214,34,31,ENABLE
1785583351.8188386,0.23365377279316313,-0.3186813186813211,-0.22417582417582338,34,31,ENABLE
1785583351.8238811,0.23174639505607608,-0.2967032967032992,-0.1978021978021971,34,31,ENABLE
1785583351.8288412,0.23098344396124126,-0.2747252747252773,-0.18901098901098834,34,31,ENABLE
1785583351.8337557,0.22983901731898904,-0.2307692307692335,-0.18901098901098834,34,31,ENABLE
1785583351.8389144,0.2286945906767368,-0.2527472527472554,-0.1978021978021971,34,31,ENABLE
1785583351.8437638,0.22716868848706717,-0.2747252747252773,-0.18901098901098834,34,31,ENABLE
1785583351.8487906,0.22602426184481494,-0.2527472527472554,-0.17142857142857082,34,31,ENABLE
1785583351.8537586,0.2244983596551453,-0.2967032967032992,-0.1538461538461533,34,31,ENABLE
1785583351.858881,0.22335393301289308,-0.2527472527472554,-0.14505494505494454,34,31,ENABLE
1785583351.8637643,0.22220950637064085,-0.2087912087912116,-0.14505494505494454,34,31,ENABLE
1785583351.8688028,0.22106507972838862,-0.2527472527472554,-0.1538461538461533,34,31,ENABLE
1785583351.8737607,0.21877622644388417,-0.3626373626373649,-0.10109890109890074,34,31,ENABLE
1785583351.8787506,0.21686884870679712,-0.3846153846153868,-0.04835164835164818,34,31,ENABLE
1785583351.883809,0.21496147096971008,-0.3626373626373649,-0.01318681318681314,34,31,ENABLE
1785583351.888757,0.21381704432745785,-0.2967032967032992,-0.00439560439560438,34,31,ENABLE
1785583351.893752,0.2122911421377882,-0.3186813186813211,-0.00439560439560438,34,31,ENABLE
1785583351.8987706,0.21114671549553599,-0.2527472527472554,-0.00439560439560438,34,31,ENABLE
1785583351.903881,0.21000228885328376,-0.2307692307692335,-0.00439560439560438,34,31,ENABLE
1785583351.908877,0.2080949111161967,-0.340659340659343,0.00439560439560438,34,31,ENABLE
1785583351.9137588,0.20618753337910967,-0.340659340659343,0.03956043956043942,34,31,ENABLE
1785583351.9187548,0.20504310673685744,-0.3186813186813211,0.04835164835164818,34,31,ENABLE
1785583351.9238017,0.2031357289997704,-0.3186813186813211,0.05714285714285694,34,31,ENABLE
1785583351.9287562,0.20237277790493557,-0.2747252747252773,0.0659340659340657,34,31,ENABLE
1785583351.933753,0.20084687571526594,-0.2967032967032992,0.0659340659340657,34,31,ENABLE
1785583351.9388046,0.1989394979781789,-0.3186813186813211,0.08351648351648322,34,31,ENABLE
1785583351.943889,0.19779507133592666,-0.2527472527472554,0.08351648351648322,34,31,ENABLE
1785583351.9488695,0.19626916914625703,-0.2747252747252773,0.08351648351648322,34,31,ENABLE
1785583351.9537792,0.1951247425040048,-0.2967032967032992,0.07472527472527446,34,31,ENABLE
1785583351.958751,0.19436179140916998,-0.2087912087912116,0.0659340659340657,34,31,ENABLE
1785583351.9637547,0.19359884031433516,-0.1648351648351678,0.03076923076923066,34,31,ENABLE
1785583351.9687543,0.19283588921950034,-0.1428571428571459,-0.01318681318681314,34,31,ENABLE
1785583351.973751,0.19207293812466553,-0.1868131868131897,-0.03956043956043942,34,31,ENABLE
1785583351.9787567,0.1913099870298307,-0.1868131868131897,-0.03076923076923066,34,31,ENABLE
1785583351.9838796,0.1905470359349959,-0.1648351648351678,-0.03956043956043942,34,31,ENABLE
1785583351.9888906,0.18978408484016107,-0.1648351648351678,-0.03956043956043942,34,31,ENABLE
1785583351.9937665,0.18825818265049143,-0.2307692307692335,-0.04835164835164818,34,31,ENABLE
1785583351.9987593,0.18749523155565662,-0.2087912087912116,-0.03076923076923066,34,31,ENABLE
1785583352.0037508,0.1867322804608218,-0.1648351648351678,-0.03956043956043942,34,31,ENABLE
1785583352.0087907,0.1863508049134044,-0.120879120879124,-0.0659340659340657,34,31,ENABLE
1785583352.0137634,0.18558785381856957,-0.120879120879124,-0.10109890109890074,34,31,ENABLE
1785583352.018755,0.18520637827115216,-0.120879120879124,-0.12747252747252702,34,31,ENABLE
1785583352.0237536,0.18406195162889993,-0.1868131868131897,-0.12747252747252702,34,31,ENABLE
1785583352.02881,0.1829175249866477,-0.2087912087912116,-0.11868131868131826,34,31,ENABLE
1785583352.03388,0.1825360494392303,-0.1868131868131897,-0.11868131868131826,34,31,ENABLE
1785583352.038837,0.18177309834439548,-0.1648351648351678,-0.12747252747252702,34,31,ENABLE
1785583352.0437553,0.18101014724956066,-0.1648351648351678,-0.1538461538461533,34,31,ENABLE
1785583352.0487714,0.18024719615472584,-0.1428571428571459,-0.17142857142857082,34,31,ENABLE
1785583352.0537581,0.17986572060730843,-0.1428571428571459,-0.18021978021977958,34,31,ENABLE
1785583352.0587604,0.1787212939650562,-0.1868131868131897,-0.1978021978021971,34,31,ENABLE
1785583352.0637522,0.1787212939650562,-0.0989010989011021,-0.23296703296703214,34,31,ENABLE
1785583352.0687592,0.1787212939650562,-0.0329670329670364,-0.2681318681318672,34,31,ENABLE
1785583352.0739245,0.1779583428702214,-0.0769230769230802,-0.29450549450549346,34,31,ENABLE
1785583352.0789042,0.17719539177538657,-0.120879120879124,-0.32087912087911974,34,31,ENABLE
1785583352.083806,0.17643244068055175,-0.1648351648351678,-0.312087912087911,34,31,ENABLE
1785583352.0887518,0.17528801403829952,-0.2307692307692335,-0.2857142857142847,34,31,ENABLE
1785583352.0937955,0.1745250629434647,-0.1648351648351678,-0.27692307692307594,34,31,ENABLE
1785583352.0987518,0.1741435873960473,-0.1428571428571459,-0.29450549450549346,34,31,ENABLE
1785583352.1037507,0.17376211184862989,-0.0769230769230802,-0.3296703296703285,34,31,ENABLE
1785583352.1087534,0.17299916075379507,-0.120879120879124,-0.3736263736263723,34,31,ENABLE
1785583352.1138754,0.17185473411154284,-0.2087912087912116,-0.3736263736263723,34,31,ENABLE
1785583352.1188362,0.1707103074692906,-0.2307692307692335,-0.3560439560439548,34,31,ENABLE
1785583352.1237645,0.16956588082703838,-0.2307692307692335,-0.32087912087911974,34,31,ENABLE
1785583352.1287515,0.16803997863736875,-0.2967032967032992,-0.3032967032967022,34,31,ENABLE
1785583352.133758,0.1665140764476991,-0.2747252747252773,-0.29450549450549346,34,31,ENABLE
1785583352.1388063,0.1657511253528643,-0.2307692307692335,-0.27692307692307594,34,31,ENABLE
1785583352.1437604,0.16422522316319466,-0.2967032967032992,-0.2857142857142847,34,31,ENABLE
1785583352.1487591,0.1623178454261076,-0.3186813186813211,-0.2593406593406584,34,31,ENABLE
1785583352.1537514,0.1615548943312728,-0.2747252747252773,-0.25054945054944966,34,31,ENABLE
1785583352.1587634,0.15964751659418575,-0.3186813186813211,-0.25054945054944966,34,31,ENABLE
1785583352.1638165,0.1577401388570987,-0.340659340659343,-0.22417582417582338,34,31,ENABLE
1785583352.1687648,0.15621423666742906,-0.3186813186813211,-0.20659340659340586,34,31,ENABLE
1785583352.173785,0.15468833447775943,-0.3186813186813211,-0.20659340659340586,34,31,ENABLE
1785583352.1787963,0.1535439078355072,-0.2747252747252773,-0.20659340659340586,34,31,ENABLE
1785583352.1837575,0.15163653009842015,-0.340659340659343,-0.20659340659340586,34,31,ENABLE
1785583352.1887531,0.15011062790875052,-0.340659340659343,-0.18021978021977958,34,31,ENABLE
1785583352.1937518,0.14858472571908088,-0.2967032967032992,-0.18901098901098834,34,31,ENABLE
1785583352.1988242,0.14667734798199383,-0.3626373626373649,-0.18021978021977958,34,31,ENABLE
1785583352.203889,0.1447699702449068,-0.3626373626373649,-0.1538461538461533,34,31,ENABLE
1785583352.2088795,0.14248111696040233,-0.4285714285714306,-0.14505494505494454,34,31,ENABLE
1785583352.2139914,0.1413366903181501,-0.3186813186813211,-0.13626373626373578,34,31,ENABLE
1785583352.2187693,0.13942931258106306,-0.3846153846153868,-0.12747252747252702,34,31,ENABLE
1785583352.2237844,0.1367589837491412,-0.5164835164835182,-0.05714285714285694,34,31,ENABLE
1785583352.2287571,0.13370717936980192,-0.560439560439562,0.00439560439560438,34,31,ENABLE
1785583352.2337563,0.13065537499046265,-0.5824175824175839,0.07472527472527446,34,31,ENABLE
1785583352.238752,0.1283665217059582,-0.5164835164835182,0.1098901098901095,34,31,ENABLE
1785583352.243893,0.12607766842145374,-0.5164835164835182,0.13626373626373578,34,31,ENABLE
1785583352.2488647,0.12340733958953187,-0.5164835164835182,0.16263736263736206,34,31,ENABLE
1785583352.2537858,0.12111848630502742,-0.4725274725274744,0.18021978021977958,34,31,ENABLE
1785583352.2587562,0.11844815747310555,-0.4945054945054963,0.18021978021977958,34,31,ENABLE
1785583352.2638006,0.11692225528343592,-0.4065934065934087,0.16263736263736206,34,31,ENABLE
1785583352.2687635,0.11501487754634887,-0.3846153846153868,0.14505494505494454,34,31,ENABLE
1785583352.273757,0.11272602426184442,-0.4065934065934087,0.13626373626373578,34,31,ENABLE
1785583352.2787554,0.11120012207217478,-0.3846153846153868,0.13626373626373578,34,31,ENABLE
1785583352.2838898,0.10891126878767032,-0.4065934065934087,0.14505494505494454,34,31,ENABLE
1785583352.2888796,0.10662241550316587,-0.4505494505494525,0.16263736263736206,34,31,ENABLE
1785583352.293799,0.10471503776607882,-0.4065934065934087,0.16263736263736206,34,31,ENABLE
1785583352.298753,0.10280766002899178,-0.4065934065934087,0.17142857142857082,34,31,ENABLE
1785583352.3037522,0.10051880674448732,-0.4505494505494525,0.18021978021977958,34,31,ENABLE
1785583352.308755,0.09861142900740028,-0.4505494505494525,0.20659340659340586,34,31,ENABLE
1785583352.3138359,0.09632257572289582,-0.4065934065934087,0.22417582417582338,34,31,ENABLE
1785583352.3188791,0.09441519798580877,-0.3846153846153868,0.21538461538461462,34,31,ENABLE
1785583352.323843,0.09250782024872173,-0.4065934065934087,0.20659340659340586,34,31,ENABLE
1785583352.3287935,0.09098191805905209,-0.3626373626373649,0.22417582417582338,34,31,ENABLE
1785583352.3337579,0.08945601586938245,-0.340659340659343,0.1978021978021971,34,31,ENABLE
1785583352.338753,0.08754863813229541,-0.3626373626373649,0.18021978021977958,34,31,ENABLE
1785583352.3438358,0.08640421149004318,-0.3186813186813211,0.16263736263736206,34,31,ENABLE
1785583352.3488967,0.08487830930037354,-0.340659340659343,0.1538461538461533,34,31,ENABLE
1785583352.353843,0.08335240711070391,-0.2747252747252773,0.12747252747252702,34,31,ENABLE
1785583352.3587527,0.08258945601586909,-0.2527472527472554,0.10109890109890074,34,31,ENABLE
1785583352.3637512,0.08144502937361686,-0.2527472527472554,0.0659340659340657,34,31,ENABLE
1785583352.3687942,0.07991912718394723,-0.2527472527472554,0.05714285714285694,34,31,ENABLE
1785583352.373396,0.0791561760891124,-0.2307692307692335,0.03076923076923066,34,31,ENABLE
1785583352.3788772,0.07839322499427759,-0.2087912087912116,-0.01318681318681314,34,31,ENABLE
1785583352.3838768,0.07763027389944277,-0.1428571428571459,-0.0659340659340657,34,31,ENABLE
1785583352.3888824,0.07686732280460795,-0.1428571428571459,-0.10109890109890074,34,31,ENABLE
1785583352.3938634,0.07648584725719054,-0.1428571428571459,-0.12747252747252702,34,31,ENABLE
1785583352.3988101,0.07572289616235572,-0.1428571428571459,-0.1538461538461533,34,31,ENABLE
1785583352.40381,0.07534142061493831,-0.120879120879124,-0.1978021978021971,34,31,ENABLE
1785583352.4088213,0.0745784695201035,-0.120879120879124,-0.22417582417582338,34,31,ENABLE
1785583352.4153407,0.07343404287785127,-0.1868131868131897,-0.2417582417582409,34,31,ENABLE
1785583352.4200885,0.07228961623559904,-0.2307692307692335,-0.23296703296703214,34,31,ENABLE
1785583352.423417,0.07152666514076422,-0.2307692307692335,-0.21538461538461462,34,31,ENABLE
1785583352.42841,0.06961928740367718,-0.3186813186813211,-0.1978021978021971,34,31,ENABLE
1785583352.4336205,0.06809338521400754,-0.340659340659343,-0.18021978021977958,34,31,ENABLE
1785583352.4387884,0.06771190966659013,-0.1428571428571459,-0.21538461538461462,34,31,ENABLE
1785583352.443838,0.06733043411917272,-0.0989010989011021,-0.2681318681318672,34,31,ENABLE
1785583352.4488928,0.06580453192950309,-0.2307692307692335,-0.29450549450549346,34,31,ENABLE
1785583352.4538932,0.06389715419241604,-0.3626373626373649,-0.27692307692307594,34,31,ENABLE
1785583352.4588199,0.06275272755016381,-0.2747252747252773,-0.2417582417582409,34,31,ENABLE
1785583352.463825,0.060463874265659356,-0.4285714285714306,-0.20659340659340586,34,31,ENABLE
1785583352.4688141,0.0581750209811549,-0.4285714285714306,-0.1538461538461533,34,31,ENABLE
1785583352.4738173,0.05550469214923304,-0.5164835164835182,-0.09230769230769198,34,31,ENABLE
1785583352.4788141,0.05283436331731117,-0.5164835164835182,-0.05714285714285694,34,31,ENABLE
1785583352.4838147,0.051308461127641536,-0.4065934065934087,-0.03076923076923066,34,31,ENABLE
1785583352.4888136,0.04863813229571967,-0.4945054945054963,-0.03076923076923066,34,31,ENABLE
1785583352.4937987,0.046730754558632626,-0.4285714285714306,-0.0219780219780219,34,31,ENABLE
1785583352.4988132,0.04444190127412817,-0.4505494505494525,-0.03956043956043942,34,31,ENABLE
1785583352.503813,0.042915999084458534,-0.340659340659343,-0.04835164835164818,34,31,ENABLE
1785583352.508824,0.04024567025253667,-0.4945054945054963,-0.03956043956043942,34,31,ENABLE
1785583352.5138137,0.03833829251544962,-0.4505494505494525,-0.0219780219780219,34,31,ENABLE
1785583352.5188794,0.03604943923094517,-0.4505494505494525,-0.00439560439560438,34,31,ENABLE
1785583352.5238802,0.03452353704127553,-0.3626373626373649,-0.0219780219780219,34,31,ENABLE
1785583352.528829,0.032234683756771076,-0.4065934065934087,-0.03076923076923066,34,31,ENABLE
1785583352.5338833,0.03109025711451885,-0.2967032967032992,-0.0659340659340657,34,31,ENABLE
1785583352.5389185,0.02994583047226662,-0.2747252747252773,-0.1098901098901095,34,31,ENABLE
1785583352.543823,0.028419928282596985,-0.2967032967032992,-0.12747252747252702,34,31,ENABLE
1785583352.5488691,0.027275501640344757,-0.2527472527472554,-0.14505494505494454,34,31,ENABLE
1785583352.5538163,0.024986648355840302,-0.4065934065934087,-0.14505494505494454,34,31,ENABLE
1785583352.5588264,0.023460746166170665,-0.3626373626373649,-0.1098901098901095,34,31,ENABLE
1785583352.5640748,0.02117189288166621,-0.3846153846153868,-0.11868131868131826,34,31,ENABLE
1785583352.5688233,0.019645990691996573,-0.3626373626373649,-0.1098901098901095,34,31,ENABLE
1785583352.5738275,0.017738612954909527,-0.4065934065934087,-0.1098901098901095,34,31,ENABLE
1785583352.578827,0.015449759670405072,-0.4505494505494525,-0.05714285714285694,34,31,ENABLE
1785583352.5839186,0.012397955291065799,-0.5384615384615401,-0.01318681318681314,34,31,ENABLE
1785583352.5888207,0.010109102006561344,-0.5164835164835182,0.03076923076923066,34,31,ENABLE
1785583352.5938563,0.007820248722056888,-0.4945054945054963,0.05714285714285694,34,31,ENABLE
1785583352.5988765,0.006294346532387252,-0.3626373626373649,0.03076923076923066,34,31,ENABLE
1785583352.6038728,0.0040054932478827965,-0.4285714285714306,0.00439560439560438,34,31,ENABLE
1785583352.6088133,0.002861066605630569,-0.2967032967032992,-0.03076923076923066,34,31,ENABLE
1785583352.6138275,0.0017166399633783413,-0.2527472527472554,-0.09230769230769198,34,31,ENABLE
1785583352.618812,0.0005722133211261138,-0.2747252747252773,-0.13626373626373578,34,31,ENABLE
1785583352.6238775,-0.0001907377737087046,-0.2307692307692335,-0.17142857142857082,34,31,ENABLE
1785583352.628818,-0.0013351644159609322,-0.2087912087912116,-0.21538461538461462,34,31,ENABLE
1785583352.6338143,-0.002861066605630569,-0.2747252747252773,-0.23296703296703214,34,31,ENABLE
1785583352.6388268,-0.004386968795300206,-0.3186813186813211,-0.22417582417582338,34,31,ENABLE
1785583352.6438305,-0.004386968795300206,-0.120879120879124,-0.29450549450549346,34,31,ENABLE
1785583352.6488576,-0.004768444342717615,-0.0769230769230802,-0.3736263736263723,34,31,ENABLE
1785583352.6538146,-0.005149919890135024,-0.0769230769230802,-0.4439560439560424,34,31,ENABLE
1785583352.6588488,-0.005531395437552433,-0.0549450549450583,-0.5054945054945073,34,31,ENABLE
1785583352.6639104,-0.005912870984969842,-0.0989010989011021,-0.5318681318681335,34,31,ENABLE
1785583352.668822,-0.006675822079804661,-0.1428571428571459,-0.5406593406593423,34,31,ENABLE
1785583352.673831,-0.007438773174639479,-0.120879120879124,-0.5670329670329686,34,31,ENABLE
1785583352.678826,-0.008201724269474298,-0.1648351648351678,-0.5758241758241773,34,31,ENABLE
1785583352.6838827,-0.008964675364309116,-0.1648351648351678,-0.5934065934065949,34,31,ENABLE
1785583352.6888125,-0.010109102006561344,-0.2307692307692335,-0.5846153846153861,34,31,ENABLE
1785583352.6938243,-0.01163500419623098,-0.2967032967032992,-0.549450549450551,34,31,ENABLE
1785583352.6988304,-0.013160906385900617,-0.2527472527472554,-0.5230769230769248,34,31,ENABLE
1785583352.7038765,-0.014305333028152845,-0.2747252747252773,-0.5406593406593423,34,31,ENABLE
1785583352.7088566,-0.01583123521782248,-0.2967032967032992,-0.5406593406593423,34,31,ENABLE
1785583352.7139192,-0.017357137407492118,-0.3186813186813211,-0.5230769230769248,34,31,ENABLE
1785583352.718822,-0.019645990691996573,-0.4065934065934087,-0.5054945054945073,34,31,ENABLE
1785583352.7238276,-0.02117189288166621,-0.340659340659343,-0.49670329670329494,34,31,ENABLE
1785583352.7287974,-0.022697795071335847,-0.340659340659343,-0.47032967032966866,34,31,ENABLE
1785583352.7338185,-0.02536812390325771,-0.4505494505494525,-0.4439560439560424,34,31,ENABLE
1785583352.7388241,-0.027656977187762166,-0.4725274725274744,-0.4175824175824161,34,31,ENABLE
1785583352.7438169,-0.02994583047226662,-0.4725274725274744,-0.36483516483516354,34,31,ENABLE
1785583352.7488713,-0.032234683756771076,-0.5164835164835182,-0.36483516483516354,34,31,ENABLE
1785583352.75383,-0.03414206149385812,-0.4065934065934087,-0.3560439560439548,34,31,ENABLE
1785583352.7588243,-0.03681239032577999,-0.4945054945054963,-0.347252747252746,34,31,ENABLE
1785583352.7638276,-0.03910124361028444,-0.4725274725274744,-0.3296703296703285,34,31,ENABLE
1785583352.7688282,-0.0413900968947889,-0.4945054945054963,-0.312087912087911,34,31,ENABLE
1785583352.773869,-0.04329747463187594,-0.4725274725274744,-0.32087912087911974,34,31,ENABLE
1785583352.7788115,-0.0455863279163804,-0.4505494505494525,-0.312087912087911,34,31,ENABLE
1785583352.7838268,-0.047112230106050035,-0.3846153846153868,-0.3296703296703285,34,31,ENABLE
1785583352.7888272,-0.0497825589379719,-0.4725274725274744,-0.32087912087911974,34,31,ENABLE
1785583352.7938259,-0.052071412222476354,-0.4725274725274744,-0.3032967032967022,34,31,ENABLE
1785583352.7988284,-0.05436026550698081,-0.4505494505494525,-0.27692307692307594,34,31,ENABLE
1785583352.8038275,-0.056649118791485265,-0.4945054945054963,-0.2681318681318672,34,31,ENABLE
1785583352.8088272,-0.05893797207598972,-0.4505494505494525,-0.2417582417582409,34,31,ENABLE
1785583352.813827,-0.061226825360494175,-0.5164835164835182,-0.23296703296703214,34,31,ENABLE
1785583352.818831,-0.06389715419241604,-0.5384615384615401,-0.1978021978021971,34,31,ENABLE
1785583352.8238204,-0.06694895857175531,-0.560439560439562,-0.1538461538461533,34,31,ENABLE
1785583352.8290918,-0.06961928740367718,-0.560439560439562,-0.11868131868131826,34,31,ENABLE
1785583352.8338273,-0.07190814068818163,-0.4725274725274744,-0.11868131868131826,34,31,ENABLE
1785583352.8387995,-0.07419699397268609,-0.4725274725274744,-0.12747252747252702,34,31,ENABLE
1785583352.843723,-0.07572289616235572,-0.4065934065934087,-0.13626373626373578,34,31,ENABLE
1785583352.8489301,-0.07801174944686018,-0.4505494505494525,-0.1538461538461533,34,31,ENABLE
1785583352.8538187,-0.07991912718394723,-0.4065934065934087,-0.16263736263736206,34,31,ENABLE
1785583352.8588254,-0.08220798046845168,-0.4725274725274744,-0.1538461538461533,34,31,ENABLE
1785583352.8638208,-0.08411535820553873,-0.4285714285714306,-0.13626373626373578,34,31,ENABLE
1785583352.8688233,-0.08678568703746059,-0.4725274725274744,-0.12747252747252702,34,31,ENABLE
1785583352.8738294,-0.08869306477454764,-0.4285714285714306,-0.1098901098901095,34,31,ENABLE
1785583352.878827,-0.09098191805905209,-0.4505494505494525,-0.10109890109890074,34,31,ENABLE
1785583352.8838272,-0.09250782024872173,-0.3626373626373649,-0.11868131868131826,34,31,ENABLE
1785583352.8888204,-0.09479667353322618,-0.4285714285714306,-0.13626373626373578,34,31,ENABLE
1785583352.8938172,-0.09594110017547841,-0.2747252747252773,-0.16263736263736206,34,31,ENABLE
1785583352.8988721,-0.09708552681773064,-0.2747252747252773,-0.20659340659340586,34,31,ENABLE
1785583352.9038904,-0.09861142900740028,-0.2747252747252773,-0.2417582417582409,34,31,ENABLE
1785583352.9088197,-0.0993743801022351,-0.2087912087912116,-0.2857142857142847,34,31,ENABLE
1785583352.9138844,-0.0997558556496525,-0.120879120879124,-0.33846153846153726,34,31,ENABLE
1785583352.9188197,-0.10051880674448732,-0.1428571428571459,-0.3999999999999986,34,31,ENABLE
1785583352.9238253,-0.10166323338673955,-0.1868131868131897,-0.4351648351648336,34,31,ENABLE
1785583352.9288244,-0.10204470893415696,-0.1428571428571459,-0.47032967032966866,34,31,ENABLE
1785583352.9338784,-0.10280766002899178,-0.120879120879124,-0.49670329670329494,34,31,ENABLE
1785583352.9389799,-0.10318913557640919,-0.120879120879124,-0.5230769230769248,34,31,ENABLE
1785583352.9438138,-0.103952086671244,-0.120879120879124,-0.5582417582417598,34,31,ENABLE
1785583352.948832,-0.10433356221866141,-0.0989010989011021,-0.6109890109890124,34,31,ENABLE
1785583352.9538233,-0.10509651331349623,-0.1428571428571459,-0.6285714285714299,34,31,ENABLE
1785583352.9588223,-0.10585946440833105,-0.2087912087912116,-0.6285714285714299,34,31,ENABLE
1785583352.9638484,-0.10700389105058328,-0.1868131868131897,-0.6197802197802211,34,31,ENABLE
1785583352.9688234,-0.1077668421454181,-0.1648351648351678,-0.6285714285714299,34,31,ENABLE
1785583352.9738228,-0.10852979324025291,-0.2087912087912116,-0.6285714285714299,34,31,ENABLE
1785583352.9788246,-0.11005569542992255,-0.2747252747252773,-0.6197802197802211,34,31,ENABLE
1785583352.9838238,-0.1119630731670096,-0.3186813186813211,-0.5758241758241773,34,31,ENABLE
1785583352.9888196,-0.11348897535667923,-0.3186813186813211,-0.5406593406593423,34,31,ENABLE
1785583352.9938297,-0.1161593041886011,-0.4505494505494525,-0.4879120879120862,34,31,ENABLE
1785583352.9988256,-0.11806668192568814,-0.4285714285714306,-0.4351648351648336,34,31,ENABLE
1785583353.003826,-0.1203555352101926,-0.4725274725274744,-0.3912087912087898,34,31,ENABLE
1785583353.0088224,-0.12302586404211446,-0.4945054945054963,-0.3560439560439548,34,31,ENABLE
1785583353.0138247,-0.12531471732661892,-0.4945054945054963,-0.312087912087911,34,31,ENABLE
1785583353.0188289,-0.1283665217059582,-0.560439560439562,-0.27692307692307594,34,31,ENABLE
1785583353.0238228,-0.13027389944304524,-0.4725274725274744,-0.25054945054944966,34,31,ENABLE
1785583353.0288672,-0.1333257038223845,-0.5384615384615401,-0.21538461538461462,34,31,ENABLE
1785583353.0338142,-0.13599603265430638,-0.560439560439562,-0.1978021978021971,34,31,ENABLE
1785583353.0388262,-0.13828488593881083,-0.4725274725274744,-0.17142857142857082,34,31,ENABLE
1785583353.0438237,-0.1409552147707327,-0.5384615384615401,-0.1538461538461533,34,31,ENABLE
1785583353.0488145,-0.14286259250781974,-0.4505494505494525,-0.1538461538461533,34,31,ENABLE
1785583353.0538235,-0.1451514457923242,-0.4285714285714306,-0.1538461538461533,34,31,ENABLE
1785583353.0588233,-0.14667734798199383,-0.3626373626373649,-0.17142857142857082,34,31,ENABLE
1785583353.0638287,-0.1489662012664983,-0.4285714285714306,-0.18021978021977958,34,31,ENABLE
1785583353.0688217,-0.15049210345616792,-0.340659340659343,-0.17142857142857082,34,31,ENABLE
1785583353.0738268,-0.15278095674067238,-0.4285714285714306,-0.18021978021977958,34,31,ENABLE
1785583353.078826,-0.1539253833829246,-0.3186813186813211,-0.17142857142857082,34,31,ENABLE
1785583353.0838258,-0.15583276112001165,-0.340659340659343,-0.1978021978021971,34,31,ENABLE
1785583353.0888205,-0.1573586633096813,-0.3186813186813211,-0.1978021978021971,34,31,ENABLE
1785583353.0938845,-0.1581216144045161,-0.2307692307692335,-0.22417582417582338,34,31,ENABLE
1785583353.0988297,-0.16041046768902056,-0.340659340659343,-0.2417582417582409,34,31,ENABLE
1785583353.1038742,-0.1619363698786902,-0.3626373626373649,-0.20659340659340586,34,31,ENABLE
1785583353.1088214,-0.16384374761577725,-0.340659340659343,-0.1978021978021971,34,31,ENABLE
1785583353.1138206,-0.16536964980544688,-0.340659340659343,-0.18901098901098834,34,31,ENABLE
1785583353.1188238,-0.1665140764476991,-0.2747252747252773,-0.18901098901098834,34,31,ENABLE
1785583353.1238227,-0.16880292973220357,-0.4285714285714306,-0.18901098901098834,34,31,ENABLE
1785583353.128822,-0.1703288319218732,-0.3626373626373649,-0.16263736263736206,34,31,ENABLE
1785583353.1338224,-0.17185473411154284,-0.3186813186813211,-0.1538461538461533,34,31,ENABLE
1785583353.138821,-0.1741435873960473,-0.4065934065934087,-0.14505494505494454,34,31,ENABLE
1785583353.1438212,-0.17528801403829952,-0.3186813186813211,-0.13626373626373578,34,31,ENABLE
1785583353.1488686,-0.17681391622796916,-0.3186813186813211,-0.1538461538461533,34,31,ENABLE
1785583353.1538246,-0.1779583428702214,-0.2527472527472554,-0.17142857142857082,34,31,ENABLE
1785583353.1588821,-0.17910276951247361,-0.2307692307692335,-0.18901098901098834,34,31,ENABLE
1785583353.1639245,-0.18101014724956066,-0.3846153846153868,-0.17142857142857082,34,31,ENABLE
1785583353.1689203,-0.1825360494392303,-0.3186813186813211,-0.1538461538461533,34,31,ENABLE
1785583353.1738834,-0.18329900053406512,-0.1868131868131897,-0.17142857142857082,34,31,ENABLE
1785583353.1788263,-0.18444342717631734,-0.2527472527472554,-0.20659340659340586,34,31,ENABLE
1785583353.1838255,-0.18596932936598698,-0.3186813186813211,-0.1978021978021971,34,31,ENABLE
1785583353.188874,-0.1871137560082392,-0.2527472527472554,-0.18021978021977958,34,31,ENABLE
1785583353.1938763,-0.18902113374532625,-0.2967032967032992,-0.18021978021977958,34,31,ENABLE
1785583353.1988363,-0.19016556038757848,-0.2307692307692335,-0.17142857142857082,34,31,ENABLE
1785583353.2038677,-0.1909285114824133,-0.1868131868131897,-0.17142857142857082,34,31,ENABLE
1785583353.208825,-0.19207293812466553,-0.2527472527472554,-0.18901098901098834,34,31,ENABLE
1785583353.2138724,-0.19436179140916998,-0.340659340659343,-0.16263736263736206,34,31,ENABLE
1785583353.2188513,-0.1951247425040048,-0.2527472527472554,-0.1538461538461533,34,31,ENABLE
1785583353.2238708,-0.19626916914625703,-0.2087912087912116,-0.18021978021977958,34,31,ENABLE
1785583353.228832,-0.19703212024109185,-0.2307692307692335,-0.18901098901098834,34,31,ENABLE
1785583353.2338736,-0.19855802243076148,-0.2307692307692335,-0.18901098901098834,34,31,ENABLE
1785583353.23883,-0.1993209735255963,-0.1868131868131897,-0.20659340659340586,34,31,ENABLE
1785583353.2438257,-0.1997024490730137,-0.1428571428571459,-0.23296703296703214,34,31,ENABLE
1785583353.2488904,-0.20046540016784853,-0.1428571428571459,-0.2593406593406584,34,31,ENABLE
1785583353.2538593,-0.20084687571526594,-0.120879120879124,-0.29450549450549346,34,31,ENABLE
1785583353.258823,-0.20160982681010076,-0.0989010989011021,-0.32087912087911974,34,31,ENABLE
1785583353.263889,-0.20199130235751817,-0.1648351648351678,-0.33846153846153726,34,31,ENABLE
1785583353.2688773,-0.20275425345235298,-0.1428571428571459,-0.3296703296703285,34,31,ENABLE
1785583353.273922,-0.2035172045471878,-0.1428571428571459,-0.32087912087911974,34,31,ENABLE
1785583353.2788303,-0.20466163118944003,-0.2087912087912116,-0.32087912087911974,34,31,ENABLE
1785583353.2838578,-0.20542458228427485,-0.2087912087912116,-0.32087912087911974,34,31,ENABLE
1785583353.2888706,-0.20656900892652708,-0.2087912087912116,-0.29450549450549346,34,31,ENABLE
1785583353.293868,-0.20695048447394448,-0.1648351648351678,-0.29450549450549346,34,31,ENABLE
1785583353.298868,-0.2077134355687793,-0.120879120879124,-0.3296703296703285,34,31,ENABLE
1785583353.303818,-0.20847638666361412,-0.1428571428571459,-0.33846153846153726,34,31,ENABLE
1785583353.3088207,-0.20962081330586635,-0.1868131868131897,-0.33846153846153726,34,31,ENABLE
1785583353.3140507,-0.21038376440070117,-0.1868131868131897,-0.32087912087911974,34,31,ENABLE
1785583353.3188615,-0.21076523994811858,-0.1648351648351678,-0.32087912087911974,34,31,ENABLE
1785583353.3237925,-0.2119096665903708,-0.1648351648351678,-0.32087912087911974,34,31,ENABLE
1785583353.3287568,-0.21267261768520562,-0.1868131868131897,-0.32087912087911974,34,31,ENABLE
1785583353.3338892,-0.21343556878004044,-0.1428571428571459,-0.32087912087911974,34,31,ENABLE
1785583353.3389297,-0.21419851987487526,-0.1648351648351678,-0.32087912087911974,34,31,ENABLE
1785583353.3438323,-0.21457999542229267,-0.1428571428571459,-0.33846153846153726,34,31,ENABLE
1785583353.3488984,-0.21496147096971008,-0.120879120879124,-0.3560439560439548,34,31,ENABLE
1785583353.3538318,-0.2157244220645449,-0.0989010989011021,-0.36483516483516354,34,31,ENABLE
1785583353.3588777,-0.21648737315937971,-0.1428571428571459,-0.3736263736263723,34,31,ENABLE
1785583353.3638823,-0.21725032425421453,-0.1428571428571459,-0.3736263736263723,34,31,ENABLE
1785583353.368881,-0.21763179980163194,-0.120879120879124,-0.38241758241758106,34,31,ENABLE
1785583353.3738966,-0.21763179980163194,-0.0989010989011021,-0.3912087912087898,34,31,ENABLE
1785583353.37892,-0.21801327534904935,-0.0989010989011021,-0.40879120879120734,34,31,ENABLE
1785583353.3839133,-0.21839475089646676,-0.0769230769230802,-0.4439560439560424,34,31,ENABLE
1785583353.3888772,-0.21839475089646676,-0.0549450549450583,-0.4615384615384599,34,31,ENABLE
1785583353.393821,-0.21877622644388417,-0.0549450549450583,-0.47032967032966866,34,31,ENABLE
1785583353.3988729,-0.21877622644388417,-0.0329670329670364,-0.4879120879120862,34,31,ENABLE
1785583353.4039168,-0.21915770199130158,-0.0329670329670364,-0.514285714285716,34,31,ENABLE
1785583353.4088426,-0.21877622644388417,-0.010989010989014503,-0.5230769230769248,34,31,ENABLE
1785583353.4139776,-0.21915770199130158,-0.0549450549450583,-0.5318681318681335,34,31,ENABLE
1785583353.4188857,-0.21915770199130158,-0.0329670329670364,-0.549450549450551,34,31,ENABLE
1785583353.423885,-0.21915770199130158,-0.010989010989014503,-0.5670329670329686,34,31,ENABLE
1785583353.428835,-0.21915770199130158,-0.010989010989014503,-0.5758241758241773,34,31,ENABLE
1785583353.4338772,-0.219539177538719,-0.0329670329670364,-0.5758241758241773,34,31,ENABLE
1785583353.4388335,-0.219539177538719,-0.0329670329670364,-0.5846153846153861,34,31,ENABLE
1785583353.4438274,-0.2199206530861364,-0.0329670329670364,-0.5934065934065949,34,31,ENABLE
1785583353.4489083,-0.2199206530861364,-0.0549450549450583,-0.5934065934065949,34,31,ENABLE
1785583353.4538846,-0.2199206530861364,-0.0549450549450583,-0.5934065934065949,34,31,ENABLE
1785583353.4588356,-0.2203021286335538,-0.0769230769230802,-0.5934065934065949,34,31,ENABLE
1785583353.4638295,-0.22068360418097122,-0.0769230769230802,-0.5846153846153861,34,31,ENABLE
1785583353.4688349,-0.22106507972838862,-0.0769230769230802,-0.5670329670329686,34,31,ENABLE
1785583353.4739017,-0.22144655527580603,-0.0989010989011021,-0.549450549450551,34,31,ENABLE
1785583353.47889,-0.22220950637064085,-0.120879120879124,-0.5318681318681335,34,31,ENABLE
1785583353.4838846,-0.22259098191805826,-0.120879120879124,-0.514285714285716,34,31,ENABLE
1785583353.4888327,-0.22335393301289308,-0.120879120879124,-0.5054945054945073,34,31,ENABLE
1785583353.4939117,-0.2237354085603105,-0.120879120879124,-0.49670329670329494,34,31,ENABLE
1785583353.4988897,-0.2244983596551453,-0.120879120879124,-0.4879120879120862,34,31,ENABLE
1785583353.5038278,-0.22526131074998013,-0.1428571428571459,-0.4791208791208774,34,31,ENABLE
1785583353.5088248,-0.22564278629739754,-0.1428571428571459,-0.4615384615384599,34,31,ENABLE
1785583353.5138562,-0.22602426184481494,-0.0989010989011021,-0.45274725274725114,34,31,ENABLE
1785583353.5188277,-0.22678721293964976,-0.1428571428571459,-0.4439560439560424,34,31,ENABLE
1785583353.523828,-0.22755016403448458,-0.120879120879124,-0.4351648351648336,34,31,ENABLE
1785583353.5288248,-0.227931639581902,-0.120879120879124,-0.4351648351648336,34,31,ENABLE
1785583353.5338736,-0.2286945906767368,-0.1428571428571459,-0.4175824175824161,34,31,ENABLE
1785583353.5388668,-0.22907606622415422,-0.120879120879124,-0.40879120879120734,34,31,ENABLE
1785583353.5438857,-0.22983901731898904,-0.1428571428571459,-0.3912087912087898,34,31,ENABLE
1785583353.5488636,-0.23022049286640645,-0.120879120879124,-0.3736263736263723,34,31,ENABLE
1785583353.5538778,-0.23060196841382385,-0.120879120879124,-0.36483516483516354,34,31,ENABLE
1785583353.5589101,-0.23098344396124126,-0.0989010989011021,-0.36483516483516354,34,31,ENABLE
1785583353.5638328,-0.23136491950865867,-0.0549450549450583,-0.3736263736263723,34,31,ENABLE
1785583353.5688274,-0.23136491950865867,-0.0549450549450583,-0.38241758241758106,34,31,ENABLE
1785583353.5738335,-0.2321278706034935,-0.120879120879124,-0.3736263736263723,34,31,ENABLE
1785583353.5788252,-0.2325093461509109,-0.0769230769230802,-0.3560439560439548,34,31,ENABLE
1785583353.5838861,-0.2328908216983283,-0.0989010989011021,-0.3296703296703285,34,31,ENABLE
1785583353.5888274,-0.23365377279316313,-0.1648351648351678,-0.312087912087911,34,31,ENABLE
1785583353.5938256,-0.23441672388799795,-0.1428571428571459,-0.2857142857142847,34,31,ENABLE
1785583353.598823,-0.23479819943541536,-0.0989010989011021,-0.2593406593406584,34,31,ENABLE
1785583353.6039011,-0.23517967498283276,-0.0989010989011021,-0.2593406593406584,34,31,ENABLE
1785583353.6090734,-0.23556115053025017,-0.0989010989011021,-0.25054945054944966,34,31,ENABLE
1785583353.6138837,-0.23594262607766758,-0.120879120879124,-0.23296703296703214,34,31,ENABLE
1785583353.6188338,-0.23594262607766758,-0.0549450549450583,-0.2417582417582409,34,31,ENABLE
1785583353.6239014,-0.236324101625085,-0.0549450549450583,-0.25054945054944966,34,31,ENABLE
1785583353.6287546,-0.236324101625085,-0.0329670329670364,-0.25054945054944966,34,31,ENABLE
1785583353.633774,-0.236324101625085,-0.010989010989014503,-0.2593406593406584,34,31,ENABLE
1785583353.6388295,-0.236324101625085,0.010989010989014503,-0.2593406593406584,34,31,ENABLE
1785583353.6438282,-0.236324101625085,-0.010989010989014503,-0.2681318681318672,34,31,ENABLE
1785583353.6488605,-0.236324101625085,0.010989010989014503,-0.2593406593406584,34,31,ENABLE
1785583353.653876,-0.236324101625085,0.010989010989014503,-0.25054945054944966,34,31,ENABLE
1785583353.6588385,-0.236324101625085,-0.010989010989014503,-0.2417582417582409,34,31,ENABLE
1785583353.6639166,-0.236324101625085,-0.010989010989014503,-0.23296703296703214,34,31,ENABLE
1785583353.668951,-0.23594262607766758,0.010989010989014503,-0.22417582417582338,34,31,ENABLE
1785583353.6738763,-0.236324101625085,-0.010989010989014503,-0.22417582417582338,34,31,ENABLE
1785583353.6788347,-0.23594262607766758,0.010989010989014503,-0.20659340659340586,34,31,ENABLE
1785583353.6838293,-0.236324101625085,-0.010989010989014503,-0.1978021978021971,34,31,ENABLE
1785583353.688827,-0.23594262607766758,-0.010989010989014503,-0.1978021978021971,34,31,ENABLE
1785583353.6938744,-0.23594262607766758,-0.010989010989014503,-0.18021978021977958,34,31,ENABLE
1785583353.6988244,-0.236324101625085,-0.010989010989014503,-0.16263736263736206,34,31,ENABLE
1785583353.70387,-0.23594262607766758,0.0329670329670364,-0.14505494505494454,34,31,ENABLE
1785583353.708827,-0.23594262607766758,0.010989010989014503,-0.14505494505494454,34,31,ENABLE
1785583353.7139068,-0.23556115053025017,0.010989010989014503,-0.13626373626373578,34,31,ENABLE
1785583353.7188315,-0.23556115053025017,0.010989010989014503,-0.12747252747252702,34,31,ENABLE
1785583353.723829,-0.23556115053025017,0.0329670329670364,-0.1098901098901095,34,31,ENABLE
1785583353.7288523,-0.23517967498283276,0.010989010989014503,-0.11868131868131826,34,31,ENABLE
1785583353.7339563,-0.23517967498283276,0.010989010989014503,-0.10109890109890074,34,31,ENABLE
1785583353.7388246,-0.23517967498283276,-0.010989010989014503,-0.07472527472527446,34,31,ENABLE
1785583353.7438793,-0.23517967498283276,0.010989010989014503,-0.05714285714285694,34,31,ENABLE
1785583353.7488937,-0.23479819943541536,0.0329670329670364,-0.05714285714285694,34,31,ENABLE
1785583353.7539098,-0.23479819943541536,0.0329670329670364,-0.04835164835164818,34,31,ENABLE
1785583353.7588708,-0.23441672388799795,0.0329670329670364,-0.03076923076923066,34,31,ENABLE
1785583353.763858,-0.23441672388799795,0.010989010989014503,-0.0219780219780219,34,31,ENABLE
1785583353.7688289,-0.23403524834058054,0.0549450549450583,-0.01318681318681314,34,31,ENABLE
1785583353.773817,-0.23365377279316313,0.0549450549450583,-0.0219780219780219,34,31,ENABLE
1785583353.7788796,-0.23327229724574572,0.0769230769230802,-0.01318681318681314,34,31,ENABLE
1785583353.7838275,-0.2325093461509109,0.0989010989011021,-0.0219780219780219,34,31,ENABLE
1785583353.7888327,-0.2321278706034935,0.0989010989011021,-0.0219780219780219,34,31,ENABLE
1785583353.7938344,-0.23136491950865867,0.120879120879124,-0.0219780219780219,34,31,ENABLE
1785583353.7988977,-0.23098344396124126,0.120879120879124,-0.01318681318681314,34,31,ENABLE
1785583353.8038254,-0.23022049286640645,0.0989010989011021,-0.00439560439560438,34,31,ENABLE
1785583353.8088276,-0.22945754177157163,0.120879120879124,-0.00439560439560438,34,31,ENABLE
1785583353.813832,-0.22907606622415422,0.120879120879124,-0.00439560439560438,34,31,ENABLE
1785583353.8188295,-0.2283131151293194,0.120879120879124,0.00439560439560438,34,31,ENABLE
1785583353.8238196,-0.22755016403448458,0.1428571428571459,-0.00439560439560438,34,31,ENABLE
1785583353.828824,-0.22678721293964976,0.1428571428571459,0.00439560439560438,34,31,ENABLE
1785583353.833817,-0.22602426184481494,0.1648351648351678,-0.00439560439560438,34,31,ENABLE
1785583353.8388286,-0.2244983596551453,0.2087912087912116,-0.01318681318681314,34,31,ENABLE
1785583353.8438373,-0.2241168841077279,0.120879120879124,-0.01318681318681314,34,31,ENABLE
1785583353.8488257,-0.2237354085603105,0.0769230769230802,0.0219780219780219,34,31,ENABLE
1785583353.8538253,-0.22297245746547567,0.120879120879124,0.04835164835164818,34,31,ENABLE
1785583353.8588252,-0.22182803082322344,0.1428571428571459,0.05714285714285694,34,31,ENABLE
1785583353.8638332,-0.22068360418097122,0.2307692307692335,0.03956043956043942,34,31,ENABLE
1785583353.8688264,-0.2199206530861364,0.1648351648351678,0.03076923076923066,34,31,ENABLE
1785583353.8738484,-0.219539177538719,0.120879120879124,0.04835164835164818,34,31,ENABLE
1785583353.8789194,-0.21877622644388417,0.120879120879124,0.0659340659340657,34,31,ENABLE
1785583353.8838964,-0.21763179980163194,0.1428571428571459,0.08351648351648322,34,31,ENABLE
1785583353.888834,-0.21686884870679712,0.1428571428571459,0.09230769230769198,34,31,ENABLE
1785583353.893816,-0.21648737315937971,0.1428571428571459,0.1098901098901095,34,31,ENABLE
1785583353.8988166,-0.2157244220645449,0.0989010989011021,0.13626373626373578,34,31,ENABLE
1785583353.903827,-0.2153429465171275,0.120879120879124,0.1538461538461533,34,31,ENABLE
1785583353.9088154,-0.21419851987487526,0.1428571428571459,0.17142857142857082,34,31,ENABLE
1785583353.9138145,-0.21305409323262303,0.2307692307692335,0.16263736263736206,34,31,ENABLE
1785583353.918829,-0.2119096665903708,0.2087912087912116,0.14505494505494454,34,31,ENABLE
1785583353.9238303,-0.2115281910429534,0.0989010989011021,0.16263736263736206,34,31,ENABLE
1785583353.9288273,-0.2115281910429534,0.0769230769230802,0.1978021978021971,34,31,ENABLE
1785583353.933818,-0.21076523994811858,0.0769230769230802,0.25054945054944966,34,31,ENABLE
1785583353.9388287,-0.20962081330586635,0.1648351648351678,0.2681318681318672,34,31,ENABLE
1785583353.9438279,-0.2077134355687793,0.2967032967032992,0.23296703296703214,34,31,ENABLE
1785583353.948911,-0.20656900892652708,0.2747252747252773,0.1978021978021971,34,31,ENABLE
1785583353.9538395,-0.20656900892652708,0.0989010989011021,0.23296703296703214,34,31,ENABLE
1785583353.9591117,-0.20618753337910967,0.0769230769230802,0.27692307692307594,34,31,ENABLE
1785583353.9638143,-0.20504310673685744,0.1648351648351678,0.312087912087911,34,31,ENABLE
1785583353.9688773,-0.2038986800946052,0.1868131868131897,0.3296703296703285,34,31,ENABLE
1785583353.9738219,-0.2035172045471878,0.120879120879124,0.347252747252746,34,31,ENABLE
1785583353.978824,-0.20275425345235298,0.120879120879124,0.36483516483516354,34,31,ENABLE
1785583353.9838455,-0.20160982681010076,0.1648351648351678,0.38241758241758106,34,31,ENABLE
1785583353.9888246,-0.20008392462043112,0.2307692307692335,0.3736263736263723,34,31,ENABLE
1785583353.9938192,-0.1993209735255963,0.1868131868131897,0.36483516483516354,34,31,ENABLE
1785583353.998819,-0.19855802243076148,0.1648351648351678,0.3736263736263723,34,31,ENABLE
1785583354.003828,-0.19741359578850926,0.2087912087912116,0.3999999999999986,34,31,ENABLE
1785583354.0088325,-0.19588769359883962,0.2527472527472554,0.3999999999999986,34,31,ENABLE
1785583354.0138338,-0.1951247425040048,0.1868131868131897,0.3999999999999986,34,31,ENABLE
1785583354.0188243,-0.19398031586175257,0.2087912087912116,0.3999999999999986,34,31,ENABLE
1785583354.0238264,-0.19169146257724812,0.340659340659343,0.3999999999999986,34,31,ENABLE
1785583354.0288265,-0.1905470359349959,0.2747252747252773,0.3736263736263723,34,31,ENABLE
1785583354.033878,-0.18940260929274366,0.2527472527472554,0.3736263736263723,34,31,ENABLE
1785583354.0388768,-0.1871137560082392,0.3626373626373649,0.3736263736263723,34,31,ENABLE
1785583354.0438132,-0.1863508049134044,0.2087912087912116,0.38241758241758106,34,31,ENABLE
1785583354.0488906,-0.18520637827115216,0.2087912087912116,0.42637362637362486,34,31,ENABLE
1785583354.053888,-0.18329900053406512,0.3186813186813211,0.4351648351648336,34,31,ENABLE
1785583354.0588233,-0.1821545738918129,0.2747252747252773,0.4351648351648336,34,31,ENABLE
1785583354.0638285,-0.18062867170214325,0.2967032967032992,0.4439560439560424,34,31,ENABLE
1785583354.0688283,-0.1787212939650562,0.340659340659343,0.42637362637362486,34,31,ENABLE
1785583354.073826,-0.17719539177538657,0.2747252747252773,0.4175824175824161,34,31,ENABLE
1785583354.0788326,-0.1749065384908821,0.4065934065934087,0.40879120879120734,34,31,ENABLE
1785583354.0838296,-0.17376211184862989,0.2747252747252773,0.3999999999999986,34,31,ENABLE
1785583354.0888245,-0.17185473411154284,0.340659340659343,0.42637362637362486,34,31,ENABLE
1785583354.0938275,-0.16956588082703838,0.3846153846153868,0.3999999999999986,34,31,ENABLE
1785583354.098825,-0.16803997863736875,0.3186813186813211,0.40879120879120734,34,31,ENABLE
1785583354.1038265,-0.1661326009002817,0.3846153846153868,0.40879120879120734,34,31,ENABLE
1785583354.1088245,-0.16460669871061206,0.2967032967032992,0.40879120879120734,34,31,ENABLE
1785583354.1138296,-0.1619363698786902,0.4725274725274744,0.3912087912087898,34,31,ENABLE
1785583354.1188757,-0.16041046768902056,0.340659340659343,0.3912087912087898,34,31,ENABLE
1785583354.1238213,-0.15850308995193352,0.3846153846153868,0.3999999999999986,34,31,ENABLE
1785583354.128824,-0.15659571221484647,0.340659340659343,0.3912087912087898,34,31,ENABLE
1785583354.133828,-0.15430685893034202,0.4725274725274744,0.3999999999999986,34,31,ENABLE
1785583354.1388276,-0.15278095674067238,0.3186813186813211,0.40879120879120734,34,31,ENABLE
1785583354.1438282,-0.15049210345616792,0.4065934065934087,0.4175824175824161,34,31,ENABLE
1785583354.1488202,-0.14858472571908088,0.4065934065934087,0.3999999999999986,34,31,ENABLE
1785583354.1538267,-0.14667734798199383,0.3846153846153868,0.42637362637362486,34,31,ENABLE
1785583354.1588333,-0.1447699702449068,0.3846153846153868,0.40879120879120734,34,31,ENABLE
1785583354.1639137,-0.14248111696040233,0.4285714285714306,0.4175824175824161,34,31,ENABLE
1785583354.168895,-0.1409552147707327,0.3846153846153868,0.40879120879120734,34,31,ENABLE
1785583354.1738884,-0.13866636148622824,0.4065934065934087,0.42637362637362486,34,31,ENABLE
1785583354.178921,-0.13637750820172378,0.4065934065934087,0.3999999999999986,34,31,ENABLE
1785583354.1838987,-0.13447013046463674,0.3846153846153868,0.4175824175824161,34,31,ENABLE
1785583354.188832,-0.1325627527275497,0.3846153846153868,0.40879120879120734,34,31,ENABLE
1785583354.1938765,-0.13027389944304524,0.4285714285714306,0.4351648351648336,34,31,ENABLE
1785583354.1988332,-0.1283665217059582,0.3846153846153868,0.4351648351648336,34,31,ENABLE
1785583354.2039106,-0.12645914396887115,0.340659340659343,0.4439560439560424,34,31,ENABLE
1785583354.2088826,-0.12417029068436669,0.4285714285714306,0.4351648351648336,34,31,ENABLE
1785583354.2138247,-0.12188143739986224,0.4285714285714306,0.42637362637362486,34,31,ENABLE
1785583354.2188244,-0.11959258411535778,0.4505494505494525,0.3999999999999986,34,31,ENABLE
1785583354.2239082,-0.1161593041886011,0.5824175824175839,0.3560439560439548,34,31,ENABLE
1785583354.2288816,-0.11348897535667923,0.5824175824175839,0.312087912087911,34,31,ENABLE
1785583354.2338715,-0.11005569542992255,0.6263736263736277,0.25054945054944966,34,31,ENABLE
1785583354.238855,-0.10662241550316587,0.6703296703296715,0.18021978021977958,34,31,ENABLE
1785583354.2439067,-0.10280766002899178,0.6923076923076934,0.11868131868131826,34,31,ENABLE
1785583354.2488945,-0.0993743801022351,0.6923076923076934,0.09230769230769198,34,31,ENABLE
1785583354.2538316,-0.09670405127031323,0.5824175824175839,0.10109890109890074,34,31,ENABLE
1785583354.2588239,-0.09327077134355655,0.5824175824175839,0.05714285714285694,34,31,ENABLE
1785583354.26391,-0.08754863813229541,0.9560439560439562,-0.04835164835164818,34,31,ENABLE
1785583354.2688832,-0.08220798046845168,1.0879120879120876,-0.20659340659340586,34,31,ENABLE
1785583354.2738328,-0.07724879835202536,1.021978021978022,-0.3736263736263723,34,31,ENABLE
1785583354.2788255,-0.07228961623559904,0.9560439560439562,-0.4791208791208774,34,31,ENABLE
1785583354.2838237,-0.06733043411917272,0.9340659340659343,-0.514285714285716,34,31,ENABLE
1785583354.2888255,-0.06389715419241604,0.8021978021978029,-0.5054945054945073,34,31,ENABLE
1785583354.2938201,-0.06008239871824195,0.7362637362637372,-0.4791208791208774,34,31,ENABLE
1785583354.2988281,-0.056267643244067855,0.7362637362637372,-0.4615384615384599,34,31,ENABLE
1785583354.303911,-0.05245288776989376,0.7142857142857153,-0.45274725274725114,34,31,ENABLE
1785583354.308931,-0.04940108339055449,0.6923076923076934,-0.45274725274725114,34,31,ENABLE
1785583354.3138862,-0.04596780346379781,0.6483516483516496,-0.4439560439560424,34,31,ENABLE
1785583354.3188682,-0.042915999084458534,0.6483516483516496,-0.4351648351648336,34,31,ENABLE
1785583354.3237827,-0.04024567025253667,0.5384615384615401,-0.42637362637362486,34,31,ENABLE
1785583354.3288128,-0.037193865873197396,0.560439560439562,-0.40879120879120734,34,31,ENABLE
1785583354.3338807,-0.03490501258869294,0.4945054945054963,-0.36483516483516354,34,31,ENABLE
1785583354.3388364,-0.032997634851605895,0.4285714285714306,-0.3296703296703285,34,31,ENABLE
1785583354.3438275,-0.03070878156710144,0.4065934065934087,-0.2857142857142847,34,31,ENABLE
1785583354.3488674,-0.028801403830014394,0.4065934065934087,-0.25054945054944966,34,31,ENABLE
1785583354.3538752,-0.026894026092927348,0.3846153846153868,-0.20659340659340586,34,31,ENABLE
1785583354.3588364,-0.024986648355840302,0.3846153846153868,-0.18901098901098834,34,31,ENABLE
1785583354.3638256,-0.023460746166170665,0.3186813186813211,-0.16263736263736206,34,31,ENABLE
1785583354.3689167,-0.02193484397650103,0.2747252747252773,-0.10109890109890074,34,31,ENABLE
1785583354.373834,-0.02040894178683139,0.3186813186813211,-0.08351648351648322,34,31,ENABLE
1785583354.3788247,-0.018501564049744346,0.3186813186813211,-0.05714285714285694,34,31,ENABLE
1785583354.383827,-0.01697566186007471,0.340659340659343,-0.03956043956043942,34,31,ENABLE
1785583354.3889291,-0.015449759670405072,0.2967032967032992,-0.0219780219780219,34,31,ENABLE
1785583354.393875,-0.013160906385900617,0.3846153846153868,-0.01318681318681314,34,31,ENABLE
1785583354.3988335,-0.011253528648813571,0.3626373626373649,-0.01318681318681314,34,31,ENABLE
1785583354.4038239,-0.009346150911726525,0.3846153846153868,0.00439560439560438,34,31,ENABLE
1785583354.408909,-0.007820248722056888,0.3186813186813211,-0.00439560439560438,34,31,ENABLE
1785583354.413833,-0.005531395437552433,0.4065934065934087,0.01318681318681314,34,31,ENABLE
1785583354.418828,-0.0040054932478827965,0.3626373626373649,0.0219780219780219,34,31,ENABLE
1785583354.4238265,-0.0020981155107957505,0.340659340659343,0.05714285714285694,34,31,ENABLE
1785583354.428876,-0.0005722133211261138,0.340659340659343,0.08351648351648322,34,31,ENABLE
1785583354.4339087,0.0001907377737087046,0.1648351648351678,0.1538461538461533,34,31,ENABLE
1785583354.438905,0.0001907377737087046,0.0989010989011021,0.2593406593406584,34,31,ENABLE
1785583354.4438798,0.000953688868543523,0.120879120879124,0.347252747252746,34,31,ENABLE
1785583354.4488957,0.0024795910582131597,0.2307692307692335,0.38241758241758106,34,31,ENABLE
1785583354.4538832,0.0036240177004653873,0.2307692307692335,0.3912087912087898,34,31,ENABLE
1785583354.4588354,0.005149919890135024,0.2527472527472554,0.38241758241758106,34,31,ENABLE
1785583354.4638271,0.007438773174639479,0.3846153846153868,0.36483516483516354,34,31,ENABLE
1785583354.4688296,0.008964675364309116,0.3186813186813211,0.33846153846153726,34,31,ENABLE
1785583354.473925,0.011253528648813571,0.4285714285714306,0.3296703296703285,34,31,ENABLE
1785583354.478848,0.013160906385900617,0.4065934065934087,0.3032967032967022,34,31,ENABLE
1785583354.4838288,0.015449759670405072,0.4285714285714306,0.312087912087911,34,31,ENABLE
1785583354.4888282,0.017357137407492118,0.3846153846153868,0.29450549450549346,34,31,ENABLE
1785583354.493885,0.020027466239413982,0.4725274725274744,0.29450549450549346,34,31,ENABLE
1785583354.4988308,0.02193484397650103,0.4065934065934087,0.3032967032967022,34,31,ENABLE
1785583354.5038369,0.024223697261005483,0.4505494505494525,0.2857142857142847,34,31,ENABLE
1785583354.5088444,0.026894026092927348,0.4945054945054963,0.29450549450549346,34,31,ENABLE
1785583354.5138276,0.028801403830014394,0.4285714285714306,0.2857142857142847,34,31,ENABLE
1785583354.5188847,0.03185320820935367,0.5164835164835182,0.27692307692307594,34,31,ENABLE
1785583354.523829,0.033379110399023304,0.4285714285714306,0.2857142857142847,34,31,ENABLE
1785583354.5288239,0.03566796368352776,0.4065934065934087,0.3032967032967022,34,31,ENABLE
1785583354.5338771,0.037575341420614805,0.4065934065934087,0.3296703296703285,34,31,ENABLE
1785583354.538835,0.03986419470511926,0.4065934065934087,0.347252747252746,34,31,ENABLE
1785583354.5438256,0.0413900968947889,0.340659340659343,0.3736263736263723,34,31,ENABLE
1785583354.5488834,0.04367895017929335,0.4065934065934087,0.3912087912087898,34,31,ENABLE
1785583354.5538287,0.04520485236896299,0.340659340659343,0.4175824175824161,34,31,ENABLE
1785583354.5589228,0.047112230106050035,0.3626373626373649,0.45274725274725114,34,31,ENABLE
1785583354.5638754,0.04863813229571967,0.2967032967032992,0.47032967032966866,34,31,ENABLE
1785583354.5688574,0.05016403448538931,0.3186813186813211,0.514285714285716,34,31,ENABLE
1785583354.5738773,0.051689936675058945,0.2967032967032992,0.5406593406593423,34,31,ENABLE
1785583354.57887,0.05245288776989376,0.1868131868131897,0.6021978021978036,34,31,ENABLE
1785583354.5838754,0.05359731441214599,0.2307692307692335,0.6549450549450562,34,31,ENABLE
1785583354.5888348,0.05550469214923304,0.3186813186813211,0.6549450549450562,34,31,ENABLE
1785583354.593827,0.057030594338902674,0.2967032967032992,0.6637362637362649,34,31,ENABLE
1785583354.5988283,0.05855649652857231,0.340659340659343,0.6813186813186825,34,31,ENABLE
1785583354.603877,0.06008239871824195,0.2967032967032992,0.6725274725274737,34,31,ENABLE
1785583354.6088324,0.06198977645532899,0.3846153846153868,0.6637362637362649,34,31,ENABLE
1785583354.6138318,0.06427862973983345,0.3846153846153868,0.6373626373626387,34,31,ENABLE
1785583354.6188285,0.0661860074769205,0.3846153846153868,0.6285714285714299,34,31,ENABLE
1785583354.6238682,0.06809338521400754,0.3626373626373649,0.6109890109890124,34,31,ENABLE
1785583354.6288972,0.07114518959334681,0.4945054945054963,0.6021978021978036,34,31,ENABLE
1785583354.633921,0.07305256733043386,0.4065934065934087,0.5846153846153861,34,31,ENABLE
1785583354.6388817,0.07534142061493831,0.4505494505494525,0.5670329670329686,34,31,ENABLE
1785583354.6438138,0.07801174944686018,0.4725274725274744,0.549450549450551,34,31,ENABLE
1785583354.6487944,0.08030060273136463,0.4505494505494525,0.5406593406593423,34,31,ENABLE
1785583354.6538856,0.0829709315632865,0.4725274725274744,0.549450549450551,34,31,ENABLE
1785583354.6589413,0.08449683375295614,0.3626373626373649,0.5670329670329686,34,31,ENABLE
1785583354.664014,0.08678568703746059,0.4065934065934087,0.6109890109890124,34,31,ENABLE
1785583354.6688845,0.08831158922713023,0.340659340659343,0.6285714285714299,34,31,ENABLE
1785583354.6738825,0.08983749141679986,0.2967032967032992,0.6813186813186825,34,31,ENABLE
1785583354.6788316,0.0913633936064695,0.2967032967032992,0.7076923076923087,34,31,ENABLE
1785583354.6838777,0.09288929579613914,0.3186813186813211,0.7428571428571438,34,31,ENABLE
1785583354.688921,0.09479667353322618,0.340659340659343,0.734065934065935,34,31,ENABLE
1785583354.693883,0.09670405127031323,0.3626373626373649,0.7164835164835175,34,31,ENABLE
1785583354.6988354,0.09899290455481768,0.4285714285714306,0.6901098901098912,34,31,ENABLE
1785583354.7038279,0.10090028229190473,0.4065934065934087,0.6813186813186825,34,31,ENABLE
1785583354.7088332,0.10280766002899178,0.3846153846153868,0.6813186813186825,34,31,ENABLE
1785583354.713828,0.10471503776607882,0.3846153846153868,0.6813186813186825,34,31,ENABLE
1785583354.7188344,0.10738536659800069,0.4285714285714306,0.6725274725274737,34,31,ENABLE
1785583354.7238252,0.10967421988250514,0.4505494505494525,0.6637362637362649,34,31,ENABLE
1785583354.7289228,0.11158159761959219,0.3846153846153868,0.6461538461538474,34,31,ENABLE
1785583354.7338765,0.11387045090409664,0.4505494505494525,0.6461538461538474,34,31,ENABLE
1785583354.7388327,0.11577782864118369,0.4065934065934087,0.6461538461538474,34,31,ENABLE
1785583354.743826,0.11806668192568814,0.4285714285714306,0.6461538461538474,34,31,ENABLE
1785583354.7489202,0.11997405966277519,0.3846153846153868,0.6461538461538474,34,31,ENABLE
1785583354.75394,0.12226291294727964,0.4285714285714306,0.6461538461538474,34,31,ENABLE
1785583354.7589016,0.12417029068436669,0.4285714285714306,0.6461538461538474,34,31,ENABLE
1785583354.7638483,0.12607766842145374,0.3846153846153868,0.6549450549450562,34,31,ENABLE
1785583354.7688816,0.12798504615854078,0.3626373626373649,0.6549450549450562,34,31,ENABLE
1785583354.7738926,0.12989242389562783,0.4065934065934087,0.6637362637362649,34,31,ENABLE
1785583354.7788343,0.13179980163271487,0.3626373626373649,0.6813186813186825,34,31,ENABLE
1785583354.7838817,0.13408865491721933,0.4065934065934087,0.6637362637362649,34,31,ENABLE
1785583354.7888343,0.13599603265430638,0.4065934065934087,0.6285714285714299,34,31,ENABLE
1785583354.793879,0.13828488593881083,0.4505494505494525,0.6197802197802211,34,31,ENABLE
1785583354.7988355,0.14019226367589788,0.4065934065934087,0.6021978021978036,34,31,ENABLE
1785583354.8038292,0.14209964141298492,0.3846153846153868,0.5934065934065949,34,31,ENABLE
1785583354.8088288,0.1447699702449068,0.4285714285714306,0.5846153846153861,34,31,ENABLE
1785583354.8140042,0.14705882352941124,0.4285714285714306,0.5670329670329686,34,31,ENABLE
1785583354.8188765,0.1493476768139157,0.4945054945054963,0.5318681318681335,34,31,ENABLE
1785583354.8238883,0.15163653009842015,0.4285714285714306,0.514285714285716,34,31,ENABLE
1785583354.8288338,0.1535439078355072,0.4065934065934087,0.514285714285716,34,31,ENABLE
1785583354.8339198,0.15583276112001165,0.4285714285714306,0.5054945054945073,34,31,ENABLE
1785583354.8388686,0.1581216144045161,0.4285714285714306,0.49670329670329494,34,31,ENABLE
1785583354.8438272,0.15964751659418575,0.340659340659343,0.5230769230769248,34,31,ENABLE
1785583354.848887,0.1615548943312728,0.3846153846153868,0.5230769230769248,34,31,ENABLE
1785583354.853829,0.16384374761577725,0.3626373626373649,0.5230769230769248,34,31,ENABLE
1785583354.858874,0.1657511253528643,0.3626373626373649,0.5318681318681335,34,31,ENABLE
1785583354.8638325,0.16689555199511652,0.2747252747252773,0.5318681318681335,34,31,ENABLE
1785583354.8688757,0.16956588082703838,0.4065934065934087,0.5318681318681335,34,31,ENABLE
1785583354.873829,0.1707103074692906,0.3186813186813211,0.5230769230769248,34,31,ENABLE
1785583354.8789082,0.17223620965896025,0.2967032967032992,0.5406593406593423,34,31,ENABLE
1785583354.8838341,0.1741435873960473,0.340659340659343,0.5230769230769248,34,31,ENABLE
1785583354.8888285,0.17643244068055175,0.3846153846153868,0.5054945054945073,34,31,ENABLE
1785583354.8938284,0.1779583428702214,0.3186813186813211,0.49670329670329494,34,31,ENABLE
1785583354.8988643,0.1787212939650562,0.2307692307692335,0.514285714285716,34,31,ENABLE
1785583354.9038713,0.18139162279697807,0.3846153846153868,0.5054945054945073,34,31,ENABLE
1785583354.9088268,0.1829175249866477,0.3626373626373649,0.4791208791208774,34,31,ENABLE
1785583354.9138265,0.18444342717631734,0.2967032967032992,0.4879120879120862,34,31,ENABLE
1785583354.9188597,0.18596932936598698,0.3186813186813211,0.4791208791208774,34,31,ENABLE
1785583354.9238691,0.1871137560082392,0.2747252747252773,0.4879120879120862,34,31,ENABLE
1785583354.9288328,0.18902113374532625,0.2967032967032992,0.49670329670329494,34,31,ENABLE
1785583354.9338748,0.19016556038757848,0.2527472527472554,0.49670329670329494,34,31,ENABLE
1785583354.9388323,0.1913099870298307,0.2087912087912116,0.49670329670329494,34,31,ENABLE
1785583354.9438646,0.19321736476691775,0.2967032967032992,0.5054945054945073,34,31,ENABLE
1785583354.9488916,0.19436179140916998,0.2747252747252773,0.4879120879120862,34,31,ENABLE
1785583354.953881,0.1955062180514222,0.2307692307692335,0.49670329670329494,34,31,ENABLE
1785583354.9588327,0.19703212024109185,0.2967032967032992,0.49670329670329494,34,31,ENABLE
1785583354.9638753,0.19817654688334407,0.2527472527472554,0.4791208791208774,34,31,ENABLE
1785583354.9688327,0.1989394979781789,0.1868131868131897,0.49670329670329494,34,31,ENABLE
1785583354.9738731,0.20008392462043112,0.1868131868131897,0.5230769230769248,34,31,ENABLE
1785583354.9788332,0.20122835126268335,0.2087912087912116,0.5230769230769248,34,31,ENABLE
1785583354.9839127,0.20237277790493557,0.1868131868131897,0.5054945054945073,34,31,ENABLE
1785583354.9888341,0.2035172045471878,0.2087912087912116,0.5230769230769248,34,31,ENABLE
1785583354.9938276,0.20428015564202262,0.1428571428571459,0.549450549450551,34,31,ENABLE
1785583354.9988294,0.20504310673685744,0.1648351648351678,0.5582417582417598,34,31,ENABLE
1785583355.0041559,0.20580605783169226,0.1648351648351678,0.5670329670329686,34,31,ENABLE
1785583355.008886,0.20656900892652708,0.1648351648351678,0.5670329670329686,34,31,ENABLE
1785583355.0138345,0.2073319600213619,0.1648351648351678,0.5670329670329686,34,31,ENABLE
1785583355.018877,0.20885786221103153,0.2307692307692335,0.5318681318681335,34,31,ENABLE
1785583355.0238342,0.21000228885328376,0.2527472527472554,0.4879120879120862,34,31,ENABLE
1785583355.028836,0.2115281910429534,0.2747252747252773,0.4615384615384599,34,31,ENABLE
1785583355.0338302,0.21305409323262303,0.2967032967032992,0.42637362637362486,34,31,ENABLE
1785583355.0388265,0.21419851987487526,0.2527472527472554,0.42637362637362486,34,31,ENABLE
1785583355.043827,0.21457999542229267,0.1428571428571459,0.42637362637362486,34,31,ENABLE
1785583355.0488868,0.2157244220645449,0.1648351648351678,0.4351648351648336,34,31,ENABLE
1785583355.053833,0.21686884870679712,0.2087912087912116,0.4439560439560424,34,31,ENABLE
1785583355.0588267,0.21801327534904935,0.2087912087912116,0.4175824175824161,34,31,ENABLE
1785583355.0638309,0.21915770199130158,0.2307692307692335,0.3912087912087898,34,31,ENABLE
1785583355.0688972,0.22068360418097122,0.2307692307692335,0.3736263736263723,34,31,ENABLE
1785583355.073884,0.22182803082322344,0.2527472527472554,0.347252747252746,34,31,ENABLE
1785583355.078897,0.22335393301289308,0.2527472527472554,0.312087912087911,34,31,ENABLE
1785583355.0838907,0.2244983596551453,0.2527472527472554,0.2857142857142847,34,31,ENABLE
1785583355.0888689,0.22564278629739754,0.2527472527472554,0.27692307692307594,34,31,ENABLE
1785583355.0938296,0.22640573739223235,0.1648351648351678,0.27692307692307594,34,31,ENABLE
1785583355.098828,0.22716868848706717,0.1428571428571459,0.29450549450549346,34,31,ENABLE
1785583355.1038275,0.227931639581902,0.120879120879124,0.312087912087911,34,31,ENABLE
1785583355.108826,0.2283131151293194,0.120879120879124,0.312087912087911,34,31,ENABLE
1785583355.1138344,0.22907606622415422,0.120879120879124,0.312087912087911,34,31,ENABLE
1785583355.1188262,0.22983901731898904,0.1428571428571459,0.29450549450549346,34,31,ENABLE
1785583355.1238317,0.23098344396124126,0.1428571428571459,0.2681318681318672,34,31,ENABLE
1785583355.1288264,0.23174639505607608,0.1868131868131897,0.2417582417582409,34,31,ENABLE
1785583355.13388,0.2325093461509109,0.1428571428571459,0.23296703296703214,34,31,ENABLE
1785583355.1388338,0.2328908216983283,0.120879120879124,0.23296703296703214,34,31,ENABLE
1785583355.1438906,0.23365377279316313,0.0989010989011021,0.21538461538461462,34,31,ENABLE
1785583355.1488743,0.23403524834058054,0.0989010989011021,0.21538461538461462,34,31,ENABLE
1785583355.1539319,0.23441672388799795,0.0989010989011021,0.22417582417582338,34,31,ENABLE
1785583355.1588912,0.23479819943541536,0.0769230769230802,0.22417582417582338,34,31,ENABLE
1785583355.1638784,0.23517967498283276,0.0769230769230802,0.22417582417582338,34,31,ENABLE
1785583355.1689193,0.23556115053025017,0.0329670329670364,0.21538461538461462,34,31,ENABLE
1785583355.1739383,0.23556115053025017,0.0329670329670364,0.22417582417582338,34,31,ENABLE
1785583355.1788766,0.23594262607766758,0.0329670329670364,0.22417582417582338,34,31,ENABLE
1785583355.1838872,0.236324101625085,0.0549450549450583,0.21538461538461462,34,31,ENABLE
1785583355.1888337,0.236324101625085,0.010989010989014503,0.21538461538461462,34,31,ENABLE
1785583355.1938286,0.236324101625085,0.010989010989014503,0.22417582417582338,34,31,ENABLE
1785583355.1989222,0.236324101625085,-0.010989010989014503,0.22417582417582338,34,31,ENABLE
1785583355.2038326,0.23594262607766758,-0.0329670329670364,0.23296703296703214,34,31,ENABLE
1785583355.208825,0.23594262607766758,-0.0329670329670364,0.2417582417582409,34,31,ENABLE
1785583355.2138252,0.23594262607766758,-0.010989010989014503,0.2417582417582409,34,31,ENABLE
1785583355.2188282,0.23556115053025017,-0.0549450549450583,0.2417582417582409,34,31,ENABLE
1785583355.2238743,0.23556115053025017,-0.0329670329670364,0.22417582417582338,34,31,ENABLE
1785583355.2288313,0.23556115053025017,-0.0549450549450583,0.22417582417582338,34,31,ENABLE
1785583355.2338762,0.23517967498283276,-0.0329670329670364,0.22417582417582338,34,31,ENABLE
1785583355.2388732,0.23479819943541536,-0.0549450549450583,0.21538461538461462,34,31,ENABLE
1785583355.2438273,0.23441672388799795,-0.0989010989011021,0.22417582417582338,34,31,ENABLE
1785583355.2488818,0.23403524834058054,-0.0989010989011021,0.23296703296703214,34,31,ENABLE
1785583355.2538304,0.23365377279316313,-0.0989010989011021,0.23296703296703214,34,31,ENABLE
1785583355.2588959,0.2328908216983283,-0.120879120879124,0.2417582417582409,34,31,ENABLE
1785583355.2638726,0.2325093461509109,-0.0989010989011021,0.2417582417582409,34,31,ENABLE
1785583355.2688336,0.2325093461509109,-0.0769230769230802,0.23296703296703214,34,31,ENABLE
1785583355.2738261,0.23174639505607608,-0.0769230769230802,0.22417582417582338,34,31,ENABLE
1785583355.2788236,0.23174639505607608,-0.0769230769230802,0.20659340659340586,34,31,ENABLE
1785583355.2838778,0.23136491950865867,-0.0769230769230802,0.18901098901098834,34,31,ENABLE
1785583355.2888343,0.23098344396124126,-0.0769230769230802,0.17142857142857082,34,31,ENABLE
1785583355.2938247,0.23098344396124126,-0.0549450549450583,0.14505494505494454,34,31,ENABLE
1785583355.2988243,0.23060196841382385,-0.0549450549450583,0.12747252747252702,34,31,ENABLE
1785583355.3038278,0.23022049286640645,-0.0769230769230802,0.1098901098901095,34,31,ENABLE
1785583355.3088279,0.22983901731898904,-0.0769230769230802,0.1098901098901095,34,31,ENABLE
1785583355.3138263,0.22945754177157163,-0.0989010989011021,0.10109890109890074,34,31,ENABLE
1785583355.3194737,0.22907606622415422,-0.0989010989011021,0.09230769230769198,34,31,ENABLE
1785583355.3264735,0.227931639581902,-0.1428571428571459,0.09230769230769198,34,31,ENABLE
1785583355.3291645,0.22755016403448458,-0.120879120879124,0.10109890109890074,34,31,ENABLE
1785583355.3336675,0.22716868848706717,-0.1648351648351678,0.10109890109890074,34,31,ENABLE
1785583355.3386672,0.22640573739223235,-0.1648351648351678,0.10109890109890074,34,31,ENABLE
1785583355.3437653,0.22526131074998013,-0.1648351648351678,0.09230769230769198,34,31,ENABLE
1785583355.3487813,0.22487983520256272,-0.1648351648351678,0.08351648351648322,34,31,ENABLE
1785583355.3538146,0.2237354085603105,-0.1868131868131897,0.08351648351648322,34,31,ENABLE
1785583355.3584504,0.22335393301289308,-0.1428571428571459,0.07472527472527446,34,31,ENABLE
1785583355.3633926,0.22297245746547567,-0.1428571428571459,0.04835164835164818,34,31,ENABLE
1785583355.3692477,0.22182803082322344,-0.1428571428571459,0.0219780219780219,34,31,ENABLE
1785583355.374161,0.22144655527580603,-0.1648351648351678,0.00439560439560438,34,31,ENABLE
1785583355.379055,0.22068360418097122,-0.1648351648351678,-0.00439560439560438,34,31,ENABLE
1785583355.3838882,0.2199206530861364,-0.1428571428571459,-0.0219780219780219,34,31,ENABLE
1785583355.3888757,0.219539177538719,-0.120879120879124,-0.03956043956043942,34,31,ENABLE
1785583355.3937645,0.21839475089646676,-0.1648351648351678,-0.0659340659340657,34,31,ENABLE
1785583355.3988347,0.21763179980163194,-0.1648351648351678,-0.07472527472527446,34,31,ENABLE
1785583355.4038277,0.21648737315937971,-0.2087912087912116,-0.07472527472527446,34,31,ENABLE
1785583355.4088652,0.2153429465171275,-0.2307692307692335,-0.05714285714285694,34,31,ENABLE
1785583355.4138305,0.21419851987487526,-0.2307692307692335,-0.03956043956043942,34,31,ENABLE
1785583355.4188304,0.21305409323262303,-0.2967032967032992,-0.03956043956043942,34,31,ENABLE
1785583355.4238281,0.2115281910429534,-0.2747252747252773,-0.03076923076923066,34,31,ENABLE
1785583355.428867,0.21038376440070117,-0.2527472527472554,-0.03956043956043942,34,31,ENABLE
1785583355.4338768,0.20923933775844894,-0.2747252747252773,-0.03956043956043942,34,31,ENABLE
1785583355.4388332,0.20695048447394448,-0.3846153846153868,-0.0219780219780219,34,31,ENABLE
1785583355.4438257,0.20618753337910967,-0.2967032967032992,-0.01318681318681314,34,31,ENABLE
1785583355.448882,0.20428015564202262,-0.3186813186813211,-0.0219780219780219,34,31,ENABLE
1785583355.4539204,0.20275425345235298,-0.3186813186813211,-0.0219780219780219,34,31,ENABLE
1785583355.45888,0.20122835126268335,-0.340659340659343,-0.0219780219780219,34,31,ENABLE
1785583355.4638817,0.1989394979781789,-0.4065934065934087,-0.00439560439560438,34,31,ENABLE
1785583355.4688642,0.19779507133592666,-0.2967032967032992,-0.00439560439560438,34,31,ENABLE
1785583355.4738762,0.19588769359883962,-0.340659340659343,-0.0219780219780219,34,31,ENABLE
1785583355.4788263,0.19436179140916998,-0.3626373626373649,-0.01318681318681314,34,31,ENABLE
1785583355.483828,0.19283588921950034,-0.2967032967032992,-0.03956043956043942,34,31,ENABLE
1785583355.4888237,0.1913099870298307,-0.3626373626373649,-0.04835164835164818,34,31,ENABLE
1785583355.4939106,0.18940260929274366,-0.340659340659343,-0.03956043956043942,34,31,ENABLE
1785583355.4988418,0.18749523155565662,-0.4065934065934087,-0.04835164835164818,34,31,ENABLE
1785583355.503828,0.1863508049134044,-0.2967032967032992,-0.05714285714285694,34,31,ENABLE
1785583355.5088243,0.18444342717631734,-0.3186813186813211,-0.07472527472527446,34,31,ENABLE
1785583355.5138814,0.1821545738918129,-0.4285714285714306,-0.0659340659340657,34,31,ENABLE
1785583355.518826,0.18062867170214325,-0.3626373626373649,-0.0659340659340657,34,31,ENABLE
1785583355.5238245,0.1787212939650562,-0.3846153846153868,-0.0659340659340657,34,31,ENABLE
1785583355.5288234,0.17719539177538657,-0.3186813186813211,-0.0659340659340657,34,31,ENABLE
1785583355.5338736,0.1749065384908821,-0.4505494505494525,-0.0659340659340657,34,31,ENABLE
1785583355.5388327,0.17338063630121248,-0.340659340659343,-0.07472527472527446,34,31,ENABLE
1785583355.5438263,0.17109178301670802,-0.4285714285714306,-0.07472527472527446,34,31,ENABLE
1785583355.5488832,0.16880292973220357,-0.4285714285714306,-0.04835164835164818,34,31,ENABLE
1785583355.5538309,0.1665140764476991,-0.4285714285714306,-0.05714285714285694,34,31,ENABLE
1785583355.558833,0.16536964980544688,-0.340659340659343,-0.05714285714285694,34,31,ENABLE
1785583355.5638278,0.1623178454261076,-0.5164835164835182,-0.0659340659340657,34,31,ENABLE
1785583355.5688798,0.16041046768902056,-0.4505494505494525,-0.05714285714285694,34,31,ENABLE
1785583355.5738387,0.1581216144045161,-0.4725274725274744,-0.0659340659340657,34,31,ENABLE
1785583355.5788937,0.15621423666742906,-0.4285714285714306,-0.0659340659340657,34,31,ENABLE
1785583355.5838885,0.1539253833829246,-0.4505494505494525,-0.0659340659340657,34,31,ENABLE
1785583355.5888302,0.15163653009842015,-0.4725274725274744,-0.07472527472527446,34,31,ENABLE
1785583355.593872,0.1493476768139157,-0.4505494505494525,-0.0659340659340657,34,31,ENABLE
1785583355.5988934,0.14705882352941124,-0.4945054945054963,-0.0659340659340657,34,31,ENABLE
1785583355.6038318,0.1447699702449068,-0.4725274725274744,-0.05714285714285694,34,31,ENABLE
1785583355.6088324,0.14209964141298492,-0.4725274725274744,-0.05714285714285694,34,31,ENABLE
1785583355.6138287,0.14019226367589788,-0.4505494505494525,-0.07472527472527446,34,31,ENABLE
1785583355.6188247,0.137521934843976,-0.5384615384615401,-0.04835164835164818,34,31,ENABLE
1785583355.6238782,0.13447013046463674,-0.5824175824175839,-0.03076923076923066,34,31,ENABLE
1785583355.6288288,0.13179980163271487,-0.560439560439562,-0.00439560439560438,34,31,ENABLE
1785583355.6338296,0.129129472800793,-0.560439560439562,0.00439560439560438,34,31,ENABLE
1785583355.6388292,0.12645914396887115,-0.560439560439562,0.01318681318681314,34,31,ENABLE
1785583355.643909,0.12340733958953187,-0.6043956043956058,0.0219780219780219,34,31,ENABLE
1785583355.648898,0.12073701075761001,-0.560439560439562,0.0219780219780219,34,31,ENABLE
1785583355.6538358,0.11806668192568814,-0.5384615384615401,0.0219780219780219,34,31,ENABLE
1785583355.6588278,0.11539635309376628,-0.560439560439562,0.01318681318681314,34,31,ENABLE
1785583355.6639473,0.11272602426184442,-0.5164835164835182,0.01318681318681314,34,31,ENABLE
1785583355.6688848,0.11043717097733996,-0.4945054945054963,-0.01318681318681314,34,31,ENABLE
1785583355.6738315,0.1081483176928355,-0.4945054945054963,-0.03956043956043942,34,31,ENABLE
1785583355.6788247,0.10585946440833105,-0.4945054945054963,-0.05714285714285694,34,31,ENABLE
1785583355.6839094,0.1035706111238266,-0.4725274725274744,-0.08351648351648322,34,31,ENABLE
1785583355.6888304,0.10128175783932214,-0.4725274725274744,-0.09230769230769198,34,31,ENABLE
1785583355.693824,0.09861142900740028,-0.5164835164835182,-0.08351648351648322,34,31,ENABLE
1785583355.6988237,0.09594110017547841,-0.4945054945054963,-0.09230769230769198,34,31,ENABLE
1785583355.7038734,0.09365224689097396,-0.5164835164835182,-0.08351648351648322,34,31,ENABLE
1785583355.7089148,0.09098191805905209,-0.5384615384615401,-0.08351648351648322,34,31,ENABLE
1785583355.713884,0.08793011367971282,-0.560439560439562,-0.08351648351648322,34,31,ENABLE
1785583355.7188294,0.08564126039520836,-0.5164835164835182,-0.08351648351648322,34,31,ENABLE
1785583355.7238238,0.0829709315632865,-0.4945054945054963,-0.08351648351648322,34,31,ENABLE
1785583355.7288709,0.08068207827878204,-0.4945054945054963,-0.1098901098901095,34,31,ENABLE
1785583355.7338724,0.078774700541695,-0.4505494505494525,-0.14505494505494454,34,31,ENABLE
1785583355.7388237,0.07648584725719054,-0.4285714285714306,-0.18021978021977958,34,31,ENABLE
1785583355.7438233,0.07419699397268609,-0.4505494505494525,-0.1978021978021971,34,31,ENABLE
1785583355.7489138,0.07190814068818163,-0.4945054945054963,-0.21538461538461462,34,31,ENABLE
1785583355.7538786,0.06961928740367718,-0.4725274725274744,-0.21538461538461462,34,31,ENABLE
1785583355.7588289,0.06694895857175531,-0.5164835164835182,-0.1978021978021971,34,31,ENABLE
1785583355.7639194,0.06389715419241604,-0.5824175824175839,-0.1978021978021971,34,31,ENABLE
1785583355.7689447,0.061226825360494175,-0.560439560439562,-0.18901098901098834,34,31,ENABLE
1785583355.7738795,0.06008239871824195,-0.3846153846153868,-0.2417582417582409,34,31,ENABLE
1785583355.778826,0.0581750209811549,-0.340659340659343,-0.3032967032967022,34,31,ENABLE
1785583355.7838266,0.05550469214923304,-0.4725274725274744,-0.33846153846153726,34,31,ENABLE
1785583355.7888258,0.05359731441214599,-0.4505494505494525,-0.3560439560439548,34,31,ENABLE
1785583355.7938933,0.051308461127641536,-0.4725274725274744,-0.33846153846153726,34,31,ENABLE
1785583355.798893,0.04825665674830226,-0.5384615384615401,-0.3296703296703285,34,31,ENABLE
1785583355.8038251,0.04596780346379781,-0.5384615384615401,-0.32087912087911974,34,31,ENABLE
1785583355.8088226,0.04329747463187594,-0.5164835164835182,-0.32087912087911974,34,31,ENABLE
1785583355.8138275,0.04062714579995408,-0.5164835164835182,-0.33846153846153726,34,31,ENABLE
1785583355.8188252,0.03833829251544962,-0.4725274725274744,-0.347252747252746,34,31,ENABLE
1785583355.8238275,0.03566796368352776,-0.5384615384615401,-0.36483516483516354,34,31,ENABLE
1785583355.8288233,0.033379110399023304,-0.4945054945054963,-0.38241758241758106,34,31,ENABLE
1785583355.8338687,0.03070878156710144,-0.5164835164835182,-0.3736263736263723,34,31,ENABLE
1785583355.8388684,0.027656977187762166,-0.6043956043956058,-0.3560439560439548,34,31,ENABLE
1785583355.8438246,0.024223697261005483,-0.6703296703296715,-0.33846153846153726,34,31,ENABLE
1785583355.8488595,0.02193484397650103,-0.5824175824175839,-0.32087912087911974,34,31,ENABLE
1785583355.8538773,0.019264515144579164,-0.560439560439562,-0.33846153846153726,34,31,ENABLE
1785583355.858825,0.01621271076523989,-0.6043956043956058,-0.36483516483516354,34,31,ENABLE
1785583355.863824,0.014686808575570254,-0.4065934065934087,-0.40879120879120734,34,31,ENABLE
1785583355.8688219,0.012779430838483208,-0.4285714285714306,-0.49670329670329494,34,31,ENABLE
1785583355.8738577,0.01163500419623098,-0.2967032967032992,-0.5758241758241773,34,31,ENABLE
1785583355.8788743,0.010490577553978753,-0.2307692307692335,-0.6725274725274737,34,31,ENABLE
1785583355.8838267,0.008964675364309116,-0.2967032967032992,-0.7516483516483525,34,31,ENABLE
1785583355.8888266,0.008201724269474298,-0.2307692307692335,-0.7956043956043963,34,31,ENABLE
1785583355.8938577,0.00705729762722207,-0.2087912087912116,-0.8659340659340664,34,31,ENABLE
1785583355.8988595,0.005912870984969842,-0.2747252747252773,-0.9274725274725277,34,31,ENABLE
1785583355.9038231,0.004768444342717615,-0.2527472527472554,-0.9626373626373628,34,31,ENABLE
1785583355.9088304,0.0036240177004653873,-0.2527472527472554,-0.9714285714285715,34,31,ENABLE
1785583355.9139948,0.0020981155107957505,-0.2967032967032992,-1.0153846153846153,34,31,ENABLE
1785583355.9188895,0.0005722133211261138,-0.3186813186813211,-1.0417582417582416,34,31,ENABLE
1785583355.9238758,-0.0005722133211261138,-0.2747252747252773,-1.0593406593406591,34,31,ENABLE
1785583355.928823,-0.0020981155107957505,-0.2747252747252773,-1.103296703296703,34,31,ENABLE
1785583355.9339108,-0.004386968795300206,-0.3846153846153868,-1.0857142857142854,34,31,ENABLE
1785583355.93883,-0.005912870984969842,-0.3626373626373649,-1.103296703296703,34,31,ENABLE
1785583355.943824,-0.007820248722056888,-0.4065934065934087,-1.1120879120879117,34,31,ENABLE
1785583355.9488833,-0.009346150911726525,-0.3186813186813211,-1.1120879120879117,34,31,ENABLE
1785583355.9538224,-0.01163500419623098,-0.4725274725274744,-1.138461538461538,34,31,ENABLE
1785583355.9588244,-0.013923857480735435,-0.4285714285714306,-1.1208791208791204,34,31,ENABLE
1785583355.9638608,-0.0165941863126573,-0.4945054945054963,-1.103296703296703,34,31,ENABLE
1785583355.968823,-0.019264515144579164,-0.5164835164835182,-1.0769230769230766,34,31,ENABLE
1785583355.9738247,-0.02193484397650103,-0.5384615384615401,-1.0417582417582416,34,31,ENABLE
1785583355.9788234,-0.024986648355840302,-0.6043956043956058,-1.0153846153846153,34,31,ENABLE
1785583355.9838266,-0.028038452735179575,-0.6483516483516496,-0.9802197802197803,34,31,ENABLE
1785583355.9888217,-0.03109025711451885,-0.6043956043956058,-0.953846153846154,34,31,ENABLE
1785583355.9938238,-0.03414206149385812,-0.6043956043956058,-0.9274725274725277,34,31,ENABLE
1785583355.9988303,-0.037956816968032214,-0.6923076923076934,-0.9098901098901102,34,31,ENABLE
1785583356.0038252,-0.04100862134737149,-0.6703296703296715,-0.9010989010989015,34,31,ENABLE
1785583356.008821,-0.04406042572671076,-0.6263736263736277,-0.9010989010989015,34,31,ENABLE
1785583356.0138216,-0.046730754558632626,-0.560439560439562,-0.9098901098901102,34,31,ENABLE
1785583356.0188575,-0.04940108339055449,-0.560439560439562,-0.9450549450549453,34,31,ENABLE
1785583356.023846,-0.051689936675058945,-0.4945054945054963,-0.9978021978021978,34,31,ENABLE
1785583356.028824,-0.05359731441214599,-0.4285714285714306,-1.0593406593406591,34,31,ENABLE
1785583356.033825,-0.05512321660181563,-0.3846153846153868,-1.0945054945054942,34,31,ENABLE
1785583356.0389154,-0.057030594338902674,-0.3846153846153868,-1.1560439560439555,34,31,ENABLE
1785583356.0438807,-0.05855649652857231,-0.2967032967032992,-1.1999999999999993,34,31,ENABLE
1785583356.0488846,-0.060463874265659356,-0.3626373626373649,-1.243956043956043,34,31,ENABLE
1785583356.0538642,-0.06198977645532899,-0.3626373626373649,-1.2791208791208781,34,31,ENABLE
1785583356.058826,-0.06351567864499863,-0.3186813186813211,-1.2967032967032956,34,31,ENABLE
1785583356.0638568,-0.06580453192950309,-0.4065934065934087,-1.3142857142857132,34,31,ENABLE
1785583356.068881,-0.06733043411917272,-0.3626373626373649,-1.3054945054945044,34,31,ENABLE
1785583356.0738738,-0.06923781185625977,-0.4065934065934087,-1.3318681318681307,34,31,ENABLE
1785583356.0788217,-0.0707637140459294,-0.3186813186813211,-1.3406593406593394,34,31,ENABLE
1785583356.083876,-0.07267109178301645,-0.3846153846153868,-1.3494505494505482,34,31,ENABLE
1785583356.088859,-0.0749599450675209,-0.4285714285714306,-1.3406593406593394,34,31,ENABLE
1785583356.093872,-0.07724879835202536,-0.4725274725274744,-1.3406593406593394,34,31,ENABLE
1785583356.0988243,-0.07953765163652982,-0.4505494505494525,-1.2967032967032956,34,31,ENABLE
1785583356.1038635,-0.08258945601586909,-0.560439560439562,-1.2703296703296694,34,31,ENABLE
1785583356.108823,-0.08487830930037354,-0.4945054945054963,-1.2351648351648343,34,31,ENABLE
1785583356.1138198,-0.08793011367971282,-0.5824175824175839,-1.1999999999999993,34,31,ENABLE
1785583356.1188257,-0.0913633936064695,-0.6483516483516496,-1.173626373626373,34,31,ENABLE
1785583356.12387,-0.09517814908064359,-0.7362637362637372,-1.0857142857142854,34,31,ENABLE
1785583356.128821,-0.09899290455481768,-0.780219780219781,-0.9978021978021978,34,31,ENABLE
1785583356.1338365,-0.10318913557640919,-0.8461538461538467,-0.9010989010989015,34,31,ENABLE
1785583356.1388235,-0.10738536659800069,-0.8901098901098905,-0.8307692307692314,34,31,ENABLE
1785583356.1438286,-0.11120012207217478,-0.8241758241758248,-0.7780219780219788,34,31,ENABLE
1785583356.1488786,-0.11539635309376628,-0.8241758241758248,-0.734065934065935,34,31,ENABLE
1785583356.1539066,-0.11997405966277519,-0.9120879120879124,-0.6637362637362649,34,31,ENABLE
1785583356.1588373,-0.1245517662317841,-0.9340659340659343,-0.5934065934065949,34,31,ENABLE
1785583356.1639118,-0.129129472800793,-0.9560439560439562,-0.5054945054945073,34,31,ENABLE
1785583356.1688907,-0.13408865491721933,-1.0,-0.3999999999999986,34,31,ENABLE
1785583356.1738403,-0.13981078812848047,-1.0439560439560438,-0.3032967032967022,34,31,ENABLE
1785583356.1788251,-0.14438849469748938,-1.021978021978022,-0.23296703296703214,34,31,ENABLE
1785583356.183883,-0.1489662012664983,-0.9560439560439562,-0.1978021978021971,34,31,ENABLE
1785583356.1888647,-0.1531624322880898,-0.9120879120879124,-0.17142857142857082,34,31,ENABLE
1785583356.1938953,-0.1573586633096813,-0.8681318681318686,-0.1538461538461533,34,31,ENABLE
1785583356.1988225,-0.16117341878385538,-0.8461538461538467,-0.14505494505494454,34,31,ENABLE
1785583356.2038236,-0.1657511253528643,-0.9120879120879124,-0.1098901098901095,34,31,ENABLE
1785583356.2089093,-0.16956588082703838,-0.8681318681318686,-0.0659340659340657,34,31,ENABLE
1785583356.213828,-0.17338063630121248,-0.8241758241758248,-0.03956043956043942,34,31,ENABLE
1785583356.2188656,-0.17681391622796916,-0.7362637362637372,-0.0219780219780219,34,31,ENABLE
1785583356.2238212,-0.17948424505989102,-0.6043956043956058,-0.0219780219780219,34,31,ENABLE
1785583356.228843,-0.1825360494392303,-0.5824175824175839,-0.04835164835164818,34,31,ENABLE
1785583356.2338738,-0.18444342717631734,-0.4505494505494525,-0.1098901098901095,34,31,ENABLE
1785583356.2388237,-0.1863508049134044,-0.4285714285714306,-0.14505494505494454,34,31,ENABLE
1785583356.2438211,-0.18825818265049143,-0.4065934065934087,-0.18901098901098834,34,31,ENABLE
1785583356.2488828,-0.1905470359349959,-0.4505494505494525,-0.20659340659340586,34,31,ENABLE
1785583356.2538342,-0.19283588921950034,-0.4505494505494525,-0.1978021978021971,34,31,ENABLE
1785583356.2588193,-0.1951247425040048,-0.4725274725274744,-0.16263736263736206,34,31,ENABLE
1785583356.2638216,-0.19741359578850926,-0.4945054945054963,-0.1538461538461533,34,31,ENABLE
1785583356.268826,-0.1989394979781789,-0.340659340659343,-0.18021978021977958,34,31,ENABLE
1785583356.2738616,-0.1993209735255963,-0.1648351648351678,-0.2417582417582409,34,31,ENABLE
1785583356.278856,-0.1997024490730137,-0.1428571428571459,-0.347252747252746,34,31,ENABLE
1785583356.2838237,-0.20046540016784853,-0.1648351648351678,-0.42637362637362486,34,31,ENABLE
1785583356.2888222,-0.20084687571526594,-0.120879120879124,-0.4791208791208774,34,31,ENABLE
1785583356.2939098,-0.20084687571526594,-0.0329670329670364,-0.5406593406593423,34,31,ENABLE
1785583356.2988324,-0.20122835126268335,-0.0549450549450583,-0.5934065934065949,34,31,ENABLE
1785583356.303825,-0.20122835126268335,-0.0549450549450583,-0.6197802197802211,34,31,ENABLE
1785583356.3088226,-0.20160982681010076,-0.0329670329670364,-0.6549450549450562,34,31,ENABLE
1785583356.3138216,-0.20160982681010076,-0.0549450549450583,-0.6813186813186825,34,31,ENABLE
1785583356.3188236,-0.20199130235751817,-0.0329670329670364,-0.6989010989011,34,31,ENABLE
1785583356.3238225,-0.20199130235751817,-0.0329670329670364,-0.734065934065935,34,31,ENABLE
1785583356.328823,-0.20237277790493557,-0.0549450549450583,-0.7604395604395613,34,31,ENABLE
1785583356.3338206,-0.20237277790493557,-0.0329670329670364,-0.7780219780219788,34,31,ENABLE
1785583356.3388596,-0.20275425345235298,-0.0329670329670364,-0.8043956043956051,34,31,ENABLE
1785583356.3438559,-0.20275425345235298,-0.0329670329670364,-0.8043956043956051,34,31,ENABLE
1785583356.3488884,-0.20275425345235298,-0.0329670329670364,-0.8307692307692314,34,31,ENABLE
1785583356.3538306,-0.2031357289997704,-0.0549450549450583,-0.8483516483516489,34,31,ENABLE
1785583356.358878,-0.2035172045471878,-0.0549450549450583,-0.8483516483516489,34,31,ENABLE
1785583356.3638742,-0.2038986800946052,-0.0769230769230802,-0.8395604395604401,34,31,ENABLE
1785583356.368883,-0.20428015564202262,-0.0989010989011021,-0.8395604395604401,34,31,ENABLE
1785583356.3738213,-0.20466163118944003,-0.120879120879124,-0.8395604395604401,34,31,ENABLE
1785583356.3788211,-0.20504310673685744,-0.0769230769230802,-0.8395604395604401,34,31,ENABLE
1785583356.3838277,-0.20580605783169226,-0.0989010989011021,-0.8395604395604401,34,31,ENABLE
1785583356.3888252,-0.20618753337910967,-0.0989010989011021,-0.8307692307692314,34,31,ENABLE
1785583356.3938205,-0.20656900892652708,-0.120879120879124,-0.8307692307692314,34,31,ENABLE
1785583356.3991122,-0.20695048447394448,-0.0769230769230802,-0.8307692307692314,34,31,ENABLE
1785583356.4038885,-0.2073319600213619,-0.0989010989011021,-0.8395604395604401,34,31,ENABLE
1785583356.4089339,-0.2077134355687793,-0.0989010989011021,-0.8395604395604401,34,31,ENABLE
1785583356.4139447,-0.2080949111161967,-0.0989010989011021,-0.8483516483516489,34,31,ENABLE
1785583356.4188602,-0.20885786221103153,-0.0989010989011021,-0.8483516483516489,34,31,ENABLE
1785583356.4238734,-0.20923933775844894,-0.120879120879124,-0.8307692307692314,34,31,ENABLE
1785583356.4288757,-0.21000228885328376,-0.120879120879124,-0.8131868131868139,34,31,ENABLE
1785583356.433877,-0.21038376440070117,-0.120879120879124,-0.8131868131868139,34,31,ENABLE
1785583356.438825,-0.21076523994811858,-0.120879120879124,-0.8131868131868139,34,31,ENABLE
1785583356.443823,-0.21114671549553599,-0.0769230769230802,-0.8131868131868139,34,31,ENABLE
1785583356.4489372,-0.2119096665903708,-0.0989010989011021,-0.8043956043956051,34,31,ENABLE
1785583356.453874,-0.2122911421377882,-0.0989010989011021,-0.7956043956043963,34,31,ENABLE
1785583356.458824,-0.21267261768520562,-0.0989010989011021,-0.7868131868131876,34,31,ENABLE
1785583356.463824,-0.21305409323262303,-0.0549450549450583,-0.7868131868131876,34,31,ENABLE
1785583356.4688232,-0.21305409323262303,-0.010989010989014503,-0.8043956043956051,34,31,ENABLE
1785583356.4739215,-0.21305409323262303,-0.010989010989014503,-0.8219780219780226,34,31,ENABLE
1785583356.4788308,-0.21305409323262303,-0.0329670329670364,-0.8307692307692314,34,31,ENABLE
1785583356.4838707,-0.21305409323262303,-0.010989010989014503,-0.8219780219780226,34,31,ENABLE
1785583356.4888833,-0.21305409323262303,-0.0329670329670364,-0.8307692307692314,34,31,ENABLE
1785583356.493879,-0.21343556878004044,-0.010989010989014503,-0.8219780219780226,34,31,ENABLE
1785583356.4988222,-0.21381704432745785,-0.0549450549450583,-0.7868131868131876,34,31,ENABLE
1785583356.5038702,-0.21381704432745785,-0.0329670329670364,-0.7780219780219788,34,31,ENABLE
1785583356.5088217,-0.21381704432745785,-0.0549450549450583,-0.76923076923077,34,31,ENABLE
1785583356.5139205,-0.21419851987487526,-0.0329670329670364,-0.7516483516483525,34,31,ENABLE
1785583356.5188806,-0.21419851987487526,-0.0329670329670364,-0.7428571428571438,34,31,ENABLE
1785583356.523868,-0.21419851987487526,-0.0329670329670364,-0.734065934065935,34,31,ENABLE
1785583356.528824,-0.21419851987487526,-0.010989010989014503,-0.734065934065935,34,31,ENABLE
1785583356.5339015,-0.21419851987487526,-0.010989010989014503,-0.7252747252747263,34,31,ENABLE
1785583356.5388703,-0.21419851987487526,-0.010989010989014503,-0.7164835164835175,34,31,ENABLE
1785583356.543866,-0.21419851987487526,-0.010989010989014503,-0.6989010989011,34,31,ENABLE
1785583356.5488875,-0.21419851987487526,-0.010989010989014503,-0.6901098901098912,34,31,ENABLE
1785583356.5538268,-0.21419851987487526,0.010989010989014503,-0.6813186813186825,34,31,ENABLE
1785583356.558853,-0.21381704432745785,0.010989010989014503,-0.6637362637362649,34,31,ENABLE
1785583356.5638232,-0.21381704432745785,0.010989010989014503,-0.6285714285714299,34,31,ENABLE
1785583356.5688233,-0.21419851987487526,-0.010989010989014503,-0.6197802197802211,34,31,ENABLE
1785583356.5738218,-0.21381704432745785,0.010989010989014503,-0.5934065934065949,34,31,ENABLE
1785583356.5788224,-0.21381704432745785,-0.0329670329670364,-0.5846153846153861,34,31,ENABLE
1785583356.583872,-0.21381704432745785,-0.010989010989014503,-0.5582417582417598,34,31,ENABLE
1785583356.5888276,-0.21419851987487526,-0.010989010989014503,-0.5318681318681335,34,31,ENABLE
1785583356.5938745,-0.21419851987487526,-0.010989010989014503,-0.5054945054945073,34,31,ENABLE
1785583356.5990336,-0.21381704432745785,0.010989010989014503,-0.47032967032966866,34,31,ENABLE
1785583356.6038888,-0.21381704432745785,-0.010989010989014503,-0.4439560439560424,34,31,ENABLE
1785583356.6088283,-0.21381704432745785,-0.010989010989014503,-0.4351648351648336,34,31,ENABLE
1785583356.6138582,-0.21381704432745785,0.010989010989014503,-0.3999999999999986,34,31,ENABLE
1785583356.618823,-0.21381704432745785,-0.0329670329670364,-0.38241758241758106,34,31,ENABLE
1785583356.6238568,-0.21381704432745785,0.010989010989014503,-0.36483516483516354,34,31,ENABLE
1785583356.6288228,-0.21381704432745785,0.010989010989014503,-0.347252747252746,34,31,ENABLE
1785583356.6338243,-0.21343556878004044,0.010989010989014503,-0.32087912087911974,34,31,ENABLE
1785583356.6388211,-0.21305409323262303,0.0329670329670364,-0.29450549450549346,34,31,ENABLE
1785583356.6439073,-0.21305409323262303,0.010989010989014503,-0.2681318681318672,34,31,ENABLE
1785583356.6488588,-0.21267261768520562,0.0329670329670364,-0.2417582417582409,34,31,ENABLE
1785583356.6538157,-0.21267261768520562,0.0329670329670364,-0.21538461538461462,34,31,ENABLE
1785583356.658835,-0.2122911421377882,0.0329670329670364,-0.18901098901098834,34,31,ENABLE
1785583356.6639495,-0.2122911421377882,0.010989010989014503,-0.1538461538461533,34,31,ENABLE
1785583356.6688578,-0.2122911421377882,0.0329670329670364,-0.11868131868131826,34,31,ENABLE
1785583356.6738214,-0.2119096665903708,0.010989010989014503,-0.08351648351648322,34,31,ENABLE
1785583356.6788783,-0.2119096665903708,0.010989010989014503,-0.04835164835164818,34,31,ENABLE
1785583356.6838727,-0.2115281910429534,0.0329670329670364,-0.01318681318681314,34,31,ENABLE
1785583356.6888885,-0.2115281910429534,0.010989010989014503,0.0219780219780219,34,31,ENABLE
1785583356.6938362,-0.21114671549553599,0.0329670329670364,0.05714285714285694,34,31,ENABLE
1785583356.69887,-0.21076523994811858,0.0329670329670364,0.08351648351648322,34,31,ENABLE
1785583356.7038667,-0.21076523994811858,0.0329670329670364,0.1098901098901095,34,31,ENABLE
1785583356.7088573,-0.21000228885328376,0.0989010989011021,0.13626373626373578,34,31,ENABLE
1785583356.713825,-0.20923933775844894,0.1428571428571459,0.13626373626373578,34,31,ENABLE
1785583356.7188241,-0.2080949111161967,0.1868131868131897,0.13626373626373578,34,31,ENABLE
1785583356.7238193,-0.20695048447394448,0.1868131868131897,0.12747252747252702,34,31,ENABLE
1785583356.728939,-0.20618753337910967,0.1868131868131897,0.13626373626373578,34,31,ENABLE
1785583356.7338774,-0.20504310673685744,0.2087912087912116,0.16263736263736206,34,31,ENABLE
1785583356.7388299,-0.2038986800946052,0.2307692307692335,0.17142857142857082,34,31,ENABLE
1785583356.7438197,-0.20275425345235298,0.1868131868131897,0.18021978021977958,34,31,ENABLE
1785583356.7490866,-0.20160982681010076,0.2087912087912116,0.21538461538461462,34,31,ENABLE
1785583356.753873,-0.20046540016784853,0.2307692307692335,0.2417582417582409,34,31,ENABLE
1785583356.7588286,-0.1997024490730137,0.2087912087912116,0.2593406593406584,34,31,ENABLE
1785583356.763823,-0.19855802243076148,0.1428571428571459,0.29450549450549346,34,31,ENABLE
1785583356.7688313,-0.19779507133592666,0.1868131868131897,0.33846153846153726,34,31,ENABLE
1785583356.7738266,-0.19626916914625703,0.2307692307692335,0.36483516483516354,34,31,ENABLE
1785583356.7788322,-0.1947432669565874,0.2747252747252773,0.3560439560439548,34,31,ENABLE
1785583356.7838218,-0.19283588921950034,0.2967032967032992,0.347252747252746,34,31,ENABLE
1785583356.7888758,-0.1909285114824133,0.340659340659343,0.347252747252746,34,31,ENABLE
1785583356.793859,-0.18978408484016107,0.2747252747252773,0.347252747252746,34,31,ENABLE
1785583356.798831,-0.18749523155565662,0.4285714285714306,0.33846153846153726,34,31,ENABLE
1785583356.8038208,-0.18596932936598698,0.3186813186813211,0.33846153846153726,34,31,ENABLE
1785583356.8089387,-0.18368047608148252,0.3626373626373649,0.36483516483516354,34,31,ENABLE
1785583356.8139238,-0.1821545738918129,0.340659340659343,0.36483516483516354,34,31,ENABLE
1785583356.8188782,-0.17986572060730843,0.4065934065934087,0.38241758241758106,34,31,ENABLE
1785583356.8238273,-0.1779583428702214,0.3846153846153868,0.38241758241758106,34,31,ENABLE
1785583356.8288245,-0.17566948958571693,0.4065934065934087,0.40879120879120734,34,31,ENABLE
1785583356.8338242,-0.17376211184862989,0.4065934065934087,0.40879120879120734,34,31,ENABLE
1785583356.8388238,-0.17147325856412543,0.4065934065934087,0.4175824175824161,34,31,ENABLE
1785583356.8438203,-0.16918440527962098,0.4285714285714306,0.40879120879120734,34,31,ENABLE
1785583356.848876,-0.1665140764476991,0.4945054945054963,0.40879120879120734,34,31,ENABLE
1785583356.8538601,-0.16460669871061206,0.4065934065934087,0.3912087912087898,34,31,ENABLE
1785583356.8588722,-0.1615548943312728,0.560439560439562,0.3999999999999986,34,31,ENABLE
1785583356.8638227,-0.16002899214160315,0.4065934065934087,0.4175824175824161,34,31,ENABLE
1785583356.868846,-0.1573586633096813,0.4725274725274744,0.4351648351648336,34,31,ENABLE
1785583356.873872,-0.15506981002517684,0.4725274725274744,0.45274725274725114,34,31,ENABLE
1785583356.8789043,-0.15278095674067238,0.4725274725274744,0.45274725274725114,34,31,ENABLE
1785583356.8838782,-0.15011062790875052,0.5164835164835182,0.4615384615384599,34,31,ENABLE
1785583356.8888187,-0.14744029907682865,0.4725274725274744,0.45274725274725114,34,31,ENABLE
1785583356.8938222,-0.1447699702449068,0.560439560439562,0.4351648351648336,34,31,ENABLE
1785583356.8988602,-0.1413366903181501,0.6483516483516496,0.42637362637362486,34,31,ENABLE
1785583356.9038231,-0.13866636148622824,0.5384615384615401,0.4175824175824161,34,31,ENABLE
1785583356.9088204,-0.13561455710688897,0.560439560439562,0.3999999999999986,34,31,ENABLE
1785583356.913821,-0.13218127718013228,0.6263736263736277,0.3736263736263723,34,31,ENABLE
1785583356.918858,-0.1283665217059582,0.7142857142857153,0.33846153846153726,34,31,ENABLE
1785583356.9238255,-0.1245517662317841,0.7582417582417591,0.3032967032967022,34,31,ENABLE
1785583356.9288218,-0.12111848630502742,0.7362637362637372,0.2857142857142847,34,31,ENABLE
1785583356.9338884,-0.11692225528343592,0.780219780219781,0.22417582417582338,34,31,ENABLE
1785583356.9388754,-0.11272602426184442,0.8901098901098905,0.17142857142857082,34,31,ENABLE
1785583356.9438715,-0.10852979324025291,0.8681318681318686,0.12747252747252702,34,31,ENABLE
1785583356.9488764,-0.10433356221866141,0.8241758241758248,0.09230769230769198,34,31,ENABLE
1785583356.9538221,-0.10051880674448732,0.7582417582417591,0.09230769230769198,34,31,ENABLE
1785583356.958821,-0.09708552681773064,0.6923076923076934,0.10109890109890074,34,31,ENABLE
1785583356.9638705,-0.0913633936064695,1.0439560439560438,0.00439560439560438,34,31,ENABLE
1785583356.9688709,-0.08449683375295614,1.219780219780219,-0.1538461538461533,34,31,ENABLE
1785583356.9738219,-0.07801174944686018,1.3076923076923066,-0.36483516483516354,34,31,ENABLE
1785583356.9788208,-0.07152666514076422,1.219780219780219,-0.5230769230769248,34,31,ENABLE
1785583356.9838612,-0.06504158083466827,1.3076923076923066,-0.6461538461538474,34,31,ENABLE
1785583356.9888258,-0.05893797207598972,1.241758241758241,-0.7076923076923087,34,31,ENABLE
1785583356.993822,-0.05245288776989376,1.241758241758241,-0.7956043956043963,34,31,ENABLE
1785583356.9988232,-0.046349279011215216,1.241758241758241,-0.8395604395604401,34,31,ENABLE
1785583357.003872,-0.04024567025253667,1.241758241758241,-0.9010989010989015,34,31,ENABLE
1785583357.008817,-0.03490501258869294,1.0659340659340657,-0.8923076923076927,34,31,ENABLE
1785583357.0138237,-0.029564354924849212,1.0439560439560438,-0.8835164835164839,34,31,ENABLE
1785583357.018821,-0.024986648355840302,1.0,-0.8571428571428577,34,31,ENABLE
1785583357.0238588,-0.02040894178683139,0.9340659340659343,-0.8131868131868139,34,31,ENABLE
1785583357.028822,-0.01621271076523989,0.9120879120879124,-0.7956043956043963,34,31,ENABLE
1785583357.033824,-0.01201647974364839,0.8461538461538467,-0.76923076923077,34,31,ENABLE
1785583357.038819,-0.008201724269474298,0.8021978021978029,-0.7428571428571438,34,31,ENABLE
1785583357.0438752,-0.0040054932478827965,0.8241758241758248,-0.7428571428571438,34,31,ENABLE
1785583357.0488524,-0.0005722133211261138,0.780219780219781,-0.7164835164835175,34,31,ENABLE
1785583357.0538704,0.002861066605630569,0.7142857142857153,-0.6725274725274737,34,31,ENABLE
1785583357.05882,0.005531395437552433,0.6043956043956058,-0.6285714285714299,34,31,ENABLE
1785583357.0638585,0.008583199816891707,0.560439560439562,-0.5934065934065949,34,31,ENABLE
1785583357.0688727,0.011253528648813571,0.560439560439562,-0.5318681318681335,34,31,ENABLE
1785583357.0738654,0.013160906385900617,0.4285714285714306,-0.47032967032966866,34,31,ENABLE
1785583357.0788212,0.01583123521782248,0.4505494505494525,-0.3999999999999986,34,31,ENABLE
1785583357.0838253,0.017357137407492118,0.340659340659343,-0.3296703296703285,34,31,ENABLE
1785583357.0888214,0.019645990691996573,0.4505494505494525,-0.2681318681318672,34,31,ENABLE
1785583357.0938716,0.02117189288166621,0.340659340659343,-0.21538461538461462,34,31,ENABLE
1785583357.0989056,0.023079270618753256,0.3626373626373649,-0.17142857142857082,34,31,ENABLE
1785583357.1038315,0.02536812390325771,0.4285714285714306,-0.1538461538461533,34,31,ENABLE
1785583357.1088712,0.028038452735179575,0.4725274725274744,-0.14505494505494454,34,31,ENABLE
1785583357.1138806,0.03032730601968403,0.4505494505494525,-0.14505494505494454,34,31,ENABLE
1785583357.1188264,0.03376058594644071,0.5824175824175839,-0.18021978021977958,34,31,ENABLE
1785583357.1238225,0.03643091477836258,0.560439560439562,-0.1978021978021971,34,31,ENABLE
1785583357.1288586,0.03986419470511926,0.6263736263736277,-0.20659340659340586,34,31,ENABLE
1785583357.133873,0.042915999084458534,0.6043956043956058,-0.22417582417582338,34,31,ENABLE
1785583357.138827,0.04520485236896299,0.5164835164835182,-0.21538461538461462,34,31,ENABLE
1785583357.1438231,0.04825665674830226,0.5164835164835182,-0.18901098901098834,34,31,ENABLE
1785583357.1488895,0.05054551003280672,0.4725274725274744,-0.14505494505494454,34,31,ENABLE
1785583357.1538835,0.05245288776989376,0.4285714285714306,-0.10109890109890074,34,31,ENABLE
1785583357.1588418,0.05436026550698081,0.3846153846153868,-0.0219780219780219,34,31,ENABLE
1785583357.1639,0.056267643244067855,0.3626373626373649,0.03076923076923066,34,31,ENABLE
1785583357.1688886,0.0581750209811549,0.3626373626373649,0.10109890109890074,34,31,ENABLE
1785583357.1739187,0.05931944762340713,0.3186813186813211,0.1538461538461533,34,31,ENABLE
1785583357.178874,0.060845349813076766,0.2747252747252773,0.20659340659340586,34,31,ENABLE
1785583357.1838722,0.06351567864499863,0.4285714285714306,0.22417582417582338,34,31,ENABLE
1785583357.188827,0.06466010528725086,0.3186813186813211,0.27692307692307594,34,31,ENABLE
1785583357.1938848,0.06504158083466827,0.1648351648351678,0.38241758241758106,34,31,ENABLE
1785583357.1988714,0.0661860074769205,0.1648351648351678,0.4879120879120862,34,31,ENABLE
1785583357.2038693,0.06694895857175531,0.1868131868131897,0.5670329670329686,34,31,ENABLE
1785583357.2088196,0.06809338521400754,0.1868131868131897,0.6109890109890124,34,31,ENABLE
1785583357.2139213,0.07000076295109459,0.3186813186813211,0.6197802197802211,34,31,ENABLE
1785583357.2188725,0.07152666514076422,0.2747252747252773,0.6285714285714299,34,31,ENABLE
1785583357.2238228,0.07267109178301645,0.2747252747252773,0.6461538461538474,34,31,ENABLE
1785583357.2288682,0.0745784695201035,0.3186813186813211,0.6813186813186825,34,31,ENABLE
1785583357.2339222,0.07572289616235572,0.2527472527472554,0.7076923076923087,34,31,ENABLE
1785583357.238864,0.07724879835202536,0.2967032967032992,0.7516483516483525,34,31,ENABLE
1785583357.243868,0.078774700541695,0.2747252747252773,0.7868131868131876,34,31,ENABLE
1785583357.248881,0.07953765163652982,0.2087912087912116,0.8483516483516489,34,31,ENABLE
1785583357.2538533,0.08068207827878204,0.2087912087912116,0.918681318681319,34,31,ENABLE
1785583357.2588706,0.08182650492103427,0.2087912087912116,0.989010989010989,34,31,ENABLE
1785583357.2638881,0.0829709315632865,0.1868131868131897,1.0329670329670328,34,31,ENABLE
1785583357.2688823,0.08335240711070391,0.120879120879124,1.1120879120879117,34,31,ENABLE
1785583357.2738729,0.08411535820553873,0.1428571428571459,1.1648351648351642,34,31,ENABLE
1785583357.2788727,0.08525978484779095,0.2087912087912116,1.208791208791208,34,31,ENABLE
1785583357.2838724,0.08678568703746059,0.2307692307692335,1.2175824175824168,34,31,ENABLE
1785583357.288824,0.08754863813229541,0.2307692307692335,1.2263736263736256,34,31,ENABLE
1785583357.2938707,0.08907454032196505,0.2307692307692335,1.2615384615384606,34,31,ENABLE
1785583357.2989254,0.09060044251163468,0.2527472527472554,1.2615384615384606,34,31,ENABLE
1785583357.3038754,0.09174486915388691,0.2527472527472554,1.2703296703296694,34,31,ENABLE
1785583357.308863,0.09365224689097396,0.340659340659343,1.2791208791208781,34,31,ENABLE
1785583357.3138275,0.095559624628061,0.340659340659343,1.2703296703296694,34,31,ENABLE
1785583357.3188703,0.09784847791256546,0.3846153846153868,1.2703296703296694,34,31,ENABLE
1785583357.3238742,0.0997558556496525,0.4065934065934087,1.243956043956043,34,31,ENABLE
1785583357.3288689,0.10204470893415696,0.4065934065934087,1.2351648351648343,34,31,ENABLE
1785583357.3338296,0.103952086671244,0.3626373626373649,1.243956043956043,34,31,ENABLE
1785583357.3388212,0.10624093995574846,0.4505494505494525,1.2351648351648343,34,31,ENABLE
1785583357.343872,0.10852979324025291,0.4285714285714306,1.2351648351648343,34,31,ENABLE
1785583357.3488853,0.11120012207217478,0.4945054945054963,1.2175824175824168,34,31,ENABLE
1785583357.3538282,0.11387045090409664,0.5384615384615401,1.1824175824175818,34,31,ENABLE
1785583357.358824,0.11654077973601851,0.5164835164835182,1.1560439560439555,34,31,ENABLE
1785583357.3638697,0.11921110856794037,0.5384615384615401,1.1208791208791204,34,31,ENABLE
1785583357.3688757,0.12226291294727964,0.5824175824175839,1.103296703296703,34,31,ENABLE
1785583357.3738282,0.12531471732661892,0.560439560439562,1.068131868131868,34,31,ENABLE
1785583357.3788729,0.12798504615854078,0.5164835164835182,1.0417582417582416,34,31,ENABLE
1785583357.3839202,0.13103685053788006,0.5824175824175839,1.0153846153846153,34,31,ENABLE
1785583357.3888245,0.13408865491721933,0.6263736263736277,1.0065934065934066,34,31,ENABLE
1785583357.3938708,0.137521934843976,0.6263736263736277,0.953846153846154,34,31,ENABLE
1785583357.3988235,0.14057373922331529,0.6483516483516496,0.9098901098901102,34,31,ENABLE
1785583357.403904,0.14438849469748938,0.6703296703296715,0.8483516483516489,34,31,ENABLE
1785583357.4088786,0.14820325017166347,0.7142857142857153,0.76923076923077,34,31,ENABLE
1785583357.413868,0.15201800564583756,0.6923076923076934,0.6989010989011,34,31,ENABLE
1785583357.418822,0.15545128557259424,0.7142857142857153,0.6637362637362649,34,31,ENABLE
1785583357.4238243,0.15888456549935093,0.6923076923076934,0.6197802197802211,34,31,ENABLE
1785583357.4288576,0.16269932097352502,0.7142857142857153,0.6021978021978036,34,31,ENABLE
1785583357.4338691,0.1665140764476991,0.7142857142857153,0.5582417582417598,34,31,ENABLE
1785583357.4388654,0.16956588082703838,0.7142857142857153,0.5406593406593423,34,31,ENABLE
1785583357.443819,0.17299916075379507,0.6483516483516496,0.5230769230769248,34,31,ENABLE
1785583357.4489183,0.17605096513313434,0.6263736263736277,0.4879120879120862,34,31,ENABLE
1785583357.453881,0.17948424505989102,0.6263736263736277,0.45274725274725114,34,31,ENABLE
1785583357.4588244,0.1825360494392303,0.6263736263736277,0.42637362637362486,34,31,ENABLE
1785583357.4638224,0.18558785381856957,0.6263736263736277,0.4175824175824161,34,31,ENABLE
1785583357.4688573,0.18863965819790884,0.5824175824175839,0.3912087912087898,34,31,ENABLE
1785583357.4738238,0.1913099870298307,0.560439560439562,0.36483516483516354,34,31,ENABLE
1785583357.478869,0.19398031586175257,0.560439560439562,0.3560439560439548,34,31,ENABLE
1785583357.4838686,0.19703212024109185,0.5824175824175839,0.3296703296703285,34,31,ENABLE
1785583357.4888623,0.1993209735255963,0.4945054945054963,0.312087912087911,34,31,ENABLE
1785583357.4939008,0.20199130235751817,0.5164835164835182,0.3296703296703285,34,31,ENABLE
1785583357.4990199,0.2038986800946052,0.4065934065934087,0.312087912087911,34,31,ENABLE
1785583357.503882,0.20695048447394448,0.5164835164835182,0.27692307692307594,34,31,ENABLE
1785583357.508842,0.20923933775844894,0.5164835164835182,0.2593406593406584,34,31,ENABLE
1785583357.5138724,0.21114671549553599,0.4065934065934087,0.23296703296703214,34,31,ENABLE
1785583357.518869,0.21381704432745785,0.4945054945054963,0.20659340659340586,34,31,ENABLE
1785583357.5238638,0.21648737315937971,0.4725274725274744,0.18021978021977958,34,31,ENABLE
1785583357.528869,0.21839475089646676,0.4285714285714306,0.1538461538461533,34,31,ENABLE
1785583357.5338771,0.22068360418097122,0.4065934065934087,0.13626373626373578,34,31,ENABLE
1785583357.53883,0.22220950637064085,0.3846153846153868,0.13626373626373578,34,31,ENABLE
1785583357.5438695,0.2237354085603105,0.3186813186813211,0.13626373626373578,34,31,ENABLE
1785583357.548883,0.22564278629739754,0.3846153846153868,0.12747252747252702,34,31,ENABLE
1785583357.5538807,0.227931639581902,0.4065934065934087,0.10109890109890074,34,31,ENABLE
1785583357.5588243,0.22945754177157163,0.340659340659343,0.07472527472527446,34,31,ENABLE
1785583357.563821,0.23060196841382385,0.2967032967032992,0.07472527472527446,34,31,ENABLE
1785583357.568883,0.23174639505607608,0.2307692307692335,0.08351648351648322,34,31,ENABLE
1785583357.5739148,0.2328908216983283,0.1868131868131897,0.1098901098901095,34,31,ENABLE
1785583357.5788312,0.23365377279316313,0.1868131868131897,0.12747252747252702,34,31,ENABLE
1785583357.5838697,0.23441672388799795,0.120879120879124,0.13626373626373578,34,31,ENABLE
1785583357.5888715,0.23517967498283276,0.1648351648351678,0.1538461538461533,34,31,ENABLE
1785583357.5938725,0.23594262607766758,0.1648351648351678,0.14505494505494454,34,31,ENABLE
1785583357.5988712,0.2367055771725024,0.1868131868131897,0.12747252747252702,34,31,ENABLE
1785583357.6038227,0.23746852826733722,0.1428571428571459,0.11868131868131826,34,31,ENABLE
1785583357.6088214,0.23785000381475463,0.0989010989011021,0.1098901098901095,34,31,ENABLE
1785583357.6138232,0.23861295490958945,0.0989010989011021,0.11868131868131826,34,31,ENABLE
1785583357.6188583,0.23899443045700686,0.0989010989011021,0.1098901098901095,34,31,ENABLE
1785583357.6238716,0.23975738155184168,0.120879120879124,0.10109890109890074,34,31,ENABLE
1785583357.6288812,0.24013885709925908,0.0549450549450583,0.10109890109890074,34,31,ENABLE
1785583357.6338747,0.2405203326466765,0.0329670329670364,0.10109890109890074,34,31,ENABLE
1785583357.6389048,0.2405203326466765,0.0549450549450583,0.10109890109890074,34,31,ENABLE
1785583357.6438756,0.2409018081940939,0.010989010989014503,0.10109890109890074,34,31,ENABLE
1785583357.6488893,0.2409018081940939,0.010989010989014503,0.11868131868131826,34,31,ENABLE
1785583357.6538749,0.2405203326466765,-0.010989010989014503,0.12747252747252702,34,31,ENABLE
1785583357.658871,0.2409018081940939,0.010989010989014503,0.11868131868131826,34,31,ENABLE
1785583357.6639113,0.2409018081940939,-0.010989010989014503,0.1098901098901095,34,31,ENABLE
1785583357.6688755,0.2405203326466765,-0.010989010989014503,0.10109890109890074,34,31,ENABLE
1785583357.6738672,0.2405203326466765,-0.0329670329670364,0.09230769230769198,34,31,ENABLE
1785583357.6788688,0.2405203326466765,-0.010989010989014503,0.09230769230769198,34,31,ENABLE
1785583357.6839092,0.24013885709925908,-0.0769230769230802,0.07472527472527446,34,31,ENABLE
1785583357.6888714,0.24013885709925908,-0.010989010989014503,0.0659340659340657,34,31,ENABLE
1785583357.693869,0.24013885709925908,-0.0549450549450583,0.05714285714285694,34,31,ENABLE
1785583357.6988661,0.23975738155184168,-0.0549450549450583,0.04835164835164818,34,31,ENABLE
1785583357.7038727,0.23937590600442427,-0.0549450549450583,0.03956043956043942,34,31,ENABLE
1785583357.7088714,0.23899443045700686,-0.0769230769230802,0.03076923076923066,34,31,ENABLE
1785583357.7138653,0.23785000381475463,-0.1648351648351678,0.04835164835164818,34,31,ENABLE
1785583357.718822,0.23746852826733722,-0.1428571428571459,0.05714285714285694,34,31,ENABLE
1785583357.723855,0.2367055771725024,-0.1648351648351678,0.07472527472527446,34,31,ENABLE
1785583357.7288225,0.23556115053025017,-0.1868131868131897,0.08351648351648322,34,31,ENABLE
1785583357.7338274,0.23441672388799795,-0.2087912087912116,0.09230769230769198,34,31,ENABLE
1785583357.7388644,0.23365377279316313,-0.2087912087912116,0.09230769230769198,34,31,ENABLE
1785583357.743903,0.2325093461509109,-0.2087912087912116,0.10109890109890074,34,31,ENABLE
1785583357.7489188,0.23174639505607608,-0.1868131868131897,0.09230769230769198,34,31,ENABLE
1785583357.753926,0.23098344396124126,-0.1868131868131897,0.07472527472527446,34,31,ENABLE
1785583357.758882,0.23022049286640645,-0.1868131868131897,0.05714285714285694,34,31,ENABLE
1785583357.763886,0.22907606622415422,-0.2087912087912116,0.04835164835164818,34,31,ENABLE
1785583357.7688642,0.2283131151293194,-0.2087912087912116,0.03076923076923066,34,31,ENABLE
1785583357.7737687,0.22716868848706717,-0.2087912087912116,0.0219780219780219,34,31,ENABLE
1785583357.7788067,0.22602426184481494,-0.2087912087912116,0.01318681318681314,34,31,ENABLE
1785583357.7837596,0.22487983520256272,-0.2527472527472554,0.00439560439560438,34,31,ENABLE
1785583357.7888029,0.22335393301289308,-0.2527472527472554,0.01318681318681314,34,31,ENABLE
1785583357.7939897,0.22220950637064085,-0.2307692307692335,0.00439560439560438,34,31,ENABLE
1785583357.7987719,0.22068360418097122,-0.2967032967032992,-0.00439560439560438,34,31,ENABLE
1785583357.8037617,0.219539177538719,-0.2967032967032992,-0.01318681318681314,34,31,ENABLE
1785583357.8088245,0.21839475089646676,-0.2527472527472554,-0.03076923076923066,34,31,ENABLE
1785583357.8137612,0.21686884870679712,-0.2967032967032992,-0.03076923076923066,34,31,ENABLE
1785583357.8187654,0.21496147096971008,-0.3626373626373649,-0.01318681318681314,34,31,ENABLE
1785583357.8238876,0.21343556878004044,-0.2967032967032992,-0.0219780219780219,34,31,ENABLE
1785583357.8288884,0.2119096665903708,-0.340659340659343,-0.03956043956043942,34,31,ENABLE
1785583357.8337936,0.21038376440070117,-0.340659340659343,-0.04835164835164818,34,31,ENABLE
1785583357.838759,0.20847638666361412,-0.3626373626373649,-0.04835164835164818,34,31,ENABLE
1785583357.8437545,0.20656900892652708,-0.4065934065934087,-0.03076923076923066,34,31,ENABLE
1785583357.848785,0.20504310673685744,-0.3186813186813211,-0.04835164835164818,34,31,ENABLE
1785583357.853895,0.20275425345235298,-0.4065934065934087,-0.04835164835164818,34,31,ENABLE
1785583357.8588831,0.20084687571526594,-0.4285714285714306,-0.03076923076923066,34,31,ENABLE
1785583357.8637583,0.19817654688334407,-0.4725274725274744,-0.00439560439560438,34,31,ENABLE
1785583357.8687885,0.19626916914625703,-0.4505494505494525,-0.01318681318681314,34,31,ENABLE
1785583357.8737943,0.19398031586175257,-0.4505494505494525,-0.01318681318681314,34,31,ENABLE
1785583357.8787563,0.19169146257724812,-0.4945054945054963,-0.0219780219780219,34,31,ENABLE
1785583357.883753,0.18902113374532625,-0.4945054945054963,0.00439560439560438,34,31,ENABLE
1785583357.888752,0.1863508049134044,-0.5384615384615401,0.01318681318681314,34,31,ENABLE
1785583357.8938043,0.18406195162889993,-0.4725274725274744,0.01318681318681314,34,31,ENABLE
1785583357.898751,0.18139162279697807,-0.5164835164835182,0.03076923076923066,34,31,ENABLE
1785583357.9038875,0.1783398184176388,-0.5824175824175839,0.03956043956043942,34,31,ENABLE
1785583357.9088805,0.1749065384908821,-0.6263736263736277,0.0659340659340657,34,31,ENABLE
1785583357.913804,0.17223620965896025,-0.5824175824175839,0.09230769230769198,34,31,ENABLE
1785583357.9187648,0.16918440527962098,-0.6263736263736277,0.11868131868131826,34,31,ENABLE
1785583357.9237528,0.1657511253528643,-0.6703296703296715,0.13626373626373578,34,31,ENABLE
1785583357.9287515,0.16269932097352502,-0.6263736263736277,0.12747252747252702,34,31,ENABLE
1785583357.9338825,0.15964751659418575,-0.6263736263736277,0.14505494505494454,34,31,ENABLE
1785583357.938865,0.15659571221484647,-0.6043956043956058,0.14505494505494454,34,31,ENABLE
1785583357.9437644,0.1535439078355072,-0.6043956043956058,0.14505494505494454,34,31,ENABLE
1785583357.9487615,0.15011062790875052,-0.6703296703296715,0.1538461538461533,34,31,ENABLE
1785583357.9537575,0.14667734798199383,-0.6923076923076934,0.16263736263736206,34,31,ENABLE
1785583357.9587557,0.14362554360265456,-0.6483516483516496,0.17142857142857082,34,31,ENABLE
1785583357.9637492,0.14057373922331529,-0.6263736263736277,0.18021978021977958,34,31,ENABLE
1785583357.9687533,0.1371404592965586,-0.6703296703296715,0.18901098901098834,34,31,ENABLE
1785583357.9738884,0.1333257038223845,-0.7142857142857153,0.21538461538461462,34,31,ENABLE
1785583357.978916,0.12989242389562783,-0.7362637362637372,0.23296703296703214,34,31,ENABLE
1785583357.9837952,0.12607766842145374,-0.7582417582417591,0.25054945054944966,34,31,ENABLE
1785583357.988764,0.12226291294727964,-0.7362637362637372,0.27692307692307594,34,31,ENABLE
1785583357.993752,0.11882963302052296,-0.7362637362637372,0.27692307692307594,34,31,ENABLE
1785583357.9988022,0.11539635309376628,-0.7142857142857153,0.2681318681318672,34,31,ENABLE
1785583358.0038707,0.1119630731670096,-0.7142857142857153,0.2593406593406584,34,31,ENABLE
1785583358.0088758,0.10891126878767032,-0.6483516483516496,0.25054945054944966,34,31,ENABLE
1785583358.0137846,0.10585946440833105,-0.6483516483516496,0.22417582417582338,34,31,ENABLE
1785583358.0187557,0.10242618448157437,-0.6483516483516496,0.20659340659340586,34,31,ENABLE
1785583358.0237615,0.09899290455481768,-0.7142857142857153,0.20659340659340586,34,31,ENABLE
1785583358.0287538,0.095559624628061,-0.6703296703296715,0.1978021978021971,34,31,ENABLE
1785583358.0338886,0.09250782024872173,-0.6483516483516496,0.18021978021977958,34,31,ENABLE
1785583358.03888,0.08983749141679986,-0.5824175824175839,0.16263736263736206,34,31,ENABLE
1785583358.043792,0.08640421149004318,-0.6703296703296715,0.1538461538461533,34,31,ENABLE
1785583358.048789,0.0829709315632865,-0.6923076923076934,0.1538461538461533,34,31,ENABLE
1785583358.053752,0.07953765163652982,-0.6703296703296715,0.13626373626373578,34,31,ENABLE
1785583358.0587509,0.07686732280460795,-0.6263736263736277,0.11868131868131826,34,31,ENABLE
1785583358.0638146,0.07381551842526868,-0.6043956043956058,0.09230769230769198,34,31,ENABLE
1785583358.068757,0.0707637140459294,-0.6043956043956058,0.07472527472527446,34,31,ENABLE
1785583358.0738342,0.06771190966659013,-0.6043956043956058,0.03956043956043942,34,31,ENABLE
1785583358.0788789,0.06542305638208568,-0.5164835164835182,0.00439560439560438,34,31,ENABLE
1785583358.0838351,0.06313420309758122,-0.5164835164835182,-0.03076923076923066,34,31,ENABLE
1785583358.088758,0.06008239871824195,-0.560439560439562,-0.07472527472527446,34,31,ENABLE
1785583358.0937521,0.05779354543373749,-0.5384615384615401,-0.10109890109890074,34,31,ENABLE
1785583358.0987585,0.05474174105439822,-0.560439560439562,-0.10109890109890074,34,31,ENABLE
1785583358.103835,0.051308461127641536,-0.6703296703296715,-0.10109890109890074,34,31,ENABLE
1785583358.108876,0.047493705653467444,-0.7582417582417591,-0.05714285714285694,34,31,ENABLE
1785583358.1138768,0.04367895017929335,-0.7582417582417591,-0.05714285714285694,34,31,ENABLE
1785583358.1187515,0.042534523537041125,-0.4505494505494525,-0.12747252747252702,34,31,ENABLE
1785583358.1237514,0.04024567025253667,-0.4285714285714306,-0.21538461538461462,34,31,ENABLE
1785583358.1288,0.037956816968032214,-0.4505494505494525,-0.2857142857142847,34,31,ENABLE
1785583358.1337636,0.03604943923094517,-0.4505494505494525,-0.36483516483516354,34,31,ENABLE
1785583358.1387508,0.03414206149385812,-0.4065934065934087,-0.4175824175824161,34,31,ENABLE
1785583358.1439743,0.03147173266193626,-0.4945054945054963,-0.4439560439560424,34,31,ENABLE
1785583358.1488247,0.028419928282596985,-0.560439560439562,-0.4439560439560424,34,31,ENABLE
1785583358.1537554,0.02536812390325771,-0.6043956043956058,-0.42637362637362486,34,31,ENABLE
1785583358.158772,0.022697795071335847,-0.6043956043956058,-0.40879120879120734,34,31,ENABLE
1785583358.1638038,0.019264515144579164,-0.6263736263736277,-0.40879120879120734,34,31,ENABLE
1785583358.1688054,0.01621271076523989,-0.6483516483516496,-0.4175824175824161,34,31,ENABLE
1785583358.1737585,0.013923857480735435,-0.5384615384615401,-0.47032967032966866,34,31,ENABLE
1785583358.1787527,0.01163500419623098,-0.4725274725274744,-0.5406593406593423,34,31,ENABLE
1785583358.1837542,0.010490577553978753,-0.340659340659343,-0.6549450549450562,34,31,ENABLE
1785583358.1888034,0.008583199816891707,-0.3626373626373649,-0.76923076923077,34,31,ENABLE
1785583358.1938212,0.007820248722056888,-0.2527472527472554,-0.8483516483516489,34,31,ENABLE
1785583358.1988828,0.006675822079804661,-0.2307692307692335,-0.9626373626373628,34,31,ENABLE
1785583358.2038734,0.005531395437552433,-0.2307692307692335,-1.0593406593406591,34,31,ENABLE
1785583358.2088003,0.004768444342717615,-0.2307692307692335,-1.1296703296703292,34,31,ENABLE
1785583358.2137678,0.0040054932478827965,-0.1868131868131897,-1.208791208791208,34,31,ENABLE
1785583358.2187583,0.002861066605630569,-0.1868131868131897,-1.287912087912087,34,31,ENABLE
1785583358.2237508,0.0017166399633783413,-0.2527472527472554,-1.3494505494505482,34,31,ENABLE
1785583358.2287986,0.0001907377737087046,-0.2527472527472554,-1.3758241758241745,34,31,ENABLE
1785583358.2337654,-0.000953688868543523,-0.2087912087912116,-1.4197802197802183,34,31,ENABLE
1785583358.2388413,-0.0024795910582131597,-0.2967032967032992,-1.463736263736262,34,31,ENABLE
1785583358.2438993,-0.004386968795300206,-0.3626373626373649,-1.4549450549450533,34,31,ENABLE
1785583358.248801,-0.006294346532387252,-0.340659340659343,-1.463736263736262,34,31,ENABLE
1785583358.2537935,-0.008201724269474298,-0.4065934065934087,-1.4725274725274708,34,31,ENABLE
1785583358.258792,-0.009727626459143934,-0.3626373626373649,-1.4989010989010971,34,31,ENABLE
1785583358.263757,-0.012397955291065799,-0.4945054945054963,-1.5076923076923094,34,31,ENABLE
1785583358.2687523,-0.015068284122987663,-0.5164835164835182,-1.5164835164835182,34,31,ENABLE
1785583358.273755,-0.018120088502326936,-0.560439560439562,-1.4549450549450533,34,31,ENABLE
1785583358.2787633,-0.02117189288166621,-0.6263736263736277,-1.4109890109890095,34,31,ENABLE
1785583358.2837663,-0.024986648355840302,-0.7142857142857153,-1.393406593406592,34,31,ENABLE
1785583358.288879,-0.027656977187762166,-0.6483516483516496,-1.4109890109890095,34,31,ENABLE
1785583358.2938762,-0.03070878156710144,-0.6043956043956058,-1.3846153846153832,34,31,ENABLE
1785583358.298755,-0.033379110399023304,-0.5384615384615401,-1.428571428571427,34,31,ENABLE
1785583358.3037636,-0.03528648813611035,-0.4945054945054963,-1.4989010989010971,34,31,ENABLE
1785583358.308752,-0.037575341420614805,-0.4505494505494525,-1.560439560439562,34,31,ENABLE
1785583358.313822,-0.03986419470511926,-0.4725274725274744,-1.6219780219780233,34,31,ENABLE
1785583358.31879,-0.042153047989623715,-0.4285714285714306,-1.6395604395604408,34,31,ENABLE
1785583358.3237565,-0.04444190127412817,-0.4285714285714306,-1.6835164835164846,34,31,ENABLE
1785583358.3287528,-0.04596780346379781,-0.340659340659343,-1.745054945054946,34,31,ENABLE
1785583358.3337648,-0.047493705653467444,-0.340659340659343,-1.8241758241758248,34,31,ENABLE
1785583358.3388906,-0.04940108339055449,-0.3846153846153868,-1.8681318681318686,34,31,ENABLE
1785583358.343848,-0.051308461127641536,-0.3626373626373649,-1.8857142857142861,34,31,ENABLE
1785583358.3487864,-0.05359731441214599,-0.4945054945054963,-1.8593406593406598,34,31,ENABLE
1785583358.353756,-0.056649118791485265,-0.560439560439562,-1.8329670329670336,34,31,ENABLE
1785583358.3588128,-0.05893797207598972,-0.5164835164835182,-1.7890109890109898,34,31,ENABLE
1785583358.363763,-0.0623712520027464,-0.6483516483516496,-1.7538461538461547,34,31,ENABLE
1785583358.368754,-0.0661860074769205,-0.7582417582417591,-1.6747252747252759,34,31,ENABLE
1785583358.3737612,-0.070382238498512,-0.8241758241758248,-1.595604395604397,34,31,ENABLE
1785583358.378802,-0.0745784695201035,-0.8681318681318686,-1.4989010989010971,34,31,ENABLE
1785583358.3838177,-0.07991912718394723,-0.9780219780219781,-1.3758241758241745,34,31,ENABLE
1785583358.3887548,-0.08525978484779095,-1.021978021978022,-1.243956043956043,34,31,ENABLE
1785583358.3937535,-0.09098191805905209,-1.1098901098901095,-1.1208791208791204,34,31,ENABLE
1785583358.398795,-0.09632257572289582,-1.1318681318681314,-1.024175824175824,34,31,ENABLE
1785583358.4037576,-0.10166323338673955,-1.0659340659340657,-0.9362637362637365,34,31,ENABLE
1785583358.4089015,-0.1081483176928355,-1.219780219780219,-0.8395604395604401,34,31,ENABLE
1785583358.4139473,-0.11310749980926182,-1.1098901098901095,-0.76923076923077,34,31,ENABLE
1785583358.418796,-0.11921110856794037,-1.1098901098901095,-0.6901098901098912,34,31,ENABLE
1785583358.423766,-0.12531471732661892,-1.2637362637362628,-0.5934065934065949,34,31,ENABLE
1785583358.4287696,-0.13179980163271487,-1.2857142857142847,-0.4615384615384599,34,31,ENABLE
1785583358.4337587,-0.13828488593881083,-1.3076923076923066,-0.33846153846153726,34,31,ENABLE
1785583358.4388855,-0.1455329213397416,-1.3736263736263723,-0.22417582417582338,34,31,ENABLE
1785583358.4439182,-0.15125505455100274,-1.219780219780219,-0.1538461538461533,34,31,ENABLE
1785583358.448798,-0.15697718776226388,-1.197802197802197,-0.1098901098901095,34,31,ENABLE
1785583358.4537601,-0.1619363698786902,-1.1098901098901095,-0.10109890109890074,34,31,ENABLE
1785583358.458754,-0.16727702754253393,-1.0659340659340657,-0.05714285714285694,34,31,ENABLE
1785583358.4637985,-0.1745250629434647,-1.3516483516483504,0.05714285714285694,34,31,ENABLE
1785583358.4688852,-0.18139162279697807,-1.3296703296703285,0.1978021978021971,34,31,ENABLE
1785583358.4738927,-0.1867322804608218,-1.241758241758241,0.312087912087911,34,31,ENABLE
1785583358.478767,-0.19207293812466553,-1.1318681318681314,0.38241758241758106,34,31,ENABLE
1785583358.4838023,-0.19779507133592666,-1.0879120879120876,0.4175824175824161,34,31,ENABLE
1785583358.4887576,-0.20275425345235298,-1.0879120879120876,0.4439560439560424,34,31,ENABLE
1785583358.493825,-0.2077134355687793,-1.021978021978022,0.4879120879120862,34,31,ENABLE
1785583358.4987617,-0.2119096665903708,-0.9780219780219781,0.5318681318681335,34,31,ENABLE
1785583358.503755,-0.21686884870679712,-0.9560439560439562,0.5670329670329686,34,31,ENABLE
1785583358.508759,-0.22106507972838862,-0.8241758241758248,0.5758241758241773,34,31,ENABLE
1785583358.5138164,-0.2244983596551453,-0.7582417582417591,0.5758241758241773,34,31,ENABLE
1785583358.5188587,-0.227931639581902,-0.6703296703296715,0.5406593406593423,34,31,ENABLE
1785583358.5237644,-0.23060196841382385,-0.6043956043956058,0.4879120879120862,34,31,ENABLE
1785583358.5287611,-0.2325093461509109,-0.5164835164835182,0.4439560439560424,34,31,ENABLE
1785583358.5337694,-0.23479819943541536,-0.4285714285714306,0.3999999999999986,34,31,ENABLE
1785583358.5387554,-0.236324101625085,-0.3626373626373649,0.347252747252746,34,31,ENABLE
1785583358.5437517,-0.23785000381475463,-0.3186813186813211,0.29450549450549346,34,31,ENABLE
1785583358.5489175,-0.23823147936217204,-0.1868131868131897,0.22417582417582338,34,31,ENABLE
1785583358.553919,-0.23823147936217204,-0.0549450549450583,0.12747252747252702,34,31,ENABLE
1785583358.5588071,-0.23823147936217204,-0.0329670329670364,0.03076923076923066,34,31,ENABLE
1785583358.563797,-0.23823147936217204,-0.0329670329670364,-0.05714285714285694,34,31,ENABLE
1785583358.5688078,-0.23823147936217204,-0.010989010989014503,-0.10109890109890074,34,31,ENABLE
1785583358.5738325,-0.23823147936217204,-0.0329670329670364,-0.12747252747252702,34,31,ENABLE
1785583358.5788033,-0.23861295490958945,-0.0329670329670364,-0.1538461538461533,34,31,ENABLE
1785583358.5838082,-0.23899443045700686,-0.0549450549450583,-0.1538461538461533,34,31,ENABLE
1785583358.5887847,-0.23899443045700686,-0.0549450549450583,-0.1538461538461533,34,31,ENABLE
1785583358.5937989,-0.23937590600442427,-0.0549450549450583,-0.16263736263736206,34,31,ENABLE
1785583358.5987985,-0.23899443045700686,0.0329670329670364,-0.18901098901098834,34,31,ENABLE
1785583358.6038024,-0.23861295490958945,0.0329670329670364,-0.21538461538461462,34,31,ENABLE
1785583358.608798,-0.23861295490958945,0.010989010989014503,-0.25054945054944966,34,31,ENABLE
1785583358.6138244,-0.23823147936217204,0.0329670329670364,-0.27692307692307594,34,31,ENABLE
1785583358.6188073,-0.23785000381475463,0.0769230769230802,-0.312087912087911,34,31,ENABLE
1785583358.6238039,-0.23785000381475463,0.010989010989014503,-0.3296703296703285,34,31,ENABLE
1785583358.6287956,-0.23785000381475463,-0.010989010989014503,-0.33846153846153726,34,31,ENABLE
1785583358.633786,-0.23746852826733722,0.010989010989014503,-0.32087912087911974,34,31,ENABLE
1785583358.6388009,-0.23785000381475463,-0.010989010989014503,-0.312087912087911,34,31,ENABLE
1785583358.6438017,-0.23746852826733722,-0.010989010989014503,-0.32087912087911974,34,31,ENABLE
1785583358.6488023,-0.2370870527199198,0.0549450549450583,-0.3296703296703285,34,31,ENABLE
1785583358.6538036,-0.23746852826733722,-0.010989010989014503,-0.33846153846153726,34,31,ENABLE
1785583358.6589155,-0.23746852826733722,-0.010989010989014503,-0.3296703296703285,34,31,ENABLE
1785583358.6638725,-0.2370870527199198,0.010989010989014503,-0.32087912087911974,34,31,ENABLE
1785583358.668808,-0.2370870527199198,0.0329670329670364,-0.312087912087911,34,31,ENABLE
1785583358.67376,-0.2370870527199198,-0.010989010989014503,-0.312087912087911,34,31,ENABLE
1785583358.6787524,-0.2367055771725024,0.0549450549450583,-0.3032967032967022,34,31,ENABLE
1785583358.683763,-0.2367055771725024,-0.010989010989014503,-0.29450549450549346,34,31,ENABLE
1785583358.6887605,-0.2367055771725024,0.010989010989014503,-0.2681318681318672,34,31,ENABLE
1785583358.6937604,-0.2367055771725024,-0.010989010989014503,-0.2681318681318672,34,31,ENABLE
1785583358.698835,-0.2367055771725024,0.010989010989014503,-0.2593406593406584,34,31,ENABLE
1785583358.7039425,-0.236324101625085,0.0329670329670364,-0.2593406593406584,34,31,ENABLE
1785583358.7088578,-0.23594262607766758,0.0549450549450583,-0.2593406593406584,34,31,ENABLE
1785583358.7137587,-0.23517967498283276,0.0989010989011021,-0.27692307692307594,34,31,ENABLE
1785583358.718757,-0.23441672388799795,0.120879120879124,-0.29450549450549346,34,31,ENABLE
1785583358.723784,-0.23365377279316313,0.1428571428571459,-0.29450549450549346,34,31,ENABLE
1785583358.728802,-0.2328908216983283,0.120879120879124,-0.3032967032967022,34,31,ENABLE
1785583358.7338066,-0.23174639505607608,0.1648351648351678,-0.3296703296703285,34,31,ENABLE
1785583358.738749,-0.23098344396124126,0.1428571428571459,-0.32087912087911974,34,31,ENABLE
1785583358.7437508,-0.23060196841382385,0.0989010989011021,-0.3032967032967022,34,31,ENABLE
1785583358.748801,-0.23022049286640645,0.0989010989011021,-0.2681318681318672,34,31,ENABLE
1785583358.7538059,-0.22907606622415422,0.1648351648351678,-0.2593406593406584,34,31,ENABLE
1785583358.7588367,-0.227931639581902,0.1868131868131897,-0.2593406593406584,34,31,ENABLE
1785583358.763834,-0.22755016403448458,0.120879120879124,-0.25054945054944966,34,31,ENABLE
1785583358.7689402,-0.22678721293964976,0.120879120879124,-0.22417582417582338,34,31,ENABLE
1785583358.7738338,-0.22602426184481494,0.1648351648351678,-0.1978021978021971,34,31,ENABLE
1785583358.7788186,-0.22526131074998013,0.1868131868131897,-0.18901098901098834,34,31,ENABLE
1785583358.7838147,-0.2244983596551453,0.1428571428571459,-0.17142857142857082,34,31,ENABLE
1785583358.7888563,-0.2241168841077279,0.120879120879124,-0.14505494505494454,34,31,ENABLE
1785583358.7938101,-0.22335393301289308,0.0989010989011021,-0.1098901098901095,34,31,ENABLE
1785583358.7988155,-0.22259098191805826,0.120879120879124,-0.08351648351648322,34,31,ENABLE
1785583358.803815,-0.22144655527580603,0.1428571428571459,-0.04835164835164818,34,31,ENABLE
1785583358.8088253,-0.22068360418097122,0.1428571428571459,-0.03076923076923066,34,31,ENABLE
1785583358.8138149,-0.2199206530861364,0.1648351648351678,-0.01318681318681314,34,31,ENABLE
1785583358.8188157,-0.219539177538719,0.120879120879124,0.0219780219780219,34,31,ENABLE
1785583358.8238244,-0.21877622644388417,0.120879120879124,0.0659340659340657,34,31,ENABLE
1785583358.8288455,-0.21801327534904935,0.1428571428571459,0.10109890109890074,34,31,ENABLE
1785583358.8338199,-0.21686884870679712,0.1868131868131897,0.12747252747252702,34,31,ENABLE
1785583358.838811,-0.2161058976119623,0.1868131868131897,0.14505494505494454,34,31,ENABLE
1785583358.843828,-0.2153429465171275,0.1648351648351678,0.16263736263736206,34,31,ENABLE
1785583358.8488846,-0.21457999542229267,0.1648351648351678,0.20659340659340586,34,31,ENABLE
1785583358.8539429,-0.21419851987487526,0.0769230769230802,0.2681318681318672,34,31,ENABLE
1785583358.8588638,-0.21381704432745785,0.0549450549450583,0.3560439560439548,34,31,ENABLE
1785583358.8638732,-0.21381704432745785,0.0549450549450583,0.4351648351648336,34,31,ENABLE
1785583358.8688247,-0.21343556878004044,0.0769230769230802,0.5054945054945073,34,31,ENABLE
1785583358.8738804,-0.21305409323262303,0.0769230769230802,0.5670329670329686,34,31,ENABLE
1785583358.8788347,-0.21267261768520562,0.0769230769230802,0.6109890109890124,34,31,ENABLE
1785583358.88387,-0.2122911421377882,0.0989010989011021,0.6637362637362649,34,31,ENABLE
1785583358.8888242,-0.2115281910429534,0.0989010989011021,0.6989010989011,34,31,ENABLE
1785583358.8938775,-0.21114671549553599,0.0769230769230802,0.7428571428571438,34,31,ENABLE
1785583358.8988202,-0.21038376440070117,0.0989010989011021,0.7956043956043963,34,31,ENABLE
1785583358.903825,-0.20962081330586635,0.1648351648351678,0.8307692307692314,34,31,ENABLE
1785583358.9088163,-0.2080949111161967,0.2307692307692335,0.8219780219780226,34,31,ENABLE
1785583358.9138265,-0.20695048447394448,0.2307692307692335,0.8131868131868139,34,31,ENABLE
1785583358.9188454,-0.20542458228427485,0.2747252747252773,0.8483516483516489,34,31,ENABLE
1785583358.923815,-0.2031357289997704,0.340659340659343,0.8395604395604401,34,31,ENABLE
1785583358.9288213,-0.20122835126268335,0.3626373626373649,0.8307692307692314,34,31,ENABLE
1785583358.9338253,-0.1989394979781789,0.4505494505494525,0.8131868131868139,34,31,ENABLE
1785583358.9388652,-0.19665064469367444,0.4285714285714306,0.8043956043956051,34,31,ENABLE
1785583358.9438236,-0.19359884031433516,0.5164835164835182,0.7428571428571438,34,31,ENABLE
1785583358.9488153,-0.18978408484016107,0.6483516483516496,0.6901098901098912,34,31,ENABLE
1785583358.9538133,-0.1863508049134044,0.7362637362637372,0.6461538461538474,34,31,ENABLE
1785583358.9588814,-0.1825360494392303,0.7142857142857153,0.6109890109890124,34,31,ENABLE
1785583358.963823,-0.17910276951247361,0.7142857142857153,0.5846153846153861,34,31,ENABLE
1785583358.9688177,-0.17605096513313434,0.6703296703296715,0.5934065934065949,34,31,ENABLE
1785583358.9738207,-0.17299916075379507,0.6263736263736277,0.5934065934065949,34,31,ENABLE
1785583358.9788234,-0.16918440527962098,0.6703296703296715,0.5846153846153861,34,31,ENABLE
1785583358.9838111,-0.16498817425802947,0.7582417582417591,0.549450549450551,34,31,ENABLE
1785583358.9888196,-0.16079194323643797,0.8241758241758248,0.49670329670329494,34,31,ENABLE
1785583358.9938252,-0.15621423666742906,0.8021978021978029,0.4439560439560424,34,31,ENABLE
1785583358.9988198,-0.15201800564583756,0.8461538461538467,0.40879120879120734,34,31,ENABLE
1785583359.0037954,-0.14782177462424606,0.780219780219781,0.3912087912087898,34,31,ENABLE
1785583359.00882,-0.14400701915007197,0.7362637362637372,0.3999999999999986,34,31,ENABLE
1785583359.0138192,-0.14019226367589788,0.7582417582417591,0.4175824175824161,34,31,ENABLE
1785583359.01882,-0.13599603265430638,0.780219780219781,0.4351648351648336,34,31,ENABLE
1785583359.0238292,-0.13179980163271487,0.8021978021978029,0.42637362637362486,34,31,ENABLE
1785583359.0288186,-0.12722209506370596,0.8461538461538467,0.38241758241758106,34,31,ENABLE
1785583359.0338228,-0.12188143739986224,0.9340659340659343,0.312087912087911,34,31,ENABLE
1785583359.0388267,-0.11577782864118369,1.1758241758241752,0.20659340659340586,34,31,ENABLE
1785583359.0438218,-0.10967421988250514,1.1538461538461533,0.09230769230769198,34,31,ENABLE
1785583359.0488162,-0.103952086671244,1.1758241758241752,0.03076923076923066,34,31,ENABLE
1785583359.0538197,-0.0993743801022351,1.021978021978022,0.01318681318681314,34,31,ENABLE
1785583359.05882,-0.09212634470130432,1.2637362637362628,-0.08351648351648322,34,31,ENABLE
1785583359.0638254,-0.08258945601586909,1.681318681318679,-0.312087912087911,34,31,ENABLE
1785583359.06881,-0.0745784695201035,1.637362637362635,-0.5846153846153861,34,31,ENABLE
1785583359.07382,-0.0661860074769205,1.681318681318679,-0.7868131868131876,34,31,ENABLE
1785583359.0788205,-0.05741206988632008,1.7252747252747227,-0.9274725274725277,34,31,ENABLE
1785583359.083845,-0.04901960784313708,1.7252747252747227,-1.068131868131868,34,31,ENABLE
1785583359.0888226,-0.04062714579995408,1.659340659340657,-1.1560439560439555,34,31,ENABLE
1785583359.0938213,-0.033379110399023304,1.5714285714285694,-1.1999999999999993,34,31,ENABLE
1785583359.0988176,-0.02651255054550994,1.417582417582416,-1.208791208791208,34,31,ENABLE
1785583359.1038792,-0.02040894178683139,1.3076923076923066,-1.1472527472527467,34,31,ENABLE
1785583359.1088324,-0.013923857480735435,1.2637362637362628,-1.1296703296703292,34,31,ENABLE
1785583359.1138191,-0.007820248722056888,1.241758241758241,-1.103296703296703,34,31,ENABLE
1785583359.118821,-0.0020981155107957505,1.1538461538461533,-1.1120879120879117,34,31,ENABLE
1785583359.1238139,0.003242542153047978,1.0879120879120876,-1.0769230769230766,34,31,ENABLE
1785583359.1288242,0.008201724269474298,1.021978021978022,-1.0329670329670328,34,31,ENABLE
1785583359.1338232,0.012397955291065799,0.9340659340659343,-0.9802197802197803,34,31,ENABLE
1785583359.1388173,0.01621271076523989,0.8681318681318686,-0.8923076923076927,34,31,ENABLE
1785583359.1438174,0.020027466239413982,0.780219780219781,-0.8307692307692314,34,31,ENABLE
1785583359.1488779,0.023460746166170665,0.7362637362637372,-0.7604395604395613,34,31,ENABLE
1785583359.1538115,0.026894026092927348,0.6923076923076934,-0.6989010989011,34,31,ENABLE
1785583359.158849,0.02994583047226662,0.6483516483516496,-0.6373626373626387,34,31,ENABLE
1785583359.1639197,0.033379110399023304,0.6263736263736277,-0.6285714285714299,34,31,ENABLE
1785583359.1689239,0.03681239032577999,0.6263736263736277,-0.6021978021978036,34,31,ENABLE
1785583359.1738837,0.04024567025253667,0.6923076923076934,-0.5758241758241773,34,31,ENABLE
1785583359.17887,0.04406042572671076,0.7362637362637372,-0.5758241758241773,34,31,ENABLE
1785583359.1838691,0.04787518120088485,0.8021978021978029,-0.5934065934065949,34,31,ENABLE
1785583359.1891074,0.052071412222476354,0.780219780219781,-0.6109890109890124,34,31,ENABLE
1785583359.1938584,0.055886167696650446,0.780219780219781,-0.6197802197802211,34,31,ENABLE
1785583359.1988716,0.05970092317082454,0.8241758241758248,-0.6373626373626387,34,31,ENABLE
1785583359.2038672,0.06351567864499863,0.780219780219781,-0.6197802197802211,34,31,ENABLE
1785583359.2088673,0.06733043411917272,0.8021978021978029,-0.6109890109890124,34,31,ENABLE
1785583359.2139134,0.07114518959334681,0.7582417582417591,-0.6021978021978036,34,31,ENABLE
1785583359.2188282,0.07419699397268609,0.6703296703296715,-0.5758241758241773,34,31,ENABLE
1785583359.2238235,0.07763027389944277,0.6483516483516496,-0.5406593406593423,34,31,ENABLE
1785583359.2288241,0.08030060273136463,0.6043956043956058,-0.4879120879120862,34,31,ENABLE
1785583359.2338738,0.08335240711070391,0.5824175824175839,-0.42637362637362486,34,31,ENABLE
1785583359.238933,0.08525978484779095,0.4725274725274744,-0.347252747252746,34,31,ENABLE
1785583359.243875,0.08754863813229541,0.4285714285714306,-0.2681318681318672,34,31,ENABLE
1785583359.248928,0.08907454032196505,0.340659340659343,-0.17142857142857082,34,31,ENABLE
1785583359.2539222,0.09060044251163468,0.3186813186813211,-0.0659340659340657,34,31,ENABLE
1785583359.2588785,0.0913633936064695,0.2087912087912116,0.03076923076923066,34,31,ENABLE
1785583359.263874,0.09212634470130432,0.1428571428571459,0.1538461538461533,34,31,ENABLE
1785583359.2689316,0.09403372243839137,0.2527472527472554,0.22417582417582338,34,31,ENABLE
1785583359.2739427,0.095559624628061,0.3186813186813211,0.2681318681318672,34,31,ENABLE
1785583359.2789154,0.09479667353322618,0.0329670329670364,0.4175824175824161,34,31,ENABLE
1785583359.2838864,0.09479667353322618,-0.0329670329670364,0.5758241758241773,34,31,ENABLE
1785583359.2888687,0.09479667353322618,-0.010989010989014503,0.7164835164835175,34,31,ENABLE
1785583359.2938318,0.09517814908064359,0.0329670329670364,0.8131868131868139,34,31,ENABLE
1785583359.2988758,0.09517814908064359,0.010989010989014503,0.8923076923076927,34,31,ENABLE
1785583359.3038714,0.095559624628061,0.010989010989014503,0.9626373626373628,34,31,ENABLE
1785583359.3088207,0.095559624628061,0.0329670329670364,1.024175824175824,34,31,ENABLE
1785583359.3140645,0.09632257572289582,0.0769230769230802,1.0857142857142854,34,31,ENABLE
1785583359.3188596,0.09632257572289582,0.0549450549450583,1.138461538461538,34,31,ENABLE
1785583359.3238144,0.09708552681773064,0.0549450549450583,1.208791208791208,34,31,ENABLE
1785583359.3286707,0.09708552681773064,0.0769230769230802,1.2703296703296694,34,31,ENABLE
1785583359.3337271,0.09746700236514805,0.0549450549450583,1.3406593406593394,34,31,ENABLE
1785583359.3389406,0.09784847791256546,0.0549450549450583,1.4109890109890095,34,31,ENABLE
1785583359.3438818,0.09822995345998287,0.0329670329670364,1.463736263736262,34,31,ENABLE
1785583359.3488827,0.09861142900740028,0.0549450549450583,1.525274725274727,34,31,ENABLE
1785583359.3538725,0.09899290455481768,0.0769230769230802,1.5868131868131883,34,31,ENABLE
1785583359.3589191,0.0993743801022351,0.0769230769230802,1.6395604395604408,34,31,ENABLE
1785583359.363882,0.0997558556496525,0.0549450549450583,1.6835164835164846,34,31,ENABLE
1785583359.3688865,0.10051880674448732,0.0989010989011021,1.7274725274725284,34,31,ENABLE
1785583359.3738236,0.10090028229190473,0.120879120879124,1.780219780219781,34,31,ENABLE
1785583359.3788228,0.10090028229190473,0.0329670329670364,1.850549450549451,34,31,ENABLE
1785583359.3838272,0.10128175783932214,0.0769230769230802,1.9032967032967036,34,31,ENABLE
1785583359.3888228,0.10242618448157437,0.120879120879124,1.9208791208791212,34,31,ENABLE
1785583359.393822,0.1035706111238266,0.1648351648351678,1.9120879120879124,34,31,ENABLE
1785583359.398828,0.10585946440833105,0.3846153846153868,1.850549450549451,34,31,ENABLE
1785583359.4039094,0.10891126878767032,0.4725274725274744,1.7626373626373635,34,31,ENABLE
1785583359.408835,0.11120012207217478,0.5164835164835182,1.7010989010989022,34,31,ENABLE
1785583359.4138258,0.11425192645151405,0.560439560439562,1.630769230769232,34,31,ENABLE
1785583359.418825,0.11692225528343592,0.5164835164835182,1.595604395604397,34,31,ENABLE
1785583359.4239075,0.11997405966277519,0.5824175824175839,1.5428571428571445,34,31,ENABLE
1785583359.4288332,0.12340733958953187,0.6263736263736277,1.5076923076923094,34,31,ENABLE
1785583359.433857,0.12645914396887115,0.5824175824175839,1.463736263736262,34,31,ENABLE
1785583359.4388216,0.129129472800793,0.5824175824175839,1.4373626373626358,34,31,ENABLE
1785583359.4438856,0.1325627527275497,0.6263736263736277,1.4197802197802183,34,31,ENABLE
1785583359.4488645,0.13561455710688897,0.6043956043956058,1.4021978021978008,34,31,ENABLE
1785583359.453852,0.13866636148622824,0.6043956043956058,1.3670329670329657,34,31,ENABLE
1785583359.4588237,0.1417181658655675,0.6043956043956058,1.3406593406593394,34,31,ENABLE
1785583359.4638836,0.1451514457923242,0.6703296703296715,1.287912087912087,34,31,ENABLE
1785583359.4689062,0.1489662012664983,0.6923076923076934,1.2263736263736256,34,31,ENABLE
1785583359.4738317,0.15239948119325497,0.7142857142857153,1.1560439560439555,34,31,ENABLE
1785583359.478871,0.15583276112001165,0.6483516483516496,1.103296703296703,34,31,ENABLE
1785583359.4838665,0.15964751659418575,0.6923076923076934,1.0593406593406591,34,31,ENABLE
1785583359.4888728,0.16308079652094243,0.6923076923076934,0.9978021978021978,34,31,ENABLE
1785583359.4939206,0.16689555199511652,0.7362637362637372,0.9274725274725277,34,31,ENABLE
1785583359.4988754,0.1707103074692906,0.7582417582417591,0.8659340659340664,34,31,ENABLE
1785583359.503827,0.1749065384908821,0.780219780219781,0.7868131868131876,34,31,ENABLE
1785583359.5088584,0.1787212939650562,0.780219780219781,0.7164835164835175,34,31,ENABLE
1785583359.5138261,0.1829175249866477,0.780219780219781,0.6461538461538474,34,31,ENABLE
1785583359.518825,0.1871137560082392,0.8241758241758248,0.5670329670329686,34,31,ENABLE
1785583359.5238287,0.1909285114824133,0.8021978021978029,0.4879120879120862,34,31,ENABLE
1785583359.5289142,0.1955062180514222,0.8241758241758248,0.40879120879120734,34,31,ENABLE
1785583359.5339227,0.1997024490730137,0.8461538461538467,0.3296703296703285,34,31,ENABLE
1785583359.5390756,0.2038986800946052,0.8021978021978029,0.2593406593406584,34,31,ENABLE
1785583359.5438805,0.2077134355687793,0.8021978021978029,0.20659340659340586,34,31,ENABLE
1785583359.5488644,0.2119096665903708,0.780219780219781,0.13626373626373578,34,31,ENABLE
1785583359.553875,0.2157244220645449,0.7582417582417591,0.07472527472527446,34,31,ENABLE
1785583359.5588229,0.21877622644388417,0.6923076923076934,0.04835164835164818,34,31,ENABLE
1785583359.5638263,0.22182803082322344,0.6043956043956058,0.0219780219780219,34,31,ENABLE
1785583359.5688252,0.2241168841077279,0.5164835164835182,0.01318681318681314,34,31,ENABLE
1785583359.5738308,0.227931639581902,0.6483516483516496,-0.03076923076923066,34,31,ENABLE
1785583359.5788713,0.23174639505607608,0.7142857142857153,-0.1098901098901095,34,31,ENABLE
1785583359.5838292,0.23441672388799795,0.6043956043956058,-0.18021978021977958,34,31,ENABLE
1785583359.5888221,0.2370870527199198,0.560439560439562,-0.23296703296703214,34,31,ENABLE
1785583359.5938873,0.24013885709925908,0.6043956043956058,-0.27692307692307594,34,31,ENABLE
1785583359.5988705,0.24280918593118095,0.5384615384615401,-0.3296703296703285,34,31,ENABLE
1785583359.6038237,0.2454795147631028,0.5384615384615401,-0.38241758241758106,34,31,ENABLE
1785583359.6088219,0.24814984359502468,0.5164835164835182,-0.4351648351648336,34,31,ENABLE
1785583359.613931,0.2504386968795309,0.4505494505494525,-0.4879120879120862,34,31,ENABLE
1785583359.6188827,0.2531090257114528,0.4945054945054963,-0.5318681318681335,34,31,ENABLE
1785583359.6238668,0.2550164034485398,0.4505494505494525,-0.5758241758241773,34,31,ENABLE
1785583359.6288257,0.2573052567330443,0.4285714285714306,-0.6373626373626387,34,31,ENABLE
1785583359.633823,0.2592126344701313,0.4065934065934087,-0.6637362637362649,34,31,ENABLE
1785583359.6388254,0.26073853665980096,0.3186813186813211,-0.6901098901098912,34,31,ENABLE
1785583359.6438181,0.2622644388494706,0.2967032967032992,-0.7076923076923087,34,31,ENABLE
1785583359.6488755,0.26379034103914023,0.3186813186813211,-0.7076923076923087,34,31,ENABLE
1785583359.6538932,0.26455329213397505,0.2087912087912116,-0.7252747252747263,34,31,ENABLE
1785583359.658948,0.26531624322880987,0.120879120879124,-0.7252747252747263,34,31,ENABLE
1785583359.6639192,0.2656977187762273,0.0989010989011021,-0.7076923076923087,34,31,ENABLE
1785583359.6688871,0.2656977187762273,0.0329670329670364,-0.6901098901098912,34,31,ENABLE
1785583359.6738193,0.2656977187762273,0.010989010989014503,-0.6725274725274737,34,31,ENABLE
1785583359.6788833,0.2656977187762273,-0.010989010989014503,-0.6725274725274737,34,31,ENABLE
1785583359.683821,0.26531624322880987,-0.0549450549450583,-0.6725274725274737,34,31,ENABLE
1785583359.6888156,0.26493476768139246,-0.0769230769230802,-0.6813186813186825,34,31,ENABLE
1785583359.6938686,0.26455329213397505,-0.0769230769230802,-0.6989010989011,34,31,ENABLE
1785583359.6989148,0.26417181658655764,-0.0989010989011021,-0.7076923076923087,34,31,ENABLE
1785583359.703883,0.26379034103914023,-0.120879120879124,-0.7164835164835175,34,31,ENABLE
1785583359.708828,0.2630273899443054,-0.1428571428571459,-0.7252747252747263,34,31,ENABLE
1785583359.7138214,0.2618829633020532,-0.1868131868131897,-0.7164835164835175,34,31,ENABLE
1785583359.718821,0.26073853665980096,-0.2527472527472554,-0.6901098901098912,34,31,ENABLE
1785583359.7239082,0.2588311589227139,-0.2967032967032992,-0.6549450549450562,34,31,ENABLE
1785583359.7288325,0.2573052567330443,-0.3626373626373649,-0.6197802197802211,34,31,ENABLE
1785583359.733824,0.25577935454337464,-0.3186813186813211,-0.6021978021978036,34,31,ENABLE
1785583359.7388244,0.2534905012588702,-0.4065934065934087,-0.5670329670329686,34,31,ENABLE
1785583359.7438226,0.2508201724269483,-0.4505494505494525,-0.5318681318681335,34,31,ENABLE
1785583359.7488534,0.2485313191424421,-0.5164835164835182,-0.49670329670329494,34,31,ENABLE
1785583359.7538567,0.24586099031052022,-0.4945054945054963,-0.45274725274725114,34,31,ENABLE
1785583359.7588565,0.24280918593118095,-0.5824175824175839,-0.40879120879120734,34,31,ENABLE
1785583359.7639775,0.23975738155184168,-0.5824175824175839,-0.3736263736263723,34,31,ENABLE
1785583359.768878,0.2367055771725024,-0.6263736263736277,-0.3296703296703285,34,31,ENABLE
1785583359.7738247,0.23365377279316313,-0.6043956043956058,-0.29450549450549346,34,31,ENABLE
1785583359.778825,0.23060196841382385,-0.6263736263736277,-0.27692307692307594,34,31,ENABLE
1785583359.783906,0.22716868848706717,-0.6483516483516496,-0.2681318681318672,34,31,ENABLE
1785583359.78886,0.2237354085603105,-0.6923076923076934,-0.2417582417582409,34,31,ENABLE
1785583359.793824,0.22068360418097122,-0.6703296703296715,-0.21538461538461462,34,31,ENABLE
1785583359.798826,0.21725032425421453,-0.6703296703296715,-0.20659340659340586,34,31,ENABLE
1785583359.8038208,0.21381704432745785,-0.6483516483516496,-0.18901098901098834,34,31,ENABLE
1785583359.8088212,0.21000228885328376,-0.7142857142857153,-0.1538461538461533,34,31,ENABLE
1785583359.8138812,0.20656900892652708,-0.7582417582417591,-0.13626373626373578,34,31,ENABLE
1785583359.8188226,0.20275425345235298,-0.7582417582417591,-0.13626373626373578,34,31,ENABLE
1785583359.8238688,0.1989394979781789,-0.8021978021978029,-0.10109890109890074,34,31,ENABLE
1785583359.8288224,0.1947432669565874,-0.8681318681318686,-0.03956043956043942,34,31,ENABLE
1785583359.833823,0.18978408484016107,-0.9780219780219781,0.03956043956043942,34,31,ENABLE
1785583359.838822,0.18482490272373475,-1.0,0.12747252747252702,34,31,ENABLE
1785583359.84382,0.18024719615472584,-0.9120879120879124,0.18021978021977958,34,31,ENABLE
1785583359.8489332,0.17528801403829952,-0.9120879120879124,0.22417582417582338,34,31,ENABLE
1785583359.8538778,0.1703288319218732,-1.0,0.2681318681318672,34,31,ENABLE
1785583359.8588185,0.1657511253528643,-1.0,0.3032967032967022,34,31,ENABLE
1785583359.863822,0.16117341878385538,-0.9780219780219781,0.347252747252746,34,31,ENABLE
1785583359.8689067,0.15659571221484647,-0.9120879120879124,0.36483516483516354,34,31,ENABLE
1785583359.8738332,0.15239948119325497,-0.8901098901098905,0.347252747252746,34,31,ENABLE
1785583359.878821,0.14782177462424606,-0.8461538461538467,0.347252747252746,34,31,ENABLE
1785583359.8838208,0.14362554360265456,-0.8681318681318686,0.347252747252746,34,31,ENABLE
1785583359.8888624,0.13904783703364565,-0.9120879120879124,0.3560439560439548,34,31,ENABLE
1785583359.8938756,0.13408865491721933,-0.9340659340659343,0.3912087912087898,34,31,ENABLE
1785583359.898823,0.12951094834821042,-0.9780219780219781,0.42637362637362486,34,31,ENABLE
1785583359.9038212,0.1245517662317841,-0.9560439560439562,0.47032967032966866,34,31,ENABLE
1785583359.9088254,0.11997405966277519,-0.9780219780219781,0.49670329670329494,34,31,ENABLE
1785583359.9139044,0.11539635309376628,-0.9120879120879124,0.49670329670329494,34,31,ENABLE
1785583359.9188411,0.11081864652475737,-0.9340659340659343,0.4879120879120862,34,31,ENABLE
1785583359.9238234,0.10662241550316587,-0.9340659340659343,0.4791208791208774,34,31,ENABLE
1785583359.9288218,0.10242618448157437,-0.8681318681318686,0.47032967032966866,34,31,ENABLE
1785583359.933859,0.09822995345998287,-0.8901098901098905,0.4615384615384599,34,31,ENABLE
1785583359.93882,0.09403372243839137,-0.8021978021978029,0.45274725274725114,34,31,ENABLE
1785583359.9438705,0.08983749141679986,-0.8241758241758248,0.4439560439560424,34,31,ENABLE
1785583359.9488528,0.08564126039520836,-0.8021978021978029,0.4439560439560424,34,31,ENABLE
1785583359.9538896,0.08182650492103427,-0.7582417582417591,0.40879120879120734,34,31,ENABLE
1785583359.9588804,0.07839322499427759,-0.7362637362637372,0.36483516483516354,34,31,ENABLE
1785583359.9638667,0.0749599450675209,-0.7142857142857153,0.32087912087911974,34,31,ENABLE
1785583359.9688854,0.07152666514076422,-0.7142857142857153,0.27692307692307594,34,31,ENABLE
1785583359.973824,0.06847486076142495,-0.6483516483516496,0.21538461538461462,34,31,ENABLE
1785583359.9789033,0.0661860074769205,-0.5384615384615401,0.1538461538461533,34,31,ENABLE
1785583359.9838789,0.06313420309758122,-0.5824175824175839,0.09230769230769198,34,31,ENABLE
1785583359.988823,0.06008239871824195,-0.6263736263736277,0.03956043956043942,34,31,ENABLE
1785583359.9938214,0.057030594338902674,-0.5824175824175839,0.01318681318681314,34,31,ENABLE
1785583359.9988232,0.0539787899595634,-0.5824175824175839,-0.01318681318681314,34,31,ENABLE
1785583360.0038216,0.051308461127641536,-0.5824175824175839,-0.03956043956043942,34,31,ENABLE
1785583360.0088208,0.04787518120088485,-0.6703296703296715,-0.05714285714285694,34,31,ENABLE
1785583360.0138218,0.04406042572671076,-0.6923076923076934,-0.0659340659340657,34,31,ENABLE
1785583360.0189052,0.04100862134737149,-0.6703296703296715,-0.10109890109890074,34,31,ENABLE
1785583360.0238302,0.03833829251544962,-0.560439560439562,-0.12747252747252702,34,31,ENABLE
1785583360.0288246,0.03566796368352776,-0.560439560439562,-0.1978021978021971,34,31,ENABLE
1785583360.0338206,0.03376058594644071,-0.4285714285714306,-0.3032967032967022,34,31,ENABLE
1785583360.038856,0.03147173266193626,-0.4725274725274744,-0.38241758241758106,34,31,ENABLE
1785583360.0439024,0.028419928282596985,-0.560439560439562,-0.4351648351648336,34,31,ENABLE
1785583360.0488894,0.02536812390325771,-0.5824175824175839,-0.4439560439560424,34,31,ENABLE
1785583360.0538204,0.022316319523918438,-0.6043956043956058,-0.45274725274725114,34,31,ENABLE
1785583360.0589056,0.019264515144579164,-0.6263736263736277,-0.4439560439560424,34,31,ENABLE
1785583360.0638285,0.01621271076523989,-0.6483516483516496,-0.4791208791208774,34,31,ENABLE
1785583360.0688262,0.013542381933318026,-0.5824175824175839,-0.5406593406593423,34,31,ENABLE
1785583360.0738199,0.01163500419623098,-0.4945054945054963,-0.6021978021978036,34,31,ENABLE
1785583360.078848,0.009346150911726525,-0.4285714285714306,-0.7252747252747263,34,31,ENABLE
1785583360.0838237,0.008201724269474298,-0.3186813186813211,-0.8571428571428577,34,31,ENABLE
1785583360.0888228,0.007438773174639479,-0.2307692307692335,-0.9978021978021978,34,31,ENABLE
1785583360.0938292,0.006294346532387252,-0.2087912087912116,-1.138461538461538,34,31,ENABLE
1785583360.0988178,0.005531395437552433,-0.2087912087912116,-1.2527472527472518,34,31,ENABLE
1785583360.103859,0.004768444342717615,-0.1648351648351678,-1.3494505494505482,34,31,ENABLE
1785583360.1088257,0.004386968795300206,-0.120879120879124,-1.4549450549450533,34,31,ENABLE
1785583360.1138213,0.0040054932478827965,-0.1428571428571459,-1.5516483516483532,34,31,ENABLE
1785583360.118823,0.003242542153047978,-0.1428571428571459,-1.6395604395604408,34,31,ENABLE
1785583360.1238246,0.0013351644159609322,-0.2527472527472554,-1.6923076923076934,34,31,ENABLE
1785583360.1288793,0.0001907377737087046,-0.2747252747252773,-1.7186813186813197,34,31,ENABLE
1785583360.1338265,-0.0013351644159609322,-0.2747252747252773,-1.7538461538461547,34,31,ENABLE
1785583360.138825,-0.003242542153047978,-0.3626373626373649,-1.7890109890109898,34,31,ENABLE
1785583360.1438751,-0.005149919890135024,-0.3846153846153868,-1.7714285714285722,34,31,ENABLE
1785583360.1488786,-0.007820248722056888,-0.4945054945054963,-1.7714285714285722,34,31,ENABLE
1785583360.153822,-0.009727626459143934,-0.4505494505494525,-1.7714285714285722,34,31,ENABLE
1785583360.1588304,-0.012397955291065799,-0.5164835164835182,-1.7978021978021985,34,31,ENABLE
1785583360.163905,-0.014686808575570254,-0.4725274725274744,-1.8329670329670336,34,31,ENABLE
1785583360.1689143,-0.01697566186007471,-0.4945054945054963,-1.8417582417582423,34,31,ENABLE
1785583360.1738806,-0.020027466239413982,-0.5384615384615401,-1.8769230769230774,34,31,ENABLE
1785583360.1788354,-0.02155336842908362,-0.4285714285714306,-1.9120879120879124,34,31,ENABLE
1785583360.1839104,-0.024223697261005483,-0.4725274725274744,-1.9736263736263737,34,31,ENABLE
1785583360.1888282,-0.02574959945067512,-0.4065934065934087,-2.035164835164835,34,31,ENABLE
1785583360.1938229,-0.028419928282596985,-0.4945054945054963,-2.079120879120879,34,31,ENABLE
1785583360.1988275,-0.03070878156710144,-0.4505494505494525,-2.0967032967032964,34,31,ENABLE
1785583360.2038257,-0.032997634851605895,-0.4725274725274744,-2.114285714285714,34,31,ENABLE
1785583360.2088315,-0.03490501258869294,-0.4505494505494525,-2.1670329670329664,34,31,ENABLE
1785583360.2138278,-0.037193865873197396,-0.4505494505494525,-2.1934065934065927,34,31,ENABLE
1785583360.2188318,-0.03986419470511926,-0.4725274725274744,-2.2285714285714278,34,31,ENABLE
1785583360.2238228,-0.042534523537041125,-0.5384615384615401,-2.2021978021978015,34,31,ENABLE
1785583360.2288375,-0.04596780346379781,-0.6263736263736277,-2.1582417582417577,34,31,ENABLE
1785583360.2339072,-0.04940108339055449,-0.6923076923076934,-2.114285714285714,34,31,ENABLE
1785583360.238874,-0.05359731441214599,-0.780219780219781,-2.0527472527472526,34,31,ENABLE
1785583360.243869,-0.05779354543373749,-0.8461538461538467,-1.9560439560439562,34,31,ENABLE
1785583360.248943,-0.0623712520027464,-0.8901098901098905,-1.8857142857142861,34,31,ENABLE
1785583360.25383,-0.06733043411917272,-1.021978021978022,-1.780219780219781,34,31,ENABLE
1785583360.2588253,-0.07267109178301645,-1.0659340659340657,-1.6483516483516496,34,31,ENABLE
1785583360.2638748,-0.0791561760891124,-1.1758241758241752,-1.5164835164835182,34,31,ENABLE
1785583360.2689626,-0.08525978484779095,-1.219780219780219,-1.3758241758241745,34,31,ENABLE
1785583360.2738764,-0.09174486915388691,-1.3296703296703285,-1.2527472527472518,34,31,ENABLE
1785583360.2788217,-0.09861142900740028,-1.3296703296703285,-1.1120879120879117,34,31,ENABLE
1785583360.2838233,-0.10509651331349623,-1.3736263736263723,-0.9714285714285715,34,31,ENABLE
1785583360.2888215,-0.11272602426184442,-1.46153846153846,-0.8483516483516489,34,31,ENABLE
1785583360.29382,-0.1203555352101926,-1.5494505494505475,-0.6901098901098912,34,31,ENABLE
1785583360.298905,-0.1287479972533756,-1.6153846153846132,-0.514285714285716,34,31,ENABLE
1785583360.3038285,-0.1367589837491412,-1.5714285714285694,-0.3736263736263723,34,31,ENABLE
1785583360.308819,-0.14400701915007197,-1.5274725274725256,-0.2593406593406584,34,31,ENABLE
1785583360.3138223,-0.15087357900358533,-1.4835164835164818,-0.18021978021977958,34,31,ENABLE
1785583360.318821,-0.1577401388570987,-1.417582417582416,-0.11868131868131826,34,31,ENABLE
1785583360.3238158,-0.16460669871061206,-1.3516483516483504,-0.04835164835164818,34,31,ENABLE
1785583360.3288674,-0.17261768520637766,-1.5054945054945037,0.0659340659340657,34,31,ENABLE
1785583360.3339105,-0.17986572060730843,-1.4835164835164818,0.1978021978021971,34,31,ENABLE
1785583360.3388257,-0.1867322804608218,-1.417582417582416,0.29450549450549346,34,31,ENABLE
1785583360.3438215,-0.19359884031433516,-1.3516483516483504,0.40879120879120734,34,31,ENABLE
1785583360.3488777,-0.20122835126268335,-1.4835164835164818,0.549450549450551,34,31,ENABLE
1785583360.3539126,-0.20923933775844894,-1.5494505494505475,0.7164835164835175,34,31,ENABLE
1785583360.3588538,-0.2161058976119623,-1.5054945054945037,0.8571428571428577,34,31,ENABLE
1785583360.3638244,-0.22259098191805826,-1.3076923076923066,0.9098901098901102,34,31,ENABLE
1785583360.3688216,-0.2283131151293194,-1.2637362637362628,0.953846153846154,34,31,ENABLE
1785583360.3738227,-0.23327229724574572,-1.0879120879120876,0.918681318681319,34,31,ENABLE
1785583360.378821,-0.23785000381475463,-0.9340659340659343,0.8923076923076927,34,31,ENABLE
1785583360.3838737,-0.24166475928892872,-0.8241758241758248,0.8571428571428577,34,31,ENABLE
1785583360.3888295,-0.2450980392156854,-0.7582417582417591,0.8043956043956051,34,31,ENABLE
1785583360.3938208,-0.2485313191424421,-0.7362637362637372,0.7956043956043963,34,31,ENABLE
1785583360.3989058,-0.25158312352178314,-0.6483516483516496,0.76923076923077,34,31,ENABLE
1785583360.4038222,-0.2538719768062876,-0.4945054945054963,0.7164835164835175,34,31,ENABLE
1785583360.4088206,-0.25577935454337464,-0.4285714285714306,0.6637362637362649,34,31,ENABLE
1785583360.4138196,-0.25692378118562686,-0.3186813186813211,0.5758241758241773,34,31,ENABLE
1785583360.4188223,-0.25692378118562686,-0.1428571428571459,0.47032967032966866,34,31,ENABLE
1785583360.423861,-0.25654230563820946,-0.0329670329670364,0.3560439560439548,34,31,ENABLE
1785583360.4288223,-0.25654230563820946,-0.010989010989014503,0.2681318681318672,34,31,ENABLE
1785583360.433871,-0.25654230563820946,0.0329670329670364,0.1978021978021971,34,31,ENABLE
1785583360.4388278,-0.25616083009079205,0.0549450549450583,0.1538461538461533,34,31,ENABLE
1785583360.44383,-0.25616083009079205,-0.010989010989014503,0.12747252747252702,34,31,ENABLE
1785583360.4488804,-0.25616083009079205,0.010989010989014503,0.1098901098901095,34,31,ENABLE
1785583360.453871,-0.25577935454337464,0.010989010989014503,0.09230769230769198,34,31,ENABLE
1785583360.4588654,-0.25577935454337464,0.010989010989014503,0.08351648351648322,34,31,ENABLE
1785583360.4639046,-0.25577935454337464,-0.010989010989014503,0.07472527472527446,34,31,ENABLE
1785583360.4688845,-0.25577935454337464,-0.010989010989014503,0.08351648351648322,34,31,ENABLE
1785583360.473822,-0.25539787899595723,0.010989010989014503,0.08351648351648322,34,31,ENABLE
1785583360.4788206,-0.2550164034485398,0.0769230769230802,0.04835164835164818,34,31,ENABLE
1785583360.4838247,-0.2531090257114528,0.2307692307692335,-0.01318681318681314,34,31,ENABLE
1785583360.4889076,-0.25196459906920055,0.2527472527472554,-0.09230769230769198,34,31,ENABLE
1785583360.4938226,-0.2512016479743657,0.1868131868131897,-0.13626373626373578,34,31,ENABLE
1785583360.4988668,-0.2504386968795309,0.1428571428571459,-0.13626373626373578,34,31,ENABLE
1785583360.5038688,-0.24967574578469431,0.1648351648351678,-0.12747252747252702,34,31,ENABLE
1785583360.50891,-0.2489127946898595,0.120879120879124,-0.10109890109890074,34,31,ENABLE
1785583360.5138822,-0.2489127946898595,0.0329670329670364,-0.07472527472527446,34,31,ENABLE
1785583360.5188332,-0.2485313191424421,0.0769230769230802,-0.03956043956043942,34,31,ENABLE
1785583360.5238225,-0.24776836804760727,0.0769230769230802,-0.03076923076923066,34,31,ENABLE
1785583360.528819,-0.24738689250018986,0.0769230769230802,-0.01318681318681314,34,31,ENABLE
1785583360.5338702,-0.24662394140535504,0.120879120879124,-0.03076923076923066,34,31,ENABLE
1785583360.5388217,-0.24586099031052022,0.120879120879124,-0.0219780219780219,34,31,ENABLE
1785583360.5438654,-0.244716563668268,0.1648351648351678,-0.03076923076923066,34,31,ENABLE
1785583360.5488756,-0.24357213702601577,0.1868131868131897,-0.05714285714285694,34,31,ENABLE
1785583360.5539107,-0.24280918593118095,0.1648351648351678,-0.04835164835164818,34,31,ENABLE
1785583360.5588288,-0.24204623483634613,0.1648351648351678,-0.03076923076923066,34,31,ENABLE
1785583360.5638225,-0.2405203326466765,0.2747252747252773,-0.03956043956043942,34,31,ENABLE
1785583360.568879,-0.23899443045700686,0.2967032967032992,-0.0659340659340657,34,31,ENABLE
1785583360.5739071,-0.2370870527199198,0.2967032967032992,-0.08351648351648322,34,31,ENABLE
1785583360.5788217,-0.23594262607766758,0.2747252747252773,-0.08351648351648322,34,31,ENABLE
1785583360.5840409,-0.23479819943541536,0.2307692307692335,-0.07472527472527446,34,31,ENABLE
1785583360.5888765,-0.2328908216983283,0.3626373626373649,-0.07472527472527446,34,31,ENABLE
1785583360.5938702,-0.23098344396124126,0.3626373626373649,-0.10109890109890074,34,31,ENABLE
1785583360.5988681,-0.22945754177157163,0.3186813186813211,-0.09230769230769198,34,31,ENABLE
1785583360.603872,-0.227931639581902,0.2747252747252773,-0.0659340659340657,34,31,ENABLE
1785583360.608817,-0.22678721293964976,0.2527472527472554,-0.03956043956043942,34,31,ENABLE
1785583360.6138513,-0.22487983520256272,0.340659340659343,-0.01318681318681314,34,31,ENABLE
1785583360.6188254,-0.22335393301289308,0.3186813186813211,-0.00439560439560438,34,31,ENABLE
1785583360.6238217,-0.22182803082322344,0.2527472527472554,0.0219780219780219,34,31,ENABLE
1785583360.6288223,-0.22068360418097122,0.2307692307692335,0.0659340659340657,34,31,ENABLE
1785583360.6338232,-0.219539177538719,0.2527472527472554,0.10109890109890074,34,31,ENABLE
1785583360.638827,-0.21763179980163194,0.3186813186813211,0.11868131868131826,34,31,ENABLE
1785583360.6438236,-0.2153429465171275,0.3846153846153868,0.1098901098901095,34,31,ENABLE
1785583360.6488776,-0.21419851987487526,0.2967032967032992,0.13626373626373578,34,31,ENABLE
1785583360.6538208,-0.2122911421377882,0.3186813186813211,0.17142857142857082,34,31,ENABLE
1785583360.658924,-0.21114671549553599,0.2747252747252773,0.21538461538461462,34,31,ENABLE
1785583360.6639135,-0.21076523994811858,0.1428571428571459,0.3032967032967022,34,31,ENABLE
1785583360.6688237,-0.20962081330586635,0.1868131868131897,0.3999999999999986,34,31,ENABLE
1785583360.6738236,-0.2080949111161967,0.2527472527472554,0.4439560439560424,34,31,ENABLE
1785583360.6789064,-0.2073319600213619,0.1648351648351678,0.49670329670329494,34,31,ENABLE
1785583360.6838915,-0.20656900892652708,0.120879120879124,0.5758241758241773,34,31,ENABLE
1785583360.688819,-0.20580605783169226,0.1648351648351678,0.6549450549450562,34,31,ENABLE
1785583360.6938202,-0.20428015564202262,0.2087912087912116,0.7164835164835175,34,31,ENABLE
1785583360.6988215,-0.2035172045471878,0.1868131868131897,0.7516483516483525,34,31,ENABLE
1785583360.7038221,-0.20199130235751817,0.2747252747252773,0.76923076923077,34,31,ENABLE
1785583360.7088232,-0.1997024490730137,0.3846153846153868,0.7868131868131876,34,31,ENABLE
1785583360.7138245,-0.19855802243076148,0.2527472527472554,0.8043956043956051,34,31,ENABLE
1785583360.7188697,-0.19703212024109185,0.2747252747252773,0.8571428571428577,34,31,ENABLE
1785583360.7238722,-0.19436179140916998,0.4505494505494525,0.8483516483516489,34,31,ENABLE
1785583360.7288187,-0.19207293812466553,0.4725274725274744,0.8571428571428577,34,31,ENABLE
1785583360.7338247,-0.18978408484016107,0.4065934065934087,0.8395604395604401,34,31,ENABLE
1785583360.7388198,-0.1867322804608218,0.5824175824175839,0.8395604395604401,34,31,ENABLE
1785583360.7438917,-0.18368047608148252,0.5824175824175839,0.8219780219780226,34,31,ENABLE
1785583360.7488785,-0.18062867170214325,0.5824175824175839,0.7868131868131876,34,31,ENABLE
1785583360.7539234,-0.17681391622796916,0.6483516483516496,0.76923076923077,34,31,ENABLE
1785583360.758829,-0.17338063630121248,0.6923076923076934,0.7516483516483525,34,31,ENABLE
1785583360.7638679,-0.1699473563744558,0.7142857142857153,0.7604395604395613,34,31,ENABLE
1785583360.7688735,-0.1657511253528643,0.8021978021978029,0.734065934065935,34,31,ENABLE
1785583360.773907,-0.16117341878385538,0.8901098901098905,0.6989010989011,34,31,ENABLE
1785583360.7788768,-0.1573586633096813,0.8461538461538467,0.6725274725274737,34,31,ENABLE
1785583360.7838244,-0.15278095674067238,0.8681318681318686,0.6285714285714299,34,31,ENABLE
1785583360.7888236,-0.14820325017166347,0.9340659340659343,0.5846153846153861,34,31,ENABLE
1785583360.7938187,-0.14286259250781974,0.9560439560439562,0.5318681318681335,34,31,ENABLE
1785583360.7988193,-0.1371404592965586,1.0439560439560438,0.47032967032966866,34,31,ENABLE
1785583360.8038259,-0.13141832608529747,1.1318681318681314,0.3912087912087898,34,31,ENABLE
1785583360.8089147,-0.12531471732661892,1.1538461538461533,0.312087912087911,34,31,ENABLE
1785583360.8138359,-0.11882963302052296,1.2637362637362628,0.22417582417582338,34,31,ENABLE
1785583360.818823,-0.1119630731670096,1.3296703296703285,0.13626373626373578,34,31,ENABLE
1785583360.8238285,-0.10585946440833105,1.2637362637362628,0.07472527472527446,34,31,ENABLE
1785583360.8288233,-0.0997558556496525,1.219780219780219,0.03956043956043942,34,31,ENABLE
1785583360.8338747,-0.09479667353322618,1.1098901098901095,0.04835164835164818,34,31,ENABLE
1785583360.8388238,-0.08678568703746059,1.3736263736263723,-0.03076923076923066,34,31,ENABLE
1785583360.8438187,-0.07801174944686018,1.6153846153846132,-0.18021978021977958,34,31,ENABLE
1785583360.8489132,-0.070382238498512,1.5714285714285694,-0.3560439560439548,34,31,ENABLE
1785583360.853844,-0.06198977645532899,1.5934065934065913,-0.5230769230769248,34,31,ENABLE
1785583360.8588185,-0.05359731441214599,1.681318681318679,-0.6549450549450562,34,31,ENABLE
1785583360.863827,-0.04482337682154558,1.7252747252747227,-0.7868131868131876,34,31,ENABLE
1785583360.8689363,-0.03643091477836258,1.7252747252747227,-0.9098901098901102,34,31,ENABLE
1785583360.8738883,-0.028038452735179575,1.7032967032967008,-0.9978021978021978,34,31,ENABLE
1785583360.8788273,-0.019264515144579164,1.7252747252747227,-1.0945054945054942,34,31,ENABLE
1785583360.8838205,-0.010872053101396162,1.681318681318679,-1.1648351648351642,34,31,ENABLE
1785583360.8889036,-0.0024795910582131597,1.659340659340657,-1.243956043956043,34,31,ENABLE
1785583360.8938305,0.005149919890135024,1.5934065934065913,-1.2615384615384606,34,31,ENABLE
1785583360.8988216,0.01201647974364839,1.439560439560438,-1.2527472527472518,34,31,ENABLE
1785583360.9038227,0.018120088502326936,1.3076923076923066,-1.1912087912087905,34,31,ENABLE
1785583360.9088285,0.024223697261005483,1.241758241758241,-1.1472527472527467,34,31,ENABLE
1785583360.9138997,0.029564354924849212,1.0879120879120876,-1.0593406593406591,34,31,ENABLE
1785583360.9188907,0.03528648813611035,1.1098901098901095,-1.024175824175824,34,31,ENABLE
1785583360.9238224,0.04024567025253667,1.1098901098901095,-0.9714285714285715,34,31,ENABLE
1785583360.9288244,0.04520485236896299,1.0,-0.9626373626373628,34,31,ENABLE
1785583360.9341607,0.05054551003280672,1.0,-0.9274725274725277,34,31,ENABLE
1785583360.9390178,0.05550469214923304,1.0,-0.918681318681319,34,31,ENABLE
1785583360.943872,0.060845349813076766,1.0439560439560438,-0.9626373626373628,34,31,ENABLE
1785583360.9489074,0.06580453192950309,1.0,-0.953846153846154,34,31,ENABLE
1785583360.9538808,0.07114518959334681,1.021978021978022,-0.9626373626373628,34,31,ENABLE
1785583360.95883,0.07572289616235572,0.9780219780219781,-0.953846153846154,34,31,ENABLE
1785583360.9638214,0.08030060273136463,0.9560439560439562,-0.918681318681319,34,31,ENABLE
1785583360.9688718,0.08487830930037354,0.9120879120879124,-0.9010989010989015,34,31,ENABLE
1785583360.973907,0.08831158922713023,0.8021978021978029,-0.8395604395604401,34,31,ENABLE
1785583360.9788864,0.09212634470130432,0.7582417582417591,-0.7604395604395613,34,31,ENABLE
1785583360.9838674,0.09517814908064359,0.6923076923076934,-0.6725274725274737,34,31,ENABLE
1785583360.9888284,0.09746700236514805,0.5164835164835182,-0.5670329670329686,34,31,ENABLE
1785583360.99382,0.0997558556496525,0.4725274725274744,-0.47032967032966866,34,31,ENABLE
1785583360.9989033,0.10204470893415696,0.4285714285714306,-0.33846153846153726,34,31,ENABLE
1785583361.0038657,0.10318913557640919,0.2967032967032992,-0.21538461538461462,34,31,ENABLE
1785583361.0087905,0.103952086671244,0.1868131868131897,-0.07472527472527446,34,31,ENABLE
1785583361.0137794,0.10433356221866141,0.120879120879124,0.0659340659340657,34,31,ENABLE
1785583361.018869,0.10547798886091364,0.1868131868131897,0.17142857142857082,34,31,ENABLE
1785583361.0238767,0.1077668421454181,0.340659340659343,0.20659340659340586,34,31,ENABLE
1785583361.0288253,0.1081483176928355,0.1648351648351678,0.312087912087911,34,31,ENABLE
1785583361.0338235,0.1077668421454181,0.0329670329670364,0.4351648351648336,34,31,ENABLE
1785583361.0388765,0.1081483176928355,0.010989010989014503,0.5934065934065949,34,31,ENABLE
1785583361.0438242,0.10891126878767032,0.0989010989011021,0.6901098901098912,34,31,ENABLE
1785583361.0488822,0.10967421988250514,0.1428571428571459,0.7516483516483525,34,31,ENABLE
1785583361.0538237,0.11081864652475737,0.1428571428571459,0.7868131868131876,34,31,ENABLE
1785583361.0589077,0.11158159761959219,0.120879120879124,0.8483516483516489,34,31,ENABLE
1785583361.0638697,0.1119630731670096,0.0989010989011021,0.9274725274725277,34,31,ENABLE
1785583361.068825,0.112344548714427,0.0769230769230802,1.024175824175824,34,31,ENABLE
1785583361.0738225,0.1119630731670096,0.010989010989014503,1.138461538461538,34,31,ENABLE
1785583361.0788236,0.1119630731670096,-0.0549450549450583,1.2615384615384606,34,31,ENABLE
1785583361.0838258,0.11158159761959219,-0.0769230769230802,1.3758241758241745,34,31,ENABLE
1785583361.0888214,0.11081864652475737,-0.1648351648351678,1.5340659340659357,34,31,ENABLE
1785583361.0938215,0.10929274433508773,-0.2527472527472554,1.6747252747252759,34,31,ENABLE
1785583361.0988228,0.10929274433508773,-0.1428571428571459,1.745054945054946,34,31,ENABLE
1785583361.10384,0.11005569542992255,0.0329670329670364,1.7714285714285722,34,31,ENABLE
1785583361.1088738,0.11005569542992255,0.0549450549450583,1.7890109890109898,34,31,ENABLE
1785583361.1138244,0.11043717097733996,0.0329670329670364,1.8241758241758248,34,31,ENABLE
1785583361.1188235,0.11081864652475737,0.0989010989011021,1.8593406593406598,34,31,ENABLE
1785583361.1238492,0.11158159761959219,0.0989010989011021,1.8769230769230774,34,31,ENABLE
1785583361.1288748,0.112344548714427,0.120879120879124,1.9032967032967036,34,31,ENABLE
1785583361.1338234,0.11348897535667923,0.1868131868131897,1.9032967032967036,34,31,ENABLE
1785583361.1388237,0.11463340199893146,0.2087912087912116,1.9208791208791212,34,31,ENABLE
1785583361.143858,0.11577782864118369,0.2307692307692335,1.9208791208791212,34,31,ENABLE
1785583361.148884,0.11768520637827073,0.3186813186813211,1.9032967032967036,34,31,ENABLE
1785583361.1538234,0.11959258411535778,0.340659340659343,1.8769230769230774,34,31,ENABLE
1785583361.1588383,0.12149996185244483,0.3846153846153868,1.8681318681318686,34,31,ENABLE
1785583361.1638615,0.12378881513694928,0.4285714285714306,1.8241758241758248,34,31,ENABLE
1785583361.1688602,0.12645914396887115,0.4945054945054963,1.780219780219781,34,31,ENABLE
1785583361.1738698,0.1287479972533756,0.4505494505494525,1.745054945054946,34,31,ENABLE
1785583361.1788232,0.13179980163271487,0.5384615384615401,1.7010989010989022,34,31,ENABLE
1785583361.183823,0.13485160601205415,0.5824175824175839,1.6483516483516496,34,31,ENABLE
1785583361.1888719,0.13828488593881083,0.6703296703296715,1.560439560439562,34,31,ENABLE
1785583361.1938713,0.14209964141298492,0.7362637362637372,1.4549450549450533,34,31,ENABLE
1785583361.1988227,0.14629587243457642,0.8241758241758248,1.3758241758241745,34,31,ENABLE
1785583361.2038243,0.15011062790875052,0.8021978021978029,1.2703296703296694,34,31,ENABLE
1785583361.2088234,0.1539253833829246,0.780219780219781,1.1999999999999993,34,31,ENABLE
1785583361.2138245,0.1581216144045161,0.8021978021978029,1.1560439560439555,34,31,ENABLE
1785583361.2188659,0.1623178454261076,0.8461538461538467,1.068131868131868,34,31,ENABLE
1785583361.2238252,0.1665140764476991,0.8461538461538467,0.9978021978021978,34,31,ENABLE
1785583361.2288578,0.1707103074692906,0.8241758241758248,0.9274725274725277,34,31,ENABLE
1785583361.233875,0.1745250629434647,0.8021978021978029,0.8659340659340664,34,31,ENABLE
1785583361.238823,0.1787212939650562,0.8241758241758248,0.7956043956043963,34,31,ENABLE
1785583361.243822,0.1829175249866477,0.8241758241758248,0.7252747252747263,34,31,ENABLE
1785583361.2488828,0.1871137560082392,0.8681318681318686,0.6285714285714299,34,31,ENABLE
1785583361.253914,0.1913099870298307,0.8241758241758248,0.549450549450551,34,31,ENABLE
1785583361.2588303,0.1955062180514222,0.8021978021978029,0.47032967032966866,34,31,ENABLE
1785583361.263827,0.1997024490730137,0.8241758241758248,0.38241758241758106,34,31,ENABLE
1785583361.2688322,0.2038986800946052,0.8021978021978029,0.32087912087911974,34,31,ENABLE
1785583361.2738252,0.2080949111161967,0.8021978021978029,0.23296703296703214,34,31,ENABLE
1785583361.2788746,0.2122911421377882,0.8021978021978029,0.1538461538461533,34,31,ENABLE
1785583361.2838743,0.2161058976119623,0.8021978021978029,0.09230769230769198,34,31,ENABLE
1785583361.2888849,0.219539177538719,0.6923076923076934,0.03076923076923066,34,31,ENABLE
1785583361.2938793,0.22259098191805826,0.6263736263736277,0.00439560439560438,34,31,ENABLE
1785583361.298828,0.22487983520256272,0.4945054945054963,0.00439560439560438,34,31,ENABLE
1785583361.3038256,0.2283131151293194,0.6483516483516496,-0.05714285714285694,34,31,ENABLE
1785583361.3088248,0.2325093461509109,0.7362637362637372,-0.1538461538461533,34,31,ENABLE
1785583361.3139043,0.23517967498283276,0.6263736263736277,-0.23296703296703214,34,31,ENABLE
1785583361.3189337,0.23785000381475463,0.5164835164835182,-0.29450549450549346,34,31,ENABLE
1785583361.3238316,0.2409018081940939,0.5824175824175839,-0.3560439560439548,34,31,ENABLE
1785583361.3288982,0.24395361257343318,0.560439560439562,-0.4175824175824161,34,31,ENABLE
1785583361.333831,0.24586099031052022,0.4945054945054963,-0.47032967032966866,34,31,ENABLE
1785583361.3388255,0.24814984359502468,0.4725274725274744,-0.514285714285716,34,31,ENABLE
1785583361.343822,0.2504386968795309,0.4285714285714306,-0.5582417582417598,34,31,ENABLE
1785583361.3488777,0.25272755016403536,0.4285714285714306,-0.6021978021978036,34,31,ENABLE
1785583361.353825,0.254253452353705,0.340659340659343,-0.6461538461538474,34,31,ENABLE
1785583361.3588347,0.25654230563820946,0.4065934065934087,-0.7164835164835175,34,31,ENABLE
1785583361.3638246,0.2580682078278791,0.340659340659343,-0.7780219780219788,34,31,ENABLE
1785583361.3688262,0.25959411001754873,0.3186813186813211,-0.8219780219780226,34,31,ENABLE
1785583361.3738368,0.26112001220721837,0.2527472527472554,-0.8659340659340664,34,31,ENABLE
1785583361.3788583,0.2618829633020532,0.2087912087912116,-0.8923076923076927,34,31,ENABLE
1785583361.3838234,0.2630273899443054,0.2527472527472554,-0.9098901098901102,34,31,ENABLE
1785583361.388832,0.26417181658655764,0.1868131868131897,-0.953846153846154,34,31,ENABLE
1785583361.3938193,0.26455329213397505,0.120879120879124,-0.989010989010989,34,31,ENABLE
1785583361.3988652,0.26493476768139246,0.0769230769230802,-0.9978021978021978,34,31,ENABLE
1785583361.4038749,0.26493476768139246,0.010989010989014503,-1.0065934065934066,34,31,ENABLE
1785583361.4088316,0.26455329213397505,-0.010989010989014503,-1.0153846153846153,34,31,ENABLE
1785583361.413821,0.26417181658655764,-0.0549450549450583,-1.0153846153846153,34,31,ENABLE
1785583361.418828,0.2634088654917228,-0.1648351648351678,-1.0153846153846153,34,31,ENABLE
1785583361.4238257,0.2622644388494706,-0.2307692307692335,-0.989010989010989,34,31,ENABLE
1785583361.4288237,0.26073853665980096,-0.2747252747252773,-0.9626373626373628,34,31,ENABLE
1785583361.4338233,0.2588311589227139,-0.3626373626373649,-0.918681318681319,34,31,ENABLE
1785583361.438826,0.25654230563820946,-0.4065934065934087,-0.8747252747252752,34,31,ENABLE
1785583361.4438667,0.2546349279011224,-0.4285714285714306,-0.8395604395604401,34,31,ENABLE
1785583361.4488635,0.25196459906920055,-0.4945054945054963,-0.7956043956043963,34,31,ENABLE
1785583361.4538312,0.2489127946898595,-0.5824175824175839,-0.76923076923077,34,31,ENABLE
1785583361.4588215,0.24586099031052022,-0.6043956043956058,-0.734065934065935,34,31,ENABLE
1785583361.4638247,0.24242771038376354,-0.6263736263736277,-0.6813186813186825,34,31,ENABLE
1785583361.4688754,0.23899443045700686,-0.6703296703296715,-0.6285714285714299,34,31,ENABLE
1785583361.4738214,0.23479819943541536,-0.780219780219781,-0.5758241758241773,34,31,ENABLE
1785583361.4788837,0.23060196841382385,-0.8461538461538467,-0.5054945054945073,34,31,ENABLE
1785583361.4838998,0.22640573739223235,-0.8461538461538467,-0.4439560439560424,34,31,ENABLE
1785583361.4888308,0.22144655527580603,-0.9120879120879124,-0.38241758241758106,34,31,ENABLE
1785583361.4938192,0.21648737315937971,-0.9560439560439562,-0.3296703296703285,34,31,ENABLE
1785583361.498822,0.2119096665903708,-0.9780219780219781,-0.27692307692307594,34,31,ENABLE
1785583361.5038211,0.20656900892652708,-1.021978021978022,-0.21538461538461462,34,31,ENABLE
1785583361.5089018,0.20122835126268335,-1.0879120879120876,-0.1538461538461533,34,31,ENABLE
1785583361.5138268,0.19588769359883962,-1.0879120879120876,-0.08351648351648322,34,31,ENABLE
1785583361.5188677,0.1909285114824133,-1.021978021978022,-0.04835164835164818,34,31,ENABLE
1785583361.5238662,0.1863508049134044,-0.9780219780219781,-0.05714285714285694,34,31,ENABLE
1785583361.5288248,0.18101014724956066,-1.0439560439560438,-0.0219780219780219,34,31,ENABLE
1785583361.5338244,0.17338063630121248,-1.3736263736263723,0.09230769230769198,34,31,ENABLE
1785583361.5388215,0.16689555199511652,-1.3296703296703285,0.21538461538461462,34,31,ENABLE
1785583361.543823,0.16041046768902056,-1.3076923076923066,0.3560439560439548,34,31,ENABLE
1785583361.5488863,0.1531624322880898,-1.3956043956043942,0.4615384615384599,34,31,ENABLE
1785583361.5538297,0.14667734798199383,-1.3076923076923066,0.514285714285716,34,31,ENABLE
1785583361.5588222,0.1409552147707327,-1.241758241758241,0.5318681318681335,34,31,ENABLE
1785583361.563821,0.13447013046463674,-1.2637362637362628,0.5582417582417598,34,31,ENABLE
1785583361.568904,0.129129472800793,-1.1538461538461533,0.549450549450551,34,31,ENABLE
1785583361.5739033,0.12340733958953187,-1.1318681318681314,0.5318681318681335,34,31,ENABLE
1785583361.578875,0.11844815747310555,-1.0659340659340657,0.5054945054945073,34,31,ENABLE
1785583361.583819,0.11348897535667923,-1.021978021978022,0.4879120879120862,34,31,ENABLE
1785583361.5888178,0.1077668421454181,-1.0439560439560438,0.4791208791208774,34,31,ENABLE
1785583361.5938685,0.10280766002899178,-1.0439560439560438,0.4791208791208774,34,31,ENABLE
1785583361.5988185,0.09746700236514805,-1.0439560439560438,0.4879120879120862,34,31,ENABLE
1785583361.6038184,0.09174486915388691,-1.0879120879120876,0.5054945054945073,34,31,ENABLE
1785583361.6088178,0.08640421149004318,-1.0879120879120876,0.5318681318681335,34,31,ENABLE
1785583361.6138308,0.08182650492103427,-1.021978021978022,0.5406593406593423,34,31,ENABLE
1785583361.6188219,0.07686732280460795,-0.9780219780219781,0.49670329670329494,34,31,ENABLE
1785583361.6238205,0.07228961623559904,-0.9340659340659343,0.45274725274725114,34,31,ENABLE
1785583361.6288176,0.06809338521400754,-0.8681318681318686,0.3912087912087898,34,31,ENABLE
1785583361.6339133,0.06427862973983345,-0.8461538461538467,0.3296703296703285,34,31,ENABLE
1785583361.6388345,0.060463874265659356,-0.8021978021978029,0.27692307692307594,34,31,ENABLE
1785583361.6438217,0.057030594338902674,-0.7362637362637372,0.20659340659340586,34,31,ENABLE
1785583361.6488786,0.05359731441214599,-0.6923076923076934,0.13626373626373578,34,31,ENABLE
1785583361.653865,0.05054551003280672,-0.6483516483516496,0.07472527472527446,34,31,ENABLE
1785583361.6588306,0.047112230106050035,-0.6703296703296715,0.03076923076923066,34,31,ENABLE
1785583361.6639311,0.04406042572671076,-0.6923076923076934,-0.03956043956043942,34,31,ENABLE
1785583361.668884,0.04100862134737149,-0.6263736263736277,-0.1098901098901095,34,31,ENABLE
1785583361.673901,0.03833829251544962,-0.560439560439562,-0.17142857142857082,34,31,ENABLE
1785583361.6788218,0.03566796368352776,-0.5824175824175839,-0.2417582417582409,34,31,ENABLE
1785583361.6838253,0.03452353704127553,-0.3186813186813211,-0.4175824175824161,34,31,ENABLE
1785583361.6888196,0.032997634851605895,-0.340659340659343,-0.5758241758241773,34,31,ENABLE
1785583361.6938207,0.03109025711451885,-0.3626373626373649,-0.6725274725274737,34,31,ENABLE
1785583361.698885,0.028801403830014394,-0.4505494505494525,-0.7516483516483525,34,31,ENABLE
1785583361.7038774,0.026894026092927348,-0.4065934065934087,-0.7956043956043963,34,31,ENABLE
1785583361.7088182,0.024223697261005483,-0.5164835164835182,-0.8307692307692314,34,31,ENABLE
1785583361.7138202,0.022316319523918438,-0.4285714285714306,-0.8923076923076927,34,31,ENABLE
1785583361.718828,0.020027466239413982,-0.4285714285714306,-0.9626373626373628,34,31,ENABLE
1785583361.723819,0.018883039597161755,-0.3186813186813211,-1.0857142857142854,34,31,ENABLE
1785583361.7288182,0.018120088502326936,-0.2307692307692335,-1.243956043956043,34,31,ENABLE
1785583361.7338798,0.017738612954909527,-0.1648351648351678,-1.393406593406592,34,31,ENABLE
1785583361.7388291,0.01697566186007471,-0.1428571428571459,-1.5516483516483532,34,31,ENABLE
1785583361.7438242,0.01697566186007471,-0.0989010989011021,-1.6747252747252759,34,31,ENABLE
1785583361.7488692,0.0165941863126573,-0.0769230769230802,-1.815384615384616,34,31,ENABLE
1785583361.7538724,0.01621271076523989,-0.0769230769230802,-1.9120879120879124,34,31,ENABLE
1785583361.7588916,0.015449759670405072,-0.0989010989011021,-2.0263736263736263,34,31,ENABLE
1785583361.7638903,0.015068284122987663,-0.120879120879124,-2.105494505494505,34,31,ENABLE
1785583361.7719018,0.013542381933318026,-0.2087912087912116,-2.175824175824175,34,31,ENABLE
1785583361.7754898,0.01201647974364839,-0.2527472527472554,-2.2021978021978015,34,31,ENABLE
1785583361.7803183,0.011253528648813571,-0.2307692307692335,-2.254945054945056,34,31,ENABLE
1785583361.7882645,0.008201724269474298,-0.3626373626373649,-2.2989010989010996,34,31,ENABLE
1785583361.7906199,0.007820248722056888,-0.3186813186813211,-2.2989010989010996,34,31,ENABLE
1785583361.7932684,0.00705729762722207,-0.2967032967032992,-2.3340659340659347,34,31,ENABLE
1785583361.7992468,0.004386968795300206,-0.4505494505494525,-2.395604395604396,34,31,ENABLE
1785583361.8035018,0.0024795910582131597,-0.4065934065934087,-2.4131868131868135,34,31,ENABLE
1785583361.8084793,0.0001907377737087046,-0.4725274725274744,-2.465934065934066,34,31,ENABLE
1785583361.8134878,-0.0017166399633783413,-0.4065934065934087,-2.50989010989011,34,31,ENABLE
1785583361.818968,-0.0036240177004653873,-0.4065934065934087,-2.5890109890109887,34,31,ENABLE
1785583361.8240318,-0.004386968795300206,-0.2527472527472554,-2.6769230769230763,34,31,ENABLE
1785583361.8290968,-0.006294346532387252,-0.3186813186813211,-2.7648351648351657,34,31,ENABLE
1785583361.834101,-0.008201724269474298,-0.3626373626373649,-2.8087912087912095,34,31,ENABLE
1785583361.83887,-0.009727626459143934,-0.3626373626373649,-2.8439560439560445,34,31,ENABLE
1785583361.8438582,-0.012397955291065799,-0.4505494505494525,-2.870329670329671,34,31,ENABLE
1785583361.8488667,-0.014305333028152845,-0.4065934065934087,-2.905494505494506,34,31,ENABLE
1785583361.8538804,-0.0165941863126573,-0.4505494505494525,-2.931868131868132,34,31,ENABLE
1785583361.8588772,-0.018883039597161755,-0.4725274725274744,-2.9230769230769234,34,31,ENABLE
1785583361.8639224,-0.02193484397650103,-0.5824175824175839,-2.8791208791208796,34,31,ENABLE
1785583361.868822,-0.02574959945067512,-0.7142857142857153,-2.8087912087912095,34,31,ENABLE
1785583361.8738894,-0.03109025711451885,-0.8681318681318686,-2.685714285714285,34,31,ENABLE
1785583361.8788836,-0.03643091477836258,-0.9780219780219781,-2.545054945054945,34,31,ENABLE
1785583361.8838964,-0.042153047989623715,-1.1318681318681314,-2.4043956043956047,34,31,ENABLE
1785583361.888909,-0.04863813229571967,-1.219780219780219,-2.2373626373626365,34,31,ENABLE
1785583361.8938415,-0.05550469214923304,-1.3516483516483504,-2.0527472527472526,34,31,ENABLE
1785583361.8988254,-0.06389715419241604,-1.5494505494505475,-1.7978021978021985,34,31,ENABLE
1785583361.903825,-0.07305256733043386,-1.7472527472527446,-1.5516483516483532,34,31,ENABLE
1785583361.9088733,-0.08106355382619945,-1.659340659340657,-1.3670329670329657,34,31,ENABLE
1785583361.9138277,-0.08907454032196505,-1.6153846153846132,-1.243956043956043,34,31,ENABLE
1785583361.9188256,-0.09670405127031323,-1.5714285714285694,-1.1648351648351642,34,31,ENABLE
1785583361.9238307,-0.10471503776607882,-1.5934065934065913,-1.0505494505494504,34,31,ENABLE
1785583361.9288251,-0.11348897535667923,-1.7032967032967008,-0.9010989010989015,34,31,ENABLE
1785583361.9338524,-0.12264438849469705,-1.8131868131868103,-0.6989010989011,34,31,ENABLE
1785583361.938822,-0.1333257038223845,-2.0329670329670364,-0.4351648351648336,34,31,ENABLE
1785583361.943822,-0.14362554360265456,-2.098901098901102,-0.20659340659340586,34,31,ENABLE
1785583361.9488902,-0.1531624322880898,-1.9450549450549417,-0.03956043956043942,34,31,ENABLE
1785583361.9538624,-0.16079194323643797,-1.681318681318679,0.03956043956043942,34,31,ENABLE
1785583361.9588265,-0.1703288319218732,-1.8351648351648322,0.18901098901098834,34,31,ENABLE
1785583361.963823,-0.18139162279697807,-2.07692307692308,0.40879120879120734,34,31,ENABLE
1785583361.9689088,-0.18902113374532625,-1.7032967032967008,0.5230769230769248,34,31,ENABLE
1785583361.9739063,-0.19626916914625703,-1.5714285714285694,0.6021978021978036,34,31,ENABLE
1785583361.9791172,-0.20618753337910967,-1.7472527472527446,0.7428571428571438,34,31,ENABLE
1785583361.9838812,-0.21496147096971008,-1.8131868131868103,0.9098901098901102,34,31,ENABLE
1785583361.9888923,-0.22335393301289308,-1.7032967032967008,1.0593406593406591,34,31,ENABLE
1785583361.993884,-0.23098344396124126,-1.6153846153846132,1.1912087912087905,34,31,ENABLE
1785583361.9988365,-0.23937590600442427,-1.637362637362635,1.3054945054945044,34,31,ENABLE
1785583362.003833,-0.24662394140535504,-1.5714285714285694,1.3670329670329657,34,31,ENABLE
1785583362.0088677,-0.25234607461661795,-1.3296703296703285,1.393406593406592,34,31,ENABLE
1785583362.0138595,-0.2580682078278791,-1.197802197802197,1.3758241758241745,34,31,ENABLE
1785583362.0189104,-0.26379034103914023,-1.1538461538461533,1.393406593406592,34,31,ENABLE
1785583362.0238645,-0.26836804760814914,-1.0439560439560438,1.3846153846153832,34,31,ENABLE
1785583362.0288692,-0.27256427862974064,-0.8901098901098905,1.3670329670329657,34,31,ENABLE
1785583362.0338717,-0.2756160830090799,-0.7142857142857153,1.323076923076922,34,31,ENABLE
1785583362.0388217,-0.27790493629358437,-0.560439560439562,1.2263736263736256,34,31,ENABLE
1785583362.043871,-0.2790493629358366,-0.3626373626373649,1.1208791208791204,34,31,ENABLE
1785583362.0488555,-0.2801937895780888,-0.2307692307692335,0.9978021978021978,34,31,ENABLE
1785583362.053826,-0.2801937895780888,-0.120879120879124,0.8747252747252752,34,31,ENABLE
1785583362.0588806,-0.2798123140306714,0.010989010989014503,0.7780219780219788,34,31,ENABLE
1785583362.0638213,-0.279430838483254,0.0329670329670364,0.6725274725274737,34,31,ENABLE
1785583362.0688994,-0.279430838483254,0.0329670329670364,0.6285714285714299,34,31,ENABLE
1785583362.073871,-0.2790493629358366,0.0329670329670364,0.5934065934065949,34,31,ENABLE
1785583362.078906,-0.2782864118410018,0.0989010989011021,0.5582417582417598,34,31,ENABLE
1785583362.0838652,-0.27752346074616696,0.1648351648351678,0.5230769230769248,34,31,ENABLE
1785583362.0888245,-0.2759975585564973,0.2307692307692335,0.47032967032966866,34,31,ENABLE
1785583362.093822,-0.2744716563668277,0.2527472527472554,0.3912087912087898,34,31,ENABLE
1785583362.0988212,-0.27294575417715805,0.2967032967032992,0.33846153846153726,34,31,ENABLE
1785583362.103881,-0.2706569008926536,0.3846153846153868,0.2593406593406584,34,31,ENABLE
1785583362.1088212,-0.26798657206073173,0.4505494505494525,0.1978021978021971,34,31,ENABLE
1785583362.1138191,-0.2660791943236447,0.4065934065934087,0.1538461538461533,34,31,ENABLE
1785583362.1188672,-0.26455329213397505,0.3846153846153868,0.12747252747252702,34,31,ENABLE
1785583362.1239018,-0.262645914396888,0.3626373626373649,0.1098901098901095,34,31,ENABLE
1785583362.1288311,-0.26073853665980096,0.3846153846153868,0.1098901098901095,34,31,ENABLE
1785583362.1338253,-0.2592126344701313,0.3186813186813211,0.1098901098901095,34,31,ENABLE
1785583362.1388228,-0.2576867322804617,0.2967032967032992,0.11868131868131826,34,31,ENABLE
1785583362.1438487,-0.25616083009079205,0.3186813186813211,0.13626373626373578,34,31,ENABLE
1785583362.1488566,-0.2546349279011224,0.3186813186813211,0.14505494505494454,34,31,ENABLE
1785583362.1538255,-0.2531090257114528,0.2967032967032992,0.16263736263736206,34,31,ENABLE
1785583362.1588387,-0.25158312352178314,0.2747252747252773,0.17142857142857082,34,31,ENABLE
1785583362.163949,-0.24967574578469431,0.2747252747252773,0.18021978021977958,34,31,ENABLE
1785583362.1688097,-0.24776836804760727,0.340659340659343,0.18021978021977958,34,31,ENABLE
1785583362.1737578,-0.2450980392156854,0.4725274725274744,0.13626373626373578,34,31,ENABLE
1785583362.1788318,-0.24204623483634613,0.560439560439562,0.0659340659340657,34,31,ENABLE
1785583362.1838748,-0.23937590600442427,0.5384615384615401,0.0219780219780219,34,31,ENABLE
1785583362.1889193,-0.2370870527199198,0.4725274725274744,0.01318681318681314,34,31,ENABLE
1785583362.1938772,-0.23479819943541536,0.4725274725274744,0.01318681318681314,34,31,ENABLE
1785583362.1988251,-0.23174639505607608,0.560439560439562,-0.00439560439560438,34,31,ENABLE
1785583362.203825,-0.227931639581902,0.6703296703296715,-0.04835164835164818,34,31,ENABLE
1785583362.2089443,-0.22487983520256272,0.6263736263736277,-0.08351648351648322,34,31,ENABLE
1785583362.2138808,-0.22259098191805826,0.5164835164835182,-0.09230769230769198,34,31,ENABLE
1785583362.2188702,-0.219539177538719,0.560439560439562,-0.07472527472527446,34,31,ENABLE
1785583362.2238688,-0.21648737315937971,0.6043956043956058,-0.0659340659340657,34,31,ENABLE
1785583362.2288213,-0.21381704432745785,0.4945054945054963,-0.04835164835164818,34,31,ENABLE
1785583362.2338266,-0.2115281910429534,0.4945054945054963,0.00439560439560438,34,31,ENABLE
1785583362.2388265,-0.20962081330586635,0.4285714285714306,0.04835164835164818,34,31,ENABLE
1785583362.2438214,-0.20656900892652708,0.5384615384615401,0.0659340659340657,34,31,ENABLE
1785583362.2488816,-0.2035172045471878,0.560439560439562,0.09230769230769198,34,31,ENABLE
1785583362.253874,-0.20199130235751817,0.4285714285714306,0.1098901098901095,34,31,ENABLE
1785583362.2588236,-0.1989394979781789,0.5164835164835182,0.14505494505494454,34,31,ENABLE
1785583362.2638178,-0.19665064469367444,0.4945054945054963,0.18021978021977958,34,31,ENABLE
1785583362.2688699,-0.19436179140916998,0.4505494505494525,0.22417582417582338,34,31,ENABLE
1785583362.2739527,-0.19359884031433516,0.2527472527472554,0.347252747252746,34,31,ENABLE
1785583362.2788305,-0.19207293812466553,0.2747252747252773,0.4791208791208774,34,31,ENABLE
1785583362.2838213,-0.1905470359349959,0.2747252747252773,0.5670329670329686,34,31,ENABLE
1785583362.2888212,-0.18902113374532625,0.2747252747252773,0.6373626373626387,34,31,ENABLE
1785583362.293909,-0.1863508049134044,0.4505494505494525,0.6461538461538474,34,31,ENABLE
1785583362.2988307,-0.18406195162889993,0.4725274725274744,0.6373626373626387,34,31,ENABLE
1785583362.3038218,-0.18139162279697807,0.4725274725274744,0.6373626373626387,34,31,ENABLE
1785583362.3088238,-0.17986572060730843,0.3626373626373649,0.734065934065935,34,31,ENABLE
1785583362.3138752,-0.1783398184176388,0.3186813186813211,0.8219780219780226,34,31,ENABLE
1785583362.3188374,-0.17605096513313434,0.4065934065934087,0.8835164835164839,34,31,ENABLE
1785583362.3237534,-0.17376211184862989,0.4285714285714306,0.9274725274725277,34,31,ENABLE
1785583362.329012,-0.17147325856412543,0.4505494505494525,0.953846153846154,34,31,ENABLE
1785583362.3338828,-0.16803997863736875,0.5824175824175839,0.918681318681319,34,31,ENABLE
1785583362.3389118,-0.16498817425802947,0.6263736263736277,0.9010989010989015,34,31,ENABLE
1785583362.3438234,-0.16117341878385538,0.7142857142857153,0.8659340659340664,34,31,ENABLE
1785583362.3489022,-0.15697718776226388,0.7582417582417591,0.8483516483516489,34,31,ENABLE
1785583362.3538296,-0.15278095674067238,0.8461538461538467,0.8131868131868139,34,31,ENABLE
1785583362.3588648,-0.14820325017166347,0.8901098901098905,0.7604395604395613,34,31,ENABLE
1785583362.363825,-0.14248111696040233,0.9560439560439562,0.6813186813186825,34,31,ENABLE
1785583362.3688602,-0.13637750820172378,1.1538461538461533,0.5934065934065949,34,31,ENABLE
1785583362.3738804,-0.13027389944304524,1.1758241758241752,0.4879120879120862,34,31,ENABLE
1785583362.3790965,-0.12340733958953187,1.3076923076923066,0.38241758241758106,34,31,ENABLE
1785583362.3838747,-0.1161593041886011,1.3956043956043942,0.2681318681318672,34,31,ENABLE
1785583362.3888273,-0.10891126878767032,1.439560439560438,0.17142857142857082,34,31,ENABLE
1785583362.393823,-0.10166323338673955,1.3956043956043942,0.08351648351648322,34,31,ENABLE
1785583362.398884,-0.09517814908064359,1.3736263736263723,0.0659340659340657,34,31,ENABLE
1785583362.403823,-0.08983749141679986,1.197802197802197,0.08351648351648322,34,31,ENABLE
1785583362.4088302,-0.08182650492103427,1.439560439560438,0.0219780219780219,34,31,ENABLE
1785583362.4138286,-0.07114518959334681,1.857142857142854,-0.18021978021977958,34,31,ENABLE
1785583362.4188719,-0.06198977645532899,1.857142857142854,-0.40879120879120734,34,31,ENABLE
1785583362.423873,-0.05283436331731117,1.8351648351648322,-0.6197802197802211,34,31,ENABLE
1785583362.4288266,-0.04329747463187594,1.879120879120876,-0.7516483516483525,34,31,ENABLE
1785583362.4338248,-0.03452353704127553,1.7912087912087884,-0.8483516483516489,34,31,ENABLE
1785583362.4388227,-0.02574959945067512,1.7692307692307665,-0.9274725274725277,34,31,ENABLE
1785583362.4438236,-0.01697566186007471,1.7252747252747227,-0.9626373626373628,34,31,ENABLE
1785583362.448877,-0.008201724269474298,1.7692307692307665,-1.024175824175824,34,31,ENABLE
1785583362.4538226,0.0001907377737087046,1.7032967032967008,-1.0769230769230766,34,31,ENABLE
1785583362.4588273,0.007820248722056888,1.6153846153846132,-1.0769230769230766,34,31,ENABLE
1785583362.463867,0.015068284122987663,1.46153846153846,-1.0505494505494504,34,31,ENABLE
1785583362.4688766,0.02193484397650103,1.417582417582416,-1.024175824175824,34,31,ENABLE
1785583362.473818,0.028801403830014394,1.417582417582416,-1.0065934065934066,34,31,ENABLE
1785583362.478822,0.03604943923094517,1.439560439560438,-1.0417582417582416,34,31,ENABLE
1785583362.4838274,0.04329747463187594,1.417582417582416,-1.0593406593406591,34,31,ENABLE
1785583362.4888191,0.05016403448538931,1.3956043956043942,-1.1208791208791204,34,31,ENABLE
1785583362.493819,0.05741206988632008,1.417582417582416,-1.1560439560439555,34,31,ENABLE
1785583362.4988196,0.06427862973983345,1.3956043956043942,-1.1824175824175818,34,31,ENABLE
1785583362.5039217,0.07114518959334681,1.3516483516483504,-1.1999999999999993,34,31,ENABLE
1785583362.508884,0.07763027389944277,1.3076923076923066,-1.2263736263736256,34,31,ENABLE
1785583362.5138235,0.08449683375295614,1.3296703296703285,-1.2351648351648343,34,31,ENABLE
1785583362.5188298,0.09021896696421727,1.197802197802197,-1.2175824175824168,34,31,ENABLE
1785583362.523817,0.09594110017547841,1.1538461538461533,-1.1824175824175818,34,31,ENABLE
1785583362.5289068,0.10128175783932214,1.0439560439560438,-1.138461538461538,34,31,ENABLE
1785583362.5338254,0.10624093995574846,1.0,-1.068131868131868,34,31,ENABLE
1785583362.5388212,0.11081864652475737,0.9780219780219781,-1.0153846153846153,34,31,ENABLE
1785583362.5438218,0.11501487754634887,0.8901098901098905,-0.9362637362637365,34,31,ENABLE
1785583362.5488613,0.11882963302052296,0.8241758241758248,-0.8659340659340664,34,31,ENABLE
1785583362.5538712,0.12264438849469705,0.7582417582417591,-0.7956043956043963,34,31,ENABLE
1785583362.5588222,0.12569619287403633,0.6483516483516496,-0.6901098901098912,34,31,ENABLE
1785583362.5638201,0.12760357061112337,0.4725274725274744,-0.549450549450551,34,31,ENABLE
1785583362.5688698,0.129129472800793,0.340659340659343,-0.3912087912087898,34,31,ENABLE
1785583362.5738235,0.13027389944304524,0.2527472527472554,-0.2417582417582409,34,31,ENABLE
1785583362.5788226,0.13065537499046265,0.1428571428571459,-0.07472527472527446,34,31,ENABLE
1785583362.5838282,0.13065537499046265,0.0549450549450583,0.09230769230769198,34,31,ENABLE
1785583362.588858,0.13141832608529747,0.120879120879124,0.23296703296703214,34,31,ENABLE
1785583362.5938606,0.13218127718013228,0.1428571428571459,0.33846153846153726,34,31,ENABLE
1785583362.5988238,0.13103685053788006,-0.120879120879124,0.5230769230769248,34,31,ENABLE
1785583362.6038222,0.13065537499046265,-0.0989010989011021,0.6813186813186825,34,31,ENABLE
1785583362.6088195,0.13065537499046265,-0.0329670329670364,0.8043956043956051,34,31,ENABLE
1785583362.6138709,0.13103685053788006,0.010989010989014503,0.8923076923076927,34,31,ENABLE
1785583362.6188252,0.13103685053788006,-0.010989010989014503,0.9626373626373628,34,31,ENABLE
1785583362.6238654,0.13103685053788006,-0.010989010989014503,1.0417582417582416,34,31,ENABLE
1785583362.6288226,0.13065537499046265,-0.0769230769230802,1.1560439560439555,34,31,ENABLE
1785583362.6338341,0.12989242389562783,-0.120879120879124,1.2791208791208781,34,31,ENABLE
1785583362.6388216,0.129129472800793,-0.1648351648351678,1.4109890109890095,34,31,ENABLE
1785583362.6438222,0.12760357061112337,-0.2307692307692335,1.560439560439562,34,31,ENABLE
1785583362.648881,0.12607766842145374,-0.3186813186813211,1.7362637362637372,34,31,ENABLE
1785583362.6538675,0.12378881513694928,-0.4065934065934087,1.9120879120879124,34,31,ENABLE
1785583362.6588337,0.12073701075761001,-0.5164835164835182,2.149450549450549,34,31,ENABLE
1785583362.6639113,0.11768520637827073,-0.6043956043956058,2.334065934065933,34,31,ENABLE
1785583362.6688912,0.11577782864118369,-0.4945054945054963,2.439560439560438,34,31,ENABLE
1785583362.6739182,0.11539635309376628,-0.2087912087912116,2.439560439560438,34,31,ENABLE
1785583362.678945,0.1161593041886011,-0.010989010989014503,2.369230769230768,34,31,ENABLE
1785583362.683883,0.11654077973601851,0.0549450549450583,2.298901098901098,34,31,ENABLE
1785583362.6888716,0.11730373083085333,0.0989010989011021,2.263736263736263,34,31,ENABLE
1785583362.6938214,0.11768520637827073,0.0989010989011021,2.2725274725274716,34,31,ENABLE
1785583362.6988225,0.11806668192568814,0.120879120879124,2.2813186813186803,34,31,ENABLE
1785583362.7038724,0.11921110856794037,0.1868131868131897,2.2725274725274716,34,31,ENABLE
1785583362.7088223,0.12149996185244483,0.3186813186813211,2.2285714285714278,34,31,ENABLE
1785583362.7138202,0.12340733958953187,0.340659340659343,2.1670329670329664,34,31,ENABLE
1785583362.7188673,0.12569619287403633,0.4065934065934087,2.114285714285714,34,31,ENABLE
1785583362.7238739,0.12722209506370596,0.3846153846153868,2.07032967032967,34,31,ENABLE
1785583362.7288759,0.12989242389562783,0.4725274725274744,2.0263736263736263,34,31,ENABLE
1785583362.7338264,0.1329442282749671,0.5384615384615401,1.9736263736263737,34,31,ENABLE
1785583362.7388237,0.13561455710688897,0.5384615384615401,1.8857142857142861,34,31,ENABLE
1785583362.7438226,0.13942931258106306,0.6483516483516496,1.7714285714285722,34,31,ENABLE
1785583362.748853,0.14362554360265456,0.7142857142857153,1.630769230769232,34,31,ENABLE
1785583362.753879,0.14782177462424606,0.780219780219781,1.5164835164835182,34,31,ENABLE
1785583362.7588983,0.15278095674067238,0.8901098901098905,1.3670329670329657,34,31,ENABLE
1785583362.7638905,0.1573586633096813,0.9560439560439562,1.243956043956043,34,31,ENABLE
1785583362.7688794,0.1623178454261076,0.9780219780219781,1.1208791208791204,34,31,ENABLE
1785583362.7738245,0.16689555199511652,0.9780219780219781,0.9978021978021978,34,31,ENABLE
1785583362.7788215,0.17223620965896025,0.9340659340659343,0.9010989010989015,34,31,ENABLE
1785583362.7839177,0.17681391622796916,0.9340659340659343,0.8043956043956051,34,31,ENABLE
1785583362.7888281,0.18139162279697807,0.9340659340659343,0.7164835164835175,34,31,ENABLE
1785583362.793871,0.1863508049134044,0.9340659340659343,0.6197802197802211,34,31,ENABLE
1785583362.7988226,0.1909285114824133,0.9340659340659343,0.5230769230769248,34,31,ENABLE
1785583362.8038774,0.1951247425040048,0.9120879120879124,0.4439560439560424,34,31,ENABLE
1785583362.8088694,0.20008392462043112,0.9120879120879124,0.3296703296703285,34,31,ENABLE
1785583362.8138685,0.20504310673685744,0.9340659340659343,0.23296703296703214,34,31,ENABLE
1785583362.8188202,0.20962081330586635,0.9340659340659343,0.13626373626373578,34,31,ENABLE
1785583362.8238742,0.21381704432745785,0.8461538461538467,0.05714285714285694,34,31,ENABLE
1785583362.828828,0.21839475089646676,0.8901098901098905,-0.05714285714285694,34,31,ENABLE
1785583362.8338223,0.2241168841077279,1.0659340659340657,-0.22417582417582338,34,31,ENABLE
1785583362.8388214,0.22907606622415422,1.0439560439560438,-0.3912087912087898,34,31,ENABLE
1785583362.843856,0.23327229724574572,0.8681318681318686,-0.514285714285716,34,31,ENABLE
1785583362.8489187,0.2370870527199198,0.8021978021978029,-0.6021978021978036,34,31,ENABLE
1785583362.8538787,0.2409018081940939,0.7362637362637372,-0.6373626373626387,34,31,ENABLE
1785583362.8588197,0.24433508812085059,0.7362637362637372,-0.7164835164835175,34,31,ENABLE
1785583362.8638184,0.2485313191424421,0.7582417582417591,-0.8219780219780226,34,31,ENABLE
1785583362.8688712,0.25196459906920055,0.7582417582417591,-0.918681318681319,34,31,ENABLE
1785583362.8738685,0.25577935454337464,0.7362637362637372,-1.0153846153846153,34,31,ENABLE
1785583362.878826,0.2592126344701313,0.6703296703296715,-1.138461538461538,34,31,ENABLE
1785583362.8838537,0.2618829633020532,0.5824175824175839,-1.208791208791208,34,31,ENABLE
1785583362.8888254,0.26455329213397505,0.560439560439562,-1.2527472527472518,34,31,ENABLE
1785583362.8938568,0.2664606698710621,0.4285714285714306,-1.287912087912087,34,31,ENABLE
1785583362.8988242,0.26874952315556655,0.4065934065934087,-1.323076923076922,34,31,ENABLE
1785583362.9038842,0.2698939497978188,0.3186813186813211,-1.358241758241757,34,31,ENABLE
1785583362.90885,0.2706569008926536,0.2307692307692335,-1.3670329670329657,34,31,ENABLE
1785583362.91387,0.2714198519874884,0.1648351648351678,-1.3758241758241745,34,31,ENABLE
1785583362.9188693,0.2718013275349058,0.0989010989011021,-1.4021978021978008,34,31,ENABLE
1785583362.9238234,0.27218280308232323,0.0549450549450583,-1.4021978021978008,34,31,ENABLE
1785583362.928857,0.27218280308232323,-0.010989010989014503,-1.428571428571427,34,31,ENABLE
1785583362.933829,0.2718013275349058,-0.0549450549450583,-1.4373626373626358,34,31,ENABLE
1785583362.9388218,0.271038376440071,-0.0989010989011021,-1.4549450549450533,34,31,ENABLE
1785583362.943825,0.2702754253452362,-0.1648351648351678,-1.4549450549450533,34,31,ENABLE
1785583362.9489734,0.26951247425040137,-0.1648351648351678,-1.4725274725274708,34,31,ENABLE
1785583362.953902,0.26798657206073173,-0.2087912087912116,-1.4813186813186796,34,31,ENABLE
1785583362.958882,0.2660791943236447,-0.3626373626373649,-1.463736263736262,34,31,ENABLE
1785583362.9638326,0.26379034103914023,-0.4065934065934087,-1.4197802197802183,34,31,ENABLE
1785583362.9688544,0.26112001220721837,-0.5164835164835182,-1.3758241758241745,34,31,ENABLE
1785583362.973879,0.2576867322804617,-0.6263736263736277,-1.3142857142857132,34,31,ENABLE
1785583362.9788752,0.2538719768062876,-0.7142857142857153,-1.2263736263736256,34,31,ENABLE
1785583362.983823,0.2492942702372769,-0.8241758241758248,-1.1208791208791204,34,31,ENABLE
1785583362.9888692,0.244716563668268,-0.9340659340659343,-1.024175824175824,34,31,ENABLE
1785583362.9938762,0.23937590600442427,-1.0,-0.9098901098901102,34,31,ENABLE
1785583362.998822,0.23365377279316313,-1.0879120879120876,-0.8131868131868139,34,31,ENABLE
1785583363.0038302,0.22755016403448458,-1.197802197802197,-0.6989010989011,34,31,ENABLE
1785583363.0088222,0.22106507972838862,-1.2637362637362628,-0.5846153846153861,34,31,ENABLE
1785583363.0139258,0.21419851987487526,-1.3296703296703285,-0.4791208791208774,34,31,ENABLE
1785583363.0188954,0.20695048447394448,-1.417582417582416,-0.3560439560439548,34,31,ENABLE
1785583363.023823,0.1993209735255963,-1.46153846153846,-0.2417582417582409,34,31,ENABLE
1785583363.0288634,0.19207293812466553,-1.5054945054945037,-0.14505494505494454,34,31,ENABLE
1785583363.033879,0.18520637827115216,-1.439560439560438,-0.07472527472527446,34,31,ENABLE
1785583363.0389225,0.1783398184176388,-1.3296703296703285,-0.0659340659340657,34,31,ENABLE
1785583363.0438323,0.17185473411154284,-1.3296703296703285,-0.03956043956043942,34,31,ENABLE
1785583363.0488532,0.1623178454261076,-1.659340659340657,0.0659340659340657,34,31,ENABLE
1785583363.0538704,0.1535439078355072,-1.7912087912087884,0.2681318681318672,34,31,ENABLE
1785583363.0588799,0.1451514457923242,-1.7692307692307665,0.4615384615384599,34,31,ENABLE
1785583363.06387,0.13637750820172378,-1.7472527472527446,0.5846153846153861,34,31,ENABLE
1785583363.068822,0.12798504615854078,-1.7032967032967008,0.6461538461538474,34,31,ENABLE
1785583363.0738168,0.11997405966277519,-1.6153846153846132,0.7164835164835175,34,31,ENABLE
1785583363.0788243,0.112344548714427,-1.5934065934065913,0.7164835164835175,34,31,ENABLE
1785583363.0838196,0.10547798886091364,-1.46153846153846,0.6989010989011,34,31,ENABLE
1785583363.0888202,0.09822995345998287,-1.439560439560438,0.6901098901098912,34,31,ENABLE
1785583363.093819,0.0913633936064695,-1.3956043956043942,0.6813186813186825,34,31,ENABLE
1785583363.098857,0.08487830930037354,-1.3076923076923066,0.6637362637362649,34,31,ENABLE
1785583363.1039176,0.078774700541695,-1.2857142857142847,0.6373626373626387,34,31,ENABLE
1785583363.1088793,0.07305256733043386,-1.197802197802197,0.6021978021978036,34,31,ENABLE
1785583363.113873,0.06733043411917272,-1.197802197802197,0.5670329670329686,34,31,ENABLE
1785583363.1188285,0.061608300907911584,-1.1538461538461533,0.5406593406593423,34,31,ENABLE
1785583363.1238666,0.055886167696650446,-1.1538461538461533,0.514285714285716,34,31,ENABLE
1785583363.1288226,0.05092698558022413,-1.0659340659340657,0.47032967032966866,34,31,ENABLE
1785583363.13382,0.046349279011215216,-1.0,0.4175824175824161,34,31,ENABLE
1785583363.1388245,0.041771572442206306,-0.8901098901098905,0.347252747252746,34,31,ENABLE
1785583363.1438763,0.037956816968032214,-0.8241758241758248,0.2681318681318672,34,31,ENABLE
1785583363.148882,0.03452353704127553,-0.7142857142857153,0.16263736263736206,34,31,ENABLE
1785583363.1538222,0.03147173266193626,-0.6703296703296715,0.03956043956043942,34,31,ENABLE
1785583363.1588287,0.028801403830014394,-0.5824175824175839,-0.09230769230769198,34,31,ENABLE
1785583363.163934,0.02613107499809253,-0.5164835164835182,-0.20659340659340586,34,31,ENABLE
1785583363.1688824,0.022316319523918438,-0.7142857142857153,-0.2417582417582409,34,31,ENABLE
1785583363.1738672,0.017357137407492118,-0.8901098901098905,-0.21538461538461462,34,31,ENABLE
1785583363.1788719,0.014305333028152845,-0.6923076923076934,-0.2681318681318672,34,31,ENABLE
1785583363.1838717,0.012397955291065799,-0.4945054945054963,-0.38241758241758106,34,31,ENABLE
1785583363.1888714,0.010490577553978753,-0.4285714285714306,-0.549450549450551,34,31,ENABLE
1785583363.1938186,0.008201724269474298,-0.4505494505494525,-0.6901098901098912,34,31,ENABLE
1785583363.1988232,0.007438773174639479,-0.2967032967032992,-0.8747252747252752,34,31,ENABLE
1785583363.203859,0.00705729762722207,-0.1428571428571459,-1.0857142857142854,34,31,ENABLE
1785583363.2088218,0.006675822079804661,-0.0769230769230802,-1.2791208791208781,34,31,ENABLE
1785583363.2138212,0.006675822079804661,-0.0329670329670364,-1.4725274725274708,34,31,ENABLE
1785583363.2188206,0.006675822079804661,-0.0329670329670364,-1.630769230769232,34,31,ENABLE
1785583363.2239017,0.006675822079804661,-0.010989010989014503,-1.780219780219781,34,31,ENABLE
1785583363.22887,0.006675822079804661,-0.010989010989014503,-1.9208791208791212,34,31,ENABLE
1785583363.2338805,0.006675822079804661,-0.0329670329670364,-2.035164835164835,34,31,ENABLE
1785583363.2388725,0.006294346532387252,-0.0549450549450583,-2.1230769230769226,34,31,ENABLE
1785583363.2439048,0.005912870984969842,-0.0989010989011021,-2.219780219780219,34,31,ENABLE
1785583363.2488909,0.005149919890135024,-0.120879120879124,-2.281318681318682,34,31,ENABLE
1785583363.2538254,0.004386968795300206,-0.1428571428571459,-2.351648351648352,34,31,ENABLE
1785583363.2588227,0.0036240177004653873,-0.1428571428571459,-2.430769230769231,34,31,ENABLE
1785583363.2638197,0.0024795910582131597,-0.2087912087912116,-2.50989010989011,34,31,ENABLE
1785583363.2688773,0.000953688868543523,-0.3186813186813211,-2.5626373626373624,34,31,ENABLE
1785583363.2738683,-0.0001907377737087046,-0.2527472527472554,-2.615384615384615,34,31,ENABLE
1785583363.2788234,-0.0005722133211261138,-0.120879120879124,-2.7472527472527464,34,31,ENABLE
1785583363.2838187,-0.0005722133211261138,-0.0549450549450583,-2.8879120879120883,34,31,ENABLE
1785583363.2888212,-0.0017166399633783413,-0.1648351648351678,-2.975824175824176,34,31,ENABLE
1785583363.2938547,-0.0036240177004653873,-0.3186813186813211,-3.002197802197802,34,31,ENABLE
1785583363.2988212,-0.005149919890135024,-0.3186813186813211,-2.9846153846153847,34,31,ENABLE
1785583363.3038213,-0.00705729762722207,-0.3846153846153868,-3.0197802197802197,34,31,ENABLE
1785583363.3088555,-0.008201724269474298,-0.2747252747252773,-3.081318681318681,34,31,ENABLE
1785583363.3138208,-0.009346150911726525,-0.2527472527472554,-3.1692307692307686,34,31,ENABLE
1785583363.318823,-0.01163500419623098,-0.3846153846153868,-3.221978021978021,34,31,ENABLE
1785583363.3238173,-0.013923857480735435,-0.4065934065934087,-3.2043956043956037,34,31,ENABLE
1785583363.3288562,-0.017357137407492118,-0.6043956043956058,-3.1340659340659336,34,31,ENABLE
1785583363.3338995,-0.02155336842908362,-0.7362637362637372,-3.0373626373626372,34,31,ENABLE
1785583363.3389225,-0.02574959945067512,-0.8461538461538467,-2.9142857142857146,34,31,ENABLE
1785583363.3438876,-0.03109025711451885,-1.0,-2.8000000000000007,34,31,ENABLE
1785583363.348932,-0.03681239032577999,-1.0879120879120876,-2.6593406593406588,34,31,ENABLE
1785583363.3539062,-0.04329747463187594,-1.241758241758241,-2.501098901098901,34,31,ENABLE
1785583363.358975,-0.05016403448538931,-1.3296703296703285,-2.3428571428571434,34,31,ENABLE
1785583363.3638666,-0.05779354543373749,-1.439560439560438,-2.1318681318681314,34,31,ENABLE
1785583363.36905,-0.0661860074769205,-1.5714285714285694,-1.9208791208791212,34,31,ENABLE
1785583363.374217,-0.0749599450675209,-1.7032967032967008,-1.6747252747252759,34,31,ENABLE
1785583363.378891,-0.08335240711070391,-1.7692307692307665,-1.5076923076923094,34,31,ENABLE
1785583363.3837621,-0.09327077134355655,-1.9670329670329636,-1.2175824175824168,34,31,ENABLE
1785583363.3887925,-0.103952086671244,-2.0549450549450583,-0.9714285714285715,34,31,ENABLE
1785583363.3938727,-0.11425192645151405,-2.0549450549450583,-0.7428571428571438,34,31,ENABLE
1785583363.398805,-0.1245517662317841,-2.0329670329670364,-0.5582417582417598,34,31,ENABLE
1785583363.4038026,-0.13447013046463674,-2.0549450549450583,-0.38241758241758106,34,31,ENABLE
1785583363.4088042,-0.1451514457923242,-2.120879120879124,-0.1978021978021971,34,31,ENABLE
1785583363.4138932,-0.15506981002517684,-2.0329670329670364,-0.07472527472527446,34,31,ENABLE
1785583363.418839,-0.16308079652094243,-1.7912087912087884,0.00439560439560438,34,31,ENABLE
1785583363.4238029,-0.17261768520637766,-1.8351648351648322,0.11868131868131826,34,31,ENABLE
1785583363.4287972,-0.1829175249866477,-2.0549450549450583,0.312087912087911,34,31,ENABLE
1785583363.433792,-0.19169146257724812,-1.879120879120876,0.4879120879120862,34,31,ENABLE
1785583363.4388044,-0.20199130235751817,-1.9230769230769198,0.7076923076923087,34,31,ENABLE
1785583363.4438,-0.21381704432745785,-2.2527472527472554,1.0065934065934066,34,31,ENABLE
1785583363.4488032,-0.2244983596551453,-2.2307692307692335,1.2703296703296694,34,31,ENABLE
1785583363.4537966,-0.2328908216983283,-1.879120879120876,1.4197802197802183,34,31,ENABLE
1785583363.4587972,-0.24204623483634613,-1.8351648351648322,1.5428571428571445,34,31,ENABLE
1785583363.463801,-0.2504386968795309,-1.7472527472527446,1.5868131868131883,34,31,ENABLE
1785583363.4688056,-0.2576867322804617,-1.5714285714285694,1.630769230769232,34,31,ENABLE
1785583363.4737926,-0.26493476768139246,-1.5054945054945037,1.6923076923076934,34,31,ENABLE
1785583363.4787924,-0.2718013275349058,-1.439560439560438,1.7274725274725284,34,31,ENABLE
1785583363.4838083,-0.27790493629358437,-1.3076923076923066,1.7714285714285722,34,31,ENABLE
1785583363.4888008,-0.28210116731517587,-1.0,1.709890109890111,34,31,ENABLE
1785583363.4937868,-0.28553444724193255,-0.8241758241758248,1.6219780219780233,34,31,ENABLE
1785583363.4987948,-0.28896772716868924,-0.7142857142857153,1.5692307692307708,34,31,ENABLE
1785583363.5038025,-0.2912565804531937,-0.560439560439562,1.5076923076923094,34,31,ENABLE
1785583363.5087988,-0.29278248264286333,-0.3626373626373649,1.3846153846153832,34,31,ENABLE
1785583363.5138736,-0.29354543373769815,-0.2527472527472554,1.287912087912087,34,31,ENABLE
1785583363.5188706,-0.29392690928511556,-0.120879120879124,1.1999999999999993,34,31,ENABLE
1785583363.523795,-0.29392690928511556,-0.0549450549450583,1.1120879120879117,34,31,ENABLE
1785583363.5287979,-0.29316395819028074,0.0549450549450583,1.0329670329670328,34,31,ENABLE
1785583363.5337842,-0.29278248264286333,0.0989010989011021,0.9626373626373628,34,31,ENABLE
1785583363.538789,-0.2920195315480285,0.1428571428571459,0.918681318681319,34,31,ENABLE
1785583363.5437899,-0.2912565804531937,0.1648351648351678,0.8659340659340664,34,31,ENABLE
1785583363.548807,-0.28934920271610665,0.2527472527472554,0.8043956043956051,34,31,ENABLE
1785583363.5537925,-0.2870603494316022,0.4065934065934087,0.734065934065935,34,31,ENABLE
1785583363.5588021,-0.28553444724193255,0.340659340659343,0.6637362637362649,34,31,ENABLE
1785583363.5637891,-0.2824826428625933,0.5164835164835182,0.5670329670329686,34,31,ENABLE
1785583363.5688007,-0.2790493629358366,0.6483516483516496,0.4615384615384599,34,31,ENABLE
1785583363.5737948,-0.2752346074616625,0.6923076923076934,0.3560439560439548,34,31,ENABLE
1785583363.578792,-0.2718013275349058,0.6703296703296715,0.2681318681318672,34,31,ENABLE
1785583363.5838726,-0.26836804760814914,0.7142857142857153,0.1978021978021971,34,31,ENABLE
1785583363.5889144,-0.26455329213397505,0.6923076923076934,0.1538461538461533,34,31,ENABLE
1785583363.5938044,-0.26112001220721837,0.6923076923076934,0.1098901098901095,34,31,ENABLE
1785583363.598799,-0.2576867322804617,0.6923076923076934,0.07472527472527446,34,31,ENABLE
1785583363.6037908,-0.2550164034485398,0.6043956043956058,0.08351648351648322,34,31,ENABLE
1785583363.6087673,-0.25234607461661795,0.5164835164835182,0.11868131868131826,34,31,ENABLE
1785583363.6138074,-0.2504386968795309,0.4505494505494525,0.16263736263736206,34,31,ENABLE
1785583363.6187894,-0.24776836804760727,0.4725274725274744,0.21538461538461462,34,31,ENABLE
1785583363.6237886,-0.2450980392156854,0.4945054945054963,0.23296703296703214,34,31,ENABLE
1785583363.628781,-0.24166475928892872,0.6263736263736277,0.18901098901098834,34,31,ENABLE
1785583363.6338012,-0.23746852826733722,0.7582417582417591,0.12747252747252702,34,31,ENABLE
1785583363.6387923,-0.2328908216983283,0.8241758241758248,0.03076923076923066,34,31,ENABLE
1785583363.6437845,-0.2286945906767368,0.8461538461538467,-0.03956043956043942,34,31,ENABLE
1785583363.6487992,-0.2241168841077279,0.8681318681318686,-0.10109890109890074,34,31,ENABLE
1785583363.653805,-0.219539177538719,0.8901098901098905,-0.14505494505494454,34,31,ENABLE
1785583363.6587975,-0.2153429465171275,0.9120879120879124,-0.18901098901098834,34,31,ENABLE
1785583363.66381,-0.21114671549553599,0.8681318681318686,-0.1978021978021971,34,31,ENABLE
1785583363.6687942,-0.2073319600213619,0.8021978021978029,-0.18901098901098834,34,31,ENABLE
1785583363.6738465,-0.2031357289997704,0.8241758241758248,-0.16263736263736206,34,31,ENABLE
1785583363.6787982,-0.1993209735255963,0.8021978021978029,-0.14505494505494454,34,31,ENABLE
1785583363.683787,-0.19588769359883962,0.7362637362637372,-0.11868131868131826,34,31,ENABLE
1785583363.6887834,-0.19245441367208294,0.6703296703296715,-0.08351648351648322,34,31,ENABLE
1785583363.69377,-0.18940260929274366,0.6263736263736277,-0.03076923076923066,34,31,ENABLE
1785583363.6987932,-0.18596932936598698,0.6483516483516496,0.0219780219780219,34,31,ENABLE
1785583363.7038739,-0.1825360494392303,0.6923076923076934,0.0659340659340657,34,31,ENABLE
1785583363.7088957,-0.17910276951247361,0.6703296703296715,0.10109890109890074,34,31,ENABLE
1785583363.7137976,-0.17643244068055175,0.6043956043956058,0.13626373626373578,34,31,ENABLE
1785583363.7187967,-0.17376211184862989,0.560439560439562,0.1978021978021971,34,31,ENABLE
1785583363.7240067,-0.17185473411154284,0.3846153846153868,0.3296703296703285,34,31,ENABLE
1785583363.7287931,-0.1699473563744558,0.4065934065934087,0.4439560439560424,34,31,ENABLE
1785583363.733805,-0.16727702754253393,0.4725274725274744,0.5406593406593423,34,31,ENABLE
1785583363.738899,-0.16498817425802947,0.4505494505494525,0.5934065934065949,34,31,ENABLE
1785583363.7438042,-0.1619363698786902,0.560439560439562,0.6285714285714299,34,31,ENABLE
1785583363.7487993,-0.15926604104676834,0.5384615384615401,0.6725274725274737,34,31,ENABLE
1785583363.7537918,-0.15697718776226388,0.4725274725274744,0.7076923076923087,34,31,ENABLE
1785583363.7588022,-0.1539253833829246,0.6043956043956058,0.76923076923077,34,31,ENABLE
1785583363.7637973,-0.15125505455100274,0.5164835164835182,0.8131868131868139,34,31,ENABLE
1785583363.7687893,-0.14820325017166347,0.560439560439562,0.8307692307692314,34,31,ENABLE
1785583363.7737913,-0.14438849469748938,0.6923076923076934,0.8131868131868139,34,31,ENABLE
1785583363.7787857,-0.13942931258106306,0.8461538461538467,0.7516483516483525,34,31,ENABLE
1785583363.7838056,-0.13408865491721933,0.9340659340659343,0.6725274725274737,34,31,ENABLE
1785583363.7887964,-0.1283665217059582,1.1318681318681314,0.5582417582417598,34,31,ENABLE
1785583363.7938757,-0.12111848630502742,1.2857142857142847,0.42637362637362486,34,31,ENABLE
1785583363.7988682,-0.11387045090409664,1.3956043956043942,0.2857142857142847,34,31,ENABLE
1785583363.8038685,-0.10662241550316587,1.417582417582416,0.18901098901098834,34,31,ENABLE
1785583363.808793,-0.0997558556496525,1.3956043956043942,0.12747252747252702,34,31,ENABLE
1785583363.813794,-0.09327077134355655,1.2857142857142847,0.10109890109890074,34,31,ENABLE
1785583363.8187923,-0.08487830930037354,1.5494505494505475,0.00439560439560438,34,31,ENABLE
1785583363.8237934,-0.07381551842526868,1.9670329670329636,-0.21538461538461462,34,31,ENABLE
1785583363.8288016,-0.06466010528725086,1.901098901098898,-0.4351648351648336,34,31,ENABLE
1785583363.8337874,-0.056649118791485265,1.7032967032967008,-0.5318681318681335,34,31,ENABLE
1785583363.8387873,-0.04863813229571967,1.637362637362635,-0.5670329670329686,34,31,ENABLE
1785583363.8438,-0.04024567025253667,1.637362637362635,-0.5670329670329686,34,31,ENABLE
1785583363.8488,-0.032616159304188486,1.6153846153846132,-0.5670329670329686,34,31,ENABLE
1785583363.8537874,-0.024986648355840302,1.5054945054945037,-0.5758241758241773,34,31,ENABLE
1785583363.858783,-0.018120088502326936,1.417582417582416,-0.549450549450551,34,31,ENABLE
1785583363.8638031,-0.010872053101396162,1.417582417582416,-0.5582417582417598,34,31,ENABLE
1785583363.8688068,-0.003242542153047978,1.5054945054945037,-0.5934065934065949,34,31,ENABLE
1785583363.8737876,0.004768444342717615,1.5714285714285694,-0.6725274725274737,34,31,ENABLE
1785583363.8787875,0.012779430838483208,1.5494505494505475,-0.734065934065935,34,31,ENABLE
1785583363.8837998,0.02040894178683139,1.5494505494505475,-0.76923076923077,34,31,ENABLE
1785583363.8887868,0.028419928282596985,1.5934065934065913,-0.8219780219780226,34,31,ENABLE
1785583363.8938324,0.03681239032577999,1.659340659340657,-0.9450549450549453,34,31,ENABLE
1785583363.8988686,0.046730754558632626,1.8131868131868103,-1.103296703296703,34,31,ENABLE
1785583363.9038584,0.056267643244067855,1.879120879120876,-1.2351648351648343,34,31,ENABLE
1785583363.9087954,0.06504158083466827,1.8351648351648322,-1.358241758241757,34,31,ENABLE
1785583363.913794,0.07381551842526868,1.7912087912087884,-1.4461538461538446,34,31,ENABLE
1785583363.9187925,0.08220798046845168,1.681318681318679,-1.4725274725274708,34,31,ENABLE
1785583363.9237862,0.09021896696421727,1.637362637362635,-1.4813186813186796,34,31,ENABLE
1785583363.9288146,0.09784847791256546,1.5274725274725256,-1.4549450549450533,34,31,ENABLE
1785583363.9337993,0.10433356221866141,1.3956043956043942,-1.3846153846153832,34,31,ENABLE
1785583363.9387872,0.11081864652475737,1.3076923076923066,-1.3318681318681307,34,31,ENABLE
1785583363.9437804,0.11654077973601851,1.197802197802197,-1.2527472527472518,34,31,ENABLE
1785583363.9487944,0.12226291294727964,1.1538461538461533,-1.1999999999999993,34,31,ENABLE
1785583363.9537935,0.12684061951628856,1.021978021978022,-1.1120879120879117,34,31,ENABLE
1785583363.9587877,0.13103685053788006,0.8901098901098905,-0.989010989010989,34,31,ENABLE
1785583363.9637861,0.13447013046463674,0.780219780219781,-0.8659340659340664,34,31,ENABLE
1785583363.9688075,0.1371404592965586,0.5824175824175839,-0.7076923076923087,34,31,ENABLE
1785583363.9737945,0.13942931258106306,0.5164835164835182,-0.549450549450551,34,31,ENABLE
1785583363.978786,0.1409552147707327,0.3626373626373649,-0.3736263736263723,34,31,ENABLE
1785583363.9837878,0.1413366903181501,0.1868131868131897,-0.21538461538461462,34,31,ENABLE
1785583363.9887838,0.14209964141298492,0.1428571428571459,-0.03076923076923066,34,31,ENABLE
1785583363.993797,0.14248111696040233,0.0989010989011021,0.12747252747252702,34,31,ENABLE
1785583363.998983,0.14400701915007197,0.2087912087912116,0.21538461538461462,34,31,ENABLE
1785583364.0038042,0.1447699702449068,0.2087912087912116,0.3296703296703285,34,31,ENABLE
1785583364.0088015,0.14324406805523715,-0.120879120879124,0.5054945054945073,34,31,ENABLE
1785583364.0137625,0.14324406805523715,-0.0769230769230802,0.6725274725274737,34,31,ENABLE
1785583364.0187943,0.14248111696040233,-0.0989010989011021,0.8571428571428577,34,31,ENABLE
1785583364.023795,0.1417181658655675,-0.1868131868131897,0.9978021978021978,34,31,ENABLE
1785583364.0287874,0.1413366903181501,-0.1428571428571459,1.1120879120879117,34,31,ENABLE
1785583364.0338068,0.14057373922331529,-0.120879120879124,1.2263736263736256,34,31,ENABLE
1785583364.0388052,0.13981078812848047,-0.1648351648351678,1.3142857142857132,34,31,ENABLE
1785583364.0437927,0.13981078812848047,-0.0769230769230802,1.393406593406592,34,31,ENABLE
1785583364.0488002,0.13981078812848047,-0.0769230769230802,1.4549450549450533,34,31,ENABLE
1785583364.053797,0.13942931258106306,-0.0329670329670364,1.5164835164835182,34,31,ENABLE
1785583364.0588071,0.13904783703364565,-0.0769230769230802,1.6043956043956058,34,31,ENABLE
1785583364.0637867,0.13828488593881083,-0.1428571428571459,1.709890109890111,34,31,ENABLE
1785583364.068792,0.1371404592965586,-0.1868131868131897,1.8329670329670336,34,31,ENABLE
1785583364.0738173,0.13599603265430638,-0.2087912087912116,1.964835164835165,34,31,ENABLE
1785583364.078811,0.1333257038223845,-0.4505494505494525,2.1934065934065927,34,31,ENABLE
1785583364.083801,0.129129472800793,-0.6923076923076934,2.439560439560438,34,31,ENABLE
1785583364.0887918,0.12684061951628856,-0.5824175824175839,2.5978021978021992,34,31,ENABLE
1785583364.0937874,0.12645914396887115,-0.2307692307692335,2.6153846153846168,34,31,ENABLE
1785583364.098793,0.12684061951628856,-0.0329670329670364,2.536263736263738,34,31,ENABLE
1785583364.1037872,0.12722209506370596,0.010989010989014503,2.439560439560438,34,31,ENABLE
1785583364.1087828,0.1283665217059582,0.1428571428571459,2.360439560439559,34,31,ENABLE
1785583364.1137877,0.12951094834821042,0.1868131868131897,2.3076923076923066,34,31,ENABLE
1785583364.1187968,0.13065537499046265,0.2087912087912116,2.263736263736263,34,31,ENABLE
1785583364.123808,0.13218127718013228,0.2747252747252773,2.2373626373626365,34,31,ENABLE
1785583364.1287925,0.13408865491721933,0.3626373626373649,2.1582417582417577,34,31,ENABLE
1785583364.1337824,0.137521934843976,0.5384615384615401,2.035164835164835,34,31,ENABLE
1785583364.1389153,0.14057373922331529,0.5824175824175839,1.9120879120879124,34,31,ENABLE
1785583364.1438675,0.14362554360265456,0.6043956043956058,1.7890109890109898,34,31,ENABLE
1785583364.1488092,0.14744029907682865,0.6923076923076934,1.6835164835164846,34,31,ENABLE
1785583364.1537955,0.15163653009842015,0.7582417582417591,1.5428571428571445,34,31,ENABLE
1785583364.1587987,0.15545128557259424,0.7582417582417591,1.428571428571427,34,31,ENABLE
1785583364.1638026,0.16002899214160315,0.8021978021978029,1.323076923076922,34,31,ENABLE
1785583364.168803,0.16422522316319466,0.8461538461538467,1.2175824175824168,34,31,ENABLE
1785583364.1737907,0.16803997863736875,0.7362637362637372,1.1208791208791204,34,31,ENABLE
1785583364.1787918,0.17223620965896025,0.8021978021978029,1.0329670329670328,34,31,ENABLE
1785583364.1838133,0.17681391622796916,0.8461538461538467,0.9362637362637365,34,31,ENABLE
1785583364.188792,0.18062867170214325,0.8021978021978029,0.8219780219780226,34,31,ENABLE
1785583364.193784,0.18520637827115216,0.8461538461538467,0.7252747252747263,34,31,ENABLE
1785583364.1987848,0.18940260929274366,0.8461538461538467,0.6197802197802211,34,31,ENABLE
1785583364.2038043,0.19359884031433516,0.8461538461538467,0.5054945054945073,34,31,ENABLE
1785583364.2087927,0.19817654688334407,0.8901098901098905,0.38241758241758106,34,31,ENABLE
1785583364.2137678,0.20275425345235298,0.8901098901098905,0.27692307692307594,34,31,ENABLE
1785583364.2187963,0.20656900892652708,0.8681318681318686,0.18021978021977958,34,31,ENABLE
1785583364.2238047,0.21076523994811858,0.8241758241758248,0.08351648351648322,34,31,ENABLE
1785583364.2287884,0.21381704432745785,0.7142857142857153,0.0219780219780219,34,31,ENABLE
1785583364.2337956,0.21763179980163194,0.7142857142857153,-0.07472527472527446,34,31,ENABLE
1785583364.2387946,0.22297245746547567,0.9780219780219781,-0.25054945054944966,34,31,ENABLE
1785583364.2437809,0.22755016403448458,0.9120879120879124,-0.4351648351648336,34,31,ENABLE
1785583364.2488008,0.23136491950865867,0.780219780219781,-0.5934065934065949,34,31,ENABLE
1785583364.253793,0.23556115053025017,0.8241758241758248,-0.7428571428571438,34,31,ENABLE
1785583364.2587857,0.23975738155184168,0.8461538461538467,-0.8659340659340664,34,31,ENABLE
1785583364.2637908,0.24357213702601577,0.780219780219781,-0.989010989010989,34,31,ENABLE
1785583364.2687895,0.24700541695277245,0.7362637362637372,-1.1120879120879117,34,31,ENABLE
1785583364.2737834,0.2504386968795309,0.6703296703296715,-1.208791208791208,34,31,ENABLE
1785583364.2787812,0.2538719768062876,0.6923076923076934,-1.3142857142857132,34,31,ENABLE
1785583364.2837799,0.2573052567330443,0.6263736263736277,-1.4197802197802183,34,31,ENABLE
1785583364.2887936,0.25959411001754873,0.5384615384615401,-1.4901098901098884,34,31,ENABLE
1785583364.293803,0.26112001220721837,0.340659340659343,-1.5076923076923094,34,31,ENABLE
1785583364.2987866,0.2618829633020532,0.2527472527472554,-1.4901098901098884,34,31,ENABLE
1785583364.303787,0.2630273899443054,0.2307692307692335,-1.5076923076923094,34,31,ENABLE
1785583364.3088043,0.26379034103914023,0.1648351648351678,-1.560439560439562,34,31,ENABLE
1785583364.3138022,0.26417181658655764,0.0769230769230802,-1.595604395604397,34,31,ENABLE
1785583364.318893,0.26455329213397505,0.0769230769230802,-1.6395604395604408,34,31,ENABLE
1785583364.3239546,0.26455329213397505,0.010989010989014503,-1.6747252747252759,34,31,ENABLE
1785583364.328611,0.26417181658655764,-0.0329670329670364,-1.7186813186813197,34,31,ENABLE
1785583364.3335803,0.2634088654917228,-0.1428571428571459,-1.7362637362637372,34,31,ENABLE
1785583364.3388886,0.2622644388494706,-0.1648351648351678,-1.7538461538461547,34,31,ENABLE
1785583364.3438733,0.26073853665980096,-0.2747252747252773,-1.745054945054946,34,31,ENABLE
1785583364.3489234,0.2576867322804617,-0.4945054945054963,-1.6923076923076934,34,31,ENABLE
1785583364.353872,0.2550164034485398,-0.560439560439562,-1.6131868131868146,34,31,ENABLE
1785583364.3588011,0.2512016479743657,-0.6703296703296715,-1.5076923076923094,34,31,ENABLE
1785583364.363788,0.24662394140535504,-0.8241758241758248,-1.4197802197802183,34,31,ENABLE
1785583364.3687987,0.24166475928892872,-0.9560439560439562,-1.2967032967032956,34,31,ENABLE
1785583364.373803,0.23556115053025017,-1.1098901098901095,-1.1824175824175818,34,31,ENABLE
1785583364.3788033,0.22983901731898904,-1.1758241758241752,-1.0593406593406591,34,31,ENABLE
1785583364.3837955,0.2237354085603105,-1.197802197802197,-0.9714285714285715,34,31,ENABLE
1785583364.3888013,0.21648737315937971,-1.3736263736263723,-0.8395604395604401,34,31,ENABLE
1785583364.393797,0.20885786221103153,-1.46153846153846,-0.6989010989011,34,31,ENABLE
1785583364.3987942,0.20122835126268335,-1.5494505494505475,-0.5582417582417598,34,31,ENABLE
1785583364.4037905,0.19283588921950034,-1.659340659340657,-0.4175824175824161,34,31,ENABLE
1785583364.4087849,0.18444342717631734,-1.681318681318679,-0.3032967032967022,34,31,ENABLE
1785583364.413787,0.17605096513313434,-1.659340659340657,-0.20659340659340586,34,31,ENABLE
1785583364.4187975,0.16727702754253393,-1.681318681318679,-0.11868131868131826,34,31,ENABLE
1785583364.4238126,0.15850308995193352,-1.7252747252747227,-0.0219780219780219,34,31,ENABLE
1785583364.4287994,0.14744029907682865,-2.0329670329670364,0.16263736263736206,34,31,ENABLE
1785583364.4337938,0.13637750820172378,-2.1868131868131897,0.3999999999999986,34,31,ENABLE
1785583364.4388282,0.12645914396887115,-2.0549450549450583,0.5846153846153861,34,31,ENABLE
1785583364.4437957,0.11692225528343592,-2.0329670329670364,0.7076923076923087,34,31,ENABLE
1785583364.4488032,0.10738536659800069,-1.901098901098898,0.7428571428571438,34,31,ENABLE
1785583364.4537923,0.09899290455481768,-1.7692307692307665,0.7252747252747263,34,31,ENABLE
1785583364.4588058,0.09060044251163468,-1.7472527472527446,0.7164835164835175,34,31,ENABLE
1785583364.463795,0.0829709315632865,-1.637362637362635,0.7076923076923087,34,31,ENABLE
1785583364.4687963,0.07534142061493831,-1.5494505494505475,0.6549450549450562,34,31,ENABLE
1785583364.4737918,0.06809338521400754,-1.46153846153846,0.6373626373626387,34,31,ENABLE
1785583364.478796,0.061226825360494175,-1.3956043956043942,0.5934065934065949,34,31,ENABLE
1785583364.483789,0.05474174105439822,-1.3516483516483504,0.5582417582417598,34,31,ENABLE
1785583364.4887996,0.04825665674830226,-1.3076923076923066,0.5054945054945073,34,31,ENABLE
1785583364.4937997,0.042915999084458534,-1.197802197802197,0.4439560439560424,34,31,ENABLE
1785583364.4988406,0.037956816968032214,-1.021978021978022,0.33846153846153726,34,31,ENABLE
1785583364.5039086,0.032997634851605895,-0.9560439560439562,0.23296703296703214,34,31,ENABLE
1785583364.508849,0.029564354924849212,-0.8021978021978029,0.10109890109890074,34,31,ENABLE
1785583364.513786,0.02651255054550994,-0.7142857142857153,-0.0219780219780219,34,31,ENABLE
1785583364.51879,0.02193484397650103,-0.8241758241758248,-0.09230769230769198,34,31,ENABLE
1785583364.5237942,0.01697566186007471,-0.8901098901098905,-0.14505494505494454,34,31,ENABLE
1785583364.5287673,0.01201647974364839,-0.9780219780219781,-0.1538461538461533,34,31,ENABLE
1785583364.5337937,0.008964675364309116,-0.780219780219781,-0.25054945054944966,34,31,ENABLE
1785583364.5387914,0.007438773174639479,-0.4725274725274744,-0.42637362637362486,34,31,ENABLE
1785583364.5437903,0.006675822079804661,-0.2967032967032992,-0.6989010989011,34,31,ENABLE
1785583364.54881,0.005149919890135024,-0.2967032967032992,-0.9362637362637365,34,31,ENABLE
1785583364.5537765,0.005531395437552433,-0.0769230769230802,-1.1824175824175818,34,31,ENABLE
1785583364.5587847,0.005149919890135024,-0.0549450549450583,-1.393406593406592,34,31,ENABLE
1785583364.5637946,0.005149919890135024,-0.0769230769230802,-1.5780219780219795,34,31,ENABLE
1785583364.5688038,0.005149919890135024,-0.010989010989014503,-1.745054945054946,34,31,ENABLE
1785583364.5737896,0.005149919890135024,-0.0329670329670364,-1.8945054945054949,34,31,ENABLE
1785583364.5787835,0.005149919890135024,-0.010989010989014503,-2.0263736263736263,34,31,ENABLE
1785583364.5838006,0.005149919890135024,-0.010989010989014503,-2.1582417582417577,34,31,ENABLE
1785583364.5887935,0.005149919890135024,-0.0329670329670364,-2.281318681318682,34,31,ENABLE
1785583364.593793,0.004768444342717615,-0.0549450549450583,-2.395604395604396,34,31,ENABLE
1785583364.5987995,0.004768444342717615,-0.0329670329670364,-2.5186813186813186,34,31,ENABLE
1785583364.6038036,0.004768444342717615,-0.0549450549450583,-2.6329670329670325,34,31,ENABLE
1785583364.6087964,0.004386968795300206,-0.0769230769230802,-2.729670329670329,34,31,ENABLE
1785583364.6137695,0.0036240177004653873,-0.0989010989011021,-2.826373626373627,34,31,ENABLE
1785583364.6187856,0.002861066605630569,-0.120879120879124,-2.9142857142857146,34,31,ENABLE
1785583364.6238098,0.003242542153047978,-0.0329670329670364,-3.0549450549450547,34,31,ENABLE
1785583364.6287835,0.002861066605630569,-0.0549450549450583,-3.151648351648351,34,31,ENABLE
1785583364.6337893,0.0020981155107957505,-0.1428571428571459,-3.2395604395604387,34,31,ENABLE
1785583364.6387594,0.0013351644159609322,-0.1868131868131897,-3.3098901098901106,34,31,ENABLE
1785583364.6437542,0.0005722133211261138,-0.1648351648351678,-3.362637362637363,34,31,ENABLE
1785583364.6487944,-0.0005722133211261138,-0.1648351648351678,-3.432967032967033,34,31,ENABLE
1785583364.653755,-0.0017166399633783413,-0.2307692307692335,-3.5032967032967033,34,31,ENABLE
1785583364.6587653,-0.0036240177004653873,-0.340659340659343,-3.520879120879121,34,31,ENABLE
1785583364.6639082,-0.005531395437552433,-0.3626373626373649,-3.512087912087912,34,31,ENABLE
1785583364.6689296,-0.007820248722056888,-0.4285714285714306,-3.5296703296703296,34,31,ENABLE
1785583364.6737945,-0.010109102006561344,-0.4725274725274744,-3.5032967032967033,34,31,ENABLE
1785583364.6787672,-0.013160906385900617,-0.6043956043956058,-3.4593406593406595,34,31,ENABLE
1785583364.6837573,-0.017738612954909527,-0.7582417582417591,-3.362637362637363,34,31,ENABLE
1785583364.6888118,-0.02193484397650103,-0.8461538461538467,-3.2483516483516475,34,31,ENABLE
1785583364.6939166,-0.028038452735179575,-1.021978021978022,-3.09010989010989,34,31,ENABLE
1785583364.6988964,-0.03452353704127553,-1.219780219780219,-2.9142857142857146,34,31,ENABLE
1785583364.7037966,-0.0413900968947889,-1.3296703296703285,-2.7120879120879113,34,31,ENABLE
1785583364.7087593,-0.04940108339055449,-1.5054945054945037,-2.501098901098901,34,31,ENABLE
1785583364.713761,-0.05779354543373749,-1.637362637362635,-2.2637362637362646,34,31,ENABLE
1785583364.718765,-0.0665674830243379,-1.7472527472527446,-2.0263736263736263,34,31,ENABLE
1785583364.7237535,-0.07572289616235572,-1.7912087912087884,-1.815384615384616,34,31,ENABLE
1785583364.7287521,-0.08525978484779095,-1.879120879120876,-1.595604395604397,34,31,ENABLE
1785583364.7337568,-0.09670405127031323,-2.142857142857146,-1.2615384615384606,34,31,ENABLE
1785583364.738756,-0.11005569542992255,-2.4945054945054963,-0.8659340659340664,34,31,ENABLE
1785583364.7437544,-0.12264438849469705,-2.560439560439562,-0.5054945054945073,34,31,ENABLE
1785583364.7487624,-0.13561455710688897,-2.560439560439562,-0.22417582417582338,34,31,ENABLE
1785583364.7538,-0.14782177462424606,-2.4945054945054963,-0.0219780219780219,34,31,ENABLE
1785583364.758803,-0.1581216144045161,-2.164835164835168,0.1098901098901095,34,31,ENABLE
1785583364.763768,-0.1699473563744558,-2.340659340659343,0.347252747252746,34,31,ENABLE
1785583364.7689714,-0.1825360494392303,-2.384615384615387,0.5582417582417598,34,31,ENABLE
1785583364.7737696,-0.1909285114824133,-1.9890109890109855,0.6373626373626387,34,31,ENABLE
1785583364.7787848,-0.20008392462043112,-1.9230769230769198,0.734065934065935,34,31,ENABLE
1785583364.7837625,-0.21305409323262303,-2.362637362637365,1.0417582417582416,34,31,ENABLE
1785583364.7887595,-0.2283131151293194,-2.824175824175825,1.5516483516483532,34,31,ENABLE
1785583364.793749,-0.24204623483634613,-2.780219780219781,1.964835164835165,34,31,ENABLE
1785583364.798762,-0.25272755016403536,-2.362637362637365,2.1582417582417577,34,31,ENABLE
1785583364.8037653,-0.26073853665980096,-1.879120879120876,2.1318681318681314,34,31,ENABLE
1785583364.808754,-0.26836804760814914,-1.659340659340657,2.07032967032967,34,31,ENABLE
1785583364.8137543,-0.27637903410391473,-1.659340659340657,2.043956043956044,34,31,ENABLE
1785583364.8188062,-0.2832455939574281,-1.417582417582416,2.0175824175824175,34,31,ENABLE
1785583364.8238015,-0.28896772716868924,-1.2637362637362628,2.035164835164835,34,31,ENABLE
1785583364.828757,-0.29430838483253297,-1.1318681318681314,2.0263736263736263,34,31,ENABLE
1785583364.833761,-0.29850461585412447,-0.9780219780219781,1.9560439560439562,34,31,ENABLE
1785583364.8387544,-0.3007934691386289,-0.6263736263736277,1.8681318681318686,34,31,ENABLE
1785583364.8438923,-0.3030823224231334,-0.5164835164835182,1.7626373626373635,34,31,ENABLE
1785583364.8488648,-0.3038452735179682,-0.2967032967032992,1.6395604395604408,34,31,ENABLE
1785583364.8537903,-0.3049897001602204,-0.2527472527472554,1.5340659340659357,34,31,ENABLE
1785583364.8587527,-0.30537117570763783,-0.1868131868131897,1.4725274725274708,34,31,ENABLE
1785583364.8637955,-0.304608224612803,0.010989010989014503,1.4021978021978008,34,31,ENABLE
1785583364.868756,-0.3038452735179682,0.0769230769230802,1.3142857142857132,34,31,ENABLE
1785583364.8737535,-0.3034637979705508,0.0989010989011021,1.2791208791208781,34,31,ENABLE
1785583364.8787515,-0.3030823224231334,0.0769230769230802,1.2703296703296694,34,31,ENABLE
1785583364.8837538,-0.30231937132829856,0.0989010989011021,1.2615384615384606,34,31,ENABLE
1785583364.8887966,-0.3000305180437941,0.340659340659343,1.1912087912087905,34,31,ENABLE
1785583364.8938854,-0.29774166475928965,0.4065934065934087,1.068131868131868,34,31,ENABLE
1785583364.8988817,-0.29430838483253297,0.560439560439562,0.9362637362637365,34,31,ENABLE
1785583364.9037657,-0.2908751049057763,0.6703296703296715,0.8307692307692314,34,31,ENABLE
1785583364.90876,-0.2870603494316022,0.7582417582417591,0.7516483516483525,34,31,ENABLE
1785583364.9137537,-0.2828641184100107,0.8021978021978029,0.6461538461538474,34,31,ENABLE
1785583364.9187515,-0.2782864118410018,0.9120879120879124,0.514285714285716,34,31,ENABLE
1785583364.9238832,-0.27294575417715805,0.9780219780219781,0.3999999999999986,34,31,ENABLE
1785583364.9289186,-0.26798657206073173,0.9560439560439562,0.32087912087911974,34,31,ENABLE
1785583364.933806,-0.2634088654917228,0.9780219780219781,0.2417582417582409,34,31,ENABLE
1785583364.9387589,-0.2588311589227139,0.9560439560439562,0.21538461538461462,34,31,ENABLE
1785583364.9437509,-0.254253452353705,0.9120879120879124,0.1978021978021971,34,31,ENABLE
1785583364.948819,-0.2504386968795309,0.8461538461538467,0.1978021978021971,34,31,ENABLE
1785583364.9537544,-0.24662394140535504,0.7362637362637372,0.23296703296703214,34,31,ENABLE
1785583364.95875,-0.24280918593118095,0.7582417582417591,0.27692307692307594,34,31,ENABLE
1785583364.963833,-0.23861295490958945,0.780219780219781,0.27692307692307594,34,31,ENABLE
1785583364.9688323,-0.23441672388799795,0.8461538461538467,0.2593406593406584,34,31,ENABLE
1785583364.9738045,-0.22945754177157163,0.8901098901098905,0.21538461538461462,34,31,ENABLE
1785583364.9787526,-0.22487983520256272,0.8901098901098905,0.17142857142857082,34,31,ENABLE
1785583364.983753,-0.22068360418097122,0.8461538461538467,0.16263736263736206,34,31,ENABLE
1785583364.9887512,-0.2157244220645449,0.9120879120879124,0.16263736263736206,34,31,ENABLE
1785583364.9938385,-0.2115281910429534,0.8901098901098905,0.17142857142857082,34,31,ENABLE
1785583364.9988892,-0.2073319600213619,0.8461538461538467,0.18901098901098834,34,31,ENABLE
1785583365.0037973,-0.2031357289997704,0.8901098901098905,0.20659340659340586,34,31,ENABLE
1785583365.0087533,-0.1993209735255963,0.8461538461538467,0.23296703296703214,34,31,ENABLE
1785583365.0138063,-0.1951247425040048,0.8241758241758248,0.2681318681318672,34,31,ENABLE
1785583365.018759,-0.1909285114824133,0.8461538461538467,0.2857142857142847,34,31,ENABLE
1785583365.0237515,-0.1863508049134044,0.9120879120879124,0.2857142857142847,34,31,ENABLE
1785583365.028751,-0.18177309834439548,0.9340659340659343,0.27692307692307594,34,31,ENABLE
1785583365.0338333,-0.17757686732280398,0.8901098901098905,0.3032967032967022,34,31,ENABLE
1785583365.0388792,-0.17376211184862989,0.8021978021978029,0.3560439560439548,34,31,ENABLE
1785583365.0437987,-0.1699473563744558,0.8021978021978029,0.42637362637362486,34,31,ENABLE
1785583365.0487819,-0.1665140764476991,0.780219780219781,0.49670329670329494,34,31,ENABLE
1785583365.053753,-0.16308079652094243,0.6703296703296715,0.5846153846153861,34,31,ENABLE
1785583365.0587606,-0.15964751659418575,0.6703296703296715,0.6285714285714299,34,31,ENABLE
1785583365.063753,-0.15583276112001165,0.6923076923076934,0.6549450549450562,34,31,ENABLE
1785583365.0687525,-0.15087357900358533,0.8021978021978029,0.6461538461538474,34,31,ENABLE
1785583365.0737529,-0.14629587243457642,0.8901098901098905,0.6373626373626387,34,31,ENABLE
1785583365.0787919,-0.1413366903181501,0.9560439560439562,0.6197802197802211,34,31,ENABLE
1785583365.0838258,-0.13637750820172378,1.0439560439560438,0.5758241758241773,34,31,ENABLE
1785583365.0888782,-0.13103685053788006,1.021978021978022,0.5582417582417598,34,31,ENABLE
1785583365.0938363,-0.12493324177920151,1.1538461538461533,0.514285714285716,34,31,ENABLE
1785583365.0987577,-0.11882963302052296,1.1758241758241752,0.4439560439560424,34,31,ENABLE
1785583365.103754,-0.11158159761959219,1.3296703296703285,0.3736263736263723,34,31,ENABLE
1785583365.1087518,-0.10471503776607882,1.3516483516483504,0.29450549450549346,34,31,ENABLE
1785583365.113781,-0.09708552681773064,1.417582417582416,0.20659340659340586,34,31,ENABLE
1785583365.1190841,-0.08945601586938245,1.46153846153846,0.14505494505494454,34,31,ENABLE
1785583365.1238651,-0.08220798046845168,1.46153846153846,0.08351648351648322,34,31,ENABLE
1785583365.128754,-0.07190814068818163,1.8351648351648322,-0.09230769230769198,34,31,ENABLE
1785583365.1337605,-0.060463874265659356,2.164835164835168,-0.36483516483516354,34,31,ENABLE
1785583365.1387982,-0.05016403448538931,2.0549450549450583,-0.6285714285714299,34,31,ENABLE
1785583365.143841,-0.03910124361028444,2.142857142857146,-0.8219780219780226,34,31,ENABLE
1785583365.1488647,-0.028419928282596985,2.098901098901102,-0.953846153846154,34,31,ENABLE
1785583365.153871,-0.018501564049744346,2.0549450549450583,-1.0505494505494504,34,31,ENABLE
1785583365.1588058,-0.008201724269474298,2.07692307692308,-1.1208791208791204,34,31,ENABLE
1785583365.1637921,0.0017166399633783413,2.0109890109890145,-1.1999999999999993,34,31,ENABLE
1785583365.1687558,0.011253528648813571,1.901098901098898,-1.2175824175824168,34,31,ENABLE
1785583365.1737533,0.019645990691996573,1.7252747252747227,-1.1912087912087905,34,31,ENABLE
1785583365.1787503,0.028038452735179575,1.7032967032967008,-1.1472527472527467,34,31,ENABLE
1785583365.1837518,0.03604943923094517,1.659340659340657,-1.1472527472527467,34,31,ENABLE
1785583365.1887512,0.04444190127412817,1.681318681318679,-1.1648351648351642,34,31,ENABLE
1785583365.1937506,0.05283436331731117,1.681318681318679,-1.1999999999999993,34,31,ENABLE
1785583365.1987507,0.061226825360494175,1.659340659340657,-1.2615384615384606,34,31,ENABLE
1785583365.203808,0.06961928740367718,1.659340659340657,-1.2967032967032956,34,31,ENABLE
1785583365.208876,0.07839322499427759,1.659340659340657,-1.358241758241757,34,31,ENABLE
1785583365.2139063,0.08678568703746059,1.659340659340657,-1.4197802197802183,34,31,ENABLE
1785583365.2187653,0.09441519798580877,1.5934065934065913,-1.4373626373626358,34,31,ENABLE
1785583365.2237976,0.10242618448157437,1.5494505494505475,-1.4461538461538446,34,31,ENABLE
1785583365.228757,0.10967421988250514,1.5274725274725256,-1.463736263736262,34,31,ENABLE
1785583365.2337523,0.11730373083085333,1.4835164835164818,-1.4461538461538446,34,31,ENABLE
1785583365.238752,0.12378881513694928,1.3736263736263723,-1.4461538461538446,34,31,ENABLE
1785583365.2437897,0.12989242389562783,1.2637362637362628,-1.358241758241757,34,31,ENABLE
1785583365.2488012,0.13523308155947156,1.1098901098901095,-1.287912087912087,34,31,ENABLE
1785583365.2537768,0.13981078812848047,1.0,-1.1560439560439555,34,31,ENABLE
1785583365.258888,0.14438849469748938,0.8901098901098905,-1.0329670329670328,34,31,ENABLE
1785583365.2638881,0.14782177462424606,0.7582417582417591,-0.9098901098901102,34,31,ENABLE
1785583365.268806,0.15049210345616792,0.6043956043956058,-0.7516483516483525,34,31,ENABLE
1785583365.2737627,0.15278095674067238,0.5384615384615401,-0.5846153846153861,34,31,ENABLE
1785583365.2787547,0.1539253833829246,0.3186813186813211,-0.40879120879120734,34,31,ENABLE
1785583365.2837598,0.15468833447775943,0.1868131868131897,-0.22417582417582338,34,31,ENABLE
1785583365.2888806,0.15506981002517684,0.120879120879124,-0.03956043956043942,34,31,ENABLE
1785583365.2938924,0.15583276112001165,0.120879120879124,0.1098901098901095,34,31,ENABLE
1785583365.2987869,0.1573586633096813,0.2307692307692335,0.1978021978021971,34,31,ENABLE
1785583365.3037567,0.15621423666742906,-0.0329670329670364,0.38241758241758106,34,31,ENABLE
1785583365.3087986,0.15506981002517684,-0.2087912087912116,0.5846153846153861,34,31,ENABLE
1785583365.3137615,0.15468833447775943,-0.1428571428571459,0.7780219780219788,34,31,ENABLE
1785583365.3187675,0.1535439078355072,-0.1648351648351678,0.953846153846154,34,31,ENABLE
1785583365.3237636,0.15239948119325497,-0.2527472527472554,1.0945054945054942,34,31,ENABLE
1785583365.3289013,0.15163653009842015,-0.1868131868131897,1.2175824175824168,34,31,ENABLE
1785583365.3338933,0.15163653009842015,-0.0549450549450583,1.2615384615384606,34,31,ENABLE
1785583365.33877,0.15163653009842015,-0.010989010989014503,1.3054945054945044,34,31,ENABLE
1785583365.3437545,0.15163653009842015,-0.010989010989014503,1.358241758241757,34,31,ENABLE
1785583365.3487833,0.15087357900358533,-0.1428571428571459,1.463736263736262,34,31,ENABLE
1785583365.3537567,0.1497291523613331,-0.1648351648351678,1.595604395604397,34,31,ENABLE
1785583365.3587692,0.14820325017166347,-0.2527472527472554,1.745054945054946,34,31,ENABLE
1785583365.363751,0.14667734798199383,-0.3186813186813211,1.9032967032967036,34,31,ENABLE
1785583365.3689084,0.1451514457923242,-0.3186813186813211,2.035164835164835,34,31,ENABLE
1785583365.373922,0.14362554360265456,-0.3186813186813211,2.1230769230769226,34,31,ENABLE
1785583365.3787963,0.14209964141298492,-0.2967032967032992,2.2373626373626365,34,31,ENABLE
1785583365.383762,0.13904783703364565,-0.4725274725274744,2.3868131868131854,34,31,ENABLE
1785583365.3887577,0.13790341039139342,-0.3626373626373649,2.4571428571428555,34,31,ENABLE
1785583365.3937986,0.13866636148622824,-0.0329670329670364,2.4219780219780205,34,31,ENABLE
1785583365.3988209,0.13866636148622824,-0.010989010989014503,2.360439560439559,34,31,ENABLE
1785583365.4038868,0.13866636148622824,0.010989010989014503,2.3164835164835154,34,31,ENABLE
1785583365.4087667,0.13942931258106306,0.0989010989011021,2.2725274725274716,34,31,ENABLE
1785583365.4137986,0.14057373922331529,0.1648351648351678,2.2285714285714278,34,31,ENABLE
1785583365.4187562,0.14209964141298492,0.2747252747252773,2.1230769230769226,34,31,ENABLE
1785583365.4237528,0.14591439688715901,0.5384615384615401,1.9824175824175825,34,31,ENABLE
1785583365.4288855,0.1489662012664983,0.5824175824175839,1.815384615384616,34,31,ENABLE
1785583365.433887,0.1531624322880898,0.7582417582417591,1.6131868131868146,34,31,ENABLE
1785583365.4388053,0.15697718776226388,0.780219780219781,1.4725274725274708,34,31,ENABLE
1785583365.4437597,0.16041046768902056,0.6923076923076934,1.3670329670329657,34,31,ENABLE
1785583365.4487963,0.16460669871061206,0.780219780219781,1.2615384615384606,34,31,ENABLE
1785583365.453753,0.16803997863736875,0.6923076923076934,1.1648351648351642,34,31,ENABLE
1785583365.458779,0.17185473411154284,0.7362637362637372,1.0857142857142854,34,31,ENABLE
1785583365.46375,0.17605096513313434,0.7582417582417591,0.9714285714285715,34,31,ENABLE
1785583365.4688885,0.18024719615472584,0.7362637362637372,0.8659340659340664,34,31,ENABLE
1785583365.4738839,0.18406195162889993,0.780219780219781,0.7604395604395613,34,31,ENABLE
1785583365.4788046,0.18863965819790884,0.8241758241758248,0.6373626373626387,34,31,ENABLE
1785583365.4837575,0.19321736476691775,0.8681318681318686,0.4879120879120862,34,31,ENABLE
1785583365.4887514,0.19779507133592666,0.9120879120879124,0.3560439560439548,34,31,ENABLE
1785583365.4937527,0.20046540016784853,0.6923076923076934,0.312087912087911,34,31,ENABLE
1785583365.4989102,0.20237277790493557,0.4725274725274744,0.32087912087911974,34,31,ENABLE
1785583365.5038657,0.20466163118944003,0.4285714285714306,0.32087912087911974,34,31,ENABLE
1785583365.5087702,0.2077134355687793,0.560439560439562,0.2681318681318672,34,31,ENABLE
1785583365.5137656,0.21076523994811858,0.5824175824175839,0.18021978021977958,34,31,ENABLE
1785583365.5187562,0.21305409323262303,0.5164835164835182,0.08351648351648322,34,31,ENABLE
1785583365.5237954,0.21496147096971008,0.4065934065934087,0.0219780219780219,34,31,ENABLE
1785583365.528754,0.21686884870679712,0.3626373626373649,-0.04835164835164818,34,31,ENABLE
1785583365.5337572,0.22144655527580603,0.6703296703296715,-0.23296703296703214,34,31,ENABLE
1785583365.53875,0.22640573739223235,0.8901098901098905,-0.5054945054945073,34,31,ENABLE
1785583365.543754,0.22945754177157163,0.7142857142857153,-0.7076923076923087,34,31,ENABLE
1785583365.5488303,0.2321278706034935,0.5824175824175839,-0.8571428571428577,34,31,ENABLE
1785583365.5538845,0.23556115053025017,0.6483516483516496,-0.9802197802197803,34,31,ENABLE
1785583365.5588095,0.23785000381475463,0.5164835164835182,-1.0417582417582416,34,31,ENABLE
1785583365.5638018,0.23975738155184168,0.4285714285714306,-1.0945054945054942,34,31,ENABLE
1785583365.56876,0.2409018081940939,0.2747252747252773,-1.1208791208791204,34,31,ENABLE
1785583365.573753,0.24166475928892872,0.2087912087912116,-1.1560439560439555,34,31,ENABLE
1785583365.5788236,0.24280918593118095,0.1868131868131897,-1.1824175824175818,34,31,ENABLE
1785583365.5838678,0.24319066147859836,0.0989010989011021,-1.2263736263736256,34,31,ENABLE
1785583365.5888608,0.24280918593118095,-0.010989010989014503,-1.2527472527472518,34,31,ENABLE
1785583365.59375,0.24242771038376354,-0.0769230769230802,-1.2703296703296694,34,31,ENABLE
1785583365.5987537,0.2412832837415113,-0.1868131868131897,-1.2527472527472518,34,31,ENABLE
1785583365.6037502,0.23937590600442427,-0.3186813186813211,-1.2263736263736256,34,31,ENABLE
1785583365.608833,0.236324101625085,-0.4945054945054963,-1.1648351648351642,34,31,ENABLE
1785583365.6138787,0.23327229724574572,-0.560439560439562,-1.1120879120879117,34,31,ENABLE
1785583365.6188493,0.23060196841382385,-0.5824175824175839,-1.0857142857142854,34,31,ENABLE
1785583365.6237535,0.227931639581902,-0.560439560439562,-1.103296703296703,34,31,ENABLE
1785583365.6287582,0.22526131074998013,-0.560439560439562,-1.138461538461538,34,31,ENABLE
1785583365.6337502,0.22182803082322344,-0.6263736263736277,-1.1560439560439555,34,31,ENABLE
1785583365.6387553,0.21725032425421453,-0.8461538461538467,-1.1120879120879117,34,31,ENABLE
1785583365.6437514,0.21267261768520562,-0.9120879120879124,-1.024175824175824,34,31,ENABLE
1785583365.6488395,0.2073319600213619,-0.9780219780219781,-0.9362637362637365,34,31,ENABLE
1785583365.653868,0.20122835126268335,-1.1538461538461533,-0.8219780219780226,34,31,ENABLE
1785583365.6589262,0.19398031586175257,-1.3516483516483504,-0.6813186813186825,34,31,ENABLE
1785583365.6637812,0.1871137560082392,-1.3736263736263723,-0.5670329670329686,34,31,ENABLE
1785583365.668836,0.17910276951247361,-1.4835164835164818,-0.4351648351648336,34,31,ENABLE
1785583365.6738272,0.1707103074692906,-1.637362637362635,-0.29450549450549346,34,31,ENABLE
1785583365.6788182,0.1623178454261076,-1.681318681318679,-0.17142857142857082,34,31,ENABLE
1785583365.683812,0.1539253833829246,-1.681318681318679,-0.08351648351648322,34,31,ENABLE
1785583365.6888149,0.14591439688715901,-1.637362637362635,-0.01318681318681314,34,31,ENABLE
1785583365.6938257,0.13523308155947156,-1.9450549450549417,0.13626373626373578,34,31,ENABLE
1785583365.6988149,0.12531471732661892,-2.0549450549450583,0.312087912087911,34,31,ENABLE
1785583365.7038167,0.11654077973601851,-1.8351648351648322,0.42637362637362486,34,31,ENABLE
1785583365.708827,0.1077668421454181,-1.7912087912087884,0.4879120879120862,34,31,ENABLE
1785583365.713849,0.09899290455481768,-1.7472527472527446,0.4791208791208774,34,31,ENABLE
1785583365.7188282,0.09060044251163468,-1.7252747252747227,0.514285714285716,34,31,ENABLE
1785583365.7238183,0.08220798046845168,-1.7252747252747227,0.5406593406593423,34,31,ENABLE
1785583365.7288277,0.0745784695201035,-1.6153846153846132,0.514285714285716,34,31,ENABLE
1785583365.7338555,0.06694895857175531,-1.5714285714285694,0.5054945054945073,34,31,ENABLE
1785583365.7388206,0.05893797207598972,-1.5934065934065913,0.5054945054945073,34,31,ENABLE
1785583365.7438226,0.051689936675058945,-1.5714285714285694,0.5054945054945073,34,31,ENABLE
1785583365.7488797,0.04406042572671076,-1.5054945054945037,0.514285714285716,34,31,ENABLE
1785583365.7539024,0.037575341420614805,-1.3736263736263723,0.4615384615384599,34,31,ENABLE
1785583365.7588933,0.032234683756771076,-1.241758241758241,0.3560439560439548,34,31,ENABLE
1785583365.763818,0.027275501640344757,-1.0659340659340657,0.23296703296703214,34,31,ENABLE
1785583365.76882,0.02193484397650103,-1.0439560439560438,0.13626373626373578,34,31,ENABLE
1785583365.773882,0.0165941863126573,-1.0439560439560438,0.04835164835164818,34,31,ENABLE
1785583365.778878,0.01201647974364839,-1.021978021978022,-0.0219780219780219,34,31,ENABLE
1785583365.7838151,0.007438773174639479,-0.9780219780219781,-0.08351648351648322,34,31,ENABLE
1785583365.7888105,0.002861066605630569,-0.9560439560439562,-0.1538461538461533,34,31,ENABLE
1785583365.793837,0.0013351644159609322,-0.560439560439562,-0.3999999999999986,34,31,ENABLE
1785583365.798813,0.000953688868543523,-0.2527472527472554,-0.6989010989011,34,31,ENABLE
1785583365.803822,0.0001907377737087046,-0.1648351648351678,-1.024175824175824,34,31,ENABLE
1785583365.808804,0.0001907377737087046,-0.0769230769230802,-1.3142857142857132,34,31,ENABLE
1785583365.8138294,0.0001907377737087046,-0.010989010989014503,-1.5340659340659357,34,31,ENABLE
1785583365.8190343,0.0001907377737087046,-0.010989010989014503,-1.7274725274725284,34,31,ENABLE
1785583365.8238273,0.0001907377737087046,-0.010989010989014503,-1.8857142857142861,34,31,ENABLE
1785583365.8288326,0.0001907377737087046,-0.0329670329670364,-2.043956043956044,34,31,ENABLE
1785583365.8338265,0.0005722133211261138,0.0329670329670364,-2.2109890109890102,34,31,ENABLE
1785583365.83882,0.0013351644159609322,0.0989010989011021,-2.3692307692307697,34,31,ENABLE
1785583365.8438275,0.0013351644159609322,0.0329670329670364,-2.5186813186813186,34,31,ENABLE
1785583365.8488212,0.0013351644159609322,-0.0549450549450583,-2.6329670329670325,34,31,ENABLE
1785583365.853832,0.000953688868543523,-0.0549450549450583,-2.72087912087912,34,31,ENABLE
1785583365.8588746,0.0013351644159609322,-0.010989010989014503,-2.8527472527472533,34,31,ENABLE
1785583365.863826,0.0017166399633783413,0.0329670329670364,-2.9934065934065934,34,31,ENABLE
1785583365.8688335,0.000953688868543523,-0.0769230769230802,-3.1076923076923073,34,31,ENABLE
1785583365.8738234,0.000953688868543523,-0.0329670329670364,-3.2131868131868124,34,31,ENABLE
1785583365.878879,0.0005722133211261138,-0.0769230769230802,-3.301098901098902,34,31,ENABLE
1785583365.8838277,0.0001907377737087046,-0.0769230769230802,-3.406593406593407,34,31,ENABLE
1785583365.8888206,0.0001907377737087046,-0.0329670329670364,-3.5032967032967033,34,31,ENABLE
1785583365.8938196,-0.0005722133211261138,-0.0989010989011021,-3.591208791208791,34,31,ENABLE
1785583365.8988247,-0.0017166399633783413,-0.2087912087912116,-3.6439560439560434,34,31,ENABLE
1785583365.9038155,-0.0036240177004653873,-0.3626373626373649,-3.6439560439560434,34,31,ENABLE
1785583365.9088979,-0.005149919890135024,-0.3186813186813211,-3.6439560439560434,34,31,ENABLE
1785583365.9138885,-0.00705729762722207,-0.3846153846153868,-3.6791208791208785,34,31,ENABLE
1785583365.9188263,-0.008583199816891707,-0.3626373626373649,-3.6879120879120872,34,31,ENABLE
1785583365.9238148,-0.01163500419623098,-0.5164835164835182,-3.696703296703296,34,31,ENABLE
1785583365.92881,-0.015068284122987663,-0.5824175824175839,-3.6439560439560434,34,31,ENABLE
1785583365.9338248,-0.019645990691996573,-0.8241758241758248,-3.520879120879121,34,31,ENABLE
1785583365.9388244,-0.024986648355840302,-1.021978021978022,-3.3450549450549456,34,31,ENABLE
1785583365.9438875,-0.03147173266193626,-1.197802197802197,-3.1428571428571423,34,31,ENABLE
1785583365.9488792,-0.037956816968032214,-1.3076923076923066,-2.967032967032967,34,31,ENABLE
1785583365.9538176,-0.04520485236896299,-1.417582417582416,-2.7648351648351657,34,31,ENABLE
1785583365.9588263,-0.05321583886472858,-1.5274725274725256,-2.571428571428571,34,31,ENABLE
1785583365.9638722,-0.061608300907911584,-1.637362637362635,-2.3340659340659347,34,31,ENABLE
1785583365.9688535,-0.0707637140459294,-1.7912087912087884,-2.0967032967032964,34,31,ENABLE
1785583365.973813,-0.08030060273136463,-1.901098901098898,-1.850549450549451,34,31,ENABLE
1785583365.9788094,-0.09060044251163468,-1.9670329670329636,-1.6219780219780233,34,31,ENABLE
1785583365.9838216,-0.10051880674448732,-2.0109890109890145,-1.393406593406592,34,31,ENABLE
1785583365.9888148,-0.11120012207217478,-2.0549450549450583,-1.1296703296703292,34,31,ENABLE
1785583365.9938138,-0.12149996185244483,-2.142857142857146,-0.918681318681319,34,31,ENABLE
1785583365.9988232,-0.13218127718013228,-2.098901098901102,-0.6901098901098912,34,31,ENABLE
1785583366.0038242,-0.14400701915007197,-2.2747252747252773,-0.40879120879120734,34,31,ENABLE
1785583366.0088723,-0.15621423666742906,-2.384615384615387,-0.17142857142857082,34,31,ENABLE
1785583366.013837,-0.16689555199511652,-2.2527472527472554,0.0219780219780219,34,31,ENABLE
1785583366.0188265,-0.18101014724956066,-2.604395604395606,0.45274725274725114,34,31,ENABLE
1785583366.0238218,-0.19817654688334407,-3.1538461538461533,1.0153846153846153,34,31,ENABLE
1785583366.0288494,-0.2115281910429534,-2.8461538461538467,1.4197802197802183,34,31,ENABLE
1785583366.0338793,-0.2244983596551453,-2.7142857142857153,1.7362637362637372,34,31,ENABLE
1785583366.0388162,-0.23823147936217204,-2.7142857142857153,1.9912087912087912,34,31,ENABLE
1785583366.0438232,-0.25158312352178314,-2.6703296703296715,2.2285714285714278,34,31,ENABLE
1785583366.0488176,-0.262645914396888,-2.4065934065934087,2.3780219780219767,34,31,ENABLE
1785583366.053838,-0.27332722972457546,-2.2307692307692335,2.4923076923076906,34,31,ENABLE
1785583366.0588226,-0.2843900205996803,-2.2307692307692335,2.6329670329670343,34,31,ENABLE
1785583366.0638242,-0.29392690928511556,-2.0109890109890145,2.7384615384615394,34,31,ENABLE
1785583366.0688229,-0.30193789578088115,-1.7252747252747227,2.7736263736263744,34,31,ENABLE
1785583366.0738711,-0.3080415045395597,-1.417582417582416,2.7032967032967044,34,31,ENABLE
1785583366.0788145,-0.3133821622034034,-1.1538461538461533,2.6241758241758255,34,31,ENABLE
1785583366.0838208,-0.3171969176775775,-0.8901098901098905,2.536263736263738,34,31,ENABLE
1785583366.0888078,-0.3206301976043342,-0.7362637362637372,2.4483516483516468,34,31,ENABLE
1785583366.093824,-0.32291905088883865,-0.5824175824175839,2.3428571428571416,34,31,ENABLE
1785583366.098876,-0.3236820019836735,-0.3186813186813211,2.2373626373626365,34,31,ENABLE
1785583366.103827,-0.3244449530785083,-0.2307692307692335,2.1230769230769226,34,31,ENABLE
1785583366.1088204,-0.3240634775310909,-0.0329670329670364,2.0087912087912088,34,31,ENABLE
1785583366.1138225,-0.32330052643625606,0.0769230769230802,1.9120879120879124,34,31,ENABLE
1785583366.118873,-0.32215609979400384,0.1648351648351678,1.8241758241758248,34,31,ENABLE
1785583366.1238115,-0.31948577096208197,0.4505494505494525,1.6835164835164846,34,31,ENABLE
1785583366.128819,-0.3164339665827427,0.5164835164835182,1.5692307692307708,34,31,ENABLE
1785583366.1338184,-0.31376363775082083,0.5384615384615401,1.4549450549450533,34,31,ENABLE
1785583366.1388724,-0.30994888227664674,0.6483516483516496,1.3494505494505482,34,31,ENABLE
1785583366.1438174,-0.30651560234989006,0.6923076923076934,1.2703296703296694,34,31,ENABLE
1785583366.1488152,-0.30270084687571597,0.7142857142857153,1.2263736263736256,34,31,ENABLE
1785583366.1538224,-0.2988860914015419,0.7362637362637372,1.1912087912087905,34,31,ENABLE
1785583366.158832,-0.2946898603799504,0.8241758241758248,1.138461538461538,34,31,ENABLE
1785583366.1641233,-0.29011215381094146,0.8461538461538467,1.0769230769230766,34,31,ENABLE
1785583366.168824,-0.28591592278934996,0.8681318681318686,1.0329670329670328,34,31,ENABLE
1785583366.1738122,-0.28133821622034105,0.8681318681318686,0.9802197802197803,34,31,ENABLE
1785583366.17881,-0.27676050965133214,0.8901098901098905,0.953846153846154,34,31,ENABLE
1785583366.1838124,-0.2718013275349058,0.9120879120879124,0.918681318681319,34,31,ENABLE
1785583366.1888118,-0.2668421454184795,0.9560439560439562,0.8835164835164839,34,31,ENABLE
1785583366.1938212,-0.2618829633020532,0.9780219780219781,0.8483516483516489,34,31,ENABLE
1785583366.1988273,-0.25692378118562686,0.9780219780219781,0.8043956043956051,34,31,ENABLE
1785583366.2038758,-0.25196459906920055,1.021978021978022,0.7868131868131876,34,31,ENABLE
1785583366.208828,-0.24662394140535504,1.0439560439560438,0.7516483516483525,34,31,ENABLE
1785583366.2138171,-0.2405203326466765,1.1098901098901095,0.6901098901098912,34,31,ENABLE
1785583366.21882,-0.23403524834058054,1.219780219780219,0.6109890109890124,34,31,ENABLE
1785583366.2238965,-0.22755016403448458,1.2637362637362628,0.5230769230769248,34,31,ENABLE
1785583366.2288275,-0.22106507972838862,1.2857142857142847,0.4439560439560424,34,31,ENABLE
1785583366.2338195,-0.21419851987487526,1.3516483516483504,0.3736263736263723,34,31,ENABLE
1785583366.2388175,-0.20695048447394448,1.3956043956043942,0.32087912087911974,34,31,ENABLE
1785583366.243822,-0.1997024490730137,1.3736263736263723,0.25054945054944966,34,31,ENABLE
1785583366.2488256,-0.19321736476691775,1.3736263736263723,0.21538461538461462,34,31,ENABLE
1785583366.2538297,-0.18596932936598698,1.3956043956043942,0.18901098901098834,34,31,ENABLE
1785583366.258826,-0.17986572060730843,1.241758241758241,0.20659340659340586,34,31,ENABLE
1785583366.2638154,-0.1741435873960473,1.1758241758241752,0.2593406593406584,34,31,ENABLE
1785583366.268825,-0.16918440527962098,1.1098901098901095,0.3296703296703285,34,31,ENABLE
1785583366.2738173,-0.16346227206835984,1.0659340659340657,0.3736263736263723,34,31,ENABLE
1785583366.2788181,-0.1577401388570987,1.0879120879120876,0.42637362637362486,34,31,ENABLE
1785583366.2838192,-0.15278095674067238,1.0879120879120876,0.4615384615384599,34,31,ENABLE
1785583366.288874,-0.14744029907682865,1.0,0.49670329670329494,34,31,ENABLE
1785583366.2938142,-0.1417181658655675,1.0659340659340657,0.514285714285716,34,31,ENABLE
1785583366.2988234,-0.13599603265430638,1.1758241758241752,0.514285714285716,34,31,ENABLE
1785583366.3038223,-0.129129472800793,1.219780219780219,0.45274725274725114,34,31,ENABLE
1785583366.3088264,-0.12188143739986224,1.3516483516483504,0.36483516483516354,34,31,ENABLE
1785583366.3138385,-0.11425192645151405,1.46153846153846,0.27692307692307594,34,31,ENABLE
1785583366.3188243,-0.10700389105058328,1.4835164835164818,0.21538461538461462,34,31,ENABLE
1785583366.3238246,-0.0997558556496525,1.439560439560438,0.17142857142857082,34,31,ENABLE
1785583366.3287506,-0.09288929579613914,1.417582417582416,0.16263736263736206,34,31,ENABLE
1785583366.3337564,-0.08525978484779095,1.4835164835164818,0.1098901098901095,34,31,ENABLE
1785583366.3388088,-0.07343404287785127,2.0329670329670364,-0.07472527472527446,34,31,ENABLE
1785583366.343821,-0.0623712520027464,2.098901098901102,-0.33846153846153726,34,31,ENABLE
1785583366.3488612,-0.051689936675058945,2.142857142857146,-0.5934065934065949,34,31,ENABLE
1785583366.353874,-0.03986419470511926,2.2527472527472554,-0.8219780219780226,34,31,ENABLE
1785583366.3588169,-0.028801403830014394,2.2527472527472554,-0.989010989010989,34,31,ENABLE
1785583366.3638217,-0.019264515144579164,2.07692307692308,-1.0505494505494504,34,31,ENABLE
1785583366.3688178,-0.009346150911726525,1.9450549450549417,-1.0505494505494504,34,31,ENABLE
1785583366.3738174,-0.0001907377737087046,1.8351648351648322,-1.0153846153846153,34,31,ENABLE
1785583366.3788242,0.008201724269474298,1.7692307692307665,-0.9626373626373628,34,31,ENABLE
1785583366.3838196,0.0165941863126573,1.7252747252747227,-0.9274725274725277,34,31,ENABLE
1785583366.388823,0.024986648355840302,1.681318681318679,-0.9362637362637365,34,31,ENABLE
1785583366.3938315,0.032997634851605895,1.659340659340657,-0.9362637362637365,34,31,ENABLE
1785583366.3988247,0.042153047989623715,1.7252747252747227,-1.0065934065934066,34,31,ENABLE
1785583366.4038186,0.051308461127641536,1.7912087912087884,-1.103296703296703,34,31,ENABLE
1785583366.4088097,0.060463874265659356,1.8131868131868103,-1.1912087912087905,34,31,ENABLE
1785583366.4138753,0.07000076295109459,1.857142857142854,-1.2703296703296694,34,31,ENABLE
1785583366.4188733,0.0791561760891124,1.8351648351648322,-1.3494505494505482,34,31,ENABLE
1785583366.423826,0.08831158922713023,1.8351648351648322,-1.428571428571427,34,31,ENABLE
1785583366.4288213,0.09708552681773064,1.8131868131868103,-1.463736263736262,34,31,ENABLE
1785583366.4338243,0.10547798886091364,1.7252747252747227,-1.4989010989010971,34,31,ENABLE
1785583366.4388113,0.11387045090409664,1.681318681318679,-1.5164835164835182,34,31,ENABLE
1785583366.443807,0.12188143739986224,1.5714285714285694,-1.4989010989010971,34,31,ENABLE
1785583366.4488127,0.129129472800793,1.5274725274725256,-1.463736263736262,34,31,ENABLE
1785583366.4538035,0.13637750820172378,1.46153846153846,-1.4549450549450533,34,31,ENABLE
1785583366.4588277,0.14324406805523715,1.3956043956043942,-1.4109890109890095,34,31,ENABLE
1785583366.463825,0.1493476768139157,1.3076923076923066,-1.3758241758241745,34,31,ENABLE
1785583366.468843,0.15468833447775943,1.1538461538461533,-1.287912087912087,34,31,ENABLE
1785583366.4738197,0.15964751659418575,1.0,-1.173626373626373,34,31,ENABLE
1785583366.4788592,0.16346227206835984,0.8241758241758248,-1.0153846153846153,34,31,ENABLE
1785583366.4838262,0.1661326009002817,0.6703296703296715,-0.8219780219780226,34,31,ENABLE
1785583366.4888194,0.16765850308995134,0.4505494505494525,-0.6109890109890124,34,31,ENABLE
1785583366.4938245,0.16918440527962098,0.3186813186813211,-0.3999999999999986,34,31,ENABLE
1785583366.4988716,0.16880292973220357,0.0989010989011021,-0.1978021978021971,34,31,ENABLE
1785583366.5038328,0.16880292973220357,-0.010989010989014503,0.0219780219780219,34,31,ENABLE
1785583366.5088205,0.16956588082703838,0.0549450549450583,0.18901098901098834,34,31,ENABLE
1785583366.5140252,0.16842145418478616,-0.0989010989011021,0.40879120879120734,34,31,ENABLE
1785583366.5188847,0.1665140764476991,-0.340659340659343,0.6637362637362649,34,31,ENABLE
1785583366.5238369,0.16536964980544688,-0.2307692307692335,0.8571428571428577,34,31,ENABLE
1785583366.5288131,0.16422522316319466,-0.2307692307692335,1.0153846153846153,34,31,ENABLE
1785583366.533823,0.16308079652094243,-0.2527472527472554,1.138461538461538,34,31,ENABLE
1785583366.5388112,0.16269932097352502,-0.1428571428571459,1.1999999999999993,34,31,ENABLE
1785583366.543875,0.1623178454261076,-0.0989010989011021,1.2615384615384606,34,31,ENABLE
1785583366.5488253,0.1619363698786902,-0.120879120879124,1.3318681318681307,34,31,ENABLE
1785583366.553822,0.16041046768902056,-0.2307692307692335,1.4461538461538446,34,31,ENABLE
1785583366.55882,0.15850308995193352,-0.340659340659343,1.630769230769232,34,31,ENABLE
1785583366.5638397,0.15659571221484647,-0.3846153846153868,1.7890109890109898,34,31,ENABLE
1785583366.5688195,0.15430685893034202,-0.4285714285714306,1.92967032967033,34,31,ENABLE
1785583366.5738182,0.15278095674067238,-0.340659340659343,2.043956043956044,34,31,ENABLE
1785583366.5788221,0.15125505455100274,-0.3186813186813211,2.114285714285714,34,31,ENABLE
1785583366.5838242,0.15049210345616792,-0.2307692307692335,2.149450549450549,34,31,ENABLE
1785583366.5888257,0.1497291523613331,-0.1868131868131897,2.1670329670329664,34,31,ENABLE
1785583366.5938218,0.14591439688715901,-0.560439560439562,2.3780219780219767,34,31,ENABLE
1785583366.5988173,0.14400701915007197,-0.4725274725274744,2.4659340659340643,34,31,ENABLE
1785583366.6038752,0.14400701915007197,-0.1648351648351678,2.4659340659340643,34,31,ENABLE
1785583366.608874,0.1455329213397416,0.0989010989011021,2.3516483516483504,34,31,ENABLE
1785583366.6138196,0.1455329213397416,0.0329670329670364,2.2725274725274716,34,31,ENABLE
1785583366.6188095,0.14667734798199383,0.1428571428571459,2.1582417582417577,34,31,ENABLE
1785583366.623819,0.14820325017166347,0.2747252747252773,2.105494505494505,34,31,ENABLE
1785583366.6288252,0.15011062790875052,0.340659340659343,1.9736263736263737,34,31,ENABLE
1785583366.633823,0.15278095674067238,0.4725274725274744,1.8417582417582423,34,31,ENABLE
1785583366.6388254,0.15583276112001165,0.5164835164835182,1.6923076923076934,34,31,ENABLE
1785583366.64382,0.15964751659418575,0.6923076923076934,1.5076923076923094,34,31,ENABLE
1785583366.6488338,0.16460669871061206,0.8241758241758248,1.3054945054945044,34,31,ENABLE
1785583366.6538222,0.16880292973220357,0.8021978021978029,1.1296703296703292,34,31,ENABLE
1785583366.6588304,0.17376211184862989,0.8901098901098905,0.9626373626373628,34,31,ENABLE
1785583366.6638117,0.1787212939650562,1.0,0.7956043956043963,34,31,ENABLE
1785583366.6688762,0.1829175249866477,0.9120879120879124,0.6549450549450562,34,31,ENABLE
1785583366.6738288,0.1863508049134044,0.7582417582417591,0.6109890109890124,34,31,ENABLE
1785583366.6788237,0.18825818265049143,0.4505494505494525,0.6637362637362649,34,31,ENABLE
1785583366.6838193,0.1905470359349959,0.4505494505494525,0.6637362637362649,34,31,ENABLE
1785583366.6888266,0.19321736476691775,0.4945054945054963,0.6461538461538474,34,31,ENABLE
1785583366.6938252,0.1955062180514222,0.4945054945054963,0.5582417582417598,34,31,ENABLE
1785583366.698818,0.1989394979781789,0.560439560439562,0.4351648351648336,34,31,ENABLE
1785583366.7038186,0.20199130235751817,0.6263736263736277,0.3032967032967022,34,31,ENABLE
1785583366.7088163,0.20466163118944003,0.560439560439562,0.1978021978021971,34,31,ENABLE
1785583366.7138214,0.2073319600213619,0.5164835164835182,0.09230769230769198,34,31,ENABLE
1785583366.7188256,0.2122911421377882,0.780219780219781,-0.1098901098901095,34,31,ENABLE
1785583366.72382,0.21801327534904935,1.021978021978022,-0.4175824175824161,34,31,ENABLE
1785583366.7288182,0.22297245746547567,1.021978021978022,-0.7252747252747263,34,31,ENABLE
1785583366.7338507,0.22678721293964976,0.8241758241758248,-0.918681318681319,34,31,ENABLE
1785583366.7388086,0.23098344396124126,0.8461538461538467,-1.0769230769230766,34,31,ENABLE
1785583366.743819,0.23403524834058054,0.6923076923076934,-1.1472527472527467,34,31,ENABLE
1785583366.7488134,0.23517967498283276,0.3846153846153868,-1.1296703296703292,34,31,ENABLE
1785583366.753911,0.23594262607766758,0.2087912087912116,-1.0857142857142854,34,31,ENABLE
1785583366.7588844,0.2367055771725024,0.1428571428571459,-1.068131868131868,34,31,ENABLE
1785583366.763836,0.2367055771725024,0.0769230769230802,-1.0593406593406591,34,31,ENABLE
1785583366.768806,0.2367055771725024,-0.010989010989014503,-1.0857142857142854,34,31,ENABLE
1785583366.7738056,0.236324101625085,-0.0549450549450583,-1.1208791208791204,34,31,ENABLE
1785583366.7787564,0.236324101625085,-0.0549450549450583,-1.1912087912087905,34,31,ENABLE
1785583366.7837543,0.236324101625085,-0.010989010989014503,-1.287912087912087,34,31,ENABLE
1785583366.7887578,0.236324101625085,-0.0329670329670364,-1.393406593406592,34,31,ENABLE
1785583366.7937503,0.236324101625085,-0.010989010989014503,-1.4989010989010971,34,31,ENABLE
1785583366.7987998,0.23556115053025017,-0.0769230769230802,-1.5868131868131883,34,31,ENABLE
1785583366.8037593,0.23403524834058054,-0.2307692307692335,-1.6131868131868146,34,31,ENABLE
1785583366.8088393,0.23136491950865867,-0.4505494505494525,-1.5692307692307708,34,31,ENABLE
1785583366.8138309,0.2286945906767368,-0.5384615384615401,-1.5164835164835182,34,31,ENABLE
1785583366.8188064,0.22526131074998013,-0.6483516483516496,-1.4549450549450533,34,31,ENABLE
1785583366.823752,0.22068360418097122,-0.8021978021978029,-1.3758241758241745,34,31,ENABLE
1785583366.8287508,0.21648737315937971,-0.8461538461538467,-1.3318681318681307,34,31,ENABLE
1785583366.8337507,0.21114671549553599,-0.9560439560439562,-1.2351648351648343,34,31,ENABLE
1785583366.8388393,0.20428015564202262,-1.241758241758241,-1.103296703296703,34,31,ENABLE
1785583366.8438787,0.19741359578850926,-1.3956043956043942,-0.9362637362637365,34,31,ENABLE
1785583366.8488505,0.18940260929274366,-1.4835164835164818,-0.7868131868131876,34,31,ENABLE
1785583366.8537598,0.18101014724956066,-1.681318681318679,-0.6285714285714299,34,31,ENABLE
1785583366.8587987,0.17185473411154284,-1.7912087912087884,-0.45274725274725114,34,31,ENABLE
1785583366.863816,0.1619363698786902,-1.879120879120876,-0.3032967032967022,34,31,ENABLE
1785583366.868757,0.15278095674067238,-1.9230769230769198,-0.18021978021977958,34,31,ENABLE
1785583366.8737557,0.14400701915007197,-1.7912087912087884,-0.10109890109890074,34,31,ENABLE
1785583366.8787544,0.1333257038223845,-2.0329670329670364,0.0219780219780219,34,31,ENABLE
1785583366.8837533,0.12073701075761001,-2.362637362637365,0.2681318681318672,34,31,ENABLE
1785583366.8887563,0.11005569542992255,-2.2527472527472554,0.4615384615384599,34,31,ENABLE
1785583366.8937583,0.0997558556496525,-2.07692307692308,0.5670329670329686,34,31,ENABLE
1785583366.898751,0.08869306477454764,-2.1868131868131897,0.6813186813186825,34,31,ENABLE
1785583366.9037516,0.07763027389944277,-2.1868131868131897,0.76923076923077,34,31,ENABLE
1785583366.9087658,0.06809338521400754,-1.9890109890109855,0.8043956043956051,34,31,ENABLE
1785583366.9138749,0.0581750209811549,-2.0109890109890145,0.8395604395604401,34,31,ENABLE
1785583366.9188871,0.04787518120088485,-2.0109890109890145,0.8483516483516489,34,31,ENABLE
1785583366.9237912,0.03986419470511926,-1.8131868131868103,0.8043956043956051,34,31,ENABLE
1785583366.9288328,0.033379110399023304,-1.417582417582416,0.6813186813186825,34,31,ENABLE
1785583366.9338255,0.026894026092927348,-1.3736263736263723,0.5230769230769248,34,31,ENABLE
1785583366.9388158,0.02040894178683139,-1.3296703296703285,0.4175824175824161,34,31,ENABLE
1785583366.9438856,0.014305333028152845,-1.241758241758241,0.3296703296703285,34,31,ENABLE
1785583366.948879,0.008201724269474298,-1.241758241758241,0.2593406593406584,34,31,ENABLE
1785583366.9538763,0.002861066605630569,-1.1758241758241752,0.18901098901098834,34,31,ENABLE
1785583366.958818,-0.0020981155107957505,-0.9560439560439562,0.07472527472527446,34,31,ENABLE
1785583366.9638808,-0.005531395437552433,-0.8021978021978029,-0.07472527472527446,34,31,ENABLE
1785583366.968814,-0.008964675364309116,-0.780219780219781,-0.2417582417582409,34,31,ENABLE
1785583366.9738257,-0.012779430838483208,-0.8021978021978029,-0.4175824175824161,34,31,ENABLE
1785583366.9788237,-0.012397955291065799,-0.2527472527472554,-0.7780219780219788,34,31,ENABLE
1785583366.9838805,-0.012397955291065799,-0.0769230769230802,-1.0945054945054942,34,31,ENABLE
1785583366.9888377,-0.012397955291065799,-0.0549450549450583,-1.4021978021978008,34,31,ENABLE
1785583366.9938111,-0.012397955291065799,-0.010989010989014503,-1.6395604395604408,34,31,ENABLE
1785583366.9988256,-0.012397955291065799,-0.010989010989014503,-1.8241758241758248,34,31,ENABLE
1785583367.0038226,-0.012397955291065799,0.010989010989014503,-1.9912087912087912,34,31,ENABLE
1785583367.0088234,-0.012397955291065799,0.010989010989014503,-2.149450549450549,34,31,ENABLE
1785583367.0138242,-0.01201647974364839,-0.010989010989014503,-2.281318681318682,34,31,ENABLE
1785583367.018822,-0.012397955291065799,-0.0329670329670364,-2.4131868131868135,34,31,ENABLE
1785583367.0238197,-0.012397955291065799,-0.010989010989014503,-2.5538461538461537,34,31,ENABLE
1785583367.0288236,-0.01201647974364839,-0.010989010989014503,-2.694505494505494,34,31,ENABLE
1785583367.0338173,-0.010872053101396162,0.1648351648351678,-2.9142857142857146,34,31,ENABLE
1785583367.0388205,-0.008964675364309116,0.2967032967032992,-3.151648351648351,34,31,ENABLE
1785583367.043816,-0.008201724269474298,0.2087912087912116,-3.3450549450549456,34,31,ENABLE
1785583367.0488522,-0.006675822079804661,0.2527472527472554,-3.512087912087912,34,31,ENABLE
1785583367.053875,-0.005149919890135024,0.2747252747252773,-3.6791208791208785,34,31,ENABLE
1785583367.0588114,-0.004386968795300206,0.1868131868131897,-3.828571428571429,34,31,ENABLE
1785583367.0638192,-0.0040054932478827965,0.120879120879124,-3.8989010989010993,34,31,ENABLE
1785583367.0689075,-0.0040054932478827965,-0.010989010989014503,-3.9340659340659343,34,31,ENABLE
1785583367.0738347,-0.004386968795300206,-0.0769230769230802,-3.9604395604395606,34,31,ENABLE
1785583367.0788665,-0.005149919890135024,-0.0769230769230802,-4.021978021978022,34,31,ENABLE
1785583367.0838196,-0.005531395437552433,-0.0989010989011021,-4.083516483516483,34,31,ENABLE
1785583367.0888696,-0.007438773174639479,-0.2747252747252773,-4.065934065934066,34,31,ENABLE
1785583367.0938644,-0.009727626459143934,-0.3846153846153868,-3.986813186813187,34,31,ENABLE
1785583367.0988147,-0.013542381933318026,-0.6483516483516496,-3.8813186813186817,34,31,ENABLE
1785583367.103828,-0.018883039597161755,-0.8461538461538467,-3.7054945054945048,34,31,ENABLE
1785583367.1088338,-0.024223697261005483,-1.021978021978022,-3.512087912087912,34,31,ENABLE
1785583367.1138678,-0.03032730601968403,-1.1758241758241752,-3.327472527472528,34,31,ENABLE
1785583367.1188724,-0.03681239032577999,-1.219780219780219,-3.16043956043956,34,31,ENABLE
1785583367.1238246,-0.04367895017929335,-1.3296703296703285,-2.9934065934065934,34,31,ENABLE
1785583367.1288085,-0.05092698558022413,-1.46153846153846,-2.8087912087912095,34,31,ENABLE
1785583367.1338236,-0.05970092317082454,-1.6153846153846132,-2.58021978021978,34,31,ENABLE
1785583367.1388128,-0.06885633630884236,-1.7472527472527446,-2.325274725274726,34,31,ENABLE
1785583367.1438065,-0.078774700541695,-1.879120879120876,-2.0527472527472526,34,31,ENABLE
1785583367.1488774,-0.08907454032196505,-2.0549450549450583,-1.780219780219781,34,31,ENABLE
1785583367.1538815,-0.0997558556496525,-2.07692307692308,-1.4989010989010971,34,31,ENABLE
1785583367.1588342,-0.11043717097733996,-2.164835164835168,-1.208791208791208,34,31,ENABLE
1785583367.1639063,-0.12226291294727964,-2.2747252747252773,-0.9362637362637365,34,31,ENABLE
1785583367.1688373,-0.13408865491721933,-2.4285714285714306,-0.6373626373626387,34,31,ENABLE
1785583367.1738136,-0.14705882352941124,-2.516483516483518,-0.32087912087911974,34,31,ENABLE
1785583367.1788123,-0.15888456549935093,-2.4505494505494525,-0.10109890109890074,34,31,ENABLE
1785583367.1838298,-0.1703288319218732,-2.318681318681321,0.12747252747252702,34,31,ENABLE
1785583367.1888247,-0.18596932936598698,-2.8461538461538467,0.5934065934065949,34,31,ENABLE
1785583367.1938224,-0.20084687571526594,-2.978021978021978,1.0593406593406591,34,31,ENABLE
1785583367.1988566,-0.21496147096971008,-2.8461538461538467,1.463736263736262,34,31,ENABLE
1785583367.2038136,-0.2286945906767368,-2.802197802197803,1.7978021978021985,34,31,ENABLE
1785583367.208813,-0.2409018081940939,-2.560439560439562,1.9912087912087912,34,31,ENABLE
1785583367.2138243,-0.2531090257114528,-2.4945054945054963,2.1934065934065927,34,31,ENABLE
1785583367.2188194,-0.26417181658655764,-2.318681318681321,2.3076923076923066,34,31,ENABLE
1785583367.2238097,-0.27294575417715805,-1.9890109890109855,2.360439560439559,34,31,ENABLE
1785583367.22883,-0.2824826428625933,-1.879120879120876,2.439560439560438,34,31,ENABLE
1785583367.2338173,-0.2908751049057763,-1.7912087912087884,2.5098901098901116,34,31,ENABLE
1785583367.2388346,-0.29850461585412447,-1.5714285714285694,2.562637362637364,34,31,ENABLE
1785583367.243895,-0.3042267490653856,-1.3296703296703285,2.5890109890109905,34,31,ENABLE
1785583367.248878,-0.3084229800869771,-1.0,2.501098901098903,34,31,ENABLE
1785583367.2538116,-0.3118562600137338,-0.8021978021978029,2.4307692307692292,34,31,ENABLE
1785583367.2588232,-0.31490806439307306,-0.6923076923076934,2.3516483516483504,34,31,ENABLE
1785583367.2639055,-0.3156710154879079,-0.3626373626373649,2.219780219780219,34,31,ENABLE
1785583367.2688174,-0.3156710154879079,-0.1428571428571459,2.0615384615384613,34,31,ENABLE
1785583367.2738147,-0.3156710154879079,-0.0329670329670364,1.964835164835165,34,31,ENABLE
1785583367.278808,-0.3156710154879079,0.010989010989014503,1.9032967032967036,34,31,ENABLE
1785583367.2838209,-0.31490806439307306,0.0769230769230802,1.8769230769230774,34,31,ENABLE
1785583367.2888207,-0.31376363775082083,0.1868131868131897,1.8681318681318686,34,31,ENABLE
1785583367.2938228,-0.3118562600137338,0.2967032967032992,1.8065934065934073,34,31,ENABLE
1785583367.2988186,-0.31033035782406415,0.3186813186813211,1.745054945054946,34,31,ENABLE
1785583367.3038478,-0.30651560234989006,0.5824175824175839,1.630769230769232,34,31,ENABLE
1785583367.3088644,-0.30231937132829856,0.780219780219781,1.4989010989010971,34,31,ENABLE
1785583367.3138187,-0.29774166475928965,0.8461538461538467,1.358241758241757,34,31,ENABLE
1785583367.3188262,-0.29316395819028074,0.8461538461538467,1.2527472527472518,34,31,ENABLE
1785583367.323822,-0.287823300526437,0.9780219780219781,1.173626373626373,34,31,ENABLE
1785583367.328828,-0.2824826428625933,1.0439560439560438,1.0769230769230766,34,31,ENABLE
1785583367.3338206,-0.27714198519874955,1.021978021978022,1.0329670329670328,34,31,ENABLE
1785583367.3388264,-0.2718013275349058,1.021978021978022,0.9978021978021978,34,31,ENABLE
1785583367.3438194,-0.2660791943236447,1.0879120879120876,0.953846153846154,34,31,ENABLE
1785583367.3488195,-0.26035706111238355,1.1098901098901095,0.9274725274725277,34,31,ENABLE
1785583367.3538153,-0.25577935454337464,1.0439560439560438,0.918681318681319,34,31,ENABLE
1785583367.3588126,-0.2508201724269483,0.9780219780219781,0.9450549450549453,34,31,ENABLE
1785583367.3638248,-0.2454795147631028,0.9780219780219781,0.9626373626373628,34,31,ENABLE
1785583367.3688107,-0.24013885709925908,1.0439560439560438,0.9714285714285715,34,31,ENABLE
1785583367.3738854,-0.23441672388799795,1.1538461538461533,0.9274725274725277,34,31,ENABLE
1785583367.3788016,-0.22755016403448458,1.2857142857142847,0.8395604395604401,34,31,ENABLE
1785583367.3838205,-0.2203021286335538,1.3076923076923066,0.734065934065935,34,31,ENABLE
1785583367.3888175,-0.21381704432745785,1.3736263736263723,0.6637362637362649,34,31,ENABLE
1785583367.3938704,-0.20656900892652708,1.3736263736263723,0.6197802197802211,34,31,ENABLE
1785583367.3987947,-0.20008392462043112,1.3516483516483504,0.5846153846153861,34,31,ENABLE
1785583367.4038246,-0.19321736476691775,1.3516483516483504,0.5670329670329686,34,31,ENABLE
1785583367.4088163,-0.18596932936598698,1.417582417582416,0.549450549450551,34,31,ENABLE
1785583367.4138284,-0.1783398184176388,1.439560439560438,0.5054945054945073,34,31,ENABLE
1785583367.4188187,-0.17185473411154284,1.3736263736263723,0.4879120879120862,34,31,ENABLE
1785583367.4238205,-0.16460669871061206,1.417582417582416,0.47032967032966866,34,31,ENABLE
1785583367.428821,-0.1573586633096813,1.46153846153846,0.4439560439560424,34,31,ENABLE
1785583367.4338863,-0.1493476768139157,1.4835164835164818,0.3999999999999986,34,31,ENABLE
1785583367.438861,-0.14209964141298492,1.439560439560438,0.36483516483516354,34,31,ENABLE
1785583367.4438145,-0.13485160601205415,1.4835164835164818,0.33846153846153726,34,31,ENABLE
1785583367.4488628,-0.12607766842145374,1.6153846153846132,0.2681318681318672,34,31,ENABLE
1785583367.4538524,-0.11768520637827073,1.659340659340657,0.1978021978021971,34,31,ENABLE
1785583367.4588103,-0.10852979324025291,1.7252747252747227,0.1098901098901095,34,31,ENABLE
1785583367.46382,-0.09861142900740028,1.901098901098898,-0.01318681318681314,34,31,ENABLE
1785583367.468818,-0.08525978484779095,2.4065934065934087,-0.312087912087911,34,31,ENABLE
1785583367.4738185,-0.07267109178301645,2.516483516483518,-0.6549450549450562,34,31,ENABLE
1785583367.4788227,-0.05970092317082454,2.53846153846154,-0.9802197802197803,34,31,ENABLE
1785583367.4838128,-0.04596780346379781,2.6923076923076934,-1.2263736263736256,34,31,ENABLE
1785583367.488822,-0.03185320820935367,2.758241758241759,-1.4813186813186796,34,31,ENABLE
1785583367.4938715,-0.017738612954909527,2.780219780219781,-1.7010989010989022,34,31,ENABLE
1785583367.4988432,-0.004386968795300206,2.6923076923076934,-1.8417582417582423,34,31,ENABLE
1785583367.5038133,0.007820248722056888,2.53846153846154,-1.9120879120879124,34,31,ENABLE
1785583367.5088165,0.018883039597161755,2.340659340659343,-1.9032967032967036,34,31,ENABLE
1785583367.5138216,0.029182879377431803,2.142857142857146,-1.8241758241758248,34,31,ENABLE
1785583367.5188785,0.03871976806286703,1.9670329670329636,-1.7538461538461547,34,31,ENABLE
1785583367.523825,0.047493705653467444,1.7912087912087884,-1.6395604395604408,34,31,ENABLE
1785583367.52881,0.05550469214923304,1.659340659340657,-1.5340659340659357,34,31,ENABLE
1785583367.533809,0.06389715419241604,1.681318681318679,-1.4989010989010971,34,31,ENABLE
1785583367.5388553,0.07267109178301645,1.7252747252747227,-1.5076923076923094,34,31,ENABLE
1785583367.54381,0.08182650492103427,1.8131868131868103,-1.5868131868131883,34,31,ENABLE
1785583367.5488665,0.0913633936064695,1.857142857142854,-1.6747252747252759,34,31,ENABLE
1785583367.5538197,0.10013733119706991,1.7912087912087884,-1.7362637362637372,34,31,ENABLE
1785583367.5590072,0.10852979324025291,1.681318681318679,-1.7362637362637372,34,31,ENABLE
1785583367.563888,0.11654077973601851,1.637362637362635,-1.7274725274725284,34,31,ENABLE
1785583367.5688193,0.12417029068436669,1.5714285714285694,-1.7186813186813197,34,31,ENABLE
1785583367.5738256,0.13179980163271487,1.5494505494505475,-1.6835164835164846,34,31,ENABLE
1785583367.5788224,0.13904783703364565,1.46153846153846,-1.6747252747252759,34,31,ENABLE
1785583367.583822,0.14591439688715901,1.417582417582416,-1.630769230769232,34,31,ENABLE
1785583367.5888267,0.15163653009842015,1.219780219780219,-1.5516483516483532,34,31,ENABLE
1785583367.5938098,0.1573586633096813,1.1318681318681314,-1.4461538461538446,34,31,ENABLE
1785583367.5988185,0.1623178454261076,1.0659340659340657,-1.358241758241757,34,31,ENABLE
1785583367.603857,0.16689555199511652,0.9780219780219781,-1.243956043956043,34,31,ENABLE
1785583367.6088138,0.1707103074692906,0.8241758241758248,-1.1208791208791204,34,31,ENABLE
1785583367.6138215,0.17376211184862989,0.6703296703296715,-0.953846153846154,34,31,ENABLE
1785583367.6188219,0.17528801403829952,0.4505494505494525,-0.7428571428571438,34,31,ENABLE
1785583367.6238806,0.17605096513313434,0.2747252747252773,-0.5054945054945073,34,31,ENABLE
1785583367.6288228,0.17566948958571693,0.010989010989014503,-0.2681318681318672,34,31,ENABLE
1785583367.6338198,0.17566948958571693,-0.0329670329670364,-0.04835164835164818,34,31,ENABLE
1785583367.6388104,0.17566948958571693,0.010989010989014503,0.11868131868131826,34,31,ENABLE
1785583367.6438155,0.17528801403829952,-0.0549450549450583,0.3032967032967022,34,31,ENABLE
1785583367.6488788,0.17299916075379507,-0.3186813186813211,0.5846153846153861,34,31,ENABLE
1785583367.6538076,0.1707103074692906,-0.4505494505494525,0.8395604395604401,34,31,ENABLE
1785583367.6588285,0.16880292973220357,-0.3846153846153868,1.0505494505494504,34,31,ENABLE
1785583367.663859,0.1665140764476991,-0.4285714285714306,1.243956043956043,34,31,ENABLE
1785583367.6688807,0.16422522316319466,-0.4725274725274744,1.4197802197802183,34,31,ENABLE
1785583367.6738226,0.16117341878385538,-0.560439560439562,1.6131868131868146,34,31,ENABLE
1785583367.6788683,0.15888456549935093,-0.4945054945054963,1.7538461538461547,34,31,ENABLE
1785583367.6838207,0.1577401388570987,-0.340659340659343,1.8241758241758248,34,31,ENABLE
1785583367.6889048,0.15659571221484647,-0.2747252747252773,1.8417582417582423,34,31,ENABLE
1785583367.6938589,0.15545128557259424,-0.2307692307692335,1.8769230769230774,34,31,ENABLE
1785583367.6988695,0.15430685893034202,-0.2527472527472554,1.92967032967033,34,31,ENABLE
1785583367.7038672,0.15278095674067238,-0.2967032967032992,2.035164835164835,34,31,ENABLE
1785583367.7089062,0.15087357900358533,-0.3846153846153868,2.149450549450549,34,31,ENABLE
1785583367.7138722,0.1493476768139157,-0.3186813186813211,2.254945054945054,34,31,ENABLE
1785583367.718868,0.14782177462424606,-0.2967032967032992,2.325274725274724,34,31,ENABLE
1785583367.7238212,0.14705882352941124,-0.2527472527472554,2.360439560439559,34,31,ENABLE
1785583367.7288191,0.1455329213397416,-0.2527472527472554,2.4483516483516468,34,31,ENABLE
1785583367.7338228,0.14286259250781974,-0.4725274725274744,2.501098901098903,34,31,ENABLE
1785583367.7388184,0.14362554360265456,-0.0549450549450583,2.474725274725273,34,31,ENABLE
1785583367.7438195,0.1447699702449068,0.120879120879124,2.369230769230768,34,31,ENABLE
1785583367.7488725,0.14667734798199383,0.2527472527472554,2.2021978021978015,34,31,ENABLE
1785583367.7538996,0.14858472571908088,0.3626373626373649,2.043956043956044,34,31,ENABLE
1785583367.7588682,0.15201800564583756,0.5384615384615401,1.850549450549451,34,31,ENABLE
1785583367.763822,0.15468833447775943,0.5164835164835182,1.709890109890111,34,31,ENABLE
1785583367.7688801,0.15850308995193352,0.6923076923076934,1.5428571428571445,34,31,ENABLE
1785583367.7740216,0.16269932097352502,0.8021978021978029,1.3758241758241745,34,31,ENABLE
1785583367.7788057,0.16689555199511652,0.8461538461538467,1.173626373626373,34,31,ENABLE
1785583367.7838006,0.17185473411154284,0.8901098901098905,0.989010989010989,34,31,ENABLE
1785583367.788935,0.17757686732280398,1.021978021978022,0.7868131868131876,34,31,ENABLE
1785583367.793911,0.1825360494392303,1.021978021978022,0.6109890109890124,34,31,ENABLE
1785583367.7991598,0.18749523155565662,0.9780219780219781,0.4615384615384599,34,31,ENABLE
1785583367.803967,0.19207293812466553,0.9340659340659343,0.347252747252746,34,31,ENABLE
1785583367.8086965,0.19588769359883962,0.8461538461538467,0.25054945054944966,34,31,ENABLE
1785583367.8136966,0.1997024490730137,0.780219780219781,0.16263736263736206,34,31,ENABLE
1785583367.8189192,0.2031357289997704,0.6703296703296715,0.1098901098901095,34,31,ENABLE
1785583367.8239205,0.20618753337910967,0.6483516483516496,0.04835164835164818,34,31,ENABLE
1785583367.8288815,0.20885786221103153,0.5824175824175839,-0.00439560439560438,34,31,ENABLE
1785583367.8338788,0.21000228885328376,0.340659340659343,-0.03076923076923066,34,31,ENABLE
1785583367.8388004,0.21114671549553599,0.2307692307692335,-0.03076923076923066,34,31,ENABLE
1785583367.8437593,0.21305409323262303,0.3186813186813211,-0.0659340659340657,34,31,ENABLE
1785583367.848909,0.21457999542229267,0.3186813186813211,-0.13626373626373578,34,31,ENABLE
1785583367.8539271,0.2153429465171275,0.1868131868131897,-0.1978021978021971,34,31,ENABLE
1785583367.8589597,0.21686884870679712,0.2747252747252773,-0.3032967032967022,34,31,ENABLE
1785583367.8639283,0.21877622644388417,0.340659340659343,-0.45274725274725114,34,31,ENABLE
1785583367.868808,0.22068360418097122,0.340659340659343,-0.6285714285714299,34,31,ENABLE
1785583367.8738222,0.22220950637064085,0.3626373626373649,-0.7780219780219788,34,31,ENABLE
1785583367.879194,0.2241168841077279,0.3186813186813211,-0.953846153846154,34,31,ENABLE
1785583367.8838642,0.22602426184481494,0.3626373626373649,-1.0593406593406591,34,31,ENABLE
1785583367.8888085,0.22678721293964976,0.2307692307692335,-1.1648351648351642,34,31,ENABLE
1785583367.8938022,0.22678721293964976,0.0329670329670364,-1.208791208791208,34,31,ENABLE
1785583367.8988051,0.22640573739223235,-0.0329670329670364,-1.2351648351648343,34,31,ENABLE
1785583367.9038086,0.22564278629739754,-0.0989010989011021,-1.243956043956043,34,31,ENABLE
1785583367.9090376,0.2244983596551453,-0.2087912087912116,-1.2527472527472518,34,31,ENABLE
1785583367.9138024,0.22297245746547567,-0.3186813186813211,-1.2615384615384606,34,31,ENABLE
1785583367.9187953,0.22068360418097122,-0.3846153846153868,-1.2615384615384606,34,31,ENABLE
1785583367.9238055,0.21763179980163194,-0.5384615384615401,-1.2175824175824168,34,31,ENABLE
1785583367.9287975,0.21343556878004044,-0.7142857142857153,-1.138461538461538,34,31,ENABLE
1785583367.933805,0.20847638666361412,-0.9120879120879124,-1.0505494505494504,34,31,ENABLE
1785583367.9389255,0.2031357289997704,-1.0,-0.953846153846154,34,31,ENABLE
1785583367.9440293,0.19741359578850926,-1.1098901098901095,-0.8395604395604401,34,31,ENABLE
1785583367.9489224,0.1909285114824133,-1.1758241758241752,-0.7604395604395613,34,31,ENABLE
1785583367.9538121,0.18444342717631734,-1.3296703296703285,-0.6549450549450562,34,31,ENABLE
1785583367.9588037,0.17719539177538657,-1.46153846153846,-0.5670329670329686,34,31,ENABLE
1785583367.9638553,0.16918440527962098,-1.5274725274725256,-0.4615384615384599,34,31,ENABLE
1785583367.9688041,0.1615548943312728,-1.5714285714285694,-0.3736263736263723,34,31,ENABLE
1785583367.9737945,0.1531624322880898,-1.681318681318679,-0.2857142857142847,34,31,ENABLE
1785583367.9787986,0.1447699702449068,-1.659340659340657,-0.21538461538461462,34,31,ENABLE
1785583367.983807,0.1367589837491412,-1.659340659340657,-0.18021978021977958,34,31,ENABLE
1785583367.9888012,0.1283665217059582,-1.659340659340657,-0.11868131868131826,34,31,ENABLE
1785583367.9937954,0.11768520637827073,-2.0109890109890145,0.01318681318681314,34,31,ENABLE
1785583367.9987938,0.10624093995574846,-2.164835164835168,0.20659340659340586,34,31,ENABLE
1785583368.0037978,0.09632257572289582,-2.0549450549450583,0.38241758241758106,34,31,ENABLE
1785583368.0088203,0.08525978484779095,-2.1868131868131897,0.549450549450551,34,31,ENABLE
1785583368.0137968,0.0745784695201035,-2.2087912087912116,0.6637362637362649,34,31,ENABLE
1785583368.018798,0.06504158083466827,-2.0109890109890145,0.7164835164835175,34,31,ENABLE
1785583368.0237913,0.05436026550698081,-2.098901098901102,0.7780219780219788,34,31,ENABLE
1785583368.028793,0.04367895017929335,-2.098901098901102,0.8483516483516489,34,31,ENABLE
1785583368.0337954,0.03490501258869294,-1.9450549450549417,0.8219780219780226,34,31,ENABLE
1785583368.038802,0.027275501640344757,-1.7032967032967008,0.7252747252747263,34,31,ENABLE
1785583368.0437932,0.019645990691996573,-1.6153846153846132,0.6461538461538474,34,31,ENABLE
1785583368.048839,0.012779430838483208,-1.46153846153846,0.5054945054945073,34,31,ENABLE
1785583368.0538058,0.007438773174639479,-1.2637362637362628,0.36483516483516354,34,31,ENABLE
1785583368.0588017,0.002861066605630569,-1.021978021978022,0.18021978021977958,34,31,ENABLE
1785583368.063789,-0.000953688868543523,-0.8681318681318686,-0.01318681318681314,34,31,ENABLE
1785583368.068799,-0.004386968795300206,-0.7362637362637372,-0.22417582417582338,34,31,ENABLE
1785583368.073806,-0.008583199816891707,-0.8241758241758248,-0.4175824175824161,34,31,ENABLE
1785583368.0787978,-0.008583199816891707,-0.3186813186813211,-0.7516483516483525,34,31,ENABLE
1785583368.0837946,-0.008583199816891707,-0.120879120879124,-1.0945054945054942,34,31,ENABLE
1785583368.088795,-0.008583199816891707,-0.0549450549450583,-1.4197802197802183,34,31,ENABLE
1785583368.0937996,-0.008201724269474298,0.010989010989014503,-1.6747252747252759,34,31,ENABLE
1785583368.0987988,-0.008201724269474298,0.010989010989014503,-1.9032967032967036,34,31,ENABLE
1785583368.103796,-0.007820248722056888,0.0549450549450583,-2.105494505494505,34,31,ENABLE
1785583368.1087945,-0.006675822079804661,0.1428571428571459,-2.325274725274726,34,31,ENABLE
1785583368.113792,-0.004768444342717615,0.2527472527472554,-2.571428571428571,34,31,ENABLE
1785583368.1187935,-0.0040054932478827965,0.1868131868131897,-2.7736263736263744,34,31,ENABLE
1785583368.1237926,-0.003242542153047978,0.1868131868131897,-2.931868131868132,34,31,ENABLE
1785583368.1287932,-0.0017166399633783413,0.2527472527472554,-3.1340659340659336,34,31,ENABLE
1785583368.1338005,-0.0001907377737087046,0.2747252747252773,-3.3098901098901106,34,31,ENABLE
1785583368.138795,0.0001907377737087046,0.1428571428571459,-3.432967032967033,34,31,ENABLE
1785583368.1437926,0.0013351644159609322,0.1428571428571459,-3.5648351648351646,34,31,ENABLE
1785583368.1487963,0.0024795910582131597,0.2087912087912116,-3.696703296703296,34,31,ENABLE
1785583368.153806,0.003242542153047978,0.1648351648351678,-3.863736263736264,34,31,ENABLE
1785583368.1588037,0.0040054932478827965,0.1428571428571459,-3.9956043956043956,34,31,ENABLE
1785583368.1638246,0.0040054932478827965,0.0549450549450583,-4.0747252747252745,34,31,ENABLE
1785583368.1688159,0.0036240177004653873,-0.0329670329670364,-4.127472527472527,34,31,ENABLE
1785583368.1738434,0.003242542153047978,-0.0549450549450583,-4.18021978021978,34,31,ENABLE
1785583368.1787949,0.002861066605630569,-0.0769230769230802,-4.25934065934066,34,31,ENABLE
1785583368.1837974,0.0020981155107957505,-0.1428571428571459,-4.3208791208791215,34,31,ENABLE
1785583368.1888056,0.000953688868543523,-0.2307692307692335,-4.338461538461539,34,31,ENABLE
1785583368.1937907,-0.0013351644159609322,-0.3186813186813211,-4.303296703296704,34,31,ENABLE
1785583368.1987932,-0.005149919890135024,-0.6263736263736277,-4.197802197802197,34,31,ENABLE
1785583368.2038054,-0.009346150911726525,-0.780219780219781,-4.030769230769231,34,31,ENABLE
1785583368.2088003,-0.015068284122987663,-0.9780219780219781,-3.8461538461538467,34,31,ENABLE
1785583368.2137942,-0.02117189288166621,-1.1758241758241752,-3.652747252747252,34,31,ENABLE
1785583368.2187874,-0.027275501640344757,-1.219780219780219,-3.4593406593406595,34,31,ENABLE
1785583368.223798,-0.03490501258869294,-1.3956043956043942,-3.2483516483516475,34,31,ENABLE
1785583368.2287877,-0.042915999084458534,-1.5494505494505475,-3.0285714285714285,34,31,ENABLE
1785583368.2337897,-0.052071412222476354,-1.7252747252747227,-2.7736263736263744,34,31,ENABLE
1785583368.2388313,-0.06198977645532899,-1.879120879120876,-2.474725274725275,34,31,ENABLE
1785583368.243793,-0.07228961623559904,-2.0549450549450583,-2.1582417582417577,34,31,ENABLE
1785583368.2488012,-0.08373388265812132,-2.2087912087912116,-1.850549450549451,34,31,ENABLE
1785583368.2537897,-0.09517814908064359,-2.2307692307692335,-1.5516483516483532,34,31,ENABLE
1785583368.2588127,-0.10700389105058328,-2.340659340659343,-1.2263736263736256,34,31,ENABLE
1785583368.2638202,-0.11959258411535778,-2.4505494505494525,-0.8923076923076927,34,31,ENABLE
1785583368.2688112,-0.13447013046463674,-2.8461538461538467,-0.4791208791208774,34,31,ENABLE
1785583368.273824,-0.15049210345616792,-3.0879120879120876,-0.07472527472527446,34,31,ENABLE
1785583368.2788029,-0.1661326009002817,-3.0879120879120876,0.38241758241758106,34,31,ENABLE
1785583368.2837975,-0.1783398184176388,-2.6703296703296715,0.6637362637362649,34,31,ENABLE
1785583368.2888212,-0.18787670710307403,-2.2087912087912116,0.7164835164835175,34,31,ENABLE
1785583368.293796,-0.1989394979781789,-2.1868131868131897,0.8395604395604401,34,31,ENABLE
1785583368.2988029,-0.21343556878004044,-2.7142857142857153,1.1560439560439555,34,31,ENABLE
1785583368.3038342,-0.227931639581902,-2.802197802197803,1.5692307692307708,34,31,ENABLE
1785583368.3088098,-0.24166475928892872,-2.802197802197803,2.0,34,31,ENABLE
1785583368.313816,-0.2550164034485398,-2.6923076923076934,2.3164835164835154,34,31,ENABLE
1785583368.318795,-0.2672236209658969,-2.582417582417584,2.562637362637364,34,31,ENABLE
1785583368.3237967,-0.27714198519874955,-2.2087912087912116,2.6241758241758255,34,31,ENABLE
1785583368.3288088,-0.2836270695048455,-1.5934065934065913,2.527472527472529,34,31,ENABLE
1785583368.333805,-0.28934920271610665,-1.2637362637362628,2.4131868131868117,34,31,ENABLE
1785583368.3387966,-0.2950713359273678,-1.197802197802197,2.3076923076923066,34,31,ENABLE
1785583368.343792,-0.2996490424963767,-1.0659340659340657,2.2725274725274716,34,31,ENABLE
1785583368.3487992,-0.3034637979705508,-0.8901098901098905,2.254945054945054,34,31,ENABLE
1785583368.3537974,-0.30613412680247265,-0.6923076923076934,2.1934065934065927,34,31,ENABLE
1785583368.3588078,-0.3080415045395597,-0.4725274725274744,2.1582417582417577,34,31,ENABLE
1785583368.3637848,-0.30994888227664674,-0.4285714285714306,2.1318681318681314,34,31,ENABLE
1785583368.3688068,-0.31033035782406415,-0.2307692307692335,2.079120879120879,34,31,ENABLE
1785583368.3737946,-0.30994888227664674,-0.0329670329670364,2.0263736263736263,34,31,ENABLE
1785583368.3787882,-0.30956740672922933,0.0549450549450583,1.964835164835165,34,31,ENABLE
1785583368.38379,-0.3091859311818119,0.0549450549450583,1.9560439560439562,34,31,ENABLE
1785583368.3887975,-0.3088044556343945,0.0329670329670364,1.9912087912087912,34,31,ENABLE
1785583368.3938036,-0.3076600289921423,0.1428571428571459,2.0087912087912088,34,31,ENABLE
1785583368.3987904,-0.30613412680247265,0.2527472527472554,1.9912087912087912,34,31,ENABLE
1785583368.403798,-0.30270084687571597,0.5384615384615401,1.9032967032967036,34,31,ENABLE
1785583368.4088185,-0.2988860914015419,0.7362637362637372,1.7714285714285722,34,31,ENABLE
1785583368.4138157,-0.2946898603799504,0.8021978021978029,1.6571428571428584,34,31,ENABLE
1785583368.4188044,-0.28973067826352406,0.8901098901098905,1.5340659340659357,34,31,ENABLE
1785583368.4238005,-0.2843900205996803,1.0,1.4461538461538446,34,31,ENABLE
1785583368.428801,-0.2790493629358366,1.0659340659340657,1.358241758241757,34,31,ENABLE
1785583368.4337866,-0.27294575417715805,1.1098901098901095,1.287912087912087,34,31,ENABLE
1785583368.4388,-0.2668421454184795,1.1758241758241752,1.208791208791208,34,31,ENABLE
1785583368.4438016,-0.26073853665980096,1.1758241758241752,1.1560439560439555,34,31,ENABLE
1785583368.4488003,-0.2546349279011224,1.219780219780219,1.103296703296703,34,31,ENABLE
1785583368.4538157,-0.24814984359502468,1.241758241758241,1.0945054945054942,34,31,ENABLE
1785583368.4588416,-0.24204623483634613,1.219780219780219,1.068131868131868,34,31,ENABLE
1785583368.4637926,-0.23556115053025017,1.3076923076923066,1.0417582417582416,34,31,ENABLE
1785583368.468799,-0.2286945906767368,1.3076923076923066,0.989010989010989,34,31,ENABLE
1785583368.4739184,-0.22144655527580603,1.3516483516483504,0.9362637362637365,34,31,ENABLE
1785583368.4789255,-0.21457999542229267,1.417582417582416,0.8923076923076927,34,31,ENABLE
1785583368.4837952,-0.2073319600213619,1.3736263736263723,0.8747252747252752,34,31,ENABLE
1785583368.4887996,-0.20046540016784853,1.3736263736263723,0.8483516483516489,34,31,ENABLE
1785583368.493789,-0.19321736476691775,1.417582417582416,0.8395604395604401,34,31,ENABLE
1785583368.498797,-0.18596932936598698,1.46153846153846,0.8219780219780226,34,31,ENABLE
1785583368.5037918,-0.1783398184176388,1.46153846153846,0.7780219780219788,34,31,ENABLE
1785583368.5087826,-0.1707103074692906,1.4835164835164818,0.7604395604395613,34,31,ENABLE
1785583368.5137842,-0.1623178454261076,1.6153846153846132,0.6637362637362649,34,31,ENABLE
1785583368.5188284,-0.15278095674067238,1.8131868131868103,0.5318681318681335,34,31,ENABLE
1785583368.5237978,-0.14324406805523715,1.901098901098898,0.38241758241758106,34,31,ENABLE
1785583368.5287938,-0.1325627527275497,2.0109890109890145,0.2417582417582409,34,31,ENABLE
1785583368.533788,-0.12264438849469705,1.9890109890109855,0.13626373626373578,34,31,ENABLE
1785583368.538813,-0.11310749980926182,1.879120879120876,0.07472527472527446,34,31,ENABLE
1785583368.5437915,-0.1035706111238266,1.9450549450549417,0.01318681318681314,34,31,ENABLE
1785583368.5488002,-0.09060044251163468,2.340659340659343,-0.14505494505494454,34,31,ENABLE
1785583368.5537918,-0.07724879835202536,2.582417582417584,-0.45274725274725114,34,31,ENABLE
1785583368.5588055,-0.06313420309758122,2.6923076923076934,-0.8219780219780226,34,31,ENABLE
1785583368.5637903,-0.04901960784313708,2.758241758241759,-1.1120879120879117,34,31,ENABLE
1785583368.5687933,-0.03452353704127553,2.8901098901098905,-1.3670329670329657,34,31,ENABLE
1785583368.5737891,-0.02040894178683139,2.802197802197803,-1.560439560439562,34,31,ENABLE
1785583368.578785,-0.007438773174639479,2.7142857142857153,-1.6571428571428584,34,31,ENABLE
1785583368.5839088,0.006294346532387252,2.6703296703296715,-1.7714285714285722,34,31,ENABLE
1785583368.5889184,0.019264515144579164,2.6263736263736277,-1.850549450549451,34,31,ENABLE
1785583368.5938013,0.03147173266193626,2.516483516483518,-1.8945054945054949,34,31,ENABLE
1785583368.598794,0.042915999084458534,2.362637362637365,-1.9032967032967036,34,31,ENABLE
1785583368.6037958,0.05321583886472858,2.1868131868131897,-1.8681318681318686,34,31,ENABLE
1785583368.6088066,0.06389715419241604,2.120879120879124,-1.8593406593406598,34,31,ENABLE
1785583368.6137934,0.0749599450675209,2.1868131868131897,-1.8945054945054949,34,31,ENABLE
1785583368.6187942,0.08564126039520836,2.164835164835168,-1.9472527472527474,34,31,ENABLE
1785583368.6237953,0.09594110017547841,2.07692307692308,-1.964835164835165,34,31,ENABLE
1785583368.6287963,0.10547798886091364,1.9890109890109855,-1.9736263736263737,34,31,ENABLE
1785583368.6337886,0.11501487754634887,1.901098901098898,-2.0,34,31,ENABLE
1785583368.6387892,0.12417029068436669,1.857142857142854,-2.0,34,31,ENABLE
1785583368.643798,0.1333257038223845,1.8131868131868103,-1.9912087912087912,34,31,ENABLE
1785583368.6487975,0.14248111696040233,1.7912087912087884,-2.0087912087912088,34,31,ENABLE
1785583368.6537921,0.15087357900358533,1.7252747252747227,-2.0263736263736263,34,31,ENABLE
1785583368.6587946,0.15888456549935093,1.659340659340657,-2.0,34,31,ENABLE
1785583368.663809,0.1665140764476991,1.5714285714285694,-1.964835164835165,34,31,ENABLE
1785583368.6687982,0.17376211184862989,1.4835164835164818,-1.9384615384615387,34,31,ENABLE
1785583368.6737988,0.17986572060730843,1.3076923076923066,-1.8241758241758248,34,31,ENABLE
1785583368.6787882,0.18520637827115216,1.1318681318681314,-1.7010989010989022,34,31,ENABLE
1785583368.6838317,0.18863965819790884,0.8681318681318686,-1.4989010989010971,34,31,ENABLE
1785583368.6889179,0.1913099870298307,0.6483516483516496,-1.2527472527472518,34,31,ENABLE
1785583368.6938503,0.19245441367208294,0.3626373626373649,-0.9626373626373628,34,31,ENABLE
1785583368.698793,0.19283588921950034,0.1428571428571459,-0.6813186813186825,34,31,ENABLE
1785583368.7038066,0.19245441367208294,0.010989010989014503,-0.4175824175824161,34,31,ENABLE
1785583368.708799,0.19169146257724812,-0.0549450549450583,-0.1978021978021971,34,31,ENABLE
1785583368.7138066,0.19169146257724812,-0.0549450549450583,-0.0219780219780219,34,31,ENABLE
1785583368.71879,0.1909285114824133,-0.0989010989011021,0.1538461538461533,34,31,ENABLE
1785583368.7237902,0.18825818265049143,-0.4285714285714306,0.4175824175824161,34,31,ENABLE
1785583368.7287998,0.18520637827115216,-0.5164835164835182,0.7428571428571438,34,31,ENABLE
1785583368.733796,0.18177309834439548,-0.6703296703296715,1.0505494505494504,34,31,ENABLE
1785583368.738788,0.17719539177538657,-0.8241758241758248,1.3494505494505482,34,31,ENABLE
1785583368.743785,0.17299916075379507,-0.8461538461538467,1.630769230769232,34,31,ENABLE
1785583368.748795,0.16880292973220357,-0.8241758241758248,1.8593406593406598,34,31,ENABLE
1785583368.7537935,0.16422522316319466,-0.8901098901098905,2.0527472527472526,34,31,ENABLE
1785583368.7587907,0.16079194323643797,-0.780219780219781,2.1934065934065927,34,31,ENABLE
1785583368.7637875,0.1581216144045161,-0.6263736263736277,2.254945054945054,34,31,ENABLE
1785583368.76879,0.15621423666742906,-0.4505494505494525,2.2461538461538453,34,31,ENABLE
1785583368.7738328,0.15506981002517684,-0.340659340659343,2.2109890109890102,34,31,ENABLE
1785583368.7787993,0.15430685893034202,-0.2087912087912116,2.184615384615384,34,31,ENABLE
1785583368.783792,0.1531624322880898,-0.2087912087912116,2.2021978021978015,34,31,ENABLE
1785583368.7887926,0.15087357900358533,-0.3846153846153868,2.2813186813186803,34,31,ENABLE
1785583368.7937956,0.14744029907682865,-0.5164835164835182,2.5098901098901116,34,31,ENABLE
1785583368.798791,0.14019226367589788,-1.197802197802197,2.9230769230769234,34,31,ENABLE
1785583368.8037972,0.13561455710688897,-1.0659340659340657,3.16043956043956,34,31,ENABLE
1785583368.8087895,0.13561455710688897,-0.340659340659343,3.1076923076923073,34,31,ENABLE
1785583368.8138309,0.13599603265430638,-0.0549450549450583,2.8879120879120883,34,31,ENABLE
1785583368.8187885,0.1371404592965586,0.0989010989011021,2.6153846153846168,34,31,ENABLE
1785583368.8237867,0.14019226367589788,0.4285714285714306,2.3164835164835154,34,31,ENABLE
1785583368.8287911,0.14248111696040233,0.4505494505494525,2.1230769230769226,34,31,ENABLE
1785583368.8337913,0.1451514457923242,0.4725274725274744,1.9736263736263737,34,31,ENABLE
1785583368.8387997,0.14820325017166347,0.560439560439562,1.8241758241758248,34,31,ENABLE
1785583368.8437939,0.15201800564583756,0.6923076923076934,1.6219780219780233,34,31,ENABLE
1785583368.8487957,0.1573586633096813,0.9120879120879124,1.393406593406592,34,31,ENABLE
1785583368.8538427,0.1623178454261076,0.9780219780219781,1.1560439560439555,34,31,ENABLE
1785583368.8589175,0.16689555199511652,0.9780219780219781,0.9626373626373628,34,31,ENABLE
1785583368.8638484,0.17147325856412543,0.9120879120879124,0.8043956043956051,34,31,ENABLE
1785583368.8688004,0.17643244068055175,0.9120879120879124,0.6461538461538474,34,31,ENABLE
1785583368.8737946,0.18139162279697807,0.9120879120879124,0.5054945054945073,34,31,ENABLE
1785583368.878798,0.18596932936598698,0.9340659340659343,0.3560439560439548,34,31,ENABLE
1785583368.8837912,0.1909285114824133,0.9780219780219781,0.20659340659340586,34,31,ENABLE
1785583368.8888013,0.1951247425040048,0.9120879120879124,0.07472527472527446,34,31,ENABLE
1785583368.8937943,0.1993209735255963,0.8461538461538467,-0.04835164835164818,34,31,ENABLE
1785583368.898801,0.20160982681010076,0.560439560439562,-0.10109890109890074,34,31,ENABLE
1785583368.9037998,0.20275425345235298,0.3626373626373649,-0.11868131868131826,34,31,ENABLE
1785583368.9087892,0.20542458228427485,0.4725274725274744,-0.1538461538461533,34,31,ENABLE
1785583368.9137847,0.20847638666361412,0.560439560439562,-0.2681318681318672,34,31,ENABLE
1785583368.9187853,0.21114671549553599,0.4945054945054963,-0.4351648351648336,34,31,ENABLE
1785583368.9237897,0.21343556878004044,0.5164835164835182,-0.5934065934065949,34,31,ENABLE
1785583368.928788,0.2161058976119623,0.5164835164835182,-0.7516483516483525,34,31,ENABLE
1785583368.9337857,0.21839475089646676,0.4725274725274744,-0.9010989010989015,34,31,ENABLE
1785583368.9387894,0.22068360418097122,0.4285714285714306,-1.0593406593406591,34,31,ENABLE
1785583368.9437833,0.22259098191805826,0.4065934065934087,-1.1912087912087905,34,31,ENABLE
1785583368.948795,0.2244983596551453,0.340659340659343,-1.3054945054945044,34,31,ENABLE
1785583368.9539883,0.22602426184481494,0.3186813186813211,-1.4021978021978008,34,31,ENABLE
1785583368.9588017,0.22640573739223235,0.1868131868131897,-1.4813186813186796,34,31,ENABLE
1785583368.963801,0.22640573739223235,0.0329670329670364,-1.525274725274727,34,31,ENABLE
1785583368.968794,0.22564278629739754,-0.0769230769230802,-1.5516483516483532,34,31,ENABLE
1785583368.9737995,0.2241168841077279,-0.2527472527472554,-1.5428571428571445,34,31,ENABLE
1785583368.9787853,0.22220950637064085,-0.3626373626373649,-1.5164835164835182,34,31,ENABLE
1785583368.9838455,0.21915770199130158,-0.5384615384615401,-1.4989010989010971,34,31,ENABLE
1785583368.9889188,0.2157244220645449,-0.6043956043956058,-1.428571428571427,34,31,ENABLE
1785583368.9939048,0.21114671549553599,-0.8461538461538467,-1.3318681318681307,34,31,ENABLE
1785583368.9987888,0.20504310673685744,-1.0879120879120876,-1.208791208791208,34,31,ENABLE
1785583369.0037987,0.19855802243076148,-1.241758241758241,-1.0593406593406591,34,31,ENABLE
1785583369.0087934,0.1913099870298307,-1.3296703296703285,-0.9098901098901102,34,31,ENABLE
1785583369.0137897,0.18368047608148252,-1.4835164835164818,-0.76923076923077,34,31,ENABLE
1785583369.0187824,0.1749065384908821,-1.659340659340657,-0.6109890109890124,34,31,ENABLE
1785583369.0237937,0.16536964980544688,-1.8351648351648322,-0.4439560439560424,34,31,ENABLE
1785583369.0288215,0.15621423666742906,-1.879120879120876,-0.3032967032967022,34,31,ENABLE
1785583369.033788,0.14667734798199383,-1.857142857142854,-0.20659340659340586,34,31,ENABLE
1785583369.0387874,0.137521934843976,-1.857142857142854,-0.1538461538461533,34,31,ENABLE
1785583369.0437903,0.12607766842145374,-2.142857142857146,-0.01318681318681314,34,31,ENABLE
1785583369.0488043,0.11310749980926182,-2.4505494505494525,0.22417582417582338,34,31,ENABLE
1785583369.0538015,0.10204470893415696,-2.340659340659343,0.42637362637362486,34,31,ENABLE
1785583369.0587845,0.09060044251163468,-2.296703296703299,0.6021978021978036,34,31,ENABLE
1785583369.0637822,0.078774700541695,-2.340659340659343,0.7164835164835175,34,31,ENABLE
1785583369.0688028,0.06771190966659013,-2.2307692307692335,0.7780219780219788,34,31,ENABLE
1785583369.0737896,0.056649118791485265,-2.2527472527472554,0.8659340659340664,34,31,ENABLE
1785583369.0787952,0.0455863279163804,-2.2527472527472554,0.9098901098901102,34,31,ENABLE
1785583369.0837874,0.03604943923094517,-2.0329670329670364,0.8747252747252752,34,31,ENABLE
1785583369.088803,0.026894026092927348,-1.9670329670329636,0.8483516483516489,34,31,ENABLE
1785583369.0938044,0.01583123521782248,-2.120879120879124,0.9098901098901102,34,31,ENABLE
1785583369.0987866,0.006294346532387252,-2.0109890109890145,0.918681318681319,34,31,ENABLE
1785583369.1037858,-0.0001907377737087046,-1.5494505494505475,0.734065934065935,34,31,ENABLE
1785583369.1088133,-0.004768444342717615,-1.1538461538461533,0.47032967032966866,34,31,ENABLE
1785583369.113798,-0.008583199816891707,-0.8901098901098905,0.18021978021977958,34,31,ENABLE
1785583369.118919,-0.010490577553978753,-0.5824175824175839,-0.13626373626373578,34,31,ENABLE
1785583369.123871,-0.013923857480735435,-0.6263736263736277,-0.3912087912087898,34,31,ENABLE
1785583369.1287928,-0.015068284122987663,-0.4285714285714306,-0.76923076923077,34,31,ENABLE
1785583369.133792,-0.015068284122987663,-0.1428571428571459,-1.068131868131868,34,31,ENABLE
1785583369.1387975,-0.01583123521782248,-0.1428571428571459,-1.3494505494505482,34,31,ENABLE
1785583369.1437984,-0.01583123521782248,-0.0549450549450583,-1.6131868131868146,34,31,ENABLE
1785583369.1487944,-0.014686808575570254,0.0989010989011021,-1.8945054945054949,34,31,ENABLE
1785583369.1537964,-0.012779430838483208,0.2747252747252773,-2.2021978021978015,34,31,ENABLE
1785583369.158809,-0.010872053101396162,0.340659340659343,-2.501098901098901,34,31,ENABLE
1785583369.163806,-0.007820248722056888,0.4945054945054963,-2.8175824175824182,34,31,ENABLE
1785583369.1687899,-0.0036240177004653873,0.7142857142857153,-3.2043956043956037,34,31,ENABLE
1785583369.1738257,-0.0005722133211261138,0.6923076923076934,-3.4857142857142858,34,31,ENABLE
1785583369.1787915,0.0017166399633783413,0.4945054945054963,-3.6879120879120872,34,31,ENABLE
1785583369.1837845,0.004768444342717615,0.5384615384615401,-3.8813186813186817,34,31,ENABLE
1785583369.188794,0.008583199816891707,0.6703296703296715,-4.118681318681318,34,31,ENABLE
1785583369.1938243,0.011253528648813571,0.6043956043956058,-4.303296703296704,34,31,ENABLE
1785583369.198789,0.012397955291065799,0.3626373626373649,-4.408791208791209,34,31,ENABLE
1785583369.2037885,0.012779430838483208,0.1648351648351678,-4.408791208791209,34,31,ENABLE
1785583369.2087896,0.012779430838483208,0.0329670329670364,-4.408791208791209,34,31,ENABLE
1785583369.2137976,0.012397955291065799,-0.010989010989014503,-4.426373626373627,34,31,ENABLE
1785583369.2187917,0.01201647974364839,-0.0769230769230802,-4.47032967032967,34,31,ENABLE
1785583369.2238066,0.011253528648813571,-0.1428571428571459,-4.514285714285714,34,31,ENABLE
1785583369.228793,0.010109102006561344,-0.1868131868131897,-4.558241758241758,34,31,ENABLE
1785583369.233791,0.008583199816891707,-0.2967032967032992,-4.558241758241758,34,31,ENABLE
1785583369.2387898,0.006675822079804661,-0.3626373626373649,-4.523076923076923,34,31,ENABLE
1785583369.2437863,0.002861066605630569,-0.5824175824175839,-4.426373626373627,34,31,ENABLE
1785583369.2487948,-0.0013351644159609322,-0.780219780219781,-4.303296703296704,34,31,ENABLE
1785583369.2537837,-0.006675822079804661,-0.9340659340659343,-4.153846153846153,34,31,ENABLE
1785583369.25895,-0.01201647974364839,-1.0439560439560438,-3.9692307692307693,34,31,ENABLE
1785583369.2638683,-0.018501564049744346,-1.219780219780219,-3.7758241758241766,34,31,ENABLE
1785583369.268796,-0.024986648355840302,-1.3076923076923066,-3.5999999999999996,34,31,ENABLE
1785583369.2737923,-0.032997634851605895,-1.46153846153846,-3.3890109890109894,34,31,ENABLE
1785583369.2788231,-0.0413900968947889,-1.5934065934065913,-3.1692307692307686,34,31,ENABLE
1785583369.2838066,-0.05054551003280672,-1.8131868131868103,-2.8879120879120883,34,31,ENABLE
1785583369.2887979,-0.061226825360494175,-1.9890109890109855,-2.5626373626373624,34,31,ENABLE
1785583369.2937932,-0.07190814068818163,-2.098901098901102,-2.2461538461538453,34,31,ENABLE
1785583369.2987866,-0.08220798046845168,-2.0549450549450583,-1.9912087912087912,34,31,ENABLE
1785583369.304011,-0.09403372243839137,-2.2307692307692335,-1.6659340659340671,34,31,ENABLE
1785583369.3088048,-0.11043717097733996,-2.978021978021978,-1.0417582417582416,34,31,ENABLE
1785583369.3141658,-0.12989242389562783,-3.5054945054945037,-0.4175824175824161,34,31,ENABLE
1785583369.3191957,-0.14705882352941124,-3.3296703296703285,0.18021978021977958,34,31,ENABLE
1785583369.3240602,-0.16117341878385538,-3.0879120879120876,0.549450549450551,34,31,ENABLE
1785583369.3287628,-0.17719539177538657,-3.263736263736263,0.9714285714285715,34,31,ENABLE
1785583369.333702,-0.19321736476691775,-3.219780219780219,1.3054945054945044,34,31,ENABLE
1785583369.3386748,-0.20695048447394448,-2.9120879120879124,1.560439560439562,34,31,ENABLE
1785583369.3437536,-0.22106507972838862,-2.8681318681318686,1.7890109890109898,34,31,ENABLE
1785583369.348809,-0.23441672388799795,-2.7142857142857153,1.964835164835165,34,31,ENABLE
1785583369.3535457,-0.24586099031052022,-2.53846153846154,2.14065934065934,34,31,ENABLE
1785583369.3584526,-0.25577935454337464,-2.1868131868131897,2.175824175824175,34,31,ENABLE
1785583369.363679,-0.262645914396888,-1.5934065934065913,2.0615384615384613,34,31,ENABLE
1785583369.368763,-0.2718013275349058,-1.7472527472527446,2.149450549450549,34,31,ENABLE
1785583369.3739932,-0.28210116731517587,-1.9450549450549417,2.334065934065933,34,31,ENABLE
1785583369.379039,-0.2916380560006111,-1.9230769230769198,2.5978021978021992,34,31,ENABLE
1785583369.3838751,-0.2988860914015419,-1.659340659340657,2.7296703296703306,34,31,ENABLE
1785583369.38891,-0.3042267490653856,-1.3076923076923066,2.7736263736263744,34,31,ENABLE
1785583369.393896,-0.3076600289921423,-0.9120879120879124,2.650549450549452,34,31,ENABLE
1785583369.3988295,-0.3088044556343945,-0.4945054945054963,2.4307692307692292,34,31,ENABLE
1785583369.4039001,-0.3088044556343945,-0.1648351648351678,2.2373626373626365,34,31,ENABLE
1785583369.408841,-0.3091859311818119,-0.1428571428571459,2.1318681318681314,34,31,ENABLE
1785583369.4139683,-0.30956740672922933,-0.120879120879124,2.0967032967032964,34,31,ENABLE
1785583369.4188612,-0.30956740672922933,-0.0329670329670364,2.114285714285714,34,31,ENABLE
1785583369.4238846,-0.3091859311818119,0.0329670329670364,2.14065934065934,34,31,ENABLE
1785583369.4288354,-0.3084229800869771,0.0989010989011021,2.149450549450549,34,31,ENABLE
1785583369.4338293,-0.3072785534447249,0.2087912087912116,2.14065934065934,34,31,ENABLE
1785583369.4388356,-0.30537117570763783,0.2967032967032992,2.14065934065934,34,31,ENABLE
1785583369.4438267,-0.3030823224231334,0.4285714285714306,2.14065934065934,34,31,ENABLE
1785583369.448887,-0.30193789578088115,0.3186813186813211,2.1670329670329664,34,31,ENABLE
1785583369.4539106,-0.2996490424963767,0.4065934065934087,2.2285714285714278,34,31,ENABLE
1785583369.458838,-0.29850461585412447,0.2747252747252773,2.298901098901098,34,31,ENABLE
1785583369.4638267,-0.2958342870222026,0.4065934065934087,2.360439560439559,34,31,ENABLE
1785583369.4688518,-0.29354543373769815,0.4505494505494525,2.3868131868131854,34,31,ENABLE
1785583369.4739087,-0.29011215381094146,0.5824175824175839,2.360439560439559,34,31,ENABLE
1785583369.478883,-0.28553444724193255,0.8021978021978029,2.3164835164835154,34,31,ENABLE
1785583369.4838724,-0.2801937895780888,0.9340659340659343,2.1934065934065927,34,31,ENABLE
1785583369.4888833,-0.2744716563668277,1.1098901098901095,2.0879120879120876,34,31,ENABLE
1785583369.493834,-0.26836804760814914,1.1538461538461533,1.9912087912087912,34,31,ENABLE
1785583369.498825,-0.2615014877546358,1.2637362637362628,1.8945054945054949,34,31,ENABLE
1785583369.503826,-0.254253452353705,1.3956043956043942,1.7890109890109898,34,31,ENABLE
1785583369.508825,-0.24662394140535504,1.46153846153846,1.7010989010989022,34,31,ENABLE
1785583369.513827,-0.23861295490958945,1.5494505494505475,1.5868131868131883,34,31,ENABLE
1785583369.5188217,-0.22945754177157163,1.7252747252747227,1.4549450549450533,34,31,ENABLE
1785583369.5238235,-0.2203021286335538,1.7692307692307665,1.3318681318681307,34,31,ENABLE
1785583369.5288248,-0.2115281910429534,1.7472527472527446,1.2527472527472518,34,31,ENABLE
1785583369.5338209,-0.20275425345235298,1.7692307692307665,1.173626373626373,34,31,ENABLE
1785583369.5388796,-0.19283588921950034,1.901098901098898,1.0857142857142854,34,31,ENABLE
1785583369.5438282,-0.18177309834439548,2.098901098901102,0.9274725274725277,34,31,ENABLE
1785583369.5488522,-0.1707103074692906,2.142857142857146,0.7604395604395613,34,31,ENABLE
1785583369.5538228,-0.15888456549935093,2.2527472527472554,0.5758241758241773,34,31,ENABLE
1785583369.5589068,-0.1455329213397416,2.4945054945054963,0.33846153846153726,34,31,ENABLE
1785583369.5638309,-0.1325627527275497,2.604395604395606,0.14505494505494454,34,31,ENABLE
1785583369.5688226,-0.11997405966277519,2.4945054945054963,0.0219780219780219,34,31,ENABLE
1785583369.5738242,-0.10852979324025291,2.340659340659343,-0.07472527472527446,34,31,ENABLE
1785583369.57882,-0.09517814908064359,2.582417582417584,-0.22417582417582338,34,31,DISABLING
