time,t_rel,target_pos
1785583349.5779169,3.148000004671303e-06,3.5603066495044563e-07
1785583349.582885,0.005176739999996016,0.0005861564070089173
1785583349.5878105,0.010105166999991866,0.0011454582265105829
1785583349.5926554,0.015086722999996027,0.00171203430789962
1785583349.5976748,0.02013024199999336,0.002286926965074241
1785583349.6026528,0.025089632000003803,0.0028534695598770457
1785583349.607688,0.030131909999994377,0.0034307350429452987
1785583349.6126971,0.035094669999992334,0.0040001256611844555
1785583349.6176927,0.0400928370000031,0.004574804631318023
1785583349.622657,0.04508989299999655,0.005150579687221797
1785583349.6276472,0.05008907900000281,0.005727818409967104
1785583349.632667,0.055091950000004886,0.006306696156828721
1785583349.637642,0.06008835800000156,0.006886031313151288
1785583349.642646,0.0650886729999911,0.007467018887663069
1785583349.6476505,0.07008687699999427,0.008048953746608009
1785583349.6526608,0.07509097099999451,0.008632762148625616
1785583349.657645,0.08008989699999347,0.009217147541909628
1785583349.6627162,0.08509963800000264,0.009803973555478226
1785583349.667709,0.09009147199999745,0.010389866419329931
1785583349.6726584,0.09509076899999513,0.010977793213009377
1785583349.67765,0.1000889729999983,0.011566742919053827
1785583349.6826508,0.10508875200000034,0.012157022962867518
1785583349.6876738,0.1100905670000003,0.012748681804211522
1785583349.6926544,0.11508941900000025,0.013341120515718794
1785583349.6976469,0.12008693900000367,0.01393452357674414
1785583349.702732,0.1250872539999932,0.014529374068126917
1785583349.7076929,0.13009045799999797,0.015125677530398193
1785583349.7127712,0.135098217999996,0.01572362747401011
1785583349.7177272,0.14009564399999874,0.016321436344829278
1785583349.7226932,0.1450921640000047,0.016920220485254687
1785583349.7277105,0.1500931270000052,0.017520614199255935
1785583349.7326918,0.15509410900000375,0.018122079839163936
1785583349.737688,0.16009388700000216,0.018724461887094333
1785583349.7426846,0.16509223999999278,0.019327724751213967
1785583349.7477307,0.17009433299999444,0.01993248431515953
1785583349.752738,0.17510583300000349,0.020539421507178832
1785583349.757702,0.18009198199999332,0.021144313498425174
1785583349.7626898,0.1850933719999972,0.02175207309507534
1785583349.7677104,0.19009394600000462,0.022360744924516163
1785583349.7732308,0.19509392799999148,0.022970347166344853
1785583349.7776992,0.20009274400000265,0.02358080056732251
1785583349.7826712,0.20508785500000215,0.02419178479769775
1785583349.7876606,0.21009002299999224,0.024804608294830048
1785583349.7927017,0.21509317099999237,0.025418519885672387
1785583349.7977264,0.22009163500000284,0.026032814390859544
1785583349.8026843,0.2250937280000045,0.026648503948224316
1785583349.8076773,0.2300939320000026,0.02726490057682173
1785583349.812696,0.23509489599999256,0.027882321134066416
1785583349.817684,0.2400940259999942,0.028500435601763126
1785583349.8226855,0.24509250799999904,0.029119380387914364
1785583349.8276813,0.2500935639999966,0.029739545340776188
1785583349.8326986,0.25509523099999853,0.030360678151409515
1785583349.837688,0.26009324999999706,0.03098223927645602
1785583349.8426852,0.26509439899999165,0.03160506157667039
1785583349.847702,0.2700911400000052,0.03222819596311043
1785583349.8526917,0.2750947339999925,0.032853037290145964
1785583349.8576837,0.2800936790000037,0.033478139567477014
1785583349.8626893,0.28509401299999126,0.03410424670858833
1785583349.8676805,0.29009277199999417,0.034730977152522324
1785583349.872695,0.29509408799999903,0.03535883871473605
1785583349.8776813,0.3000934399999977,0.03598725340138385
1785583349.8827198,0.30509320000000173,0.03661650832842038
1785583349.8876877,0.3100932379999932,0.03724657653242449
1785583349.8926947,0.3150955529999919,0.03787769964021104
1785583349.897686,0.32009173899999155,0.03850880526769214
1785583349.9026816,0.32509297999999376,0.039141294855439566
1785583349.9077013,0.3300943509999996,0.039774535563783166
1785583349.912685,0.33509418500000265,0.04040830477305626
1785583349.9176776,0.34009324100000526,0.04104268685521809
1785583349.9226792,0.345092778999998,0.041677830210581884
1785583349.9277115,0.3500932239999912,0.042313777591398684
1785583349.9326859,0.355093760999992,0.04295041392281621
1785583349.9376771,0.36009290999999166,0.0435875387943642
1785583349.942677,0.36509344699999247,0.04422549417427113
1785583349.9477212,0.37009166999999366,0.04486379567679925
1785583349.9526937,0.375094782000005,0.045503351633298245
1785583349.957689,0.3800910229999914,0.04614264626556235
1785583349.962676,0.3850924129999953,0.04678320506014182
1785583349.9677503,0.3900928949999951,0.047424240715602625
1785583349.9726882,0.39509526599999845,0.04806609954356795
1785583349.9776793,0.40009359900000163,0.04870800816366645
1785583349.982679,0.4050935629999941,0.04935068159763431
1785583349.9877012,0.41009302700000205,0.04999383342095707
1785583349.992683,0.4150933969999926,0.05063763176602774
1785583349.9976802,0.4200916389999918,0.05128167291236847
1785583350.0026767,0.4250938250000047,0.05192672652747388
1785583350.0076988,0.43009312399999544,0.05257189877843128
1785583350.0126936,0.43509446000000196,0.053217811782187895
1785583350.0176861,0.44009357400000226,0.05386390216661428
1785583350.0226943,0.4450943169999988,0.05451065414705588
1785583350.02771,0.4500916719999992,0.05515740513665235
1785583350.0326922,0.4550909900000022,0.055804833869182745
1785583350.037714,0.4600930480000045,0.0564530278525037
1785583350.0427005,0.46509297699999763,0.057101342397632045
1785583350.0477233,0.4700927199999967,0.05775001525757702
1785583350.0527587,0.47509455699999137,0.058399328441509704
1785583350.0577059,0.48009317099999294,0.059048577489364984
1785583350.062698,0.4850926729999969,0.05969828190392965
1785583350.0677001,0.4900927869999947,0.060348391657655924
1785583350.072716,0.49509417899999164,0.06099897910390533
1785583350.077701,0.5000932749999976,0.061649564719809584
1785583350.0827029,0.5050932589999917,0.06230054812825421
1785583350.0877185,0.5100933730000037,0.06295181600391998
1785583350.0927057,0.5150937460000051,0.06360337035358922
1785583350.0977128,0.5200931379999929,0.06425503462478378
1785583350.1027026,0.5250926960000015,0.06490694324410567
1785583350.1077013,0.5300923660000052,0.06555907406134338
1785583350.1127083,0.5350934979999948,0.06621158802296798
1785583350.1177154,0.5400924819999915,0.0668639987481908
1785583350.12273,0.5450963739999963,0.06751721179376477
1785583350.1277285,0.5500941920000031,0.06816977796434018
1785583350.1327074,0.5550933239999978,0.06882264606705561
1785583350.1377444,0.560092123000004,0.06947558531341701
1785583350.1427028,0.5650925340000015,0.07012883395455057
1785583350.147727,0.5700925179999956,0.07078210970127405
1785583350.1527014,0.5750929280000037,0.07143550794548643
1785583350.1577005,0.580092116000003,0.07208879717528048
1785583350.1627243,0.5850943229999928,0.07274251535640652
1785583350.167709,0.5900956219999927,0.07339613293105708
1785583350.1727316,0.5950976430000026,0.07404984643820149
1785583350.177686,0.6000938680000019,0.07470278748607288
1785583350.1826892,0.6050936120000046,0.07535615677148166
1785583350.1876805,0.6100927260000049,0.07600939530945355
1785583350.1926918,0.6150934509999928,0.07666277904029961
1785583350.1976876,0.6200919540000029,0.07731579019299172
1785583350.2026849,0.6250938080000026,0.0779691397129901
1785583350.2076795,0.6300937930000003,0.07862212852309522
1785583350.2127001,0.6350954069999943,0.07927519616355344
1785583350.2176895,0.6400938729999979,0.07992770157017062
1785583350.222713,0.6451004489999974,0.08058109661667451
1785583350.2276838,0.6500928039999962,0.08123244968818404
1785583350.2327023,0.6551029000000028,0.0818859129239395
1785583350.2376814,0.6600940879999939,0.0825366885281593
1785583350.2426746,0.6650932569999952,0.08318826526437186
1785583350.2477021,0.670091056000004,0.08383940589816312
1785583350.2526956,0.6750953180000039,0.08449111243354639
1785583350.2576795,0.6800934319999925,0.08514172430275642
1785583350.2626772,0.6850929350000001,0.08579220472025849
1785583350.267685,0.690093418999993,0.08644248196650063
1785583350.272696,0.6950951820000029,0.08709257604178983
1785583350.2776818,0.7000936289999942,0.08774187132129045
1785583350.2827098,0.7050933169999922,0.08839094127194402
1785583350.28768,0.710093263999994,0.08903963941798004
1785583350.2926948,0.7150958969999976,0.08968826134381014
1785583350.2976816,0.7200914740000002,0.09033552549639097
1785583350.3026755,0.7250934759999978,0.0909831595321077
1785583350.3077126,0.7300926639999972,0.0916299475120674
1785583350.3127131,0.7350939260000047,0.09227650261266289
1785583350.3176916,0.7400930029999984,0.09292225483275603
1785583350.3226793,0.7450930990000018,0.09356759870461746
1785583350.3276758,0.7500932869999986,0.09421239477843338
1785583350.3327012,0.7550959929999976,0.09485693571415275
1785583350.337683,0.7600932179999944,0.09550017163457147
1785583350.3426785,0.7650930180000017,0.0961431201026268
1785583350.347705,0.7700910389999933,0.09678520106460413
1785583350.3527079,0.7750970599999931,0.09742764944721218
1785583350.357687,0.7800942479999975,0.09806828493257741
1785583350.3626766,0.7850932139999998,0.09870844897078238
1785583350.3676815,0.7900929759999968,0.09934799485930612
1785583350.372701,0.7950962009999927,0.09998724229067758
1785583350.377683,0.8000939450000004,0.10062502835814535
1785583350.382679,0.8050930400000027,0.10126220516932177
1785583350.3876805,0.8100931359999919,0.1018987067603179
1785583350.3927345,0.815096804999996,0.10253483850809578
1785583350.3976867,0.8200919929999912,0.10316904818707665
1785583350.4026768,0.8250934409999928,0.1038031868421062
1785583350.407677,0.8300935550000048,0.1044362691510882
1785583350.4126966,0.8350947429999991,0.10506857876877418
1785583350.417683,0.8400942640000011,0.10569974792290587
1785583350.4226775,0.8450930449999987,0.10632987284609216
1785583350.4276798,0.8500931399999985,0.106959190724487
1785583350.4327013,0.8550960129999936,0.10758786293613265
1785583350.4376957,0.8600944789999971,0.10821496532477054
1785583350.4426816,0.865092962999995,0.10884103254367909
1785583350.4477017,0.8700910959999959,0.10946599655430685
1785583350.4526954,0.8750962839999943,0.11009075919425296
1785583350.4576845,0.880094138000004,0.11071350234467564
1785583350.46268,0.8850919559999966,0.11133511558731159
1785583350.4676788,0.8900932549999965,0.11195601287720747
1785583350.47272,0.8950982399999958,0.11257619474506825
1785583350.4777155,0.900093928000004,0.11319403192021266
1785583350.4826815,0.9050934859999984,0.11381113218812586
1785583350.4876833,0.9100937850000008,0.114427084980461
1785583350.492691,0.915094584000002,0.1150418373758357
1785583350.4976847,0.9200919569999968,0.11565488501912494
1785583350.5026793,0.9250932749999947,0.11626710899522988
1785583350.5076814,0.9300932590000031,0.11687783903300458
1785583350.5126934,0.9350941699999993,0.117487328340508
1785583350.51768,0.940094098000003,0.11809532095063709
1785583350.5226908,0.9450949350000002,0.11870202366272212
1785583350.5276809,0.9500930859999954,0.11930697771321407
1785583350.5326955,0.9550944399999963,0.11991087219258767
1785583350.5377173,0.9600918879999938,0.12051282549477314
1785583350.5426855,0.965093502000002,0.12111378615858688
1785583350.5477023,0.9700915229999936,0.12171279795873233
1785583350.5526795,0.9750925259999974,0.12231062538596041
1785583350.5576758,0.9800937320000003,0.12290691087125652
1785583350.5627112,0.9850925679999989,0.12350132470125998
1785583350.5676806,0.9900930339999974,0.12409431882770253
1785583350.57274,0.9951042409999928,0.12468694349010653
1785583350.577694,1.0000922619999955,0.12527516845839323
1785583350.582717,1.005093617,0.1258632810947488
1785583350.587706,1.0100929529999974,0.12644944597068092
1785583350.5927002,1.0150925669999964,0.12703390886579308
1785583350.5977032,1.0200930139999969,0.12761670956598342
1785583350.6027,1.0250936279999934,0.1281977453230437
1785583350.6077056,1.0300930199999954,0.12877683064453332
1785583350.6127,1.0350922079999947,0.12935405948649648
1785583350.6177018,1.0400920069999984,0.12992950091774016
1785583350.622698,1.0450919359999915,0.13050307427742505
1785583350.6277008,1.050092253999992,0.13107478401760503
1785583350.6327002,1.0550923489999917,0.13164453503203133
1785583350.6377,1.060091963000005,0.13221227322510187
1785583350.6426969,1.0650925399999949,0.13277813710649003
1785583350.6477568,1.0700925430000012,0.13334192726763663
1785583350.6526985,1.0750927489999924,0.13390370622405745
1785583350.6576965,1.0800925850000027,0.13446338431449598
1785583350.6627874,1.0850978839999925,0.13502158582976104
1785583350.6677158,1.0900954800000022,0.13557681835000587
1785583350.6727037,1.0950926489999944,0.13612986982587572
1785583350.6777015,1.1000921889999944,0.13668102304310967
1785583350.6826987,1.1050921180000017,0.13723003200566217
1785583350.6876996,1.1100926579999992,0.13777689464921614
1785583350.6926997,1.1150925679999943,0.13832144942523059
1785583350.6977034,1.1200936639999952,0.13886386783013863
1785583350.7026975,1.1250923329999978,0.13940373288364138
1785583350.7077003,1.1300927249999972,0.13994146725104026
1785583350.7126987,1.1350918760000042,0.1404767257770635
1785583350.717698,1.1400925450000017,0.14100977752612506
1785583350.7226963,1.145091973999996,0.14154030211209964
1785583350.72771,1.1500933290000006,0.1420686087398646
1785583350.7327347,1.1550929240000016,0.14259428161330107
1785583350.7377088,1.1600935750000048,0.14311759095867954
1785583350.742701,1.1650922820000034,0.1436381970804273
1785583350.7477188,1.1700920250000024,0.14415638455544824
1785583350.752695,1.1750926759999913,0.14467211211658015
1785583350.7577224,1.1800932719999935,0.1451852532111162
1785583350.7627058,1.1850925520000004,0.14569565288053413
1785583350.7677004,1.1900927220000028,0.14620351000652204
1785583350.7726967,1.1950919840000012,0.14670861527172388
1785583350.7777042,1.2000925979999977,0.1472111698935671
1785583350.7826989,1.2050919710000016,0.14771088638270954
1785583350.7877183,1.2101101039999946,0.14820972264257062
1785583350.79272,1.2150916989999985,0.1487021694972843
1785583350.7977233,1.2201117390000036,0.1491956105853211
1785583350.802697,1.2250923529999938,0.14968236560867995
1785583350.8076973,1.2300922999999955,0.15016816711783212
1785583350.8126988,1.235093710000001,0.15065123405043623
1785583350.8177283,1.2400918609999962,0.15113108478979653
1785583350.8227093,1.2450929009999925,0.15160828276163282
1785583350.8276975,1.2500919409999938,0.15208233351579278
1785583350.8326976,1.255092591999997,0.15255355261452766
1785583350.837697,1.2600922620000006,0.15302166801086464
1785583350.842698,1.2650925049999984,0.15348679830257186
1785583350.847717,1.270091655999991,0.15394876179079536
1785583350.8526952,1.2750919369999991,0.15440773644430184
1785583350.8576975,1.2800920880000035,0.15486357832241648
1785583350.8627005,1.2850921649999947,0.15531626533628043
1785583350.8676982,1.2900919450000004,0.1557657502396464
1785583350.8726966,1.2950920589999981,0.15621206229153625
1785583350.8776977,1.3000926919999927,0.15665518972306994
1785583350.8827019,1.305092842999997,0.15709501631326217
1785583350.8876977,1.3100923269999925,0.1575314994173358
1785583350.8926952,1.3150918669999925,0.15796467524906488
1785583350.8976977,1.3200922030000015,0.15839457954248673
1785583350.90273,1.325092576000003,0.1588211186520334
1785583350.9077005,1.330091987000003,0.1592441807334438
1785583350.9127426,1.3350950819999952,0.15966412855975337
1785583350.9177573,1.3400923629999966,0.1600801395008439
1785583350.9227061,1.345092495000003,0.16049291036546406
1785583350.9277043,1.350093239000003,0.16090222509061436
1785583350.9326978,1.3550925379999939,0.16130788856780343
1785583350.9377012,1.3600925220000022,0.16171004681381024
1785583350.9426973,1.3650921549999993,0.16210858851642243
1785583350.9477246,1.3700929350000024,0.16250360458740856
1785583350.952697,1.3750926419999985,0.16289489194745443
1785583350.9576976,1.3800923849999975,0.16328251088512316
1785583350.9626951,1.385092869999994,0.16366648763517555
1785583350.9677045,1.390092224,0.16404665117268058
1785583350.9726996,1.3950932270000038,0.1644231846744603
1785583350.9776943,1.4000923779999965,0.16479579714935058
1785583350.9827056,1.405092400000001,0.16516466504898078
1785583350.9877312,1.410092309999996,0.16552968737474333
1785583350.9927013,1.4150929049999945,0.16589089404213933
1785583350.997699,1.4200922039999995,0.16624811507750847
1785583351.0026953,1.4250927260000026,0.16660150297534465
1785583351.007699,1.430092676000001,0.1669509025499929
1785583351.012696,1.4350925689999912,0.1672963229847958
1785583351.0176952,1.440091370999994,0.16763766669400065
1785583351.0226936,1.4450919869999979,0.16797510366338045
1785583351.027695,1.4500914179999995,0.16830840327486513
1785583351.0327027,1.4550921999999957,0.16863770691826088
1785583351.0376956,1.4600915019999974,0.1689628008871768
1785583351.0426948,1.4650918399999995,0.1692838219172822
1785583351.0477471,1.4700914750000038,0.16960063056160393
1785583351.052698,1.4750921649999924,0.16991331040810032
1785583351.0576963,1.4800920029999958,0.1702217146275199
1785583351.062697,1.4850918409999991,0.1705258695532219
1785583351.0676956,1.4900920319999926,0.1708257689418171
1785583351.0727272,1.4950919810000016,0.1711213497336176
1785583351.077695,1.5000917449999918,0.1714125886590354
1785583351.0826974,1.5050917869999978,0.17169948541461638
1785583351.087694,1.5100915700000002,0.17198198205333798
1785583351.0926924,1.5150908339999916,0.1722600378473527
1785583351.0976994,1.5200914499999953,0.17253372873106715
1785583351.1026938,1.5250924919999989,0.1728029746654707
1785583351.1076932,1.530091830999993,0.17306763581223802
1785583351.1126995,1.5350915580000049,0.17332779776471616
1785583351.1177027,1.540091321999995,0.1735834148599417
1785583351.122697,1.545091733999996,0.17383449062573483
1785583351.1276953,1.5500919619999962,0.17408095592880968
1785583351.1326978,1.5550919850000042,0.1743227836092856
1785583351.137698,1.5600912679999936,0.17455992250979205
1785583351.1426954,1.5650917539999938,0.17479243760884486
1785583351.1477177,1.5700915369999962,0.17502021310390048
1785583351.1526952,1.5750916530000012,0.17524327030316975
1785583351.1577413,1.580091232000001,0.1754615443459326
1785583351.162734,1.5850983109999959,0.1756753498274761
1785583351.1723151,1.590092538999997,0.17588379925257264
1785583351.1730337,1.5954885219999966,0.17610359107985774
1785583351.177664,1.6000913449999956,0.17628659742052893
1785583351.1828408,1.6050885909999977,0.17648059298157437
1785583351.1877646,1.6100910579999947,0.17666987265746067
1785583351.1927612,1.6150913040000034,0.17685412461145375
1785583351.1977613,1.6200889200000006,0.17703331524595672
1785583351.202771,1.6250922400000007,0.17720771312396263
1785583351.2078052,1.6300955039999963,0.17737708340399988
1785583351.2128081,1.6350953059999966,0.17754129059255075
1785583351.217799,1.640095458999994,0.17770043923744858
1785583351.2228785,1.6451720190000003,0.17785680675606935
1785583351.2277412,1.6501002279999994,0.17800355533867887
1785583351.2327418,1.6550973810000045,0.17814725253357977
1785583351.2377284,1.6600971270000002,0.17828585561767796
1785583351.242754,1.6650955389999922,0.17841922889578
1785583351.2477136,1.6700923589999945,0.17854734528312582
1785583351.2526748,1.675093382,0.17867032458964258
1785583351.2576692,1.6800928319999997,0.17878799606486875
1785583351.2626717,1.6850928549999935,0.17890038732763844
1785583351.2676694,1.690092711999995,0.17900745676162408
1785583351.2726667,1.6950920879999956,0.1791091744129208
1785583351.2777033,1.7000965550000018,0.17920562209200427
1785583351.2826993,1.7050954679999961,0.17929657137124697
1785583351.2876816,1.7100927319999926,0.17938208107641418
1785583351.2926676,1.7150924780000025,0.1794621967875187
1785583351.2976706,1.7200909639999935,0.17953683292429962
1785583351.3026628,1.725091636000002,0.17960601590800548
1785583351.307705,1.730097826000005,0.17966975571243854
1785583351.3127024,1.7350954049999956,0.179727854297253
1785583351.317671,1.7400909290000044,0.1797803824947555
1785583351.3226683,1.7450933779999929,0.17982740363024774
1785583351.3276954,1.750092030999994,0.17986878885597893
1785583351.3326766,1.7550932949999947,0.17990457049209435
1785583351.3376684,1.760092708000002,0.17993469277028357
1785583351.342667,1.7650930279999955,0.1799591514849828
1785583351.3476875,1.7700903660000051,0.17997790889044749
1785583351.3526642,1.7750927780000012,0.17999096951975488
1785583351.3576877,1.7800941719999912,0.17999828852784241
1785583351.362668,1.7850931589999988,0.17999984795858243
1785583351.367673,1.7900930710000011,0.1799956297528102
1785583351.3726926,1.7950929830000035,0.17998561158813237
1785583351.3776684,1.8000927289999993,0.1799697727476934
1785583351.3826704,1.8050924930000036,0.17994809173256657
1785583351.387704,1.810097017000004,0.17992051855707655
1785583351.3927064,1.8150962069999963,0.1798870889928868
1785583351.3976731,1.8200914530000034,0.17984778948243985
1785583351.402668,1.8250928279999954,0.17980251641445397
1785583351.4076672,1.830092406999995,0.17975131350575385
1785583351.4126947,1.8350920970000004,0.17969414408574153
1785583351.417707,1.8400967319999921,0.17963092382739296
1785583351.4227014,1.8450947550000052,0.17956178193053435
1785583351.4276729,1.850091704999997,0.17948663603695578
1785583351.4326668,1.8550925619999958,0.17940538672630432
1785583351.4376674,1.8600921409999955,0.17931809425211315
1785583351.4426663,1.8650925529999967,0.179224703530252
1785583351.447725,1.8700944280000016,0.1791251797511653
1785583351.4526994,1.875093636999992,0.17901958862994144
1785583351.4577205,1.8800927529999996,0.17890786244968912
1785583351.4626813,1.8850915360000045,0.17878998912844762
1785583351.4676719,1.8900926329999947,0.17866588454908824
1785583351.4726658,1.8950926199999998,0.17853561361556572
1785583351.4776716,1.900093032000001,0.17839911998025015
1785583351.4826696,1.9050927779999967,0.17825641646093443
1785583351.4876661,1.9100931720000034,0.17810744838602702
1785583351.4926758,1.9150921949999997,0.17795226028129735
1785583351.4977403,1.9200951819999972,0.17779066487607909
1785583351.502703,1.9250950389999986,0.17762287318423178
1785583351.5076735,1.930090210000003,0.17744893589045876
1785583351.5126693,1.9350927889999952,0.17726841061859339
1785583351.517692,1.940093349999998,0.17708161141697953
1785583351.522672,1.9450932439999917,0.1768884772904914
1785583351.5276663,1.9500930260000047,0.1766889728859298
1785583351.5326686,1.9550924389999977,0.1764830942156276
1785583351.537708,1.9600953140000001,0.17627066264412017
1785583351.5427046,1.9650962270000036,0.1760518909027196
1785583351.547693,1.9700914910000051,0.17582694051727515
1785583351.552667,1.975092348000004,0.1755952911446234
1785583351.5576851,1.9800912049999937,0.17535727361574666
1785583351.5626733,1.9850943389999998,0.17511257092509958
1785583351.567669,1.990091954999997,0.17486165111395144
1785583351.5726783,1.9950931079999918,0.17460405021158285
1785583351.5776732,2.0000919839999938,0.17434005230006705
1785583351.5827043,2.0050929519999983,0.1740694143306632
1785583351.5876691,2.0100924199999923,0.17379231712284773
1785583351.592666,2.0150924059999937,0.1735086386098087
1785583351.5977025,2.0200946519999974,0.1732182626085386
1785583351.6027057,2.025093396999992,0.17292151437769757
1785583351.6076727,2.030091162000005,0.17261824177440188
1785583351.612669,2.0350925190000027,0.17230815114072112
1785583351.6176667,2.0400927089999925,0.17199152195702005
1785583351.622666,2.0450925100000035,0.1716682975412458
1785583351.6277237,2.0500953479999993,0.17133824092198685
1785583351.6327133,2.0550956679999928,0.17100170761231828
1785583351.6376798,2.060093932000001,0.17065866598918947
1785583351.6426663,2.06509303,0.17030891079309568
1785583351.6476924,2.0700911459999958,0.16995256031918624
1785583351.6526659,2.0750924099999963,0.16958930700951386
1785583351.6576655,2.0800923599999948,0.1692194628047228
1785583351.6626785,2.0850939199999914,0.16884280264818297
1785583351.6677382,2.0900936470000033,0.16845957840583037
1785583351.6727176,2.0950959489999974,0.16806944314679326
1785583351.6777005,2.100095213000003,0.167672828311137
1785583351.6826677,2.105092810000002,0.16726962767102513
1785583351.6876667,2.1100922969999942,0.16685954717274085
1785583351.6926649,2.1150918200000035,0.1664427286859364
1785583351.697662,2.120090806999997,0.16601921491081775
1785583351.7026656,2.1250919780000004,0.16558876639255563
1785583351.7076654,2.130092242999993,0.16515164113762568
1785583351.7126987,2.1350936549999915,0.16470765414487787
1785583351.7177012,2.1400945120000046,0.1642569505931591
1785583351.722667,2.1450919800000037,0.16379978952332067
1785583351.7276661,2.1500920959999945,0.16333561613753816
1785583351.7326725,2.155092971000002,0.16286459516197316
1785583351.7376685,2.160092605999992,0.16238691247866782
1785583351.742695,2.1650936479999956,0.1619023118052465
1785583351.7477188,2.1700940970000033,0.16141098258796757
1785583351.7527053,2.1750896389999923,0.1609133575501993
1785583351.75767,2.1800898669999924,0.16040847954070062
1785583351.762709,2.185091853000003,0.15989662942117705
1785583351.7676687,2.1900928019999952,0.15937809042444592
1785583351.7726643,2.195092548000005,0.1588528833727367
1785583351.7776647,2.200092294000001,0.15832088374725098
1785583351.782665,2.205091964999994,0.15778209943990523
1785583351.7876694,2.210092247999995,0.1572364554411877
1785583351.792696,2.2150941240000037,0.1566838406889576
1785583351.7977078,2.2200935729999998,0.1561247018646474
1785583351.8026695,2.2250929300000024,0.15555878416736352
1785583351.8076665,2.2300924529999975,0.15498605982303482
1785583351.812672,2.235092014000003,0.15440654503260995
1785583351.8176734,2.240093036999994,0.15382007400976155
1785583351.8226943,2.245093913000005,0.15322683547034419
1785583351.8277,2.2500943619999987,0.1526268668813136
1785583351.8326697,2.2550925709999916,0.15202039465653636
1785583351.8377862,2.2600931869999954,0.15140685844467608
1785583351.8426664,2.2650876919999945,0.15078731508067725
1785583351.8476872,2.2700906230000015,0.15015996124133993
1785583351.852671,2.275092201999996,0.14952601371992472
1785583351.857668,2.2800925029999917,0.1488854738723105
1785583351.862671,2.285093175,0.14823813809349648
1785583351.8676913,2.290095717,0.1475838139961779
1785583351.8726697,2.295093092000002,0.14692343525860094
1785583351.8776653,2.3000928379999976,0.14625601840310193
1785583351.882694,2.305093658000004,0.14558173700416152
1785583351.887669,2.3100923850000044,0.14490102792586432
1785583351.8926663,2.315092407999998,0.1442134394688853
1785583351.8976681,2.3200907279999967,0.14351939346689052
1785583351.9026988,2.325094511000003,0.14281789635383504
1785583351.9077,2.3300954049999945,0.14211012329930894
1785583351.9126694,2.335093557999997,0.14139607447853922
1785583351.9176695,2.3400914700000044,0.14067540894955186
1785583351.922698,2.345092772000001,0.13994760753949012
1785583351.927665,2.350099165000003,0.13921241692721345
1785583351.9326665,2.3550923929999925,0.13847254559256827
1785583351.9376633,2.3600985089999966,0.13772414565029656
1785583351.942696,2.365096198999993,0.13697040700473467
1785583351.947726,2.3700931110000028,0.13621020721416907
1785583351.9526684,2.375090671999999,0.13544334264985408
1785583351.957664,2.380092195000003,0.13466930951282025
1785583351.9626648,2.3850924970000023,0.13388891862864358
1785583351.9676683,2.3900923899999924,0.1331020610053512
1785583351.9726639,2.3950926919999915,0.13230862288267844
1785583351.9776604,2.400092215000001,0.13150880890119615
1785583351.9827042,2.4050981270000023,0.13070147727851697
1785583351.9877,2.410095224999992,0.12988910089807607
1785583351.9926722,2.415089655999992,0.12907071942075415
1785583351.9976661,2.420091142000004,0.12824474849683967
1785583352.0026631,2.425093517999997,0.12741220855674573
1785583352.007699,2.430092524999992,0.12657383127744054
1785583352.012672,2.4350931799999955,0.1257287971045133
1785583352.0176642,2.4400929279999986,0.12487755535962336
1785583352.0226655,2.4450923419999953,0.12402003028866113
1785583352.0276644,2.4500929969999987,0.1231559699115277
1785583352.0327013,2.4550969299999963,0.12228503406689367
1785583352.0376918,2.4600934559999956,0.12140911108703747
1785583352.0426645,2.4650906109999937,0.12052682622101037
1785583352.0476835,2.4700899509999914,0.11963792117678862
1785583352.0526721,2.475092680000003,0.11874219366032386
1785583352.0576642,2.480092482999993,0.11784079616396437
1785583352.062662,2.4850924899999995,0.11693319257934714
1785583352.0676644,2.4900925160000043,0.11601943967003803
1785583352.0727127,2.495098764000005,0.11509841644775645
1785583352.0777085,2.500092566999996,0.11417359310195574
1785583352.0826817,2.5050907410000036,0.11324189514738262
1785583352.087666,2.510092728999993,0.11230343698742
1785583352.092696,2.515092531999997,0.11135936713732886
1785583352.0976627,2.5200903909999965,0.11040967395808357
1785583352.1026626,2.525092454000003,0.10945321205664552
1785583352.1076615,2.530091979000005,0.10849129499377799
1785583352.1126978,2.535094282000003,0.10752292741925847
1785583352.1176994,2.5400940669999983,0.10654916244196648
1785583352.12267,2.5450879999999927,0.10557069292641688
1785583352.1276667,2.550092062999994,0.10458440929549835
1785583352.132669,2.5550919960000016,0.10359314145362827
1785583352.1376865,2.560092651000005,0.10259596367310034
1785583352.142672,2.5650920100000008,0.10159331010457369
1785583352.1476772,2.570089682999992,0.10058529530533554
1785583352.1526644,2.5750922639999914,0.09957061551556759
1785583352.157668,2.5800926050000044,0.09855074825914442
1785583352.1627085,2.585095648999996,0.09752471732593104
1785583352.1676745,2.590093581000005,0.0964941626622158
1785583352.172677,2.5950931069999967,0.0954577410689053
1785583352.1777074,2.6000927070000017,0.09441579903485463
1785583352.1826735,2.6050925840000048,0.09336832833126793
1785583352.1876643,2.610092295000001,0.09231545673274728
1785583352.192665,2.6150923390000003,0.09125711452930532
1785583352.1976638,2.620090493999996,0.09019381067931967
1785583352.2027056,2.625092037999991,0.08912445657365257
1785583352.2076974,2.630093303999999,0.08804986841125491
1785583352.212674,2.635094311000003,0.08697008060995565
1785583352.2176764,2.640090280999999,0.08588617122261862
1785583352.2226782,2.645093342999999,0.08479554419848072
1785583352.2276692,2.650092479999998,0.08370063534249725
1785583352.2326696,2.6550928019999986,0.08260036929984459
1785583352.2376661,2.6600924379999924,0.08149519709621443
1785583352.2427099,2.665096297000005,0.08038406888062027
1785583352.247719,2.6700939889999944,0.07926933580872855
1785583352.2526793,2.675094403999992,0.07814906170490543
1785583352.2576675,2.6800920590000032,0.07702451706453964
1785583352.2627032,2.6850922510000004,0.07589455288795302
1785583352.2676733,2.690092906000004,0.07475967659179196
1785583352.2726674,2.6950924129999976,0.07362029835269866
1785583352.2776642,2.700092939000001,0.07247596858639681
1785583352.2826738,2.7050925380000024,0.07132717706220791
1785583352.287699,2.7100941559999967,0.07017329042660594
1785583352.2926993,2.7150942749999984,0.06901516515468885
1785583352.2976642,2.720090263000003,0.06785346461703598
1785583352.3026645,2.7250918069999983,0.06668598095006383
1785583352.3076677,2.730092850999995,0.0655141680428068
1785583352.31267,2.735092025,0.06433839762309121
1785583352.317695,2.740094087000003,0.06315759738874198
1785583352.3226988,2.7450947049999996,0.061972836655871576
1785583352.3276732,2.750093063999998,0.06078436232246888
1785583352.3326714,2.755092959999999,0.05959132225141647
1785583352.3376656,2.760092114999992,0.05839430901410244
1785583352.3426676,2.7650913439999982,0.05719317880281674
1785583352.3477507,2.7700939810000023,0.05598717735949779
1785583352.3527038,2.775094746999997,0.054777626991727585
1785583352.3576734,2.780093217000001,0.05356468748813786
1785583352.3626633,2.785092316999993,0.052347703261919794
1785583352.367663,2.7900915639999937,0.05112684394861207
1785583352.372784,2.7950929419999966,0.04990167590944793
1785583352.3776996,2.8000959860000023,0.04867236277619805
1785583352.3826928,2.8050929740000043,0.047440861289641256
1785583352.3877,2.8100928890000034,0.04620501597778672
1785583352.3927183,2.815092524999997,0.04496567180899951
1785583352.3976858,2.820092920999997,0.04372262663126825
1785583352.402685,2.8250920210000032,0.04247644848947799
1785583352.4076817,2.8300921940000023,0.041226603945216905
1785583352.4128938,2.8351532380000037,0.03995814110843595
1785583352.4176846,2.8400919310000035,0.038717100154224214
1785583352.4229891,2.8450924929999957,0.03745730611440229
1785583352.4275677,2.850075222000001,0.03619885415910944
1785583352.4326077,2.8550767109999953,0.03493256051521917
1785583352.4376884,2.86009344,0.03365934474931491
1785583352.4426782,2.8650918729999972,0.032387781255083396
1785583352.4477458,2.8701007319999974,0.03111063138098589
1785583352.452697,2.875092812999995,0.029834898201505682
1785583352.4576921,2.8800932089999947,0.02855423803870037
1785583352.4626832,2.8850918819999976,0.027271278241165316
1785583352.4676828,2.890092870999993,0.025985044246167113
1785583352.472681,2.895091784999991,0.024696728215018674
1785583352.4776819,2.900092477000001,0.023405400887185547
1785583352.4826827,2.9050920210000015,0.02211188130171088
1785583352.4876838,2.9100922129999987,0.020815769566948784
1785583352.4926789,2.9150923870000014,0.019517302727191717
1785583352.4976847,2.920093042000005,0.018216416207194275
1785583352.5026824,2.925091901000002,0.016913769006837137
1785583352.5076795,2.930091945000001,0.015608650928202959
1785583352.5126793,2.9350922480000037,0.014301369408303644
1785583352.5177178,2.940092440000001,0.012992088205555552
1785583352.522694,2.9450928549999986,0.011680787361971305
1785583352.5276816,2.9500923429999943,0.01036783685212866
1785583352.5326989,2.9550930730000005,0.009052735326742917
1785583352.5377002,2.9600923019999925,0.007736273140596515
1785583352.542688,2.9650924009999926,0.006417895560503651
1785583352.547701,2.9700922419999927,0.005097969421089939
1785583352.552684,2.9750918780000006,0.0037765511029612463
1785583352.557681,2.980092404000004,0.002453421468909876
1785583352.5629177,2.985111966000005,0.0011238418091963766
1785583352.5676882,2.990094491999997,-0.00019725675505645904
1785583352.5727038,2.9951106839999966,-0.001528547096356657
1785583352.5776942,3.000092468999995,-0.0028518905695071196
1785583352.5827165,3.005111290000002,-0.004186192947302398
1785583352.5876837,3.0100932419999964,-0.005511733188890922
1785583352.5927155,3.0151113229999993,-0.006847859686890873
1785583352.597699,3.020093293000002,-0.008175264118895737
1785583352.602694,3.0250930779999976,-0.009508235557858735
1785583352.6076849,3.030092824999997,-0.01084194409149056
1785583352.612679,3.035092646999999,-0.012176344811853111
1785583352.6176834,3.040092950000002,-0.013511470725895905
1785583352.6226969,3.045092365000002,-0.014846880395881086
1785583352.6276906,3.0500930009999934,-0.016183060978840064
1785583352.632678,3.0550922120000052,-0.017519228844500814
1785583352.6376786,3.060092107999992,-0.018855870894645077
1785583352.6427124,3.065092410999995,-0.02019283555327315
1785583352.647724,3.070093288999999,-0.021530090057329525
1785583352.652682,3.0750925180000053,-0.022866961584925873
1785583352.657681,3.0800929319999995,-0.02420412953642738
1785583352.6627672,3.0850990870000032,-0.025542733219454095
1785583352.6676896,3.0900934649999954,-0.026878009578606726
1785583352.6726787,3.0950929899999977,-0.028214404257925582
1785583352.6776817,3.100092219000004,-0.029550382161654218
1785583352.682682,3.1050924860000038,-0.030886219531532078
1785583352.687685,3.110092456000004,-0.0322214791085984
1785583352.692684,3.1150927399999944,-0.033556243200747925
1785583352.697682,3.1200924139999984,-0.034890184037666305
1785583352.702678,3.125091365000003,-0.03622319026801341
1785583352.7076812,3.1300920580000025,-0.03755583715072171
1785583352.712724,3.1350921760000006,-0.03888742479313003
1785583352.7176883,3.1400931830000047,-0.040218260509712105
1785583352.7226803,3.1450928189999985,-0.04154766027386163
1785583352.7276816,3.1500919930000038,-0.04287578335144004
1785583352.7326832,3.155093463,-0.04420327844330123
1785583352.7376935,3.160092524999996,-0.04552881342576124
1785583352.7426872,3.1650920879999944,-0.046853076489474794
1785583352.7477038,3.170092373000003,-0.0481760414527957
1785583352.7526789,3.175092343000003,-0.049497349282750736
1785583352.757677,3.1800925719999924,-0.05081706692934213
1785583352.7626767,3.185092634,-0.05213499688485132
1785583352.7676828,3.1900921040000014,-0.053450942253969826
1785583352.7726922,3.1950912039999935,-0.054764876493263594
1785583352.7776887,3.200093377999991,-0.05607761740571378
1785583352.7826817,3.2050917179999914,-0.05738726654041796
1785583352.787682,3.2100927059999975,-0.05869543673311062
1785583352.7926807,3.2150918060000038,-0.060000854459453946
1785583352.797678,3.2200925169999977,-0.06130434684200458
1785583352.802681,3.2250920789999924,-0.06260510716861753
1785583352.807681,3.230092678999995,-0.06390361731609095
1785583352.8126814,3.235092334000001,-0.06519927488831131
1785583352.8176823,3.2400930820000013,-0.0664925202821133
1785583352.8226776,3.245092550999999,-0.06778265241852008
1785583352.8277075,3.2500915210000016,-0.0690697860901719
1785583352.8327055,3.2550948989999995,-0.070355093091431
1785583352.837667,3.260093795000003,-0.07163620136129792
1785583352.842656,3.265091171999998,-0.07291378725496418
1785583352.8477051,3.2700928639999916,-0.07418925086462821
1785583352.8526843,3.275092704000002,-0.07546092827428248
1785583352.857681,3.2800920450000035,-0.0767290768965184
1785583352.8626833,3.2850924589999977,-0.07799400568113468
1785583352.8676784,3.2900921330000017,-0.07925516629415891
1785583352.8726802,3.2950917139999945,-0.08051263334092794
1785583352.8776789,3.3000925730000006,-0.08176666067646636
1785583352.8826783,3.3050917279999936,-0.08301641124954083
1785583352.8876798,3.3100917350000003,-0.08426243513317855
1785583352.8926804,3.315091964000004,-0.08550448404121778
1785583352.8976948,3.32009223,-0.0867424215692018
1785583352.9027176,3.325092773999998,-0.08797621674106905
1785583352.9076817,3.330093132999991,-0.08920566485519862
1785583352.9127343,3.3350959179999933,-0.09043131447468072
1785583352.9176881,3.3400930920000036,-0.09165111033374707
1785583352.9226792,3.3450922650000052,-0.09286682434574713
1785583352.9276779,3.3500913829999917,-0.09407786376115099
1785583352.9326863,3.355093224000001,-0.09528480706971268
1785583352.937691,3.3600925450000005,-0.09648629808401016
1785583352.9426835,3.365092403999995,-0.09768298380847902
1785583352.947701,3.370092521999993,-0.09887470543525705
1785583352.952677,3.375091900000001,-0.10006113472125709
1785583352.9576802,3.380092146999999,-0.10124256239437868
1785583352.962677,3.385091450999994,-0.10241846953019795
1785583352.9676816,3.3900923089999964,-0.10358935151989389
1785583352.9726758,3.3950923529999955,-0.10475456176895011
1785583352.9776812,3.400092231000002,-0.10591416194568062
1785583352.9826918,3.4050923490000002,-0.10706815514409589
1785583352.9876897,3.410091762999997,-0.10821623337722393
1785583352.992681,3.415091973999992,-0.10935865027871691
1785583352.9977043,3.4200914989999944,-0.1104949759751679
1785583353.0026789,3.4250932110000036,-0.1116257699085901
1785583353.0076766,3.4300918120000006,-0.11274974521233125
1785583353.012677,3.4350925250000017,-0.1138679874136196
1785583353.0176787,3.440091977999998,-0.1149796502432164
1785583353.022679,3.445093412999995,-0.11608536258118991
1785583353.0276792,3.4500917550000025,-0.11718391410307603
1785583353.032685,3.455094004000003,-0.11827675122248868
1785583353.03768,3.460093032000003,-0.11936222501400476
1785583353.0426786,3.465091892999993,-0.1204409151908703
1785583353.047694,3.4700921980000032,-0.12151307669263622
1785583353.0526762,3.475092207000003,-0.12257824407386357
1785583353.0576775,3.4800914380000023,-0.1236362270333119
1785583353.06268,3.4850921869999922,-0.12468742015904316
1785583353.0676806,3.4900923999999947,-0.12573129997969523
1785583353.0726795,3.4950922419999984,-0.1267678134521483
1785583353.0776792,3.5000923620000037,-0.12779700603391217
1785583353.0827043,3.505091667000002,-0.12881856484060739
1785583353.0876784,3.5100921760000006,-0.12983281261418467
1785583353.0926914,3.515091776999995,-0.13083923156097454
1785583353.0976799,3.5200916379999967,-0.1318379697284699
1785583353.1026752,3.5250916279999984,-0.1328289116886255
1785583353.1076758,3.5300915450000048,-0.13381192912723144
1785583353.1126735,3.5350911089999926,-0.1347868800871755
1785583353.117678,3.5400916370000033,-0.1357539322108004
1785583353.122677,3.5450912940000023,-0.13671264293788504
1785583353.127677,3.550090764999993,-0.13766305900636863
1785583353.132677,3.5550909779999955,-0.1386052684857662
1785583353.137676,3.560091689999993,-0.1395391357469891
1785583353.1426744,3.5650906989999953,-0.1404641662017992
1785583353.147699,3.570091449000003,-0.141380910868712
1785583353.1526804,3.575091698999998,-0.14228886983783717
1785583353.1577332,3.5801107439999953,-0.14319141279583586
1785583353.162734,3.5850971050000027,-0.14407923408213666
1785583353.1677363,3.5900928359999966,-0.1449597986773742
1785583353.1727042,3.5950928449999964,-0.14583208796491326
1785583353.1776981,3.6000919279999977,-0.1466951007480288
1785583353.182698,3.6050931959999986,-0.14754928667307557
1785583353.187695,3.6100922609999913,-0.14839381276527508
1785583353.192701,3.6150931579999934,-0.1492292784604129
1785583353.197695,3.6200917230000016,-0.15005490668248306
1785583353.202697,3.6250924719999915,-0.15087136127729686
1785583353.207696,3.6300924809999913,-0.15167807862202543
1785583353.212697,3.6350928049999993,-0.15247514844399765
1785583353.2176955,3.6400918690000026,-0.15326224115973494
1785583353.2226977,3.6450921929999964,-0.1540396726600123
1785583353.227694,3.650092035,-0.15480708935506965
1785583353.2326972,3.6550926369999956,-0.15556460101086475
1785583353.2376955,3.660091867999995,-0.15631180709034842
1785583353.2426949,3.665091672999992,-0.15704892160538103
1785583353.2477126,3.670092404000002,-0.15777591319493786
1785583353.252722,3.675091765000005,-0.15849237125997012
1785583353.2576947,3.680092309999992,-0.15919858467141748
1785583353.2627118,3.685093522999992,-0.15989439751403708
1785583353.2676992,3.6900927730000035,-0.16057937110058124
1785583353.2726955,3.6950918,-0.16125367458921844
1785583353.2776985,3.700092049999995,-0.16191742415285734
1785583353.2826984,3.7050924469999984,-0.16257039738316237
1785583353.2877011,3.7100924930000048,-0.16321245527803943
1785583353.2926972,3.7150918349999955,-0.16384348188665324
1785583353.2976975,3.7200926780000003,-0.1644636793762462
1785583353.3026955,3.725093242,-0.1650727499780409
1785583353.3076947,3.730092009999993,-0.1656704434667537
1785583353.3126945,3.735092222999995,-0.1662570767503307
1785583353.3177202,3.7400953060000006,-0.16683273119135772
1785583353.3226783,3.7450902030000037,-0.16739608221299482
1785583353.3276718,3.750091748999992,-0.16794873825366297
1785583353.3327043,3.7550937949999934,-0.1684899259170586
1785583353.3376985,3.7600928600000003,-0.16901920842076007
1785583353.342699,3.7650924609999947,-0.16953689855533283
1785583353.3477135,3.7700920629999928,-0.1700428716321822
1785583353.3526967,3.775092385999997,-0.17053713120529393
1785583353.357699,3.7800925800000016,-0.1710195250548867
1785583353.362697,3.7850919219999923,-0.17148992150842707
1785583353.3677006,3.7900928760000028,-0.1719484849424716
1785583353.3727071,3.7950932920000042,-0.17239495030182453
1785583353.3776996,3.800092023000005,-0.17282915990645864
1785583353.3827295,3.8050929019999984,-0.17325138240934798
1785583353.3876975,3.8100920589999987,-0.17366122764912162
1785583353.3926935,3.8150921609999955,-0.17405885598707913
1785583353.3976936,3.8200916699999965,-0.17444408343518086
1785583353.4026968,3.825092140999999,-0.1748169687981593
1785583353.4076965,3.8300918730000006,-0.175177325531015
1785583353.4127584,3.8350954919999936,-0.17552541709489355
1785583353.417705,3.8400932050000023,-0.17586051250164503
1785583353.4226992,3.8450918249999972,-0.17618303095657795
1785583353.427698,3.8500921669999997,-0.1764929593689564
1785583353.4327004,3.855093101999998,-0.17679016401726338
1785583353.437697,3.8600916850000004,-0.17707442254577904
1785583353.4426954,3.865092563999994,-0.17734594622942834
1785583353.4477155,3.8700924989999947,-0.17760450151904816
1785583353.4527009,3.875092785999996,-0.17785010615470467
1785583353.4576962,3.880092183000002,-0.1780826505277498
1785583353.4626956,3.885092506999996,-0.17830216917051894
1785583353.4676964,3.8900925530000023,-0.17850855767545465
1785583353.4726992,3.895091598999997,-0.17870174320968993
1785583353.477703,3.900092940999997,-0.178881800830973
1785583353.482697,3.9050918939999946,-0.17904851597413207
1785583353.4876952,3.9100914959999926,-0.17920195152598845
1785583353.4927273,3.9150917079999914,-0.17934205682802273
1785583353.4976978,3.9200919390000024,-0.17946876928926445
1785583353.5026975,3.9250928189999996,-0.17958205960689955
1785583353.5076911,3.9300923090000026,-0.17968184295845252
1785583353.512696,3.9350924099999958,-0.17976812177007281
1785583353.517697,3.9400925119999926,-0.17984084334021133
1785583353.5226936,3.945092058,-0.17989996311303144
1785583353.5276906,3.9500923810000046,-0.1799454582151205
1785583353.5326924,3.955092167999993,-0.17997727897692195
1785583353.5376964,3.960091750999993,-0.1799953948142879
1785583353.5427058,3.9650923889999916,-0.1799997720577314
1785583353.547714,3.9700919719999916,-0.17999037515475458
1785583353.5526981,3.975092704000005,-0.1799671668861691
1785583353.5577285,3.9800916570000027,-0.17993013181506323
1785583353.5626936,3.9850917210000034,-0.17987922070731893
1785583353.567695,3.9900912490000024,-0.1798144184007826
1785583353.5726905,3.995091813000002,-0.17973567394558362
1785583353.5776918,4.000091377000004,-0.17964299183909652
1785583353.5827017,4.005092422999994,-0.17953629770453053
1785583353.587694,4.010091431999996,-0.1794156436984269
1785583353.5926933,4.015091718999997,-0.17928092884197602
1785583353.5976887,4.020091339000004,-0.17913217991199026
1785583353.6027362,4.025091199999991,-0.17896934974524698
1785583353.6077054,4.030091893999995,-0.17879239369423233
1785583353.6127048,4.035092328000005,-0.17860132830492098
1785583353.6176972,4.040092004000002,-0.17839615834774097
1785583353.6227005,4.045092013000001,-0.17817682342627167
1785583353.627672,4.050091318,-0.1779433543308198
1785583353.6326702,4.055090548999999,-0.17769570982987537
1785583353.6377006,4.060092373000003,-0.17743373312533403
1785583353.6426945,4.065091547999998,-0.17715768622501865
1785583353.6477134,4.0700916870000015,-0.1768673651989168
1785583353.6526966,4.075092158000004,-0.1765627907891302
1785583353.657693,4.080091037999992,-0.17624407627246666
1785583353.6627302,4.085099212999992,-0.1759104866058576
1785583353.6677444,4.090094167000004,-0.17556353152549986
1785583353.6726992,4.095092026999993,-0.1752021293489572
1785583353.6776948,4.100092017999998,-0.17482631019436867
1785583353.6826975,4.105092599999992,-0.1744361750073336
1785583353.6876936,4.110092295000001,-0.1740318384417918
1785583353.6926975,4.115091617999994,-0.17361326355628143
1785583353.697693,4.120091664,-0.1731803577330487
1785583353.7026951,4.125091951000002,-0.17273316039642053
1785583353.707693,4.1300920150000024,-0.1722717160473159
1785583353.712721,4.135092172,-0.17179600042676368
1785583353.7176983,4.140092050999996,-0.17130605524347156
1785583353.7226932,4.145092059999996,-0.17080184804929116
1785583353.7276926,4.150091883999991,-0.17028341902827615
1785583353.732725,4.155111058999992,-0.16974867005856653
1785583353.7376962,4.160092457000005,-0.16920377703296904
1785583353.7427104,4.165108984,-0.1686407885260076
1785583353.7477126,4.170091733999996,-0.16806744519911157
1785583353.75272,4.175100743000002,-0.16747688572617514
1785583353.7577143,4.180093900000003,-0.16687404672470038
1785583353.7627153,4.185092372,-0.16625643473783516
1785583353.7676942,4.190093640000001,-0.16562434526993708
1785583353.7726886,4.195092075000005,-0.16497850989784546
1785583353.7777188,4.200093158000001,-0.16431824256563676
1785583353.7826872,4.205092406999995,-0.16364415425121678
1785583353.787681,4.210091767999998,-0.16295601385437153
1785583353.7926793,4.215091831999999,-0.16225376197949545
1785583353.79769,4.220092359999995,-0.16153745403828357
1785583353.8026874,4.225092387000004,-0.16080725653095607
1785583353.807679,4.230092006999996,-0.16006318900564642
1785583353.8126795,4.235093071999998,-0.15930500235723496
1785583353.8176816,4.2400914880000045,-0.15853335448464503
1785583353.8226836,4.245092107999994,-0.157747531641502
1785583353.8276806,4.250092080000002,-0.15694801052992793
1785583353.83268,4.2550925139999975,-0.15613465080062894
1785583353.8376806,4.260091782999993,-0.1553077577507287
1785583353.84268,4.265092457999998,-0.15446694429402438
1785583353.847705,4.270092633999994,-0.15361256756528507
1785583353.852678,4.275092178999998,-0.15274469668749868
1785583353.8576753,4.280091873999993,-0.15186324139065277
1785583353.8627052,4.285092401,-0.15096812220074632
1785583353.8676798,4.290092539,-0.15005960205353616
1785583353.8726897,4.295093030000004,-0.1491375938571812
1785583353.8776915,4.300092945999992,-0.14820231860150146
1785583353.8826892,4.305092565999999,-0.1472537779857742
1785583353.8876839,4.310092185999991,-0.14629196884199455
1785583353.892681,4.3150927869999975,-0.14531675178753745
1785583353.8976815,4.320092926000001,-0.14432846084362363
1785583353.9026775,4.325092064000003,-0.14332726438950982
1785583353.9076834,4.330092035999996,-0.1423128530773416
1785583353.9126797,4.335091544999997,-0.14128554751280395
1785583353.9176793,4.340092424000005,-0.14024502788828544
1785583353.9226992,4.345092507000004,-0.13919180444860166
1785583353.9276836,4.350092145999994,-0.13812587104966267
1785583353.9326823,4.355092542999998,-0.13704703487119232
1785583353.9376786,4.360091682000004,-0.1359557988384365
1785583353.9426801,4.365092172000004,-0.13485166060901937
1785583353.9477427,4.370092810999992,-0.13373494888090087
1785583353.9526823,4.375092300999995,-0.1326060276503162
1785583353.9579024,4.380093051000003,-0.13146442435864017
1785583353.9626873,4.385092985,-0.13031068452449784
1785583353.9676847,4.390092772000003,-0.12914473200708834
1785583353.9726865,4.395091948000001,-0.12796675387678816
1785583353.9776812,4.400091512000003,-0.12677659306268305
1785583353.982681,4.4050920020000035,-0.1255741956978229
1785583353.9876838,4.410091973999997,-0.12435998793171414
1785583353.9926796,4.415091668000002,-0.12313399615239075
1785583353.9976842,4.420093288000004,-0.12189575734927269
1785583354.0026803,4.425091260000002,-0.12064674218315931
1785583354.0076823,4.430092344999991,-0.11938534904654932
1785583354.0126777,4.435091595999992,-0.11811290875041955
1785583354.01768,4.440091754999997,-0.11682881553282169
1785583354.0226772,4.445092024999994,-0.11553336095662216
1785583354.0276778,4.450091850999996,-0.11422678172758102
1785583354.032709,4.455091620000005,-0.11290907159481721
1785583354.0376952,4.4600925940000025,-0.11157998875652116
1785583354.0426955,4.4650921049999965,-0.1102403391485632
1785583354.0477006,4.470091912000001,-0.10888975269299984
1785583354.052686,4.475091958999997,-0.10752834159935482
1785583354.0576842,4.480092376999991,-0.10615616847480287
1785583354.0626807,4.485092166000001,-0.10477361018570487
1785583354.0676806,4.490093102000003,-0.10338027704377177
1785583354.072675,4.495092056999994,-0.10197714755845685
1785583354.0776813,4.500091789999999,-0.10056355683251761
1785583354.0826795,4.5050919859999965,-0.09913969728810568
1785583354.0876772,4.5100921260000035,-0.09770582404192354
1785583354.0926828,4.515092339999995,-0.0962620097018225
1785583354.0976827,4.520092425000001,-0.0948084243532104
1785583354.10268,4.5250919169999975,-0.09334531765296182
1785583354.1076791,4.530092316999998,-0.09187236344115303
1785583354.112677,4.535092031000005,-0.09039014598210332
1785583354.117712,4.540092634000004,-0.0888983145152362
1785583354.1226797,4.545091478000003,-0.08739777947815162
1785583354.1276753,4.5500918780000035,-0.08588766574275511
1785583354.1326778,4.5550912220000015,-0.0843688814575217
1785583354.1376798,4.560091825000001,-0.08284084485112506
1785583354.1426792,4.565091260999992,-0.0813044203403293
1785583354.1477,4.570091476000002,-0.07975913557922733
1785583354.1526792,4.575091745999998,-0.07820533815177094
1785583354.157679,4.580091960000004,-0.07664318984863315
1785583354.1627474,4.585104637000001,-0.075068877532667
1785583354.1677077,4.590093702999994,-0.07349388799223885
1785583354.172701,4.595092139999991,-0.07190797476316102
1785583354.1777222,4.600092242999992,-0.0703136883770886
1785583354.1827085,4.605093049999994,-0.06871146367203577
1785583354.1876981,4.610092800999993,-0.06710200026643988
1785583354.1927025,4.615092904999997,-0.06548498234439493
1785583354.1976995,4.620092248999995,-0.06386090810554398
1785583354.2027287,4.625092203999998,-0.06222947108981091
1785583354.207698,4.630092011000002,-0.060591057766213124
1785583354.2126958,4.635091798999994,-0.058945767233165
1785583354.2176964,4.640091975999994,-0.05729360670165564
1785583354.2227201,4.645091968000003,-0.055634908845940904
1785583354.2277005,4.650091459999999,-0.0539699240983974
1785583354.2326958,4.655091933999998,-0.052298303761020334
1785583354.237695,4.660091777999995,-0.05062073297930821
1785583354.2427216,4.6650928069999935,-0.048936749890940635
1785583354.2477145,4.670091706999997,-0.04724762130057838
1785583354.2526965,4.675092347000003,-0.045552190927854654
1785583354.2576983,4.680092191,-0.0438514684341852
1785583354.2626958,4.685092034999997,-0.042145336955986226
1785583354.2677011,4.690092656999994,-0.04043368345167834
1785583354.2726958,4.695092185999997,-0.038717303585128426
1785583354.277695,4.700092084999994,-0.036995852022535906
1785583354.282694,4.705091854999992,-0.03526965708254734
1785583354.2876983,4.710091735999995,-0.03353879385765145
1785583354.2926917,4.715091653999991,-0.03180344672815453
1785583354.2976944,4.720091998000001,-0.030063640081066146
1785583354.3026977,4.725092489999994,-0.02831963095372855
1785583354.3077214,4.730094352999998,-0.026571153054889392
1785583354.3127148,4.735092621999996,-0.024820107590584478
1785583354.3177047,4.740091707000005,-0.023065116684782706
1785583354.3226707,4.7450906809999935,-0.0213066698270535
1785583354.3276708,4.750090450999991,-0.01954461308015404
1785583354.3327038,4.755092258000005,-0.017778673157651914
1785583354.3376946,4.760091712999994,-0.016010567687969775
1785583354.342693,4.765092612000004,-0.014239123693678609
1785583354.3477201,4.770091901000001,-0.012465592622439597
1785583354.352698,4.775092873999995,-0.010688976301956227
1785583354.357699,4.780092311000004,-0.008910589790060125
1785583354.362696,4.785092358,-0.007129842470809187
1785583354.3676999,4.790092442999992,-0.005347110586785442
1785583354.3726952,4.7950920649999915,-0.0035627467545390305
1785583354.3776944,4.800092483,-0.0017764760348608943
1785583354.382695,4.805091529999999,1.0751895357358509e-05
1785583354.387749,4.810092707999999,0.0018000132114215641
1785583354.392698,4.8150928660000005,0.003590004108289839
1785583354.3976934,4.820092524999993,0.005380732996708662
1785583354.402693,4.825092036000001,0.0071721471306452345
1785583354.4077241,4.830092508999996,0.00896446538051306
1785583354.4126956,4.835091723999994,0.010756712308211168
1785583354.4176939,4.840092420000005,0.012549689469598922
1785583354.4226966,4.845092393000002,0.014342425623901787
1785583354.4277108,4.850109348000004,0.016141086155081173
1785583354.4327288,4.855094100000002,0.017927856389417164
1785583354.437704,4.860092387999998,0.019718950753330553
1785583354.442699,4.865093399000003,0.02151030861094112
1785583354.4477167,4.870092038999999,0.023299921255063687
1785583354.4526992,4.875092086999999,0.025088957333441932
1785583354.4576936,4.880091355999994,0.0268764490666847
1785583354.462696,4.885092810999993,0.028663270347006706
1785583354.4676926,4.890092210999995,0.030447719855504582
1785583354.472726,4.895091906999994,0.03223045102777688
1785583354.4776988,4.900092528000002,0.034011500398328405
1785583354.482695,4.905092298,0.03579004788483655
1785583354.4876962,4.9100912530000045,0.03756591956058061
1785583354.492726,4.915092189999996,0.03933991989205983
1785583354.4976945,4.920092292999996,0.04111086036366744
1785583354.5026958,4.925093082000004,0.0428790903510856
1785583354.507694,4.930092443999996,0.04464367402402994
1785583354.512695,4.935092269999998,0.046405090078164055
1785583354.5176969,4.940092261999993,0.048163042932679395
1785583354.5226934,4.945092364999994,0.04991732269579297
1785583354.5276923,4.950092338000005,0.05166765432086746
1785583354.5326958,4.955092127,0.05341382853983529
1785583354.5376945,4.960092044999996,0.05515576378844317
1785583354.5426936,4.965092314999993,0.05689334597435681
1785583354.5477107,4.970092547999997,0.05862624815087647
1785583354.552692,4.975092150999998,0.06035407428308446
1785583354.5577273,4.980092106000001,0.06207697255956378
1785583354.5627005,4.985093061000001,0.06379497245288633
1785583354.5677137,4.99009246,0.06550700498270098
1785583354.5726984,4.995092322999994,0.06721357183371754
1785583354.5777256,5.000091759,0.06891417697950122
1785583354.5826972,5.005092159,0.07060910072024931
1785583354.5876954,5.0100919660000045,0.07229762272553905
1785583354.592695,5.0150911620000045,0.07397954732698109
1785583354.5976934,5.020091856999997,0.07565539084888839
1785583354.6026986,5.025091293999992,0.0773240371439664
1785583354.6076946,5.030091786,0.07898606692883532
1785583354.6126933,5.035091796999993,0.0806407769125225
1785583354.6176932,5.040092510999997,0.08228836697928915
1785583354.6226962,5.045091761999998,0.08392793394710008
1785583354.6276944,5.050092179999993,0.08556014994536243
1785583354.6327498,5.055096746999993,0.08718578482869346
1785583354.6377032,5.060092998000002,0.08880060898187676
1785583354.6427135,5.065089119999996,0.09040709902070296
1785583354.6476908,5.070091555999994,0.09200712118356488
1785583354.6527033,5.075092826000002,0.09359807998370247
1785583354.6577127,5.080092614999998,0.09517969260346873
1785583354.6628044,5.085102383999995,0.09675537213476634
1785583354.66771,5.090094153999999,0.09831615192886455
1785583354.6727004,5.095092664999996,0.09986961061888135
1785583354.6776927,5.100091972000001,0.1014136915568071
1785583354.6826975,5.105092908000003,0.10294845754167746
1785583354.6877222,5.110091807999993,0.10447259807510997
1785583354.6926994,5.115092521999998,0.10598710116267827
1785583354.6976933,5.120091755000004,0.10749078195701593
1785583354.7026942,5.125092025000001,0.1089842137954154
1785583354.7076952,5.130091350000001,0.11046661962976392
1785583354.712694,5.135091693999996,0.11193839734093307
1785583354.717694,5.140092205000002,0.11339910860896424
1785583354.7226934,5.145092140999992,0.11484835505718538
1785583354.7277434,5.150092059000002,0.11628611784208759
1785583354.7327023,5.155091810999991,0.11771217345263676
1785583354.7376943,5.160091988000005,0.11912650866348691
1785583354.7426946,5.165092424999997,0.12052889420124115
1785583354.7477458,5.170091528,0.12191870757623796
1785583354.7527397,5.175102000999999,0.12329926466877529
1785583354.7577362,5.180096770999995,0.12466294433255405
1785583354.7627106,5.185093003999995,0.12601431028300272
1785583354.767706,5.190093810999997,0.12735400502013547
1785583354.7727034,5.1950920999999965,0.12867994567228722
1785583354.7776995,5.200092850999994,0.1299932793394367
1785583354.782702,5.2050925469999925,0.13129290353086423
1785583354.787698,5.210092149999994,0.13257890068416006
1785583354.7926993,5.215092400999993,0.1338512878569379
1785583354.7976966,5.220092726999994,0.13510974597968722
1785583354.8026962,5.2250925519999925,0.13635396267000827
1785583354.8076963,5.230093100000005,0.13758407342849202
1785583354.8127925,5.235091702999995,0.1387992602291217
1785583354.817701,5.240093287999997,0.14000055040088058
1785583354.8227046,5.2450932980000005,0.14118667849887243
1785583354.8276978,5.250092049999992,0.14235756878534203
1785583354.8327327,5.2550928200000016,0.1435138228458707
1785583354.8376956,5.260092329999992,0.14465451821976888
1785583354.8426983,5.265093155999992,0.14578008248260324
1785583354.8477128,5.270093148000001,0.1468898708873899
1785583354.8526947,5.275091899000003,0.1479836455825798
1785583354.8576956,5.280093354000002,0.14906210686230567
1785583354.8626974,5.285092105000004,0.15012393405661872
1785583354.8677073,5.2900925609999945,0.15116991531263277
1785583354.8726945,5.2950918859999945,0.15219930285035316
1785583354.8776958,5.300091840999997,0.15321231137413585
1785583354.8826954,5.305092536999993,0.15420880764195302
1785583354.887694,5.310092361999992,0.15518832364377755
1785583354.8926942,5.315092280000002,0.15615090624316108
1785583354.8977263,5.320092383999992,0.15709642753889905
1785583354.9027011,5.325093078999998,0.1580248172668535
1785583354.9076953,5.330092479000001,0.1589355876990223
1785583354.9126933,5.335092322999998,0.15982892045755714
1785583354.9177208,5.3400915,0.16070448025878495
1785583354.922696,5.345092399999999,0.16156254372608966
1785583354.927697,5.350092429,0.16240252655183973
1785583354.932698,5.355092253999999,0.16322441361650183
1785583354.937695,5.360092135000002,0.16402811724717364
1785583354.9427161,5.3650921090000026,0.1648135131151932
1785583354.9477143,5.370092138000004,0.16558046674962834
1785583354.9526975,5.375091647999994,0.16632876681045017
1785583354.957692,5.380092232999999,0.16705852470691898
1785583354.9626987,5.385092298999993,0.16776938248419057
1785583354.967697,5.390092088000003,0.16846125871618897
1785583354.9726946,5.395092413,0.16913414599419915
1785583354.977693,5.400091739000004,0.16978772391952915
1785583354.98273,5.405092620000005,0.170422208597964
1785583354.9876966,5.410092277999993,0.17103713306136487
1785583354.992694,5.415092436999998,0.17163260294792956
1785583354.9976914,5.420092225999994,0.1722084051878276
1785583355.002722,5.425091588000001,0.17276443139127795
1785583355.0077057,5.43009223,0.17330076186504412
1785583355.0126975,5.435092093999998,0.173817070495215
1785583355.0176988,5.4400928470000025,0.17431342843639608
1785583355.0226972,5.445092303999999,0.17478952310246076
1785583355.0276995,5.450091667999999,0.1752453814563729
1785583355.0326986,5.455092124999993,0.17568101172738107
1785583355.0376935,5.460092377999999,0.1760962038424842
1785583355.0426934,5.4650920379999945,0.1764908409555266
1785583355.0477142,5.470092421000004,0.17686493893809754
1785583355.052698,5.475092117999992,0.17721830721765974
1785583355.057693,5.480091704999992,0.17755090879945132
1785583355.0626955,5.4850919209999915,0.1778627092563102
1785583355.0677283,5.490091821999997,0.178153569724282
1785583355.072733,5.495113649000004,0.1784245719011591
1785583355.0777066,5.500092569000003,0.17867227621419426
1785583355.0827017,5.505092895999994,0.1788999474194696
1785583355.087731,5.5100917409999965,0.17910634873967843
1785583355.092699,5.515091791000003,0.17929152676040175
1785583355.0976956,5.520092988000002,0.17945540060535065
1785583355.1026936,5.525091945,0.1795978050669524
1785583355.107692,5.530091808999998,0.1797187796031768
1785583355.1126974,5.535091968999993,0.17981824542821628
1785583355.1176946,5.540091666999999,0.17989613479416752
1785583355.1226943,5.5450923639999985,0.17995241576267823
1785583355.1276922,5.550091672999997,0.17998701533708497
1785583355.132698,5.555091574000002,0.17999990630555945
1785583355.1376944,5.560091659999998,0.1799910390496251
1785583355.1427383,5.565093543000003,0.17996035683654374
1785583355.1477194,5.570092629000001,0.17990785610054533
1785583355.152747,5.575092807999994,0.17983347150065093
1785583355.1576998,5.580092153999999,0.17973719699320231
1785583355.1627262,5.585098258999992,0.17961881702158053
1785583355.16773,5.590095289999994,0.17947869358561644
1785583355.1727378,5.595094117000002,0.179316544905492
1785583355.1776986,5.6000929249999984,0.1791323959233117
1785583355.1827085,5.605095603999999,0.17892605838322354
1785583355.1876984,5.610092949999995,0.1786979048202528
1785583355.192696,5.615092720999996,0.1784475862800311
1785583355.1977205,5.620092658999994,0.17817518743189353
1785583355.2026997,5.625091987000005,0.17788074509688176
1785583355.2076967,5.6300918689999975,0.1775641854439543
1785583355.2126951,5.635092917999998,0.17722545542134668
1785583355.2176967,5.640092171999996,0.17686475980034388
1785583355.2226949,5.645092016999996,0.17648193723417183
1785583355.2276947,5.650091584999998,0.17607705777362673
1785583355.2326968,5.655092504999999,0.17564999091065003
1785583355.2377255,5.6600916280000035,0.17520101991017037
1785583355.242696,5.665092287999997,0.1747298613542932
1785583355.2477136,5.670091503999998,0.1742368126694992
1785583355.2526944,5.675091960999993,0.1737216304710714
1785583355.2577217,5.680092196000004,0.17318448175511333
1785583355.2626965,5.685092208,0.17262539548188394
1785583355.2676942,5.6900923310000024,0.17204436389114158
1785583355.272697,5.695092176999992,0.17144146494789922
1785583355.2776937,5.700092170999994,0.17081668298639263
1785583355.2827,5.7050924609999925,0.17017003429594316
1785583355.287693,5.710091566000003,0.16950175686838875
1785583355.2926948,5.715092040999991,0.16881155157259467
1785583355.2976909,5.720092145999999,0.16809969866209576
1785583355.3026958,5.725091712999998,0.16736627754917055
1785583355.307698,5.730091595999994,0.16661121697095962
1785583355.3126943,5.735091793999999,0.1658345685686675
1785583355.3180132,5.740129565000004,0.16503035925704462
1785583355.3230174,5.7452989100000025,0.16418254395164036
1785583355.3278408,5.750100848999992,0.16337453766062646
1785583355.3327389,5.7551058429999955,0.16251146828498772
1785583355.3377345,5.760105687999996,0.16162806115436162
1785583355.3427937,5.765108830000003,0.16072290953205245
1785583355.3477876,5.770115082999993,0.1597960833011457
1785583355.3528259,5.775091317999994,0.15885396475493793
1785583355.3575926,5.780079014999998,0.15788889941596465
1785583355.362557,5.785075360999997,0.1569013911222803
1785583355.3678403,5.790112484000005,0.15588487065927817
1785583355.3727927,5.795103126000001,0.15485707478011163
1785583355.3777945,5.8001029339999945,0.15380686967277218
1785583355.3827055,5.805092557999998,0.15273842351413708
1785583355.3877072,5.810093292000005,0.15164727164560018
1785583355.3926725,5.815090693999991,0.15053662165432266
1785583355.3976743,5.820090854,0.14940523049767745
1785583355.4026997,5.825092885000004,0.14825338099591595
1785583355.4077313,5.830092507999993,0.1470821747850517
1785583355.4127,5.835093075999993,0.14589095122259327
1785583355.4176989,5.840092384999991,0.14468035625668682
1785583355.422692,5.845091749000005,0.14345020085506494
1785583355.4277267,5.850092446000005,0.1422002875197224
1785583355.4326963,5.855092346999996,0.14093127336773284
1785583355.437696,5.860091674000003,0.1396432410600895
1785583355.4426937,5.865092204999996,0.13833586299559678
1785583355.4477115,5.870092291999995,0.13700970279624355
1785583355.4527214,5.8750927299999915,0.13566469022971428
1785583355.4576983,5.880091945999993,0.13430139631212878
1785583355.4627042,5.885092939000003,0.1329191461584236
1785583355.4677165,5.890093062999995,0.13151881506959026
1785583355.472698,5.895092056999999,0.13010063900038177
1785583355.477695,5.900092123999997,0.12866414812375712
1785583355.4826987,5.905092600000003,0.12720968300268523
1785583355.4876935,5.910092555999995,0.12573767516641962
1785583355.4927285,5.915092180000002,0.1242482373916021
1785583355.497696,5.920092635999993,0.12274118681915135
1785583355.502695,5.9250921670000025,0.12121722285115048
1785583355.5076928,5.930092309000003,0.11967605118755607
1785583355.512719,5.935092320999999,0.11811807291584585
1785583355.5176995,5.940093445000002,0.11654307414719785
1785583355.5226927,5.945091660999992,0.11495251062960662
1785583355.5276937,5.950092673,0.11334475144262211
1785583355.532698,5.9550930369999975,0.11172107978472903
1785583355.537701,5.960092622999994,0.11008173402296331
1785583355.542694,5.965092431999992,0.10842658060534768
1785583355.5477145,5.970091832999998,0.10675602404383268
1785583355.552693,5.975092179000001,0.10506980728148807
1785583355.5577006,5.9800929499999995,0.10336829970618004
1785583355.5626936,5.9850921289999945,0.10165239586310619
1785583355.567714,5.990110716000004,0.09991501489460779
1785583355.5726912,5.995091895000002,0.09817611301003813
1785583355.577727,6.000091924999992,0.09641634199365114
1785583355.582703,6.005092603999998,0.09464223787649262
1785583355.5876935,6.010093080000004,0.09285431737055576
1785583355.5926988,6.015092961999997,0.09105294248239053
1785583355.5977411,6.020091863000005,0.08923848045400545
1785583355.6026962,6.025091967999998,0.08741036125305326
1785583355.6076958,6.030092479999993,0.08556909644311646
1785583355.612695,6.035091399999999,0.08371565567277027
1785583355.6176958,6.040091541999999,0.08184922851811154
1785583355.6227002,6.0450925359999985,0.0799701793516791
1785583355.627693,6.0500914929999965,0.07807983442041656
1785583355.6326969,6.055092301000002,0.07617696304260702
1785583355.6376932,6.060091349999993,0.07426317970302138
1785583355.6426969,6.065091676999998,0.07233756701597749
1785583355.647714,6.070091968,0.0704008727284905
1785583355.6526964,6.075091849999993,0.06845349103908939
1785583355.657692,6.080092121999996,0.06649536136193537
1785583355.6627598,6.085097633999993,0.0645248198170898
1785583355.6677036,6.090093312999997,0.06254806935814966
1785583355.672699,6.095093102999996,0.06055986687618922
1785583355.6776953,6.100092152000002,0.05856239108113778
1785583355.682732,6.105092775999992,0.056554975714375524
1785583355.6876967,6.1100920290000005,0.05453906640662648
1785583355.692694,6.115093078000001,0.052513650739470764
1785583355.6976945,6.120091774999992,0.050480677789072906
1785583355.702723,6.1250958990000015,0.04843724613952151
1785583355.7077217,6.1300920409999975,0.04638910922797025
1785583355.7127008,6.135092868000001,0.04433135590235021
1785583355.7176974,6.140091675999997,0.042267014095739026
1785583355.7226949,6.145091596,0.04019507033114811
1785583355.727699,6.150091868000004,0.03811611582072267
1785583355.7326982,6.155092508999999,0.036030423318033966
1785583355.7376938,6.160091465999997,0.03393913463940581
1785583355.7426953,6.165091441000001,0.03184140540445292
1785583355.7477462,6.170091454000001,0.029737931330797995
1785583355.752696,6.175092187999994,0.027628712024637077
1785583355.7576942,6.180092219000002,0.025514637924484867
1785583355.7627413,6.185091212999993,0.02339614426568505
1785583355.767742,6.1900925030000025,0.021272109820263684
1785583355.772697,6.195092922000001,0.01914417226335711
1785583355.777694,6.200092174999995,0.017012755725121106
1785583355.782699,6.205092187999995,0.014877336990613249
1785583355.7876956,6.2100927179999985,0.012738317364797457
1785583355.7927089,6.215093526999993,0.010596098229539488
1785583355.7977014,6.220092520999998,0.008451879564083793
1785583355.8026974,6.225091958999997,0.006304996362106679
1785583355.8076944,6.230092916000004,0.0041552897498344805
1785583355.8126996,6.235092316999996,0.0020043869108320894
1785583355.8176947,6.240092551000004,-0.00014843301313123105
1785583355.822693,6.245092155999998,-0.0023022330288994426
1785583355.8276908,6.250091983000004,-0.0044570708568033345
1785583355.8327005,6.255092402999992,-0.006612796776524671
1785583355.8377,6.260093248999993,-0.008769028053317737
1785583355.842693,6.26509265,-0.010924646100819753
1785583355.8477216,6.27009194,-0.013079913502248422
1785583355.8527024,6.275093248000005,-0.015235434259573903
1785583355.8576949,6.280092427,-0.01738910671819977
1785583355.8626957,6.285092014,-0.019541709197568247
1785583355.8676944,6.290091785000001,-0.021692829182661997
1785583355.8727245,6.295092519999997,-0.023842485054677627
1785583355.8777,6.300092587999998,-0.025989658237441413
1785583355.8826983,6.305092599999995,-0.02813429371604272
1785583355.8876941,6.310092148999999,-0.03027589895513489
1785583355.8927228,6.315091809999998,-0.03241440171295061
1785583355.8976932,6.320091691999991,-0.034549528970134066
1785583355.9026952,6.325092908000002,-0.036681434489758136
1785583355.9076946,6.330091660999997,-0.038808180921724805
1785583355.9127789,6.335104154999996,-0.04093632654069768
1785583355.9177117,6.340094222999994,-0.04305020733749249
1785583355.9227,6.345092605000005,-0.0451625449496153
1785583355.927696,6.350092007000001,-0.047269921969033006
1785583355.9326973,6.355092482000003,-0.04937203613330707
1785583355.9376953,6.360091623999992,-0.051467555238213926
1785583355.9426968,6.365092246999993,-0.05355733722219544
1785583355.9477139,6.370091666999997,-0.05563993866747332
1785583355.9526956,6.375091808999997,-0.057715841228761965
1785583355.9576957,6.3800918759999945,-0.05978439158214665
1785583355.9627142,6.385092721999996,-0.06184562048880126
1785583355.9676974,6.390092289999998,-0.06389836059450794
1785583355.972694,6.395091949999994,-0.06594285690549241
1785583355.9776974,6.400092091999994,-0.06797894745330164
1785583355.9826965,6.405092511999996,-0.0700062275107071
1785583355.9876919,6.410092079999998,-0.07202392130679976
1785583355.9926918,6.415092462000004,-0.07403238255670008
1785583355.9976964,6.420092029999992,-0.07603063922615591
1785583356.002696,6.425092079999999,-0.07801889272962702
1785583356.007696,6.430092333999994,-0.07999671347854274
1785583356.01269,6.435092440999995,-0.0819636462116067
1785583356.0177221,6.440092140000004,-0.08391927462098442
1785583356.0226936,6.445091691000002,-0.08586338767530761
1785583356.0276985,6.450091518999997,-0.08779583645270732
1785583356.032696,6.455092033,-0.089716462713911
1785583356.0376935,6.460092195000001,-0.09162455461676473
1785583356.0426993,6.4650913379999935,-0.09351955192181553
1785583356.047718,6.470091722999996,-0.09540200103065824
1785583356.0527155,6.475093125000001,-0.09727149957522833
1785583356.0576982,6.4800930100000045,-0.09912679479521037
1785583356.0627193,6.485110671000001,-0.10097467083897742
1785583356.0677109,6.490091945000003,-0.10279495492623625
1785583356.0727048,6.495092255000003,-0.10460767111742812
1785583356.077693,6.5000928430000045,-0.10640563311797196
1785583356.0827003,6.505093097,-0.10818832030034893
1785583356.0876956,6.510092759000003,-0.10995534564406682
1785583356.0927029,6.515092346999992,-0.11170659767047218
1785583356.0976954,6.520091972000003,-0.11344181942044534
1785583356.1027303,6.525092263999994,-0.11516093174214913
1785583356.1076953,6.530092240000002,-0.1168633022649406
1785583356.1126907,6.5350913099999985,-0.1185484453906841
1785583356.1176963,6.540091989999993,-0.12021691656339141
1785583356.1226933,6.5450927079999985,-0.12186789549651642
1785583356.1276937,6.550092444000001,-0.12350076512648478
1785583356.132697,6.555091902000001,-0.1251154788971043
1785583356.1376944,6.560092638,-0.1267122526900552
1785583356.1426919,6.565091929999994,-0.1282899392083801
1785583356.1477127,6.570091794999996,-0.12984890293415566
1785583356.1526933,6.575091623999995,-0.1313886762337881
1785583356.1576962,6.580092081999993,-0.13290918798199924
1785583356.1627266,6.5850973369999934,-0.13441140318863762
1785583356.1677084,6.590094831999991,-0.13589130290352533
1785583356.1726968,6.595092030999993,-0.13735088066903703
1785583356.1776967,6.600091766999995,-0.138790687636472
1785583356.1826968,6.605092021999994,-0.14020986353675388
1785583356.1877253,6.610091386999997,-0.141607753054198
1785583356.1926956,6.615091622999998,-0.14298459356380847
1785583356.1976955,6.620092267000004,-0.14433999688881682
1785583356.2026944,6.6250924099999935,-0.14567346748577067
1785583356.2076964,6.630092609000002,-0.14698490984442508
1785583356.2126932,6.635092381999996,-0.1482739559152386
1785583356.2177155,6.640092026000005,-0.1495404448239679
1785583356.2226977,6.645091780000001,-0.1507841990299897
1785583356.2276924,6.6500919049999965,-0.15200504492440173
1785583356.2327,6.655093066999996,-0.15320290309416237
1785583356.2376957,6.660092136999992,-0.15437680236548174
1785583356.2426908,6.665091113000003,-0.1555270014362166
1785583356.247715,6.670091960999997,-0.1566537172346418
1785583356.2526991,6.675092751999998,-0.15775628252241303
1785583356.2576952,6.680092395999992,-0.1588342494513675
1785583356.2626913,6.685091224000004,-0.1598874909302751
1785583356.267694,6.690092015999994,-0.16091637473073164
1785583356.2727213,6.695091732999998,-0.16192006294572453
1785583356.2776973,6.700092192,-0.1628987202286982
1785583356.2826965,6.705092261000004,-0.16385192332489817
1785583356.2876961,6.710091922999993,-0.16477947962753825
1785583356.2926939,6.715091917999999,-0.16568133518180833
1785583356.2976944,6.720091728,-0.16655720728381723
1785583356.3026962,6.725092223999994,-0.16740706016391182
1785583356.307695,6.730091940999998,-0.16823046491754393
1785583356.3126924,6.735092010999992,-0.1690274344891829
1785583356.317695,6.740092486999998,-0.16979779827485345
1785583356.3226924,6.745092037999996,-0.17054118629872145
1785583356.3276935,6.750091718999997,-0.17125759670974114
1785583356.3326938,6.7550921029999955,-0.17194694369727936
1785583356.3377283,6.7600917460000005,-0.1726088713859807
1785583356.3426936,6.765091001000002,-0.17324328275127257
1785583356.3477173,6.770091977999996,-0.17385028558268292
1785583356.3526976,6.775091528999994,-0.17442935054823178
1785583356.3577015,6.780092561000004,-0.17498067323895872
1785583356.3626988,6.785091777999995,-0.17550375675123345
1785583356.3677115,6.790091996000001,-0.17599877048919493
1785583356.3726935,6.795090935999994,-0.176465363452629
1785583356.3776915,6.800092061000001,-0.1769037277158998
1785583356.382695,6.805092055999992,-0.1773134446632557
1785583356.3876984,6.810092069999996,-0.17769450334472947
1785583356.392693,6.815091434999999,-0.17804674814713398
1785583356.397696,6.820091782999995,-0.1783701855256369
1785583356.4027035,6.825093370000005,-0.17866471161590733
1785583356.4076986,6.830092069000003,-0.17893000120297248
1785583356.4127495,6.835097324000003,-0.1791664313855173
1785583356.417716,6.840095078999994,-0.17937325916954217
1785583356.4227,6.845092665999999,-0.17955077271960096
1785583356.427705,6.850092328000002,-0.17969895704930147
1785583356.432702,6.855091935000004,-0.17981765803171018
1785583356.4376984,6.860091689000001,-0.17990681122124452
1785583356.4426963,6.865092239999996,-0.17996635618286477
1785583356.447759,6.870092532000001,-0.1799962167258056
1785583356.4526992,6.875092785999996,-0.17999634283053212
1785583356.457698,6.880092374,-0.17996669166937673
1785583356.4626954,6.885092239999992,-0.17990721692455644
1785583356.467697,6.890092994,-0.17981786164026406
1785583356.472732,6.895092470999998,-0.17969863368833694
1785583356.4776976,6.9000928180000045,-0.17954945619630983
1785583356.4827015,6.905093257999994,-0.17937031938181416
1785583356.4877126,6.910092308999992,-0.1791612687029857
1785583356.4927,6.915092100999999,-0.17892220668464898
1785583356.4976943,6.920091576999994,-0.17865317088791197
1785583356.502701,6.925092590999995,-0.1783540464818462
1785583356.5076995,6.930092623999997,-0.17802498017132812
1785583356.5126965,6.935092045000005,-0.17766596818912167
1785583356.5177026,6.940092391999997,-0.177276908599691
1785583356.5226996,6.945092201999998,-0.17685792823747964
1785583356.5276961,6.950092382999998,-0.17640897419451848
1785583356.532696,6.955092284999992,-0.17593013089541804
1785583356.5376987,6.960092336000002,-0.17542139062315887
1785583356.5426962,6.965092775999992,-0.17488276147721515
1785583356.5477192,6.970092159999993,-0.17431444765224005
1785583356.5526958,6.975091859000003,-0.1737163477476369
1785583356.5577197,6.9800925769999935,-0.17308841874812197
1785583356.562697,6.9850921270000015,-0.17243099497191555
1785583356.5676994,6.99009203,-0.17174394732071324
1785583356.5726943,6.995093025000003,-0.17102723040518691
1785583356.5776973,7.000093020999998,-0.17028121734728982
1785583356.5827026,7.005092757,-0.16950588857414542
1785583356.587696,7.010092714999999,-0.16870125455671475
1785583356.5927043,7.015093784000001,-0.16786725076362508
1785583356.597701,7.020091687000004,-0.16700470391220854
1785583356.6027095,7.025093385999995,-0.16611250788268533
1785583356.607696,7.030091826000003,-0.1651920226069528
1785583356.6127176,7.035092691999992,-0.164242319917539
1785583356.6176999,7.0400933159999965,-0.163264004515254
1785583356.6227272,7.0450919599999935,-0.16225755765011537
1785583356.627695,7.050092102999997,-0.16122241044465993
1785583356.6327007,7.055092135999999,-0.16015901698031704
1785583356.6376967,7.060093112000004,-0.15906728443544482
1785583356.6426988,7.065091811000002,-0.1579480704162894
1785583356.6477175,7.070092639999999,-0.1568005382110632
1785583356.6526926,7.075092171999998,-0.15562562129758417
1785583356.657695,7.080092241999992,-0.15442305410248086
1785583356.6627269,7.0850976259999925,-0.15319180457615353
1785583356.667717,7.090093713999991,-0.15193566907360606
1785583356.6726954,7.095092468000004,-0.15065186919289578
1785583356.6777015,7.100092481999994,-0.1493409145679179
1785583356.6826982,7.105092865999993,-0.1480032111038149
1785583356.6877193,7.110112121,-0.14663384764116752
1785583356.6926956,7.115092356999995,-0.1452489730822013
1785583356.6976986,7.120092314999994,-0.14383260598673878
1785583356.7026954,7.1250926439999915,-0.1423902773582239
1785583356.7077227,7.130092176000005,-0.14092253899780208
1785583356.7126932,7.135092783000005,-0.13942905598276722
1785583356.717696,7.140092703999997,-0.13791057316378957
1785583356.722693,7.145092809999994,-0.13636705678183872
1785583356.727715,7.1500929350000035,-0.13479878859816138
1785583356.7326972,7.155092541999991,-0.13320617779703106
1785583356.7376935,7.160092315,-0.13158925114808023
1785583356.7426927,7.165092142999995,-0.1299482900068524
1785583356.7479239,7.170092397999994,-0.1282834208887103
1785583356.7527025,7.175093392999997,-0.1265947883679296
1785583356.7576954,7.180092443999996,-0.12488356909221997
1785583356.7626963,7.185092384000001,-0.12314906743196241
1785583356.767695,7.190093250000004,-0.12139152976018648
1785583356.772699,7.195092670999998,-0.11961206934633778
1785583356.7776937,7.200092166000005,-0.11781043594977662
1785583356.7826955,7.205092105999995,-0.1159867783951566
1785583356.787696,7.210092156999991,-0.11414150557451451
1785583356.7927237,7.215092781999999,-0.11227473765593039
1785583356.7976952,7.220092831999992,-0.1103872036578632
1785583356.8026946,7.225093216999994,-0.10847886626874965
1785583356.807726,7.230094229999992,-0.1065499170414921
1785583356.8127012,7.235093300000003,-0.10460166936177581
1785583356.8176987,7.240093277,-0.10263333693603124
1785583356.8226974,7.245092235000001,-0.10064600113743656
1785583356.8276975,7.2500923599999965,-0.09863911905992549
1785583356.8326948,7.255092929,-0.09661330311190951
1785583356.837696,7.260092720999992,-0.09456938551615311
1785583356.8426926,7.265091956999996,-0.09250762314546786
1785583356.8477128,7.270091952000001,-0.09042781667750366
1785583356.852695,7.2750928920000035,-0.0883302280921704
1785583356.8576972,7.280092534999994,-0.08621615203531666
1785583356.8626938,7.285091734000005,-0.08408559308707829
1785583356.8676944,7.290092525999995,-0.08193803789825298
1785583356.8726974,7.295093261999995,-0.07977455165445008
1785583356.8777282,7.300092867999993,-0.07759597301777851
1785583356.8826993,7.305092807999998,-0.07540203992486169
1785583356.8876946,7.310092248000004,-0.07319349494755556
1785583356.8926933,7.3150924840000044,-0.07097014392585593
1785583356.8976939,7.320092052999996,-0.06873302011185717
1785583356.9026957,7.325092697000002,-0.06648172933125851
1785583356.9076922,7.330092802999999,-0.064217386107723
1785583356.9126933,7.335092965000001,-0.061940117410738675
1785583356.917693,7.340092720000001,-0.05965053286943354
1785583356.9226959,7.345092566999995,-0.057348805907041576
1785583356.9276934,7.350091784,-0.05503567481036837
1785583356.932701,7.3550923909999995,-0.052710609615969364
1785583356.937699,7.360092460000004,-0.050374914394721845
1785583356.9426985,7.365092658999998,-0.0480286920766875
1785583356.9477131,7.370091914,-0.04567286569292926
1785583356.9526963,7.3750925199999955,-0.04330677216778632
1785583356.957695,7.380092903999994,-0.040931575089311244
1785583356.9626982,7.385092065999999,-0.038548178673203815
1785583356.9677067,7.390092358000004,-0.0361558898854961
1785583356.9726925,7.395091909000001,-0.03375603356520235
1785583356.9776971,7.400092921999999,-0.03134798401783673
1785583356.9827166,7.405092750999998,-0.02893345062221351
1785583356.9876957,7.410092301999995,-0.02651243723688945
1785583356.992695,7.4150924079999925,-0.02408498064661694
1785583356.9976923,7.420091773999999,-0.021652152823516548
1785583357.0026984,7.4250926210000046,-0.01921331705908693
1785583357.0076945,7.430092376999994,-0.016770174486597372
1785583357.0126944,7.435092299999994,-0.014322561213709086
1785583357.0176969,7.440092112000002,-0.011871064702539949
1785583357.0227273,7.445092071000005,-0.009416011789708146
1785583357.027697,7.450091623999995,-0.0069581294307289
1785583357.0326943,7.455092453999995,-0.0044970465287282255
1785583357.037691,7.460091875999993,-0.0020345431760030227
1785583357.0427227,7.465091966000003,0.0004299424698818957
1785583357.0477142,7.470092258999998,0.0028957198662107027
1785583357.052695,7.475092384999996,0.005362143362669044
1785583357.057691,7.480091196999993,0.007828182544951249
1785583357.062692,7.485091694000005,0.010294851191397081
1785583357.0676987,7.490092672000003,0.01276108819176163
1785583357.072693,7.495091853999995,0.015225302986906466
1785583357.077691,7.500092183999996,0.01768847799075593
1785583357.0826936,7.505091792000002,0.02014922205254565
1785583357.087694,7.510092622000002,0.022608020897681047
1785583357.0926943,7.515091988999998,0.025063083241274826
1785583357.0977118,7.520095060000003,0.02751647193233825
1785583357.102697,7.525092055999991,0.02996292182640745
1785583357.107703,7.530092405000005,0.03240657905975797
1785583357.112703,7.5350932169999965,0.03484555281545285
1785583357.1176953,7.540092528000002,0.03727841320072392
1785583357.1226952,7.545091728999992,0.03970536613793894
1785583357.127726,7.550092891999995,0.04212694030977438
1785583357.1326973,7.555092704000003,0.04454105654120509
1785583357.1376944,7.560092533999992,0.04694790486338236
1785583357.1426935,7.565091733999992,0.04934670133127494
1785583357.1477125,7.570092137999993,0.05173785142764284
1785583357.1527014,7.575092819999995,0.054120435761528744
1785583357.1576934,7.580091909999993,0.05649309457400502
1785583357.1627557,7.585101442999999,0.05886104220673822
1785583357.16771,7.590094421999993,0.06121106462034304
1785583357.1727045,7.595092992000005,0.0635531481940026
1785583357.1776967,7.6000926929999935,0.06588471285905101
1785583357.182702,7.605092892999991,0.06820499010298574
1785583357.1876945,7.610092057000003,0.07051280227646696
1785583357.1927068,7.615094442,0.07280964019373985
1785583357.197696,7.620092753999998,0.07509169322360355
1785583357.2026982,7.625092676999998,0.07736110254056695
1785583357.2076952,7.630092155,0.07961646832439279
1785583357.2127416,7.635092466000003,0.08185790495245103
1785583357.2176988,7.640093351999994,0.08408483169794748
1785583357.2226954,7.6450931269999955,0.0862960429870402
1785583357.227696,7.650092716000003,0.08849149862413906
1785583357.2326984,7.655093323999992,0.09067127045889342
1785583357.2377172,7.660093117000002,0.09283410679331516
1785583357.2426977,7.665092483999999,0.09497973305629237
1785583357.2477162,7.6700925549999965,0.09710818596739812
1785583357.2527156,7.675110513999996,0.09922623545359036
1785583357.2576988,7.680092993000002,0.10131100922579281
1785583357.2627158,7.685109100999995,0.10339099276598193
1785583357.2677069,7.6900924119999985,0.10543820223179198
1785583357.272697,7.695092242000001,0.10747255783324906
1785583357.2777014,7.7000933319999945,0.10948731507504968
1785583357.2826962,7.7050930509999915,0.11148098626096536
1785583357.2876964,7.710093473000001,0.1134539770783787
1785583357.2926948,7.715093044,0.11540525310411605
1785583357.2977295,7.720092484999995,0.11733468311259332
1785583357.3026977,7.725092666999998,0.11924218357690462
1785583357.3076952,7.730092220000003,0.12112681890461327
1785583357.3126922,7.735092198000004,0.12298857905999745
1785583357.317695,7.740092434999994,0.12482699232827063
1785583357.3226984,7.745092728000003,0.1266415803505435
1785583357.3276968,7.750092373000001,0.12843169426089787
1785583357.3326933,7.755092926000003,0.13019749547637854
1785583357.3376935,7.760091719000002,0.13193765855165093
1785583357.342695,7.765092697,0.1336531678665131
1785583357.3477151,7.770092027000004,0.13534232304164392
1785583357.3526945,7.7750927459999986,0.1370057749056393
1785583357.357697,7.780092334999992,0.13864231066780205
1785583357.3627005,7.785093184000004,0.14025234311227314
1785583357.3677022,7.790092384000005,0.14183457503351526
1785583357.3726926,7.795091955000004,0.14338929708247114
1785583357.3776965,7.800092230000004,0.14491624942653936
1785583357.3827279,7.805091985999994,0.14641470740221846
1785583357.3876967,7.810092037999993,0.1478845724128806
1785583357.392695,7.815092923999998,0.14932565302718592
1785583357.3976936,7.8200919570000025,0.15073684921587974
1785583357.402693,7.825092694999995,0.1521188371321655
1785583357.4076982,7.830091765999995,0.15347036041761233
1785583357.4126945,7.8350927249999955,0.15479205922486589
1785583357.417692,7.840092814999991,0.15608288213647212
1785583357.4226937,7.845092089000005,0.1573425504376833
1785583357.4276938,7.850092160000003,0.1585711684133352
1785583357.4326954,7.855091693999995,0.15976810923106027
1785583357.437696,7.860091728,0.1609333306240019
1785583357.4426944,7.865092336000004,0.16206655446233842
1785583357.4477398,7.870093905999994,0.16316757454286498
1785583357.4527023,7.875092662,0.16423530455080804
1785583357.4576964,7.880092344000005,0.16527029486255332
1785583357.462692,7.885092192999991,0.16627211671136127
1785583357.467728,7.890092652999996,0.16724059662023333
1785583357.4726942,7.895091983,0.1681751542983709
1785583357.4776962,7.900093034999998,0.16907607486042958
1785583357.482693,7.905091661,0.16994238280603302
1785583357.4876938,7.9100916400000045,0.17077451512932654
1785583357.4927344,7.915093080999995,0.1715722384265947
1785583357.497707,7.920093206999994,0.17233489246540676
1785583357.5027065,7.9250940929999985,0.17306259047367348
1785583357.5076976,7.930092533999996,0.1737546817149008
1785583357.5127027,7.935093456999994,0.1744116526694144
1785583357.517698,7.940092860999997,0.17503277914965706
1785583357.5226943,7.9450921170000015,0.17561806800674237
1785583357.5276957,7.950093409999994,0.1761675803887863
1785583357.5326984,7.955091832999997,0.176680619029993
1785583357.5376973,7.960092089,0.17715751791686987
1785583357.5426934,7.965092103999993,0.17759790914715007
1785583357.5477147,7.970092340999997,0.17800168823957427
1785583357.5527253,7.975092227000005,0.17836867224319508
1785583357.5576952,7.980091594000001,0.1786987277662958
1785583357.5626953,7.9850921649999975,0.17899183774256933
1785583357.5677102,7.990091531999994,0.17924774533890578
1785583357.572695,7.995091991999999,0.1794664612177124
1785583357.577695,8.000091932999993,0.17964780792977744
1785583357.5826974,8.005092169999998,0.17979172465916093
1785583357.5876946,8.010092149000002,0.17989810987606125
1785583357.5926929,8.015091423000001,0.1799668875269792
1785583357.5976992,8.020092660999993,0.17999801049947073
1785583357.6026933,8.025091545999999,0.17999139457164126
1785583357.607691,8.030092080000003,0.17994698852052168
1785583357.6126938,8.035092207000005,0.179864750547964
1785583357.617698,8.040092259000005,0.17974464263956327
1785583357.6226978,8.045092182000005,0.1795866383768606
1785583357.627695,8.050092234000005,0.17939070759447726
1785583357.6326962,8.055091860000005,0.17915686146242954
1785583357.6377306,8.060091653,0.17888506931757084
1785583357.642698,8.065092316999994,0.1785752833123217
1785583357.6477182,8.070091925,0.17822763530376234
1785583357.652692,8.075092291999994,0.17784202100838373
1785583357.6576931,8.080091788000004,0.1774185941258451
1785583357.6627307,8.085098525999996,0.1769566301201678
1785583357.6677,8.090093041000003,0.1764580246893315
1785583357.6726966,8.095092631,0.1759211834272782
1785583357.6776958,8.100092423999996,0.1753466293728787
1785583357.6826963,8.105091587000004,0.17473453101496145
1785583357.6876981,8.110092546999994,0.17408465428633754
1785583357.6926954,8.11509221,0.17339748017568313
1785583357.697694,8.120092854999996,0.17267279188073098
1785583357.7027009,8.125092980999995,0.17191090293693606
1785583357.7076998,8.130091977999996,0.17111203420195395
1785583357.712693,8.135092012000001,0.17027595839025272
1785583357.7176964,8.140092526999993,0.1694028777963007
1785583357.7227232,8.145092282999997,0.16849314650915223
1785583357.7276926,8.150092595000004,0.16754667035219165
1785583357.7326925,8.155091257999999,0.16656402980498014
1785583357.7376955,8.160092866,0.1655444671353682
1785583357.742695,8.165092084999998,0.16448923138402113
1785583357.747734,8.170092303999994,0.16339779838289845
1785583357.7526925,8.175091578999996,0.16227077620109198
1785583357.7577262,8.180094834999991,0.16110721481995144
1785583357.7627015,8.185095109000002,0.15990892394613748
1785583357.7677114,8.190096623999992,0.15867511941883303
1785583357.772675,8.195093546999999,0.15740749277227248
1785583357.7776904,8.200112857999997,0.15609923983793678
1785583357.782665,8.205090818000002,0.1547674040752571
1785583357.7877011,8.210114258999994,0.15338895453832818
1785583357.7926753,8.215094089999994,0.15198856775987643
1785583357.7976768,8.220090994000003,0.15054970733883263
1785583357.8026724,8.225093971999996,0.14907557231678492
1785583357.8077035,8.230093580000002,0.14756919255319248
1785583357.812671,8.235092577000003,0.14603005870257973
1785583357.8176668,8.240092591999996,0.14445795541886625
1785583357.8227038,8.245097365999996,0.14285194855679423
1785583357.8277,8.250093992999993,0.14121651844666325
1785583357.8326776,8.255091433999993,0.13954911617718485
1785583357.8376694,8.260093041999994,0.1378488973243471
1785583357.8426676,8.265092260999992,0.13611840317576543
1785583357.847684,8.270091702000002,0.13435708726183693
1785583357.8527095,8.275097735999992,0.13256298774041533
1785583357.8576987,8.280095492000001,0.13074180207584504
1785583357.8626707,8.285090118,0.12889211648965376
1785583357.867682,8.290092633,0.1270101753285787
1785583357.872671,8.295093370999993,0.12509993621510046
1785583357.8776698,8.300092905,0.12316158850735288
1785583357.882665,8.305091124,0.12119558616864655
1785583357.8876655,8.310092656999998,0.11920048846800121
1785583357.8927026,8.315091987999992,0.11717889043633194
1785583357.8976645,8.320091707000003,0.1151301707346673
1785583357.902706,8.325095203000004,0.1130533256318752
1785583357.907698,8.330093384999998,0.11095256595027524
1785583357.9126728,8.335088345000003,0.10882751050306132
1785583357.917673,8.340093471000003,0.10667284923338097
1785583357.922667,8.345093023999993,0.10449576858374524
1785583357.9276657,8.350092594000003,0.10229432801686224
1785583357.9326978,8.355093943,0.10006819755635138
1785583357.9377003,8.360094994999997,0.09781875620096836
1785583357.9426727,8.365090991999992,0.09554865284144382
1785583357.9476824,8.370092710999998,0.09325346403811226
1785583357.9526696,8.375093114999999,0.09093687355947631
1785583357.9576678,8.380092555999994,0.08859922376260952
1785583357.962668,8.385092572000005,0.08624029443371131
1785583357.9676669,8.390092530999993,0.08386088285568595
1785583357.972703,8.395094361000005,0.08146056895565033
1785583357.9777315,8.400094542999994,0.07904155432480535
1785583357.9826834,8.405090650999995,0.0766055650836062
1785583357.987667,8.410091944000001,0.07414860557337478
1785583357.9926672,8.415092126000005,0.07167427694968415
1785583357.997661,8.420091585999998,0.0691829325441234
1785583358.0027244,8.425098730999991,0.06667088928349368
1785583358.007697,8.430094432999994,0.06414830866979454
1785583358.0126815,8.435094356999997,0.061607867211745736
1785583358.01767,8.440093410000003,0.05905269278702893
1785583358.022672,8.445093259999993,0.0564824941527266
1785583358.0276651,8.450093183999996,0.05389820487316483
1785583358.0326962,8.455094552999995,0.05129968054321072
1785583358.0376945,8.460092699,0.0486899282013816
1785583358.0426843,8.465095622999996,0.0460653437597006
1785583358.047687,8.470092898999994,0.043431982965521275
1785583358.0526683,8.475093100999999,0.04078592454641918
1785583358.0576668,8.480092765999999,0.03812958427953108
1785583358.0626924,8.485092245000004,0.035463373003789045
1785583358.0676692,8.490092614000005,0.03278731367403413
1785583358.0726671,8.495092556000003,0.030102712258475994
1785583358.0776968,8.500093647,0.02740932679845014
1785583358.0827017,8.505094737999997,0.0247083828321222
1785583358.0876682,8.510093179999998,0.022001929190143103
1785583358.0926619,8.515092233999994,0.019288819501580536
1785583358.0976648,8.520092157999997,0.016569529072714917
1785583358.1026711,8.525092489000002,0.013844928645330238
1785583358.1077008,8.530094653999996,0.011114861497587534
1785583358.1127,8.535094763000004,0.008382077480005128
1785583358.117669,8.540092872999992,0.005647178342835162
1785583358.1226647,8.545092611000001,0.0029088103207669594
1785583358.1276715,8.550093406000002,0.00016791699798628115
1785583358.1326718,8.555090811,-0.0025724286617122612
1785583358.1376657,8.560092939,-0.00531603917217342
1785583358.1428585,8.565092751999998,-0.00805841650261548
1785583358.1476915,8.570092250000002,-0.010800017993720074
1785583358.152669,8.575093155999994,-0.013541147138716769
1785583358.1576655,8.580092449999995,-0.01627950656399927
1785583358.1626856,8.585093763000003,-0.01901644140481315
1785583358.1677225,8.590094186999991,-0.02174971508032244
1785583358.17267,8.595093406999993,-0.024478512616725956
1785583358.1776645,8.600092554,-0.02720280764066593
1785583358.1826634,8.605090922000002,-0.029921571181137877
1785583358.187694,8.610092753999993,-0.032636460629457464
1785583358.1926715,8.615092473999994,-0.03534380076168847
1785583358.1977005,8.620094823999992,-0.03804551149863594
1785583358.2027009,8.625094321999995,-0.04073798634544468
1785583358.2076685,8.630093376000005,-0.04342188417740964
1785583358.2126722,8.635092447999995,-0.046096809203546675
1785583358.2176714,8.640093445999995,-0.04876313244578219
1785583358.2226663,8.64509287,-0.05141834313206468
1785583358.2276638,8.650092200999993,-0.0540625903423934
1785583358.2326648,8.655091107000004,-0.05669505885641946
1785583358.2376995,8.660096549000002,-0.05931875169120771
1785583358.2426984,8.665101307,-0.06192922234466481
1785583358.2476912,8.670090286000004,-0.06451802521775009
1785583358.2526736,8.675099580999998,-0.06710323506374834
1785583358.2576885,8.680093227,-0.06966563856098416
1785583358.2626667,8.685099206999993,-0.07221897673153023
1785583358.2676651,8.690092704999998,-0.07474996451932804
1785583358.2726665,8.695093202999999,-0.07726787626409388
1785583358.2776752,8.700091737999998,-0.07976754993019738
1785583358.2826626,8.705090494999993,-0.08224946604051601
1785583358.2877011,8.710097715999993,-0.08471705006332736
1785583358.292731,8.715094102999998,-0.0871601894875957
1785583358.297669,8.720090655999996,-0.0895837126968849
1785583358.3026683,8.725092709999998,-0.09198956483591014
1785583358.3076653,8.730093041999993,-0.09437364312309247
1785583358.312718,8.735091057999995,-0.0967350882064335
1785583358.3176727,8.740093316,-0.099076387850278
1785583358.3226657,8.745092517000003,-0.1013935239586824
1785583358.327664,8.750093144999994,-0.10368799604441933
1785583358.3326643,8.755091014000001,-0.10595730769134012
1785583358.3377094,8.760097751999993,-0.10820611258343311
1785583358.3427012,8.765094916999999,-0.11042555625795124
1785583358.3476872,8.770089951999992,-0.11261846196355868
1785583358.3526664,8.775092135999998,-0.11478829829109598
1785583358.3576841,8.780094059999996,-0.1169312353424926
1785583358.3626692,8.785092853999998,-0.11904551455290355
1785583358.367668,8.790092407999992,-0.12113225000315461
1785583358.3726656,8.795092627999992,-0.12319084537167768
1785583358.3776975,8.800092681999999,-0.12522041436959142
1785583358.382665,8.805091273000002,-0.12721991134938115
1785583358.387667,8.810092288999996,-0.12919035540883347
1785583358.3926673,8.815092398000004,-0.131129898599089
1785583358.3976889,8.820092304,-0.1330383090957859
1785583358.4026682,8.825092783000002,-0.13491537098834064
1785583358.4077015,8.830097577999993,-0.1367619401411893
1785583358.4127395,8.835097871999992,-0.13857426958485872
1785583358.4176836,8.840092056000003,-0.14035139240607675
1785583358.4226763,8.845093590999994,-0.14209760524924087
1785583358.4276745,8.850092755999995,-0.14380899031129155
1785583358.432667,8.855090198,-0.14548534464985402
1785583358.4377062,8.860095251999994,-0.1471292789383062
1785583358.4427176,8.865095213000004,-0.1487361419393721
1785583358.447696,8.870089507000003,-0.1503054204105392
1785583358.4526715,8.875093078999996,-0.15184133546646558
1785583358.4576654,8.880092022,-0.1533391398476396
1785583358.4626958,8.885092001999993,-0.15480015108158615
1785583358.4677217,8.890095295999998,-0.15622457424247135
1785583358.472706,8.895094849999992,-0.15761000278430698
1785583358.4776745,8.900091310999997,-0.1589562998068771
1785583358.4827065,8.905091271999993,-0.16026485166515983
1785583358.4876714,8.910093732999997,-0.1615349498481102
1785583358.4926972,8.915097027000002,-0.16276576346833588
1785583358.4976735,8.920093581000003,-0.16395514076776116
1785583358.5026674,8.925092337999999,-0.16510491525513138
1785583358.5076716,8.930092724999994,-0.16621456862158573
1785583358.512707,8.935095242000003,-0.1672838347914794
1785583358.5176902,8.940093183999991,-0.1683109891169652
1785583358.5226734,8.945092904999996,-0.1692970601429776
1785583358.5276716,8.950093088000003,-0.17024145812374808
1785583358.532672,8.955091216,-0.17114343549758423
1785583358.53767,8.960093287999996,-0.17200376852711077
1785583358.5426676,8.965092193999993,-0.17282095217473803
1785583358.5477295,8.970097413999994,-0.17359623324926696
1785583358.5527167,8.975095431,-0.17432727755232766
1785583358.5576942,8.980094558000005,-0.17501513835523042
1785583358.5626798,8.985092555999998,-0.17565927694708888
1785583358.567678,8.990092646999997,-0.17625987546899233
1785583358.5726798,8.995092755999991,-0.1768164469890416
1785583358.577683,9.000093327999991,-0.17732883539335612
1785583358.5826762,9.005090363999997,-0.1777964834193298
1785583358.5876749,9.010092473,-0.17821999862997515
1785583358.592704,9.015092303999992,-0.178598554613917
1785583358.597681,9.020093117000002,-0.17893225995556805
1785583358.602677,9.02509293,-0.17922083815597228
1785583358.6076782,9.030093225000002,-0.17946424844456138
1785583358.6126757,9.035093536999995,-0.1796623393580595
1785583358.6176815,9.040092498999996,-0.1798149641686442
1785583358.6226768,9.04509333,-0.17992211472008748
1785583358.627674,9.050092550000002,-0.17998362503501622
1785583358.6326709,9.055090566999993,-0.17999946228398278
1785583358.6376803,9.06009401,-0.17996952467199992
1785583358.6426806,9.065093470999997,-0.179893795405306
1785583358.6476955,9.070093190999998,-0.17977221981834382
1785583358.6526775,9.075092837,-0.1796047735801206
1785583358.6577086,9.080092223999998,-0.1793914493302725
1785583358.6627176,9.085095332999998,-0.17913202314784807
1785583358.6677082,9.090096054,-0.17882679895568215
1785583358.6726716,9.095093496000004,-0.1784759264958446
1785583358.6776662,9.100092957000001,-0.17807908034215977
1785583358.6826715,9.105092084999995,-0.17763646512702638
1785583358.6876683,9.110093860999996,-0.1771478382176134
1785583358.6926677,9.115093415000004,-0.17661373458596422
1785583358.6976693,9.120093135000005,-0.17603400435323835
1785583358.7027342,9.125094078000004,-0.1754085950331912
1785583358.7077136,9.130094112999998,-0.17473786991779383
1785583358.7126698,9.135092665999991,-0.17402205163184303
1785583358.7176673,9.140092646,-0.17326084945575773
1785583358.7226653,9.145092699999992,-0.17245458620332363
1785583358.7276797,9.150091476,-0.17160364531936695
1785583358.7326791,9.155091732999992,-0.17070771565674664
1785583358.7376652,9.160092546000001,-0.16976710896194083
1785583358.7426653,9.16509284,-0.1687822123141235
1785583358.74769,9.170093226999995,-0.16775310823202583
1785583358.7526667,9.175093429,-0.16668006452304757
1785583358.7576976,9.180091148999992,-0.16556383044997913
1785583358.7627006,9.185094165999999,-0.16440286508210028
1785583358.7677562,9.190093496999992,-0.16319947715375038
1785583358.7726889,9.195092513999995,-0.16195316396581524
1785583358.7776854,9.200093068000001,-0.1606637172424758
1785583358.7826827,9.205092417999992,-0.15933212026818633
1785583358.787682,9.210092267999997,-0.15795822072140003
1785583358.792685,9.215092618,-0.15654231033750987
1785583358.797683,9.220093004999995,-0.15508482961390696
1785583358.802688,9.225092762000003,-0.15358630809549204
1785583358.8076794,9.230092482000003,-0.15204691560730133
1785583358.8126867,9.235092757999993,-0.15046681411733104
1785583358.8176856,9.240093145000003,-0.14884649859441826
1785583358.8226817,9.245092642999992,-0.14718667624569462
1785583358.8276803,9.250092197,-0.14548742839108203
1785583358.832684,9.255092583999996,-0.1437488769422794
1785583358.8376827,9.260092526999998,-0.14197186906569187
1785583358.8427022,9.265093339000003,-0.14015635219604283
1785583358.8477268,9.270112393000005,-0.13829623293707657
1785583358.8527467,9.275093464999998,-0.13641301149479762
1785583358.85771,9.280092667000005,-0.13448614641467593
1785583358.8627024,9.285093739000004,-0.13252214613626537
1785583358.8676984,9.290093311999996,-0.13052280303533206
1785583358.872683,9.295093586999997,-0.1284877295781533
1785583358.8776891,9.300092122999999,-0.1264184245440459
1785583358.882694,9.305093047,-0.12431367764913623
1785583358.8876905,9.310092377999993,-0.12217567136212884
1785583358.8926814,9.315092449999995,-0.12000394169501985
1785583358.897687,9.320092373999998,-0.11779940440921953
1785583358.902681,9.325092464999997,-0.11556246604009851
1785583358.9076805,9.330092481999998,-0.11329378898034949
1785583358.9126804,9.335091554000002,-0.11099434317255857
1785583358.9176924,9.340093088999993,-0.10866312188769135
1785583358.922682,9.345092643000001,-0.10630277640580643
1785583358.9276779,9.350091715000005,-0.10391321475309344
1785583358.932677,9.355091693999995,-0.10149437205269571
1785583358.9377196,9.360092562999995,-0.09904685316387937
1785583358.9426932,9.365092375999993,-0.09657223293788081
1785583358.947697,9.370091837000004,-0.09407080429641074
1785583358.952681,9.375091983000004,-0.09154268413127903
1785583358.957679,9.380091648000004,-0.08898910727314442
1785583358.9626791,9.385091665000004,-0.08641030459281698
1785583358.96768,9.390092328999998,-0.08380678015293949
1785583358.9726784,9.395091993999998,-0.08118006511213646
1785583358.9776778,9.400091787999997,-0.07853025249288724
1785583358.9826865,9.405091916000003,-0.07585791769388324
1785583358.9876788,9.410092895999995,-0.07316347098967689
1785583358.9926775,9.415092004999991,-0.07044908821219092
1785583358.9976754,9.420092021999992,-0.06771397587553303
1785583359.0026832,9.425092371999995,-0.0649591575248518
1785583359.0076804,9.430092316,-0.06218576411533068
1785583359.012676,9.435092037000004,-0.059394427683674436
1785583359.0176792,9.440091758999998,-0.05658576083692557
1785583359.0227,9.445092035999991,-0.053760192397461166
1785583359.0276792,9.450091684,-0.05091914076075565
1785583359.032678,9.455092331000003,-0.04806243420436102
1785583359.0376813,9.460092330999998,-0.04519177226549626
1785583359.0427086,9.465091997000002,-0.04230774572251308
1785583359.0476992,9.470092218000005,-0.039410612579670455
1785583359.052678,9.475092051000004,-0.03650169540495008
1785583359.0576775,9.480091958000003,-0.03358150834045106
1785583359.0627036,9.485091901999994,-0.03065085919372818
1785583359.0676937,9.490091918999994,-0.02771051768353638
1785583359.0726786,9.495091993000003,-0.02476128839072951
1785583359.0776777,9.500092195999997,-0.021803928097012294
1785583359.0826762,9.505092157999997,-0.018839459537736313
1785583359.087684,9.510091935999995,-0.015868657113333184
1785583359.0926776,9.515091545999994,-0.012892322687259646
1785583359.0976787,9.520092007999992,-0.009910662085330804
1785583359.1026845,9.525093007999999,-0.006924678070471002
1785583359.1076825,9.530092174000004,-0.003936608428590416
1785583359.1126816,9.535092117999994,-0.0009457155440508883
1785583359.1176784,9.540092079999994,0.0020467215037082214
1785583359.122683,9.545092505,0.005040141876612754
1785583359.1276803,9.550091856999998,0.008032796863250995
1785583359.1326787,9.555091633999993,0.011024752388989964
1785583359.1376796,9.560092706999995,0.014015696477068693
1785583359.142676,9.565091835999993,0.01700285817645309
1785583359.1477017,9.570092279999997,0.0199873505317606
1785583359.1526856,9.575091889999996,0.022967054981407033
1785583359.1576753,9.580092481999998,0.025942217380223877
1785583359.162737,9.585098074000001,0.028914380856668316
1785583359.1677425,9.590093202999995,0.03187353787781074
1785583359.1727133,9.595093109999993,0.034827892932108286
1785583359.1776989,9.600093053999998,0.03777379789776352
1785583359.1827,9.605093053000004,0.04071042775229239
1785583359.1876955,9.610092644999995,0.043636677711559727
1785583359.1927125,9.615094236999994,0.04655311785679918
1785583359.1976998,9.620091848000001,0.049455435589962696
1785583359.2027004,9.625092607,0.052346943439048124
1785583359.2076972,9.630092994999998,0.05522476733458849
1785583359.2127004,9.635093123999994,0.058088147491947933
1785583359.2176976,9.640092641999999,0.060936061822657504
1785583359.2226958,9.645092289000004,0.06376811240835284
1785583359.2276957,9.650092974000003,0.06658398942918548
1785583359.2326999,9.655092233000005,0.06938149153102423
1785583359.2377417,9.660097601999993,0.07216399679024266
1785583359.2427113,9.665092971999997,0.07492176310723907
1785583359.2477334,9.670093768000001,0.07766252709269382
1785583359.2527626,9.675095081999999,0.0803827615175947
1785583359.2577164,9.680094062999999,0.0830801299507945
1785583359.262719,9.685093784000003,0.0857555083204299
1785583359.2677255,9.690095747,0.08840889189257879
1785583359.2727067,9.695093634999992,0.09103615982938341
1785583359.2777195,9.700092596999994,0.0936392631068416
1785583359.2826998,9.705093023000003,0.09621761377768558
1785583359.2877002,9.710092504000002,0.09876919924246931
1785583359.292696,9.715092132999999,0.1012938230674877
1785583359.2976978,9.720092502,0.1037910224246954
1785583359.3026967,9.725092335,0.106259410263487
1785583359.307695,9.730091759999993,0.10869831652820514
1785583359.3128302,9.735106888999994,0.1111147281244684
1785583359.3177214,9.740094388999992,0.11348714759443844
1785583359.322713,9.745093870000005,0.1158338414625569
1785583359.3276472,9.750088238999993,0.11814601125112467
1785583359.3326464,9.755088108999999,0.12042786246852691
1785583359.3377376,9.760094182999993,0.1226789024232397
1785583359.3427033,9.765093125999996,0.12489245527415457
1785583359.3477151,9.770092180999995,0.12707112047678756
1785583359.3527002,9.775092365999996,0.12921465744396765
1785583359.3577008,9.780093179999994,0.13132217001750027
1785583359.3627007,9.785094271999995,0.1333928467768344
1785583359.3677135,9.790092678999997,0.13542484390218437
1785583359.3726974,9.795092585999996,0.13741924189712268
1785583359.3776934,9.800092121999995,0.13937465715220382
1785583359.3826954,9.805092622000004,0.14129099031159145
1785583359.3876946,9.810092101999999,0.14316687748065246
1785583359.3926916,9.815092286999999,0.1450023757893264
1785583359.3976934,9.820092137999993,0.1467965160749006
1785583359.4027014,9.825092081999998,0.14854888211996786
1785583359.4076972,9.830092526000001,0.15025904763690245
1785583359.4126968,9.835092433,0.1519261082319424
1785583359.4176972,9.840092321,0.1535497050231155
1785583359.4227295,9.845092097999995,0.15512928273320803
1785583359.4276953,9.850092246000003,0.15666447485331125
1785583359.4327154,9.855111338,0.15816021876005998
1785583359.4376934,9.860092484999996,0.1595993281172475
1785583359.4427128,9.865109724999996,0.16100273769684853
1785583359.447719,9.870092169000003,0.16235013670635248
1785583359.4527164,9.875109928,0.16366002225179088
1785583359.4576948,9.880092242000003,0.1649134856371351
1785583359.462714,9.885108740999996,0.1661276329824151
1785583359.4676974,9.890092518000003,0.16728583716261078
1785583359.4726934,9.895091777000005,0.1683991493804433
1785583359.4777021,9.900092776999998,0.16946387161235443
1785583359.4826982,9.905091869000003,0.17047885563410606
1785583359.4877007,9.910093293999992,0.1714445960192709
1785583359.4927187,9.915092367,0.17235984240688415
1785583359.4977007,9.920093589000004,0.1732250898411587
1785583359.5026977,9.925091921999993,0.17403916037791786
1785583359.5077262,9.930091809999993,0.17480249489984676
1785583359.5126953,9.935092530999995,0.17551465787729562
1785583359.5176952,9.940091937999995,0.1761750769138535
1785583359.5226946,9.945091882,0.1767837492836183
1785583359.5276933,9.950091788999998,0.17734035298581902
1785583359.5327168,9.955092362000002,0.17784472706370846
1785583359.5379088,9.96009214,0.17829651196683588
1785583359.542706,9.965093045999993,0.17869567718052196
1785583359.5477216,9.970092934999997,0.17904186610336745
1785583359.5527012,9.975092840999991,0.17933499802565
1785583359.5576956,9.980092489,0.17957490805617976
1785583359.562693,9.985091858999994,0.17976146683553887
1785583359.567698,9.990092727999993,0.1798945998324214
1785583359.572696,9.995092968999998,0.17997413095206224
1785583359.5777006,10.000092135000003,0.17999999087610716
1785583359.582695,10.005092152999993,0.1799721195214961
1785583359.5876946,10.010091892999995,0.17989045630963318
1785583359.592722,10.015092170000003,0.17975494219387847
1785583359.5976992,10.020092465000005,0.17956555685943035
1785583359.602695,10.025092039,0.17932233043738302
1785583359.607696,10.030091982999991,0.17902522254646758
1785583359.6126945,10.035091816000005,0.17867428089020548
1785583359.6177018,10.040092778000002,0.17826944163518324
1785583359.6226954,10.045092111000002,0.17781099210798362
1785583359.6276944,10.050092109999994,0.17729880976127046
1785583359.6326935,10.055091258000004,0.17673314173615046
1785583359.637693,10.060091275000005,0.17611389833622623
1785583359.6426933,10.065091756000001,0.1754412300261442
1785583359.647714,10.070091996000002,0.17471536623168785
1785583359.65271,10.075093291999991,0.17393626034176948
1785583359.6577034,10.080091995000004,0.17310467628884638
1785583359.662768,10.085103771999997,0.17221802957251647
1785583359.6677139,10.090094586999996,0.1712826699986957
1785583359.6726885,10.095092049000002,0.1702938687036597
1785583359.6777236,10.100091992999992,0.1692525432566122
1785583359.682681,10.105092048000003,0.1681594001163896
1785583359.6876915,10.110092676999997,0.16701459700348606
1785583359.6926959,10.115092176000005,0.16581881842775106
1785583359.697702,10.120092435000004,0.16457192015090444
1785583359.7027023,10.125092619,0.16327441828208974
1785583359.707697,10.130091581999991,0.16192696426626987
1785583359.7126968,10.135093377000004,0.1605287921148886
1785583359.7176995,10.140092803000002,0.15908171541912178
1785583359.7226994,10.145091820999994,0.1575855903796166
1785583359.727695,10.150092246,0.15604025759011952
1785583359.7326946,10.155092208,0.15444669551619813
1785583359.7376938,10.160092188999997,0.1528051871102382
1785583359.7426996,10.165091707000002,0.15111634269691204
1785583359.7477183,10.170092447000002,0.1493800436929259
1785583359.7527187,10.175096334999992,0.14759603722377235
1785583359.7577229,10.180097649999993,0.14576684767361567
1785583359.7627923,10.185092796999996,0.1438944174311567
1785583359.767703,10.190093371000003,0.14197493251125293
1785583359.7726946,10.195093185000005,0.1400112421666219
1785583359.7776957,10.200092405999996,0.1380038511423198
1785583359.7826931,10.205092312999994,0.13595281172170556
1785583359.7877166,10.210092404999997,0.13385889986506508
1785583359.7926977,10.215092385999995,0.13172283485160005
1785583359.797694,10.220092108000003,0.1295452951322269
1785583359.8026965,10.225093755000003,0.12732593384250304
1785583359.8076994,10.230092903,0.12506735984458153
1785583359.8127005,10.235092717,0.12276881798737063
1785583359.8176973,10.240092771999997,0.12043115916837731
1785583359.8226953,10.245091641999991,0.11805574071626532
1785583359.8276985,10.250092084999991,0.11564194079658205
1785583359.8326955,10.255092159,0.1131913896547302
1785583359.8377,10.260092547,0.11070447265346023
1785583359.8426964,10.265092527999997,0.10818228158383651
1785583359.8477418,10.270091786999998,0.1056257319153812
1785583359.8526964,10.275091970999995,0.10303473637002294
1785583359.857694,10.280092007999997,0.10041061182249761
1785583359.8626919,10.285091451,0.09775438139892657
1785583359.867697,10.290093228999993,0.09506526547438754
1785583359.8726938,10.295091912999993,0.09234699447797495
1785583359.8776972,10.300092672000005,0.08959758301381919
1785583359.882694,10.305091968,0.08681979759651537
1785583359.8877177,10.310094336999995,0.08401194231745243
1785583359.892705,10.315092188999998,0.08117913789080423
1785583359.8976953,10.320091872999996,0.0783186664385457
1785583359.902693,10.325091705999995,0.07543234383086712
1785583359.907698,10.330091631000002,0.07252107995718433
1785583359.9127018,10.335093353000005,0.06958475704766459
1785583359.917702,10.340092111000004,0.06662707628553745
1785583359.9226956,10.34509174,0.06364668991626231
1785583359.9276943,10.350091665999997,0.060644848085039685
1785583359.9327235,10.355091406,0.057622764432872266
1785583359.937696,10.360092108999993,0.05458067270211589
1785583359.9426985,10.365091664000005,0.05152079894134787
1785583359.9477184,10.370092181999993,0.04844280093408018
1785583359.9526951,10.375092033000001,0.04534863652013661
1785583359.9577,10.380091957999994,0.042238813321448875
1785583359.9626958,10.385091383999992,0.03911465964998197
1785583359.9677112,10.390091752999993,0.03597624924004158
1785583359.9726934,10.395091549,0.03282551508778341
1785583359.9776978,10.400092419000003,0.029662406775245457
1785583359.9826965,10.405091436999996,0.026489772315601266
1785583359.9876962,10.410092066000004,0.02330641499176298
1785583359.992694,10.415091509999996,0.020115118582908008
1785583359.9976943,10.420091397999997,0.01691585514423299
1785583360.0026963,10.425091434999999,0.013709826549097455
1785583360.007693,10.430091656999991,0.010498027800651667
1785583360.0126932,10.435091916999994,0.007281575586579465
1785583360.017725,10.440091881,0.004061711175297616
1785583360.022693,10.445091380999997,0.0008395726030261462
1785583360.0276947,10.450091807999996,-0.0023847048377321064
1785583360.0326931,10.455092011999994,-0.005609345235972475
1785583360.0377207,10.460091679000001,-0.008833109235022089
1785583360.0427144,10.465091790999992,-0.01205559136318879
1785583360.0477169,10.470092124999994,-0.015275607247413487
1785583360.0526946,10.475091254999995,-0.018491198215377175
1785583360.0576918,10.480091903999991,-0.021703073029808884
1785583360.062695,10.485092034000004,-0.024908878373330123
1785583360.067695,10.490092312000002,-0.028107999346288763
1785583360.0726914,10.495092127999996,-0.03129900347263754
1785583360.0776927,10.500091665,-0.03448096711178375
1785583360.0826936,10.505091054999994,-0.03765293420569898
1785583360.0876973,10.510092481000001,-0.04081524343567486
1785583360.092692,10.515091704,-0.043964176375116314
1785583360.0976923,10.520092390000002,-0.04710100766077433
1785583360.1026933,10.525091797999991,-0.050222982615000585
1785583360.1076922,10.530091317,-0.053329941604648316
1785583360.1126933,10.535091855000005,-0.0564214144436695
1785583360.1176941,10.540091485000005,-0.05949518333621952
1785583360.1226966,10.545091855999999,-0.06255124042167517
1785583360.1277132,10.550110911999994,-0.06559942083595482
1785583360.132696,10.555091856999994,-0.06860433264386262
1785583360.1376936,10.560091580000005,-0.07159940559173378
1785583360.1426964,10.565092617000005,-0.07457304664041416
1785583360.1477156,10.570091969999993,-0.0775224765214971
1785583360.1526961,10.575092136999999,-0.08044818148805814
1785583360.1576912,10.580091248999992,-0.08334808255268349
1785583360.1627622,10.585096898000003,-0.08622555925325733
1785583360.1677003,10.590092787000003,-0.08907029485005682
1785583360.172703,10.595092343000005,-0.09188901762879599
1785583360.1776946,10.600091436,-0.09467841281455519
1785583360.1826963,10.605091993000002,-0.09743859467590578
1785583360.1876953,10.610092123000001,-0.10016756587975682
1785583360.192692,10.615091863999993,-0.10286441906153723
1785583360.1976976,10.620092419999992,-0.10552887244880768
1785583360.202696,10.625092495000004,-0.10815931421387276
1785583360.207697,10.630091754999995,-0.11075467348732382
1785583360.2126987,10.635092106999991,-0.11331503865307148
1785583360.2176955,10.640092737000003,-0.11583908940869382
1785583360.2226937,10.645091941999993,-0.11832510057245609
1785583360.2276967,10.650091552999996,-0.12077312670980209
1785583360.2326927,10.655091460999998,-0.12318224998966863
1785583360.2377148,10.660094405999999,-0.12555290551022447
1785583360.2426987,10.665092591999993,-0.12788058636766295
1785583360.2477584,10.670091869999993,-0.1301672409777079
1785583360.2526994,10.675092890000002,-0.13241232196769837
1785583360.2576993,10.680091963999999,-0.13461337981035493
1785583360.262701,10.685092964999996,-0.13677133602291383
1785583360.267714,10.690092538999991,-0.13888396621681542
1785583360.272699,10.695092150999997,-0.14095115110723597
1785583360.2776942,10.700091911000001,-0.1429721904741972
1785583360.2826934,10.705091522999993,-0.1449462355878745
1785583360.287691,10.710091875000003,-0.146872913818357
1785583360.2926936,10.715092060999993,-0.1487511675575713
1785583360.2977164,10.720091728,-0.15058018885955393
1785583360.3026977,10.725092043999993,-0.15235973290537255
1785583360.3076925,10.730092137,-0.15408882827391132
1785583360.3126953,10.735091433999997,-0.15576665337541729
1785583360.3176932,10.740091527000004,-0.15739311955069438
1785583360.322693,10.745091305000003,-0.1589672512525625
1785583360.327699,10.750093195000005,-0.16048919375365278
1785583360.3327286,10.755091805999996,-0.16195675176543964
1785583360.3376951,10.760091806999995,-0.16337076979689324
1785583360.342696,10.765091974,-0.16473033713279708
1785583360.3477135,10.770091640999993,-0.16603475622870292
1785583360.352695,10.775091735000004,-0.16728376584109103
1785583360.357698,10.780091939000002,-0.16847679137456545
1785583360.3626966,10.785091588,-0.16961321334024393
1785583360.3676994,10.790091847,-0.17069284554730596
1785583360.3726935,10.795091478000003,-0.17171498951141578
1785583360.3776963,10.800091756,-0.1726794927097132
1785583360.3826962,10.805091348999994,-0.1735857049757128
1785583360.3876953,10.810091349999993,-0.1744334544071504
1785583360.3926923,10.815091831999993,-0.17522238210575042
1785583360.3977325,10.820091332000004,-0.17595192996186199
1785583360.402695,10.825091647999997,-0.17662204669821954
1785583360.4076939,10.830091777999996,-0.17723228994092421
1785583360.4126937,10.835092316,-0.17778245123270575
1785583360.4176936,10.840091760999996,-0.17827212098044412
1785583360.4226959,10.845091835000005,-0.17870123962975015
1785583360.4276953,10.850092020999995,-0.17906953304284812
1785583360.4326959,10.855092076999995,-0.1793767879005501
1785583360.4376984,10.860092836999996,-0.17962286967396646
1785583360.4426956,10.865092430000004,-0.1798075402919017
1785583360.4477148,10.870092134000004,-0.17993073272820787
1785583360.4526937,10.875091838999992,-0.1799923294615228
1785583360.457693,10.880092062000003,-0.179992235517873
1785583360.4626951,10.885091673000005,-0.17993038201897738
1785583360.467699,10.890092636999995,-0.17980668144519132
1785583360.4726934,10.895091971,-0.17962118451698506
1785583360.4776921,10.900091731000003,-0.1793738304057926
1785583360.4826965,10.905092213000003,-0.1790645976718127
1785583360.4876952,10.910092695000003,-0.17869355351744526
1785583360.4926968,10.915091547000003,-0.17826090651191193
1785583360.4976978,10.920092824999998,-0.17776636982808564
1785583360.502696,10.925091899999998,-0.17721049752896134
1785583360.5077248,10.930091993000005,-0.17659307538877275
1785583360.5126996,10.935092216000001,-0.1759143355412479
1785583360.5176923,10.940091105999997,-0.17517466386215177
1785583360.5226958,10.945092142999997,-0.1743737173512251
1785583360.5276911,10.950091439999994,-0.17351231945715495
1785583360.5326967,10.955091995999993,-0.1725901922033649
1785583360.537694,10.960091774999995,-0.17160795378554114
1785583360.5426962,10.965091868000002,-0.17056567126492697
1785583360.5477128,10.970092238999996,-0.16946363602237738
1785583360.5527148,10.975092349999997,-0.16830228225533306
1785583360.5576947,10.980091962000003,-0.16708201624741137
1785583360.5626955,10.985091889000003,-0.16580300114778695
1785583360.5677109,10.990092074000003,-0.16446562129662723
1785583360.572728,10.995092149000001,-0.16307037354932438
1785583360.5776944,11.000091501,-0.16161786540813164
1785583360.5826924,11.005091797999995,-0.16010805148001284
1785583360.5877051,11.010093002999994,-0.15854137537331725
1785583360.5926979,11.015091706999996,-0.1569194166046344
1785583360.597698,11.020092058999992,-0.1552413486315284
1785583360.602698,11.025092023,-0.15350835957769549
1785583360.6076922,11.030091893999995,-0.1517209014107099
1785583360.6126912,11.035091468000005,-0.14987961988016058
1785583360.6176965,11.040091691,-0.14798474754600807
1785583360.6226952,11.045091747,-0.14603719254971662
1785583360.627695,11.050092581000001,-0.14403720374632523
1785583360.632694,11.055091804,-0.14198639552508524
1785583360.6376991,11.060092064000003,-0.13988435595091672
1785583360.642693,11.065091491000004,-0.13773255260664116
1785583360.6477165,11.070092583999994,-0.1355306013807602
1785583360.6526947,11.075092046999998,-0.13328067555371875
1785583360.6577218,11.080091547999999,-0.1309827888739508
1785583360.6627257,11.085098251999995,-0.12863430544906707
1785583360.6676998,11.090093678999992,-0.12624472882849583
1785583360.6726947,11.095093234999993,-0.1238075846084188
1785583360.6776931,11.100092902,-0.12132558671849672
1785583360.6827052,11.105093643000004,-0.11879907249722256
1785583360.6876967,11.110092198999993,-0.11623055119721093
1785583360.6926944,11.115093126000005,-0.1136185448372184
1785583360.6976929,11.120093163999996,-0.11096561953520467
1785583360.7026942,11.125093441999994,-0.10827208305293508
1785583360.7076933,11.130092497999996,-0.10553964933495753
1785583360.712699,11.135093257999998,-0.10276764409333565
1785583360.7176986,11.140093276999991,-0.09995835774952007
1785583360.7226987,11.145092388999998,-0.09711286343970704
1785583360.7276933,11.150092888999993,-0.09423082606134706
1785583360.7326922,11.155092315999994,-0.09131465158835476
1785583360.7376945,11.160092649999996,-0.08836419235910956
1785583360.7427442,11.165112428,-0.08536933116745767
1785583360.7477162,11.170093003000005,-0.08236628084876522
1785583360.7527406,11.175117428999997,-0.07930597345111594
1785583360.7576969,11.180093077999999,-0.07624592568586565
1785583360.7626946,11.185093559999999,-0.07314214943180398
1785583360.7676992,11.190093060999999,-0.07001154619818976
1785583360.7727082,11.195092579999994,-0.06685459453051608
1785583360.7777,11.200093099,-0.06367177437612286
1785583360.782694,11.205092284999992,-0.06046569211738031
1785583360.787698,11.210092211000003,-0.05723615244117175
1785583360.7926943,11.215092396999992,-0.05398459892616902
1785583360.7976937,11.220092008999998,-0.05071272630960957
1785583360.8026924,11.225091750000004,-0.04742123724574231
1785583360.8077214,11.230092306000003,-0.044110844118777234
1785583360.8126936,11.235091936000003,-0.04078387824161403
1785583360.8176966,11.240092621999992,-0.03744020696788968
1785583360.8226929,11.245092122999992,-0.03408252392208956
1785583360.8276954,11.250092604999992,-0.030710577783854744
1785583360.832694,11.255091863999994,-0.02732706496867287
1785583360.8376956,11.260092606,-0.023931369554687967
1785583360.842694,11.265091605999999,-0.02052690454062685
1785583360.8477423,11.270092050999992,-0.01711272892194938
1785583360.8526974,11.275092626000003,-0.013690970652306204
1785583360.8576932,11.280092349,-0.010263542326381775
1785583360.8626924,11.285092590000005,-0.0068307490737506615
1785583360.8677363,11.290092608999998,-0.0033943462222801235
1785583360.8726978,11.295092647000004,4.458019499476245e-05
1785583360.877693,11.300091758999997,0.0034841253091540815
1785583360.8826911,11.305092092999999,0.0069245097376905386
1785583360.8877227,11.310092686000004,0.01036381089857132
1785583360.8926938,11.315092964000002,0.01380037214413055
1785583360.8976922,11.320092075999995,0.017232347022955518
1785583360.9026966,11.325091983999997,0.020659819164436214
1785583360.9076936,11.330092706999991,0.024081534495990962
1785583360.9127388,11.335095948000003,0.02749738590183966
1785583360.9177074,11.340094077999993,0.030900906915586147
1785583360.922697,11.345091448999995,0.03429381495838209
1785583360.9276943,11.350092208999996,0.037677657039957624
1785583360.932925,11.355093858000004,0.04104946647215206
1785583360.937799,11.360094469000003,0.04440668667945384
1785583360.9427016,11.365092543999992,0.0477470729143092
1785583360.9477193,11.370092432999996,0.05107228486000864
1785583360.9526978,11.375092749000004,0.05438014162782867
1785583360.9576967,11.380092305000005,0.05766861666731096
1785583360.9626944,11.385092102000002,0.060937132991772745
1785583360.9677024,11.390092472999996,0.0641846699921773
1785583360.9727268,11.395092083999998,0.06740913498204334
1785583360.9777036,11.400092936999997,0.0706105940757872
1785583360.9826937,11.405091752000004,0.0737857387059097
1785583360.9876966,11.410091937999994,0.07693553155061576
1785583360.992694,11.415092141999992,0.08005790917501773
1785583360.9976988,11.420092291000003,0.08315163404280813
1785583361.0027282,11.425095069999998,0.08621716044453596
1785583361.007679,11.430089479000003,0.08924662647234434
1785583361.0126684,11.435090203000001,0.0922477940645528
1785583361.017711,11.440093703999992,0.09521729573747885
1785583361.0227005,11.445092853999995,0.09814977153514941
1785583361.0276954,11.450091986000004,0.10104667444196554
1785583361.0326922,11.455091449999998,0.10390708151386356
1785583361.0377007,11.460092340999992,0.10673048855189794
1785583361.0426974,11.465092028,0.10951430866273083
1785583361.0477164,11.470092178000002,0.1122583922823497
1785583361.0526962,11.475091734999992,0.11496108834533741
1785583361.057725,11.480091161999994,0.11762159658522925
1785583361.0627131,11.485092072,0.12023971225081964
1785583361.067697,11.490091980999992,0.12281309713635896
1785583361.0726938,11.495091501000005,0.12534106816203697
1785583361.0776951,11.500091335999997,0.12782298104410025
1785583361.0826979,11.505091855999993,0.13025801969372278
1785583361.087695,11.510091562,0.13264448632030365
1785583361.0926912,11.515092062999997,0.13498219581840262
1785583361.0976944,11.520091527999995,0.13726935952767394
1785583361.1026995,11.525092900000004,0.1395063912455103
1785583361.1076992,11.530092475999993,0.1416907315432905
1785583361.1126957,11.535091459,0.14382206016910318
1785583361.1176934,11.540092313000002,0.14590054241932837
1785583361.1227007,11.545092350999994,0.14792419837211573
1785583361.1276984,11.550092038000003,0.14989240844799478
1785583361.1326945,11.555091372999996,0.15180437681440062
1785583361.137695,11.560091763999992,0.15365984266726324
1785583361.1427252,11.565091987999992,0.1554575697810696
1785583361.1477168,11.570091675,0.15719669080183898
1785583361.1526964,11.575091880000002,0.15887684741760363
1785583361.1576953,11.5800919,0.16049709317345864
1785583361.162727,11.585098512999991,0.16205882499812554
1785583361.1677225,11.590093330000002,0.16355574098823786
1785583361.1726973,11.595092424,0.16499215810404153
1785583361.1776965,11.600092703000001,0.1663664708758641
1785583361.1826918,11.605092427000002,0.16767759616432082
1785583361.1877017,11.610092909999992,0.16892530455413549
1785583361.1926997,11.615092504999993,0.17010864094058797
1785583361.197696,11.62009234,0.17122736183585457
1785583361.2026975,11.625093026999991,0.17228108382600235
1785583361.2076948,11.630092564999998,0.17326891622697402
1785583361.2126946,11.635092474999993,0.17419072444344344
1785583361.2176983,11.640092643000003,0.1750460491670872
1785583361.2226968,11.645091847999993,0.1758342948104982
1785583361.2277288,11.650092775999994,0.1765554937506151
1785583361.232699,11.655093166,0.17720894543323124
1785583361.237697,11.660092297999995,0.17779426732672407
1785583361.2426953,11.665092985000001,0.17831148344493392
1785583361.247717,11.670092152999999,0.1787600018175994
1785583361.2526968,11.675092581000001,0.17913982978355483
1785583361.2576966,11.680092618999993,0.17945060297035406
1785583361.2626963,11.685092639999993,0.17969215827843643
1785583361.2676923,11.690091918999997,0.17986430829985617
1785583361.272696,11.695092309999993,0.1799669676352077
1785583361.277701,11.700093347999996,0.17999997523744818
1785583361.282717,11.705094184000004,0.17996322828162464
1785583361.2877123,11.710092852000002,0.1798567299182529
1785583361.2927024,11.715092854000005,0.17968038918839635
1785583361.297698,11.720092780999991,0.17943422275942633
1785583361.302696,11.725092246000003,0.17911828149965428
1785583361.3076954,11.730092544000001,0.17873252366129272
1785583361.312727,11.735092082999998,0.178277145698361
1785583361.3177335,11.740092861999997,0.17775205807541578
1785583361.322697,11.745092474999993,0.1771576418553168
1785583361.3277166,11.750110790999997,0.17649132739173148
1785583361.3326936,11.755091551999996,0.17576116041559697
1785583361.337696,11.760092349999994,0.1749592732131019
1785583361.3426957,11.765092334000002,0.1740888518530511
1785583361.3477137,11.770092168999994,0.17315006745586337
1785583361.3526964,11.775092078,0.17214317407228552
1785583361.3576982,11.780093209,0.1710682358645397
1785583361.3626938,11.785092526,0.16992626634428953
1785583361.3676949,11.790092526999999,0.16871709386413844
1785583361.3726928,11.795092343999997,0.16744132143807147
1785583361.377696,11.800092548999999,0.16609922925334783
1785583361.382695,11.805092329000004,0.16469149332781954
1785583361.3876925,11.810092218999998,0.16321845308463956
1785583361.3926928,11.815091887999998,0.16168071866366954
1785583361.3977218,11.820091574999992,0.16007875744956093
1785583361.4026988,11.825092205999994,0.15841281770714402
1785583361.4076948,11.830092671000003,0.15668384414546963
1785583361.4126933,11.835091856999995,0.15489286450193468
1785583361.4176931,11.840091767000004,0.15303981303624445
1785583361.4226947,11.845091861,0.15112554022168104
1785583361.4276948,11.850091880999997,0.14915083549567815
1785583361.4326923,11.855092568000003,0.14711611356444484
1785583361.4376934,11.860092440000003,0.14502272309693157
1785583361.4426985,11.86509246,0.14287104047926483
1785583361.447719,11.870092276999998,0.14066200996620423
1785583361.4526937,11.875092056,0.13839637931683998
1785583361.4576936,11.880092075999997,0.13607485924385598
1785583361.4626935,11.885091485999993,0.13369871521834997
1785583361.4677074,11.890091838999993,0.13126809149891985
1785583361.4726937,11.895091969999996,0.1287844537527052
1785583361.4776986,11.900091860999993,0.12624875213913586
1785583361.4827242,11.905091400000003,0.12366200894313571
1785583361.4876952,11.910092141999996,0.12102438531306861
1785583361.4926946,11.915092161999993,0.11833788989498191
1785583361.4976919,11.920092367999999,0.11560306485600225
1785583361.5026917,11.925091944000002,0.11282140594250759
1785583361.507694,11.930092259999995,0.10999321335522198
1785583361.512695,11.935092761999996,0.10711987220006534
1785583361.5176961,11.940092226999994,0.10420320099632893
1785583361.5226948,11.945092450000004,0.10124328025642676
1785583361.527696,11.950092007999999,0.09824209418373057
1785583361.5326974,11.955092898000004,0.09519959800462884
1785583361.5376937,11.960092844000002,0.09211835223503329
1785583361.542693,11.965091401999999,0.08899985579137977
1785583361.5477145,11.970091940000003,0.08584321649322722
1785583361.5526943,11.975092016000005,0.0826511920252577
1785583361.5576925,11.980091629,0.0794250423341842
1785583361.5626943,11.985091983000004,0.07616525337798408
1785583361.5677223,11.990092003,0.07287380327787774
1785583361.5727093,11.995091541999997,0.06955209289741841
1785583361.577696,12.000091173000001,0.06620105599301727
1785583361.5826952,12.005091878000002,0.0628213497051703
1785583361.587694,12.010092380000003,0.05941516918678057
1785583361.592697,12.015092121999999,0.055984253778181656
1785583361.5976925,12.020091382999993,0.05252978588239614
1785583361.6026952,12.025093052000003,0.04905113300967077
1785583361.6076941,12.030091756999994,0.045553423332879074
1785583361.6126955,12.035091463,0.042035294177946575
1785583361.6176956,12.040091611999998,0.0384985396185912
1785583361.6226938,12.045091447000004,0.03494511434602015
1785583361.62769,12.050091357,0.03137617245107908
1785583361.6327133,12.055092376999994,0.027792408394365822
1785583361.6376967,12.060091786000001,0.024197220591494338
1785583361.6426947,12.065092027999995,0.02059030870572461
1785583361.6477127,12.070091492999993,0.016974294913647537
1785583361.6527238,12.075091771999993,0.013349496208570852
1785583361.6576948,12.080092014999991,0.009718000731226457
1785583361.6627343,12.085099646000003,0.006075885156597693
1785583361.6677046,12.090094018000002,0.0024396582028599826
1785583361.6727004,12.095093278999997,-0.0012023967165493783
1785583361.677698,12.100092188000005,-0.004844974391126724
1785583361.6826944,12.105093135000004,-0.008488322177183701
1785583361.6876948,12.110092655000003,-0.012128419007075182
1785583361.6926942,12.115092841999996,-0.01576529151508558
1785583361.697694,12.120092583999991,-0.01939663129141615
1785583361.702702,12.125093437999993,-0.02302206776623996
1785583361.7076926,12.130092290999997,-0.02663784655520878
1785583361.7126942,12.135092440999998,-0.030244855998668076
1785583361.7176979,12.140093683999993,-0.0338414437444269
1785583361.7226932,12.145092110999997,-0.03742330941334837
1785583361.7276955,12.150092353999995,-0.040992283294913646
1785583361.7326992,12.155091632999998,-0.04454488834110447
1785583361.7376976,12.160093189999998,-0.04808193577087876
1785583361.7426963,12.165092154999996,-0.0515985022335192
1785583361.7477114,12.170091786,-0.05509541463929343
1785583361.7527165,12.175096991999993,-0.058574595963764756
1785583361.7577152,12.180093881999994,-0.062024944784539085
1785583361.7627077,12.185093272999993,-0.06545251428333602
1785583361.7680504,12.190131570999995,-0.06888048999629458
1785583361.7728987,12.195123886999994,-0.07224972424501644
1785583361.7778344,12.200107129999992,-0.07558415469283235
1785583361.7829285,12.205116982999996,-0.07890608355291037
1785583361.7877371,12.210093114999992,-0.08217417053286023
1785583361.7928643,12.215086208999992,-0.08542046772101347
1785583361.7979958,12.220162896000005,-0.08868586947886892
1785583361.8027334,12.225092711999991,-0.09182143284209068
1785583361.8075924,12.230075696,-0.09495404995908777
1785583361.8126147,12.235123493999993,-0.0980883629861369
1785583361.817848,12.240114292000001,-0.10114730096195941
1785583361.822788,12.245125664,-0.10417751618773893
1785583361.827786,12.250098702000003,-0.10714231068761426
1785583361.8328087,12.255177296,-0.11012528071913154
1785583361.8377242,12.260094483999993,-0.11296910340760996
1785583361.8427067,12.265092503999995,-0.11581371693557133
1785583361.8477252,12.270093060999997,-0.11861217081410742
1785583361.852703,12.275092544000003,-0.12136119860452352
1785583361.857704,12.280092934999999,-0.12406068591127709
1785583361.862737,12.285091917999992,-0.1267082028251276
1785583361.8677511,12.290092974999993,-0.12930441499106507
1785583361.872708,12.295094883999994,-0.1318474932842845
1785583361.877707,12.300093719000003,-0.13433435021222173
1785583361.8826969,12.305091851,-0.13676512210191888
1785583361.8877006,12.310092389999994,-0.13914020887641695
1785583361.8926995,12.315092206000003,-0.14145703320882927
1785583361.8976965,12.320091949000002,-0.14371487087062562
1785583361.9026952,12.325091838999995,-0.14591280386837152
1785583361.9077005,12.330092766999996,-0.14805020983477205
1785583361.9126978,12.335091398000003,-0.15012471851805917
1785583361.9176998,12.340091825999991,-0.15213709471314424
1785583361.9226959,12.345092160999997,-0.15408562711488807
1785583361.927696,12.350091792,-0.15596920004624945
1785583361.9326937,12.355091959999996,-0.157787417402212
1785583361.9376981,12.360092332999997,-0.15953930333395744
1785583361.9426935,12.365091464000002,-0.16122355819982095
1785583361.9477487,12.370091779999996,-0.16284021457998485
1785583361.9527001,12.375092003999995,-0.16438807869052147
1785583361.9576995,12.380091653999997,-0.16586628463145742
1785583361.9626935,12.385091877999997,-0.16727446977735833
1785583361.9676967,12.390091768999994,-0.1686117004520553
1785583361.9727037,12.395093251999995,-0.16987782039205648
1785583361.9776993,12.400091754000002,-0.1710710874783007
1785583361.982707,12.405092607,-0.1721922035476157
1785583361.9876997,12.410091515999994,-0.1732396426621949
1785583361.9927006,12.415091629000003,-0.17421355686015652
1785583361.9977012,12.420092779,-0.17511337075471475
1785583362.002699,12.425092429000003,-0.17593817618981897
1785583362.007699,12.430091839,-0.17668778951670455
1785583362.0127273,12.435092119999993,-0.17736196411288305
1785583362.0176978,12.440092140999994,-0.17796016652151483
1785583362.0226948,12.445091013999999,-0.1784819877042294
1785583362.0276978,12.450091887,-0.17892743406936068
1785583362.0326962,12.455091779,-0.17929594654250908
1785583362.0376987,12.460091540999997,-0.1795873760738922
1785583362.0426972,12.465091635999997,-0.17980154048121688
1785583362.0477161,12.470091639000003,-0.17993824457773772
1785583362.0526986,12.475091605000003,-0.1799973547065458
1785583362.0576975,12.480091995999999,-0.1799787625005023
1785583362.0626936,12.485091740000001,-0.17988240584106857
1785583362.0677137,12.49009178,-0.17970823707421182
1785583362.0726974,12.495091337999995,-0.17945628368039238
1785583362.0776947,12.500092358999993,-0.17912645457748175
1785583362.082715,12.505091176999997,-0.17871907247922092
1785583362.0876963,12.510091993999993,-0.17823389730812486
1785583362.0926924,12.515092033999991,-0.17767130148674704
1785583362.0976942,12.520091518000001,-0.17703145662772526
1785583362.1026976,12.525091520999993,-0.17631442548326404
1785583362.1076944,12.530091986999992,-0.17552042685861213
1785583362.112692,12.535091266999999,-0.17465000662960467
1785583362.117694,12.540091899999993,-0.1737030202635648
1785583362.122727,12.545091662000004,-0.1726802130688534
1785583362.1276977,12.550092109000005,-0.1715816400172875
1785583362.1326954,12.555091352000005,-0.17040813049332626
1785583362.1376965,12.560091688,-0.1691595841320854
1785583362.1426923,12.565091506000002,-0.1678368600740862
1785583362.147719,12.570092046,-0.16644012900836408
1785583362.1526947,12.575091862999997,-0.1649703309969303
1785583362.1576934,12.580092218000004,-0.16342766898521685
1785583362.162783,12.585104349999995,-0.16180901194821104
1785583362.1677241,12.590094261000004,-0.1601261994819548
1785583362.1726725,12.595091596999993,-0.1583702172841621
1785583362.1776726,12.600090248,-0.15654372567245406
1785583362.1826994,12.605092120999998,-0.15464666462756507
1785583362.1877418,12.610091901000004,-0.15268179036806417
1785583362.1926975,12.615091996999993,-0.15064898817959713
1785583362.197697,12.620091481000003,-0.14854946781106645
1785583362.2026958,12.625092021,-0.14638337754947736
1785583362.2076964,12.630092097000002,-0.1441522523949302
1785583362.2126982,12.635092581999999,-0.14185662267964025
1785583362.2176986,12.640091843999997,-0.13949820176119543
1785583362.2226985,12.645091827999991,-0.137077059773316
1785583362.2276957,12.650091942000003,-0.13459447498440702
1785583362.2326963,12.655091778,-0.132051689122605
1785583362.2376955,12.660092317999997,-0.1294492602398257
1785583362.2426953,12.665091727999993,-0.1267892433352924
1785583362.2477174,12.670092174999994,-0.12407160795633301
1785583362.2526999,12.675092585000002,-0.12129806894734298
1785583362.257694,12.680091699000002,-0.11847052158282753
1785583362.2626934,12.685091442000001,-0.11558908896477299
1785583362.2676966,12.690091353,-0.11265525088398748
1785583362.27274,12.695091578000003,-0.10967016662399894
1785583362.2776973,12.700091579999992,-0.10663543274946331
1785583362.2826931,12.705091119999992,-0.10355250605001357
1785583362.2876973,12.710092529999997,-0.10042125416064021
1785583362.2926922,12.715090791999998,-0.0972461850527724
1785583362.2976964,12.720091702000005,-0.09402499555498509
1785583362.3026967,12.725091613000004,-0.09076140657447478
1785583362.3076944,12.730092004,-0.08745587507973393
1785583362.3127081,12.735092950999999,-0.0841097748895018
1785583362.3177042,12.740093638999994,-0.08072510521164333
1785583362.3226688,12.745088937999995,-0.07730687822923972
1785583362.32787,12.750090737999997,-0.0738484410637641
1785583362.332705,12.755090666000001,-0.07035704784603479
1785583362.3377228,12.760091965,-0.06683197242290016
1785583362.342695,12.765091505000001,-0.06327697442822022
1785583362.3477376,12.770111322999995,-0.05967778844651709
1785583362.352695,12.775092010999998,-0.05607875330359372
1785583362.3577242,12.780111050000002,-0.0524254935737196
1785583362.3626957,12.785092053,-0.04877521126495925
1785583362.3677125,12.790092278000003,-0.04508770837945265
1785583362.3727221,12.795094781000003,-0.04137696987052784
1785583362.3777559,12.800091987000002,-0.03765028482216212
1785583362.3827004,12.805092119999998,-0.03390319722530865
1785583362.3876984,12.810092178000005,-0.030139615307145914
1785583362.3926952,12.815091662,-0.026361602249849226
1785583362.3977218,12.820092183,-0.022569632958910832
1785583362.4026988,12.825092334000004,-0.01876647491039303
1785583362.4076948,12.830092652000005,-0.014953431673548805
1785583362.412692,12.835091543999994,-0.01113343939275545
1785583362.4176927,12.840092157,-0.007305817424973566
1785583362.422699,12.845091771,-0.0034743767123719643
1785583362.4276931,12.850091941000002,0.00036033824524355136
1785583362.4326959,12.855092257999999,0.004196274502226022
1785583362.4376922,12.860091483000005,0.008030738581405877
1785583362.4426963,12.865092856000004,0.011864469046195585
1785583362.4477103,12.870091692999992,0.015692128685415946
1785583362.4526925,12.875092176999999,0.019515172951262105
1785583362.4576929,12.880091493999998,0.023329701334625984
1785583362.4626954,12.885091422999992,0.02713532458331383
1785583362.4676979,12.890093518,0.03093146973763364
1785583362.4726954,12.895092577,0.03471244733539902
1785583362.4776938,12.900091282999995,0.03847855906270265
1785583362.4827,12.905091786,0.04222968091504526
1785583362.4876924,12.910091473999998,0.04596211582635759
1785583362.4926922,12.915092180000002,0.04967550304391969
1785583362.4976902,12.920090923999993,0.05336591454461458
1785583362.5027473,12.925091222999995,0.057034235193536835
1785583362.5077002,12.930092669999993,0.06067844023095532
1785583362.5126946,12.935092025000003,0.06429447809974262
1785583362.517693,12.940091878999993,0.0678825473653151
1785583362.5226943,12.945091734000002,0.07144060851972003
1785583362.5276961,12.950091865999994,0.0749671884392535
1785583362.532694,12.955092090999997,0.07846049853767803
1785583362.5376956,12.960092187,0.08191874147028964
1785583362.5426955,12.965092282,0.08534037800276784
1785583362.5477195,12.970091951,0.08872350737100311
1785583362.5526981,12.975092286999995,0.09206726653769923
1785583362.5576942,12.980092142000004,0.09536930168091197
1785583362.5626929,12.985092144999996,0.09862846496457531
1785583362.5676954,12.990091961999994,0.10184298924448056
1785583362.572695,12.995092112999998,0.10501167489023887
1785583362.577696,13.000091634,0.10813240225212836
1785583362.582693,13.005091636999992,0.1112043741854247
1785583362.5877225,13.010091954999993,0.11422600310336693
1785583362.5927138,13.015092179999996,0.11719558684836776
1785583362.5976949,13.020092070999993,0.1201115586885595
1785583362.6026945,13.025091869999997,0.12297265898469403
1785583362.6076906,13.030090595000004,0.12577696119753307
1785583362.6126997,13.035091709,0.12852502512346767
1785583362.617693,13.040091675,0.13121354975709576
1785583362.6226947,13.045092232999991,0.13384216958329306
1785583362.6276927,13.050090940000004,0.136408339024394
1785583362.632696,13.055091757,0.13891282863016008
1785583362.637696,13.060091870999997,0.1413529723372288
1785583362.6426945,13.065091891999998,0.14372788029159764
1785583362.6477132,13.070091246999993,0.14603612127791418
1785583362.6526995,13.075091935000003,0.14827745982925533
1785583362.6576986,13.080092196999999,0.1504499738122909
1785583362.6627295,13.085097903000005,0.15255502311602823
1785583362.667714,13.090093590999999,0.15458514799709752
1785583362.6727328,13.095092297999997,0.15654477349734083
1785583362.6777334,13.100096097000005,0.15843354655995437
1785583362.6827023,13.105093617999998,0.16024624404431045
1785583362.6876981,13.110092065000003,0.1619846736186003
1785583362.6926963,13.115091567999997,0.16364794590537282
1785583362.697695,13.120091700999993,0.1652350244958318
1785583362.7027004,13.125092573999993,0.1667450907000896
1785583362.7076933,13.130092242999993,0.1681767814015131
1785583362.712695,13.135093005000002,0.16953000549135708
1785583362.7176967,13.140091712,0.17080321885448357
1785583362.7227004,13.145092640000001,0.17199682772741406
1785583362.7277002,13.150092736000005,0.17310942797545967
1785583362.7326958,13.155091868,0.17414042914432767
1785583362.7376986,13.160092648999992,0.17508978615024332
1785583362.7426975,13.165092095999995,0.17595639580245057
1785583362.7477162,13.170091524,0.176740028724773
1785583362.7527232,13.175097285999996,0.1774410702331452
1785583362.7577488,13.180093103999994,0.17805691787966949
1785583362.7627091,13.185093328999997,0.17858910595758057
1785583362.7677002,13.190092054000004,0.17903659784776205
1785583362.772696,13.195091742000002,0.1793993327365882
1785583362.7776973,13.200091985,0.17967698731889697
1785583362.7827008,13.205092024999999,0.17986929559228687
1785583362.7876976,13.210092434999993,0.17997610072797401
1785583362.7926972,13.215091622999992,0.17999725657452753
1785583362.7976935,13.220092347999994,0.17993267335276336
1785583362.8027015,13.225093407000003,0.17978226592764573
1785583362.8077,13.23009202,0.1795461606838101
1785583362.8126957,13.235092855999994,0.17922417228671828
1785583362.8176944,13.240092192999995,0.17881659231694336
1785583362.8226984,13.245093120999996,0.17832327827213557
1785583362.8276927,13.250091865000002,0.17774477067044703
1785583362.8326914,13.255091960000001,0.17708087592869723
1785583362.8376944,13.260092426,0.17633191559144215
1785583362.8427231,13.265091614,0.17549843635576393
1785583362.847734,13.270092097999992,0.1745803264600065
1785583362.852698,13.275093064000004,0.17357804940212768
1785583362.8576941,13.280092714999995,0.17249238632963546
1785583362.8626924,13.285092087999999,0.1713235928383895
1785583362.8676991,13.290092756999996,0.17007175730431245
1785583362.8726969,13.295092612000005,0.1687379183605716
1785583362.8776941,13.300092726000003,0.1673223663722404
1785583362.882716,13.305110264999996,0.1658204150921684
1785583362.8876967,13.310092545999993,0.16424890929567898
1785583362.8927171,13.315111955999996,0.16258565854278717
1785583362.8976953,13.320092810999995,0.16085649523355625
1785583362.9027138,13.325109665,0.1590363633502526
1785583362.9076986,13.330092909000001,0.1571512591007539
1785583362.912698,13.335092597,0.15518348513621752
1785583362.9176958,13.340092636999998,0.1531398672491868
1785583362.9226952,13.345092601999994,0.15102149055433942
1785583362.9277256,13.350092124,0.1488294771166032
1785583362.932697,13.3550927,0.14656414929211162
1785583362.9376953,13.360092980999994,0.1442271309091738
1785583362.9426947,13.365092558,0.14181970029649005
1785583362.9477174,13.370092486000004,0.1393424587286438
1785583362.9527335,13.375095025999997,0.13679536266009087
1785583362.9577043,13.380093918,0.13418279355119736
1785583362.9626968,13.385092087000004,0.13150451770953753
1785583362.9677143,13.390092775,0.12876000387090125
1785583362.9726999,13.395092332999994,0.1259525028802772
1785583362.9776986,13.400091946999993,0.12308267756870483
1785583362.982697,13.405092097999997,0.12015158182325855
1785583362.9876976,13.410091675000004,0.11716124047472896
1785583362.9926963,13.415091270000005,0.1141127135553495
1785583362.9976945,13.420091329000002,0.11100715582384607
1785583363.002696,13.425091608999992,0.10784617201936282
1785583363.007694,13.430091649999994,0.10463154814583893
1785583363.012736,13.435091931999992,0.10136449937550202
1785583363.0177042,13.440092675999992,0.09804642251022305
1785583363.0226998,13.445091716999997,0.0946803517415336
1785583363.0277166,13.450093924,0.09126459393437472
1785583363.0327013,13.455092280000002,0.08780558170191356
1785583363.0377026,13.460092136,0.08430130104688426
1785583363.0426965,13.465092028,0.08075443880389614
1785583363.0477183,13.470091939,0.07716671131842792
1785583363.0527,13.475092498999999,0.07353938662547363
1785583363.0576997,13.480092095000003,0.0698753883984147
1785583363.0626974,13.485092801999997,0.06617496600530864
1785583363.0676932,13.490091972999991,0.06244187404508727
1785583363.0726936,13.495091939999995,0.05867618972715475
1785583363.0776966,13.500092147000004,0.054880151896379244
1785583363.0826936,13.505092058000002,0.05105601584795627
1785583363.0876956,13.510091840000001,0.047205522160571715
1785583363.0926955,13.515091565999995,0.043330496747755604
1785583363.0977242,13.520092014,0.03943222802859823
1785583363.1027296,13.525092388000004,0.03551324290728503
1785583363.1076987,13.530092187999998,0.03157586107773781
1785583363.1126945,13.535091562000005,0.027621907357859948
1785583363.117695,13.540092306999995,0.023651903690213416
1785583363.1226969,13.545091494999994,0.01967013317802387
1785583363.1276937,13.550092183999993,0.015676128508909017
1785583363.1326923,13.555092336000001,0.01167349086256865
1785583363.1376967,13.560092544,0.007663731203210674
1785583363.1426954,13.565091972999994,0.003649511079034993
1785583363.1477168,13.570091828999992,-0.00036814114822980457
1785583363.152695,13.575092721999994,-0.004387715333133024
1785583363.1576936,13.580092743999998,-0.008405672787045708
1785583363.162729,13.585098285,-0.012425135382562593
1785583363.1677012,13.590093269999997,-0.016431191828657307
1785583363.1726997,13.595093347999992,-0.020434391849516922
1785583363.1776984,13.600092851,-0.024428179406538145
1785583363.1827004,13.605092485,-0.02841111172539288
1785583363.1877007,13.610093395999996,-0.03238209060614604
1785583363.1926944,13.61509264,-0.03633677747932834
1785583363.197695,13.620092976999999,-0.0402753597836663
1785583363.2027252,13.625092832999997,-0.04419460175310169
1785583363.207693,13.630091984999993,-0.04809234937815761
1785583363.2126918,13.635092432999997,-0.051968179120662955
1785583363.2176943,13.640092604000003,-0.05581889385947168
1785583363.2227235,13.645092329999997,-0.059642408407939655
1785583363.2276964,13.650092573999999,-0.06343750769410697
1785583363.232704,13.655093317999999,-0.06720222932758574
1785583363.2376983,13.660092821999996,-0.07093334340533271
1785583363.2426963,13.665092363,-0.07462990172443
1785583363.2477171,13.670092478,-0.07829039619727558
1785583363.2526932,13.675091315000003,-0.08191159608937983
1785583363.2576945,13.680092485000003,-0.0854942376582692
1785583363.2626948,13.685092358999995,-0.08903385904829454
1785583363.267708,13.690092899999996,-0.09253002632228034
1785583363.2727003,13.695092867,-0.09598005877400195
1785583363.277693,13.700091685000004,-0.09938179267216052
1785583363.2826915,13.705091893000002,-0.10273518259690963
1785583363.2876966,13.710092173999996,-0.10603757582696455
1785583363.2926915,13.715091622999992,-0.10928666200135849
1785583363.2976916,13.720091940999993,-0.11248184553893761
1785583363.3026912,13.725092093,-0.11562077815486542
1785583363.307723,13.730091799999997,-0.11870164575261859
1785583363.3126962,13.735092266999999,-0.12172356272577474
1785583363.3176978,13.740092012000005,-0.12468403814393975
1785583363.3226936,13.745092145000001,-0.12758216926724472
1785583363.327694,13.750092186000003,-0.1304161357503951
1785583363.3327065,13.755092152999993,-0.1331844447985265
1785583363.3377323,13.760094859999995,-0.13588712549651472
1785583363.3427155,13.765094734000002,-0.1385197254061933
1785583363.3477519,13.770093997000004,-0.14108207534684933
1785583363.3527248,13.775094722999995,-0.14357384379923038
1785583363.3577793,13.780100430000005,-0.14599530082869633
1785583363.3627203,13.785094786000002,-0.1483373793998271
1785583363.3677697,13.790103678999998,-0.15061087446021076
1785583363.3727503,13.795097904999992,-0.15280130048309007
1785583363.3777456,13.800097519000005,-0.15491647008115117
1785583363.3826885,13.805091207999993,-0.15695045399440183
1785583363.3876808,13.810090693999996,-0.15890691108860153
1785583363.3927448,13.815095659999997,-0.16078436478477992
1785583363.3976817,13.820093626999991,-0.16257713026586934
1785583363.402684,13.825094316000005,-0.16428779963005474
1785583363.40768,13.830094505000005,-0.1659142566597575
1785583363.4127204,13.835096527000005,-0.16745630916010779
1785583363.417691,13.840092900999991,-0.16891087465364948
1785583363.4226835,13.845093848999994,-0.1702801254979768
1785583363.42768,13.850093575000002,-0.17156160003480447
1785583363.4326787,13.855093652999997,-0.17275498075357684
1785583363.4376898,13.860092472000005,-0.17385920822773618
1785583363.4426832,13.865093845999994,-0.17487443594001092
1785583363.4476967,13.870091961,-0.17579889408788119
1785583363.4526784,13.875092093999996,-0.17663302932956834
1785583363.457706,13.880098782999994,-0.17737684727668065
1785583363.462688,13.885093509,-0.17802727479893438
1785583363.4676776,13.890090716000003,-0.17858603096141162
1785583363.4726799,13.895092238999993,-0.17905275722307604
1785583363.4776773,13.900092539,-0.17942652230100276
1785583363.4826827,13.905093523999994,-0.17970720295966017
1785583363.4876847,13.910092786999996,-0.179894460475664
1785583363.4926763,13.915093087000002,-0.17998823305137768
1785583363.4976816,13.920093312999995,-0.17998833701273712
1785583363.5026858,13.925093316999991,-0.17989469353703355
1785583363.5076735,13.930092338999998,-0.1797073124270703
1785583363.512715,13.935097045999996,-0.1794258221064729
1785583363.5177088,13.940094161000005,-0.17905108269166592
1785583363.5226803,13.945090738999994,-0.17858290232336718
1785583363.5276828,13.950095058000002,-0.17802046124107682
1785583363.5326748,13.955092506,-0.17736558444820189
1785583363.5376756,13.96009325,-0.17661729611020213
1785583363.5426776,13.965092568999992,-0.17577655598139413
1785583363.5476997,13.970093590999994,-0.17484318511624014
1785583363.5526786,13.975092427999996,-0.17381832613266227
1785583363.5576742,13.980092616999997,-0.17270172950029253
1785583363.5626745,13.985092249999994,-0.17149430084079628
1785583363.567712,13.990093290999994,-0.1701960928854132
1785583363.57268,13.995092775999993,-0.16880847760845205
1785583363.5776737,14.000092428000002,-0.16733166092882482
1785583363.582714,14.005097727999996,-0.16576456435624923
1785583363.587709,14.010094342999992,-0.16411249827202695
1785583363.5926852,14.015088754000004,-0.16237439455942426
1785583363.5976803,14.020091461999996,-0.16054727691220594
1785583363.602677,14.025092243000003,-0.15863559911196454
1785583363.6076722,14.030093246999996,-0.15663951381028365
1785583363.6126976,14.035091176999998,-0.15456138489731774
1785583363.6176746,14.040092458000004,-0.1523995561270857
1785583363.6226768,14.045092166000003,-0.15015717914729207
1785583363.6276753,14.050092855000003,-0.14783423507788873
1785583363.632694,14.055093339999999,-0.14543241207083873
1785583363.6376762,14.060092639999993,-0.14295341379518836
1785583363.6426768,14.065093051000005,-0.14039734641239054
1785583363.6476934,14.070093055000001,-0.13776625518593286
1785583363.652705,14.075092983999994,-0.13506130369878697
1785583363.6576784,14.080093988000002,-0.13228321688301534
1785583363.6626904,14.085093361999995,-0.12943491884098385
1785583363.6676788,14.090093050999997,-0.12651677880831605
1785583363.6726782,14.095093296000002,-0.1235301267942603
1785583363.6776822,14.100093521999995,-0.12047682294811944
1785583363.6826775,14.105092822000003,-0.11735900513364295
1785583363.6876771,14.110093121999995,-0.11417707336303907
1785583363.6926737,14.115092570000002,-0.11093384197870462
1785583363.6976805,14.120093202999996,-0.10762965817740863
1785583363.7027128,14.125095002999998,-0.10426620193707116
1785583363.707708,14.130094413999998,-0.10084762936016888
1785583363.7126818,14.135091547999991,-0.09737571768866463
1785583363.7176814,14.140091976999997,-0.09384838660205362
1785583363.722875,14.145093222,-0.09026915957249348
1785583363.7276802,14.150091188999994,-0.0866428734924175
1785583363.7326946,14.155093117999996,-0.08296616549057954
1785583363.7377605,14.160092659,-0.0792456086262692
1785583363.7426844,14.165093217999996,-0.07548064277760899
1785583363.7476964,14.170092480999998,-0.07167499517418097
1785583363.7526798,14.175093355000001,-0.06782845663887815
1785583363.7576737,14.180092247999994,-0.06394582545232189
1785583363.7626824,14.185092252000004,-0.06002676463693884
1785583363.7676752,14.190092551999996,-0.0560739753843576
1785583363.7726777,14.195092536999994,-0.05209003953907465
1785583363.777673,14.200092392999991,-0.04807693170918356
1785583363.7826912,14.205092545,-0.04403644711532525
1785583363.7876825,14.21009377,-0.03997010341130361
1785583363.7927063,14.215094237000002,-0.03588156026852613
1785583363.797708,14.220094333999995,-0.03177269670818545
1785583363.8027108,14.225095689,-0.02764437322803278
1785583363.807677,14.230093674000003,-0.023502636458891783
1785583363.8126774,14.235092918999996,-0.019345886793288095
1785583363.8176754,14.240092662999999,-0.01517698788044178
1785583363.822679,14.245093444999995,-0.010997734147684271
1785583363.8276808,14.250093911999997,-0.00681151231090559
1785583363.832676,14.255093470999995,-0.0026210861501989166
1785583363.8376758,14.260093177999991,0.0015721577407747129
1785583363.8426812,14.265093163000003,0.0057660531174117385
1785583363.8476949,14.270092555999994,0.0099575912672404
1785583363.8526735,14.275093134000002,0.014145979528205363
1785583363.857674,14.280092377999992,0.018326825588895927
1785583363.8627024,14.285092586000005,0.022499768903960774
1785583363.867698,14.290091312000001,0.026660488810786035
1785583363.872677,14.295092166999993,0.030809709298289564
1785583363.877674,14.300092097000004,0.03494261613601537
1785583363.8826723,14.305092656,0.03905822426151683
1785583363.8876758,14.310093159999994,0.04315370294644772
1785583363.8926792,14.315092718999992,0.04722607286178187
1785583363.8977113,14.320094667999996,0.051275791616460724
1785583363.9027102,14.325094374999992,0.05529686987626535
1785583363.9076786,14.330093379000004,0.05928834343528307
1785583363.91268,14.335093642000004,0.06324956049039394
1785583363.9176772,14.340093127000003,0.06717670337861038
1785583363.922674,14.345092315999992,0.07106797745229064
1785583363.9276783,14.350092227000005,0.0749220024395659
1785583363.9326892,14.355093100999994,0.07873679343063636
1785583363.9376748,14.360092511999994,0.08250837369975406
1785583363.9426737,14.365091441999994,0.08623539723226013
1785583363.9477215,14.370092241999998,0.08991750714252063
1785583363.9526782,14.375089672000001,0.09354879909476789
1785583363.9576735,14.380090842000001,0.09713238877400825
1785583363.9626727,14.385098697999993,0.10066820307850437
1785583363.967673,14.390092479000003,0.10413970716209286
1785583363.9726753,14.395099278999993,0.1075637817780375
1785583363.977675,14.400091950000004,0.11091994422448218
1785583363.9826715,14.405092100999994,0.11422092835110192
1785583363.9876733,14.410092363999993,0.11745985416126792
1785583363.9926927,14.415095127,0.12063637006088772
1785583363.9977016,14.420093093999995,0.1237440729212394
1785583364.002686,14.425090616999995,0.12678399278037006
1785583364.0076826,14.430092066,0.12975697082175058
1785583364.0126796,14.435092847999996,0.13265849785222059
1785583364.0176764,14.440092167999993,0.13548648429141066
1785583364.022676,14.445092617,0.13824076709201488
1785583364.0276744,14.450092343999998,0.1409187208461683
1785583364.0327048,14.455092311000001,0.14351931481717045
1785583364.03769,14.460090631,0.14604008500728474
1785583364.0426793,14.465092247000001,0.14848201030382308
1785583364.047696,14.470092936,0.15084153936766562
1785583364.0526774,14.475091551999995,0.15311681738505786
1785583364.057677,14.480093445999998,0.1553089054628451
1785583364.0626752,14.485093136000003,0.15741407520019576
1785583364.0676763,14.490092344000004,0.159431868798461
1785583364.0727007,14.495092514999996,0.16136165152780874
1785583364.0776849,14.500093593999992,0.16320219429157598
1785583364.0826795,14.505093062,0.1649514795217661
1785583364.0876775,14.510092639999996,0.16660909014860484
1785583364.092676,14.515092977999998,0.16817420731931917
1785583364.0976791,14.520093261,0.1696455963112346
1785583364.1026766,14.525091098999994,0.17102171603909344
1785583364.1076787,14.530092565999993,0.17230334822036114
1785583364.1126754,14.535093274999994,0.1734884815968061
1785583364.1177185,14.540092891,0.17457633854988303
1785583364.1226988,14.545093284000004,0.17556663692048413
1785583364.1276798,14.550093732999997,0.17645856518750572
1785583364.1326728,14.555093329999991,0.17725139518316793
1785583364.137717,14.560094871999993,0.1779450028986396
1785583364.1427095,14.565094357999996,0.17853835727190254
1785583364.1477017,14.570090252,0.17903102217956146
1785583364.1526783,14.575091181999994,0.179423437367468
1785583364.1576777,14.580092928,0.1797147832830365
1785583364.162691,14.585094858000005,0.179904737814814
1785583364.1676815,14.590092862999995,0.17999306095748757
1785583364.17268,14.595093405,0.17997976860982623
1785583364.1776786,14.600092891000003,0.1798647419762384
1785583364.1826777,14.605092896000002,0.17964793554104208
1785583364.1876793,14.610092604000002,0.17932940990357285
1785583364.192677,14.615093219999991,0.17890915943188435
1785583364.1976776,14.620093686999994,0.1783873974610346
1785583364.2027082,14.625090266,0.17776484229154316
1785583364.2076826,14.630092993000005,0.17704043828429014
1785583364.2126732,14.635092368000002,0.17621579753069502
1785583364.2176754,14.640092447,0.17529071005720812
1785583364.2226748,14.645092043999995,0.1742658252288054
1785583364.2276754,14.650092493000002,0.17314135280321846
1785583364.2326882,14.655092312999997,0.17191817081510943
1785583364.2376816,14.660091151000003,0.17059702199182658
1785583364.242674,14.665093302999992,0.16917736842359823
1785583364.247699,14.670093140999995,0.16766150081344947
1785583364.252679,14.675091645999998,0.16605000632910605
1785583364.2576766,14.680092853999994,0.16434237949354122
1785583364.2626758,14.685092062999999,0.16254109625142488
1785583364.2676785,14.690092753000002,0.16064586365122632
1785583364.2726746,14.695092404999997,0.15865862488625004
1785583364.2776766,14.700092873000003,0.15657970478088631
1785583364.2826748,14.705092284999992,0.15441099737172992
1785583364.2877173,14.71009266,0.15215279220995812
1785583364.2926815,14.715092646000002,0.1498069001876386
1785583364.2976778,14.720092984000004,0.14737424270561228
1785583364.3026755,14.725090452000003,0.14485777105310907
1785583364.3076766,14.730093159999996,0.14225471215935154
1785583364.3126729,14.735092257999995,0.13957105068504758
1785583364.3176768,14.740093002999998,0.1368054839701369
1785583364.3227587,14.745099619000001,0.1339570162953835
1785583364.32762,14.750084994000005,0.1310429998735018
1785583364.332602,14.755082497999993,0.12804575223894543
1785583364.3377256,14.760096521999998,0.12496365139580673
1785583364.3427103,14.765094266999995,0.12181856219286082
1785583364.347732,14.770094697999994,0.11860060009449287
1785583364.352716,14.775095683999993,0.11531286276136526
1785583364.3577156,14.780096559,0.11195761750947517
1785583364.3626792,14.785093618999994,0.10853930698714713
1785583364.3676772,14.790092809,0.10505581660974403
1785583364.3727074,14.795092757999996,0.10151000592567459
1785583364.3776972,14.800093410999992,0.09790388602983811
1785583364.3826764,14.805093064000005,0.09424072748430308
1785583364.387684,14.810092920000002,0.09052173556045327
1785583364.3926787,14.815093016999995,0.08674898296157696
1785583364.3976765,14.820092892000005,0.0829249612957156
1785583364.4026759,14.825091322999995,0.07905280530456055
1785583364.407675,14.830092456999992,0.07513149169223254
1785583364.412674,14.835092665999994,0.07116607857764252
1785583364.4176784,14.840092892000001,0.06715809914508898
1785583364.4227068,14.845097416000002,0.06310636647328705
1785583364.4276812,14.850094197999994,0.059022991523399966
1785583364.4326756,14.855093480999997,0.05490201028745241
1785583364.4376838,14.860094504000003,0.050746377234142534
1785583364.4426777,14.865093600999998,0.04656153520737496
1785583364.4476979,14.870092735,0.042348274160076735
1785583364.4526792,14.87509061,0.038110131239544015
1785583364.4577258,14.880092873999999,0.03384474928265445
1785583364.4626813,14.885092509000003,0.02956057329624831
1785583364.4676785,14.890092717000002,0.025257361809979315
1785583364.4726784,14.895092203000004,0.020938733131823543
1785583364.477675,14.900093503999997,0.016605008033179092
1785583364.482674,14.905092656999997,0.01226214968294567
1785583364.4876823,14.910092902000002,0.007909885281127989
1785583364.4926786,14.915092591999993,0.003552193654022285
1785583364.4976795,14.920092467000003,-0.0008090155825628246
1785583364.5027177,14.925094879,-0.00517323472784252
1785583364.5077143,14.930095327999993,-0.009533972532223652
1785583364.5126781,14.935093370000004,-0.013888278603209073
1785583364.5176752,14.940092449000005,-0.018236588833997366
1785583364.522679,14.945093009000004,-0.022576716805150682
1785583364.5276718,14.950092662000003,-0.026904022754922256
1785583364.532688,14.955091628999995,-0.03121614234348265
1785583364.5376785,14.960093004,-0.035513178628988847
1785583364.5426788,14.965093065000005,-0.03978937659631761
1785583364.5476985,14.970093031999994,-0.044043244580193625
1785583364.552675,14.975090277999996,-0.04827003525646938
1785583364.5576727,14.980092282000001,-0.05247353602329689
1785583364.5626776,14.985093027999994,-0.05664615134441748
1785583364.5676749,14.990092477000005,-0.06078537524679163
1785583364.572673,14.995092185000004,-0.06489002582233006
1785583364.5776725,15.000091560000001,-0.06895715503635735
1785583364.5827045,15.005092693999998,-0.07298600311958144
1785583364.5876758,15.010098384000003,-0.07697631766424451
1785583364.5926778,15.015092981999999,-0.08091330624591973
1785583364.5976753,15.020099004999992,-0.08481232897650305
1785583364.6026716,15.025090508999995,-0.08865087232614785
1785583364.6076753,15.030091791999993,-0.09244536310547834
1785583364.6126742,15.035091684999998,-0.09618489579027416
1785583364.6176744,15.040092393999998,-0.09986885494915394
1785583364.6226926,15.045092732,-0.10349411444355268
1785583364.6276748,15.050093365999999,-0.10705894638213177
1785583364.6326861,15.055093537000005,-0.11056063328787108
1785583364.6376688,15.060092597999997,-0.11399660764011171
1785583364.6426678,15.065092213,-0.11736591567587469
1785583364.647689,15.070092680999991,-0.12066665866334417
1785583364.6526668,15.075090223000004,-0.12389435339858391
1785583364.6576622,15.080092356999998,-0.127051825296858
1785583364.6627467,15.085101436000002,-0.1301383466153242
1785583364.6677544,15.090094644000004,-0.1331381507206613
1785583364.67268,15.095091629999999,-0.13606145766844507
1785583364.6776726,15.100093893999997,-0.13890710857629285
1785583364.6826725,15.105093232000002,-0.1416686030182966
1785583364.687668,15.110093754999994,-0.14434652493555775
1785583364.6927047,15.115097352999996,-0.14694009515078138
1785583364.6977012,15.120095135,-0.14944314392623517
1785583364.7026794,15.125091768999994,-0.15185661239760045
1785583364.7076719,15.130094107000005,-0.15418215786276981
1785583364.7126722,15.135092389999997,-0.15641372137650675
1785583364.7176688,15.140093746000005,-0.15855308748288677
1785583364.722669,15.145092750999993,-0.16059654603607468
1785583364.727667,15.150092052000005,-0.1625439232716925
1785583364.732669,15.155092667999995,-0.16439431107605798
1785583364.7376695,15.160093301999993,-0.16614598882515175
1785583364.742669,15.165092509999994,-0.16779734916415767
1785583364.7476847,15.170092014999994,-0.16934791074287234
1785583364.752719,15.175092612,-0.17079685293976057
1785583364.7576716,15.180092524000003,-0.17214268363145974
1785583364.7626734,15.185092158999993,-0.17338463869420673
1785583364.7676663,15.190092292999992,-0.17452206193132574
1785583364.7726774,15.195091000999994,-0.17555376516689583
1785583364.777676,15.200093023999997,-0.17647994994236632
1785583364.7826731,15.205093492000003,-0.17729900483746006
1785583364.7876694,15.210092867,-0.1780105010458445
1785583364.792667,15.215092724000002,-0.178614157619024
1785583364.7976713,15.220093820999992,-0.1791095502621339
1785583364.8026745,15.225091473999996,-0.179495892359783
1785583364.8076692,15.230093256000004,-0.17977341804401933
1785583364.8126657,15.235092186999992,-0.17994143549094846
1785583364.8176665,15.240092043000004,-0.1799999383984193
1785583364.822671,15.245092936999995,-0.17994873371537945
1785583364.827669,15.250092460000005,-0.17978779405920398
1785583364.8326766,15.255092816000001,-0.1795170701786993
1785583364.8376665,15.260092487999998,-0.17913671039770485
1785583364.8427072,15.265095974000005,-0.17864640800753284
1785583364.8477223,15.270094792999998,-0.17804722773651874
1785583364.8526766,15.275091205999999,-0.17733940306216986
1785583364.857665,15.280091673000001,-0.1765223048354535
1785583364.862695,15.285092399999996,-0.17559681961308127
1785583364.867666,15.290092533999996,-0.1745635904603251
1785583364.872665,15.295092686999993,-0.1734230507302643
1785583364.877663,15.300092229,-0.17217597096931866
1785583364.8826637,15.305092103999996,-0.1708227988442835
1785583364.8876896,15.310092979000004,-0.16936405212077477
1785583364.8927014,15.315096464999996,-0.16779995426968586
1785583364.8977017,15.320094432999994,-0.16613400927678565
1785583364.9026759,15.325090770999992,-0.16436607882369605
1785583364.907671,15.330092293999996,-0.1624946433032323
1785583364.9126656,15.335092427999996,-0.1605231124461812
1785583364.9176657,15.340092544,-0.1584521175291446
1785583364.9227033,15.345094734,-0.15628192393788917
1785583364.9277356,15.350092830999998,-0.15401652098967442
1785583364.932685,15.355092262,-0.15165484509509813
1785583364.9376714,15.360092358999992,-0.14919853162156219
1785583364.9426672,15.365092438000005,-0.14664933606865463
1785583364.9476838,15.370092256999996,-0.14400888686211563
1785583364.9526696,15.375091464999997,-0.14127894887585374
1785583364.9576654,15.380092452,-0.13845979988831536
1785583364.9626973,15.385095123,-0.13555307465078045
1785583364.967697,15.390094331,-0.13256353746772667
1785583364.9726994,15.395094002999997,-0.1294906984446719
1785583364.9776664,15.400093210999998,-0.12633696360509283
1785583364.9826667,15.405091937999998,-0.1231042549964601
1785583364.9876661,15.410093109000002,-0.11979257610849624
1785583364.992692,15.415093631999994,-0.11640592571671474
1785583364.9977028,15.420094321999997,-0.11294580575855012
1785583365.0027056,15.425095030999998,-0.10941440617274496
1785583365.0076685,15.430093072999995,-0.10581581732082765
1785583365.0127006,15.435092264000005,-0.10214950618069694
1785583365.0176697,15.440092992000004,-0.09841736343198977
1785583365.0226662,15.445092422999991,-0.09462377186800436
1785583365.0276656,15.450092576999992,-0.09076952439945908
1785583365.0326645,15.455092471,-0.08685772605875683
1785583365.0376978,15.460095088000003,-0.08288839786263247
1785583365.0426962,15.465094296999993,-0.07886884945511197
1785583365.0476851,15.470092710000003,-0.0747995159774038
1785583365.0526645,15.475090475000002,-0.0706828009153162
1785583365.057673,15.480093314000001,-0.06651646733223386
1785583365.0626712,15.485093355999993,-0.062309610645566206
1785583365.0676675,15.490092861999997,-0.05806297257845125
1785583365.072665,15.495092459999995,-0.05377865457648295
1785583365.077669,15.500093187999994,-0.04945841125930355
1785583365.0826707,15.505093989999992,-0.04510582653222991
1785583365.0876968,15.510094605999996,-0.04072383615488727
1785583365.092699,15.515094407999996,-0.03631572923384111
1785583365.0976722,15.520093357999997,-0.03188430209129464
1785583365.102669,15.525091141000004,-0.027432615271590365
1785583365.1076627,15.530092850999992,-0.02295890109763031
1785583365.112666,15.535092707999993,-0.018471120572938184
1785583365.1179116,15.540095010000002,-0.013968232048128582
1785583365.1227055,15.545094534,-0.00945776736649793
1785583365.127671,15.550093391000004,-0.004940670249707505
1785583365.1326785,15.555092582,-0.00041888277194890544
1785583365.137703,15.560092975999993,0.0041055291534855725
1785583365.1427033,15.565093610999995,0.00862883593628192
1785583365.1477282,15.570095487000003,0.01314907687553901
1785583365.1527,15.575095160000004,0.017660276448526607
1785583365.157666,15.580093332000004,0.02216021438081846
1785583365.1626823,15.585094021999993,0.02664964525817948
1785583365.167667,15.590092842999994,0.031121772480746785
1785583365.1726642,15.595092292999993,0.03557598669763439
1785583365.177664,15.600092187000001,0.04000927450143882
1785583365.1826687,15.605092137,0.04441845520627326
1785583365.1876695,15.610092938999998,0.04880140112295436
1785583365.192662,15.615091499999991,0.053152604697280954
1785583365.1976647,15.620092745999997,0.057473555221961736
1785583365.202675,15.625091307000005,0.06175683712915282
1785583365.207698,15.630094460999999,0.06600590543311195
1785583365.2127,15.635101910999992,0.0702176594608982
1785583365.2176714,15.640091304999999,0.07437075846363804
1785583365.2226973,15.645098458999996,0.07849232360870778
1785583365.2276683,15.650093224000003,0.08255480152038176
1785583365.2326634,15.655092377999992,0.0865693193981367
1785583365.2376678,15.660092308999992,0.0905302889737588
1785583365.242663,15.665091778000004,0.09443414613859195
1785583365.2477095,15.670096689999994,0.09828286727916376
1785583365.2526724,15.675091252000001,0.10206188715399662
1785583365.257703,15.680097183,0.10578514128709735
1785583365.2626975,15.685094726000003,0.10943544121606402
1785583365.2676756,15.690090619999992,0.11301551618529926
1785583365.2726727,15.695092884999994,0.11652865895565157
1785583365.277668,15.700093445999997,0.11996678367043864
1785583365.2826667,15.705092933000003,0.12332811516088174
1785583365.2877054,15.710097624,0.12661455243417669
1785583365.2926998,15.715095054999992,0.12981578282540246
1785583365.2976768,15.720091264000004,0.132933754206071
1785583365.302668,15.725090714000004,0.1359691262730705
1785583365.3076982,15.730092627000005,0.13891925516747478
1785583365.312671,15.735093798999998,0.14178023215249852
1785583365.3176703,15.740091359999994,0.14454861394071505
1785583365.3226674,15.745093050999998,0.14722681148572345
1785583365.3277009,15.750097037999993,0.14981185630029473
1785583365.3327017,15.755095118,0.1522978658297524
1785583365.337677,15.760090383000005,0.15468494493985444
1785583365.342665,15.765092887999998,0.15697614258857218
1785583365.3476858,15.770092985999995,0.15916533184383763
1785583365.3526688,15.775090844000005,0.16125122622348448
1785583365.3576765,15.780094534,0.16323564602346563
1785583365.362666,15.785092946999995,0.1651127968860599
1785583365.3676982,15.790094916000001,0.1668847443264627
1785583365.372722,15.795095254999993,0.16854835148341604
1785583365.3776858,15.800090611999991,0.17010154909339267
1785583365.3826702,15.805093339999999,0.17154699942716603
1785583365.38767,15.810093049000002,0.17288052655128472
1785583365.3926985,15.815091979999991,0.17410189545412835
1785583365.3976893,15.820093856,0.17521105466129216
1785583365.4027045,15.825093768999992,0.17620606686486168
1785583365.407674,15.830091589999995,0.17708630265355013
1785583365.4126663,15.835093040000004,0.17785204782528607
1785583365.4176683,15.840093064000001,0.17850185756336578
1785583365.4226644,15.845092605999994,0.17903540080114774
1785583365.427699,15.850094611999992,0.17945247773569276
1785583365.4327118,15.855093784000005,0.17975229042417604
1785583365.4376886,15.860091640999997,0.1799347827574805
1785583365.4426725,15.865092535999992,0.17999983634008063
1785583365.4476895,15.870091523,0.17994720697795924
1785583365.4526632,15.875090121,0.17977689663683746
1785583365.45767,15.880092496999993,0.17948865756980015
1785583365.4626677,15.885092686999997,0.17908286840015333
1785583365.4677303,15.890095970999994,0.17855923732883347
1785583365.4727037,15.895094401999998,0.1779189039686798
1785583365.477713,15.900094686000003,0.17716143804253975
1785583365.4826703,15.905093746999995,0.17628768383023838
1785583365.487666,15.910092566999992,0.17529799831365886
1785583365.4926674,15.915092923999993,0.17419253903680754
1785583365.4977016,15.920096540999992,0.1729713912438239
1785583365.5027142,15.925095158000005,0.17163733892196226
1785583365.5076776,15.930094478000001,0.17018979126588693
1785583365.5126746,15.935093483000003,0.16862988947345386
1785583365.5176668,15.940092859000004,0.16695835269941417
1785583365.522672,15.945092716999994,0.16517612551054792
1785583365.5276687,15.950093221999992,0.1632841966392658
1785583365.532667,15.955092375999996,0.1612845035604865
1785583365.537664,15.960092511,0.15917735731550786
1785583365.542668,15.965092775999992,0.15696438537531884
1785583365.5476909,15.970093040999998,0.1546470176148933
1785583365.5526986,15.975094267999992,0.15222622611215292
1785583365.557702,15.980094995999991,0.14970422201815295
1785583365.562696,15.985092593999994,0.1470840284230765
1785583365.5676699,15.990092599999997,0.14436441813460169
1785583365.5726655,15.995092587000002,0.14154836334635612
1785583365.577674,16.000092537,0.13863766493801932
1785583365.5826957,16.005094431000003,0.13563297131958368
1785583365.5877025,16.010094881,0.13253822349519698
1785583365.592667,16.015092627,0.1293562950472069
1785583365.5976658,16.020092707000003,0.12608603145379232
1785583365.6026642,16.025091082999992,0.12273216024712492
1785583365.6076732,16.030093459,0.11929296084310546
1785583365.6127005,16.035094334999997,0.11577437583931523
1785583365.6177008,16.040095339999993,0.11217757223564179
1785583365.622669,16.045093456999993,0.10850711727535085
1785583365.6276715,16.050093517999997,0.10476187102127686
1785583365.632666,16.055092746,0.10094632803885197
1785583365.6376677,16.060091158999995,0.09706299855881836
1785583365.6426651,16.065092331000002,0.09311160612593827
1785583365.6477141,16.070092429,0.08909773361830782
1785583365.652722,16.07509523099999,0.08502095358677837
1785583365.6577063,16.080095125,0.08088852178675061
1785583365.66268,16.085093001000004,0.07670250691043909
1785583365.6676629,16.090092135999996,0.0724629360071633
1785583365.672694,16.095093789999993,0.06817148192767186
1785583365.677685,16.100093481000002,0.0638348195124962
1785583365.6826825,16.105092096999996,0.059455092596069306
1785583365.6876826,16.110092288000004,0.055032878290956
1785583365.692683,16.115092848999993,0.050572156504757826
1785583365.6976838,16.120092483999997,0.0460770570633591
1785583365.702685,16.125093119,0.04154884337890978
1785583365.7076805,16.130092866,0.03699224496184958
1785583365.7126818,16.135092204999992,0.0324098797512166
1785583365.7176802,16.140092265999996,0.027803775777450822
1785583365.7226784,16.145092122999998,0.02317786854367
1785583365.7276802,16.150092220999994,0.018534850177279707
1785583365.7327275,16.155092170999993,0.013878201042465803
1785583365.737684,16.160093231999994,0.009209879023549217
1785583365.742679,16.165092478999995,0.00453576109077309
1785583365.7477221,16.170112001999996,-0.000161671191600285
1785583365.7526832,16.175092840999994,-0.004824068066606885
1785583365.7577233,16.180113773000002,-0.009521985877990068
1785583365.762688,16.185092240999992,-0.014175028937055236
1785583365.7677023,16.190109969000005,-0.018856400454881662
1785583365.7726784,16.195092067000004,-0.023493068741345845
1785583365.7776864,16.200092850999994,-0.028132481872523082
1785583365.7826886,16.205093652000002,-0.03275408056876293
1785583365.7876813,16.210092916999997,-0.037353286225149385
1785583365.7926834,16.215092219,-0.041928414650780156
1785583365.797681,16.220091983999993,-0.046476723248173944
1785583365.8026786,16.225092452,-0.05099530522688524
1785583365.807677,16.230091754,-0.05547937764857472
1785583365.8126993,16.235092777999995,-0.05992844413273005
1785583365.8177063,16.240093969,-0.06433803935190016
1785583365.8226945,16.245093623000002,-0.0687036400737762
1785583365.827686,16.250093109999995,-0.07302345319123614
1785583365.8326845,16.255092762999993,-0.07729478258433824
1785583365.8376808,16.260092823999997,-0.08151487145347806
1785583365.8426788,16.265092144999997,-0.08567983267110177
1785583365.8477027,16.270092575999996,-0.08978831050967835
1785583365.8526812,16.27509196999999,-0.0938356848371352
1785583365.8577096,16.280091717000005,-0.09782027578413068
1785583365.8626804,16.285091758999997,-0.10173924645137457
1785583365.867681,16.290092802000004,-0.10559038635478914
1785583365.8726797,16.295092158999992,-0.10936894671448745
1785583365.8776793,16.300091942999998,-0.11307390320680846
1785583365.8826802,16.305091985000004,-0.11670251417503899
1785583365.887676,16.310092304999998,-0.12025222921505711
1785583365.8926768,16.315092421999992,-0.12372020342528953
1785583365.8976798,16.320091761,-0.12710361382483665
1785583365.9026823,16.32509174799999,-0.1304010348670833
1785583365.907712,16.330092068,-0.13360989532975512
1785583365.912718,16.335094869999992,-0.13672921696833165
1785583365.9176867,16.340093171999996,-0.13975248163280904
1785583365.9226844,16.345092973999996,-0.14268124392129797
1785583365.9276829,16.350093387,-0.14551282670731797
1785583365.9326806,16.355092059,-0.14824390062061457
1785583365.9376805,16.360092435,-0.1508743836713765
1785583365.942723,16.365092513999997,-0.15340128245813503
1785583365.9477048,16.370092946,-0.1558230944220732
1785583365.952684,16.375092525,-0.15813749279432612
1785583365.957681,16.380091624000002,-0.16034300675814375
1785583365.962676,16.385091907000003,-0.16243873370742054
1785583365.967679,16.390092393999993,-0.16442267707847066
1785583365.972682,16.395092140000003,-0.16629301578649094
1785583365.9776804,16.40009270099999,-0.16804894159337677
1785583365.9826775,16.405091835999997,-0.16968837913101212
1785583365.9876826,16.410092823,-0.17121115726915115
1785583365.9926827,16.41509260699999,-0.17261517172868932
1785583365.9976807,16.420091594,-0.17389953748343523
1785583366.0026796,16.425091191999996,-0.17506363448673
1785583366.0077105,16.430092254,-0.17610667983980952
1785583366.0126808,16.435092389999994,-0.17702733230010345
1785583366.0176792,16.440092543999995,-0.17782505985127206
1785583366.0226824,16.445091939999998,-0.17849911178164718
1785583366.027678,16.450091224000005,-0.17904903861787003
1785583366.0326946,16.455092636999993,-0.17947452841476205
1785583366.037687,16.460092199,-0.1797748353635528
1785583366.0426774,16.465091705999995,-0.17994982886935584
1785583366.0476995,16.470092156999996,-0.1799992876258261
1785583366.0526814,16.475092125999993,-0.17992304477868415
1785583366.057678,16.480091983999998,-0.17972106944169625
1785583366.0626824,16.485092064,-0.17939338433702637
1785583366.0676785,16.490091903999996,-0.17894014886113524
1785583366.0727108,16.495091243999994,-0.17836163100645724
1785583366.077683,16.500092787,-0.1776577588571632
1785583366.0826814,16.505092534,-0.1768294728853736
1785583366.0876884,16.510093280999996,-0.17587682075398114
1785583366.0926805,16.515092788000004,-0.17480080686433194
1785583366.097683,16.520092793999993,-0.17360174078251933
1785583366.1026819,16.525092651999998,-0.1722805083472764
1785583366.1076772,16.530092398999997,-0.1708379398095271
1785583366.112681,16.53509238699999,-0.16927484597197534
1785583366.1177096,16.540091985999993,-0.16759243214945707
1785583366.1226857,16.545092269999998,-0.16579141503327446
1785583366.1276796,16.550092738999993,-0.16387311759886178
1785583366.1326778,16.555091616,-0.1618395283750314
1785583366.1376803,16.560092733999994,-0.15969040706994383
1785583366.1426785,16.565091609999996,-0.15742910368467877
1785583366.1476984,16.570091598000005,-0.15505564493543766
1785583366.1526785,16.575091919000002,-0.15257193893989576
1785583366.1576817,16.580091611,-0.1499801398203101
1785583366.1627116,16.58509267299999,-0.1472809333691869
1785583366.1676934,16.590093198000005,-0.14447714618522295
1785583366.172685,16.595092351999995,-0.14157120565631864
1785583366.1776829,16.600092024999995,-0.13856401452591366
1785583366.1826842,16.605092475999996,-0.13545742755514545
1785583366.1876838,16.610092538000004,-0.1322542809772508
1785583366.192677,16.615092081,-0.1289568782798423
1785583366.1976795,16.620092420999995,-0.1255666079455512
1785583366.2027159,16.625091575,-0.12208715739049067
1785583366.207681,16.630092582000003,-0.11851879392710973
1785583366.2126777,16.635091884000005,-0.1148665174237916
1785583366.2176766,16.640092316999997,-0.11113080019107527
1785583366.2226815,16.645092766999994,-0.1073150379233023
1785583366.2276804,16.650092513999994,-0.10342244838040054
1785583366.232678,16.655093206000004,-0.09945445403884194
1785583366.2376764,16.660092046000003,-0.09541606102489832
1785583366.242679,16.665091719000003,-0.09130794372254451
1785583366.2477028,16.670092335999996,-0.08713284970349287
1785583366.2526805,16.675091361,-0.08289583477356491
1785583366.2576804,16.680092181999996,-0.07859699951916102
1785583366.262678,16.685091892000003,-0.07424185290834444
1785583366.267678,16.690092491,-0.06983172478357082
1785583366.27268,16.695091831,-0.06537162536782308
1785583366.2776783,16.70009209599999,-0.06086276248048655
1785583366.2826784,16.705091750999998,-0.056309704892187826
1785583366.2876868,16.710091664999993,-0.05171489155720801
1785583366.2926834,16.715092467000005,-0.047080990880628504
1785583366.2976801,16.720091807000003,-0.04241347831747515
1785583366.302678,16.725092146999998,-0.03771338146887101
1785583366.3077054,16.730092467999995,-0.0329849975081194
1785583366.3126907,16.735092973999997,-0.02823150600118692
1785583366.317679,16.740092090999994,-0.02345780683584812
1785583366.3226812,16.745092005000004,-0.018665231259804016
1785583366.3276846,16.750090919,-0.013858934133962659
1785583366.3326724,16.755091666,-0.009039636246405401
1785583366.337684,16.760095320999994,-0.004209751078427725
1785583366.34268,16.765093215999997,0.0006188773264552971
1785583366.3476996,16.770092092,0.005449278814037456
1785583366.3526807,16.775092987999997,0.010278974441957961
1785583366.3576853,16.780093013,0.015101684639873506
1785583366.3627028,16.785110962999994,0.01993199767986644
1785583366.3676736,16.790092024999993,0.024713734654468796
1785583366.3726985,16.795110050000005,0.02951429561773426
1785583366.377678,16.800092112,0.034260454969342026
1785583366.3826761,16.805091933,0.039000045162393936
1785583366.3876798,16.810091810000003,0.043712714068388066
1785583366.3926792,16.815091593999995,0.048394887625607716
1785583366.3976777,16.820092860000003,0.0530446099128987
1785583366.4026806,16.825092958,0.0576560165200744
1785583366.407692,16.830092945999994,0.06222672300889227
1785583366.4127052,16.835091379000005,0.06675208154500854
1785583366.417703,16.840092310999992,0.07123242818744573
1785583366.4226816,16.845092520999998,0.07566156008423262
1785583366.427678,16.85009271199999,0.08003685157271316
1785583366.4326746,16.855092107999994,0.084354413174488
1785583366.4376829,16.860092261999995,0.08861239996607918
1785583366.442678,16.865092491,0.09280706790934434
1785583366.4476964,16.87009159,0.09693432199994303
1785583366.4526753,16.875091337,0.10099257981604402
1785583366.4576783,16.880092231999996,0.10497919514826759
1785583366.4626775,16.885092256999997,0.10888958794057763
1785583366.4676769,16.890092003999996,0.11272133369219547
1785583366.4726863,16.895091898999993,0.11647190210321072
1785583366.4776785,16.900092165000004,0.12013864326068777
1785583366.4826772,16.905092208,0.123718371207759
1785583366.4876769,16.910092028999998,0.12720841185797974
1785583366.4926784,16.915091720999996,0.13060621548215331
1785583366.4977067,16.920092709000002,0.13391015714896973
1785583366.5026813,16.925091769999995,0.1371156317539994
1785583366.5076778,16.930092703,0.14022265009267518
1785583366.5128818,16.935091857000003,0.14322658536362476
1785583366.5176845,16.940093974999996,0.14612796533973743
1785583366.5226839,16.945092351,0.1489207145909547
1785583366.5276816,16.950092042999998,0.15160560185148744
1785583366.532678,16.955092123,0.15418001528016234
1785583366.5376823,16.960091926000004,0.15664162947339227
1785583366.5426824,16.96509152499999,0.15898859784199537
1785583366.5477023,16.970091994,0.16121958429679506
1785583366.5526772,16.97509185199999,0.16333218524386045
1785583366.5576773,16.980092228999993,0.16532523220861584
1785583366.5626771,16.985092421000004,0.16719686965809782
1785583366.5676782,16.990092112,0.16894552914724234
1785583366.572677,16.99509267399999,0.17057029023980141
1785583366.5776775,17.000091736,0.17206910987060622
1785583366.5827074,17.005091983,0.1734415995596775
1785583366.587683,17.010091508000002,0.17468610524090736
1785583366.5926766,17.015091643999995,0.17580194288685475
1785583366.5976756,17.020091797999996,0.17678802976208516
1785583366.6026757,17.025091731000003,0.17764349549904204
1785583366.6076806,17.030092681,0.17836778506443948
1785583366.612679,17.03509228,0.1789599296792448
1785583366.6176803,17.04009256399999,0.17941965490694095
1785583366.6226776,17.045091811999995,0.1797463723572271
1785583366.6276815,17.050092151,0.17993987277794682
1785583366.6327007,17.055092454000004,0.17999982289107105
1785583366.637681,17.060091997,0.1799260974317717
1785583366.6426759,17.065092300000003,0.17971862475789982
1785583366.6477017,17.070092214,0.1793774879108942
1785583366.6526785,17.075092182999995,0.1789028198607709
1785583366.6576777,17.080092245000003,0.17829486063309297
1785583366.6626875,17.085091788,0.17755405085719964
1785583366.6677136,17.090092349999992,0.17668059160169966
1785583366.6727028,17.095092281999996,0.17567530375189086
1785583366.6776779,17.100091566000003,0.1745388888618336
1785583366.6826777,17.105091962000003,0.17327167501729362
1785583366.6876802,17.110092412,0.17187472978527216
1785583366.6926818,17.115092011,0.17034927999087293
1785583366.6976793,17.120091684000002,0.16869611383608304
1785583366.7026763,17.125091987000005,0.16691615807098398
1785583366.7076783,17.130091844999995,0.16501102210859453
1785583366.7126796,17.135091426000002,0.16298199818880899
1785583366.7176821,17.140091858000005,0.1608300312925634
1785583366.7226772,17.145092272,0.15855698286646988
1785583366.7276769,17.150092556000004,0.15616452015584945
1785583366.732679,17.155091765999998,0.15365484002870342
1785583366.7376816,17.16009195699999,0.15102870713250396
1785583366.7426775,17.165091538,0.14828882639341248
1785583366.7476969,17.170091618,0.1454365645755766
1785583366.7527404,17.17509945799999,0.14246956537569513
1785583366.7577286,17.180094167999997,0.13940252470737108
1785583366.762702,17.185093378000005,0.13622712196114165
1785583366.7676964,17.190094273,0.13294725858202905
1785583366.7726738,17.195093465,0.12956754737355228
1785583366.7776687,17.200093081999995,0.12608905781939092
1785583366.7826667,17.205093163,0.12251428376136086
1785583366.7876658,17.21009302099999,0.118846332472842
1785583366.7926674,17.215092471999995,0.11508805309556148
1785583366.7976723,17.220093458999997,0.11124072412411776
1785583366.8026705,17.225091242999994,0.10731087245217417
1785583366.8076715,17.230093361,0.10329545123339663
1785583366.8126976,17.235094274999994,0.09920180359023847
1785583366.8177004,17.240094670000005,0.09503244787554886
1785583366.8226686,17.245092749999998,0.09079204294696136
1785583366.8276691,17.250092405000004,0.08648046114916597
1785583366.8326607,17.255092169999998,0.08210214449695456
1785583366.8376975,17.26009343599999,0.07765911351720338
1785583366.8426971,17.26509473899999,0.07315596365235216
1785583366.8477206,17.270095225999995,0.06859685036096555
1785583366.8526697,17.275091047999993,0.06398879061295165
1785583366.8576705,17.280093554000004,0.05932474898983229
1785583366.8626876,17.28509332,0.054616959560760715
1785583366.8676708,17.290092751999993,0.049866745398737373
1785583366.8726687,17.295092888,0.045076698553892826
1785583366.8776667,17.300092468000003,0.040251641442140225
1785583366.882671,17.305092919000003,0.035393843347030884
1785583366.8876724,17.310093573000003,0.03050762245001203
1785583366.8926666,17.315092375999996,0.02559870329933452
1785583366.8976674,17.320093307999997,0.020666904284686705
1785583366.9026673,17.325090574,0.015721695233597933
1785583366.9076707,17.33009261699999,0.010758483408797632
1785583366.9126964,17.335093587000003,0.005786842214200201
1785583366.9177053,17.34009526,0.0008088042981158285
1785583366.922701,17.345092172999998,-0.004166386288631818
1785583366.9276817,17.350092012999994,-0.009142574603499817
1785583366.9327035,17.355092927,-0.014114101076931581
1785583366.9376888,17.360093043999996,-0.019075291403157127
1785583366.9427238,17.365092606000005,-0.02402257920414637
1785583366.9477043,17.37009202,-0.02895256581949376
1785583366.9526987,17.375092526000003,-0.03386267198008247
1785583366.957693,17.380092421,-0.038747436711504914
1785583366.962683,17.385092760999996,-0.04360412087633569
1785583366.9676843,17.390092416,-0.04842787487791798
1785583366.9726822,17.395092070000004,-0.05321563153635366
1785583366.9776921,17.400092075999993,-0.05796401398947016
1785583366.9826913,17.405092509,-0.06266939813797194
1785583366.9876838,17.410093089,-0.06732785519912234
1785583366.9926827,17.415092040000005,-0.07193412738033016
1785583366.9976811,17.420092656999998,-0.07648765929019094
1785583367.0026793,17.425092812000003,-0.08098293990869969
1785583367.0076814,17.430092392999995,-0.08541637359994649
1785583367.0126808,17.435091862999997,-0.08978491412176957
1785583367.0176802,17.440092444,-0.09408618487434832
1785583367.0226786,17.445091969999993,-0.09831494580396791
1785583367.0276804,17.450092698999995,-0.10246977779659586
1785583367.0326784,17.455092520999997,-0.1065456497583173
1785583367.0376797,17.460092435999996,-0.1105401811790781
1785583367.0426772,17.465091849999993,-0.11444975239433292
1785583367.0477288,17.470091690999993,-0.11827199722352923
1785583367.05268,17.475092086999993,-0.12200395727822268
1785583367.0576828,17.480092427000002,-0.1256421988213472
1785583367.062676,17.485091842000003,-0.12918322287955716
1785583367.0676963,17.490109793000002,-0.13263746107005933
1785583367.0726821,17.495092634000002,-0.1359657385774401
1785583367.077697,17.500109456000004,-0.13921155364645107
1785583367.0826795,17.505091777000004,-0.14232803285528287
1785583367.0876985,17.510091266000003,-0.1453455439648628
1785583367.0926957,17.515091958,-0.14825141580327475
1785583367.09769,17.520092836000003,-0.1510426613963845
1785583367.102681,17.525092583999992,-0.1537163167066997
1785583367.1076815,17.530091460999998,-0.15627041791837334
1785583367.1126902,17.535092394000003,-0.15870433475650997
1785583367.1176815,17.540092809,-0.16101476696538852
1785583367.1226823,17.545092296999997,-0.16319968171776061
1785583367.1276798,17.550092414999995,-0.16525796867340356
1785583367.132709,17.555092255999995,-0.1671875361672724
1785583367.1376798,17.560091744000005,-0.16898677300308468
1785583367.1426826,17.56509193699999,-0.17065453964112445
1785583367.147713,17.570091703000003,-0.17218904234269045
1785583367.1526904,17.575092544,-0.17358941309849824
1785583367.1576838,17.58009244,-0.17485388193011558
1785583367.1627676,17.585102927999998,-0.1759838754298532
1785583367.1676927,17.590093656999997,-0.17697193826169128
1785583367.1726887,17.595091886999995,-0.17782309389128373
1785583367.1776853,17.600092689999997,-0.17853531162699768
1785583367.1827054,17.605092623000004,-0.17910736504809402
1785583367.1876812,17.610093093000003,-0.17953887342299676
1785583367.1926816,17.615092951999998,-0.17982929515073803
1785583367.197721,17.620092626,-0.17997835351750355
1785583367.2026813,17.625092225999992,-0.17998583861882736
1785583367.207688,17.630091324999995,-0.17985166133514918
1785583367.212699,17.635093944000005,-0.17957558403274182
1785583367.2176805,17.640092173,-0.17915819062431537
1785583367.2226849,17.645092421,-0.17859926895469636
1785583367.2276804,17.650091872000004,-0.17789941613278978
1785583367.2326937,17.655091787000003,-0.17705891577206437
1785583367.237696,17.660092219999996,-0.17607827522684552
1785583367.242703,17.665092837999993,-0.17495819970644585
1785583367.2477138,17.670092271,-0.17369981818889346
1785583367.252681,17.675091870999992,-0.17230372357248397
1785583367.2576787,17.680091673999996,-0.17077089158232853
1785583367.2626925,17.685092607,-0.1691020944874196
1785583367.2676888,17.690092429000003,-0.16729929913675437
1785583367.2726912,17.69509264,-0.16536332175598595
1785583367.2776804,17.700092184,-0.16329601718078937
1785583367.2826781,17.705092875999995,-0.16109815760230836
1785583367.2876832,17.710092402,-0.15877240725033268
1785583367.29268,17.715091982999994,-0.1563199913712144
1785583367.2976775,17.720092268000002,-0.1537424164794514
1785583367.3026955,17.725092126999996,-0.15104220992407572
1785583367.3077216,17.730092708,-0.14822079680945177
1785583367.3126872,17.735092844999997,-0.14528097959296948
1785583367.3176801,17.740091945000003,-0.14222541063089028
1785583367.3226824,17.745092154999995,-0.1390551221344523
1785583367.3277082,17.750092273999996,-0.13577328186914864
1785583367.3326795,17.755092891999993,-0.13238202281609363
1785583367.3376818,17.760092287999996,-0.12888515895770014
1785583367.3426783,17.765092295000002,-0.12528413935054858
1785583367.3476987,17.770092839,-0.12158178011999465
1785583367.3526795,17.775092419999993,-0.11778208689005003
1785583367.3576844,17.780093352999998,-0.11388625409873047
1785583367.36268,17.785092063999997,-0.10990013392478742
1785583367.3676805,17.79009234899999,-0.10582383877486526
1785583367.3726816,17.795093041,-0.10166146470190099
1785583367.3776813,17.800092789000004,-0.0974174197429777
1785583367.3826802,17.805092074,-0.09309466933115247
1785583367.3876765,17.810091858999996,-0.08869578661873895
1785583367.3927114,17.815091940000002,-0.08422440529839585
1785583367.397683,17.820093002999997,-0.07968342041804218
1785583367.4026802,17.82509175,-0.0750794475302554
1785583367.4076767,17.830091886999995,-0.070412742371404
1785583367.412704,17.835092042,-0.06568826476029646
1785583367.4176779,17.84009329,-0.06090873794926842
1785583367.4226918,17.845092000999998,-0.056081457978627194
1785583367.4276907,17.850092582000002,-0.051206029068620006
1785583367.4326906,17.855092718999998,-0.04628857959555899
1785583367.437719,17.860093596,-0.041331873832893724
1785583367.4426906,17.865092899999993,-0.03634218051253723
1785583367.4476988,17.870091962000004,-0.03132218816144894
1785583367.4526784,17.875091951,-0.026274745188947592
1785583367.4576824,17.880092069,-0.021204704539565116
1785583367.4626782,17.88509191,-0.01611655779445029
1785583367.467675,17.890091490999993,-0.011014388922653256
1785583367.4726784,17.895091831000002,-0.005901271732122424
1785583367.4776921,17.900091689999996,-0.0007826022743174768
1785583367.4826915,17.905092382999996,0.004338826233765178
1785583367.4876792,17.910092055999996,0.009456969235634282
1785583367.4926884,17.915091951999997,0.014568950834334004
1785583367.4976912,17.920092682000003,0.0196712437033623
1785583367.5026824,17.925093688999993,0.024759128363275006
1785583367.5076778,17.930092196000004,0.029825651866090642
1785583367.5126905,17.935093073000004,0.034871621923749915
1785583367.5177174,17.94009283999999,0.039889403462125335
1785583367.5226955,17.945092790999993,0.044876204384796475
1785583367.5276887,17.950092834999992,0.04982785337620994
1785583367.5326922,17.955092027999996,0.05473937040741279
1785583367.5376904,17.960092349999996,0.05960867014707755
1785583367.5426817,17.965092634,0.06443060450752491
1785583367.5477097,17.97009265999999,0.0692010017849885
1785583367.5526783,17.975092259999997,0.0739157861838265
1785583367.5576758,17.980091767000005,0.0785713949585465
1785583367.5626934,17.985092551999998,0.08316524022002973
1785583367.567689,17.990092911000005,0.08769194344530841
1785583367.572681,17.995093029000003,0.09214793850529217
1785583367.5776913,18.000092128999995,0.09652886725559046
1785583367.5826952,18.005092136000002,0.1008327823713772
1785583367.5876813,18.010091994999996,0.10505518033275424
1785583367.592685,18.015092371999998,0.109193098292852
1785583367.5976748,18.020092027000004,0.11324206494746654
1785583367.6027231,18.025091126999996,0.11719886815030688
1785583367.6076922,18.030092893000003,0.12106268625678475
1785583367.6126773,18.035092401,0.12482646621320864
1785583367.617689,18.040092259000005,0.12848906691034684
1785583367.6226912,18.045092617999998,0.13204749145079336
1785583367.6276813,18.050092237,0.13549786517278264
1785583367.632679,18.055092114000004,0.13883797803595865
1785583367.6376805,18.06009238,0.14206506863861404
1785583367.6426773,18.065091776000003,0.14517560369102653
1785583367.6477158,18.070091801999993,0.14816787954996122
1785583367.6526887,18.075092513,0.1510393307678611
1785583367.6576803,18.080092223999998,0.15378654699467972
1785583367.6627276,18.085098322999997,0.15641102725621717
1785583367.6677053,18.090092571,0.15890116448915384
1785583367.6727014,18.095093614999996,0.16126429993088406
1785583367.6776972,18.100092789,0.16349410099922157
1785583367.6826982,18.105092499999998,0.16558975547595886
1785583367.6877313,18.110092839999993,0.1675494244529104
1785583367.692717,18.115091718000002,0.16937060312862254
1785583367.6976986,18.120092835999998,0.17105299963291504
1785583367.7026954,18.125092084000002,0.17259372167613732
1785583367.7076933,18.130092147,0.17399226200075982
1785583367.7127,18.135091802000005,0.17524699824647613
1785583367.717693,18.140092346000003,0.17635708948895093
1785583367.722694,18.145091705,0.17732106155895613
1785583367.7276947,18.150092082,0.17813843948915337
1785583367.7326958,18.155091756000004,0.17880814192429917
1785583367.7376962,18.160092300000002,0.17932970743085241
1785583367.7426927,18.165092251999994,0.17970242887919077
1785583367.747714,18.170091628999998,0.17992594049152
1785583367.752697,18.175093302999997,0.17999999783175566
1785583367.757698,18.180092791999996,0.17992435795708334
1785583367.7626994,18.185092279999992,0.17969903884940724
1785583367.7676997,18.190092084,0.17932408959274487
1785583367.7728424,18.195108904999998,0.17879768250428596
1785583367.77769,18.200092876,0.17812608614683986
1785583367.7827096,18.205157233999998,0.17729236864120315
1785583367.787735,18.210098333999994,0.17633253569896948
1785583367.7927034,18.21509367499999,0.17521586964320904
1785583367.7978702,18.220116477999994,0.17394558295093265
1785583367.802769,18.225108152000004,0.17253760405644536
1785583367.807658,18.230088029,0.1709894182569974
1785583367.8126588,18.235089239999994,0.16929150251990907
1785583367.8177154,18.240096099,0.16744933999206701
1785583367.8227367,18.245097625,0.16546839574343403
1785583367.8277164,18.250094484,0.16335038252840603
1785583367.8327212,18.255093028000005,0.1610944044887371
1785583367.8376908,18.260091461000002,0.1587029965772885
1785583367.8426728,18.265091819999995,0.15617701695618497
1785583367.8477268,18.270095030999997,0.15351783004263728
1785583367.8527374,18.275100038000005,0.1507279531549445
1785583367.8577492,18.28009523,0.14781641452860272
1785583367.8627155,18.285095978,0.1447767728692807
1785583367.8676853,18.290091188999995,0.14161822915220665
1785583367.8727148,18.295097158999994,0.13833286084599458
1785583367.8778152,18.30009057299999,0.13493870313604678
1785583367.8826895,18.305090284000002,0.13142593473154615
1785583367.8876874,18.310094512999996,0.1277983130895457
1785583367.8926818,18.315093094000005,0.12406621915358462
1785583367.8976774,18.320092527,0.12022802397312758
1785583367.902682,18.325090664,0.11628854912750608
1785583367.9078891,18.330092559999997,0.11224698731591363
1785583367.9126804,18.335090363999996,0.1081130291909605
1785583367.9176793,18.340092223,0.10388336264990229
1785583367.9226851,18.345092969999996,0.09956578343644666
1785583367.92768,18.350094033000005,0.0951626679746691
1785583367.9326758,18.355092835999997,0.09067999556169701
1785583367.937717,18.36009565799999,0.08611583175976732
1785583367.9428027,18.365100184,0.08147596914643634
1785583367.9477494,18.370092783999993,0.07677713850340141
1785583367.9526997,18.375093234999994,0.07200474728121838
1785583367.957688,18.380094334999995,0.06716949917504164
1785583367.9626791,18.385093897999994,0.0622775811374856
1785583367.9676797,18.390093034000003,0.05733205101800912
1785583367.9726777,18.395092671,0.05233615019910285
1785583367.9776754,18.400092826000005,0.04729405555525895
1785583367.9826741,18.405092963,0.042210554280423015
1785583367.9876857,18.410093599999996,0.037089408636962806
1785583367.9926782,18.415093698999996,0.031936013286132645
1785583367.997677,18.42009335499999,0.026754643433695224
1785583368.0026746,18.425090732,0.02155161385704767
1785583368.0076823,18.430094054999998,0.016322757087315856
1785583368.0126793,18.435093469999998,0.011082801241825443
1785583368.0176759,18.440092199999995,0.0058328471785472295
1785583368.0226734,18.445091837999996,0.0005756934932980784
1785583368.027679,18.450092716,-0.004684527305848927
1785583368.0326793,18.455092723999996,-0.009941103655300425
1785583368.0376759,18.460091582999993,-0.015189250629171319
1785583368.0426733,18.465091943000004,-0.02042725574757263
1785583368.04772,18.470092413999993,-0.025649167048366096
1785583368.0526767,18.475090680999998,-0.03084809849947318
1785583368.057676,18.480092263000003,-0.036025313567560856
1785583368.0626717,18.485093047999996,-0.04117208231454172
1785583368.0677013,18.490091741,-0.04628266609822006
1785583368.072676,18.495092896999992,-0.05135730823231079
1785583368.0776765,18.500092331000005,-0.05638737309500106
1785583368.0826745,18.505092191000003,-0.06137068927298742
1785583368.0876782,18.510092958,-0.06630340213107462
1785583368.0926735,18.51509204,-0.07117869273806664
1785583368.097674,18.520093214,-0.07599600402742282
1785583368.1026704,18.525090184999996,-0.08074512870155899
1785583368.1076744,18.530092248000003,-0.08543074666743379
1785583368.1126764,18.535092886,-0.09004259480484433
1785583368.1176815,18.540092966999993,-0.0945774913653109
1785583368.1226735,18.54509179,-0.09903088050853279
1785583368.1276736,18.550092167999992,-0.1034013627616565
1785583368.1326811,18.555092621,-0.1076837722427458
1785583368.1376777,18.560093202000004,-0.11187438875849559
1785583368.1426737,18.565092765999992,-0.1159685932200197
1785583368.147693,18.570092403000004,-0.11996369990293605
1785583368.1527011,18.575090004000003,-0.12385456076125242
1785583368.1576748,18.580090086,-0.12764124013959624
1785583368.1626897,18.585094075,-0.13132125789249618
1785583368.1676917,18.590091174999998,-0.1348835122284276
1785583368.172682,18.595093145999996,-0.1383332854195207
1785583368.17768,18.600092486999998,-0.14166225556254375
1785583368.182675,18.60509216199999,-0.14486950708665433
1785583368.1876795,18.610092392,-0.14795228003610417
1785583368.1926777,18.615092473999994,-0.15090736129793994
1785583368.1976755,18.620092240999995,-0.1537320132201177
1785583368.2026956,18.625091210999997,-0.15642346114644395
1785583368.2076766,18.630092386,-0.15898083021740372
1785583368.2126744,18.635092227,-0.1613999555031104
1785583368.2176785,18.640092846,-0.16367967836906008
1785583368.2226756,18.645092853999998,-0.1658172745863019
1785583368.2276733,18.650092528000002,-0.16781094018713869
1785583368.2326744,18.655092276999994,-0.16965900991228242
1785583368.237713,18.660093024999995,-0.17136006299472822
1785583368.2426734,18.665092791999996,-0.17291183654521053
1785583368.247698,18.670092893000003,-0.17431330707964748
1785583368.2526736,18.675090419,-0.1755624306408629
1785583368.2576985,18.680093130999992,-0.17665982756142865
1785583368.262682,18.685093026999994,-0.17760256578323044
1785583368.2676857,18.690092016999998,-0.17839024324990618
1785583368.2726889,18.695093912999994,-0.1790225673020443
1785583368.2776852,18.700093569000003,-0.17949819162277675
1785583368.2826831,18.705092687999993,-0.17981688023306996
1785583368.2876987,18.710091677999998,-0.17997829911744262
1785583368.2926812,18.715093351999997,-0.17998216424852587
1785583368.297693,18.720092840999996,-0.1798283319591889
1785583368.3026762,18.725090367999996,-0.17951701341056017
1785583368.307679,18.730092709000004,-0.17904781195536526
1785583368.312686,18.735093624,-0.1784214517450678
1785583368.31768,18.740092723999993,-0.1776385716422878
1785583368.3226767,18.745092916999994,-0.17669932579379985
1785583368.327683,18.750092388,-0.17560475123566774
1785583368.332689,18.755093821999992,-0.17435505390197806
1785583368.3376832,18.760093756000003,-0.17295206620492537
1785583368.3426776,18.765090244999996,-0.17139768534935163
1785583368.3477252,18.770092270999996,-0.16969028216740947
1785583368.3526773,18.775090742000003,-0.1678342649989087
1785583368.3576815,18.78009075,-0.16582936287094494
1785583368.3626747,18.785092312999993,-0.1636770936855352
1785583368.3676763,18.79009295099999,-0.1613802911835914
1785583368.3726828,18.795092662000002,-0.15894096047458353
1785583368.3776777,18.800093521999997,-0.1563601319049626
1785583368.3826733,18.805092196000004,-0.1536417487342648
1785583368.3876803,18.810092334000004,-0.15078616017866334
1785583368.3926811,18.815092804999992,-0.14779636669824295
1785583368.3976765,18.820092183,-0.14467580041371753
1785583368.402674,18.825090598000003,-0.14142712825721984
1785583368.4076712,18.830091587,-0.13805077534289723
1785583368.4127233,18.835097798999996,-0.13454756625780304
1785583368.417689,18.840101770000004,-0.13092563534360077
1785583368.4226797,18.84509274,-0.12719643677547293
1785583368.4276764,18.850092173999997,-0.12334731797534879
1785583368.432711,18.855093570999998,-0.11938626420282085
1785583368.437682,18.860092855999994,-0.11531994572833316
1785583368.4426782,18.865092493999995,-0.11114995080928382
1785583368.4476945,18.870091927999994,-0.10688037178319777
1785583368.4526746,18.875091232000003,-0.10251488067570626
1785583368.457712,18.880092684000005,-0.09805524813525156
1785583368.4626777,18.885093061999996,-0.09350822192382888
1785583368.4676754,18.890091514000005,-0.08887864122730876
1785583368.4727175,18.89509672599999,-0.08416241202881891
1785583368.4777133,18.900095197,-0.07937639914768466
1785583368.4826798,18.905090556000005,-0.07452156183684588
1785583368.4876785,18.910092898000002,-0.06959229047429027
1785583368.4926772,18.915092701999995,-0.06460222728804023
1785583368.497682,18.920092876,-0.059552924063247706
1785583368.5026774,18.925090514000004,-0.05445181978325833
1785583368.5076756,18.930092372999994,-0.04929651534314428
1785583368.5126758,18.935092029000003,-0.04409817565479722
1785583368.5176957,18.940090537000003,-0.03886036699080295
1785583368.5226848,18.945093322999995,-0.033582030661289175
1785583368.5276768,18.950092589999997,-0.02827608494276702
1785583368.5326765,18.955092820000004,-0.022942530817262424
1785583368.5377073,18.960091957000003,-0.017588323472412314
1785583368.5426807,18.965093112999995,-0.012214913086859212
1785583368.547695,18.970092620999992,-0.00683104630546017
1785583368.552674,18.975090702999992,-0.0014413173884306894
1785583368.5577018,18.980091970000004,0.0039544115273858794
1785583368.5626762,18.985092977999997,0.009347579032736584
1785583368.5676727,18.990092949,0.014732496341326711
1785583368.5726776,18.995092993,0.020105511800110516
1785583368.5776744,19.000092205,0.025460813280102478
1785583368.5827165,19.005095268000005,0.03079856302297861
1785583368.587715,19.010095257999993,0.03610654614316414
1785583368.592682,19.015088672999994,0.04137632990734241
1785583368.5976763,19.020092218000002,0.046620729870626564
1785583368.6026793,19.025091595999996,0.05181994391037784
1785583368.607698,19.030095399999993,0.056978176596700854
1785583368.6126788,19.035093148,0.062079959855637155
1785583368.6176767,19.040092915999992,0.06712895351572884
1785583368.6226819,19.045092608999994,0.07211840941815716
1785583368.6276808,19.050092320000005,0.07704386864517138
1785583368.6326761,19.055092328,0.08190109935817394
1785583368.6376781,19.060092595,0.08668560867259757
1785583368.6427155,19.06509301,0.09139289730079084
1785583368.6476955,19.070092629,0.09601777350039438
1785583368.6526709,19.075091063000002,0.10055567918503157
1785583368.6576755,19.080092366999992,0.1050060751068247
1785583368.6626878,19.085093782,0.10936232347002771
1785583368.6676805,19.090092494000004,0.11361802830625492
1785583368.6726837,19.095094020000005,0.11777394727390916
1785583368.6776743,19.100092176000004,0.12182111481838036
1785583368.6826813,19.105092517000003,0.12576031278065494
1785583368.6877182,19.110094654999997,0.12958744301063468
1785583368.692684,19.115091347999993,0.13329353190094992
1785583368.6976805,19.120093003999997,0.13688285788896065
1785583368.7026768,19.125092697,0.1403469906799231
1785583368.7076824,19.130093223000003,0.14368466573586078
1785583368.7126963,19.135093045999994,0.14689172196084294
1785583368.717675,19.140092738999996,0.14996554390488417
1785583368.7226794,19.145092875999993,0.15290357413518887
1785583368.7276993,19.150092754,0.1557026151748702
1785583368.7326798,19.155092057999994,0.15835987270268573
1785583368.7376769,19.160091491999992,0.1608732134338467
1785583368.7426763,19.165092647999998,0.16324095859125615
1785583368.747694,19.170092507999996,0.16545939311712218
1785583368.752679,19.175092348999996,0.16752700846095367
1785583368.75768,19.180093079000002,0.1694421420890373
1785583368.7626765,19.185092994,0.17120227735573007
1785583368.767676,19.190092871999994,0.17280600678197927
1785583368.772692,19.195093694999997,0.17425202281285956
1785583368.777681,19.200093350999992,0.1755382888702273
1785583368.7826781,19.205091822,0.17666362176586134
1785583368.78768,19.21009257,0.1776276025865685
1785583368.7926831,19.215092541000004,0.17842857144089894
1785583368.7976787,19.220092604,0.17906585112618553
1785583368.802675,19.225092371000002,0.17953870199135338
1785583368.8076766,19.230092193999994,0.17984661937977325
1785583368.8127155,19.235092202000004,0.17998920067400373
1785583368.8176768,19.240091949999993,0.17996619007378128
1785583368.8226762,19.245092494999994,0.17977746144316079
1785583368.827672,19.250092354999992,0.17942312318521333
1785583368.8326726,19.255092102999996,0.17890338512163143
1785583368.8376799,19.2600925,0.178218505239201
1785583368.8426821,19.265092526000004,0.17736912599294527
1785583368.8476946,19.270092053,0.17635598100824942
1785583368.8526804,19.27509235699999,0.175179619278043
1785583368.8577108,19.280093846,0.1738408222723565
1785583368.8627117,19.285094743000002,0.1723411614055185
1785583368.8676782,19.290093047,0.17068266419809489
1785583368.8726811,19.295093073000004,0.16886536372643832
1785583368.8776805,19.300093155,0.16689135260877652
1785583368.8826787,19.305092162999998,0.16476284281078937
1785583368.887676,19.310092356,0.162480731379336
1785583368.8926737,19.315092863999993,0.16004735516073848
1785583368.897699,19.320091871999992,0.15746580138593694
1785583368.902679,19.325093213000002,0.15473634586064788
1785583368.9076772,19.330093535000003,0.15186319124345787
1785583368.9126751,19.335093005999994,0.1488488890611068
1785583368.9176736,19.340092458,0.1456956758479464
1785583368.9226782,19.345092465999997,0.14240600047188073
1785583368.9276762,19.350092882,0.13898288546853593
1785583368.9326732,19.355092518999996,0.13543024958953406
1785583368.9376779,19.360092823000002,0.13175028620746357
1785583368.9426768,19.365093330999997,0.12794664178198334
1785583368.94769,19.370091950000003,0.12402442653028546
1785583368.952672,19.375092995000003,0.11998380905581188
1785583368.957685,19.380090780000003,0.11583309571016638
1785583368.9626825,19.385093936000004,0.11156884559053389
1785583368.9677026,19.390093944,0.10720214993839704
1785583368.9726794,19.395093118999995,0.10273511644715422
1785583368.977674,19.400092607999994,0.09817083804274752
1785583368.9827204,19.405092948999993,0.09351298842812639
1785583368.9877186,19.410094216000005,0.08876574178394446
1785583368.9927118,19.41509518699999,0.08393462221385174
1785583368.9976797,19.420093805999997,0.07902614370441342
1785583369.0026822,19.425093868999994,0.07404114169243786
1785583369.0076797,19.430093118000002,0.06898646910944264
1785583369.0126755,19.435093441999996,0.06386489948974793
1785583369.0176725,19.440091635,0.058684490433993604
1785583369.0226758,19.445092551000002,0.05344501934911492
1785583369.0276775,19.450092412000004,0.04815529352552865
1785583369.0326755,19.455092234999995,0.042819184881964
1785583369.0376773,19.460091872999996,0.03744183305181633
1785583369.0426736,19.465092141,0.03202738127082952
1785583369.0477,19.470092907999998,0.026581025849019637
1785583369.0526812,19.475091917,0.02111033624294709
1785583369.0576744,19.480092202999998,0.015617126044408024
1785583369.0626755,19.485091248999993,0.01010931527264914
1785583369.0677025,19.490091645999996,0.0045892267499668985
1785583369.0726748,19.495091098999993,-0.0009354141954724684
1785583369.0776758,19.500092069999994,-0.0064621222270654964
1785583369.0826726,19.505098042,-0.011989523412858999
1785583369.0876749,19.510091884000005,-0.017493505704150692
1785583369.0926735,19.515092132999996,-0.022989310016569495
1785583369.097677,19.520091937999993,-0.02846418007128336
1785583369.102676,19.525091872000004,-0.03391355746959584
1785583369.107678,19.530092807000003,-0.03933321255458662
1785583369.1126757,19.535092019000004,-0.044715054135045944
1785583369.117712,19.540096637999994,-0.05006159149420041
1785583369.1227098,19.545094480000003,-0.055354740130155455
1785583369.1276782,19.550089932999995,-0.060594235440312366
1785583369.132677,19.555092664,-0.06578513640019941
1785583369.137682,19.560091208999992,-0.07091054041924338
1785583369.1426735,19.565092328999995,-0.07597250312194764
1785583369.1476898,19.5700923,-0.08096237884421263
1785583369.1526778,19.575093104999993,-0.08587736562050449
1785583369.1576788,19.580091038999996,-0.09070915176695968
1785583369.1626863,19.585093732999994,-0.09546041735589195
1785583369.1676745,19.590092315999996,-0.10011814877467977
1785583369.1727114,19.595092860999998,-0.10468356927324593
1785583369.177676,19.60009253599999,-0.10914965466474338
1785583369.182679,19.60509211899999,-0.11351280957183466
1785583369.1876726,19.610090608999997,-0.1177679732399674
1785583369.1926732,19.615092340000004,-0.12191463546247189
1785583369.1976738,19.620092348,-0.12594460156028012
1785583369.202674,19.625091986,-0.12985511194664606
1785583369.207671,19.630091995,-0.1336429331302303
1785583369.2126732,19.635092059,-0.137304109837953
1785583369.2176752,19.640092771,-0.14083546523287271
1785583369.2226975,19.645092871999992,-0.14423264532358668
1785583369.227675,19.650091992,-0.14749212446441948
1785583369.2326753,19.655092056,-0.15061194800686922
1785583369.2376764,19.66009049,-0.15358745959651485
1785583369.2426746,19.665092665000003,-0.15641881683699901
1785583369.2476926,19.670091487999997,-0.1590991778278644
1785583369.2526736,19.675092144999994,-0.16162871993135436
1785583369.2577481,19.680094190999995,-0.16400454105676165
1785583369.2627082,19.685093292000005,-0.16622227153514335
1785583369.26768,19.690088892999995,-0.16827973631200643
1785583369.2726789,19.695093419999992,-0.1701797072780801
1785583369.2776747,19.700090001999996,-0.1719138004768981
1785583369.2826781,19.705092511000004,-0.1734851491722508
1785583369.2876792,19.710090834,-0.174888869192495
1785583369.2926733,19.715092342999995,-0.17612561610801822
1785583369.2976744,19.720092592,-0.17719288910282827
1785583369.3028743,19.725092173999997,-0.17808976973913182
1785583369.3076863,19.730091404999996,-0.17881538695545232
1785583369.3127038,19.735100117,-0.1793698799813374
1785583369.317992,19.740324903,-0.1797635912833767
1785583369.3228772,19.745113116,-0.17995831912094432
1785583369.3278122,19.750111680000003,-0.1799918269646972
1785583369.3327584,19.755109929,-0.17985177862786503
1785583369.33774,19.760107808,-0.17953822800056565
1785583369.3427763,19.76511616799999,-0.17905015246364983
1785583369.3477852,19.770094973,-0.17839279530146024
1785583369.352636,19.775082352,-0.17756272613033858
1785583369.357574,19.780075804999996,-0.17656028787891048
1785583369.3626528,19.785087942999994,-0.17538252903031762
1785583369.367697,19.790134135999992,-0.1740241624149209
1785583369.372762,19.795103552,-0.17251838995691127
1785583369.3777854,19.80016567199999,-0.17081442807819602
1785583369.3827057,19.805093439999993,-0.16899228284713216
1785583369.387714,19.810094745,-0.16697977645849588
1785583369.392707,19.815094678999998,-0.16480534406156835
1785583369.3976986,19.820092391000003,-0.1624715296316138
1785583369.4027143,19.825092696,-0.15997822471498732
1785583369.4077024,19.830092277999995,-0.15732930819381183
1785583369.4127345,19.835092898,-0.15452630186667698
1785583369.417708,19.840093776999993,-0.15157220500485505
1785583369.422707,19.845092988999994,-0.14847098996502459
1785583369.4277,19.850092645999993,-0.14522431888935594
1785583369.4327002,19.855092395,-0.1418354603634084
1785583369.4377027,19.860094015,-0.1383063319474425
1785583369.4426954,19.865092689999997,-0.1346437203021092
1785583369.4477155,19.870092383,-0.1308482798696558
1785583369.452729,19.875092891999998,-0.1269237049780265
1785583369.4576967,19.880092863,-0.12287479084109548
1785583369.462694,19.885092094,-0.11870561706845086
1785583369.4676938,19.890091842999993,-0.1144191334114554
1785583369.4726987,19.89509287,-0.11001873701015161
1785583369.4777234,19.900092453,-0.10551105409307207
1785583369.4827,19.905092443,-0.10089878608437426
1785583369.4877012,19.910093359,-0.09618585742937343
1785583369.492694,19.915092497000003,-0.09137938745597478
1785583369.497698,19.920092431,-0.08648157368388436
1785583369.5026958,19.92509244,-0.08149783723709024
1785583369.5076957,19.930092725999998,-0.07643279659147569
1785583369.5126991,19.935092678999993,-0.0712919845193478
1785583369.5176966,19.940092223999997,-0.06608048790602149
1785583369.5226963,19.945092622000004,-0.060802052260371026
1785583369.5276947,19.950092001,-0.0554637957190561
1785583369.5326931,19.955092230999995,-0.050068930055515735
1785583369.5377235,19.960091813999995,-0.04462433334601651
1785583369.5427,19.965092432999995,-0.03913348946677282
1785583369.5477169,19.970092089999994,-0.03360396307475903
1785583369.5526934,19.975092339,-0.028039457551946555
1785583369.5577278,19.980092310999993,-0.022446393947391435
1785583369.562694,19.985093003999992,-0.016829145285038528
1785583369.5676937,19.990092512999993,-0.01119537534921429
1785583369.5726955,19.995092835999998,-0.005548379967723389
